doc_id,start_pos,end_pos,surface,gt_id,type,identifier,title,answer,score
hidden_test_fr_1,279,297,Ernest la Jeunesse,Q3732124,PER,Q3732124,Ernest La Jeunesse,"```json {""wikipedia_page"":""Ernest La Jeunesse"", ""wikidata_id"":""Q3732124""} ```",26.120695114135742
hidden_test_fr_2,192,211,sergent AndreSteuer,NIL,PER,NIL,sergent AndreSteuer,"```json { ""wikipedia_page"":""NIL"", ""wikidata_id"":""NIL"" } ```",0
hidden_test_fr_2,228,252,sergent François Ro¬mans,NIL,PER,NIL,sergent François Ro¬mans,"```json {""wikipedia_page"":""NIL"", ""wikidata_id"":""NIL""} ```",0
hidden_test_fr_2,637,645,Antilles,Q166131,LOC,Q166131,Antilles,"```json { ""wikipedia_page"": ""Antilles"", ""wikidata_id"": ""Q166131"" } ```",18.875835418701172
hidden_test_fr_2,693,701,st-James,Q3030726,ORG,Q3030726,distillerie Saint-James,"```json {""wikipedia_page"":""distillerie Saint-James"", ""wikidata_id"":""Q3030726""} ```",13.775276184082031
hidden_test_fr_2,1010,1018,St James,Q3030726,ORG,Q3030726,distillerie Saint-James,"```json {""wikipedia_page"": ""distillerie Saint-James"", ""wikidata_id"": ""Q3030726""} ```",18.15184211730957
hidden_test_fr_2,1121,1129,St James,Q3030726,ORG,Q3030726,distillerie Saint-James,"```json { ""wikipedia_page"": ""distillerie Saint-James"", ""wikidata_id"": ""Q3030726"" } ```",16.474056243896484
hidden_test_fr_2,1208,1214,Europe,Q46,LOC,Q46,Europe,"```json {""wikipedia_page"":""Europe"", ""wikidata_id"":""Q46""} ```",26.074602127075195
hidden_test_fr_2,1396,1434,"Mme EmilienHannoque, née Denise Vaquez",NIL,PER,NIL,"Mme EmilienHannoque, née Denise Vaquez","```json {""wikipedia_page"":"""", ""wikidata_id"":""NIL""} ```",0
hidden_test_fr_2,1445,1505,"M. AI¬bert Vaquez, ancien président de la Société« La Soie »",NIL,PER,NIL,"M. AI¬bert Vaquez, ancien président de la Société« La Soie »","```json {""wikipedia_page"":"""", ""wikidata_id"":""NIL""} ```",0
hidden_test_fr_2,1563,1580,professeur Vaquez,NIL,PER,NIL,professeur Vaquez,"```json { ""wikipedia_page"": ""NIL"", ""wikidata_id"": ""NIL"" } ```",0
hidden_test_fr_2,1616,1637,église de L'Isle¬Adam,Q3582807,ORG,Q3582807,église Saint-Martin de L'Isle-Adam,"```json {""wikipedia_page"": ""église Saint-Martin de L'Isle-Adam"", ""wikidata_id"": ""Q3582807""} ```",25.9290771484375
hidden_test_fr_2,1707,1713,Mériel,Q1457512,LOC,Q1457512,Mériel,"```json {""wikipedia_page"":""Mériel"", ""wikidata_id"":""Q1457512""} ```",24.35757064819336
hidden_test_fr_2,1849,1868,M. Gaston Doumergue,Q296064,PER,Q296064,Gaston Doumergue,"```json { ""wikipedia_page"": ""Gaston Doumergue"", ""wikidata_id"": ""Q296064"" } ```",28.670949935913086
hidden_test_fr_2,1881,1896,Palais-Bour¬bon,Q936633,LOC,Q936633,palais Bourbon,"```json {""wikipedia_page"":""palais Bourbon"", ""wikidata_id"":""Q936633""} ```",26.431869506835938
hidden_test_fr_2,1928,1946,Chambredes députés,Q320283,ORG,Q320283,Chambre des députés,"```json {""wikipedia_page"":""Chambre des députés"", ""wikidata_id"":""Q320283""} ```",25.44948959350586
hidden_test_fr_2,2049,2082,"M. Steeg, gouverneur de l'Algérie",Q717905,PER,Q717905,Théodore Steeg,"```json { ""wikipedia_page"": ""Théodore Steeg"", ""wikidata_id"": ""Q717905"" } ```",16.306955337524414
hidden_test_fr_2,2157,2171,Halle aux Vins,Q3126085,LOC,Q3126085,Halle aux vins de Paris,"```json {""wikipedia_page"":""Halle aux vins de Paris"", ""wikidata_id"":""Q3126085""} ```",23.328969955444336
hidden_test_fr_2,2173,2186,M. Henri Crag,NIL,PER,NIL,M. Henri Crag,"```json {""wikipedia_page"":""NIL"", ""wikidata_id"":""NIL""} ```",0
hidden_test_fr_2,2360,2369,M. Ménard,NIL,PER,NIL,M. Ménard,"```json {""wikipedia_page"":""NIL"", ""wikidata_id"":""NIL""} ```",0
hidden_test_fr_2,2373,2383,Blancfossé,Q281546,LOC,Q281546,Blancfossé,"```json {""wikipedia_page"":""Blancfossé"", ""wikidata_id"":""Q281546""} ```",28.368898391723633
hidden_test_fr_2,2675,2680,Œuvre,Q1880717,PROD,Q1880717,L'Œuvre,"```json {""wikipedia_page"": ""L'Œuvre"", ""wikidata_id"": ""Q1880717""} ```",6.152453422546387
hidden_test_fr_2,2682,2691,Compiègne,Q180871,LOC,Q180871,Compiègne,"```json { ""wikipedia_page"": ""Compiègne"", ""wikidata_id"": ""Q180871"" } ```",27.370256423950195
hidden_test_fr_2,2851,2865,"76, rue Carnot",NIL,LOC,NIL,"76, rue Carnot","```json {""wikipedia_page"":"""",""wikidata_id"":""NIL""} ```",0
hidden_test_fr_2,2869,2878,Compiègne,Q180871,LOC,Q180871,Compiègne,"```json {""wikipedia_page"":""Compiègne"", ""wikidata_id"":""Q180871""} ```",26.728759765625
hidden_test_fr_2,2881,2886,Œuvre,Q1880717,PROD,Q1880717,L'Œuvre,"```json {""wikipedia_page"": ""L'Œuvre"", ""wikidata_id"": ""Q1880717""} ```",8.343838691711426
hidden_test_fr_2,2888,2897,Mirecourt,Q659969,LOC,Q659969,Mirecourt,"```json {""wikipedia_page"":""Mirecourt"", ""wikidata_id"":""Q659969""} ```",30.533981323242188
hidden_test_fr_2,2926,2935,Hen¬nezel,Q593153,LOC,Q593153,Hennezel,"```json {""wikipedia_page"": ""Hennezel"", ""wikidata_id"": ""Q593153""} ```",28.875625610351562
hidden_test_fr_2,2937,2959,"Henri Menier, bûcheron",NIL,PER,NIL,"Henri Menier, bûcheron","```json {""wikipedia_page"":""NIL"", ""wikidata_id"":""NIL""} ```",0
hidden_test_fr_2,3084,3089,Œuvre,Q1880717,PROD,Q1880717,L'Œuvre,"```json {""wikipedia_page"": ""L'Œuvre"", ""wikidata_id"": ""Q1880717""} ```",6.793704986572266
hidden_test_fr_2,3091,3101,Draguignan,Q194141,LOC,Q194141,Draguignan,"```json {""wikipedia_page"":""Draguignan"", ""wikidata_id"":""Q194141""} ```",35.66117858886719
hidden_test_fr_2,3308,3315,Tou¬lon,Q44160,LOC,Q44160,Toulon,"```json {""wikipedia_page"": ""Toulon"", ""wikidata_id"": ""Q44160""} ```",32.623626708984375
hidden_test_fr_2,3412,3417,Brest,Q12193,LOC,Q12193,Brest,"```json {""wikipedia_page"":""Brest"", ""wikidata_id"":""Q12193""} ```",29.272178649902344
hidden_test_fr_2,3565,3570,Œuvre,Q1880717,PROD,Q1880717,L'Œuvre,"```json { ""wikipedia_page"": ""L'Œuvre"", ""wikidata_id"": ""Q1880717"" } ```",8.521976470947266
hidden_test_fr_2,3572,3622,"M. Labarthe, rédacteur en chef du RéveilEconomique",NIL,PER,NIL,"M. Labarthe, rédacteur en chef du RéveilEconomique","```json { ""wikipedia_page"": ""NIL"", ""wikidata_id"": ""NIL"" } ```",0
hidden_test_fr_3,130,140,Luxembourg,Q32,LOC,Q32,Luxembourg,"```json {""wikipedia_page"":""Luxembourg"", ""wikidata_id"":""Q32""} ```",20.56899070739746
hidden_test_fr_3,409,435,Hôteldes Sociétés savantes,Q25394124,LOC,Q25394124,hôtel des sociétés savantes,"```json {""wikipedia_page"":""hôtel des sociétés savantes"", ""wikidata_id"":""Q25394124""} ```",26.734310150146484
hidden_test_fr_3,598,642,grande-duchesse Marie¬Adélaïde de Luxembourg,Q159075,PER,Q159075,"Grande-Duchesse Marie-Adélaïde I, Grande-Duchesse de Luxembourg","```json {""wikipedia_page"": ""Grande-Duchesse Marie-Adélaïde I, Grande-Duchesse de Luxembourg"", ""wikidata_id"":""Q159075""} ```",26.607383728027344
hidden_test_fr_3,666,683,M. Funck-Brentano,Q1445752,PER,Q1445752,Frantz Funck-Brentano,"```json {""wikipedia_page"":""Frantz Funck-Brentano"", ""wikidata_id"":""Q1445752""} ```",26.96343421936035
hidden_test_fr_3,761,771,Luxembourg,Q32,LOC,Q32,Luxembourg,"```json {""wikipedia_page"":""Luxembourg"", ""wikidata_id"":""Q32""} ```",22.02057647705078
hidden_test_fr_3,1114,1121,Antonia,Q266142,PER,Q266142,Antonia de Luxembourg,"```json {""wikipedia_page"":""Antonia de Luxembourg"", ""wikidata_id"":""Q266142""} ```",25.771465301513672
hidden_test_fr_3,1130,1155,prince Ruprecht deBavière,Q44893,PER,Q44893,Rupprecht de Bavière,"```json {""wikipedia_page"":""Rupprecht de Bavière"", ""wikidata_id"":""Q44893""} ```",24.341625213623047
hidden_test_fr_3,1309,1323,Marie-Adélaïde,Q159075,PER,Q159075,"Grande-Duchesse Marie-Adélaïde I, Grande-Duchesse de Luxembourg","```json { ""wikipedia_page"": ""Grande-Duchesse Marie-Adélaïde I, Grande-Duchesse de Luxembourg"", ""wikidata_id"": ""Q159075"" } ```",27.20746421813965
hidden_test_fr_3,1580,1586,France,Q142,LOC,Q142,France,"```json {""wikipedia_page"":""France"", ""wikidata_id"":""Q142""} ```",18.9374942779541
hidden_test_fr_3,1862,1868,France,Q142,LOC,Q142,France,"```json { ""wikipedia_page"": ""France"", ""wikidata_id"": ""Q142"" } ```",20.277101516723633
hidden_test_fr_3,1996,2002,France,Q142,LOC,Q142,France,"```json {""wikipedia_page"":""France"", ""wikidata_id"":""Q142""} ```",20.709108352661133
hidden_test_fr_3,2170,2180,Zollverein,Q155707,ORG,Q155707,Zollverein,"```json {""wikipedia_page"": ""Zollverein"", ""wikidata_id"": ""Q155707""} ```",20.0651912689209
hidden_test_fr_3,2228,2234,France,Q142,LOC,Q142,France,"```json {""wikipedia_page"":""France"", ""wikidata_id"":""Q142""} ```",19.801523208618164
hidden_test_fr_3,2299,2316,bassinde la Sarre,Q170361,LOC,Q170361,Territoire du Bassin de la Sarre,"```json {""wikipedia_page"": ""Territoire du Bassin de la Sarre"", ""wikidata_id"": ""Q170361""} ```",14.001531600952148
hidden_test_fr_3,2524,2529,Paris,Q90,LOC,Q90,Paris,"```json {""wikipedia_page"":""Paris"", ""wikidata_id"":""Q90""} ```",20.3215389251709
hidden_test_fr_3,2602,2623,canal Briey-Dunkerque,NIL,LOC,NIL,canal Briey-Dunkerque,"```json {""wikipedia_page"":""NIL"", ""wikidata_id"":""NIL""} ```",0
hidden_test_fr_3,3088,3094,France,Q142,LOC,Q142,France,"```json {""wikipedia_page"":""France"", ""wikidata_id"":""Q142""} ```",22.779151916503906
hidden_test_fr_3,3381,3387,France,Q142,LOC,Q142,France,"```json {""wikipedia_page"":""France"", ""wikidata_id"":""Q142""} ```",22.28889274597168
hidden_test_fr_3,3390,3402,HENRI SIMONI,NIL,PER,NIL,HENRI SIMONI,"```json {""wikipedia_page"":""NIL"", ""wikidata_id"":""NIL""} ```",0
hidden_test_fr_3,3420,3427,Chambre,Q320283,ORG,Q320283,Chambre des députés,"```json {""wikipedia_page"":""Chambre des députés"", ""wikidata_id"":""Q320283""} ```",15.002012252807617
hidden_test_fr_3,3653,3677,"M. Clemenceau, vu de dos",Q171730,PER,Q171730,Georges Clemenceau,"```json {""wikipedia_page"":""Georges Clemenceau"", ""wikidata_id"":""Q171730""} ```",17.991640090942383
hidden_test_fr_3,3716,3753,"M. Matout seul, tout mince, tout noir",NIL,PER,NIL,"M. Matout seul, tout mince, tout noir","```json {""wikipedia_page"":""NIL"", ""wikidata_id"":""NIL""} ```",0
hidden_test_fr_3,3768,3778,M. Noulens,Q3185419,PER,Q3185419,Joseph Noulens,"```json {""wikipedia_page"":""Joseph Noulens"", ""wikidata_id"":""Q3185419""} ```",25.442276000976562
hidden_test_fr_3,3842,3854,M. Deschanel,Q309995,PER,Q309995,Paul Deschanel,"```json {""wikipedia_page"":""Paul Deschanel"", ""wikidata_id"":""Q309995""} ```",32.480655670166016
hidden_test_fr_3,4078,4110,"M. Jules Sien¬fried, doyen d'âge",Q3188910,PER,Q3188910,Jules Siegfried,"```json {""wikipedia_page"":""Jules Siegfried"", ""wikidata_id"":""Q3188910""} ```",16.734888076782227
hidden_test_fr_3,4112,4130,M. Jules Siegfried,Q3188910,PER,Q3188910,Jules Siegfried,"```json {""wikipedia_page"":""Jules Siegfried"", ""wikidata_id"":""Q3188910""} ```",22.538745880126953
hidden_test_fr_3,4385,4403,M. Jules Siegfried,Q3188910,PER,Q3188910,Jules Siegfried,"```json {""wikipedia_page"":""Jules Siegfried"", ""wikidata_id"":""Q3188910""} ```",20.057945251464844
hidden_test_fr_3,4570,4585,Alsace-Lorraine,Q155144,LOC,Q155144,Alsace-Lorraine,"```json {""wikipedia_page"": ""Alsace-Lorraine"", ""wikidata_id"": ""Q155144""} ```",15.63055419921875
hidden_test_fr_4,170,178,Bulgarie,Q219,LOC,Q219,Bulgarie,"```json {""wikipedia_page"":""Bulgarie"", ""wikidata_id"":""Q219""} ```",22.58243179321289
hidden_test_fr_4,334,339,Sofia,Q472,LOC,Q472,Sofia,"```json {""wikipedia_page"":""Sofia"", ""wikidata_id"":""Q472""} ```",21.01020050048828
hidden_test_fr_4,375,384,Macédoine,Q103251,LOC,Q103251,Macédoine,"```json {""wikipedia_page"":""Macédoine"",""wikidata_id"":""Q103251""} ```",20.978872299194336
hidden_test_fr_4,1079,1084,Sofia,Q472,LOC,Q472,Sofia,"```json {""wikipedia_page"":""Sofia"", ""wikidata_id"":""Q472""} ```",28.118579864501953
hidden_test_fr_4,1723,1748,Grands Moulins de Corbeil,Q973160,ORG,Q973160,grands moulins de Corbeil,"```json { ""wikipedia_page"": ""grands moulins de Corbeil"", ""wikidata_id"": ""Q973160"" } ```",25.42915916442871
hidden_test_fr_4,1881,1918,Société des Grands Moulins de Corbeil,Q973160,ORG,Q973160,grands moulins de Corbeil,"```json {""wikipedia_page"":""grands moulins de Corbeil"", ""wikidata_id"":""Q973160""} ```",24.713340759277344
hidden_test_fr_4,2370,2376,France,Q142,LOC,Q142,France,"```json {""wikipedia_page"":""France"", ""wikidata_id"":""Q142""} ```",19.87128257751465
hidden_test_fr_4,2420,2430,Strasbourg,Q6602,LOC,Q6602,Strasbourg,"```json {""wikipedia_page"":""Strasbourg"", ""wikidata_id"":""Q6602""} ```",26.812299728393555
hidden_test_fr_4,2819,2825,Alsace,Q1142,LOC,Q1142,Alsace,"```json {""wikipedia_page"":""Alsace"", ""wikidata_id"":""Q1142""} ```",23.53596305847168
hidden_test_fr_4,3941,3950,Charles X,Q7758,PER,Q7758,Charles X,"```json { ""wikipedia_page"": ""Charles X"", ""wikidata_id"": ""Q7758"" } ```",20.347829818725586
hidden_test_fr_5,35,44,Jan¬nings,Q77181,PER,Q77181,Emil Jannings,"```json {""wikipedia_page"":""Emil Jannings"", ""wikidata_id"":""Q77181""} ```",12.039576530456543
hidden_test_fr_5,162,167,CORSO,NIL,LOC,NIL,CORSO,"```json {""wikipedia_page"":""NIL"", ""wikidata_id"":""NIL""} ```",0
hidden_test_fr_5,333,343,CAPUCINES.,Q3527747,LOC,Q3527747,théâtre des Capucines,"```json {""wikipedia_page"": ""théâtre des Capucines"", ""wikidata_id"": ""Q3527747""} ```",8.430436134338379
hidden_test_fr_5,373,387,GAUMONT-PALACE,Q3099447,LOC,Q3099447,Gaumont-Palace,"```json {""wikipedia_page"":""Gaumont-Palace"", ""wikidata_id"":""Q3099447""} ```",20.21222686767578
hidden_test_fr_5,517,531,STUDIO DIAMANT,NIL,LOC,NIL,STUDIO DIAMANT,"```json {""wikipedia_page"":"""", ""wikidata_id"":""NIL""} ```",0
hidden_test_fr_5,545,553,Bancroft,NIL,PER,NIL,Bancroft,"```json {""wikipedia_page"":""NIL"", ""wikidata_id"":""NIL""} ```",0
hidden_test_fr_5,670,680,Gina Manès,Q1345292,PER,Q1345292,Gina Manès,"```json {""wikipedia_page"":""Gina Manès"", ""wikidata_id"":""Q1345292""} ```",29.53362274169922
hidden_test_fr_5,682,693,Lars Hanson,Q1806230,PER,Q1806230,Lars Hanson,"```json {""wikipedia_page"":""Lars Hanson"", ""wikidata_id"":""Q1806230""} ```",26.158493041992188
hidden_test_fr_5,695,719,"STUDIO 28 10, r. Tholoze",Q3500949,LOC,Q3500949,Studio 28,"```json {""wikipedia_page"":""Studio 28"", ""wikidata_id"":""Q3500949""} ```",15.113907814025879
hidden_test_fr_5,724,730,Méliès,Q152272,PER,Q152272,Georges Méliès,"```json {""wikipedia_page"":""Georges Méliès"", ""wikidata_id"":""Q152272""} ```",20.420944213867188
hidden_test_fr_5,750,760,J. Epstein,Q456968,PER,Q456968,Jean Epstein,"```json {""wikipedia_page"": ""Jean Epstein"", ""wikidata_id"": ""Q456968""} ```",34.13862609863281
hidden_test_fr_5,828,847,ŒIL DE PARIS CINEMA,NIL,LOC,NIL,ŒIL DE PARIS CINEMA,"```json {""wikipedia_page"":""NIL"", ""wikidata_id"":""NIL""} ```",0
hidden_test_fr_5,883,892,URSULINES,Q3501027,LOC,Q3501027,Studio des Ursulines,"```json {""wikipedia_page"":""Studio des Ursulines"", ""wikidata_id"":""Q3501027""} ```",17.41356658935547
hidden_test_fr_5,1194,1199,Paris,Q90,LOC,Q90,Paris,"```json {""wikipedia_page"":""Paris"", ""wikidata_id"":""Q90""} ```",22.66417694091797
hidden_test_fr_5,1411,1425,Seine¬et-Marne,Q12753,LOC,Q12753,Seine-et-Marne,"```json { ""wikipedia_page"": ""Seine-et-Marne"", ""wikidata_id"": ""Q12753"" } ```",26.59613037109375
hidden_test_fr_5,1668,1673,Paris,Q90,LOC,Q90,Paris,"```json {""wikipedia_page"": ""Paris"", ""wikidata_id"": ""Q90""} ```",22.74359703063965
hidden_test_fr_5,1833,1848,"Paris, 15e arr.",Q191066,LOC,Q191066,15e arrondissement de Paris,"```json {""wikipedia_page"":""15e arrondissement de Paris"", ""wikidata_id"":""Q191066""} ```",17.35628318786621
hidden_test_fr_5,2066,2071,Paris,Q90,LOC,Q90,Paris,"```json {""wikipedia_page"":""Paris"", ""wikidata_id"":""Q90""} ```",21.8861083984375
hidden_test_fr_5,2357,2362,PARIS,Q90,LOC,Q90,Paris,"```json {""wikipedia_page"":""Paris"",""wikidata_id"":""Q90""} ```",23.46607208251953
hidden_test_fr_5,3192,3200,Calvados,Q3249,LOC,Q3249,Calvados,"```json {""wikipedia_page"":""Calvados"", ""wikidata_id"":""Q3249""} ```",21.026527404785156
hidden_test_fr_5,3714,3727,Seine-et-Oise,Q979470,LOC,Q979470,Seine-et-Oise,"```json {""wikipedia_page"":""Seine-et-Oise"", ""wikidata_id"":""Q979470""} ```",27.58171272277832
hidden_test_fr_5,4103,4108,Paris,Q90,LOC,Q90,Paris,"```json {""wikipedia_page"": ""Paris"", ""wikidata_id"": ""Q90""} ```",22.02168083190918
hidden_test_fr_5,4393,4404,Mme Lemaire,NIL,PER,NIL,Mme Lemaire,"```json {""wikipedia_page"":""NIL"", ""wikidata_id"":""NIL""} ```",0
hidden_test_fr_5,4483,4509,Liguedes Droits de l'Homme,Q1429947,ORG,Q1429947,Ligue des droits de l'homme,"```json {""wikipedia_page"":""Ligue des droits de l'homme"", ""wikidata_id"":""Q1429947""} ```",33.02070617675781
hidden_test_fr_5,4543,4550,Fresnes,Q5503154,LOC,Q5503154,centre pénitentiaire de Fresnes,"```json {""wikipedia_page"": ""centre pénitentiaire de Fresnes"", ""wikidata_id"": ""Q5503154""} ```",21.079345703125
hidden_test_fr_5,4630,4637,Fresnes,Q5503154,LOC,Q5503154,centre pénitentiaire de Fresnes,"```json {""wikipedia_page"":""centre pénitentiaire de Fresnes"", ""wikidata_id"":""Q5503154""} ```",23.86872673034668
hidden_test_fr_6,270,277,Pologne,Q36,LOC,Q36,Pologne,"```json {""wikipedia_page"":""Pologne"", ""wikidata_id"":""Q36""} ```",23.25796890258789
hidden_test_fr_6,351,363,maréchPétain,Q5721,PER,Q5721,Philippe Pétain,"```json {""wikipedia_page"": ""Philippe Pétain"", ""wikidata_id"": ""Q5721""} ```",16.327682495117188
hidden_test_fr_6,373,392,Académie des Scienc,Q188771,ORG,Q188771,Académie des sciences,"```json {""wikipedia_page"": ""Académie des sciences"", ""wikidata_id"": ""Q188771""} ```",22.69573402404785
hidden_test_fr_6,1415,1443,"président, M. Emile Bourgeoi",NIL,PER,NIL,"président, M. Emile Bourgeoi","```json {""wikipedia_page"":""NIL"", ""wikidata_id"":""NIL""} ```",0
hidden_test_fr_6,1530,1553,Académie des Beaux-Arts,Q337531,ORG,Q337531,Académie des beaux-arts,"```json {""wikipedia_page"": ""Académie des beaux-arts"", ""wikidata_id"": ""Q337531""} ```",30.816699981689453
hidden_test_fr_6,1586,1599,gretté Friant,Q207755,PER,Q207755,Émile Friant,"```json {""wikipedia_page"":""Émile Friant"", ""wikidata_id"":""Q207755""} ```",11.184219360351562
hidden_test_fr_6,1722,1739,Conseil municipal,Q13217279,ORG,Q13217279,conseil municipal de Paris,"```json {""wikipedia_page"":""conseil municipal de Paris"", ""wikidata_id"":""Q13217279""} ```",19.801029205322266
hidden_test_fr_6,1757,1762,Paris,Q90,LOC,Q90,Paris,"```json {""wikipedia_page"":""Paris"", ""wikidata_id"":""Q90""} ```",17.350954055786133
hidden_test_fr_6,1775,1817,Charles Girault l'architecte du PetiPalais,Q1064558,PER,Q1064558,Charles Girault,"```json {""wikipedia_page"": ""Charles Girault"", ""wikidata_id"": ""Q1064558""} ```",27.58045768737793
hidden_test_fr_6,1874,1889,colonel Bouscat,Q3425914,PER,Q3425914,René Bouscat,"```json {""wikipedia_page"": ""René Bouscat"", ""wikidata_id"": ""Q3425914""} ```",21.323759078979492
hidden_test_fr_6,1921,1928,Bibesco,NIL,PER,NIL,Bibesco,"```json {""wikipedia_page"":""NIL"", ""wikidata_id"":""NIL""} ```",0
hidden_test_fr_6,1939,1943,Lyon,Q456,LOC,Q456,Lyon,"```json {""wikipedia_page"": ""Lyon"", ""wikidata_id"": ""Q456""} ```",23.980304718017578
hidden_test_fr_6,1979,1994,canal de Jonage,Q8565,LOC,Q8565,canal de Jonage,"```json { ""wikipedia_page"": ""canal de Jonage"", ""wikidata_id"": ""Q8565"" } ```",23.02949333190918
hidden_test_fr_6,2088,2093,Rouen,Q30974,LOC,Q30974,Rouen,"```json {""wikipedia_page"": ""Rouen"", ""wikidata_id"": ""Q30974""} ```",25.443496704101562
hidden_test_fr_6,2763,2768,Paris,Q90,LOC,Q90,Paris,"```json {""wikipedia_page"":""Paris"", ""wikidata_id"":""Q90""} ```",20.474210739135742
hidden_test_fr_6,4469,4478,Normandie,Q18677875,LOC,Q18677875,Normandie,"```json {""wikipedia_page"":""Normandie"", ""wikidata_id"":""Q18677875""} ```",19.367403030395508
hidden_test_fr_6,4500,4508,Charente,Q3266,LOC,Q3266,Charente,"```json {""wikipedia_page"":""Charente"",""wikidata_id"":""Q3266""} ```",20.42253303527832
hidden_test_fr_6,4510,4516,Poitou,Q954076,LOC,Q954076,Poitou,"```json {""wikipedia_page"":""Poitou"", ""wikidata_id"":""Q954076""} ```",20.175228118896484
hidden_test_fr_6,4518,4526,Touraine,Q605051,LOC,Q605051,Touraine,"```json {""wikipedia_page"":""Touraine"", ""wikidata_id"":""Q605051""} ```",22.936010360717773
hidden_test_fr_6,4604,4612,Picardie,Q13950,LOC,Q13950,Picardie,"```json {""wikipedia_page"":""Picardie"", ""wikidata_id"":""Q13950""} ```",19.625507354736328
hidden_test_fr_6,4760,4768,Hollande,Q102911,LOC,Q102911,Hollande,"```json {""wikipedia_page"":""Hollande"", ""wikidata_id"":""Q102911""} ```",19.16243553161621
hidden_test_fr_6,4998,5003,Havre,Q42810,LOC,Q42810,Le Havre,"```json { ""wikipedia_page"": ""Le Havre"", ""wikidata_id"": ""Q42810"" } ```",21.342662811279297
hidden_test_fr_6,5483,5516,Imp de lO'ure » rue Lous-lecranit,NIL,LOC,NIL,Imp de lO'ure » rue Lous-lecranit,"```json {""wikipedia_page"":"""", ""wikidata_id"":""NIL""} ```",0
hidden_test_fr_6,5527,5537,F. POTIGUY,NIL,PER,NIL,F. POTIGUY,"```json {""wikipedia_page"":""NIL"", ""wikidata_id"":""NIL""} ```",0
hidden_test_fr_6,5544,5569,avenue des Champs-Elysées,Q550,LOC,Q550,avenue des Champs-Élysées,"```json { ""wikipedia_page"": ""avenue des Champs-Élysées"", ""wikidata_id"": ""Q550"" } ```",22.38051414489746
hidden_test_fr_6,5633,5654,Tardieu-le-Magnifique,Q346648,PER,Q346648,André Tardieu,"```json { ""wikipedia_page"": ""André Tardieu"", ""wikidata_id"": ""Q346648"" } ```",22.476966857910156
hidden_test_fr_6,5664,5673,Locatelli,NIL,PER,NIL,Locatelli,"```json {""wikipedia_page"":""NIL"", ""wikidata_id"":""NIL""} ```",0
hidden_test_fr_6,5675,5682,Kouidri,NIL,PER,NIL,Kouidri,"```json { ""wikipedia_page"": """", ""wikidata_id"": ""NIL"" } ```",0
hidden_test_fr_6,5804,5809,Troie,Q22647,LOC,Q22647,Troie,"```json {""wikipedia_page"": ""Troie"", ""wikidata_id"": ""Q22647""} ```",22.095577239990234
hidden_test_fr_6,6014,6039,signor Telesio Interlandi,Q3982955,PER,Q3982955,Telesio Interlandi,"```json {""wikipedia_page"": ""Telesio Interlandi"", ""wikidata_id"": ""Q3982955""} ```",16.348098754882812
hidden_test_fr_6,6243,6253,Mont¬Blanc,Q583,LOC,Q583,mont Blanc,"```json {""wikipedia_page"":""mont Blanc"", ""wikidata_id"":""Q583""} ```",14.52893352508545
hidden_test_fr_7,77,88,Coulommiers,Q251731,LOC,Q251731,Coulommiers,"```json {""wikipedia_page"": ""Coulommiers"", ""wikidata_id"": ""Q251731""} ```",17.916629791259766
hidden_test_fr_7,143,149,Rebais,Q840728,LOC,Q840728,Rebais,"```json {""wikipedia_page"":""Rebais"", ""wikidata_id"":""Q840728""} ```",17.864486694335938
hidden_test_fr_7,151,174,La Ferré-oRozoy-en-Brie,Q1456273,LOC,Q1456273,Rozay-en-Brie,"```json {""wikipedia_page"":""Rozay-en-Brie"", ""wikidata_id"":""Q1456273""} ```",11.969326972961426
hidden_test_fr_8,121,126,Paris,Q90,LOC,Q90,Paris,"```json {""wikipedia_page"":""Paris"",""wikidata_id"":""Q90""} ```",16.446197509765625
hidden_test_fr_8,276,285,A. Martel,NIL,PER,NIL,A. Martel,"```json {""wikipedia_page"":""NIL"", ""wikidata_id"":""NIL""} ```",0
hidden_test_fr_8,326,335,Arc 31-92,NIL,LOC,NIL,Arc 31-92,"```json {""wikipedia_page"":""NIL"", ""wikidata_id"":""NIL""} ```",0
hidden_test_fr_8,383,397,RUEL (Artisan),NIL,PER,NIL,RUEL (Artisan),"```json {""wikipedia_page"":"""", ""wikidata_id"":""NIL""} ```",0
hidden_test_fr_8,516,522,Œ.3821,NIL,LOC,NIL,Œ.3821,"```json { ""wikipedia_page"": ""NIL"", ""wikidata_id"": ""NIL"" } ```",0
hidden_test_fr_8,930,943,VOTRE AMICALE,NIL,ORG,NIL,VOTRE AMICALE,"```json {""wikipedia_page"":"""", ""wikidata_id"":""NIL""} ```",0
hidden_test_fr_8,992,997,Paris,Q90,LOC,Q90,Paris,"```json {""wikipedia_page"":""Paris"", ""wikidata_id"":""Q90""} ```",14.736958503723145
hidden_test_fr_8,1108,1114,Hutton,NIL,PER,NIL,Hutton,"```json {""wikipedia_page"":""NIL"", ""wikidata_id"":""NIL""} ```",0
hidden_test_fr_8,1116,1131,"16, r. Pavée-4e",NIL,LOC,NIL,"16, r. Pavée-4e","```json {""wikipedia_page"": ""NIL"", ""wikidata_id"": ""NIL""} ```",0
hidden_test_fr_8,1324,1331,MºCadet,NIL,PER,NIL,MºCadet,"```json { ""wikipedia_page"":""NIL"", ""wikidata_id"":""NIL"" } ```",0
hidden_test_fr_8,1388,1394,Pa¬ris,Q90,LOC,Q90,Paris,"```json {""wikipedia_page"":""Paris"", ""wikidata_id"":""Q90""} ```",19.117454528808594
hidden_test_fr_8,1441,1454,Mme DE RUSSEL,NIL,PER,NIL,Mme DE RUSSEL,"```json {""wikipedia_page"":"""", ""wikidata_id"":""NIL""} ```",0
hidden_test_fr_8,1507,1512,ŒUVRE,Q1880717,ORG,Q1880717,L'Œuvre,"```json { ""wikipedia_page"": ""L'Œuvre"", ""wikidata_id"": ""Q1880717"" } ```",6.481781005859375
hidden_test_fr_9,639,648,Marcienne,NIL,PER,NIL,Marcienne,"```json {""wikipedia_page"":""NIL"", ""wikidata_id"":""NIL""} ```",0
hidden_test_fr_9,879,887,Philippe,NIL,PER,NIL,Philippe,"```json { ""wikipedia_page"": ""NIL"", ""wikidata_id"": ""NIL"" } ```",0
hidden_test_fr_9,1603,1611,Philippe,NIL,PER,NIL,Philippe,"```json {""wikipedia_page"":"""",""wikidata_id"":""NIL""} ```",0
hidden_test_fr_9,2288,2296,Philippe,NIL,PER,NIL,Philippe,"```json {""wikipedia_page"":"""", ""wikidata_id"":""NIL""} ```",0
hidden_test_fr_9,3044,3053,Phi¬lippe,NIL,PER,NIL,Phi¬lippe,"```json {""wikipedia_page"":"""", ""wikidata_id"":""NIL""} ```",0
hidden_test_fr_9,3138,3147,Marcienne,NIL,PER,NIL,Marcienne,"```json { ""wikipedia_page"": ""NIL"", ""wikidata_id"": ""NIL"" } ```",0
hidden_test_fr_9,3217,3225,Philippe,NIL,PER,NIL,Philippe,"```json {""wikipedia_page"":"""", ""wikidata_id"":""NIL""} ```",0
hidden_test_fr_9,3855,3863,Philippe,NIL,PER,NIL,Philippe,"```json {""wikipedia_page"":"""", ""wikidata_id"":""NIL""} ```",0
hidden_test_fr_9,4008,4018,Mar¬cienne,NIL,PER,NIL,Mar¬cienne,"```json {""wikipedia_page"":""NIL"", ""wikidata_id"":""NIL""} ```",0
hidden_test_fr_9,4622,4629,Edouard,NIL,PER,NIL,Edouard,"```json {""wikipedia_page"":"""", ""wikidata_id"":""NIL""} ```",0
hidden_test_fr_9,4633,4642,Charlotte,NIL,PER,NIL,Charlotte,"```json { ""wikipedia_page"": ""NIL"", ""wikidata_id"": ""NIL"" } ```",0
hidden_test_fr_9,4807,4816,Marcienne,NIL,PER,NIL,Marcienne,"```json {""wikipedia_page"":""NIL"", ""wikidata_id"":""NIL""} ```",0
hidden_test_fr_9,5049,5057,Philippe,NIL,PER,NIL,Philippe,"```json {""wikipedia_page"":""NIL"", ""wikidata_id"":""NIL""} ```",0
hidden_test_fr_9,5811,5823,César Franck,Q50187,PER,Q50187,César Franck,"```json {""wikipedia_page"":""César Franck"", ""wikidata_id"":""Q50187""} ```",30.659046173095703
hidden_test_fr_9,5841,5854,Albert Géloso,Q16651617,PER,Q16651617,Albert Bonaventure Géloso,"```json {""wikipedia_page"":""Albert Bonaventure Géloso"", ""wikidata_id"":""Q16651617""} ```",24.42140007019043
hidden_test_fr_9,5878,5892,M. Paul Franck,NIL,PER,NIL,M. Paul Franck,"```json {""wikipedia_page"":""NIL"", ""wikidata_id"":""NIL""} ```",0
hidden_test_fr_10,285,290,C. M.,NIL,PER,NIL,C. M.,"```json {""wikipedia_page"": ""NIL"", ""wikidata_id"": ""NIL""} ```",0
hidden_test_fr_10,704,727,Mlle P. B.3 à la Fronde,NIL,LOC,NIL,Mlle P. B.3 à la Fronde,"```json {""wikipedia_page"": ""NIL"", ""wikidata_id"":""NIL""} ```",0
hidden_test_fr_10,1141,1161,M. C. Il à la Fronde,NIL,LOC,NIL,M. C. Il à la Fronde,"```json {""wikipedia_page"":""La Fronde"",""wikidata_id"":""NIL""} ```",0
hidden_test_fr_10,1238,1243,Paris,Q90,LOC,Q90,Paris,"```json {""wikipedia_page"": ""Paris"", ""wikidata_id"": ""Q90""} ```",18.813884735107422
hidden_test_fr_10,1362,1377,S. B. bureau 78,NIL,LOC,NIL,S. B. bureau 78,"```json {""wikipedia_page"":"""", ""wikidata_id"":""NIL""} ```",0
hidden_test_fr_10,1421,1438,A.L. M. la Fronde,NIL,LOC,NIL,A.L. M. la Fronde,"```json {""wikipedia_page"":""NIL"", ""wikidata_id"":""NIL""} ```",0
hidden_test_fr_10,1485,1499,R.F. bureau 90,NIL,LOC,NIL,R.F. bureau 90,"```json {""wikipedia_page"":"""", ""wikidata_id"":""NIL""} ```",0
hidden_test_fr_10,2250,2257,Lavinia,NIL,PER,NIL,Lavinia,"```json {""wikipedia_page"":""NIL"", ""wikidata_id"":""NIL""} ```",0
hidden_test_fr_10,2483,2491,Frémeuil,NIL,PER,NIL,Frémeuil,"```json { ""wikipedia_page"": ""NIL"", ""wikidata_id"": ""NIL"" } ```",0
hidden_test_fr_10,2914,2922,Frémeuil,NIL,PER,NIL,Frémeuil,"```json { ""wikipedia_page"": ""NIL"", ""wikidata_id"": ""NIL"" } ```",0
hidden_test_fr_10,3121,3128,Lavinia,NIL,PER,NIL,Lavinia,"```json {""wikipedia_page"":""NIL"", ""wikidata_id"":""NIL""} ```",0
hidden_test_fr_10,3280,3288,Frémeuil,NIL,PER,NIL,Frémeuil,"```json {""wikipedia_page"":""NIL"", ""wikidata_id"":""NIL""} ```",0
hidden_test_fr_10,3589,3605,Rose de Roquefer,NIL,PER,NIL,Rose de Roquefer,"```json {""wikipedia_page"":""NIL"", ""wikidata_id"":""NIL""} ```",0
hidden_test_fr_10,4003,4010,Lavinia,NIL,PER,NIL,Lavinia,"```json {""wikipedia_page"":"""",""wikidata_id"":""NIL""} ```",0
hidden_test_fr_10,4269,4282,GILBERTE DORÉ,NIL,PER,NIL,GILBERTE DORÉ,"```json {""wikipedia_page"":""NIL"", ""wikidata_id"":""NIL""} ```",0
hidden_test_fr_10,4434,4448,R. L. bureau18,NIL,LOC,NIL,R. L. bureau18,"```json {""wikipedia_page"":""NIL"", ""wikidata_id"":""NIL""} ```",0
hidden_test_fr_10,4594,4608,H. B. bureau 4,NIL,LOC,NIL,H. B. bureau 4,"```json {""wikipedia_page"":"""", ""wikidata_id"":""NIL""} ```",0
hidden_test_fr_10,4811,4836,"Henriette, 3, à la Fronde",NIL,LOC,NIL,"Henriette, 3, à la Fronde","```json {""wikipedia_page"":"""",""wikidata_id"":""NIL""} ```",0
hidden_test_fr_10,5309,5328,Mme Hélène Reguigne,NIL,PER,NIL,Mme Hélène Reguigne,"```json { ""wikipedia_page"": ""NIL"", ""wikidata_id"": ""NIL"" } ```",0
hidden_test_fr_10,5329,5346,"3,impasse Guêpine",NIL,LOC,NIL,"3,impasse Guêpine","```json { ""wikipedia_page"": ""NIL"", ""wikidata_id"": ""NIL"" } ```",0
hidden_test_fr_10,5490,5501,Mme Bonneau,NIL,PER,NIL,Mme Bonneau,"```json {""wikipedia_page"":""NIL"", ""wikidata_id"":""NIL""} ```",0
hidden_test_fr_10,5783,5801,quartierMontmartre,Q186115,LOC,Q186115,Montmartre,"```json { ""wikipedia_page"": ""Montmartre"", ""wikidata_id"": ""Q186115"" } ```",18.950111389160156
hidden_test_fr_10,5913,5921,Marie 53,NIL,LOC,NIL,Marie 53,"```json { ""wikipedia_page"": ""NIL"", ""wikidata_id"": ""NIL"" } ```",0
hidden_test_fr_10,6196,6211,Mme veuve C. 67,NIL,LOC,NIL,Mme veuve C. 67,"```json {""wikipedia_page"":"""", ""wikidata_id"":""NIL""} ```",0
hidden_test_fr_10,6714,6720,Fronde,Q3209254,ORG,Q3209254,La Fronde,"```json {""wikipedia_page"":""La Fronde"", ""wikidata_id"":""Q3209254""} ```",10.321521759033203
hidden_test_fr_10,6964,6973,Mme Levet,NIL,PER,NIL,Mme Levet,"```json {""wikipedia_page"":""NIL"", ""wikidata_id"":""NIL""} ```",0
hidden_test_fr_10,6975,6989,"8, rue Crépin.",NIL,LOC,NIL,"8, rue Crépin.","```json {""wikipedia_page"":""NIL"", ""wikidata_id"":""NIL""} ```",0
hidden_test_fr_10,7074,7082,Kate Bur,NIL,PER,NIL,Kate Bur,"```json {""wikipedia_page"":"""", ""wikidata_id"":""NIL""} ```",0
hidden_test_fr_10,7144,7156,Mlle Olivier,NIL,PER,NIL,Mlle Olivier,"```json {""wikipedia_page"":""NIL"", ""wikidata_id"":""NIL""} ```",0
hidden_test_fr_10,7256,7268,Mlle Mul ler,NIL,PER,NIL,Mlle Mul ler,"```json { ""wikipedia_page"": ""NIL"", ""wikidata_id"": ""NIL"" } ```",0
hidden_test_fr_11,953,958,Paris,Q90,LOC,Q90,Paris,"```json {""wikipedia_page"":""Paris"", ""wikidata_id"":""Q90""} ```",22.74932861328125
hidden_test_fr_11,1439,1444,Paris,Q90,LOC,Q90,Paris,"```json {""wikipedia_page"": ""Paris"", ""wikidata_id"": ""Q90""} ```",18.467105865478516
hidden_test_fr_11,1502,1518,M. P. Plauzewski,NIL,PER,NIL,M. P. Plauzewski,"```json {""wikipedia_page"":""NIL"", ""wikidata_id"":""NIL""} ```",0
hidden_test_fr_11,1577,1593,M. P. Pauzewsiti,NIL,PER,NIL,M. P. Pauzewsiti,"```json {""wikipedia_page"":"""", ""wikidata_id"":""NIL""} ```",0
hidden_test_fr_11,1876,1892,butte Montmartre,Q186115,LOC,Q186115,Montmartre,"```json {""wikipedia_page"":""Montmartre"", ""wikidata_id"":""Q186115""} ```",24.124473571777344
hidden_test_fr_11,1915,1931,butte Montmartre,Q186115,LOC,Q186115,Montmartre,"```json {""wikipedia_page"":""Montmartre"", ""wikidata_id"":""Q186115""} ```",23.779706954956055
hidden_test_fr_11,1965,1981,butte Montmartre,Q186115,LOC,Q186115,Montmartre,"```json {""wikipedia_page"":""Montmartre"", ""wikidata_id"":""Q186115""} ```",24.108558654785156
hidden_test_fr_11,2122,2127,Paris,Q90,LOC,Q90,Paris,"```json {""wikipedia_page"":""Paris"", ""wikidata_id"":""Q90""} ```",23.43244743347168
hidden_test_fr_11,2277,2282,Paris,Q90,LOC,Q90,Paris,"```json { ""wikipedia_page"": ""Paris"", ""wikidata_id"": ""Q90"" } ```",25.889028549194336
hidden_test_fr_11,2819,2830,rue Lamarck,Q3448737,LOC,Q3448737,rue Lamarck,"```json {""wikipedia_page"":""rue Lamarck"", ""wikidata_id"":""Q3448737""} ```",31.34139633178711
hidden_test_fr_11,3192,3197,Paris,Q90,LOC,Q90,Paris,"```json {""wikipedia_page"":""Paris"", ""wikidata_id"":""Q90""} ```",18.54524040222168
hidden_test_fr_11,3215,3232,Butte Mont¬martre,Q186115,LOC,Q186115,Montmartre,"```json {""wikipedia_page"":""Montmartre"", ""wikidata_id"":""Q186115""} ```",27.6610164642334
hidden_test_fr_11,3307,3319,rue La¬marck,Q3448737,LOC,Q3448737,rue Lamarck,"```json { ""wikipedia_page"": ""rue Lamarck"", ""wikidata_id"": ""Q3448737"" } ```",30.82302474975586
hidden_test_fr_11,3350,3355,Paris,Q90,LOC,Q90,Paris,"```json {""wikipedia_page"":""Paris"", ""wikidata_id"":""Q90""} ```",22.970129013061523
hidden_test_fr_11,3667,3715,"M.Formigé, architecte du service des prome¬nades",Q1685409,PER,Q1685409,Jean Camille Formigé,"```json { ""wikipedia_page"": ""Jean Camille Formigé"", ""wikidata_id"": ""Q1685409"" } ```",22.011619567871094
hidden_test_fr_11,4272,4289,route de Boulogne,Q21098141,LOC,Q21098141,route de Boulogne à Passy,"```json { ""wikipedia_page"": ""route de Boulogne à Passy"", ""wikidata_id"": ""Q21098141"" } ```",22.770973205566406
hidden_test_fr_11,4679,4687,Boulogne,Q172455,LOC,Q172455,Boulogne-Billancourt,"```json {""wikipedia_page"": ""Boulogne-Billancourt"", ""wikidata_id"": ""Q172455""} ```",22.060819625854492
hidden_test_fr_11,4705,4711,Meudon,Q234735,LOC,Q234735,Meudon,"```json {""wikipedia_page"":""Meudon"", ""wikidata_id"":""Q234735""} ```",24.62268829345703
hidden_test_fr_11,6828,6842,ville de Paris,Q90,LOC,Q90,Paris,"```json {""wikipedia_page"":""Paris"", ""wikidata_id"":""Q90""} ```",18.674701690673828
hidden_test_fr_11,7074,7094,boulevard d’Au¬teuil,Q2921965,LOC,Q2921965,boulevard d'Auteuil,"```json {""wikipedia_page"":""boulevard d'Auteuil"", ""wikidata_id"":""Q2921965""} ```",26.937911987304688
hidden_test_fr_11,7731,7748,route de Boulogne,Q21098141,LOC,Q21098141,route de Boulogne à Passy,"```json {""wikipedia_page"":""route de Boulogne à Passy"", ""wikidata_id"":""Q21098141""} ```",18.39217185974121
hidden_test_fr_11,7832,7849,route de Boulogne,Q21098141,LOC,Q21098141,route de Boulogne à Passy,"```json {""wikipedia_page"":""route de Boulogne à Passy"", ""wikidata_id"":""Q21098141""} ```",17.536285400390625
hidden_test_fr_11,8252,8259,Auteuil,Q784536,LOC,Q784536,Auteuil,"```json {""wikipedia_page"":""Auteuil"", ""wikidata_id"":""Q784536""} ```",24.272233963012695
hidden_test_fr_11,8294,8310,bois de Boulogne,Q209626,LOC,Q209626,bois de Boulogne,"```json {""wikipedia_page"":""bois de Boulogne"", ""wikidata_id"":""Q209626""} ```",22.61747169494629
hidden_test_fr_11,8390,8397,MmeFrey,NIL,PER,NIL,MmeFrey,"```json {""wikipedia_page"":"""", ""wikidata_id"":""NIL""} ```",0
hidden_test_fr_12,342,349,Francis,NIL,PER,NIL,Francis,"```json {""wikipedia_page"":"""", ""wikidata_id"":""NIL""} ```",0
hidden_test_fr_12,367,377,Léopoldine,NIL,PER,NIL,Léopoldine,"```json {""wikipedia_page"":""NIL"", ""wikidata_id"":""NIL""} ```",0
hidden_test_fr_12,512,517,Marie,NIL,PER,NIL,Marie,"```json {""wikipedia_page"":"""", ""wikidata_id"":""NIL""} ```",0
hidden_test_fr_12,522,558,"Marie, déjà si belle et si charmante",NIL,PER,NIL,"Marie, déjà si belle et si charmante","```json {""wikipedia_page"":"""",""wikidata_id"":""NIL""} ```",0
hidden_test_fr_12,815,819,Dieu,Q190,PER,Q190,Dieu,"```json {""wikipedia_page"":""Dieu"", ""wikidata_id"":""Q190""} ```",18.79889678955078
hidden_test_fr_12,953,959,Gaston,NIL,PER,NIL,Gaston,"```json {""wikipedia_page"":""NIL"", ""wikidata_id"":""NIL""} ```",0
hidden_test_fr_12,969,975,Ma¬rie,NIL,PER,NIL,Ma¬rie,"```json { ""wikipedia_page"": ""NIL"", ""wikidata_id"": ""NIL"" } ```",0
hidden_test_fr_12,1045,1054,Allemagne,Q183,LOC,Q183,Allemagne,"```json {""wikipedia_page"":""Allemagne"", ""wikidata_id"":""Q183""} ```",18.124971389770508
hidden_test_fr_13,40,47,Lorinet,NIL,PER,NIL,Lorinet,"```json {""wikipedia_page"":""NIL"", ""wikidata_id"":""NIL""} ```",0
hidden_test_fr_13,215,236,"M. JARDINE, magistrat",NIL,PER,NIL,"M. JARDINE, magistrat","```json { ""wikipedia_page"": ""NIL"", ""wikidata_id"": ""NIL"" } ```",0
hidden_test_fr_13,710,717,Clindor,NIL,PER,NIL,Clindor,"```json {""wikipedia_page"":""NIL"", ""wikidata_id"":""NIL""} ```",0
hidden_test_fr_13,985,990,Mario,NIL,PER,NIL,Mario,"```json {""wikipedia_page"": ""NIL"", ""wikidata_id"": ""NIL""} ```",0
hidden_test_fr_13,1727,1732,Mario,NIL,PER,NIL,Mario,"```json {""wikipedia_page"":""NIL"", ""wikidata_id"":""NIL""} ```",0
hidden_test_fr_13,2159,2164,Mario,NIL,PER,NIL,Mario,"```json {""wikipedia_page"":"""",""wikidata_id"":""NIL""} ```",0
hidden_test_fr_13,2222,2229,Bernard,NIL,PER,NIL,Bernard,"```json {""wikipedia_page"":""NIL"", ""wikidata_id"":""NIL""} ```",0
hidden_test_fr_13,2252,2258,Orsini,NIL,PER,NIL,Orsini,"```json { ""wikipedia_page"": ""NIL"", ""wikidata_id"": ""NIL"" } ```",0
hidden_test_fr_13,2315,2355,"M. GRANGER, inspecteur de police à Paris",NIL,PER,NIL,"M. GRANGER, inspecteur de police à Paris","```json { ""wikipedia_page"": ""NIL"", ""wikidata_id"": ""NIL"" } ```",0
hidden_test_fr_13,2481,2486,Opéra,Q283339,ORG,Q283339,Opéra de Paris,"```json {""wikipedia_page"":""Opéra de Paris"", ""wikidata_id"":""Q283339""} ```",20.830965042114258
hidden_test_fr_13,2617,2659,"M. CHEVALIER, inspecteur de police à Paris",NIL,PER,NIL,"M. CHEVALIER, inspecteur de police à Paris","```json {""wikipedia_page"":"""", ""wikidata_id"":""NIL""} ```",0
hidden_test_fr_13,2864,2873,M. BODKIN,NIL,PER,NIL,M. BODKIN,"```json {""wikipedia_page"":""NIL"", ""wikidata_id"":""NIL""} ```",0
hidden_test_fr_13,3436,3446,M. Bernard,NIL,PER,NIL,M. Bernard,"```json {""wikipedia_page"":""NIL"", ""wikidata_id"":""NIL""} ```",0
hidden_test_fr_13,3479,3492,Regent-Circus,NIL,LOC,NIL,Regent-Circus,"```json {""wikipedia_page"":""NIL"", ""wikidata_id"":""NIL""} ```",0
hidden_test_fr_13,3515,3527,M. Outrequin,NIL,PER,NIL,M. Outrequin,"```json {""wikipedia_page"":""NIL"", ""wikidata_id"":""NIL""} ```",0
hidden_test_fr_13,3936,3946,M. Bernard,NIL,PER,NIL,M. Bernard,"```json {""wikipedia_page"":""NIL"", ""wikidata_id"":""NIL""} ```",0
hidden_test_fr_13,4006,4012,France,Q142,LOC,Q142,France,"```json {""wikipedia_page"":""France"", ""wikidata_id"":""Q142""} ```",20.125337600708008
hidden_test_fr_13,4101,4107,France,Q142,LOC,Q142,France,"```json { ""wikipedia_page"": ""France"", ""wikidata_id"": ""Q142"" } ```",19.562984466552734
hidden_test_fr_13,4286,4292,France,Q142,LOC,Q142,France,"```json {""wikipedia_page"":""France"", ""wikidata_id"":""Q142""} ```",18.985984802246094
hidden_test_fr_13,4399,4409,M. Bernard,NIL,PER,NIL,M. Bernard,"```json {""wikipedia_page"":"""", ""wikidata_id"":""NIL""} ```",0
hidden_test_fr_13,4924,4937,Scotland-Yard,Q184619,LOC,Q184619,New Scotland Yard,"```json {""wikipedia_page"":""New Scotland Yard"", ""wikidata_id"":""Q184619""} ```",24.793764114379883
hidden_test_fr_13,5320,5327,Bernard,NIL,PER,NIL,Bernard,"```json {""wikipedia_page"":""NIL"", ""wikidata_id"":""NIL""} ```",0
hidden_test_fr_13,5409,5415,Orsini,NIL,PER,NIL,Orsini,"```json {""wikipedia_page"":""NIL"", ""wikidata_id"":""NIL""} ```",0
hidden_test_fr_13,5419,5425,Pierri,NIL,PER,NIL,Pierri,"```json {""wikipedia_page"":""NIL"", ""wikidata_id"":""NIL""} ```",0
hidden_test_fr_13,5499,5509,M. JARDINE,NIL,PER,NIL,M. JARDINE,"```json { ""wikipedia_page"": ""NIL"", ""wikidata_id"": ""NIL"" } ```",0
hidden_test_fr_13,5589,5628,"un autre des conspirateurs, nomméAllsop",NIL,PER,NIL,"un autre des conspirateurs, nomméAllsop","```json {""wikipedia_page"": ""NIL"", ""wikidata_id"": ""NIL""} ```",0
hidden_test_fr_13,5881,5894,Châteaubriand,Q49767,PER,Q49767,François-René de Chateaubriand,"```json {""wikipedia_page"":""François-René de Chateaubriand"", ""wikidata_id"":""Q49767""} ```",17.874807357788086
hidden_test_fr_13,6050,6056,France,Q142,LOC,Q142,France,"```json {""wikipedia_page"": ""France"", ""wikidata_id"": ""Q142""} ```",21.876041412353516
hidden_test_fr_13,6181,6187,France,Q142,LOC,Q142,France,"```json { ""wikipedia_page"": ""France"", ""wikidata_id"": ""Q142"" } ```",21.059484481811523
hidden_test_fr_13,6737,6742,Mario,NIL,PER,NIL,Mario,"```json {""wikipedia_page"":""NIL"", ""wikidata_id"":""NIL""} ```",0
hidden_test_fr_13,6920,6925,Mario,NIL,PER,NIL,Mario,"```json {""wikipedia_page"":""NIL"", ""wikidata_id"":""NIL""} ```",0
hidden_test_fr_13,7078,7083,Pilar,NIL,PER,NIL,Pilar,"```json {""wikipedia_page"":""NIL"", ""wikidata_id"":""NIL""} ```",0
hidden_test_fr_13,7239,7244,Mario,NIL,PER,NIL,Mario,"```json {""wikipedia_page"":""NIL"", ""wikidata_id"":""NIL""} ```",0
hidden_test_fr_13,7321,7328,Clindor,NIL,PER,NIL,Clindor,"```json {""wikipedia_page"":""NIL"", ""wikidata_id"":""NIL""} ```",0
hidden_test_fr_13,7634,7649,tendre Mercédès,NIL,PER,NIL,tendre Mercédès,"```json {""wikipedia_page"":"""", ""wikidata_id"":""NIL""} ```",0
hidden_test_fr_13,7655,7671,paternel Lucilio,NIL,PER,NIL,paternel Lucilio,"```json {""wikipedia_page"":"""", ""wikidata_id"":""NIL""} ```",0
hidden_test_fr_13,7988,7998,beau Mario,NIL,PER,NIL,beau Mario,"```json {""wikipedia_page"":"""", ""wikidata_id"":""NIL""} ```",0
hidden_test_fr_13,7999,8010,GEORGE SAND,Q3816,PER,Q3816,George Sand,"```json { ""wikipedia_page"": ""George Sand"", ""wikidata_id"": ""Q3816"" } ```",7.645127296447754
hidden_test_fr_14,248,254,Europe,Q46,LOC,Q46,Europe,"```json {""wikipedia_page"":""Europe"", ""wikidata_id"":""Q46""} ```",23.694744110107422
hidden_test_fr_14,545,550,Sénat,Q215987,ORG,Q215987,Sénat,"```json {""wikipedia_page"":""Sénat"", ""wikidata_id"":""Q215987""} ```",23.284542083740234
hidden_test_fr_14,958,987,honorable M. Michel Chevalier,Q1930688,PER,Q1930688,Michel Chevalier,"```json {""wikipedia_page"":""Michel Chevalier"", ""wikidata_id"":""Q1930688""} ```",17.432607650756836
hidden_test_fr_14,1607,1636,honorable M. Michel Chevalier,Q1930688,PER,Q1930688,Michel Chevalier,"```json {""wikipedia_page"":""Michel Chevalier"", ""wikidata_id"":""Q1930688""} ```",16.732166290283203
hidden_test_fr_14,2901,2906,Sénat,Q215987,ORG,Q215987,Sénat,"```json {""wikipedia_page"":""Sénat"", ""wikidata_id"":""Q215987""} ```",20.273082733154297
hidden_test_fr_14,4021,4027,France,Q142,LOC,Q142,France,"```json {""wikipedia_page"":""France"", ""wikidata_id"":""Q142""} ```",21.605175018310547
hidden_test_fr_14,4340,4350,M. Rou¬her,Q3060162,PER,Q3060162,Eugène Rouher,"```json {""wikipedia_page"":""Eugène Rouher"", ""wikidata_id"":""Q3060162""} ```",26.819602966308594
hidden_test_fr_14,4376,4386,M. ROUHER:,Q3060162,PER,Q3060162,Eugène Rouher,"```json {""wikipedia_page"": ""Eugène Rouher"", ""wikidata_id"": ""Q3060162""} ```",19.166757583618164
hidden_test_fr_14,4412,4417,Sénat,Q215987,ORG,Q215987,Sénat,"```json {""wikipedia_page"":""Sénat"", ""wikidata_id"":""Q215987""} ```",19.145675659179688
hidden_test_fr_14,8387,8396,M. ROUHER,Q3060162,PER,Q3060162,Eugène Rouher,"```json {""wikipedia_page"":""Eugène Rouher"", ""wikidata_id"":""Q3060162""} ```",23.479740142822266
hidden_test_fr_14,9274,9279,Sénat,Q215987,ORG,Q215987,Sénat,"```json {""wikipedia_page"":""Sénat"", ""wikidata_id"":""Q215987""} ```",22.13936996459961
hidden_test_fr_14,9462,9467,Sénat,Q215987,ORG,Q215987,Sénat,"```json {""wikipedia_page"": ""Sénat"", ""wikidata_id"": ""Q215987""} ```",23.5814208984375
hidden_test_fr_14,9684,9689,Senat,Q215987,ORG,Q215987,Sénat,"```json {""wikipedia_page"":""Sénat"", ""wikidata_id"":""Q215987""} ```",20.770465850830078
hidden_test_fr_14,9721,9726,Sénat,Q215987,ORG,Q215987,Sénat,"```json {""wikipedia_page"":""Sénat"", ""wikidata_id"":""Q215987""} ```",22.753726959228516
hidden_test_fr_14,10173,10178,Sénat,Q215987,ORG,Q215987,Sénat,"```json { ""wikipedia_page"": ""Sénat"", ""wikidata_id"": ""Q215987"" } ```",18.627696990966797
hidden_test_fr_14,10700,10722,M.le comte de Butenval,Q16627629,PER,Q16627629,Charles Adrien His de Butenval,"```json { ""wikipedia_page"": ""Charles Adrien His de Butenval"", ""wikidata_id"": ""Q16627629"" } ```",15.313349723815918
hidden_test_fr_14,10761,10777,CORPS LÉGISLATIF,Q2997795,ORG,Q2997795,Corps législatif,"```json {""wikipedia_page"":""Corps législatif"", ""wikidata_id"":""Q2997795""} ```",15.110692977905273
hidden_test_fr_14,10857,10877,S. EXC. M. SCHNEIDER,Q368966,PER,Q368966,Eugène Schneider,"```json {""wikipedia_page"": ""Eugène Schneider"", ""wikidata_id"": ""Q368966""} ```",14.036593437194824
hidden_test_fr_14,10967,11000,"M. Peyrusse, l'un des secrétaires",Q15969641,PER,Q15969641,Eugène Peyrusse,"```json {""wikipedia_page"":""Eugène Peyrusse"", ""wikidata_id"":""Q15969641""} ```",17.432205200195312
hidden_test_fr_14,11114,11131,Journal offi¬ciel,Q1815103,PROD,Q1815103,Journal officiel de la République française,"```json {""wikipedia_page"":""Journal officiel de la République française"", ""wikidata_id"":""Q1815103""} ```",22.34092140197754
hidden_test_fr_14,11222,11235,M. JulesFavre,Q923619,PER,Q923619,Jules Favre,"```json {""wikipedia_page"":""Jules Favre"", ""wikidata_id"":""Q923619""} ```",25.86389923095703
hidden_test_fr_14,11282,11298,Journal officiel,Q1815103,PROD,Q1815103,Journal officiel de la République française,"```json { ""wikipedia_page"": ""Journal officiel de la République française"", ""wikidata_id"": ""Q1815103"" } ```",19.973800659179688
hidden_test_fr_14,11493,11510,M. DE TILLANCOURT,Q3048032,PER,Q3048032,Edmond de Tillancourt,"```json {""wikipedia_page"":""Edmond de Tillancourt"", ""wikidata_id"":""Q3048032""} ```",18.6356143951416
hidden_test_fr_14,12061,12087,M. DUGUÉ DE LA FAUCONNERIE,Q3130409,PER,Q3130409,Henri Joseph Dugué,"```json {""wikipedia_page"": ""Henri Joseph Dugué"", ""wikidata_id"": ""Q3130409""} ```",10.147796630859375
hidden_test_fr_14,13590,13625,honorable M. Duguéde la Fauconnerie,Q3130409,PER,Q3130409,Henri Joseph Dugué,"```json {""wikipedia_page"":""Henri Joseph Dugué"", ""wikidata_id"":""Q3130409""} ```",11.246377944946289
hidden_test_fr_14,14121,14145,M. No¬gent Saint-Laurens,Q15969612,PER,Q15969612,Henri Nogent-Saint-Laurens,"```json {""wikipedia_page"":""Henri Nogent-Saint-Laurens"", ""wikidata_id"":""Q15969612""} ```",24.20368194580078
hidden_test_fr_14,14173,14196,M. NOGENT SAINT-LAURENS,Q15969612,PER,Q15969612,Henri Nogent-Saint-Laurens,"```json {""wikipedia_page"":""Henri Nogent-Saint-Laurens"", ""wikidata_id"":""Q15969612""} ```",22.430471420288086
hidden_test_fr_14,15011,15043,prince Pierre-Napoléon Bonaparte,Q764398,PER,Q764398,Pierre-Napoléon Bonaparte,"```json {""wikipedia_page"": ""Pierre-Napoléon Bonaparte"", ""wikidata_id"": ""Q764398""} ```",22.625131607055664
hidden_test_fr_14,15050,15069,citoyen Victor Noir,Q714788,PER,Q714788,Victor Noir,"```json {""wikipedia_page"":""Victor Noir"", ""wikidata_id"":""Q714788""} ```",18.167448043823242
hidden_test_fr_14,15109,15141,prince Pierre-Napoléon Bonaparte,Q764398,PER,Q764398,Pierre-Napoléon Bonaparte,"```json { ""wikipedia_page"": ""Pierre-Napoléon Bonaparte"", ""wikidata_id"": ""Q764398"" } ```",20.98897361755371
hidden_test_fr_14,15148,15174,citoyen Ulric de Fonvielle,Q16855689,PER,Q16855689,Ulric de Fonvielle,"```json {""wikipedia_page"":""Ulric de Fonvielle"", ""wikidata_id"":""Q16855689""} ```",16.83013916015625
hidden_test_fr_14,15397,15433,Notre collaborateur Paschal Grousset,Q1118848,PER,Q1118848,Paschal Grousset,"```json { ""wikipedia_page"": ""Paschal Grousset"", ""wikidata_id"": ""Q1118848"" } ```",15.178067207336426
hidden_test_fr_14,15491,15521,pauvre et cher ami Victor Noir,Q714788,PER,Q714788,Victor Noir,"```json { ""wikipedia_page"": ""Victor Noir"", ""wikidata_id"": ""Q714788"" } ```",15.441048622131348
hidden_test_fr_14,15600,15606,France,Q142,LOC,Q142,France,"```json { ""wikipedia_page"": ""France"", ""wikidata_id"": ""Q142"" } ```",20.173633575439453
hidden_test_fr_14,15866,15881,HENRI ROCHEFORT,Q642060,PER,Q642060,Henri Rochefort,"```json {""wikipedia_page"":""Henri Rochefort"", ""wikidata_id"":""Q642060""} ```",33.968467712402344
hidden_test_fr_14,17992,18013,M. LE MARQUIS DE PIRÉ,NIL,PER,NIL,M. LE MARQUIS DE PIRÉ,"```json {""wikipedia_page"":""NIL"", ""wikidata_id"":""NIL""} ```",0
hidden_test_fr_14,18512,18517,ROUEN,Q30974,LOC,Q30974,Rouen,"```json {""wikipedia_page"":""Rouen"", ""wikidata_id"":""Q30974""} ```",16.8935546875
hidden_test_fr_14,18519,18538,Station d'Abancourt,Q2136489,LOC,Q2136489,Abancourt,"```json {""wikipedia_page"":""Abancourt"", ""wikidata_id"":""Q2136489""} ```",28.639310836791992
hidden_test_fr_14,18542,18549,TRÉPORT,Q473875,LOC,Q473875,Le Tréport,"```json {""wikipedia_page"": ""Le Tréport"", ""wikidata_id"": ""Q473875""} ```",8.90212345123291
hidden_test_fr_14,18646,18651,Rouen,Q30974,LOC,Q30974,Rouen,"```json {""wikipedia_page"": ""Rouen"", ""wikidata_id"": ""Q30974""} ```",20.759992599487305
hidden_test_fr_14,18654,18660,Amiens,Q41604,LOC,Q41604,Amiens,"```json {""wikipedia_page"":""Amiens"", ""wikidata_id"":""Q41604""} ```",24.070283889770508
hidden_test_fr_14,18666,18685,station d'Abancourt,Q2136489,LOC,Q2136489,Abancourt,"```json {""wikipedia_page"":""Abancourt"", ""wikidata_id"":""Q2136489""} ```",28.16250228881836
hidden_test_fr_14,18710,18715,Lille,Q648,LOC,Q648,Lille,"```json {""wikipedia_page"":""Lille"", ""wikidata_id"":""Q648""} ```",19.18133544921875
hidden_test_fr_14,18718,18724,Dleppe,Q183557,LOC,Q183557,Dieppe,"```json {""wikipedia_page"": ""Dieppe"", ""wikidata_id"": ""Q183557""} ```",17.81838607788086
hidden_test_fr_14,18794,18799,Paris,Q90,LOC,Q90,Paris,"```json {""wikipedia_page"":""Paris"", ""wikidata_id"":""Q90""} ```",19.289600372314453
hidden_test_fr_14,18803,18810,Tréport,Q473875,LOC,Q473875,Le Tréport,"```json {""wikipedia_page"":""Le Tréport"", ""wikidata_id"":""Q473875""} ```",19.79783821105957
hidden_test_fr_14,18824,18833,Beau¬vais,Q174257,LOC,Q174257,Beauvais,"```json {""wikipedia_page"":""Beauvais"", ""wikidata_id"":""Q174257""} ```",23.934539794921875
hidden_test_fr_14,18864,18873,Pon¬toise,Q201352,LOC,Q201352,Pontoise,"```json {""wikipedia_page"":""Pontoise"", ""wikidata_id"":""Q201352""} ```",21.41057777404785
hidden_test_fr_14,18918,18928,Le Tréport,Q473875,LOC,Q473875,Le Tréport,"```json {""wikipedia_page"":""Le Tréport"", ""wikidata_id"":""Q473875""} ```",16.480087280273438
hidden_test_fr_14,19100,19124,Chemin de fer du Tréport,Q2990130,ORG,Q2990130,Compagnie du chemin de fer du Tréport,"```json {""wikipedia_page"":""Compagnie du chemin de fer du Tréport"", ""wikidata_id"":""Q2990130""} ```",23.724760055541992
hidden_test_fr_14,19210,19219,Normandie,Q15878,LOC,Q15878,Normandie,"```json {""wikipedia_page"": ""Normandie"", ""wikidata_id"": ""Q15878""} ```",20.783470153808594
hidden_test_fr_14,19236,19241,Rouen,Q30974,LOC,Q30974,Rouen,"```json {""wikipedia_page"":""Rouen"", ""wikidata_id"":""Q30974""} ```",22.286357879638672
hidden_test_fr_14,19260,19265,Lille,Q648,LOC,Q648,Lille,"```json {""wikipedia_page"":""Lille"", ""wikidata_id"":""Q648""} ```",21.707468032836914
hidden_test_fr_14,19269,19275,Amiens,Q41604,LOC,Q41604,Amiens,"```json {""wikipedia_page"":""Amiens"", ""wikidata_id"":""Q41604""} ```",24.036733627319336
hidden_test_fr_14,19281,19286,Paris,Q90,LOC,Q90,Paris,"```json { ""wikipedia_page"": ""Paris"", ""wikidata_id"": ""Q90"" } ```",19.821426391601562
hidden_test_fr_14,19293,19299,Centre,Q13947,LOC,Q13947,Centre-Val de Loire,"```json {""wikipedia_page"":""Centre-Val de Loire"", ""wikidata_id"":""Q13947""} ```",14.3517427444458
hidden_test_fr_14,19305,19313,Beauvais,Q174257,LOC,Q174257,Beauvais,"```json { ""wikipedia_page"": ""Beauvais"", ""wikidata_id"": ""Q174257"" } ```",24.23291015625
hidden_test_fr_14,19326,19334,Beauvais,Q174257,LOC,Q174257,Beauvais,"```json { ""wikipedia_page"": ""Beauvais"", ""wikidata_id"": ""Q174257"" } ```",16.68726921081543
hidden_test_fr_14,19369,19377,Pontoise,Q201352,LOC,Q201352,Pontoise,"```json { ""wikipedia_page"": ""Pontoise"", ""wikidata_id"": ""Q201352"" } ```",24.516138076782227
hidden_test_fr_14,19430,19435,Paris,Q90,LOC,Q90,Paris,"```json { ""wikipedia_page"": ""Paris"", ""wikidata_id"": ""Q90"" } ```",21.354093551635742
hidden_test_fr_14,19439,19446,Tréport,Q473875,LOC,Q473875,Le Tréport,"```json {""wikipedia_page"":""Le Tréport"", ""wikidata_id"":""Q473875""} ```",15.852243423461914
hidden_test_fr_14,20666,20698,Vte DE CHEVILLY Cte DE DAMRÉMONT,NIL,PER,NIL,Vte DE CHEVILLY Cte DE DAMRÉMONT,"```json {""wikipedia_page"":""NIL"", ""wikidata_id"":""NIL""} ```",0
hidden_test_fr_14,20758,20781,Chemin defer du Tréport,Q2990130,ORG,Q2990130,Compagnie du chemin de fer du Tréport,"```json {""wikipedia_page"":""Compagnie du chemin de fer du Tréport"", ""wikidata_id"":""Q2990130""} ```",15.000951766967773
hidden_test_fr_14,21419,21424,Paris,Q90,LOC,Q90,Paris,"```json {""wikipedia_page"":""Paris"", ""wikidata_id"":""Q90""} ```",23.045860290527344
hidden_test_fr_14,21595,21611,Banque de France,Q806950,ORG,Q806950,Banque de France,"Based on the provided text and the list of candidates, the entity mentioned between the [ENT] tags is ""Banque de France"". The most appropriate Wikidata entity from the list of candidates is: ```json {""wikipedia_page"":""Banque de France"", ""wikidata_id"":""Q806950""} ```",34.16868591308594
hidden_test_fr_14,21626,21655,Crédit Pa¬risien (Société du),NIL,ORG,NIL,Crédit Pa¬risien (Société du),"```json {""wikipedia_page"":"""",""wikidata_id"":""NIL""} ```",0
hidden_test_fr_14,21740,21745,Paris,Q90,LOC,Q90,Paris,"```json {""wikipedia_page"":""Paris"", ""wikidata_id"":""Q90""} ```",19.39788818359375
hidden_test_fr_14,22027,22041,M. V. MONTEAUX,NIL,PER,NIL,M. V. MONTEAUX,"```json {""wikipedia_page"":""NIL"", ""wikidata_id"":""NIL""} ```",0
hidden_test_fr_14,22084,22089,PARIS,Q90,LOC,Q90,Paris,"```json {""wikipedia_page"":""Paris"", ""wikidata_id"":""Q90""} ```",20.92367172241211
hidden_test_fr_15,144,151,PROVINS,Q203285,LOC,Q203285,Provins,"```json {""wikipedia_page"":""Provins"", ""wikidata_id"":""Q203285""} ```",6.982796669006348
hidden_test_fr_16,33,45,M. deWerther,NIL,PER,NIL,M. deWerther,"```json {""wikipedia_page"":"""", ""wikidata_id"":""NIL""} ```",0
hidden_test_fr_16,158,164,Sphinx,Q151480,PER,Q151480,sphinx,"```json {""wikipedia_page"":""sphinx"", ""wikidata_id"":""Q151480""} ```",13.529776573181152
hidden_test_fr_16,361,371,deBismarck,Q8442,PER,Q8442,Otto von Bismarck,"```json {""wikipedia_page"":""Otto von Bismarck"", ""wikidata_id"":""Q8442""} ```",19.29231071472168
hidden_test_fr_16,1572,1586,M. de Bismarck,Q8442,PER,Q8442,Otto von Bismarck,"```json {""wikipedia_page"": ""Otto von Bismarck"", ""wikidata_id"": ""Q8442""} ```",25.504459381103516
hidden_test_fr_16,1785,1795,Angleterre,Q21,LOC,Q21,Angleterre,"```json {""wikipedia_page"": ""Angleterre"", ""wikidata_id"":""Q21""} ```",20.660236358642578
hidden_test_fr_16,2332,2346,Folies-Marigny,Q7799924,LOC,Q7799924,Théâtre des Folies-Marigny,"```json {""wikipedia_page"": ""Théâtre des Folies-Marigny"", ""wikidata_id"": ""Q7799924""} ```",16.630210876464844
hidden_test_fr_16,2400,2412,M. E. Littré,Q286107,PER,Q286107,Émile Littré,"```json {""wikipedia_page"": ""Émile Littré"", ""wikidata_id"": ""Q286107""} ```",35.76493453979492
hidden_test_fr_16,3119,3129,M.Gambetta,Q295090,PER,Q295090,Léon Gambetta,"```json {""wikipedia_page"":""Léon Gambetta"", ""wikidata_id"":""Q295090""} ```",24.00189781188965
hidden_test_fr_16,3161,3169,Bordeaux,Q1479,LOC,Q1479,Bordeaux,"```json {""wikipedia_page"":""Bordeaux"", ""wikidata_id"":""Q1479""} ```",21.00684928894043
hidden_test_fr_16,3205,3224,Ecole polytechnique,Q273626,ORG,Q273626,École polytechnique,"```json {""wikipedia_page"": ""École polytechnique"", ""wikidata_id"": ""Q273626""} ```",23.796369552612305
hidden_test_fr_16,3230,3245,M. Emile Littré,Q286107,PER,Q286107,Émile Littré,"```json {""wikipedia_page"":""Émile Littré"", ""wikidata_id"":""Q286107""} ```",39.04368209838867
hidden_test_fr_16,3339,3348,M. Littré,Q286107,PER,Q286107,Émile Littré,"```json {""wikipedia_page"":""Émile Littré"", ""wikidata_id"":""Q286107""} ```",33.207298278808594
hidden_test_fr_16,3617,3629,Georges Sand,Q3816,PER,Q3816,George Sand,"```json {""wikipedia_page"":""George Sand"", ""wikidata_id"":""Q3816""} ```",32.91600036621094
hidden_test_fr_16,4990,4996,France,Q142,LOC,Q142,France,"```json {""wikipedia_page"": ""France"", ""wikidata_id"": ""Q142""} ```",22.680498123168945
hidden_test_fr_16,6139,6143,Dieu,Q190,PER,Q190,Dieu,"```json {""wikipedia_page"":""Dieu"", ""wikidata_id"":""Q190""} ```",15.786163330078125
hidden_test_fr_16,6523,6529,Berlin,Q64,LOC,Q64,Berlin,"```json {""wikipedia_page"":""Berlin"", ""wikidata_id"":""Q64""} ```",21.976125717163086
hidden_test_fr_16,6735,6746,George Sand,Q3816,PER,Q3816,George Sand,"```json { ""wikipedia_page"": ""George Sand"", ""wikidata_id"": ""Q3816"" } ```",28.676868438720703
hidden_test_fr_16,7469,7483,M. LouisMoland,Q18115615,PER,Q18115615,Louis Moland,"```json {""wikipedia_page"":""Louis Moland"", ""wikidata_id"":""Q18115615""} ```",31.83780860900879
hidden_test_fr_16,7755,7764,M. Moland,Q18115615,PER,Q18115615,Louis Moland,"```json {""wikipedia_page"":""Louis Moland"", ""wikidata_id"":""Q18115615""} ```",27.088056564331055
hidden_test_fr_16,7854,7873,Collin d'Harleville,Q715955,PER,Q715955,Jean-François Collin d'Harleville,"```json {""wikipedia_page"":""Jean-François Collin d'Harleville"", ""wikidata_id"":""Q715955""} ```",32.508060455322266
hidden_test_fr_16,7953,7968,M. Louis Moland,Q18115615,PER,Q18115615,Louis Moland,"```json {""wikipedia_page"":""Louis Moland"", ""wikidata_id"":""Q18115615""} ```",37.13306427001953
hidden_test_fr_16,8096,8117,Marie-Joseph Ché¬nier,Q736424,PER,Q736424,Marie-Joseph Chénier,"```json {""wikipedia_page"":""Marie-Joseph Chénier"", ""wikidata_id"":""Q736424""} ```",39.126747131347656
hidden_test_fr_16,8146,8152,Monvel,Q1089209,PER,Q1089209,Monvel,"```json {""wikipedia_page"": ""Monvel"", ""wikidata_id"":""Q1089209""} ```",30.41386604309082
hidden_test_fr_16,8173,8177,Laya,Q649515,PER,Q649515,Jean-Louis Laya,"```json {""wikipedia_page"":""Jean-Louis Laya"", ""wikidata_id"":""Q649515""} ```",30.190387725830078
hidden_test_fr_16,8213,8229,Sylvain Maréchal,Q561212,PER,Q561212,Sylvain Maréchal,"```json { ""wikipedia_page"": ""Sylvain Maréchal"", ""wikidata_id"": ""Q561212"" } ```",31.532787322998047
hidden_test_fr_16,8343,8351,Ducancel,Q38620548,PER,Q38620548,Charles-Pierre Ducancel,"```json {""wikipedia_page"":""Charles-Pierre Ducancel"", ""wikidata_id"":""Q38620548""} ```",24.994951248168945
hidden_test_fr_16,8415,8430,M. Louis Moland,Q18115615,PER,Q18115615,Louis Moland,"```json {""wikipedia_page"":""Louis Moland"", ""wikidata_id"":""Q18115615""} ```",22.39389419555664
hidden_test_fr_17,144,152,M. Cazot,Q647707,PER,Q647707,Jules Cazot,"```json {""wikipedia_page"":""Jules Cazot"", ""wikidata_id"":""Q647707""} ```",23.65245819091797
hidden_test_fr_17,1281,1289,GUINGAMP,Q193808,LOC,Q193808,Guingamp,"```json {""wikipedia_page"":""Guingamp"", ""wikidata_id"":""Q193808""} ```",20.596050262451172
hidden_test_fr_17,2874,2888,Crédit foncier,Q3006216,ORG,Q3006216,Crédit foncier de France,"```json {""wikipedia_page"":""Crédit foncier de France"", ""wikidata_id"":""Q3006216""} ```",19.233863830566406
hidden_test_fr_17,2957,2965,Lyonnais,Q779722,ORG,Q779722,Crédit lyonnais,"```json {""wikipedia_page"": ""Crédit lyonnais"", ""wikidata_id"": ""Q779722""} ```",21.527759552001953
hidden_test_fr_17,3344,3351,Olivier,NIL,PER,NIL,Olivier,"```json {""wikipedia_page"":"""", ""wikidata_id"":""NIL""} ```",0
hidden_test_fr_17,3355,3363,LeHuéron,NIL,PER,NIL,LeHuéron,"```json {""wikipedia_page"":""NIL"", ""wikidata_id"":""NIL""} ```",0
hidden_test_fr_17,3446,3456,M. Olivier,NIL,PER,NIL,M. Olivier,"```json {""wikipedia_page"":""NIL"", ""wikidata_id"":""NIL""} ```",0
hidden_test_fr_17,3498,3551,"frère du candidat républicain,M. Jean-Marie Le Huéron",NIL,PER,NIL,"frère du candidat républicain,M. Jean-Marie Le Huéron","```json {""wikipedia_page"":"""", ""wikidata_id"":""NIL""} ```",0
hidden_test_fr_17,3986,3993,M. Mahé,NIL,PER,NIL,M. Mahé,"```json {""wikipedia_page"":""NIL"", ""wikidata_id"":""NIL""} ```",0
hidden_test_fr_17,5775,5783,M. Ferry,Q959708,PER,Q959708,Jules Ferry,"```json {""wikipedia_page"":""Jules Ferry"", ""wikidata_id"":""Q959708""} ```",24.298879623413086
hidden_test_fr_17,5926,5934,M. Ferry,Q959708,PER,Q959708,Jules Ferry,"```json {""wikipedia_page"":""Jules Ferry"", ""wikidata_id"":""Q959708""} ```",22.902671813964844
hidden_test_fr_17,6721,6735,M. deFreycinet,Q317957,PER,Q317957,Charles de Freycinet,"```json {""wikipedia_page"":""Charles de Freycinet"", ""wikidata_id"":""Q317957""} ```",22.810951232910156
hidden_test_fr_17,6992,7002,M.Gambetta,Q295090,PER,Q295090,Léon Gambetta,"```json {""wikipedia_page"":""Léon Gambetta"", ""wikidata_id"":""Q295090""} ```",21.7120418548584
hidden_test_fr_17,7082,7090,Officiel,Q1815103,PROD,Q1815103,Journal officiel de la République française,"```json {""wikipedia_page"":""Journal officiel de la République française"", ""wikidata_id"":""Q1815103""} ```",11.051657676696777
hidden_test_fr_17,7258,7276,Union républicaine,Q166079,ORG,Q166079,Groupe Union républicaine,"```json {""wikipedia_page"":""Groupe Union républicaine"", ""wikidata_id"":""Q166079""} ```",22.308629989624023
hidden_test_fr_17,7793,7807,Palais-Bourbon,Q936633,LOC,Q936633,palais Bourbon,"```json {""wikipedia_page"":""palais Bourbon"", ""wikidata_id"":""Q936633""} ```",23.549179077148438
hidden_test_fr_17,8514,8522,M. Ferry,Q959708,PER,Q959708,Jules Ferry,"```json {""wikipedia_page"":""Jules Ferry"", ""wikidata_id"":""Q959708""} ```",20.119482040405273
hidden_test_fr_17,9495,9503,M. Ferry,Q959708,PER,Q959708,Jules Ferry,"```json {""wikipedia_page"":""Jules Ferry"", ""wikidata_id"":""Q959708""} ```",19.57789421081543
hidden_test_fr_17,10316,10327,M.de Cumont,Q2865402,PER,Q2865402,Arthur de Cumont,"```json { ""wikipedia_page"": ""Arthur de Cumont"", ""wikidata_id"": ""Q2865402"" } ```",20.55524444580078
hidden_test_fr_17,10430,10436,Figaro,Q216047,ORG,Q216047,Le Figaro,"```json { ""wikipedia_page"": ""Le Figaro"", ""wikidata_id"": ""Q216047""} ```",23.200769424438477
hidden_test_fr_17,10443,10450,Gaulois,Q2082831,ORG,Q2082831,Le Gaulois,"```json {""wikipedia_page"":""Le Gaulois"", ""wikidata_id"":""Q2082831""} ```",22.834028244018555
hidden_test_fr_17,10888,10894,Figaro,Q216047,ORG,Q216047,Le Figaro,"```json {""wikipedia_page"": ""Le Figaro"", ""wikidata_id"": ""Q216047""} ```",25.936166763305664
hidden_test_fr_17,11072,11078,Figaro,Q216047,ORG,Q216047,Le Figaro,"```json { ""wikipedia_page"": ""Le Figaro"", ""wikidata_id"": ""Q216047"" } ```",23.423744201660156
hidden_test_fr_17,11221,11240,M. de Vil¬lemessant,Q3136165,PER,Q3136165,Hippolyte de Villemessant,"```json {""wikipedia_page"": ""Hippolyte de Villemessant"", ""wikidata_id"": ""Q3136165""} ```",23.215049743652344
hidden_test_fr_17,11274,11280,Figaro,Q216047,ORG,Q216047,Le Figaro,"```json {""wikipedia_page"":""Le Figaro"", ""wikidata_id"":""Q216047""} ```",24.231658935546875
hidden_test_fr_17,11537,11543,Figaro,Q216047,ORG,Q216047,Le Figaro,"```json {""wikipedia_page"":""Le Figaro"", ""wikidata_id"":""Q216047""} ```",21.530349731445312
hidden_test_fr_17,11623,11628,SÉNAT,Q215987,ORG,Q215987,Sénat,"```json {""wikipedia_page"":""Sénat"", ""wikidata_id"":""Q215987""} ```",21.199596405029297
hidden_test_fr_17,11711,11730,Union républi¬caine,Q166079,ORG,Q166079,Groupe Union républicaine,"```json { ""wikipedia_page"": ""Groupe Union républicaine"", ""wikidata_id"": ""Q166079"" } ```",25.675186157226562
hidden_test_fr_17,11755,11774,gauche républicaine,Q2320765,ORG,Q2320765,Groupe de la Gauche républicaine,"```json { ""wikipedia_page"": ""Groupe de la Gauche républicaine"", ""wikidata_id"": ""Q2320765"" } ```",25.61919593811035
hidden_test_fr_17,11806,11823,M. de Montali¬vet,Q240902,PER,Q240902,Camille de Montalivet,"```json {""wikipedia_page"": ""Camille de Montalivet"", ""wikidata_id"": ""Q240902""} ```",20.67856216430664
hidden_test_fr_17,12084,12093,M. Tolain,Q637206,PER,Q637206,Henri Tolain,"```json {""wikipedia_page"":""Henri Tolain"", ""wikidata_id"":""Q637206""} ```",25.341787338256836
hidden_test_fr_17,12108,12135,M. Barthélemy Saint Hilaire,Q1332164,PER,Q1332164,Jules Barthélemy-Saint-Hilaire,"```json { ""wikipedia_page"": ""Jules Barthélemy-Saint-Hilaire"", ""wikidata_id"": ""Q1332164"" } ```",28.844240188598633
hidden_test_fr_17,12262,12274,M. Cernuschi,Q323707,PER,Q323707,Henri Cernuschi,"```json {""wikipedia_page"":""Henri Cernuschi"", ""wikidata_id"":""Q323707""} ```",28.468278884887695
hidden_test_fr_17,12357,12373,M. de Montalivet,Q240902,PER,Q240902,Camille de Montalivet,"```json {""wikipedia_page"":""Camille de Montalivet"", ""wikidata_id"":""Q240902""} ```",25.40981674194336
hidden_test_fr_17,12374,12383,M. Peyrat,Q2839934,PER,Q2839934,Alphonse Peyrat,"```json { ""wikipedia_page"": ""Alphonse Peyrat"", ""wikidata_id"": ""Q2839934"" } ```",25.682918548583984
hidden_test_fr_17,12423,12441,Union républicaine,Q166079,ORG,Q166079,Groupe Union républicaine,"```json {""wikipedia_page"": ""Groupe Union républicaine"", ""wikidata_id"": ""Q166079""} ```",23.72832489013672
hidden_test_fr_17,12514,12537,M. Gauthier de Ru¬milly,Q3260695,PER,Q3260695,Louis-Madeleine-Clair-Hippolyte Gaulthier de Rumilly,"```json { ""wikipedia_page"": ""Louis-Madeleine-Clair-Hippolyte Gaulthier de Rumilly"", ""wikidata_id"": ""Q3260695"" } ```",25.926633834838867
hidden_test_fr_17,12722,12732,Buda-Pesth,Q1781,LOC,Q1781,Budapest,"```json {""wikipedia_page"":""Budapest"", ""wikidata_id"":""Q1781""} ```",14.918085098266602
hidden_test_fr_17,12879,12911,"M.Verhovay, journaliste hongrois",Q1421087,PER,Q1421087,Gyula Verhovay,"```json { ""wikipedia_page"": ""Gyula Verhovay"", ""wikidata_id"": ""Q1421087"" } ```",14.068628311157227
hidden_test_fr_17,13211,13220,Marseille,Q23482,LOC,Q23482,Marseille,"```json { ""wikipedia_page"": ""Marseille"", ""wikidata_id"": ""Q23482"" } ```",27.747648239135742
hidden_test_fr_18,87,102,généralCampenon,Q704909,PER,Q704909,Édouard Campenon,"```json {""wikipedia_page"":""Édouard Campenon"", ""wikidata_id"":""Q704909""} ```",15.630825996398926
hidden_test_fr_18,293,299,France,Q142,LOC,Q142,France,"```json {""wikipedia_page"":""France"", ""wikidata_id"":""Q142""} ```",13.590716361999512
hidden_test_fr_18,308,319,Répu¬blique,Q70802,ORG,Q70802,Troisième République française,"```json {""wikipedia_page"":""Troisième République française"", ""wikidata_id"":""Q70802""} ```",9.204778671264648
hidden_test_fr_18,797,803,France,Q142,LOC,Q142,France,"```json {""wikipedia_page"":""France"", ""wikidata_id"":""Q142""} ```",23.008258819580078
hidden_test_fr_18,1253,1269,général Campenon,Q704909,PER,Q704909,Édouard Campenon,"```json { ""wikipedia_page"": ""Édouard Campenon"", ""wikidata_id"": ""Q704909"" } ```",21.53418731689453
hidden_test_fr_18,1328,1334,Tonkin,Q622778,LOC,Q622778,Tonkin,"```json { ""wikipedia_page"": ""Tonkin"", ""wikidata_id"": ""Q622778"" } ```",15.331896781921387
hidden_test_fr_18,1642,1648,Pierre,NIL,PER,NIL,Pierre,"```json { ""wikipedia_page"": ""Pierre"", ""wikidata_id"": ""Q7"" } ```",0
hidden_test_fr_18,1978,1983,Marie,NIL,PER,NIL,Marie,"```json {""wikipedia_page"":"""", ""wikidata_id"":""NIL""} ```",0
hidden_test_fr_18,1985,1990,Marie,NIL,PER,NIL,Marie,"```json {""wikipedia_page"":"""",""wikidata_id"":""NIL""} ```",0
hidden_test_fr_18,2594,2599,Marie,NIL,PER,NIL,Marie,"```json {""wikipedia_page"":"""", ""wikidata_id"":""NIL""} ```",0
hidden_test_fr_18,2717,2727,JULES MARY,Q3188765,PER,Q3188765,Jules Mary,"```json {""wikipedia_page"":""Jules Mary"", ""wikidata_id"":""Q3188765""} ```",14.010028839111328
hidden_test_fr_19,14,22,New-York,Q60,LOC,Q60,New York,"```json {""wikipedia_page"":""New York"", ""wikidata_id"":""Q60""} ```",26.19888687133789
hidden_test_fr_19,89,97,New-York,Q60,LOC,Q60,New York,"```json {""wikipedia_page"":""New York"", ""wikidata_id"":""Q60""} ```",22.068544387817383
hidden_test_fr_19,268,284,Nouvelle-Orléans,Q34404,LOC,Q34404,La Nouvelle-Orléans,"```json { ""wikipedia_page"": ""La Nouvelle-Orléans"", ""wikidata_id"": ""Q34404"" } ```",25.658771514892578
hidden_test_fr_19,374,390,Nouvelle-Orléans,Q34404,LOC,Q34404,La Nouvelle-Orléans,"```json {""wikipedia_page"":""La Nouvelle-Orléans"", ""wikidata_id"":""Q34404""} ```",24.861146926879883
hidden_test_fr_19,575,583,New-York,Q60,LOC,Q60,New York,"```json { ""wikipedia_page"": ""New York"", ""wikidata_id"": ""Q60"" } ```",23.08420753479004
hidden_test_fr_19,594,610,Nouvelle-Orléans,Q34404,LOC,Q34404,La Nouvelle-Orléans,"```json {""wikipedia_page"":""La Nouvelle-Orléans"", ""wikidata_id"":""Q34404""} ```",22.787158966064453
hidden_test_fr_19,620,628,New-York,Q60,LOC,Q60,New York,"```json {""wikipedia_page"":""New York"", ""wikidata_id"":""Q60""} ```",18.89729881286621
hidden_test_fr_19,633,638,Paris,Q90,LOC,Q90,Paris,"```json { ""wikipedia_page"": ""Paris"", ""wikidata_id"": ""Q90"" } ```",18.47751808166504
hidden_test_fr_19,666,682,Nouvelle-Orléans,Q34404,LOC,Q34404,La Nouvelle-Orléans,"```json {""wikipedia_page"":""La Nouvelle-Orléans"", ""wikidata_id"":""Q34404""} ```",26.534561157226562
hidden_test_fr_19,730,746,Nouvelle-Orléans,Q34404,LOC,Q34404,La Nouvelle-Orléans,"```json {""wikipedia_page"": ""La Nouvelle-Orléans"", ""wikidata_id"": ""Q34404""} ```",25.780668258666992
hidden_test_fr_19,805,815,Atlantique,Q97,LOC,Q97,océan Atlantique,"```json {""wikipedia_page"":""océan Atlantique"", ""wikidata_id"":""Q97""} ```",20.833980560302734
hidden_test_fr_19,869,875,France,Q142,LOC,Q142,France,"```json {""wikipedia_page"":""France"", ""wikidata_id"":""Q142""} ```",17.353134155273438
hidden_test_fr_19,1197,1240,New-York C##mercial and Financial Chronicle,Q5152445,PROD,Q5152445,Commercial & Financial Chronicle,"```json {""wikipedia_page"":""Commercial & Financial Chronicle"", ""wikidata_id"":""Q5152445""} ```",19.815650939941406
hidden_test_fr_19,1319,1324,Texas,Q1439,LOC,Q1439,Texas,"```json {""wikipedia_page"":""Texas"", ""wikidata_id"":""Q1439""} ```",23.38067054748535
hidden_test_fr_19,1448,1453,PARIS,Q90,LOC,Q90,Paris,"```json {""wikipedia_page"":""Paris"", ""wikidata_id"":""Q90""} ```",20.579599380493164
hidden_test_fr_19,1907,1916,MARSEILLE,Q23482,LOC,Q23482,Marseille,"```json { ""wikipedia_page"": ""Marseille"", ""wikidata_id"": ""Q23482"" } ```",20.550100326538086
hidden_test_fr_19,1989,1998,MARK-LANE,NIL,LOC,NIL,MARK-LANE,"```json {""wikipedia_page"":""NIL"", ""wikidata_id"":""NIL""} ```",0
hidden_test_fr_19,2596,2601,MATIN,Q3224404,PROD,Q3224404,Le Matin,"```json {""wikipedia_page"":""Le Matin"", ""wikidata_id"":""Q3224404""} ```",8.235895156860352
hidden_test_fr_19,2614,2622,NEW-YORK,Q60,LOC,Q60,New York,"```json { ""wikipedia_page"": ""New York"", ""wikidata_id"": ""Q60"" } ```",24.63115119934082
hidden_test_fr_19,3122,3127,PARIS,Q90,LOC,Q90,Paris,"```json {""wikipedia_page"":""Paris"", ""wikidata_id"":""Q90""} ```",16.771442413330078
hidden_test_fr_19,3175,3180,Chili,Q298,LOC,Q298,Chili,"```json {""wikipedia_page"":""Chili"", ""wikidata_id"":""Q298""} ```",17.4665584564209
hidden_test_fr_19,3352,3357,Havre,Q42810,LOC,Q42810,Le Havre,"```json {""wikipedia_page"":""Le Havre"", ""wikidata_id"":""Q42810""} ```",20.371755599975586
hidden_test_fr_19,3361,3366,Paris,Q90,LOC,Q90,Paris,"```json {""wikipedia_page"":""Paris"", ""wikidata_id"":""Q90""} ```",14.955501556396484
hidden_test_fr_19,3410,3415,Havre,Q42810,LOC,Q42810,Le Havre,"```json {""wikipedia_page"":""Le Havre"", ""wikidata_id"":""Q42810""} ```",20.984106063842773
hidden_test_fr_19,3419,3424,Paris,Q90,LOC,Q90,Paris,"```json {""wikipedia_page"":""Paris"", ""wikidata_id"":""Q90""} ```",15.084023475646973
hidden_test_fr_19,3457,3463,Ha¬vre,Q42810,LOC,Q42810,Le Havre,"```json {""wikipedia_page"":""Le Havre"", ""wikidata_id"":""Q42810""} ```",14.83375072479248
hidden_test_fr_19,3464,3469,Rouen,Q30974,LOC,Q30974,Rouen,"```json {""wikipedia_page"":""Rouen"", ""wikidata_id"":""Q30974""} ```",17.797840118408203
hidden_test_fr_19,3482,3491,Australie,Q408,LOC,Q408,Australie,"```json {""wikipedia_page"":""Australie"", ""wikidata_id"":""Q408""} ```",11.890752792358398
hidden_test_fr_19,3530,3535,Havre,Q42810,LOC,Q42810,Le Havre,"```json {""wikipedia_page"":""Le Havre"", ""wikidata_id"":""Q42810""} ```",18.043838500976562
hidden_test_fr_19,3553,3558,Paris,Q90,LOC,Q90,Paris,"```json {""wikipedia_page"":""Paris"", ""wikidata_id"":""Q90""} ```",10.474631309509277
hidden_test_fr_19,3572,3579,Silésie,Q81720,LOC,Q81720,Silésie,"```json {""wikipedia_page"":""Silésie"", ""wikidata_id"":""Q81720""} ```",20.509136199951172
hidden_test_fr_19,3627,3632,Havre,Q42810,LOC,Q42810,Le Havre,"```json {""wikipedia_page"": ""Le Havre"", ""wikidata_id"": ""Q42810""} ```",16.884902954101562
hidden_test_fr_19,3650,3655,Paris,Q90,LOC,Q90,Paris,"```json {""wikipedia_page"":""Paris"", ""wikidata_id"":""Q90""} ```",12.040399551391602
hidden_test_fr_19,3675,3680,PARIS,Q90,LOC,Q90,Paris,"```json {""wikipedia_page"":""Paris"", ""wikidata_id"":""Q90""} ```",15.784438133239746
hidden_test_fr_19,4371,4379,LE HAVRE,Q42810,LOC,Q42810,Le Havre,"```json {""wikipedia_page"":""Le Havre"", ""wikidata_id"":""Q42810""} ```",15.670289993286133
hidden_test_fr_19,4580,4589,MARSEILLE,Q23482,LOC,Q23482,Marseille,"```json {""wikipedia_page"":""Marseille"", ""wikidata_id"":""Q23482""} ```",28.943899154663086
hidden_test_fr_19,4818,4826,BORDEAUX,Q1479,LOC,Q1479,Bordeaux,"```json {""wikipedia_page"":""Bordeaux"", ""wikidata_id"":""Q1479""} ```",24.91236686706543
hidden_test_fr_19,4994,5006,MINCING-LANE,Q6863364,LOC,Q6863364,Mincing Lane,"```json {""wikipedia_page"":""Mincing Lane"", ""wikidata_id"":""Q6863364""} ```",13.518632888793945
hidden_test_fr_19,5306,5315,Guatemala,Q774,LOC,Q774,Guatemala,"```json {""wikipedia_page"":""Guatemala"", ""wikidata_id"":""Q774""} ```",19.759809494018555
hidden_test_fr_19,5413,5418,MATIN,Q3224404,PROD,Q3224404,Le Matin,"```json { ""wikipedia_page"": ""Le Matin"", ""wikidata_id"": ""Q3224404"" } ```",6.441752910614014
hidden_test_fr_19,5431,5439,NEW-YORK,Q60,LOC,Q60,New York,"```json { ""wikipedia_page"": ""New York"", ""wikidata_id"": ""Q60"" } ```",23.1923770904541
hidden_test_fr_19,5660,5667,Chicago,Q1297,LOC,Q1297,Chicago,"```json {""wikipedia_page"":""Chicago"", ""wikidata_id"":""Q1297""} ```",21.755226135253906
hidden_test_fr_19,5887,5892,MATIN,Q3224404,PROD,Q3224404,Le Matin,"```json {""wikipedia_page"":""Le Matin"", ""wikidata_id"":""Q3224404""} ```",9.484969139099121
hidden_test_fr_19,5905,5913,NEW-YORK,Q60,LOC,Q60,New York,"```json {""wikipedia_page"":""New York"", ""wikidata_id"":""Q60""} ```",21.500869750976562
hidden_test_fr_19,6068,6076,New-York,Q60,LOC,Q60,New York,"```json {""wikipedia_page"":""New York"", ""wikidata_id"":""Q60""} ```",20.41716194152832
hidden_test_fr_19,6084,6096,Philadelphie,Q1345,LOC,Q1345,Philadelphie,"```json {""wikipedia_page"":""Philadelphie"", ""wikidata_id"":""Q1345""} ```",18.48463249206543
hidden_test_fr_19,6104,6114,Bal¬timore,Q5092,LOC,Q5092,Baltimore,"```json {""wikipedia_page"":""Baltimore"", ""wikidata_id"":""Q5092""} ```",17.18216323852539
hidden_test_fr_19,6737,6742,MATIN,Q3224404,PROD,Q3224404,Le Matin,"```json { ""wikipedia_page"": ""Le Matin"", ""wikidata_id"": ""Q3224404"" } ```",14.352729797363281
hidden_test_fr_19,6953,6961,Le Matin,Q3224404,PROD,Q3224404,Le Matin,"```json {""wikipedia_page"":""Le Matin"", ""wikidata_id"":""Q3224404""} ```",19.798418045043945
hidden_test_fr_19,7016,7021,MATIN,Q3224404,PROD,Q3224404,Le Matin,"```json {""wikipedia_page"":""Le Matin"", ""wikidata_id"":""Q3224404""} ```",12.385586738586426
hidden_test_fr_19,7170,7184,EXTRÊME ORIENT,Q42225,LOC,Q42225,Extrême-Orient,"```json {""wikipedia_page"":""Extrême-Orient"", ""wikidata_id"":""Q42225""} ```",15.002293586730957
hidden_test_fr_19,7234,7241,S. BING,Q66112,PER,Q66112,Samuel Bing,"```json { ""wikipedia_page"": ""Samuel Bing"", ""wikidata_id"": ""Q66112"" } ```",12.795021057128906
hidden_test_fr_19,7344,7376,"Dr BEEUILLAR6, avenue de Messine",NIL,LOC,NIL,"Dr BEEUILLAR6, avenue de Messine","```json {""wikipedia_page"":"""",""wikidata_id"":""NIL""} ```",0
hidden_test_fr_19,7463,7476,Mme d de lard,NIL,PER,NIL,Mme d de lard,"```json {""wikipedia_page"":""NIL"", ""wikidata_id"":""NIL""} ```",0
hidden_test_fr_19,7493,7566,M. Léopold de Gainar eseiller d'Etat et ancien directeur du Correspondant,Q55671846,PER,Q55671846,Léopold de Gaillard,"```json {""wikipedia_page"":""Léopold de Gaillard"", ""wikidata_id"":""Q55671846""} ```",12.840728759765625
hidden_test_fr_20,852,862,Magdebourg,Q1733,LOC,Q1733,Magdebourg,"```json {""wikipedia_page"":""Magdebourg"", ""wikidata_id"":""Q1733""} ```",21.76941680908203
hidden_test_fr_20,981,988,Londres,Q84,LOC,Q84,Londres,"```json {""wikipedia_page"": ""Londres"", ""wikidata_id"": ""Q84""} ```",20.574424743652344
hidden_test_fr_20,1296,1308,Mincing-Lane,Q6863364,LOC,Q6863364,Mincing Lane,"```json { ""wikipedia_page"": ""Mincing Lane"", ""wikidata_id"": ""Q6863364"" } ```",16.252330780029297
hidden_test_fr_20,2144,2153,Liverpool,Q24826,LOC,Q24826,Liverpool,"```json {""wikipedia_page"":""Liverpool"", ""wikidata_id"":""Q24826""} ```",19.57716941833496
hidden_test_fr_20,2423,2433,Pernambuco,Q40942,LOC,Q40942,Pernambouc,"```json {""wikipedia_page"":""Pernambouc"", ""wikidata_id"":""Q40942""} ```",17.0678653717041
hidden_test_fr_20,2452,2458,Vienne,Q1741,LOC,Q1741,Vienne,"```json { ""wikipedia_page"": ""Vienne"", ""wikidata_id"": ""Q1741"" } ```",21.55438804626465
hidden_test_fr_20,2534,2544,Buda-Pesth,Q1781,LOC,Q1781,Budapest,"```json {""wikipedia_page"":""Budapest"", ""wikidata_id"":""Q1781""} ```",13.812895774841309
hidden_test_fr_20,2701,2707,Prague,Q1085,LOC,Q1085,Prague,"```json {""wikipedia_page"":""Prague"", ""wikidata_id"":""Q1085""} ```",25.058834075927734
hidden_test_fr_20,2782,2789,Trieste,Q546,LOC,Q546,Trieste,"```json {""wikipedia_page"": ""Trieste"", ""wikidata_id"": ""Q546""} ```",29.279399871826172
hidden_test_fr_20,2882,2888,Anvers,Q12892,LOC,Q12892,Anvers,"```json {""wikipedia_page"":""Anvers"", ""wikidata_id"":""Q12892""} ```",25.3413143157959
hidden_test_fr_20,3171,3182,Ca¬lifornie,Q99,LOC,Q99,Californie,"```json {""wikipedia_page"":""Californie"", ""wikidata_id"":""Q99""} ```",12.90709114074707
hidden_test_fr_20,3207,3212,Plata,Q44059,LOC,Q44059,La Plata,"``` {""wikipedia_page"":""La Plata"", ""wikidata_id"":""Q44059""} ```",12.338933944702148
hidden_test_fr_20,3234,3243,Cal¬cutta,Q1348,LOC,Q1348,Calcutta,"```json { ""wikipedia_page"": ""Calcutta"", ""wikidata_id"": ""Q1348"" } ```",14.672430038452148
hidden_test_fr_20,3251,3261,Bessarabie,Q174994,LOC,Q174994,Bessarabie,"```json {""wikipedia_page"":""Bessarabie"", ""wikidata_id"":""Q174994""} ```",10.307988166809082
hidden_test_fr_20,3636,3641,Paris,Q90,LOC,Q90,Paris,"```json { ""wikipedia_page"": ""Paris"", ""wikidata_id"": ""Q90"" } ```",16.14853286743164
hidden_test_fr_20,3790,3798,Gentilly,Q640102,LOC,Q640102,Gentilly,"```json {""wikipedia_page"":""Gentilly"", ""wikidata_id"":""Q640102""} ```",24.279857635498047
hidden_test_fr_20,3799,3808,Montrouge,Q241021,LOC,Q241021,Montrouge,"```json {""wikipedia_page"":""Montrouge"", ""wikidata_id"":""Q241021""} ```",25.977766036987305
hidden_test_fr_20,3812,3818,Vanves,Q234728,LOC,Q234728,Vanves,"```json {""wikipedia_page"":""Vanves"", ""wikidata_id"":""Q234728""} ```",22.864452362060547
hidden_test_fr_20,3941,3952,Me Lanquest,NIL,PER,NIL,Me Lanquest,"```json {""wikipedia_page"":""NIL"", ""wikidata_id"":""NIL""} ```",0
hidden_test_fr_20,3982,3987,PARIS,Q90,LOC,Q90,Paris,"```json {""wikipedia_page"": ""Paris"", ""wikidata_id"": ""Q90""} ```",14.401945114135742
hidden_test_fr_20,4004,4010,Lenoir,NIL,PER,NIL,Lenoir,"```json {""wikipedia_page"":"""", ""wikidata_id"":""NIL""} ```",0
hidden_test_fr_20,4100,4117,r. de la Jus¬tice,NIL,LOC,NIL,r. de la Jus¬tice,"```json {""wikipedia_page"":""NIL"", ""wikidata_id"":""NIL""} ```",0
hidden_test_fr_20,4297,4302,Paris,Q90,LOC,Q90,Paris,"```json {""wikipedia_page"":""Paris"", ""wikidata_id"":""Q90""} ```",17.50284767150879
hidden_test_fr_20,4330,4337,Me Marc,NIL,PER,NIL,Me Marc,"```json {""wikipedia_page"":"""",""wikidata_id"":""NIL""} ```",0
hidden_test_fr_20,4355,4361,Pitaux,NIL,PER,NIL,Pitaux,"```json {""wikipedia_page"":""NIL"", ""wikidata_id"":""NIL""} ```",0
hidden_test_fr_20,4470,4477,Gautier,NIL,PER,NIL,Gautier,"```json {""wikipedia_page"":""NIL"", ""wikidata_id"":""NIL""} ```",0
hidden_test_fr_20,4690,4701,M. BOULLEUX,NIL,PER,NIL,M. BOULLEUX,"```json {""wikipedia_page"":""Marcell Boiteux"", ""wikidata_id"":""NIL""} ```",0
hidden_test_fr_20,4900,4911,cap Haitien,Q216835,LOC,Q216835,Cap-Haïtien,"```json {""wikipedia_page"": ""Cap-Haïtien"", ""wikidata_id"": ""Q216835""} ```",19.237506866455078
hidden_test_fr_20,4972,4979,Cardiff,Q10690,LOC,Q10690,Cardiff,"```json {""wikipedia_page"":""Cardiff"", ""wikidata_id"":""Q10690""} ```",27.742294311523438
hidden_test_fr_20,4981,4990,Marseille,Q23482,LOC,Q23482,Marseille,"```json {""wikipedia_page"":""Marseille"", ""wikidata_id"":""Q23482""} ```",26.527219772338867
hidden_test_fr_20,5014,5033,Cie Générale Trans.,Q1121065,ORG,Q1121065,Compagnie générale transatlantique,"```json {""wikipedia_page"": ""Compagnie générale transatlantique"", ""wikidata_id"": ""Q1121065""} ```",19.092937469482422
hidden_test_fr_20,5081,5100,Cie Générale Trans.,Q1121065,ORG,Q1121065,Compagnie générale transatlantique,"```json {""wikipedia_page"":""Compagnie générale transatlantique"", ""wikidata_id"":""Q1121065""} ```",19.928462982177734
hidden_test_fr_20,5135,5140,Havre,Q42810,LOC,Q42810,Le Havre,"```json { ""wikipedia_page"": ""Le Havre"", ""wikidata_id"": ""Q42810"" } ```",24.990013122558594
hidden_test_fr_20,5178,5186,Bordeaux,Q1479,LOC,Q1479,Bordeaux,"```json {""wikipedia_page"":""Bordeaux"", ""wikidata_id"":""Q1479""} ```",29.279380798339844
hidden_test_fr_20,5237,5242,Havre,Q42810,LOC,Q42810,Le Havre,"```json {""wikipedia_page"":""Le Havre"", ""wikidata_id"":""Q42810""} ```",24.10662841796875
hidden_test_fr_20,5274,5279,Rouen,Q30974,LOC,Q30974,Rouen,"```json {""wikipedia_page"":""Rouen"", ""wikidata_id"":""Q30974""} ```",24.486074447631836
hidden_test_fr_20,5309,5318,Dunkerque,Q45797,LOC,Q45797,Dunkerque,"```json {""wikipedia_page"":""Dunkerque"", ""wikidata_id"":""Q45797""} ```",24.6273250579834
hidden_test_fr_20,5811,5818,Bergues,Q244934,LOC,Q244934,Bergues,"```json {""wikipedia_page"": ""Bergues"", ""wikidata_id"": ""Q244934""} ```",14.174463272094727
hidden_test_fr_20,6151,6169,Banque de Roumanie,Q967861,ORG,Q967861,banque nationale de Roumanie,"```json { ""wikipedia_page"": ""banque nationale de Roumanie"", ""wikidata_id"": ""Q967861"" } ```",19.73292350769043
hidden_test_fr_20,6673,6683,Péterbourg,Q656,LOC,Q656,Saint-Pétersbourg,"```json {""wikipedia_page"":""Saint-Pétersbourg"", ""wikidata_id"":""Q656""} ```",12.28219223022461
hidden_test_fr_20,6840,6849,Francfort,Q1794,LOC,Q1794,Francfort-sur-le-Main,"```json { ""wikipedia_page"": ""Francfort-sur-le-Main"", ""wikidata_id"": ""Q1794"" } ```",22.381263732910156
hidden_test_fr_20,7117,7122,Paris,Q90,LOC,Q90,Paris,"```json {""wikipedia_page"":""Paris"", ""wikidata_id"":""Q90""} ```",12.34476375579834
hidden_test_fr_20,7198,7204,Vionne,Q1741,LOC,Q1741,Vienne,"```json {""wikipedia_page"":""Vienne"", ""wikidata_id"":""Q1741""} ```",9.763787269592285
hidden_test_fr_20,7304,7311,Londres,Q84,LOC,Q84,Londres,"```json {""wikipedia_page"": ""Londres"", ""wikidata_id"": ""Q84""} ```",12.830185890197754
hidden_test_fr_20,7486,7492,Vienne,Q1741,LOC,Q1741,Vienne,"```json {""wikipedia_page"":""Vienne"", ""wikidata_id"":""Q1741""} ```",17.651729583740234
hidden_test_fr_20,7622,7627,Paris,Q90,LOC,Q90,Paris,"```json {""wikipedia_page"":""Paris"", ""wikidata_id"":""Q90""} ```",11.561544418334961
hidden_test_fr_20,7696,7701,Paris,Q90,LOC,Q90,Paris,"```json {""wikipedia_page"":""Paris"", ""wikidata_id"":""Q90""} ```",10.022655487060547
hidden_test_fr_20,7758,7764,Berlin,Q64,LOC,Q64,Berlin,"```json {""wikipedia_page"":""Berlin"", ""wikidata_id"":""Q64""} ```",12.757319450378418
hidden_test_fr_20,8425,8430,Gènes,Q1449,LOC,Q1449,Gênes,"```json {""wikipedia_page"":""Gênes"", ""wikidata_id"":""Q1449""} ```",23.847793579101562
hidden_test_fr_20,8497,8505,Londre.s,Q84,LOC,Q84,Londres,"```json {""wikipedia_page"":""Londres"", ""wikidata_id"":""Q84""} ```",12.080663681030273
hidden_test_fr_20,8547,8553,Anvers,Q12892,LOC,Q12892,Anvers,"```json {""wikipedia_page"":""Anvers"", ""wikidata_id"":""Q12892""} ```",25.61232566833496
hidden_test_fr_20,8566,8573,Espagne,Q29,LOC,Q29,Espagne,"```json {""wikipedia_page"":""Espagne"", ""wikidata_id"":""Q29""} ```",22.152267456054688
hidden_test_fr_20,8614,8619,Paris,Q90,LOC,Q90,Paris,"```json {""wikipedia_page"":""Paris"", ""wikidata_id"":""Q90""} ```",14.771146774291992
hidden_test_fr_20,8688,8694,Berlin,Q64,LOC,Q64,Berlin,"```json {""wikipedia_page"":""Berlin"", ""wikidata_id"":""Q64""} ```",16.66590690612793
hidden_test_fr_20,8717,8726,Amsterdam,Q727,LOC,Q727,Amsterdam,"```json {""wikipedia_page"":""Amsterdam"", ""wikidata_id"":""Q727""} ```",22.98904037475586
hidden_test_fr_20,8794,8801,Londres,Q84,LOC,Q84,Londres,"```json {""wikipedia_page"":""Londres"", ""wikidata_id"":""Q84""} ```",16.657920837402344
hidden_test_fr_20,8818,8836,saint-Pésertbourgs,Q656,LOC,Q656,Saint-Pétersbourg,"```json { ""wikipedia_page"": ""Saint-Pétersbourg"", ""wikidata_id"": ""Q656"" } ```",21.025535583496094
hidden_test_fr_20,8860,8867,Londres,Q84,LOC,Q84,Londres,"```json {""wikipedia_page"": ""Londres"", ""wikidata_id"": ""Q84""} ```",16.204936981201172
hidden_test_fr_20,9061,9068,Londres,Q84,LOC,Q84,Londres,"```json {""wikipedia_page"":""Londres"", ""wikidata_id"":""Q84""} ```",15.313761711120605
hidden_test_fr_20,9276,9286,Etats-Unis,Q30,LOC,Q30,États-Unis,"```json {""wikipedia_page"":""États-Unis"", ""wikidata_id"":""Q30""} ```",18.27953338623047
hidden_test_fr_20,9348,9358,Etats-Unis,Q30,LOC,Q30,États-Unis,"```json {""wikipedia_page"":""États-Unis"", ""wikidata_id"":""Q30""} ```",17.946870803833008
hidden_test_fr_20,9516,9536,Le Gérants H. DALUET,NIL,PER,NIL,Le Gérants H. DALUET,"```json {""wikipedia_page"":""NIL"", ""wikidata_id"":""NIL""} ```",0
hidden_test_fr_20,9551,9565,Warnery frères,NIL,ORG,NIL,Warnery frères,"```json {""wikipedia_page"":""NIL"", ""wikidata_id"":""NIL""} ```",0
hidden_test_fr_20,9725,9742,COCHRANE and SONS,NIL,ORG,NIL,COCHRANE and SONS,"```json { ""wikipedia_page"":""NIL"", ""wikidata_id"":""NIL"" } ```",0
hidden_test_fr_20,9840,9846,Europe,Q46,LOC,Q46,Europe,"```json {""wikipedia_page"":""Europe"", ""wikidata_id"":""Q46""} ```",23.860919952392578
hidden_test_fr_20,10158,10182,3 — Place de l'Opéra — 3,NIL,LOC,NIL,3 — Place de l'Opéra — 3,"```json {""wikipedia_page"":""NIL"", ""wikidata_id"":""NIL""} ```",0
hidden_test_fr_21,49,58,Liverpool,Q24826,LOC,Q24826,Liverpool,"```json { ""wikipedia_page"": ""Liverpool"", ""wikidata_id"": ""Q24826"" } ```",23.8691463470459
hidden_test_fr_21,62,68,Brésil,Q155,LOC,Q155,Brésil,"``` {""wikipedia_page"":""Brésil"", ""wikidata_id"":""Q155""} ```",21.558231353759766
hidden_test_fr_21,70,78,La Plata,Q44059,LOC,Q44059,La Plata,"```json {""wikipedia_page"":""La Plata"", ""wikidata_id"":""Q44059""} ```",21.832584381103516
hidden_test_fr_21,82,87,Chili,Q298,LOC,Q298,Chili,"```json {""wikipedia_page"":""Chili"", ""wikidata_id"":""Q298""} ```",18.148330688476562
hidden_test_fr_21,153,162,Dunkerque,Q45797,LOC,Q45797,Dunkerque,"```json {""wikipedia_page"":""Dunkerque"", ""wikidata_id"":""Q45797""} ```",24.521869659423828
hidden_test_fr_21,169,177,Bordeaux,Q1479,LOC,Q1479,Bordeaux,"```json { ""wikipedia_page"": ""Bordeaux"", ""wikidata_id"": ""Q1479"" } ```",25.732622146606445
hidden_test_fr_21,179,188,Marseille,Q23482,LOC,Q23482,Marseille,"```json {""wikipedia_page"":""Marseille"", ""wikidata_id"":""Q23482""} ```",24.491222381591797
hidden_test_fr_21,192,197,Cette,Q191141,LOC,Q191141,Sète,"```json { ""wikipedia_page"": ""Sète"", ""wikidata_id"": ""Q191141"" } ```",15.273726463317871
hidden_test_fr_21,212,216,Oran,Q131818,LOC,Q131818,Oran,"```json {""wikipedia_page"":""Oran"", ""wikidata_id"":""Q131818""} ```",25.319894790649414
hidden_test_fr_21,225,229,Bône,Q45942,LOC,Q45942,Annaba,"```json {""wikipedia_page"":""Annaba"", ""wikidata_id"":""Q45942""} ```",18.57781219482422
hidden_test_fr_21,231,244,Philippeville,Q2292517,LOC,Q2292517,Skikda,"```json { ""wikipedia_page"": ""Skikda"", ""wikidata_id"": ""Q2292517"" } ```",20.76600456237793
hidden_test_fr_21,248,253,Tunis,Q3572,LOC,Q3572,Tunis,"```json {""wikipedia_page"":""Tunis"", ""wikidata_id"":""Q3572""} ```",24.004152297973633
hidden_test_fr_21,291,298,Lorient,Q71724,LOC,Q71724,Lorient,"```json {""wikipedia_page"":""Lorient"", ""wikidata_id"":""Q71724""} ```",26.551668167114258
hidden_test_fr_21,300,311,La Rochelle,Q82185,LOC,Q82185,La Rochelle,"```json {""wikipedia_page"":""La Rochelle"", ""wikidata_id"":""Q82185""} ```",25.36613655090332
hidden_test_fr_21,313,322,Rochefort,Q207587,LOC,Q207587,Rochefort,"```json {""wikipedia_page"":""Rochefort"", ""wikidata_id"":""Q207587""} ```",24.512676239013672
hidden_test_fr_21,324,337,Saint-Nazaire,Q152027,LOC,Q152027,Saint-Nazaire,"```json {""wikipedia_page"":""Saint-Nazaire"", ""wikidata_id"":""Q152027""} ```",24.530662536621094
hidden_test_fr_21,361,369,Le Havre,Q42810,LOC,Q42810,Le Havre,"```json {""wikipedia_page"":""Le Havre"", ""wikidata_id"":""Q42810""} ```",25.720422744750977
hidden_test_fr_21,395,402,Bayonne,Q134674,LOC,Q134674,Bayonne,"```json {""wikipedia_page"":""Bayonne"", ""wikidata_id"":""Q134674""} ```",26.05135726928711
hidden_test_fr_21,454,463,Dunkerque,Q45797,LOC,Q45797,Dunkerque,"```json {""wikipedia_page"":""Dunkerque"", ""wikidata_id"":""Q45797""} ```",24.986980438232422
hidden_test_fr_21,521,531,Notre-Dame,Q2981,LOC,Q2981,cathédrale Notre-Dame de Paris,"```json {""wikipedia_page"":""cathédrale Notre-Dame de Paris"", ""wikidata_id"":""Q2981""} ```",17.05899429321289
hidden_test_fr_21,686,695,Louis XIV,Q7742,PER,Q7742,Louis XIV,"```json {""wikipedia_page"":""Louis XIV"", ""wikidata_id"":""Q7742""} ```",20.686811447143555
hidden_test_fr_21,726,736,Sébastopol,Q7525,LOC,Q7525,Sébastopol,"```json {""wikipedia_page"":""Sébastopol"", ""wikidata_id"":""Q7525""} ```",17.299118041992188
hidden_test_fr_21,834,849,Sainte-Chapelle,Q193193,LOC,Q193193,Sainte-Chapelle,"```json {""wikipedia_page"":""Sainte-Chapelle"", ""wikidata_id"":""Q193193""} ```",22.534025192260742
hidden_test_fr_21,987,997,Sacré-Cœur,Q28785,LOC,Q28785,basilique du Sacré-Cœur de Montmartre,"```json { ""wikipedia_page"": ""basilique du Sacré-Cœur de Montmartre"", ""wikidata_id"": ""Q28785"" } ```",11.784975051879883
hidden_test_fr_21,1189,1216,Sainte-Clotilde (Basilique),Q1514062,LOC,Q1514062,basilique Sainte-Clotilde,"```json {""wikipedia_page"":""basilique Sainte-Clotilde"",""wikidata_id"":""Q1514062""} ```",17.092531204223633
hidden_test_fr_21,1322,1337,Arc de Triomphe,Q64436,LOC,Q64436,arc de triomphe de l'Étoile,"```json { ""wikipedia_page"": ""arc de triomphe de l'Étoile"", ""wikidata_id"": ""Q64436"" } ```",22.103736877441406
hidden_test_fr_21,1403,1444,Hôtel des Invalides (entrée place Vauban),Q188977,LOC,Q188977,hôtel des Invalides,"```json {""wikipedia_page"":""hôtel des Invalides"", ""wikidata_id"":""Q188977""} ```",23.997804641723633
hidden_test_fr_21,2057,2063,Horace,NIL,PER,NIL,Horace,"```json { ""wikipedia_page"": ""NIL"", ""wikidata_id"": ""NIL"" } ```",0
hidden_test_fr_21,2796,2810,Hôtel de Ville,Q640968,LOC,Q640968,hôtel de ville de Paris,"```json {""wikipedia_page"": ""hôtel de ville de Paris"", ""wikidata_id"": ""Q640968""} ```",23.69239044189453
hidden_test_fr_21,2974,2982,Panthéon,Q188856,LOC,Q188856,Panthéon,"```json {""wikipedia_page"":""Panthéon"", ""wikidata_id"":""Q188856""} ```",21.443063735961914
hidden_test_fr_21,3210,3217,Humbert,NIL,PER,NIL,Humbert,"```json {""wikipedia_page"":""NIL"", ""wikidata_id"":""NIL""} ```",0
hidden_test_fr_21,3367,3375,Sorbonne,Q214654,LOC,Q214654,Sorbonne,"```json {""wikipedia_page"":""Sorbonne"", ""wikidata_id"":""Q214654""} ```",20.443124771118164
hidden_test_fr_21,3408,3426,Colonne de Juillet,Q269641,LOC,Q269641,colonne de Juillet,"```json {""wikipedia_page"":""colonne de Juillet"", ""wikidata_id"":""Q269641""} ```",22.577211380004883
hidden_test_fr_21,3465,3484,Tour Jean Sans Peur,Q3533101,LOC,Q3533101,tour Jean-sans-Peur,"```json {""wikipedia_page"": ""tour Jean-sans-Peur"", ""wikidata_id"": ""Q3533101""} ```",27.23411750793457
hidden_test_fr_21,3677,3702,Château-fort de Vincennes,Q663673,LOC,Q663673,château de Vincennes,"```json {""wikipedia_page"":""château de Vincennes"", ""wikidata_id"":""Q663673""} ```",28.09813117980957
hidden_test_fr_21,3785,3790,Paris,Q90,LOC,Q90,Paris,"```json {""wikipedia_page"":""Paris"", ""wikidata_id"":""Q90""} ```",22.568342208862305
hidden_test_fr_21,3791,3812,Manufacture de Sèvres,Q653307,LOC,Q653307,manufacture nationale de Sèvres,"```json {""wikipedia_page"":""manufacture nationale de Sèvres"", ""wikidata_id"":""Q653307""} ```",27.843976974487305
hidden_test_fr_21,4106,4122,Institut Pasteur,Q391083,LOC,Q391083,institut Pasteur,"```json {""wikipedia_page"":""institut Pasteur"", ""wikidata_id"":""Q391083""} ```",28.585859298706055
hidden_test_fr_21,4224,4231,Pasteur,Q529,PER,Q529,Louis Pasteur,"```json {""wikipedia_page"":""Louis Pasteur"", ""wikidata_id"":""Q529""} ```",22.122880935668945
hidden_test_fr_21,4232,4242,Carnavalet,Q640447,LOC,Q640447,musée Carnavalet,"```json {""wikipedia_page"":""musée Carnavalet"", ""wikidata_id"":""Q640447""} ```",16.061203002929688
hidden_test_fr_21,4367,4372,Cluny,Q1124095,LOC,Q1124095,musée de Cluny,"```json {""wikipedia_page"":""musée de Cluny"", ""wikidata_id"":""Q1124095""} ```",17.16033172607422
hidden_test_fr_21,4593,4639,Conservatoire de musique (instruments anciens),NIL,LOC,NIL,Conservatoire de musique (instruments anciens),"```json {""wikipedia_page"":""NIL"",""wikidata_id"":""NIL""} ```",0
hidden_test_fr_21,4679,4687,Galliéra,Q1632912,LOC,Q1632912,musée Galliera,"```json {""wikipedia_page"":""musée Galliera"", ""wikidata_id"":""Q1632912""} ```",14.548450469970703
hidden_test_fr_21,4793,4799,Guimet,Q860994,LOC,Q860994,musée national des Arts asiatiques - Guimet,"```json {""wikipedia_page"":""musée national des Arts asiatiques - Guimet"", ""wikidata_id"":""Q860994""} ```",8.638300895690918
hidden_test_fr_21,4854,4872,Hôtel des Monnaies,Q2411384,LOC,Q2411384,hôtel de la Monnaie,"```json { ""wikipedia_page"": ""hôtel de la Monnaie"", ""wikidata_id"": ""Q2411384"" } ```",22.490869522094727
hidden_test_fr_21,5010,5019,Invalides,Q188977,LOC,Q188977,hôtel des Invalides,"```json {""wikipedia_page"":""hôtel des Invalides"", ""wikidata_id"":""Q188977""} ```",9.923409461975098
hidden_test_fr_21,5157,5175,Jardin des Plantes,Q730948,LOC,Q730948,jardin des plantes de Paris,"```json { ""wikipedia_page"": ""jardin des plantes de Paris"", ""wikidata_id"": ""Q730948"" } ```",25.998645782470703
hidden_test_fr_21,5234,5262,Museum d'histoire na¬turelle,Q838691,LOC,Q838691,Muséum national d'histoire naturelle,"```json { ""wikipedia_page"": ""Muséum national d'histoire naturelle"", ""wikidata_id"": ""Q838691"" } ```",27.693832397460938
hidden_test_fr_21,5420,5426,Louvre,Q19675,LOC,Q19675,musée du Louvre,"```json {""wikipedia_page"":""musée du Louvre"", ""wikidata_id"":""Q19675""} ```",21.799407958984375
hidden_test_fr_21,5553,5563,Luxembourg,Q1411180,LOC,Q1411180,musée du Luxembourg,"```json { ""wikipedia_page"": ""musée du Luxembourg"", ""wikidata_id"": ""Q1411180"" } ```",19.26380157470703
hidden_test_fr_21,5686,5695,Cernuschi,Q1667022,LOC,Q1667022,musée Cernuschi,"```json {""wikipedia_page"":""musée Cernuschi"", ""wikidata_id"":""Q1667022""} ```",19.571495056152344
hidden_test_fr_21,5756,5769,Saint-Germain,NIL,LOC,NIL,Saint-Germain,"```json {""wikipedia_page"":""NIL"", ""wikidata_id"":""NIL""} ```",0
hidden_test_fr_21,5905,5915,Versailles,Q2946,LOC,Q2946,château de Versailles,"```json {""wikipedia_page"": ""château de Versailles"", ""wikidata_id"": ""Q2946""} ```",18.61803436279297
hidden_test_fr_21,5984,6005,Salle du Jeu de Paume,Q805255,LOC,Q805255,salle du Jeu de paume,"```json {""wikipedia_page"":""salle du Jeu de paume"", ""wikidata_id"":""Q805255""} ```",23.716938018798828
hidden_test_fr_21,6099,6106,Arsenal,Q2256147,LOC,Q2256147,bibliothèque de l'Arsenal,"```json {""wikipedia_page"": ""bibliothèque de l'Arsenal"", ""wikidata_id"":""Q2256147""} ```",15.72527027130127
hidden_test_fr_21,6180,6202,Bibliothèque nationale,Q193563,LOC,Q193563,Bibliothèque nationale de France,"```json {""wikipedia_page"":""Bibliothèque nationale de France"", ""wikidata_id"":""Q193563""} ```",21.381574630737305
hidden_test_fr_21,6449,6457,Mazarine,Q774570,LOC,Q774570,bibliothèque Mazarine,"```json { ""wikipedia_page"": ""bibliothèque Mazarine"", ""wikidata_id"": ""Q774570"" } ```",24.867931365966797
hidden_test_fr_21,6503,6560,Bibliothèque de la Ville de Paris et travaux histo¬riques,Q2901443,LOC,Q2901443,bibliothèque historique de la Ville de Paris,"```json { ""wikipedia_page"": ""bibliothèque historique de la Ville de Paris"", ""wikidata_id"": ""Q2901443"" } ```",29.01479721069336
hidden_test_fr_21,6710,6733,Place Denfert-Rochereau,Q2097879,LOC,Q2097879,place Denfert-Rochereau,"```json {""wikipedia_page"":""place Denfert-Rochereau"", ""wikidata_id"":""Q2097879""} ```",14.77596664428711
hidden_test_fr_21,6980,6985,Seine,Q1142326,LOC,Q1142326,Seine,"```json {""wikipedia_page"": ""Seine"", ""wikidata_id"": ""Q1142326""} ```",22.411155700683594
hidden_test_fr_21,7451,7456,Paris,Q90,LOC,Q90,Paris,"```json { ""wikipedia_page"": ""Paris"", ""wikidata_id"": ""Q90"" } ```",17.077083587646484
hidden_test_fr_21,7462,7474,Hôtel Drouot,Q3145483,LOC,Q3145483,Hôtel Drouot,"```json {""wikipedia_page"":""Hôtel Drouot"", ""wikidata_id"":""Q3145483""} ```",27.715524673461914
hidden_test_fr_21,7550,7558,Mo Motel,NIL,PER,NIL,Mo Motel,"```json {""wikipedia_page"":"""", ""wikidata_id"":""NIL""} ```",0
hidden_test_fr_21,7677,7689,M. A. Bloche,NIL,PER,NIL,M. A. Bloche,"```json {""wikipedia_page"":""NIL"", ""wikidata_id"":""NIL""} ```",0
hidden_test_fr_21,7757,7767,Mo Libaude,NIL,PER,NIL,Mo Libaude,"```json {""wikipedia_page"": ""NIL"", ""wikidata_id"": ""NIL""} ```",0
hidden_test_fr_21,7934,7954,MoGaston Charpentier,NIL,PER,NIL,MoGaston Charpentier,"```json {""wikipedia_page"": ""NIL"", ""wikidata_id"": ""NIL""} ```",0
hidden_test_fr_21,7958,7976,M. Albert Linzeler,NIL,PER,NIL,M. Albert Linzeler,"```json {""wikipedia_page"":"""", ""wikidata_id"":""NIL""} ```",0
hidden_test_fr_21,8001,8023,Sébastien Faure et Cie,NIL,ORG,NIL,Sébastien Faure et Cie,"```json {""wikipedia_page"":"""", ""wikidata_id"":""NIL""} ```",0
hidden_test_fr_21,8067,8084,Journal du Peuple,Q56314226,PROD,Q56314226,Le Journal du peuple,"```json {""wikipedia_page"": ""Le Journal du peuple"", ""wikidata_id"": ""Q56314226""} ```",25.02339744567871
hidden_test_fr_21,8257,8271,Buisson et Cie,NIL,ORG,NIL,Buisson et Cie,"```json { ""wikipedia_page"": ""NIL"", ""wikidata_id"": ""NIL"" } ```",0
hidden_test_fr_21,8324,8349,"Charlier, marchand de vin",NIL,PER,NIL,"Charlier, marchand de vin","```json {""wikipedia_page"":""NIL"", ""wikidata_id"":""NIL""} ```",0
hidden_test_fr_21,8405,8435,"Dame Deraine, marchande de vin",NIL,PER,NIL,"Dame Deraine, marchande de vin","```json {""wikipedia_page"": ""NIL"", ""wikidata_id"": ""NIL""} ```",0
hidden_test_fr_21,8567,8642,"4, rue duMelé et Duprez, Société exploitant un fonds decommerce de gainerie",NIL,PER,NIL,"4, rue duMelé et Duprez, Société exploitant un fonds decommerce de gainerie","```json {""wikipedia_page"":""NIL"",""wikidata_id"":""NIL""} ```",0
hidden_test_fr_21,8664,8688,"Pelloux, marchand de vin",NIL,PER,NIL,"Pelloux, marchand de vin","```json {""wikipedia_page"":"""", ""wikidata_id"":""NIL""} ```",0
hidden_test_fr_21,8743,8766,"Rovier, marchand de vin",NIL,PER,NIL,"Rovier, marchand de vin","```json {""wikipedia_page"":"""", ""wikidata_id"":""NIL"" } ```",0
hidden_test_fr_21,9225,9243,"BONNARDEL, tanneur",NIL,PER,NIL,"BONNARDEL, tanneur","```json {""wikipedia_page"":""NIL"", ""wikidata_id"":""NIL""} ```",0
hidden_test_fr_21,9245,9249,Lyon,Q456,LOC,Q456,Lyon,"```json {""wikipedia_page"": ""Lyon"", ""wikidata_id"": ""Q456""} ```",24.36725425720215
hidden_test_fr_21,9396,9408,M. de Vançay,NIL,PER,NIL,M. de Vançay,"```json {""wikipedia_page"":"""", ""wikidata_id"":""NIL""} ```",0
hidden_test_fr_21,9479,9485,Horace,NIL,PER,NIL,Horace,"```json {""wikipedia_page"":""NIL"", ""wikidata_id"":""NIL""} ```",0
hidden_test_fr_21,9644,9663,CHARLOTTE DE NANGIS,NIL,PER,NIL,CHARLOTTE DE NANGIS,"```json {""wikipedia_page"": """", ""wikidata_id"": ""NIL""} ```",0
hidden_test_fr_21,9847,9860,Mme de Nangis,NIL,PER,NIL,Mme de Nangis,"```json {""wikipedia_page"":""NIL"", ""wikidata_id"":""NIL""} ```",0
hidden_test_fr_21,10054,10061,Liliane,NIL,PER,NIL,Liliane,"```json {""wikipedia_page"":""NIL"", ""wikidata_id"":""NIL""} ```",0
hidden_test_fr_22,32,54,GrandsMagasins Dufayel,Q1543030,LOC,Q1543030,Grands Magasins Dufayel,"```json {""wikipedia_page"":""Grands Magasins Dufayel"", ""wikidata_id"":""Q1543030""} ```",23.8587646484375
hidden_test_fr_22,478,483,MATIN,Q3224404,PROD,Q3224404,Le Matin,"```json {""wikipedia_page"":""Le Matin"", ""wikidata_id"":""Q3224404""} ```",14.122713088989258
hidden_test_fr_22,524,534,Léon SAZIE,Q3271324,PER,Q3271324,Léon Sazie,"```json {""wikipedia_page"": ""Léon Sazie"", ""wikidata_id"": ""Q3271324""} ```",22.76807403564453
hidden_test_fr_22,606,610,Riri,NIL,PER,NIL,Riri,"```json {""wikipedia_page"":""NIL"", ""wikidata_id"":""NIL""} ```",0
hidden_test_fr_22,834,838,Riri,NIL,PER,NIL,Riri,"```json {""wikipedia_page"": ""NIL"", ""wikidata_id"": ""NIL""} ```",0
hidden_test_fr_22,1101,1105,Riri,NIL,PER,NIL,Riri,"```json {""wikipedia_page"":""NIL"", ""wikidata_id"":""NIL""} ```",0
hidden_test_fr_22,1115,1129,rue de la Paix,Q3141845,LOC,Q3141845,rue de la Paix,"```json {""wikipedia_page"":""rue de la Paix"", ""wikidata_id"":""Q3141845""} ```",22.859529495239258
hidden_test_fr_22,1162,1178,banquierMontreil,NIL,PER,NIL,banquierMontreil,"```json {""wikipedia_page"":""NIL"", ""wikidata_id"":""NIL""} ```",0
hidden_test_fr_22,1330,1340,Léon Sazie,Q3271324,PER,Q3271324,Léon Sazie,"```json { ""wikipedia_page"": ""Léon Sazie"", ""wikidata_id"": ""Q3271324"" } ```",35.759986877441406
hidden_test_fr_22,1344,1367,comte de la Guairinière,NIL,PER,NIL,comte de la Guairinière,"```json {""wikipedia_page"":"""", ""wikidata_id"":""NIL""} ```",0
hidden_test_fr_22,1523,1527,Riri,NIL,PER,NIL,Riri,"```json {""wikipedia_page"":"""", ""wikidata_id"":""NIL""} ```",0
hidden_test_fr_22,1786,1794,don Juan,Q210372,PER,Q210372,Don Juan,"```json {""wikipedia_page"":""Don Juan"", ""wikidata_id"":""Q210372""} ```",13.245220184326172
hidden_test_fr_22,1945,1949,Riri,NIL,PER,NIL,Riri,"```json {""wikipedia_page"":""NIL"", ""wikidata_id"":""NIL""} ```",0
hidden_test_fr_22,2203,2226,comte de la Guairinière,NIL,PER,NIL,comte de la Guairinière,"```json {""wikipedia_page"":""NIL"", ""wikidata_id"":""NIL""} ```",0
hidden_test_fr_22,2388,2401,Riri la Jolie,NIL,PER,NIL,Riri la Jolie,"```json {""wikipedia_page"":"""", ""wikidata_id"":""NIL""} ```",0
hidden_test_fr_22,2418,2431,Mme Ménardier,NIL,PER,NIL,Mme Ménardier,"```json {""wikipedia_page"":""NIL"", ""wikidata_id"":""NIL""} ```",0
hidden_test_fr_22,2547,2551,Riri,NIL,PER,NIL,Riri,"```json {""wikipedia_page"":"""", ""wikidata_id"":""NIL""} ```",0
hidden_test_fr_22,2641,2651,jolie Riri,NIL,PER,NIL,jolie Riri,"```json {""wikipedia_page"":""NIL"", ""wikidata_id"":""NIL""} ```",0
hidden_test_fr_22,2709,2732,comte de la Guairinière,NIL,PER,NIL,comte de la Guairinière,"```json { ""wikipedia_page"": ""NIL"", ""wikidata_id"": ""NIL"" } ```",0
hidden_test_fr_22,2892,2896,Riri,NIL,PER,NIL,Riri,"```json { ""wikipedia_page"": ""NIL"", ""wikidata_id"": ""NIL"" } ```",0
hidden_test_fr_22,3045,3049,Riri,NIL,PER,NIL,Riri,"```json { ""wikipedia_page"": ""NIL"", ""wikidata_id"": ""NIL"" } ```",0
hidden_test_fr_22,3056,3066,jolie Riri,NIL,PER,NIL,jolie Riri,"```json {""wikipedia_page"":"""", ""wikidata_id"":""NIL""} ```",0
hidden_test_fr_22,3151,3167,Rirette la Jolie,NIL,PER,NIL,Rirette la Jolie,"```json {""wikipedia_page"":""NIL"", ""wikidata_id"":""NIL""} ```",0
hidden_test_fr_22,3204,3215,Pauvre Riri,NIL,PER,NIL,Pauvre Riri,"```json {""wikipedia_page"":""NIL"", ""wikidata_id"":""NIL""} ```",0
hidden_test_fr_22,3218,3234,Malheureuse Riri,NIL,PER,NIL,Malheureuse Riri,"```json { ""wikipedia_page"": """", ""wikidata_id"": ""NIL"" } ```",0
hidden_test_fr_22,4092,4096,Riri,NIL,PER,NIL,Riri,"```json {""wikipedia_page"":""NIL"", ""wikidata_id"":""NIL""} ```",0
hidden_test_fr_22,4583,4587,Riri,NIL,PER,NIL,Riri,"```json {""wikipedia_page"":"""",""wikidata_id"":""NIL""} ```",0
hidden_test_fr_22,5051,5068,passage Ganne¬ron,Q3367901,LOC,Q3367901,passage Ganneron,"```json {""wikipedia_page"":""passage Ganneron"", ""wikidata_id"":""Q3367901""} ```",13.789529800415039
hidden_test_fr_22,5234,5251,Mademoiselle Riri,NIL,PER,NIL,Mademoiselle Riri,"```json {""wikipedia_page"":"""",""wikidata_id"":""NIL""} ```",0
hidden_test_fr_22,5380,5384,Riri,NIL,PER,NIL,Riri,"```json {""wikipedia_page"":"""", ""wikidata_id"":""NIL""} ```",0
hidden_test_fr_22,5581,5591,Mme Thomas,NIL,PER,NIL,Mme Thomas,"```json {""wikipedia_page"":""NIL"", ""wikidata_id"":""NIL""} ```",0
hidden_test_fr_22,5906,5910,Riri,NIL,PER,NIL,Riri,"```json {""wikipedia_page"":"""",""wikidata_id"":""NIL""} ```",0
hidden_test_fr_22,6321,6334,brave Fernand,NIL,PER,NIL,brave Fernand,"```json {""wikipedia_page"":""NIL"", ""wikidata_id"":""NIL""} ```",0
hidden_test_fr_22,6698,6705,Rirette,NIL,PER,NIL,Rirette,"```json {""wikipedia_page"":""NIL"", ""wikidata_id"":""NIL""} ```",0
hidden_test_fr_22,6828,6838,Mme Thomas,NIL,PER,NIL,Mme Thomas,"```json {""wikipedia_page"":""NIL"",""wikidata_id"":""NIL""} ```",0
hidden_test_fr_22,7204,7208,Riri,NIL,PER,NIL,Riri,"```json {""wikipedia_page"":"""", ""wikidata_id"":""NIL""} ```",0
hidden_test_fr_22,8079,8083,Riri,NIL,PER,NIL,Riri,"```json {""wikipedia_page"":""NIL"", ""wikidata_id"":""NIL""} ```",0
hidden_test_fr_22,8244,8257,madame Thomas,NIL,PER,NIL,madame Thomas,"```json {""wikipedia_page"":""NIL"", ""wikidata_id"":""NIL""} ```",0
hidden_test_fr_22,8302,8307,Paris,Q90,LOC,Q90,Paris,"```json {""wikipedia_page"":""Paris"", ""wikidata_id"":""Q90""} ```",22.220338821411133
hidden_test_fr_22,8440,8450,Mme Thomas,NIL,PER,NIL,Mme Thomas,"```json {""wikipedia_page"":""NIL"", ""wikidata_id"":""NIL""} ```",0
hidden_test_fr_22,8481,8497,mademoiselle Ri¬,NIL,PER,NIL,mademoiselle Ri¬,"```json { ""wikipedia_page"": """", ""wikidata_id"": ""NIL"" } ```",0
hidden_test_fr_22,8832,8839,Rirette,NIL,PER,NIL,Rirette,"```json {""wikipedia_page"":""NIL"", ""wikidata_id"":""NIL""} ```",0
hidden_test_fr_23,401,412,Don Antonio,Q2303777,PER,Q2303777,Antoine d'Orléans,"```json {""wikipedia_page"":""Antoine d'Orléans"", ""wikidata_id"":""Q2303777""} ```",16.048646926879883
hidden_test_fr_23,1134,1145,Me PaulGaye,NIL,PER,NIL,Me PaulGaye,"```json { ""wikipedia_page"": ""NIL"", ""wikidata_id"": ""NIL"" } ```",0
hidden_test_fr_23,1187,1216,"M. Cluzel, juge d'instruction",NIL,PER,NIL,"M. Cluzel, juge d'instruction","```json { ""wikipedia_page"": ""NIL"", ""wikidata_id"": ""NIL"" } ```",0
hidden_test_fr_23,1257,1275,Mme Car¬men Florès,NIL,PER,NIL,Mme Car¬men Florès,"```json {""wikipedia_page"":"""",""wikidata_id"":""NIL""} ```",0
hidden_test_fr_23,1714,1730,capitaine Sadoul,Q3159955,PER,Q3159955,Jacques Sadoul,"```json {""wikipedia_page"": ""Jacques Sadoul"", ""wikidata_id"": ""Q3159955""} ```",19.930334091186523
hidden_test_fr_23,1791,1808,M. Jacques Sadoul,Q3159955,PER,Q3159955,Jacques Sadoul,"```json { ""wikipedia_page"": ""Jacques Sadoul"", ""wikidata_id"": ""Q3159955"" } ```",29.77036476135254
hidden_test_fr_23,1837,1858,cour d'appel de Paris,Q3000978,ORG,Q3000978,cour d'appel de Paris,"```json {""wikipedia_page"":""cour d'appel de Paris"", ""wikidata_id"":""Q3000978""} ```",24.582983016967773
hidden_test_fr_23,2372,2388,capitaine Sadoul,Q3159955,PER,Q3159955,Jacques Sadoul,"```json {""wikipedia_page"": ""Jacques Sadoul"", ""wikidata_id"": ""Q3159955""} ```",19.332923889160156
hidden_test_fr_23,2493,2503,M. Sa¬doul,Q3159955,PER,Q3159955,Jacques Sadoul,"```json {""wikipedia_page"":""Jacques Sadoul"", ""wikidata_id"":""Q3159955""} ```",28.186878204345703
hidden_test_fr_23,2751,2765,Jacques Sadoul,Q3159955,PER,Q3159955,Jacques Sadoul,"```json { ""wikipedia_page"": ""Jacques Sadoul"", ""wikidata_id"": ""Q3159955"" } ```",35.27775955200195
hidden_test_fr_23,2945,2959,Jacques Sadoul,Q3159955,PER,Q3159955,Jacques Sadoul,"```json { ""wikipedia_page"": ""Jacques Sadoul"", ""wikidata_id"": ""Q3159955"" } ```",30.19346046447754
hidden_test_fr_23,3123,3137,Jacques Sadoul,Q3159955,PER,Q3159955,Jacques Sadoul,"```json {""wikipedia_page"":""Jacques Sadoul"", ""wikidata_id"":""Q3159955""} ```",33.482704162597656
hidden_test_fr_23,3260,3274,Jacques Sadoul,Q3159955,PER,Q3159955,Jacques Sadoul,"```json {""wikipedia_page"":""Jacques Sadoul"", ""wikidata_id"":""Q3159955""} ```",31.825485229492188
hidden_test_fr_23,3818,3834,capitaine Sadoul,Q3159955,PER,Q3159955,Jacques Sadoul,"```json {""wikipedia_page"": ""Jacques Sadoul"", ""wikidata_id"": ""Q3159955""} ```",22.542621612548828
hidden_test_fr_23,4228,4233,Matin,Q3224404,PROD,Q3224404,Le Matin,"```json {""wikipedia_page"":""Le Matin"", ""wikidata_id"":""Q3224404""} ```",21.617368698120117
hidden_test_fr_23,4299,4315,capitaine Sadoul,Q3159955,PER,Q3159955,Jacques Sadoul,"```json {""wikipedia_page"":""Jacques Sadoul"", ""wikidata_id"":""Q3159955""} ```",20.76536750793457
hidden_test_fr_23,4357,4366,Petrograd,Q656,LOC,Q656,Saint-Pétersbourg,"```json {""wikipedia_page"":""Saint-Pétersbourg"", ""wikidata_id"":""Q656""} ```",29.574005126953125
hidden_test_fr_23,4497,4506,Petrograd,Q656,LOC,Q656,Saint-Pétersbourg,"```json {""wikipedia_page"":""Saint-Pétersbourg"", ""wikidata_id"":""Q656""} ```",28.540395736694336
hidden_test_fr_23,4530,4547,lieutenant Pascal,Q2267959,PER,Q2267959,Pierre Pascal,"```json {""wikipedia_page"":""Pierre Pascal"", ""wikidata_id"":""Q2267959""} ```",12.454479217529297
hidden_test_fr_23,4719,4735,colonel Langlois,NIL,PER,NIL,colonel Langlois,"```json {""wikipedia_page"":"""", ""wikidata_id"":""NIL""} ```",0
hidden_test_fr_23,4740,4761,capitaine de Chevilly,NIL,PER,NIL,capitaine de Chevilly,"```json { ""wikipedia_page"": ""NIL"", ""wikidata_id"": ""NIL"" } ```",0
hidden_test_fr_23,5228,5234,France,Q142,LOC,Q142,France,"```json {""wikipedia_page"":""France"", ""wikidata_id"":""Q142""} ```",20.341243743896484
hidden_test_fr_23,5304,5310,Pascal,Q2267959,PER,Q2267959,Pierre Pascal,"```json {""wikipedia_page"":""Pierre Pascal"", ""wikidata_id"":""Q2267959""} ```",9.123636245727539
hidden_test_fr_23,5321,5327,France,Q142,LOC,Q142,France,"```json { ""wikipedia_page"": ""France"", ""wikidata_id"": ""Q142"" } ```",22.353878021240234
hidden_test_fr_23,6002,6006,Riga,Q1773,LOC,Q1773,Riga,"```json {""wikipedia_page"":""Riga"", ""wikidata_id"":""Q1773""} ```",25.5511531829834
hidden_test_fr_23,6325,6342,lieutenant Pascal,Q2267959,PER,Q2267959,Pierre Pascal,"```json {""wikipedia_page"":""Pierre Pascal"", ""wikidata_id"":""Q2267959""} ```",10.33752155303955
hidden_test_fr_23,6463,6479,lieutenantPascal,Q2267959,PER,Q2267959,Pierre Pascal,"```json { ""wikipedia_page"": ""Pierre Pascal"", ""wikidata_id"": ""Q2267959"" } ```",11.48878288269043
hidden_test_fr_23,6490,6496,Moscou,Q649,LOC,Q649,Moscou,"```json {""wikipedia_page"":""Moscou"", ""wikidata_id"":""Q649""} ```",27.64047622680664
hidden_test_fr_23,6607,6613,France,Q142,LOC,Q142,France,"```json {""wikipedia_page"":""France"", ""wikidata_id"":""Q142""} ```",22.523290634155273
hidden_test_fr_23,6806,6823,lieutenant Pascal,Q2267959,PER,Q2267959,Pierre Pascal,"```json { ""wikipedia_page"": ""Pierre Pascal"", ""wikidata_id"": ""Q2267959"" } ```",10.928196907043457
hidden_test_fr_23,6962,6967,Paris,Q90,LOC,Q90,Paris,"```json {""wikipedia_page"": ""Paris"", ""wikidata_id"": ""Q90""} ```",23.38224983215332
hidden_test_fr_23,7075,7081,France,Q142,LOC,Q142,France,"```json {""wikipedia_page"":""France"", ""wikidata_id"":""Q142""} ```",19.92580795288086
hidden_test_fr_23,7244,7250,France,Q142,LOC,Q142,France,"```json {""wikipedia_page"":""France"", ""wikidata_id"":""Q142""} ```",19.712366104125977
hidden_test_fr_23,7256,7269,maréchal Foch,Q192615,PER,Q192615,Ferdinand Foch,"```json {""wikipedia_page"":""Ferdinand Foch"", ""wikidata_id"":""Q192615""} ```",23.025859832763672
hidden_test_fr_23,7515,7520,Matin,Q3224404,PROD,Q3224404,Le Matin,"```json {""wikipedia_page"":""Le Matin"", ""wikidata_id"":""Q3224404""} ```",21.33053207397461
hidden_test_fr_23,7821,7840,Société des nations,Q38130,ORG,Q38130,Société des Nations,"```json {""wikipedia_page"":""Société des Nations"",""wikidata_id"":""Q38130""} ```",23.448627471923828
hidden_test_fr_23,7859,7876,lord Robert Cecil,Q12702,PER,Q12702,Robert Cecil,"```json {""wikipedia_page"":""Robert Cecil"", ""wikidata_id"":""Q12702""} ```",19.213096618652344
hidden_test_fr_23,8045,8062,Ligue des nations,Q38130,ORG,Q38130,Société des Nations,"```json {""wikipedia_page"": ""Société des Nations"", ""wikidata_id"": ""Q38130""} ```",29.11286735534668
hidden_test_fr_23,8415,8425,Angleterre,Q21,LOC,Q21,Angleterre,"```json {""wikipedia_page"":""Angleterre"", ""wikidata_id"":""Q21""} ```",18.314659118652344
hidden_test_fr_23,8462,8479,lord Robert Cecil,Q12702,PER,Q12702,Robert Cecil,"```json {""wikipedia_page"":""Robert Cecil"", ""wikidata_id"":""Q12702""} ```",20.997398376464844
hidden_test_fr_23,8499,8510,lord Robert,Q12702,PER,Q12702,Robert Cecil,"```json {""wikipedia_page"":""Robert Cecil"", ""wikidata_id"":""Q12702""} ```",12.71882152557373
hidden_test_fr_23,8905,8922,Ligue des nations,Q38130,ORG,Q38130,Société des Nations,"```json {""wikipedia_page"": ""Société des Nations"", ""wikidata_id"": ""Q38130""} ```",23.636796951293945
hidden_test_fr_23,9267,9283,Ligue desnations,Q38130,ORG,Q38130,Société des Nations,"```json {""wikipedia_page"": ""Société des Nations"", ""wikidata_id"": ""Q38130""} ```",22.60670280456543
hidden_test_fr_23,9809,9825,président Wilson,Q34296,PER,Q34296,Woodrow Wilson,"```json {""wikipedia_page"": ""Woodrow Wilson"", ""wikidata_id"": ""Q34296""} ```",21.92295265197754
hidden_test_fr_23,10078,10094,président Wilson,Q34296,PER,Q34296,Woodrow Wilson,"```json {""wikipedia_page"":""Woodrow Wilson"", ""wikidata_id"":""Q34296""} ```",19.869672775268555
hidden_test_fr_23,10349,10358,Allemagne,Q183,LOC,Q183,Allemagne,"```json { ""wikipedia_page"": ""Allemagne"", ""wikidata_id"": ""Q183"" } ```",16.30691146850586
hidden_test_fr_23,10992,11009,Lord Robert Cecil,Q12702,PER,Q12702,Robert Cecil,"```json {""wikipedia_page"":""Robert Cecil"", ""wikidata_id"":""Q12702""} ```",28.35066795349121
hidden_test_fr_23,11984,11990,France,Q142,LOC,Q142,France,"```json {""wikipedia_page"":""France"", ""wikidata_id"":""Q142""} ```",20.972740173339844
hidden_test_fr_23,12218,12232,M. Cle¬menceau,Q171730,PER,Q171730,Georges Clemenceau,"```json {""wikipedia_page"":""Georges Clemenceau"", ""wikidata_id"":""Q171730""} ```",30.078855514526367
hidden_test_fr_23,12304,12321,M. Léon Bourgeois,Q217706,PER,Q217706,Léon Bourgeois,"```json { ""wikipedia_page"": ""Léon Bourgeois"", ""wikidata_id"": ""Q217706"" } ```",29.080142974853516
hidden_test_fr_23,12379,12396,Ligue des nations,Q38130,ORG,Q38130,Société des Nations,"```json {""wikipedia_page"":""Société des Nations"", ""wikidata_id"":""Q38130""} ```",23.714210510253906
hidden_test_fr_24,769,798,"M.Barnaud, juge d'instruction",NIL,PER,NIL,"M.Barnaud, juge d'instruction","```json {""wikipedia_page"":""NIL"", ""wikidata_id"":""NIL""} ```",0
hidden_test_fr_24,1081,1090,M. Galmot,Q3172205,PER,Q3172205,Jean Galmot,"```json { ""wikipedia_page"": ""Jean Galmot"", ""wikidata_id"": ""Q3172205"" } ```",24.991561889648438
hidden_test_fr_24,1283,1307,Louise-Philomène Boucher,NIL,PER,NIL,Louise-Philomène Boucher,"```json { ""wikipedia_page"": ""NIL"", ""wikidata_id"": ""NIL"" } ```",0
hidden_test_fr_24,1323,1335,Saint-Lazare,Q1498170,LOC,Q1498170,prison Saint-Lazare,"```json {""wikipedia_page"":""prison Saint-Lazare"", ""wikidata_id"":""Q1498170""} ```",20.381511688232422
hidden_test_fr_24,1350,1365,Germaine Berton,Q3104167,PER,Q3104167,Germaine Berton,"```json {""wikipedia_page"":""Germaine Berton"", ""wikidata_id"":""Q3104167""} ```",36.14018249511719
hidden_test_fr_24,1466,1477,Léon Daudet,Q92562,PER,Q92562,Léon Daudet,"```json {""wikipedia_page"":""Léon Daudet"", ""wikidata_id"":""Q92562""} ```",31.53577995300293
hidden_test_fr_24,1585,1592,Maurras,Q3048,PER,Q3048,Charles Maurras,"```json {""wikipedia_page"":""Charles Maurras"", ""wikidata_id"":""Q3048""} ```",21.46834373474121
hidden_test_fr_24,1613,1628,Crédit National,Q3006240,ORG,Q3006240,Crédit national,"```json {""wikipedia_page"": ""Crédit national"", ""wikidata_id"": ""Q3006240""} ```",22.66559600830078
hidden_test_fr_24,1652,1667,M. de Lasteyrie,Q2960618,PER,Q2960618,Charles de Lasteyrie,"```json {""wikipedia_page"":""Charles de Lasteyrie"", ""wikidata_id"":""Q2960618""} ```",26.093523025512695
hidden_test_fr_24,1681,1686,Sénat,Q215987,ORG,Q215987,Sénat,"```json { ""wikipedia_page"": ""Sénat"", ""wikidata_id"": ""Q215987"" } ```",21.84221649169922
hidden_test_fr_24,1934,1940,France,Q142,LOC,Q142,France,"```json {""wikipedia_page"":""France"", ""wikidata_id"":""Q142""} ```",20.228437423706055
hidden_test_fr_24,2222,2237,Crédit national,Q3006240,ORG,Q3006240,Crédit national,"```json { ""wikipedia_page"": ""Crédit national"", ""wikidata_id"": ""Q3006240""} ```",26.170312881469727
hidden_test_fr_24,3080,3095,Crédit national,Q3006240,ORG,Q3006240,Crédit national,"```json {""wikipedia_page"":""Crédit national"", ""wikidata_id"":""Q3006240""} ```",28.15418815612793
hidden_test_fr_24,3752,3758,France,Q142,LOC,Q142,France,"```json {""wikipedia_page"": ""France"", ""wikidata_id"": ""Q142""} ```",24.032930374145508
hidden_test_fr_24,3929,3941,COTE VILLARE,NIL,ORG,NIL,COTE VILLARE,"```json {""wikipedia_page"":"""",""wikidata_id"":""NIL""} ```",0
hidden_test_fr_24,3992,4016,"23, Boul. MAGENTA, PARIS",NIL,LOC,NIL,"23, Boul. MAGENTA, PARIS","```json {""wikipedia_page"":""NIL"", ""wikidata_id"":""NIL""} ```",0
hidden_test_fr_24,4019,4036,mystérieux Achard,NIL,PER,NIL,mystérieux Achard,"```json { ""wikipedia_page"": ""NIL"", ""wikidata_id"": ""NIL"" } ```",0
hidden_test_fr_24,4083,4093,rue Vignon,Q3450336,LOC,Q3450336,rue Vignon,"```json {""wikipedia_page"":""rue Vignon"", ""wikidata_id"":""Q3450336""} ```",27.2448673248291
hidden_test_fr_24,4097,4102,Paris,Q90,LOC,Q90,Paris,"```json {""wikipedia_page"":""Paris"", ""wikidata_id"":""Q90""} ```",20.895689010620117
hidden_test_fr_24,4279,4293,"42, Grande¬Rue",NIL,LOC,NIL,"42, Grande¬Rue","```json {""wikipedia_page"":""NIL"", ""wikidata_id"":""NIL""} ```",0
hidden_test_fr_24,4529,4536,Vierzon,Q208538,LOC,Q208538,Vierzon,"```json { ""wikipedia_page"":""Vierzon"", ""wikidata_id"":""Q208538"" } ```",33.079856872558594
hidden_test_fr_24,4653,4658,SEINE,Q1471,LOC,Q1471,Seine,"```json {""wikipedia_page"":""Seine"", ""wikidata_id"":""Q1471""} ```",18.916133880615234
hidden_test_fr_24,4670,4687,pont d'Austerlitz,Q2307722,LOC,Q2307722,pont d'Austerlitz,"```json {""wikipedia_page"":""pont d'Austerlitz"", ""wikidata_id"":""Q2307722""} ```",23.493024826049805
hidden_test_fr_24,4731,4737,FRANCE,Q142,LOC,Q142,France,"```json {""wikipedia_page"":""France"", ""wikidata_id"":""Q142""} ```",19.76071548461914
hidden_test_fr_24,5452,5457,MATIN,Q3224404,PROD,Q3224404,Le Matin,"```json { ""wikipedia_page"": ""Le Matin"", ""wikidata_id"": ""Q3224404"" } ```",17.622251510620117
hidden_test_fr_24,5586,5592,M. Rex,NIL,PER,NIL,M. Rex,"```json {""wikipedia_page"":""NIL"", ""wikidata_id"":""NIL""} ```",0
hidden_test_fr_24,5824,5827,Rex,NIL,PER,NIL,Rex,"```json {""wikipedia_page"":"""", ""wikidata_id"":""NIL""} ```",0
hidden_test_fr_24,5962,5965,Rex,NIL,PER,NIL,Rex,"```json {""wikipedia_page"":""NIL"", ""wikidata_id"":""NIL""} ```",0
hidden_test_fr_24,6128,6133,Diane,NIL,PER,NIL,Diane,"```json {""wikipedia_page"":""Diane"", ""wikidata_id"":""NIL""} ```",0
hidden_test_fr_24,6321,6324,Rex,NIL,PER,NIL,Rex,"```json {""wikipedia_page"":""Rex"", ""wikidata_id"":""NIL""} ```",0
hidden_test_fr_24,6592,6595,Rex,NIL,PER,NIL,Rex,"```json {""wikipedia_page"":"""", ""wikidata_id"":""NIL""} ```",0
hidden_test_fr_24,6834,6839,Paris,Q90,LOC,Q90,Paris,"```json { ""wikipedia_page"": ""Paris"", ""wikidata_id"": ""Q90"" } ```",21.00414276123047
hidden_test_fr_24,7172,7177,Paris,Q90,LOC,Q90,Paris,"```json {""wikipedia_page"":""Paris"", ""wikidata_id"":""Q90""} ```",22.31696128845215
hidden_test_fr_24,7716,7722,Combes,NIL,PER,NIL,Combes,"```json {""wikipedia_page"": ""NIL"", ""wikidata_id"": ""NIL""} ```",0
hidden_test_fr_24,7856,7859,Rex,NIL,PER,NIL,Rex,"```json {""wikipedia_page"":""NIL"", ""wikidata_id"":""NIL""} ```",0
hidden_test_fr_24,8451,8456,Diane,NIL,PER,NIL,Diane,"```json { ""wikipedia_page"": ""Diane"", ""wikidata_id"": ""NIL"" } ```",0
hidden_test_fr_24,8925,8930,Diane,NIL,PER,NIL,Diane,"```json {""wikipedia_page"": ""NIL"", ""wikidata_id"": ""NIL""} ```",0
hidden_test_fr_24,9611,9616,Diane,NIL,PER,NIL,Diane,"```json {""wikipedia_page"":""NIL"", ""wikidata_id"":""NIL""} ```",0
hidden_test_fr_24,9838,9841,Rex,NIL,PER,NIL,Rex,"```json {""wikipedia_page"":"""",""wikidata_id"":""NIL""} ```",0
hidden_test_fr_24,10140,10146,Dia¬ne,NIL,PER,NIL,Dia¬ne,"```json {""wikipedia_page"":""NIL"", ""wikidata_id"":""NIL""} ```",0
hidden_test_fr_24,10656,10661,Paris,Q90,LOC,Q90,Paris,"```json {""wikipedia_page"": ""Paris"", ""wikidata_id"": ""Q90""} ```",25.511520385742188
hidden_test_fr_24,10956,10959,Rex,NIL,PER,NIL,Rex,"```json {""wikipedia_page"":""NIL"", ""wikidata_id"":""NIL""} ```",0
hidden_test_fr_24,10994,10999,Diane,NIL,PER,NIL,Diane,"```json { ""wikipedia_page"": ""NIL"", ""wikidata_id"": ""NIL"" } ```",0
hidden_test_fr_24,11194,11199,Diane,NIL,PER,NIL,Diane,"```json {""wikipedia_page"":""NIL"", ""wikidata_id"":""NIL""} ```",0
hidden_test_fr_24,11308,11313,Diane,NIL,PER,NIL,Diane,"```json {""wikipedia_page"":""NIL"", ""wikidata_id"":""NIL""} ```",0
hidden_test_fr_24,12208,12212,Dieu,Q190,PER,Q190,Dieu,"```json {""wikipedia_page"":""Dieu"", ""wikidata_id"":""Q190""} ```",22.29638671875
hidden_test_fr_24,12444,12453,Créa¬teur,Q190,PER,Q190,Dieu,"```json {""wikipedia_page"": ""Dieu"", ""wikidata_id"": ""Q190""} ```",13.050854682922363
hidden_test_fr_24,13066,13077,Diane Morfi,NIL,PER,NIL,Diane Morfi,"```json { ""wikipedia_page"": ""NIL"", ""wikidata_id"": ""NIL"" } ```",0
hidden_test_fr_24,13092,13095,Rex,NIL,PER,NIL,Rex,"```json {""wikipedia_page"":""NIL"", ""wikidata_id"":""NIL""} ```",0
hidden_test_fr_24,13892,13902,Rex Maltar,NIL,PER,NIL,Rex Maltar,"```json { ""wikipedia_page"": """", ""wikidata_id"": ""NIL"" } ```",0
hidden_test_fr_24,14067,14078,Rex Mal¬tar,NIL,PER,NIL,Rex Mal¬tar,"```json {""wikipedia_page"":"""", ""wikidata_id"":""NIL""} ```",0
hidden_test_fr_24,14494,14497,Rex,NIL,PER,NIL,Rex,"```json {""wikipedia_page"":""NIL"", ""wikidata_id"":""NIL""} ```",0
hidden_test_fr_24,14576,14585,Ger¬trude,NIL,PER,NIL,Ger¬trude,"```json {""wikipedia_page"":""NIL"", ""wikidata_id"":""NIL""} ```",0
hidden_test_fr_24,14712,14717,Paris,Q90,LOC,Q90,Paris,"```json { ""wikipedia_page"": ""Paris"", ""wikidata_id"": ""Q90"" } ```",20.238788604736328
hidden_test_fr_24,14768,14776,Chartres,Q130272,LOC,Q130272,Chartres,"```json { ""wikipedia_page"": ""Chartres"", ""wikidata_id"": ""Q130272"" } ```",23.84375762939453
hidden_test_fr_24,14981,14986,Diane,NIL,PER,NIL,Diane,"```json {""wikipedia_page"":""NIL"", ""wikidata_id"":""NIL""} ```",0
hidden_test_fr_24,14988,14994,Joseph,NIL,PER,NIL,Joseph,"```json {""wikipedia_page"":"""", ""wikidata_id"":""NIL""} ```",0
hidden_test_fr_25,0,8,NEW-YORK,Q60,LOC,Q60,New York,"```json {""wikipedia_page"":""New York"", ""wikidata_id"":""Q60""} ```",15.738748550415039
hidden_test_fr_25,139,144,Paris,Q90,LOC,Q90,Paris,"```json {""wikipedia_page"":""Paris"", ""wikidata_id"":""Q90""} ```",14.570012092590332
hidden_test_fr_25,173,179,Berlin,Q64,LOC,Q64,Berlin,"```json {""wikipedia_page"":""Berlin"", ""wikidata_id"":""Q64""} ```",14.654163360595703
hidden_test_fr_25,428,441,Erie Railroad,Q1353770,ORG,Q1353770,Erie Railroad,"```json {""wikipedia_page"":""Erie Railroad"", ""wikidata_id"":""Q1353770""} ```",25.216764450073242
hidden_test_fr_25,477,493,Illinois Central,Q1093332,ORG,Q1093332,Illinois Central Railroad,"```json { ""wikipedia_page"": ""Illinois Central Railroad"", ""wikidata_id"": ""Q1093332"" } ```",19.546951293945312
hidden_test_fr_25,529,545,New-York Central,Q1371464,ORG,Q1371464,New York Central Railroad,"```json {""wikipedia_page"":""New York Central Railroad"", ""wikidata_id"":""Q1371464""} ```",20.051654815673828
hidden_test_fr_25,654,669,SouthernPacific,Q1473764,ORG,Q1473764,Southern Pacific Transportation Company,"```json {""wikipedia_page"":""Southern Pacific Transportation Company"", ""wikidata_id"":""Q1473764""} ```",18.390684127807617
hidden_test_fr_25,677,690,Union Pacific,Q725793,ORG,Q725793,Union Pacific Railroad,"```json {""wikipedia_page"":""Union Pacific Railroad"", ""wikidata_id"":""Q725793""} ```",21.068923950195312
hidden_test_fr_25,1024,1034,RoyalDutch,Q154950,ORG,Q154950,Shell,"```json {""wikipedia_page"":""Royal Dutch Shell"", ""wikidata_id"":""Q154950""} ```",16.723344802856445
hidden_test_fr_25,1044,1049,Shell,Q154950,ORG,Q154950,Shell,"```json {""wikipedia_page"":""Shell"", ""wikidata_id"":""Q154950""} ```",21.291282653808594
hidden_test_fr_25,1330,1353,Electricité de la Seine,NIL,ORG,NIL,Electricité de la Seine,"```json {""wikipedia_page"":"""", ""wikidata_id"":""NIL""} ```",0
hidden_test_fr_25,1399,1420,Elect. et Gaz du Nord,NIL,ORG,NIL,Elect. et Gaz du Nord,"```json {""wikipedia_page"":""NIL"", ""wikidata_id"":""NIL""} ```",0
hidden_test_fr_25,1625,1645,Banque Nat. d'Egypte,Q4119563,ORG,Q4119563,Banque nationale d'Égypte,"```json {""wikipedia_page"": ""Banque nationale d'Égypte"", ""wikidata_id"": ""Q4119563""} ```",23.261926651000977
hidden_test_fr_25,1839,1859,Tréfileries du Havre,Q3541280,ORG,Q3541280,Tréfileries et Laminoirs du Havre,"```json { ""wikipedia_page"": ""Tréfileries et Laminoirs du Havre"", ""wikidata_id"": ""Q3541280"" } ```",14.020425796508789
hidden_test_fr_25,1997,2004,Peugeot,Q6742,ORG,Q6742,Peugeot,"```json {""wikipedia_page"":""Peugeot"", ""wikidata_id"":""Q6742""} ```",12.798246383666992
hidden_test_fr_25,2059,2068,Concordia,NIL,ORG,NIL,Concordia,"```json {""wikipedia_page"":"""",""wikidata_id"":""NIL""} ```",0
hidden_test_fr_25,2448,2464,Créd. Gén. Pétr.,NIL,ORG,NIL,Créd. Gén. Pétr.,"```json { ""wikipedia_page"": ""NIL"", ""wikidata_id"": ""NIL"" } ```",0
hidden_test_fr_25,2506,2522,Banque de France,Q806950,ORG,Q806950,Banque de France,"```json {""wikipedia_page"":""Banque de France"", ""wikidata_id"":""Q806950""} ```",22.85126304626465
hidden_test_fr_25,4088,4110,Cacttchoucs indo-Chine,NIL,ORG,NIL,Cacttchoucs indo-Chine,"```json {""wikipedia_page"":"""",""wikidata_id"":""NIL""} ```",0
hidden_test_fr_25,8841,8848,Citroën,Q6746,ORG,Q6746,Citroën,"```json { ""wikipedia_page"": ""Citroën"", ""wikidata_id"": ""Q6746"" } ```",15.182744979858398
hidden_test_fr_25,9408,9427,Créd. Gén. Pétroies,NIL,ORG,NIL,Créd. Gén. Pétroies,"```json {""wikipedia_page"":""NIL"", ""wikidata_id"":""NIL""} ```",0
hidden_test_fr_25,9526,9540,extrème-Orient,Q42225,LOC,Q42225,Extrême-Orient,"```json {""wikipedia_page"":""Extrême-Orient"", ""wikidata_id"":""Q42225""} ```",11.310142517089844
hidden_test_fr_25,10027,10041,Pointe-à-Pitre,Q335322,LOC,Q335322,Pointe-à-Pitre,"```json {""wikipedia_page"":""Pointe-à-Pitre"", ""wikidata_id"":""Q335322""} ```",18.521623611450195
hidden_test_fr_25,10062,10067,Maroc,Q1028,LOC,Q1028,Maroc,"```json {""wikipedia_page"":""Maroc"", ""wikidata_id"":""Q1028""} ```",16.154394149780273
hidden_test_fr_25,10504,10510,Brésil,Q155,LOC,Q155,Brésil,"```json {""wikipedia_page"":""Brésil"", ""wikidata_id"":""Q155""} ```",18.2895450592041
hidden_test_fr_25,11400,11424,Crédit Foncier d'Algérie,Q86675373,ORG,Q86675373,Crédit foncier d'Algérie et de Tunisie,"```json {""wikipedia_page"":""Crédit foncier d'Algérie et de Tunisie"", ""wikidata_id"":""Q86675373""} ```",23.214153289794922
hidden_test_fr_25,11443,11463,Est Asiatique Danois,NIL,ORG,NIL,Est Asiatique Danois,"```json {""wikipedia_page"":""NIL"", ""wikidata_id"":""NIL""} ```",0
hidden_test_fr_25,11512,11534,Banque de l'Indo-Chine,Q7719950,ORG,Q7719950,banque de l'Indochine,"```json {""wikipedia_page"":""banque de l'Indochine"", ""wikidata_id"":""Q7719950""} ```",23.363380432128906
hidden_test_fr_25,11639,11662,Crédit Foncier Colonial,Q3006210,ORG,Q3006210,Crédit foncier colonial,"```json { ""wikipedia_page"": ""Crédit foncier colonial"", ""wikidata_id"": ""Q3006210"" } ```",19.52303695678711
hidden_test_fr_25,12038,12048,Angleterre,Q21,LOC,Q21,Angleterre,"```json {""wikipedia_page"":""Angleterre"", ""wikidata_id"":""Q21""} ```",12.45841121673584
hidden_test_fr_25,12641,12647,Danone,Q329426,ORG,Q329426,Danone,"```json {""wikipedia_page"":""Danone"", ""wikidata_id"":""Q329426""} ```",12.769210815429688
hidden_test_fr_25,12929,12938,Sosnowice,Q105060,LOC,Q105060,Sosnowiec,"```json {""wikipedia_page"":""Sosnowiec"", ""wikidata_id"":""Q105060""} ```",13.99524211883545
hidden_test_fr_25,13026,13033,Norvège,Q20,LOC,Q20,Norvège,"```json {""wikipedia_page"":""Norvège"", ""wikidata_id"":""Q20""} ```",14.807326316833496
hidden_test_fr_25,13158,13163,Suède,Q34,LOC,Q34,Suède,"```json {""wikipedia_page"":""Suède"", ""wikidata_id"":""Q34""} ```",19.10878562927246
hidden_test_fr_26,35,43,C. G. T.,Q1125638,ORG,Q1125638,Confédération générale du travail,"```json {""wikipedia_page"":""Confédération générale du travail"", ""wikidata_id"":""Q1125638""} ```",9.696205139160156
hidden_test_fr_26,471,477,Ma¬tin,Q3224404,PROD,Q3224404,Le Matin,"```json { ""wikipedia_page"": ""Le Matin"", ""wikidata_id"": ""Q3224404"" } ```",11.752568244934082
hidden_test_fr_26,497,563,"comman¬dant Désiré Ferry, ancien minis¬tre, ancien député de Nancy",NIL,PER,NIL,"comman¬dant Désiré Ferry, ancien minis¬tre, ancien député de Nancy","```json {""wikipedia_page"":""NIL"", ""wikidata_id"":""NIL""} ```",0
hidden_test_fr_26,578,585,Piennes,Q586443,LOC,Q586443,Piennes,"```json {""wikipedia_page"":""Piennes"", ""wikidata_id"":""Q586443""} ```",29.982404708862305
hidden_test_fr_26,635,649,Pont-à-Mousson,Q461413,LOC,Q461413,Pont-à-Mousson,"```json {""wikipedia_page"": ""Pont-à-Mousson"", ""wikidata_id"": ""Q461413""} ```",40.00514602661133
hidden_test_fr_26,737,757,église Saint-Laurent,Q3582302,LOC,Q3582302,église Saint-Laurent de Pont-à-Mousson,"```json {""wikipedia_page"":""église Saint-Laurent de Pont-à-Mousson"", ""wikidata_id"":""Q3582302""} ```",29.510517120361328
hidden_test_fr_26,997,1027,général de corps d'armée Corap,Q2702473,PER,Q2702473,André Corap,"```json {""wikipedia_page"":""André Corap"", ""wikidata_id"":""Q2702473""} ```",24.391849517822266
hidden_test_fr_26,1056,1072,Légion d'honneur,Q163700,ORG,Q163700,ordre national de la Légion d'honneur,"```json { ""wikipedia_page"": ""ordre national de la Légion d'honneur"", ""wikidata_id"": ""Q163700"" } ```",26.975505828857422
hidden_test_fr_26,1087,1103,Journal officiel,Q1815103,PROD,Q1815103,Journal officiel de la République française,"```json {""wikipedia_page"":""Journal officiel de la République française"", ""wikidata_id"":""Q1815103""} ```",29.231712341308594
hidden_test_fr_26,1159,1175,Légion d'honneur,Q163700,ORG,Q163700,ordre national de la Légion d'honneur,"```json {""wikipedia_page"":""ordre national de la Légion d'honneur"", ""wikidata_id"":""Q163700""} ```",28.456676483154297
hidden_test_fr_26,2470,2486,Journal officiel,Q1815103,PROD,Q1815103,Journal officiel de la République française,"```json {""wikipedia_page"":""Journal officiel de la République française"", ""wikidata_id"":""Q1815103""} ```",23.27647590637207
hidden_test_fr_26,2757,2800,assistance aux enfantsretardés et instables,NIL,ORG,NIL,assistance aux enfantsretardés et instables,"```json {""wikipedia_page"":""NIL"", ""wikidata_id"":""NIL""} ```",0
hidden_test_fr_26,2802,2845,Assistance aux enfants retardés etinstables,NIL,ORG,NIL,Assistance aux enfants retardés etinstables,"```json { ""wikipedia_page"": ""NIL"", ""wikidata_id"": ""NIL"" } ```",0
hidden_test_fr_26,3095,3100,Paris,Q90,LOC,Q90,Paris,"```json {""wikipedia_page"":""Paris"", ""wikidata_id"":""Q90""} ```",19.860671997070312
hidden_test_fr_26,3461,3473,Louis Legras,NIL,PER,NIL,Louis Legras,"```json {""wikipedia_page"":""NIL"",""wikidata_id"":""NIL""} ```",0
hidden_test_fr_27,588,593,Paris,Q90,LOC,Q90,Paris,"```json {""wikipedia_page"": ""Paris"", ""wikidata_id"": ""Q90""} ```",7.471310138702393
hidden_test_fr_27,1035,1051,Foncier Colonial,Q3006210,ORG,Q3006210,Crédit foncier colonial,"```json {""wikipedia_page"":""Crédit foncier colonial"", ""wikidata_id"":""Q3006210""} ```",7.667264938354492
hidden_test_fr_27,1154,1172,Aciéries de Francs,NIL,ORG,NIL,Aciéries de Francs,"```json {""wikipedia_page"":""NIL"", ""wikidata_id"":""NIL""} ```",0
hidden_test_fr_27,1329,1348,Aciér. de la Harino,NIL,ORG,NIL,Aciér. de la Harino,"```json {""wikipedia_page"":""NIL"", ""wikidata_id"":""NIL""} ```",0
hidden_test_fr_27,1492,1507,Crédit Lyonnais,Q779722,ORG,Q779722,Crédit lyonnais,"```json {""wikipedia_page"": ""Crédit lyonnais"", ""wikidata_id"": ""Q779722""} ```",16.343704223632812
hidden_test_fr_27,1561,1577,Société Générala,Q270363,ORG,Q270363,Société générale,"```json {""wikipedia_page"":""Société générale"", ""wikidata_id"":""Q270363""} ```",14.060885429382324
hidden_test_fr_27,1623,1637,Crédit Foncier,Q3006216,ORG,Q3006216,Crédit foncier de France,"```json {""wikipedia_page"":""Crédit foncier de France"", ""wikidata_id"":""Q3006216""} ```",11.953530311584473
hidden_test_fr_27,1927,1942,Jsincs du Rlône,NIL,ORG,NIL,Jsincs du Rlône,"```json {""wikipedia_page"":""NIL"", ""wikidata_id"":""NIL""} ```",0
hidden_test_fr_27,2196,2208,Astra Romana,Q12721121,ORG,Q12721121,Astra Română,"```json {""wikipedia_page"":""Astra Română"", ""wikidata_id"":""Q12721121""} ```",8.593233108520508
hidden_test_fr_27,2463,2470,Orléans,Q6548,LOC,Q6548,Orléans,"```json {""wikipedia_page"":""Orléans"", ""wikidata_id"":""Q6548""} ```",13.734004974365234
hidden_test_fr_27,2524,2530,Panama,Q804,LOC,Q804,Panama,"```json { ""wikipedia_page"": ""Panama"", ""wikidata_id"": ""Q804"" } ```",12.249067306518555
hidden_test_fr_27,2711,2715,Lyon,Q456,LOC,Q456,Lyon,"```json {""wikipedia_page"":""Lyon"", ""wikidata_id"":""Q456""} ```",12.359840393066406
hidden_test_fr_27,2896,2903,Orléans,Q6548,LOC,Q6548,Orléans,"```json { ""wikipedia_page"": ""Orléans"", ""wikidata_id"": ""Q6548"" } ```",15.805604934692383
hidden_test_fr_27,3169,3175,Padang,Q7253,LOC,Q7253,Padang,"```json {""wikipedia_page"":""Padang"", ""wikidata_id"":""Q7253""} ```",7.186910629272461
hidden_test_fr_27,3648,3663,Thomson-Houston,NIL,ORG,NIL,Thomson-Houston,"```json {""wikipedia_page"":"""", ""wikidata_id"":""NIL""} ```",0
hidden_test_fr_27,3996,4007,Reyal Dutch,Q154950,ORG,Q154950,Shell,"```json {""wikipedia_page"":""Shell"", ""wikidata_id"":""Q154950""} ```",11.292896270751953
hidden_test_fr_27,4399,4407,Belgique,Q31,LOC,Q31,Belgique,"```json {""wikipedia_page"":""Belgique"", ""wikidata_id"":""Q31""} ```",18.018680572509766
hidden_test_fr_27,4438,4444,Vienne,Q1741,LOC,Q1741,Vienne,"```json {""wikipedia_page"":""Vienne"", ""wikidata_id"":""Q1741""} ```",11.911683082580566
hidden_test_fr_27,4478,4486,Roumanie,Q218,LOC,Q218,Roumanie,"```json {""wikipedia_page"":""Roumanie"", ""wikidata_id"":""Q218""} ```",20.085193634033203
hidden_test_fr_27,4553,4558,Suède,Q34,LOC,Q34,Suède,"```json {""wikipedia_page"":""Suède"", ""wikidata_id"":""Q34""} ```",21.957958221435547
hidden_test_fr_27,4606,4613,Norvège,Q20,LOC,Q20,Norvège,"```json {""wikipedia_page"":""Norvège"", ""wikidata_id"":""Q20""} ```",21.20125961303711
hidden_test_fr_27,4653,4661,Finlande,Q33,LOC,Q33,Finlande,"```json {""wikipedia_page"": ""Finlande"", ""wikidata_id"": ""Q33""} ```",19.840852737426758
hidden_test_fr_27,4699,4705,Prague,Q1085,LOC,Q1085,Prague,"```json { ""wikipedia_page"": ""Prague"", ""wikidata_id"": ""Q1085"" } ```",15.849832534790039
hidden_test_fr_27,4749,4757,Danemark,Q35,LOC,Q35,Danemark,"```json { ""wikipedia_page"": ""Danemark"", ""wikidata_id"": ""Q35"" } ```",22.931659698486328
hidden_test_fr_28,1045,1054,Amsterdam,Q727,LOC,Q727,Amsterdam,"```json {""wikipedia_page"":""Amsterdam"", ""wikidata_id"":""Q727""} ```",19.24773597717285
hidden_test_fr_28,1275,1283,Hollande,Q102911,LOC,Q102911,Hollande,"```json {""wikipedia_page"": ""Hollande"", ""wikidata_id"": ""Q102911""} ```",12.816298484802246
hidden_test_fr_28,1302,1307,Paris,Q90,LOC,Q90,Paris,"```json {""wikipedia_page"":""Paris"", ""wikidata_id"":""Q90""} ```",17.445140838623047
hidden_test_fr_28,1524,1542,banque d’Amsterdam,Q478744,ORG,Q478744,banque d'Amsterdam,"```json {""wikipedia_page"": ""banque d'Amsterdam"", ""wikidata_id"": ""Q478744""} ```",18.306486129760742
hidden_test_fr_28,1672,1680,P. T. T.,Q3399837,ORG,Q3399837,"Postes, télégraphes et téléphones","```json {""wikipedia_page"":""Postes, télégraphes et téléphones"", ""wikidata_id"":""Q3399837""} ```",11.71268081665039
hidden_test_fr_28,2135,2160,principal adjoint Ruyssen,NIL,PER,NIL,principal adjoint Ruyssen,"```json {""wikipedia_page"":""NIL"", ""wikidata_id"":""NIL""} ```",0
hidden_test_fr_28,2429,2439,André Camy,NIL,PER,NIL,André Camy,"```json {""wikipedia_page"": ""NIL"", ""wikidata_id"": ""NIL""} ```",0
hidden_test_fr_28,2443,2448,Annic,NIL,PER,NIL,Annic,"```json {""wikipedia_page"":""NIL"", ""wikidata_id"":""NIL""} ```",0
hidden_test_fr_28,2622,2630,P. T. T.,Q3399837,ORG,Q3399837,"Postes, télégraphes et téléphones","```json {""wikipedia_page"":""Postes, télégraphes et téléphones"", ""wikidata_id"":""Q3399837""} ```",16.88303565979004
hidden_test_fr_28,2633,2654,"42, rue Céline-Robert",NIL,LOC,NIL,"42, rue Céline-Robert","```json { ""wikipedia_page"":"""", ""wikidata_id"":""NIL"" } ```",0
hidden_test_fr_28,2657,2666,Vincennes,Q193819,LOC,Q193819,Vincennes,"```json { ""wikipedia_page"": ""Vincennes"", ""wikidata_id"": ""Q193819"" } ```",33.94560623168945
hidden_test_fr_28,2683,2693,André Camy,NIL,PER,NIL,André Camy,"```json {""wikipedia_page"":""NIL"", ""wikidata_id"":""NIL""} ```",0
hidden_test_fr_28,2760,2770,Talleyrand,Q160499,PER,Q160499,Charles-Maurice de Talleyrand-Périgord,"```json { ""wikipedia_page"": ""Charles-Maurice de Talleyrand-Périgord"", ""wikidata_id"": ""Q160499"" } ```",28.74492645263672
hidden_test_fr_28,2982,2992,André Camy,NIL,PER,NIL,André Camy,"```json {""wikipedia_page"":""NIL"", ""wikidata_id"":""NIL""} ```",0
hidden_test_fr_28,3011,3024,Anne Demeurer,NIL,PER,NIL,Anne Demeurer,"```json {""wikipedia_page"":""NIL"", ""wikidata_id"":""NIL""} ```",0
hidden_test_fr_28,3030,3071,"Annik, 25 ans, originaire de Plou¬neouzet",NIL,PER,NIL,"Annik, 25 ans, originaire de Plou¬neouzet","```json { ""wikipedia_page"": ""NIL"", ""wikidata_id"": ""NIL"" } ```",0
hidden_test_fr_28,3083,3131,"4, rue du Général-DoddsAnne Demeurer, dite Annik",NIL,PER,NIL,"4, rue du Général-DoddsAnne Demeurer, dite Annik","```json {""wikipedia_page"":"""",""wikidata_id"":""NIL""} ```",0
hidden_test_fr_28,3300,3310,André Camy,NIL,PER,NIL,André Camy,"```json {""wikipedia_page"":""NIL"", ""wikidata_id"":""NIL""} ```",0
hidden_test_fr_28,3830,3838,P. T. T.,Q3399837,ORG,Q3399837,"Postes, télégraphes et téléphones","```json {""wikipedia_page"":""Postes, télégraphes et téléphones"", ""wikidata_id"":""Q3399837""} ```",9.286945343017578
hidden_test_fr_28,3895,3905,André Camy,NIL,PER,NIL,André Camy,"```json { ""wikipedia_page"": ""NIL"", ""wikidata_id"": ""NIL"" } ```",0
hidden_test_fr_28,4030,4048,Loterie na¬tionale,Q3259979,ORG,Q3259979,Loterie nationale française,"```json {""wikipedia_page"":""Loterie nationale française"", ""wikidata_id"":""Q3259979""} ```",21.823848724365234
hidden_test_fr_28,4050,4060,André Camy,NIL,PER,NIL,André Camy,"```json {""wikipedia_page"":""NIL"", ""wikidata_id"":""NIL""} ```",0
hidden_test_fr_28,4284,4289,Annik,NIL,PER,NIL,Annik,"```json {""wikipedia_page"":""NIL"", ""wikidata_id"":""NIL""} ```",0
hidden_test_fr_28,4406,4413,Jeander,NIL,PER,NIL,Jeander,"```json { ""wikipedia_page"": ""NIL"", ""wikidata_id"": ""NIL"" } ```",0
hidden_test_fr_28,4577,4593,Germaine Decaris,NIL,PER,NIL,Germaine Decaris,"```json { ""wikipedia_page"": ""NIL"", ""wikidata_id"": ""NIL"" } ```",0
hidden_test_fr_28,4666,4689,capitaineLouis Bernicot,Q3261236,PER,Q3261236,Louis Bernicot,"```json {""wikipedia_page"":""Louis Bernicot"", ""wikidata_id"":""Q3261236""} ```",19.149429321289062
hidden_test_fr_28,4784,4813,Union Nationale des Croiseurs,NIL,ORG,NIL,Union Nationale des Croiseurs,"```json {""wikipedia_page"":""NIL"", ""wikidata_id"":""NIL""} ```",0
hidden_test_fr_28,4868,4880,Salle Pleyel,Q1649419,LOC,Q1649419,salle Pleyel,"```json {""wikipedia_page"": ""salle Pleyel"", ""wikidata_id"": ""Q1649419""} ```",28.597702026367188
hidden_test_fr_28,4982,4990,Carantec,Q459642,LOC,Q459642,Carantec,"```json {""wikipedia_page"":""Carantec"", ""wikidata_id"":""Q459642""} ```",20.83019256591797
hidden_test_fr_28,5096,5116,dé¬troit de Magellan,Q48365,LOC,Q48365,détroit de Magellan,"```json {""wikipedia_page"":""détroit de Magellan"", ""wikidata_id"":""Q48365""} ```",23.654918670654297
hidden_test_fr_28,5134,5156,cap de Bonne-Espérance,Q4092,LOC,Q4092,cap de Bonne-Espérance,"```json {""wikipedia_page"":""cap de Bonne-Espérance"", ""wikidata_id"":""Q4092""} ```",14.411849975585938
hidden_test_fr_28,5250,5287,"Bernard Frank,capitaine au long-cours",NIL,PER,NIL,"Bernard Frank,capitaine au long-cours","```json {""wikipedia_page"":""NIL"", ""wikidata_id"":""NIL""} ```",0
hidden_test_fr_28,5758,5770,Salle Pleyel,Q1649419,LOC,Q1649419,salle Pleyel,"```json { ""wikipedia_page"": ""salle Pleyel"", ""wikidata_id"": ""Q1649419"" } ```",30.49539566040039
hidden_test_fr_28,5963,5995,Albumgénérol d'Ameublement N° 45,NIL,PROD,NIL,Albumgénérol d'Ameublement N° 45,"```json {""wikipedia_page"":"""",""wikidata_id"":""NIL""} ```",0
hidden_test_fr_29,197,206,Groënland,Q223,LOC,Q223,Groenland,"```json {""wikipedia_page"":""Groenland"", ""wikidata_id"":""Q223""} ```",17.832561492919922
hidden_test_fr_29,229,233,Pôle,Q934,LOC,Q934,pôle Nord,"```json {""wikipedia_page"":""pôle Nord"", ""wikidata_id"":""Q934""} ```",6.323920726776123
hidden_test_fr_29,684,689,Hetta,Q916942,LOC,Q916942,Hetta,"```json {""wikipedia_page"":""Hetta"", ""wikidata_id"":""Q916942""} ```",17.084672927856445
hidden_test_fr_29,1654,1659,Hetta,Q916942,LOC,Q916942,Hetta,"```json {""wikipedia_page"":""Hetta"", ""wikidata_id"":""Q916942""} ```",16.680400848388672
hidden_test_fr_29,2163,2168,Oulas,NIL,LOC,NIL,Oulas,"```json {""wikipedia_page"":""NIL"", ""wikidata_id"":""NIL""} ```",0
hidden_test_fr_29,2295,2299,Asie,Q48,LOC,Q48,Asie,"```json { ""wikipedia_page"": ""Asie"", ""wikidata_id"": ""Q48"" } ```",21.394935607910156
hidden_test_fr_29,2629,2635,Nocher,NIL,PER,NIL,Nocher,"```json {""wikipedia_page"":""NIL"", ""wikidata_id"":""NIL""} ```",0
hidden_test_fr_29,3201,3209,Amundsen,Q926,PER,Q926,Roald Amundsen,"```json {""wikipedia_page"":""Roald Amundsen"", ""wikidata_id"":""Q926""} ```",21.344295501708984
hidden_test_fr_29,3572,3581,Groënland,Q223,LOC,Q223,Groenland,"```json {""wikipedia_page"":""Groenland"", ""wikidata_id"":""Q223""} ```",17.04328155517578
hidden_test_fr_29,4053,4071,équipe C. L. A. J.,NIL,ORG,NIL,équipe C. L. A. J.,"```json {""wikipedia_page"":""NIL"", ""wikidata_id"":""NIL""} ```",0
hidden_test_fr_29,4676,4695,Académicien Tharaud,NIL,PER,NIL,Académicien Tharaud,"```json {""wikipedia_page"":""François-Tharaud"", ""wikidata_id"":""NIL""} ```",0
hidden_test_fr_29,4740,4755,François-Jérôme,NIL,PER,NIL,François-Jérôme,"```json {""wikipedia_page"":""NIL"", ""wikidata_id"":""NIL""} ```",0
hidden_test_fr_29,5053,5060,Afrique,Q15,LOC,Q15,Afrique,"```json {""wikipedia_page"":""Afrique"", ""wikidata_id"":""Q15""} ```",21.49961280822754
hidden_test_fr_29,5066,5072,Thibet,Q17252,LOC,Q17252,Tibet,"```json {""wikipedia_page"":""Tibet"", ""wikidata_id"":""Q17252""} ```",22.246143341064453
hidden_test_fr_29,5111,5117,Vosges,Q3105,LOC,Q3105,Vosges,"```json {""wikipedia_page"": ""Vosges"", ""wikidata_id"": ""Q3105""} ```",27.233558654785156
hidden_test_fr_29,5504,5510,EUROPE,Q46,LOC,Q46,Europe,"```json {""wikipedia_page"":""Europe"", ""wikidata_id"":""Q46""} ```",22.391338348388672
hidden_test_fr_29,5555,5570,M. Tharaud aîné,NIL,PER,NIL,M. Tharaud aîné,"```json { ""wikipedia_page"": ""NIL"", ""wikidata_id"": ""NIL"" } ```",0
hidden_test_fr_29,5875,5885,IIIe Reich,Q7318,ORG,Q7318,Troisième Reich,"```json { ""wikipedia_page"": ""Troisième Reich"", ""wikidata_id"": ""Q7318"" } ```",22.384849548339844
hidden_test_fr_29,6259,6272,HEINZ ZIÉGLER,Q1982316,PER,Q1982316,Heinz Ziegler,"```json { ""wikipedia_page"": ""Heinz Ziegler"", ""wikidata_id"": ""Q1982316"" } ```",18.474821090698242
hidden_test_fr_29,6292,6297,Paris,Q90,LOC,Q90,Paris,"```json {""wikipedia_page"":""Paris"", ""wikidata_id"":""Q90""} ```",19.1218204498291
hidden_test_fr_30,139,150,Johnny King,Q16003016,PER,Q16003016,Johnny King,"```json {""wikipedia_page"":""Johnny King"", ""wikidata_id"":""Q16003016""} ```",16.466489791870117
hidden_test_fr_30,554,572,L.T.C. Saint¬Mandé,NIL,ORG,NIL,L.T.C. Saint¬Mandé,"```json { ""wikipedia_page"": ""NIL"", ""wikidata_id"": ""NIL"" } ```",0
hidden_test_fr_30,1126,1143,Stade Clermontois,Q3495939,ORG,Q3495939,Stade clermontois,"```json {""wikipedia_page"":""Stade clermontois"", ""wikidata_id"":""Q3495939""} ```",28.48197364807129
hidden_test_fr_30,1147,1153,U.A.I.,NIL,ORG,NIL,U.A.I.,"```json {""wikipedia_page"":""NIL"", ""wikidata_id"":""NIL""} ```",0
hidden_test_fr_30,1159,1174,S.C.A Orléanais,NIL,ORG,NIL,S.C.A Orléanais,"```json { ""wikipedia_page"": ""NIL"", ""wikidata_id"": ""NIL"" } ```",0
hidden_test_fr_30,1739,1747,New-York,Q60,LOC,Q60,New York,"```json {""wikipedia_page"":""New York"", ""wikidata_id"":""Q60""} ```",26.973575592041016
hidden_test_fr_30,1876,1886,JohnPhelan,NIL,PER,NIL,JohnPhelan,"```json {""wikipedia_page"":""NIL"", ""wikidata_id"":""NIL""} ```",0
hidden_test_fr_30,1963,1967,Rome,Q220,LOC,Q220,Rome,"```json {""wikipedia_page"":""Rome"", ""wikidata_id"":""Q220""} ```",28.419239044189453
hidden_test_fr_30,2067,2083,François ESTRADE,NIL,PER,NIL,François ESTRADE,"```json {""wikipedia_page"": ""NIL"", ""wikidata_id"": ""NIL""} ```",0
hidden_test_fr_30,2290,2297,Orléans,Q6548,LOC,Q6548,Orléans,"```json {""wikipedia_page"":""Orléans"", ""wikidata_id"":""Q6548""} ```",30.628557205200195
hidden_test_fr_30,2301,2317,S.C.A. Orléanais,NIL,ORG,NIL,S.C.A. Orléanais,"```json {""wikipedia_page"":""NIL"", ""wikidata_id"":""NIL""} ```",0
hidden_test_fr_30,2362,2374,Jeanne d'Arc,Q7226,PER,Q7226,Jeanne d'Arc,"```json {""wikipedia_page"":""Jeanne d'Arc"", ""wikidata_id"":""Q7226""} ```",27.200904846191406
hidden_test_fr_30,2540,2553,Marcel Cerdan,Q347201,PER,Q347201,Marcel Cerdan,"```json {""wikipedia_page"":""Marcel Cerdan"", ""wikidata_id"":""Q347201""} ```",35.227848052978516
hidden_test_fr_30,2569,2584,Cleto Locatelli,Q15090682,PER,Q15090682,Cleto Locatelli,"```json {""wikipedia_page"":""Cleto Locatelli"", ""wikidata_id"":""Q15090682""} ```",33.61712646484375
hidden_test_fr_30,2592,2599,Bouhaud,NIL,PER,NIL,Bouhaud,"```json {""wikipedia_page"":""NIL"", ""wikidata_id"":""NIL""} ```",0
hidden_test_fr_30,2649,2658,Chatillon,NIL,PER,NIL,Chatillon,"```json {""wikipedia_page"":""NIL"", ""wikidata_id"":""NIL""} ```",0
hidden_test_fr_30,2764,2769,Lebon,NIL,PER,NIL,Lebon,"```json {""wikipedia_page"": ""NIL"", ""wikidata_id"": ""NIL""} ```",0
hidden_test_fr_30,2854,2867,Marcel Cerdan,Q347201,PER,Q347201,Marcel Cerdan,"```json {""wikipedia_page"":""Marcel Cerdan"", ""wikidata_id"":""Q347201""} ```",34.44492721557617
hidden_test_fr_30,3038,3044,Cerdan,Q347201,PER,Q347201,Marcel Cerdan,"```json {""wikipedia_page"":""Marcel Cerdan"", ""wikidata_id"":""Q347201""} ```",21.217851638793945
hidden_test_fr_30,3230,3240,Debeaumont,NIL,PER,NIL,Debeaumont,"```json {""wikipedia_page"":""NIL"", ""wikidata_id"":""NIL""} ```",0
hidden_test_fr_30,3243,3248,Morin,NIL,PER,NIL,Morin,"```json {""wikipedia_page"":""NIL"", ""wikidata_id"":""NIL""} ```",0
hidden_test_fr_30,3370,3374,A.S.,NIL,ORG,NIL,A.S.,"```json { ""wikipedia_page"": ""NIL"", ""wikidata_id"": ""NIL"" } ```",0
hidden_test_fr_30,3399,3405,Phelan,NIL,PER,NIL,Phelan,"```json {""wikipedia_page"":"""", ""wikidata_id"":""NIL""} ```",0
hidden_test_fr_30,3475,3481,Khaled,NIL,PER,NIL,Khaled,"```json {""wikipedia_page"":"""", ""wikidata_id"":""NIL""} ```",0
hidden_test_fr_30,3636,3642,A.L.P.,NIL,ORG,NIL,A.L.P.,"```json { ""wikipedia_page"": ""NIL"", ""wikidata_id"": ""NIL"" } ```",0
hidden_test_fr_30,3814,3819,C. G.,NIL,PER,NIL,C. G.,"```json {""wikipedia_page"":"""", ""wikidata_id"":""NIL""} ```",0
hidden_test_fr_30,3841,3852,A.S. Bourse,NIL,ORG,NIL,A.S. Bourse,"```json {""wikipedia_page"":""NIL"", ""wikidata_id"":""NIL""} ```",0
hidden_test_fr_30,3934,3939,Cérou,NIL,LOC,NIL,Cérou,"```json {""wikipedia_page"":""NIL"", ""wikidata_id"":""NIL""} ```",0
hidden_test_fr_30,4281,4293,Ginger Foran,NIL,PER,NIL,Ginger Foran,"```json {""wikipedia_page"":"""", ""wikidata_id"":""NIL""} ```",0
hidden_test_fr_30,4355,4365,Saint-Paul,NIL,LOC,NIL,Saint-Paul,"```json { ""wikipedia_page"": ""Saint-Paul"", ""wikidata_id"": ""NIL"" } ```",0
hidden_test_fr_30,4540,4551,Jean KELLER,Q20817478,PER,Q20817478,Jean Keller,"```json {""wikipedia_page"":""Jean Keller"", ""wikidata_id"":""Q20817478""} ```",14.995159149169922
hidden_test_fr_30,4554,4569,Gunnar Baerlund,Q1385771,PER,Q1385771,Gunnar Bärlund,"```json { ""wikipedia_page"": ""Gunnar Bärlund"", ""wikidata_id"": ""Q1385771"" } ```",32.150943756103516
hidden_test_fr_30,4581,4590,Jim McVey,NIL,PER,NIL,Jim McVey,"```json {""wikipedia_page"":""NIL"", ""wikidata_id"":""NIL""} ```",0
hidden_test_fr_30,4609,4621,SanFrancisco,Q62,LOC,Q62,San Francisco,"```json {""wikipedia_page"":""San Francisco"", ""wikidata_id"":""Q62""} ```",18.742952346801758
hidden_test_fr_30,4646,4654,Goldosky,NIL,PER,NIL,Goldosky,"```json {""wikipedia_page"":""NIL"", ""wikidata_id"":""NIL""} ```",0
hidden_test_fr_30,4656,4663,Cerutti,NIL,PER,NIL,Cerutti,"```json {""wikipedia_page"":"""",""wikidata_id"":""NIL""} ```",0
hidden_test_fr_30,4677,4684,Mounier,NIL,PER,NIL,Mounier,"```json {""wikipedia_page"":"""", ""wikidata_id"":""NIL""} ```",0
hidden_test_fr_30,4686,4693,Chermet,NIL,PER,NIL,Chermet,"```json { ""wikipedia_page"": ""NIL"", ""wikidata_id"": ""NIL"" } ```",0
hidden_test_fr_30,4703,4711,J. André,NIL,PER,NIL,J. André,"```json {""wikipedia_page"": ""NIL"", ""wikidata_id"": ""NIL""} ```",0
hidden_test_fr_30,4724,4730,Mardel,NIL,PER,NIL,Mardel,"``` {""wikipedia_page"":"""", ""wikidata_id"":""NIL""} ```",0
hidden_test_fr_30,4740,4749,Philippon,NIL,PER,NIL,Philippon,"```json {""wikipedia_page"":""NIL"", ""wikidata_id"":""NIL""} ```",0
hidden_test_fr_30,4761,4767,Duffar,NIL,PER,NIL,Duffar,"```json {""wikipedia_page"":""NIL"", ""wikidata_id"":""NIL""} ```",0
hidden_test_fr_30,4842,4848,Khaled,NIL,PER,NIL,Khaled,"```json { ""wikipedia_page"": ""NIL"", ""wikidata_id"": ""NIL"" } ```",0
hidden_test_fr_30,4872,4880,Bluemels,NIL,ORG,NIL,Bluemels,"```json {""wikipedia_page"":""NIL"", ""wikidata_id"":""NIL""} ```",0
hidden_test_fr_30,5003,5016,Sixto Escobar,Q3485763,PER,Q3485763,Sixto Escobar,"```json {""wikipedia_page"":""Sixto Escobar"", ""wikidata_id"":""Q3485763""} ```",29.54952049255371
hidden_test_fr_30,5029,5039,Nat Liftin,NIL,PER,NIL,Nat Liftin,"```json { ""wikipedia_page"": ""NIL"", ""wikidata_id"": ""NIL"" } ```",0
hidden_test_fr_30,5067,5075,New-York,Q60,LOC,Q60,New York,"```json { ""wikipedia_page"": ""New York"", ""wikidata_id"": ""Q60"" } ```",27.956993103027344
hidden_test_fr_30,5126,5159,32 Rue dies PETIT/HOTEL/PARIS 10W,NIL,LOC,NIL,32 Rue dies PETIT/HOTEL/PARIS 10W,"```json {""wikipedia_page"":"""", ""wikidata_id"":""NIL""} ```",0
hidden_test_fr_30,5312,5318,Khaled,NIL,PER,NIL,Khaled,"```json {""wikipedia_page"":""NIL"", ""wikidata_id"":""NIL""} ```",0
hidden_test_fr_30,5365,5382,Toulouse-Pyrénées,Q3532898,LOC,Q3532898,Toulouse-Pyrénées,"```json {""wikipedia_page"":""Toulouse-Pyrénées"", ""wikidata_id"":""Q3532898""} ```",21.73694610595703
hidden_test_fr_30,5384,5393,Lyon-P.T.,NIL,LOC,NIL,Lyon-P.T.,"```json {""wikipedia_page"":""NIL"", ""wikidata_id"":""NIL""} ```",0
hidden_test_fr_30,5439,5453,Poste Parisien,Q3225826,LOC,Q3225826,Le Poste Parisien,"```json {""wikipedia_page"":""Le Poste Parisien"", ""wikidata_id"":""Q3225826""} ```",22.82171630859375
hidden_test_fr_30,5491,5501,Radio-Cité,Q3416608,LOC,Q3416608,Radio Cité,"```json { ""wikipedia_page"": ""Radio Cité"", ""wikidata_id"": ""Q3416608"" } ```",25.89374542236328
hidden_test_fr_30,5512,5519,Smetana,Q48173,PER,Q48173,Bedřich Smetana,"```json {""wikipedia_page"":""Bedřich Smetana"", ""wikidata_id"":""Q48173""} ```",21.325809478759766
hidden_test_fr_30,5572,5584,Paris-P.T.T.,Q3416785,LOC,Q3416785,Radio PTT,"```json {""wikipedia_page"":""Radio PTT"", ""wikidata_id"":""Q3416785""} ```",15.8621187210083
hidden_test_fr_30,5638,5652,Radio-Toulouse,Q3416877,LOC,Q3416877,Radio Toulouse,"```json {""wikipedia_page"":""Radio Toulouse"", ""wikidata_id"":""Q3416877""} ```",26.435348510742188
hidden_test_fr_30,5704,5712,Radio 37,Q3416541,LOC,Q3416541,Radio 37,"```json {""wikipedia_page"": ""Radio 37"", ""wikidata_id"": ""Q3416541""} ```",26.390512466430664
hidden_test_fr_30,5713,5724,Mistinguett,Q235507,PER,Q235507,Mistinguett,"```json {""wikipedia_page"": ""Mistinguett"", ""wikidata_id"": ""Q235507""} ```",16.601896286010742
hidden_test_fr_30,5739,5751,Paris-P.T.T.,Q3416785,LOC,Q3416785,Radio PTT,"```json {""wikipedia_page"": ""Radio PTT"", ""wikidata_id"": ""Q3416785""} ```",18.940641403198242
hidden_test_fr_30,5821,5826,Weber,Q154812,PER,Q154812,Carl Maria von Weber,"```json {""wikipedia_page"":""Carl Maria von Weber"", ""wikidata_id"":""Q154812""} ```",20.581083297729492
hidden_test_fr_30,5828,5833,Ravel,Q1178,PER,Q1178,Maurice Ravel,"```json {""wikipedia_page"": ""Maurice Ravel"", ""wikidata_id"": ""Q1178""} ```",25.988401412963867
hidden_test_fr_30,5841,5846,Dukas,Q215556,PER,Q215556,Paul Dukas,"```json { ""wikipedia_page"": ""Paul Dukas"", ""wikidata_id"": ""Q215556"" } ```",18.246601104736328
hidden_test_fr_30,5848,5854,d'Indy,Q313584,PER,Q313584,Vincent d’Indy,"```json {""wikipedia_page"":""Vincent d’Indy"", ""wikidata_id"":""Q313584""} ```",15.249049186706543
hidden_test_fr_30,5856,5866,Radio-Cité,Q3416608,LOC,Q3416608,Radio Cité,"```json {""wikipedia_page"":""Radio Cité"", ""wikidata_id"":""Q3416608""} ```",26.931175231933594
hidden_test_fr_30,5918,5929,Tour Eiffel,Q3416879,LOC,Q3416879,Radio Tour Eiffel,"```json {""wikipedia_page"": ""Radio Tour Eiffel"", ""wikidata_id"": ""Q3416879""} ```",21.94122314453125
hidden_test_fr_30,5941,5952,Radio-Paris,Q1944285,LOC,Q1944285,Radio-Paris,"```json {""wikipedia_page"":""Radio-Paris"", ""wikidata_id"":""Q1944285""} ```",25.58622169494629
hidden_test_fr_30,6100,6110,Radio-Cité,Q3416608,LOC,Q3416608,Radio Cité,"```json {""wikipedia_page"":""Radio Cité"", ""wikidata_id"":""Q3416608""} ```",25.257932662963867
hidden_test_fr_30,6173,6181,Radio-37,Q3416541,LOC,Q3416541,Radio 37,"```json { ""wikipedia_page"": ""Radio 37"", ""wikidata_id"": ""Q3416541"" } ```",19.185260772705078
hidden_test_fr_30,6280,6287,Dehette,NIL,PER,NIL,Dehette,"```json { ""wikipedia_page"": ""NIL"", ""wikidata_id"": ""NIL"" } ```",0
hidden_test_fr_30,6291,6300,Du--chêne,NIL,PER,NIL,Du--chêne,"```json {""wikipedia_page"":""NIL"", ""wikidata_id"":""NIL""} ```",0
hidden_test_fr_30,6315,6326,Radio-Paris,Q1944285,LOC,Q1944285,Radio-Paris,"```json { ""wikipedia_page"": ""Radio-Paris"", ""wikidata_id"": ""Q1944285"" } ```",27.43880271911621
hidden_test_fr_30,6358,6366,Radio-37,Q3416541,LOC,Q3416541,Radio 37,"```json {""wikipedia_page"": ""Radio 37"", ""wikidata_id"": ""Q3416541""} ```",26.562976837158203
hidden_test_fr_30,6388,6401,Ile-de-Franoe,NIL,LOC,NIL,Ile-de-Franoe,"```json {""wikipedia_page"":""NIL"", ""wikidata_id"":""NIL""} ```",0
hidden_test_fr_30,6426,6444,Radio-Méditerranée,NIL,LOC,NIL,Radio-Méditerranée,"```json {""wikipedia_page"": ""NIL"", ""wikidata_id"": ""NIL""} ```",0
hidden_test_fr_30,6468,6487,Toulouse-Pyré--nées,Q3532898,LOC,Q3532898,Toulouse-Pyrénées,"```json {""wikipedia_page"":""Toulouse-Pyrénées"", ""wikidata_id"":""Q3532898""} ```",16.466304779052734
hidden_test_fr_30,6601,6611,Radio-Cité,Q3416608,LOC,Q3416608,Radio Cité,"```json {""wikipedia_page"":""Radio Cité"",""wikidata_id"":""Q3416608""} ```",25.34599494934082
hidden_test_fr_30,6804,6811,Radio37,Q3416541,LOC,Q3416541,Radio 37,"```json {""wikipedia_page"": ""Radio 37"", ""wikidata_id"": ""Q3416541""} ```",22.365863800048828
hidden_test_fr_30,6839,6854,Mlle A.Toulouse,NIL,LOC,NIL,Mlle A.Toulouse,"```json {""wikipedia_page"":""NIL"", ""wikidata_id"":""NIL""} ```",0
hidden_test_fr_30,6932,6965,pianiste grecque MarikaPapaïoanou,NIL,PER,NIL,pianiste grecque MarikaPapaïoanou,"```json { ""wikipedia_page"":""NIL"", ""wikidata_id"":""NIL"" } ```",0
hidden_test_fr_30,6994,7026,"Alex Marodon, des Folies-Bergère",NIL,PER,NIL,"Alex Marodon, des Folies-Bergère","```json {""wikipedia_page"":""NIL"", ""wikidata_id"":""NIL""} ```",0
hidden_test_fr_30,7091,7102,Tour Eiffel,Q3416879,LOC,Q3416879,Radio Tour Eiffel,"```json {""wikipedia_page"":""Radio Tour Eiffel"", ""wikidata_id"":""Q3416879""} ```",21.10934829711914
hidden_test_fr_30,7312,7326,Poste Parisien,Q3225826,LOC,Q3225826,Le Poste Parisien,"```json {""wikipedia_page"": ""Le Poste Parisien"", ""wikidata_id"": ""Q3225826""} ```",24.862173080444336
hidden_test_fr_30,7328,7339,Radio--Cité,Q3416608,LOC,Q3416608,Radio Cité,"```json {""wikipedia_page"":""Radio Cité"",""wikidata_id"":""Q3416608""} ```",24.061979293823242
hidden_test_fr_30,7376,7387,Radio-Paris,Q1944285,LOC,Q1944285,Radio-Paris,"```json { ""wikipedia_page"": ""Radio-Paris"", ""wikidata_id"": ""Q1944285"" } ```",26.78204345703125
hidden_test_fr_30,7402,7411,Mexi--que,Q96,LOC,Q96,Mexique,"```json { ""wikipedia_page"": ""Mexique"", ""wikidata_id"": ""Q96"" } ```",19.00690269470215
hidden_test_fr_30,7660,7668,Radio-37,Q3416541,LOC,Q3416541,Radio 37,"```json {""wikipedia_page"":""Radio 37"", ""wikidata_id"":""Q3416541""} ```",22.74833869934082
hidden_test_fr_30,7696,7703,Guy Lou,NIL,PER,NIL,Guy Lou,"```json {""wikipedia_page"":""NIL"", ""wikidata_id"":""NIL""} ```",0
hidden_test_fr_30,7704,7718,Fernande Saala,NIL,PER,NIL,Fernande Saala,"```json {""wikipedia_page"":""NIL"", ""wikidata_id"":""NIL""} ```",0
hidden_test_fr_30,7722,7727,Lucas,NIL,PER,NIL,Lucas,"```json { ""wikipedia_page"": ""NIL"", ""wikidata_id"": ""NIL"" } ```",0
hidden_test_fr_30,7741,7755,Poste Parisien,Q3225826,LOC,Q3225826,Le Poste Parisien,"```json {""wikipedia_page"":""Le Poste Parisien"", ""wikidata_id"":""Q3225826""} ```",26.700054168701172
hidden_test_fr_30,7788,7799,Radio-Paris,Q1944285,LOC,Q1944285,Radio-Paris,"```json { ""wikipedia_page"": ""Radio-Paris"", ""wikidata_id"": ""Q1944285"" } ```",25.030908584594727
hidden_test_fr_30,7823,7837,Poste Parisien,Q3225826,LOC,Q3225826,Le Poste Parisien,"```json {""wikipedia_page"": ""Le Poste Parisien"", ""wikidata_id"": ""Q3225826""} ```",25.612070083618164
hidden_test_fr_30,7850,7863,Max Ré--gnier,Q15970534,PER,Q15970534,Max Régnier,"```json {""wikipedia_page"":""Max Régnier"", ""wikidata_id"":""Q15970534""} ```",28.994014739990234
hidden_test_fr_30,7893,7909,Ra--dio-Toulouse,Q3416877,LOC,Q3416877,Radio Toulouse,"```json {""wikipedia_page"": ""Radio Toulouse"", ""wikidata_id"": ""Q3416877""} ```",20.789403915405273
hidden_test_fr_30,7911,7929,Radio-Méditerranée,NIL,LOC,NIL,Radio-Méditerranée,"```json { ""wikipedia_page"": ""NIL"", ""wikidata_id"": ""NIL"" } ```",0
hidden_test_fr_30,7949,7960,Fred Adison,Q3086775,PER,Q3086775,Fred Adison,"```json {""wikipedia_page"":""Fred Adison"", ""wikidata_id"":""Q3086775""} ```",34.14653396606445
hidden_test_fr_30,7991,8005,Radio-Toulouse,Q3416877,LOC,Q3416877,Radio Toulouse,"```json { ""wikipedia_page"": ""Radio Toulouse"", ""wikidata_id"": ""Q3416877"" } ```",29.280244827270508
hidden_test_fr_30,8065,8080,Mme Frisepoulet,NIL,PER,NIL,Mme Frisepoulet,"```json {""wikipedia_page"":"""",""wikidata_id"":""NIL""} ```",0
hidden_test_fr_30,8113,8127,AlfredBachelet,Q1575391,PER,Q1575391,Alfred Bachelet,"```json {""wikipedia_page"":""Alfred Bachelet"", ""wikidata_id"":""Q1575391""} ```",30.645864486694336
hidden_test_fr_30,8149,8160,Marseil--le,Q23482,LOC,Q23482,Marseille,"```json {""wikipedia_page"":""Marseille"", ""wikidata_id"":""Q23482""} ```",21.250629425048828
hidden_test_fr_30,8175,8185,Radio-Cité,Q3416608,LOC,Q3416608,Radio Cité,"```json {""wikipedia_page"":""Radio Cité"", ""wikidata_id"":""Q3416608""} ```",27.040498733520508
hidden_test_fr_30,8324,8338,Radio-Toulouse,Q3416877,LOC,Q3416877,Radio Toulouse,"```json {""wikipedia_page"":""Radio Toulouse"", ""wikidata_id"":""Q3416877""} ```",26.52618408203125
hidden_test_fr_30,8358,8370,salle Pleyel,Q1649419,LOC,Q1649419,salle Pleyel,"```json {""wikipedia_page"":""salle Pleyel"", ""wikidata_id"":""Q1649419""} ```",22.359716415405273
hidden_test_fr_30,8373,8381,Radio 37,Q3416541,LOC,Q3416541,Radio 37,"```json {""wikipedia_page"":""Radio 37"", ""wikidata_id"":""Q3416541""} ```",26.59583854675293
hidden_test_fr_30,8418,8429,Droit--wioh,NIL,LOC,NIL,Droit--wioh,"```json {""wikipedia_page"":""NIL"", ""wikidata_id"":""NIL""} ```",0
hidden_test_fr_30,8613,8624,Radio--Cité,Q3416608,LOC,Q3416608,Radio Cité,"```json {""wikipedia_page"": ""Radio Cité"", ""wikidata_id"": ""Q3416608""} ```",26.526248931884766
hidden_test_fr_30,8626,8637,J.-J. Vital,Q3166440,PER,Q3166440,Jean-Jacques Vital,"```json {""wikipedia_page"":""Jean-Jacques Vital"", ""wikidata_id"":""Q3166440""} ```",28.931489944458008
hidden_test_fr_30,8779,8789,FredAdisor,Q3086775,PER,Q3086775,Fred Adison,"```json {""wikipedia_page"":""Fred Adison"", ""wikidata_id"":""Q3086775""} ```",30.01811408996582
hidden_test_fr_30,8843,8853,J. Simonot,NIL,PER,NIL,J. Simonot,"```json {""wikipedia_page"":""NIL"", ""wikidata_id"":""NIL""} ```",0
hidden_test_fr_30,8868,8879,Radio-Paris,Q1944285,LOC,Q1944285,Radio-Paris,"```json {""wikipedia_page"":""Radio-Paris"", ""wikidata_id"":""Q1944285""} ```",27.797542572021484
hidden_test_fr_30,8895,8911,Radio-Tou--louse,Q3416877,LOC,Q3416877,Radio Toulouse,"```json {""wikipedia_page"":""Radio Toulouse"", ""wikidata_id"":""Q3416877""} ```",18.11914825439453
hidden_test_fr_30,8945,8957,Paris-P.T.T.,Q3416785,LOC,Q3416785,Radio PTT,"```json { ""wikipedia_page"": ""Radio PTT"", ""wikidata_id"": ""Q3416785"" } ```",20.50613784790039
hidden_test_fr_30,8959,8970,Jo Bouillon,Q1689877,PER,Q1689877,Jo Bouillon,"```json {""wikipedia_page"":""Jo Bouillon"", ""wikidata_id"":""Q1689877""} ```",29.08428955078125
hidden_test_fr_30,8983,8993,Radio-Cité,Q3416608,LOC,Q3416608,Radio Cité,"```json {""wikipedia_page"":""Radio Cité"", ""wikidata_id"":""Q3416608""} ```",26.95754623413086
hidden_test_fr_30,9031,9041,Radio-Cité,Q3416608,LOC,Q3416608,Radio Cité,"```json {""wikipedia_page"":""Radio Cité"", ""wikidata_id"":""Q3416608""} ```",26.519668579101562
hidden_test_fr_30,9125,9139,Poste Parisien,Q3225826,LOC,Q3225826,Le Poste Parisien,"```json {""wikipedia_page"": ""Le Poste Parisien"", ""wikidata_id"": ""Q3225826""} ```",26.259885787963867
hidden_test_fr_30,9172,9184,Radio--Paris,Q1944285,LOC,Q1944285,Radio-Paris,"```json {""wikipedia_page"": ""Radio-Paris"", ""wikidata_id"": ""Q1944285""} ```",25.544790267944336
hidden_test_fr_30,9213,9219,Vienne,Q1741,LOC,Q1741,Vienne,"```json {""wikipedia_page"":""Vienne"", ""wikidata_id"":""Q1741""} ```",16.42929458618164
hidden_test_fr_30,9352,9366,Poste Parisien,Q3225826,LOC,Q3225826,Le Poste Parisien,"```json { ""wikipedia_page"": ""Le Poste Parisien"", ""wikidata_id"": ""Q3225826"" } ```",22.67779541015625
hidden_test_fr_30,9379,9385,Delmet,Q3371025,PER,Q3371025,Paul Delmet,"```json { ""wikipedia_page"": ""Paul Delmet"", ""wikidata_id"": ""Q3371025"" } ```",21.25254249572754
hidden_test_fr_30,9400,9410,Radio-Cité,Q3416608,LOC,Q3416608,Radio Cité,"```json {""wikipedia_page"":""Radio Cité"", ""wikidata_id"":""Q3416608""} ```",24.80911636352539
hidden_test_fr_30,9426,9431,Byrrh,Q277817,ORG,Q277817,Byrrh,"```json {""wikipedia_page"":""Byrrh"", ""wikidata_id"":""Q277817""} ```",15.978208541870117
hidden_test_fr_30,9463,9480,Toulouse-Pyrénées,Q3532898,LOC,Q3532898,Toulouse-Pyrénées,"```json {""wikipedia_page"": ""Toulouse-Pyrénées"", ""wikidata_id"": ""Q3532898""} ```",20.27877426147461
hidden_test_fr_30,9540,9550,Mme Ferrer,NIL,PER,NIL,Mme Ferrer,"```json {""wikipedia_page"":""NIL"", ""wikidata_id"":""NIL""} ```",0
hidden_test_fr_30,9687,9698,Radio-Paris,Q1944285,LOC,Q1944285,Radio-Paris,"```json {""wikipedia_page"":""Radio-Paris"", ""wikidata_id"":""Q1944285""} ```",23.690441131591797
hidden_test_fr_30,9763,9773,Radio-Cité,Q3416608,LOC,Q3416608,Radio Cité,"```json { ""wikipedia_page"": ""Radio Cité"", ""wikidata_id"": ""Q3416608"" } ```",22.465858459472656
hidden_test_fr_30,9880,9890,Radio-Cité,Q3416608,LOC,Q3416608,Radio Cité,"```json {""wikipedia_page"": ""Radio Cité"", ""wikidata_id"": ""Q3416608""} ```",23.59532356262207
hidden_test_fr_30,9993,10010,M. Charles Trenet,Q212549,PER,Q212549,Charles Trenet,"```json { ""wikipedia_page"": ""Charles Trenet"", ""wikidata_id"": ""Q212549"" } ```",15.267006874084473
hidden_test_fr_30,10503,10513,Radio-Cité,Q3416608,LOC,Q3416608,Radio Cité,"```json {""wikipedia_page"":""Radio Cité"", ""wikidata_id"":""Q3416608""} ```",18.991477966308594
hidden_test_fr_30,10545,10559,Suisse Romande,Q623585,LOC,Q623585,Radio suisse romande,"```json {""wikipedia_page"":""Radio suisse romande"", ""wikidata_id"":""Q623585""} ```",13.46409797668457
hidden_test_fr_30,10591,10627,Orchestre phil--harmonique de Dresde,Q699486,ORG,Q699486,Orchestre philharmonique de Dresde,"```json {""wikipedia_page"":""Orchestre philharmonique de Dresde"", ""wikidata_id"":""Q699486""} ```",31.53370475769043
hidden_test_fr_30,10630,10641,Tour Eiffel,Q3416879,LOC,Q3416879,Radio Tour Eiffel,"```json {""wikipedia_page"":""Radio Tour Eiffel"", ""wikidata_id"":""Q3416879""} ```",18.543804168701172
hidden_test_fr_30,10688,10709,Mlle Leila Ben Sédira,Q42529510,PER,Q42529510,Leïla Ben Sedira,"```json {""wikipedia_page"":""Leïla Ben Sedira"", ""wikidata_id"":""Q42529510""} ```",26.868953704833984
hidden_test_fr_30,10762,10768,Lecocq,Q538894,PER,Q538894,Charles Lecocq,"```json {""wikipedia_page"":""Charles Lecocq"", ""wikidata_id"":""Q538894""} ```",20.757307052612305
hidden_test_fr_30,10783,10796,PosteParisien,Q3225826,LOC,Q3225826,Le Poste Parisien,"```json {""wikipedia_page"": ""Le Poste Parisien"", ""wikidata_id"": ""Q3225826""} ```",16.783653259277344
hidden_test_fr_30,10810,10815,Paris,Q90,LOC,Q90,Paris,"```json {""wikipedia_page"":""Paris"", ""wikidata_id"":""Q90""} ```",18.45827293395996
hidden_test_fr_30,10931,10935,wioh,NIL,LOC,NIL,wioh,"```json {""wikipedia_page"":""NIL"", ""wikidata_id"":""NIL""} ```",0
hidden_test_fr_30,10998,11009,Tour Eiffel,Q3416879,LOC,Q3416879,Radio Tour Eiffel,"```json {""wikipedia_page"":""Radio Tour Eiffel"", ""wikidata_id"":""Q3416879""} ```",19.3428897857666
hidden_test_fr_30,11030,11047,Toulouse-Pyrénées,Q3532898,LOC,Q3532898,Toulouse-Pyrénées,"```json { ""wikipedia_page"": ""Toulouse-Pyrénées"", ""wikidata_id"": ""Q3532898"" } ```",20.333402633666992
hidden_test_fr_30,11084,11098,Radio-Toulouse,Q3416877,LOC,Q3416877,Radio Toulouse,"```json { ""wikipedia_page"": ""Radio Toulouse"", ""wikidata_id"": ""Q3416877"" } ```",18.366470336914062
hidden_test_fr_30,11134,11146,Toulouse- --,Q3532898,LOC,Q3532898,Toulouse-Pyrénées,"```json {""wikipedia_page"":""Toulouse-Pyrénées"", ""wikidata_id"":""Q3532898""} ```",9.309885025024414
hidden_test_fr_30,11196,11207,Tour Eiffel,Q3416879,LOC,Q3416879,Radio Tour Eiffel,"```json {""wikipedia_page"":""Radio Tour Eiffel"", ""wikidata_id"":""Q3416879""} ```",17.86573028564453
hidden_test_fr_30,11254,11266,Paris-P.T.T.,Q3416785,LOC,Q3416785,Radio PTT,"```json {""wikipedia_page"": ""Radio PTT"", ""wikidata_id"": ""Q3416785""} ```",12.134732246398926
hidden_test_fr_30,11301,11320,Radio--Méditerranée,NIL,LOC,NIL,Radio--Méditerranée,"```json { ""wikipedia_page"": ""NIL"", ""wikidata_id"": ""NIL"" } ```",0
hidden_test_fr_30,11443,11457,Poste Parisien,Q3225826,LOC,Q3225826,Le Poste Parisien,"```json {""wikipedia_page"":""Le Poste Parisien"", ""wikidata_id"":""Q3225826""} ```",23.086727142333984
hidden_test_fr_30,11492,11510,maître Georges Hue,Q358965,PER,Q358965,Georges Hüe,"```json {""wikipedia_page"": ""Georges Hüe"", ""wikidata_id"": ""Q358965""} ```",20.703487396240234
hidden_test_fr_30,11635,11646,Radio-Paris,Q1944285,LOC,Q1944285,Radio-Paris,"```json {""wikipedia_page"":""Radio-Paris"", ""wikidata_id"":""Q1944285""} ```",26.848745346069336
hidden_test_fr_30,11748,11758,Radie-Cité,Q3416608,LOC,Q3416608,Radio Cité,"```json {""wikipedia_page"":""Radio Cité"", ""wikidata_id"":""Q3416608""} ```",23.552459716796875
hidden_test_fr_30,11839,11850,Radio-Paris,Q1944285,LOC,Q1944285,Radio-Paris,"```json {""wikipedia_page"":""Radio-Paris"", ""wikidata_id"":""Q1944285""} ```",27.718778610229492
hidden_test_fr_30,11872,11883,Radio-Paris,Q1944285,LOC,Q1944285,Radio-Paris,"```json {""wikipedia_page"": ""Radio-Paris"", ""wikidata_id"": ""Q1944285""} ```",26.665693283081055
hidden_test_fr_30,11904,11922,maître Georges Hue,Q358965,PER,Q358965,Georges Hüe,"```json {""wikipedia_page"":""Georges Hüe"", ""wikidata_id"":""Q358965""} ```",22.47538185119629
hidden_test_fr_30,12035,12047,Teuir Eiffel,Q3416879,LOC,Q3416879,Radio Tour Eiffel,"```json {""wikipedia_page"":""Radio Tour Eiffel"", ""wikidata_id"":""Q3416879""} ```",10.937348365783691
hidden_test_fr_30,12102,12111,Offenbach,Q41555,PER,Q41555,Jacques Offenbach,"```json {""wikipedia_page"":""Jacques Offenbach"", ""wikidata_id"":""Q41555""} ```",27.145275115966797
hidden_test_fr_30,12221,12238,Pierre Des--caves,Q3384720,PER,Q3384720,Pierre Descaves,"```json {""wikipedia_page"":""Pierre Descaves"", ""wikidata_id"":""Q3384720""} ```",25.050312042236328
hidden_test_fr_30,12250,12267,Toulouse-Pyrénées,Q3532898,LOC,Q3532898,Toulouse-Pyrénées,"```json {""wikipedia_page"":""Toulouse-Pyrénées"", ""wikidata_id"":""Q3532898""} ```",22.435712814331055
hidden_test_fr_30,12279,12287,Radio 37,Q3416541,LOC,Q3416541,Radio 37,"```json {""wikipedia_page"":""Radio 37"", ""wikidata_id"":""Q3416541""} ```",27.94589614868164
hidden_test_fr_30,12289,12300,Mistinguett,Q235507,PER,Q235507,Mistinguett,"```json {""wikipedia_page"":""Mistinguett"", ""wikidata_id"":""Q235507""} ```",18.198972702026367
hidden_test_fr_30,12356,12370,Poste Parisien,Q3225826,ORG,Q3225826,Le Poste Parisien,"```json {""wikipedia_page"":""Le Poste Parisien"", ""wikidata_id"":""Q3225826""} ```",27.348600387573242
hidden_test_fr_30,12422,12433,Radio-Paris,Q1944285,ORG,Q1944285,Radio-Paris,"```json {""wikipedia_page"": ""Radio-Paris"", ""wikidata_id"": ""Q1944285""} ```",29.67646026611328
hidden_test_fr_30,12557,12575,M. Mau--rice Yvain,Q1911484,PER,Q1911484,Maurice Yvain,"```json {""wikipedia_page"":""Maurice Yvain"", ""wikidata_id"":""Q1911484""} ```",27.03032875061035
hidden_test_fr_30,12684,12694,Radio-Cité,Q3416608,LOC,Q3416608,Radio Cité,"```json {""wikipedia_page"":""Radio Cité"", ""wikidata_id"":""Q3416608""} ```",25.6110782623291
hidden_test_fr_30,12731,12745,Radio-Toulouse,Q3416877,LOC,Q3416877,Radio Toulouse,"```json {""wikipedia_page"":""Radio Toulouse"", ""wikidata_id"":""Q3416877""} ```",27.978862762451172
hidden_test_fr_30,12747,12763,Radio--Normandie,Q3416771,LOC,Q3416771,Radio Normandie,"```json {""wikipedia_page"": ""Radio Normandie"", ""wikidata_id"": ""Q3416771""} ```",25.58226203918457
hidden_test_fr_30,12820,12833,SuisseRomande,Q623585,LOC,Q623585,Radio suisse romande,"```json {""wikipedia_page"":""Radio suisse romande"", ""wikidata_id"":""Q623585""} ```",17.024900436401367
hidden_test_fr_30,12928,12940,Radio--Paris,Q1944285,LOC,Q1944285,Radio-Paris,"```json {""wikipedia_page"":""Radio-Paris"", ""wikidata_id"":""Q1944285""} ```",27.113271713256836
hidden_test_fr_30,12968,12979,M. Maréchal,Q2024992,PER,Q2024992,Maurice Maréchal,"```json { ""wikipedia_page"": ""Maurice Maréchal"", ""wikidata_id"": ""Q2024992"" } ```",13.266870498657227
hidden_test_fr_30,13004,13025,Conservatoire de Metz,Q2994568,ORG,Q2994568,conservatoire à rayonnement régional de Metz,"```json {""wikipedia_page"":""conservatoire à rayonnement régional de Metz"", ""wikidata_id"":""Q2994568""} ```",31.94068717956543
hidden_test_fr_30,13137,13154,Charles Vil--drac,Q732725,PER,Q732725,Charles Vildrac,"```json {""wikipedia_page"": ""Charles Vildrac"", ""wikidata_id"": ""Q732725""} ```",32.7126350402832
hidden_test_fr_30,13202,13208,Angers,Q38380,LOC,Q38380,Angers,"```json {""wikipedia_page"":""Angers"", ""wikidata_id"":""Q38380""} ```",20.183149337768555
hidden_test_fr_30,13211,13230,Bordeaux--Lafayette,NIL,LOC,NIL,Bordeaux--Lafayette,"```json {""wikipedia_page"":""NIL"", ""wikidata_id"":""NIL""} ```",0
hidden_test_fr_30,13268,13276,de Flers,Q1393443,PER,Q1393443,Robert de Flers,"```json {""wikipedia_page"":""Robert de Flers"", ""wikidata_id"":""Q1393443""} ```",19.32752227783203
hidden_test_fr_30,13280,13289,Caillavet,Q1495559,PER,Q1495559,Gaston Arman de Caillavet,"```json {""wikipedia_page"": ""Gaston Arman de Caillavet"", ""wikidata_id"": ""Q1495559""} ```",23.292694091796875
hidden_test_fr_30,13291,13299,Racio 37,Q3416541,LOC,Q3416541,Radio 37,"```json {""wikipedia_page"":""Radio 37"", ""wikidata_id"":""Q3416541""} ```",18.281831741333008
hidden_test_fr_30,13323,13334,Radio--Cité,Q3416608,LOC,Q3416608,Radio Cité,"```json {""wikipedia_page"": ""Radio Cité"", ""wikidata_id"": ""Q3416608""} ```",20.470897674560547
hidden_test_fr_30,13367,13372,Grieg,Q80621,PER,Q80621,Edvard Grieg,"```json {""wikipedia_page"":""Edvard Grieg"", ""wikidata_id"":""Q80621""} ```",19.12486457824707
hidden_test_fr_30,13387,13404,Toulouse-Pyrénées,Q3532898,LOC,Q3532898,Toulouse-Pyrénées,"```json { ""wikipedia_page"": ""Toulouse-Pyrénées"", ""wikidata_id"": ""Q3532898"" } ```",21.824256896972656
hidden_test_fr_30,13521,13539,Jac--ques Bridaris,NIL,PER,NIL,Jac--ques Bridaris,"```json {""wikipedia_page"":"""", ""wikidata_id"":""NIL""} ```",0
hidden_test_fr_30,13625,13640,Radio-Normandie,Q3416771,LOC,Q3416771,Radio Normandie,"```json { ""wikipedia_page"": ""Radio Normandie"", ""wikidata_id"": ""Q3416771"" } ```",25.193572998046875
hidden_test_fr_30,13661,13671,Radio-Cité,Q3416608,LOC,Q3416608,Radio Cité,"```json {""wikipedia_page"":""Radio Cité"", ""wikidata_id"":""Q3416608""} ```",26.86855125427246
hidden_test_fr_30,13704,13716,Bournermouth,Q170478,LOC,Q170478,Bournemouth,"```json {""wikipedia_page"":""Bournemouth"", ""wikidata_id"":""Q170478""} ```",20.160470962524414
hidden_test_fr_30,13807,13818,Radio-Paris,Q1944285,LOC,Q1944285,Radio-Paris,"```json {""wikipedia_page"":""Radio-Paris"", ""wikidata_id"":""Q1944285""} ```",28.611759185791016
hidden_test_fr_30,14017,14031,jeune Courtois,NIL,PER,NIL,jeune Courtois,"```json {""wikipedia_page"":""NIL"", ""wikidata_id"":""NIL""} ```",0
hidden_test_fr_30,14062,14078,Bar des Vedettes,NIL,ORG,NIL,Bar des Vedettes,"```json {""wikipedia_page"":""NIL"", ""wikidata_id"":""NIL""} ```",0
hidden_test_fr_30,14083,14095,René Lefèvre,Q3426517,PER,Q3426517,René Lefèvre,"```json {""wikipedia_page"":""René Lefèvre"", ""wikidata_id"":""Q3426517""} ```",32.83141326904297
hidden_test_fr_30,14188,14226,Orchestre de la Coupoledu Montparnasse,NIL,LOC,NIL,Orchestre de la Coupoledu Montparnasse,"```json { ""wikipedia_page"": ""NIL"", ""wikidata_id"": ""NIL"" } ```",0
hidden_test_fr_30,14271,14284,Minard et Cie,NIL,PER,NIL,Minard et Cie,"```json {""wikipedia_page"":""NIL"", ""wikidata_id"":""NIL""} ```",0
hidden_test_fr_30,14340,14350,Réda Caire,Q922973,PER,Q922973,Reda Caire,"```json {""wikipedia_page"": ""Reda Caire"", ""wikidata_id"": ""Q922973""} ```",28.760238647460938
hidden_test_fr_30,14352,14367,Fredo Gar--doni,Q3089510,PER,Q3089510,Frédo Gardoni,"```json {""wikipedia_page"":""Frédo Gardoni"", ""wikidata_id"":""Q3089510""} ```",26.844497680664062
hidden_test_fr_30,14381,14391,Radio-Cité,Q3416608,LOC,Q3416608,Radio Cité,"```json {""wikipedia_page"":""Radio Cité"", ""wikidata_id"":""Q3416608""} ```",25.194721221923828
hidden_test_fr_30,14393,14404,Fernan--del,Q129092,PER,Q129092,Fernandel,"```json {""wikipedia_page"":""Fernandel"", ""wikidata_id"":""Q129092""} ```",10.594406127929688
hidden_test_fr_30,14407,14421,Suisse Romande,Q623585,LOC,Q623585,Radio suisse romande,"```json {""wikipedia_page"": ""Radio suisse romande"", ""wikidata_id"": ""Q623585""} ```",14.802602767944336
hidden_test_fr_30,14468,14480,Paris-P.T.T.,Q3416785,LOC,Q3416785,Radio PTT,"```json {""wikipedia_page"":""Radio PTT"", ""wikidata_id"":""Q3416785""} ```",17.199588775634766
hidden_test_fr_30,14548,14558,Radio-Cité,Q3416608,LOC,Q3416608,Radio Cité,"```json {""wikipedia_page"": ""Radio Cité"", ""wikidata_id"": ""Q3416608""} ```",22.2100772857666
hidden_test_fr_30,14672,14687,Pierre DESCAVES,Q3384720,PER,Q3384720,Pierre Descaves,"```json {""wikipedia_page"":""Pierre Descaves"", ""wikidata_id"":""Q3384720""} ```",26.12325096130371
hidden_test_fr_30,14821,14833,Paris-P.T.T.,Q3416785,LOC,Q3416785,Radio PTT,"```json {""wikipedia_page"":""Radio PTT"", ""wikidata_id"":""Q3416785""} ```",16.601909637451172
hidden_test_fr_30,14835,14846,Jo Bouillon,Q1689877,PER,Q1689877,Jo Bouillon,"```json { ""wikipedia_page"": ""Jo Bouillon"", ""wikidata_id"": ""Q1689877"" } ```",28.01164436340332
hidden_test_fr_30,14944,14950,Moscou,Q649,LOC,Q649,Moscou,"```json { ""wikipedia_page"": ""Moscou"", ""wikidata_id"": ""Q649"" } ```",30.129981994628906
hidden_test_fr_30,15020,15028,U.R.S.S.,Q15180,ORG,Q15180,Union soviétique,"```json {""wikipedia_page"":""Union soviétique"", ""wikidata_id"":""Q15180""} ```",29.583391189575195
hidden_test_fr_30,15049,15055,Moscou,Q649,LOC,Q649,Moscou,"```json {""wikipedia_page"":""Moscou"", ""wikidata_id"":""Q649""} ```",34.11073303222656
hidden_test_fr_30,15299,15310,Place Rouge,Q41116,LOC,Q41116,place Rouge,"```json {""wikipedia_page"":""place Rouge"", ""wikidata_id"":""Q41116""} ```",37.050193786621094
hidden_test_fr_30,15457,15470,frères Simkov,NIL,PER,NIL,frères Simkov,"```json {""wikipedia_page"":"""", ""wikidata_id"":""NIL""} ```",0
hidden_test_fr_30,15554,15562,Bouviers,Q2922644,LOC,Q2922644,Bouviers,"```json { ""wikipedia_page"": ""Bouviers"", ""wikidata_id"": ""Q2922644"" } ```",28.84148406982422
hidden_test_fr_30,15571,15581,Guyancourt,Q237303,LOC,Q237303,Guyancourt,"```json { ""wikipedia_page"": ""Guyancourt"", ""wikidata_id"": ""Q237303"" } ```",35.15488052368164
hidden_test_fr_30,15587,15600,frères Simkov,NIL,PER,NIL,frères Simkov,"```json {""wikipedia_page"":""NIL"", ""wikidata_id"":""NIL""} ``` The text refers to the ""frères Simkov"" in the context of their mysterious disappearance in France. There is no strong indication that these brothers are related to any of the candidates listed, which mostly seem to refer to individuals with the surname Simkov or similar, often with Russian or Eastern European connections. Furthermore, the context of the text suggests that these individuals might be French or at least active in France, which does not align with the candidates provided. Therefore, the entity is classified as NIL.",0
hidden_test_fr_30,16053,16063,Strasbourg,Q6602,LOC,Q6602,Strasbourg,"```json {""wikipedia_page"":""Strasbourg"", ""wikidata_id"":""Q6602""} ```",26.950193405151367
hidden_test_fr_30,16095,16108,ligne Maginot,Q162746,LOC,Q162746,ligne Maginot,"```json {""wikipedia_page"":""ligne Maginot"", ""wikidata_id"":""Q162746""} ```",23.809236526489258
hidden_test_fr_30,16165,16169,Kehl,Q15979,LOC,Q15979,Kehl,"```json {""wikipedia_page"": ""Kehl"", ""wikidata_id"": ""Q15979""} ```",22.693281173706055
hidden_test_fr_30,16582,16617,architecte allemand Julius Brischlé,NIL,PER,NIL,architecte allemand Julius Brischlé,"```json {""wikipedia_page"":"""", ""wikidata_id"":""NIL""} ```",0
hidden_test_fr_30,16643,16655,Maurice Nuss,NIL,PER,NIL,Maurice Nuss,"```json {""wikipedia_page"":"""", ""wikidata_id"":""NIL""} ```",0
hidden_test_fr_30,17058,17082,Sanry-sur-Nied (Moselle),Q21982,LOC,Q21982,Sanry-sur-Nied,"```json {""wikipedia_page"":""Sanry-sur-Nied"", ""wikidata_id"":""Q21982""} ```",31.76434898376465
hidden_test_fr_30,17222,17260,"M. Gury, garde-champêtre depuis 42 ans",NIL,PER,NIL,"M. Gury, garde-champêtre depuis 42 ans","```json { ""wikipedia_page"": ""NIL"", ""wikidata_id"": ""NIL"" } ```",0
hidden_test_fr_30,17262,17326,"M. Bichel, instituteur depuis 28 ans, et secrétaire de la mairie",NIL,PER,NIL,"M. Bichel, instituteur depuis 28 ans, et secrétaire de la mairie","```json { ""wikipedia_page"": ""NIL"", ""wikidata_id"": ""NIL"" } ```",0
hidden_test_fr_30,17373,17382,M. Bichel,NIL,PER,NIL,M. Bichel,"```json {""wikipedia_page"":""NIL"", ""wikidata_id"":""NIL""} ```",0
hidden_test_fr_30,17385,17392,M. Caye,NIL,PER,NIL,M. Caye,"```json {""wikipedia_page"":"""", ""wikidata_id"":""NIL""} ```",0
hidden_test_fr_31,366,377,Armée rouge,Q251395,ORG,Q251395,Armée rouge,"```json {""wikipedia_page"":""Armée rouge"", ""wikidata_id"":""Q251395""} ```",24.71048355102539
hidden_test_fr_31,381,406,général-colonel Javrenkov,NIL,PER,NIL,général-colonel Javrenkov,"```json {""wikipedia_page"":"""",""wikidata_id"":""NIL""} ```",0
hidden_test_fr_31,413,434,gé¬néral Tchiestiakov,Q4516618,PER,Q4516618,Ivan Tchistiakov,"```json {""wikipedia_page"":""Ivan Tchistiakov"", ""wikidata_id"":""Q4516618""} ```",18.892648696899414
hidden_test_fr_31,865,875,Etats-Unis,Q30,LOC,Q30,États-Unis,"```json {""wikipedia_page"":""États-Unis"", ""wikidata_id"":""Q30""} ```",23.396564483642578
hidden_test_fr_31,1061,1121,"M. Paul Raimbault, ingénieuragronome, décédé en son domicile",NIL,PER,NIL,"M. Paul Raimbault, ingénieuragronome, décédé en son domicile","```json {""wikipedia_page"":"""",""wikidata_id"":""NIL""} ```",0
hidden_test_fr_31,1123,1140,Neuilly-sur-Seine,Q48958,LOC,Q48958,Neuilly-sur-Seine,"```json {""wikipedia_page"":""Neuilly-sur-Seine"", ""wikidata_id"":""Q48958""} ```",35.252784729003906
hidden_test_fr_31,1218,1224,France,Q142,LOC,Q142,France,"```json {""wikipedia_page"":""France"", ""wikidata_id"":""Q142""} ```",22.96922492980957
hidden_test_fr_31,1283,1291,Le Havre,Q42810,LOC,Q42810,Le Havre,"```json {""wikipedia_page"":""Le Havre"", ""wikidata_id"":""Q42810""} ```",26.439659118652344
hidden_test_fr_31,1292,1297,Rouen,Q30974,LOC,Q30974,Rouen,"```json {""wikipedia_page"":""Rouen"", ""wikidata_id"":""Q30974""} ```",29.697294235229492
hidden_test_fr_31,1310,1315,Reims,Q41876,LOC,Q41876,Reims,"```json {""wikipedia_page"":""Reims"", ""wikidata_id"":""Q41876""} ```",29.1304931640625
hidden_test_fr_31,1317,1326,Bar-leDuc,Q185721,LOC,Q185721,Bar-le-Duc,"```json {""wikipedia_page"":""Bar-le-Duc"", ""wikidata_id"":""Q185721""} ```",22.77886962890625
hidden_test_fr_31,1328,1334,Troyes,Q5489,LOC,Q5489,Troyes,"```json {""wikipedia_page"":""Troyes"", ""wikidata_id"":""Q5489""} ```",29.019092559814453
hidden_test_fr_31,1353,1359,Nantes,Q12191,LOC,Q12191,Nantes,"```json {""wikipedia_page"":""Nantes"", ""wikidata_id"":""Q12191""} ```",26.84172821044922
hidden_test_fr_31,1361,1366,Brest,Q12193,LOC,Q12193,Brest,"```json {""wikipedia_page"":""Brest"", ""wikidata_id"":""Q12193""} ```",26.553598403930664
hidden_test_fr_31,1384,1391,Man¬che,Q34640,LOC,Q34640,Manche,"```json { ""wikipedia_page"":""Manche"", ""wikidata_id"":""Q34640"" } ```",20.627643585205078
hidden_test_fr_31,1736,1744,Lon¬dres,Q84,LOC,Q84,Londres,"```json { ""wikipedia_page"": ""Londres"", ""wikidata_id"": ""Q84"" } ```",22.078256607055664
hidden_test_fr_31,1866,1876,Washington,Q61,LOC,Q61,Washington,"```json { ""wikipedia_page"": ""Washington"", ""wikidata_id"": ""Q61"" } ```",19.72952651977539
hidden_test_fr_31,2185,2196,iles Martus,NIL,LOC,NIL,iles Martus,"```json {""wikipedia_page"":""NIL"", ""wikidata_id"":""NIL""} ```",0
hidden_test_fr_31,2717,2734,"DELANGRE, imprim.",NIL,ORG,NIL,"DELANGRE, imprim.","```json {""wikipedia_page"":""NIL"", ""wikidata_id"":""NIL""} ```",0
hidden_test_fr_31,2797,2803,Egypte,Q79,LOC,Q79,Égypte,"```json {""wikipedia_page"":""Égypte"", ""wikidata_id"":""Q79""} ```",24.340972900390625
hidden_test_fr_31,2807,2811,Irak,Q796,LOC,Q796,Irak,"```json {""wikipedia_page"": ""Irak"", ""wikidata_id"": ""Q796""} ```",22.800846099853516
hidden_test_fr_31,2816,2821,Syrie,Q858,LOC,Q858,Syrie,"```json { ""wikipedia_page"": ""Syrie"", ""wikidata_id"": ""Q858"" } ```",21.891592025756836
hidden_test_fr_31,2825,2830,Liban,Q822,LOC,Q822,Liban,"```json {""wikipedia_page"":""Liban"", ""wikidata_id"":""Q822""} ```",24.83908462524414
hidden_test_fr_31,2938,2948,Alexandrie,Q87,LOC,Q87,Alexandrie,"```json {""wikipedia_page"":""Alexandrie"", ""wikidata_id"":""Q87""} ```",29.439453125
hidden_test_fr_31,3481,3511,"Saillant, pré¬sident du C.N.R.",Q822191,PER,Q822191,Louis Saillant,"```json {""wikipedia_page"": ""Louis Saillant"", ""wikidata_id"": ""Q822191""} ```",10.614035606384277
hidden_test_fr_31,3758,3775,"37, rue du Louvre",NIL,LOC,NIL,"37, rue du Louvre","```json {""wikipedia_page"":""NIL"", ""wikidata_id"":""NIL""} ```",0
hidden_test_fr_31,3962,3968,Jaluit,Q168576,LOC,Q168576,Jaluit,"```json {""wikipedia_page"":""Jaluit"", ""wikidata_id"":""Q168576""} ```",15.420360565185547
hidden_test_fr_31,3979,3983,Mili,Q700051,LOC,Q700051,Mili,"```json {""wikipedia_page"":""Mili"", ""wikidata_id"":""Q700051""} ```",12.130372047424316
hidden_test_fr_31,3993,4006,îres Marshall,Q709,LOC,Q709,Îles Marshall,"```json {""wikipedia_page"":""Îles Marshall"", ""wikidata_id"":""Q709""} ```",14.979565620422363
hidden_test_fr_31,4299,4307,Toulouse,Q7880,LOC,Q7880,Toulouse,"```json {""wikipedia_page"":""Toulouse"", ""wikidata_id"":""Q7880""} ```",26.569110870361328
hidden_test_fr_31,4583,4590,Hongrie,Q28,LOC,Q28,Hongrie,"```json {""wikipedia_page"": ""Hongrie"", ""wikidata_id"": ""Q28""} ```",19.511417388916016
hidden_test_fr_31,4652,4659,LABORDE,NIL,PER,NIL,LABORDE,"```json {""wikipedia_page"":""NIL"", ""wikidata_id"":""NIL""} ```",0
hidden_test_fr_31,4722,4738,MARLÈNE DIÉTRICH,Q4612,PER,Q4612,Marlène Dietrich,"```json {""wikipedia_page"":""Marlène Dietrich"", ""wikidata_id"":""Q4612""} ```",19.461536407470703
hidden_test_fr_31,4824,4829,PARIS,Q90,LOC,Q90,Paris,"```json { ""wikipedia_page"": ""Paris"", ""wikidata_id"": ""Q90"" } ```",18.761903762817383
hidden_test_fr_31,5040,5052,Transylvanie,Q39473,LOC,Q39473,Transylvanie,"```json {""wikipedia_page"":""Transylvanie"", ""wikidata_id"":""Q39473""} ```",18.07305145263672
hidden_test_fr_31,5333,5342,Holy¬wood,Q34006,LOC,Q34006,Hollywood,"```json {""wikipedia_page"":""Hollywood"", ""wikidata_id"":""Q34006""} ```",18.229507446289062
hidden_test_fr_31,5345,5352,Londres,Q84,LOC,Q84,Londres,"```json {""wikipedia_page"":""Londres"", ""wikidata_id"":""Q84""} ```",26.302021026611328
hidden_test_fr_31,5354,5371,Marlène Dié¬trich,Q4612,PER,Q4612,Marlène Dietrich,"```json {""wikipedia_page"":""Marlène Dietrich"", ""wikidata_id"":""Q4612""} ```",32.5526237487793
hidden_test_fr_31,5418,5425,Fran¬ce,Q142,LOC,Q142,France,"```json {""wikipedia_page"":""France"", ""wikidata_id"":""Q142""} ```",23.746978759765625
hidden_test_fr_31,5491,5503,Fred Astaire,Q100937,PER,Q100937,Fred Astaire,"```json {""wikipedia_page"":""Fred Astaire"", ""wikidata_id"":""Q100937""} ```",31.725770950317383
hidden_test_fr_31,5831,5846,François Villon,Q849,PER,Q849,François Villon,"```json {""wikipedia_page"": ""François Villon"", ""wikidata_id"": ""Q849""} ```",26.809621810913086
hidden_test_fr_31,5854,5863,Mac Orlan,Q546952,PER,Q546952,Pierre Mac Orlan,"```json {""wikipedia_page"": ""Pierre Mac Orlan"", ""wikidata_id"": ""Q546952""} ```",26.302886962890625
hidden_test_fr_31,5955,5964,Mac Orlan,Q546952,PER,Q546952,Pierre Mac Orlan,"```json {""wikipedia_page"":""Pierre Mac Orlan"", ""wikidata_id"":""Q546952""} ```",23.968303680419922
hidden_test_fr_31,5992,5998,Villon,Q849,PER,Q849,François Villon,"```json {""wikipedia_page"":""François Villon"", ""wikidata_id"":""Q849""} ```",24.985347747802734
hidden_test_fr_31,6317,6330,"""papa"" MARREC",NIL,PER,NIL,"""papa"" MARREC","```json {""wikipedia_page"": ""NIL"", ""wikidata_id"": ""NIL""} ```",0
hidden_test_fr_31,6405,6410,Paris,Q90,LOC,Q90,Paris,"```json {""wikipedia_page"":""Paris"",""wikidata_id"":""Q90""} ```",22.912378311157227
hidden_test_fr_31,6508,6526,Georges Clemenceau,Q171730,PER,Q171730,Georges Clemenceau,"```json {""wikipedia_page"":""Georges Clemenceau"", ""wikidata_id"":""Q171730""} ```",37.90597152709961
hidden_test_fr_31,6871,6879,Toulouse,Q7880,LOC,Q7880,Toulouse,"```json {""wikipedia_page"":""Toulouse"", ""wikidata_id"":""Q7880""} ```",26.525209426879883
hidden_test_fr_31,6974,6992,M. Marcel La¬borde,Q3289080,PER,Q3289080,Marcel Laborde,"```json {""wikipedia_page"":""Marcel Laborde"", ""wikidata_id"":""Q3289080""} ```",23.868375778198242
hidden_test_fr_31,7231,7241,Résistance,Q157146,ORG,Q157146,résistance intérieure française,"```json {""wikipedia_page"":""résistance intérieure française"", ""wikidata_id"":""Q157146""} ```",18.974515914916992
hidden_test_fr_31,7391,7397,France,Q142,LOC,Q142,France,"```json {""wikipedia_page"":""France"", ""wikidata_id"":""Q142""} ```",20.527507781982422
hidden_test_fr_31,7433,7438,Paris,Q90,LOC,Q90,Paris,"```json { ""wikipedia_page"": ""Paris"", ""wikidata_id"": ""Q90"" } ```",14.208641052246094
hidden_test_fr_31,7837,7901,"Marcel Marrec, lenouveau championde demi - fond dela F. S. G. T.",NIL,PER,NIL,"Marcel Marrec, lenouveau championde demi - fond dela F. S. G. T.","```json {""wikipedia_page"":"""",""wikidata_id"":""NIL""} ```",0
hidden_test_fr_31,8048,8059,jeuneMasson,NIL,PER,NIL,jeuneMasson,"```json {""wikipedia_page"":""NIL"", ""wikidata_id"":""NIL""} ```",0
hidden_test_fr_31,8205,8223,Toulouse Olympique,Q3532920,ORG,Q3532920,Toulouse olympique XIII,"```json { ""wikipedia_page"":""Toulouse olympique XIII"", ""wikidata_id"":""Q3532920"" } ```",30.279085159301758
hidden_test_fr_31,8225,8229,R.C.,NIL,ORG,NIL,R.C.,"```json {""wikipedia_page"": ""NIL"", ""wikidata_id"": ""NIL""} ```",0
hidden_test_fr_31,8340,8346,France,Q142,LOC,Q142,France,"```json { ""wikipedia_page"": ""France"", ""wikidata_id"": ""Q142"" } ```",23.679832458496094
hidden_test_fr_31,8391,8403,GeorgesNeveu,Q3103263,PER,Q3103263,Georges Neveux,"```json { ""wikipedia_page"": ""Georges Neveux"", ""wikidata_id"": ""Q3103263"" } ```",29.527254104614258
hidden_test_fr_31,8474,8487,Odette Joyeux,Q536635,PER,Q536635,Odette Joyeux,"```json { ""wikipedia_page"": ""Odette Joyeux"", ""wikidata_id"": ""Q536635"" } ```",38.92758560180664
hidden_test_fr_31,8949,8959,Villeneuve,NIL,LOC,NIL,Villeneuve,"```json {""wikipedia_page"":""Villeneuve"", ""wikidata_id"":""NIL""} ```",0
hidden_test_fr_31,9262,9271,JeanGalla,Q3172200,PER,Q3172200,Jean Galia,"```json { ""wikipedia_page"": ""Jean Galia"", ""wikidata_id"": ""Q3172200"" } ```",23.050458908081055
hidden_test_fr_31,9381,9386,Paris,Q90,LOC,Q90,Paris,"```json {""wikipedia_page"":""Paris"", ""wikidata_id"":""Q90""} ```",17.321929931640625
hidden_test_fr_31,9704,9714,Résistance,Q157146,ORG,Q157146,résistance intérieure française,"```json {""wikipedia_page"": ""résistance intérieure française"", ""wikidata_id"": ""Q157146""} ```",19.97003746032715
hidden_test_fr_31,10022,10027,Paris,Q90,LOC,Q90,Paris,"```json {""wikipedia_page"":""Paris"", ""wikidata_id"":""Q90""} ```",18.43658447265625
hidden_test_fr_31,10060,10069,de Gaulle,Q2042,PER,Q2042,Charles de Gaulle,"```json { ""wikipedia_page"": ""Charles de Gaulle"", ""wikidata_id"": ""Q2042"" } ```",24.848617553710938
hidden_test_fr_31,10171,10180,Mac Orlan,Q546952,PER,Q546952,Pierre Mac Orlan,"```json {""wikipedia_page"":""Pierre Mac Orlan"", ""wikidata_id"":""Q546952""} ```",21.567228317260742
hidden_test_fr_31,10262,10270,Max Douy,Q1794886,PER,Q1794886,Max Douy,"```json {""wikipedia_page"":""Max Douy"", ""wikidata_id"":""Q1794886""} ```",35.078346252441406
hidden_test_fr_31,10290,10299,Grémillon,Q1685560,PER,Q1685560,Jean Grémillon,"```json {""wikipedia_page"":""Jean Grémillon"", ""wikidata_id"":""Q1685560""} ```",16.282602310180664
hidden_test_fr_31,10709,10714,CORSE,Q14112,LOC,Q14112,Corse,"```json {""wikipedia_page"":""Corse"", ""wikidata_id"":""Q14112""} ```",18.91779327392578
hidden_test_fr_31,10798,10805,Londres,Q84,LOC,Q84,Londres,"```json {""wikipedia_page"":""Londres"", ""wikidata_id"":""Q84""} ```",20.26319122314453
hidden_test_fr_31,11193,11199,Marrec,NIL,PER,NIL,Marrec,"```json {""wikipedia_page"": ""NIL"", ""wikidata_id"": ""NIL""} ```",0
hidden_test_fr_31,11270,11277,Zwobada,Q2848825,PER,Q2848825,André Zwobada,"```json { ""wikipedia_page"": ""André Zwobada"", ""wikidata_id"": ""Q2848825"" } ```",18.9412899017334
hidden_test_fr_31,11458,11471,port de Brest,Q3398459,LOC,Q3398459,port de Brest,"```json {""wikipedia_page"":""port de Brest"", ""wikidata_id"":""Q3398459""} ```",23.1667537689209
hidden_test_fr_31,12055,12060,G. R.,NIL,PER,NIL,G. R.,"```json { ""wikipedia_page"": ""NIL"", ""wikidata_id"": ""NIL"" } ```",0
hidden_test_fr_31,12242,12249,Ce soir,Q2943625,PROD,Q2943625,Ce soir,"```json {""wikipedia_page"":""Ce soir"", ""wikidata_id"":""Q2943625""} ```",20.865324020385742
hidden_test_fr_31,12386,12391,J. A.,NIL,PER,NIL,J. A.,"```json {""wikipedia_page"":""NIL"", ""wikidata_id"":""NIL""} ```",0
hidden_test_fr_31,12415,12420,Paris,Q90,LOC,Q90,Paris,"```json {""wikipedia_page"":""Paris"", ""wikidata_id"":""Q90""} ```",23.773544311523438
hidden_test_fr_31,12577,12597,XVIIIearrondissement,Q200126,LOC,Q200126,18e arrondissement de Paris,"```json {""wikipedia_page"": ""18e arrondissement de Paris"", ""wikidata_id"": ""Q200126""} ```",29.370189666748047
hidden_test_fr_31,13041,13051,Vél'd'Hiv',Q1274969,LOC,Q1274969,Vélodrome d'Hiver,"```json {""wikipedia_page"": ""Vélodrome d'Hiver"", ""wikidata_id"": ""Q1274969""} ```",13.841248512268066
hidden_test_fr_31,13065,13073,Deschamp,NIL,PER,NIL,Deschamp,"```json {""wikipedia_page"":""NIL"", ""wikidata_id"":""NIL""} ```",0
hidden_test_fr_31,13333,13340,Ajaccio,Q40104,LOC,Q40104,Ajaccio,"```json {""wikipedia_page"":""Ajaccio"", ""wikidata_id"":""Q40104""} ```",25.798852920532227
hidden_test_fr_31,14099,14104,Paris,Q90,LOC,Q90,Paris,"```json {""wikipedia_page"":""Paris"", ""wikidata_id"":""Q90""} ```",20.64108657836914
hidden_test_fr_31,14140,14156,Maurice Pelgrain,NIL,PER,NIL,Maurice Pelgrain,"```json {""wikipedia_page"":"""", ""wikidata_id"":""NIL""} ```",0
hidden_test_fr_31,14258,14275,M. de La Pa¬lisse,NIL,PER,NIL,M. de La Pa¬lisse,"```json { ""wikipedia_page"": """", ""wikidata_id"": ""NIL"" } ```",0
hidden_test_fr_31,14493,14499,France,Q142,LOC,Q142,France,"```json {""wikipedia_page"":""France"", ""wikidata_id"":""Q142""} ```",19.638656616210938
hidden_test_fr_31,14500,14508,U.R.S.S.,Q15180,ORG,Q15180,Union soviétique,"```json {""wikipedia_page"":""Union soviétique"", ""wikidata_id"":""Q15180""} ```",19.28116798400879
hidden_test_fr_31,14554,14566,Salle Pleyel,Q1649419,LOC,Q1649419,salle Pleyel,"```json {""wikipedia_page"":""salle Pleyel"", ""wikidata_id"":""Q1649419""} ```",27.340375900268555
hidden_test_fr_31,14618,14630,Ar¬mée rouge,Q251395,ORG,Q251395,Armée rouge,"```json {""wikipedia_page"":""Armée rouge"", ""wikidata_id"":""Q251395""} ```",20.295944213867188
hidden_test_fr_31,14652,14661,Mac Orlan,Q546952,PER,Q546952,Pierre Mac Orlan,"```json {""wikipedia_page"":""Pierre Mac Orlan"", ""wikidata_id"":""Q546952""} ```",18.77986717224121
hidden_test_fr_31,14990,15036,"Marcel Marrec, gaillard rougissantde vingt ans",NIL,PER,NIL,"Marcel Marrec, gaillard rougissantde vingt ans","```json { ""wikipedia_page"": ""NIL"", ""wikidata_id"": ""NIL"" } ```",0
hidden_test_fr_31,15076,15089,Marcel Marrec,NIL,PER,NIL,Marcel Marrec,"```json {""wikipedia_page"":"""", ""wikidata_id"":""NIL""} ```",0
hidden_test_fr_31,15571,15582,Armée rouge,Q251395,ORG,Q251395,Armée rouge,"```json {""wikipedia_page"":""Armée rouge"", ""wikidata_id"":""Q251395""} ```",24.035951614379883
hidden_test_fr_31,15634,15686,"Julien Bertheau, so¬ciétaire de la Comédie-Française",Q1122249,PER,Q1122249,Julien Bertheau,"```json {""wikipedia_page"":""Julien Bertheau"", ""wikidata_id"":""Q1122249""} ```",28.970762252807617
hidden_test_fr_31,15687,15712,"José Luccioni, de l'Opéra",Q3186354,PER,Q3186354,José Luccioni,"```json { ""wikipedia_page"": ""José Luccioni"", ""wikidata_id"": ""Q3186354"" } ```",27.93576431274414
hidden_test_fr_31,15716,15730,Lise De¬lamare,Q536594,PER,Q536594,Lise Delamare,"```json {""wikipedia_page"":""Lise Delamare"", ""wikidata_id"":""Q536594""} ```",36.139747619628906
hidden_test_fr_31,15739,15750,G. P.AMBIGU,Q833964,LOC,Q833964,théâtre de l'Ambigu-Comique,"```json {""wikipedia_page"":""théâtre de l'Ambigu-Comique"", ""wikidata_id"":""Q833964""} ```",13.580911636352539
hidden_test_fr_31,15762,15779,BOUFFES-PARISIENS,Q1934495,LOC,Q1934495,théâtre des Bouffes-Parisiens,"```json {""wikipedia_page"":""théâtre des Bouffes-Parisiens"", ""wikidata_id"":""Q1934495""} ```",11.315837860107422
hidden_test_fr_31,15793,15811,M. Armand Salacrou,Q867202,PER,Q867202,Armand Salacrou,"```json {""wikipedia_page"":""Armand Salacrou"", ""wikidata_id"":""Q867202""} ```",23.28863525390625
hidden_test_fr_31,15850,15855,Odéon,Q1133501,ORG,Q1133501,théâtre de l'Odéon,"```json {""wikipedia_page"":""théâtre de l'Odéon"", ""wikidata_id"":""Q1133501""} ```",23.582239151000977
hidden_test_fr_31,15897,15910,GRAND-GUIGNOL,Q751317,LOC,Q751317,Grand Guignol,"```json { ""wikipedia_page"": ""Grand Guignol"", ""wikidata_id"": ""Q751317"" } ```",18.231555938720703
hidden_test_fr_31,16174,16182,Ali¬bert,Q2836458,PER,Q2836458,Alibert,"```json { ""wikipedia_page"": ""Alibert"", ""wikidata_id"": ""Q2836458"" } ```",10.609062194824219
hidden_test_fr_31,16350,16365,M. Jean Bluysen,NIL,PER,NIL,M. Jean Bluysen,"```json {""wikipedia_page"":""NIL"",""wikidata_id"":""NIL""} ```",0
hidden_test_fr_31,16409,16428,Jean-Louis Barrault,Q309898,PER,Q309898,Jean-Louis Barrault,"```json {""wikipedia_page"":""Jean-Louis Barrault"", ""wikidata_id"":""Q309898""} ```",33.33949279785156
hidden_test_fr_31,16555,16577,M. Jean-Louis Barrault,Q309898,PER,Q309898,Jean-Louis Barrault,"```json {""wikipedia_page"":""Jean-Louis Barrault"", ""wikidata_id"":""Q309898""} ```",23.131696701049805
hidden_test_fr_31,16873,16880,Ajaccio,Q40104,LOC,Q40104,Ajaccio,"```json {""wikipedia_page"":""Ajaccio"", ""wikidata_id"":""Q40104""} ```",26.8262939453125
hidden_test_fr_31,17122,17141,plage deBarbicaglia,NIL,LOC,NIL,plage deBarbicaglia,"```json {""wikipedia_page"":""NIL"", ""wikidata_id"":""NIL""} ```",0
hidden_test_fr_31,18328,18334,LANCRY,Q3527494,LOC,Q3527494,théâtre Lancry,"```json { ""wikipedia_page"": ""théâtre Lancry"", ""wikidata_id"": ""Q3527494"" } ```",9.334775924682617
hidden_test_fr_31,18345,18356,Nain Piéral,Q3389623,PER,Q3389623,Piéral,"```json { ""wikipedia_page"": ""Piéral"", ""wikidata_id"": ""Q3389623"" } ```",13.888938903808594
hidden_test_fr_31,18410,18415,Paris,Q90,LOC,Q90,Paris,"```json {""wikipedia_page"":""Paris"", ""wikidata_id"":""Q90""} ```",19.008407592773438
hidden_test_fr_31,18562,18568,Da Rui,NIL,PER,NIL,Da Rui,"```json {""wikipedia_page"":""NIL"", ""wikidata_id"":""NIL""} ```",0
hidden_test_fr_31,18570,18575,Marek,NIL,PER,NIL,Marek,"```json {""wikipedia_page"":"""",""wikidata_id"":""NIL""} ```",0
hidden_test_fr_31,18577,18587,Jedre¬zack,NIL,PER,NIL,Jedre¬zack,"```json {""wikipedia_page"":""NIL"", ""wikidata_id"":""NIL""} ```",0
hidden_test_fr_31,18589,18595,Ignace,NIL,PER,NIL,Ignace,"```json {""wikipedia_page"":""NIL"", ""wikidata_id"":""NIL""} ```",0
hidden_test_fr_31,18619,18627,Si¬monyi,NIL,PER,NIL,Si¬monyi,"```json {""wikipedia_page"":""NIL"", ""wikidata_id"":""NIL""} ```",0
hidden_test_fr_31,18631,18636,Lozia,NIL,PER,NIL,Lozia,"```json {""wikipedia_page"":""NIL"", ""wikidata_id"":""NIL""} ```",0
hidden_test_fr_31,18645,18650,Vaast,Q729132,PER,Q729132,Ernest Vaast,"```json {""wikipedia_page"":""Ernest Vaast"", ""wikidata_id"":""Q729132""} ```",17.69221305847168
hidden_test_fr_31,18654,18660,Prouff,Q1685775,PER,Q1685775,Jean Prouff,"```json {""wikipedia_page"":""Jean Prouff"", ""wikidata_id"":""Q1685775""} ```",16.855976104736328
hidden_test_fr_31,18661,18670,LUNA-PARK,Q3267421,LOC,Q3267421,Luna Park,"```json { ""wikipedia_page"": ""Luna Park"", ""wikidata_id"": ""Q3267421"" } ```",14.015024185180664
hidden_test_fr_31,18797,18814,Celle-Saint-Cloud,Q367553,LOC,Q367553,La Celle-Saint-Cloud,"```json {""wikipedia_page"": ""La Celle-Saint-Cloud"", ""wikidata_id"": ""Q367553""} ```",11.521554946899414
hidden_test_fr_31,18932,18939,Kergoet,NIL,PER,NIL,Kergoet,"```json {""wikipedia_page"":""NIL"", ""wikidata_id"":""NIL""} ```",0
hidden_test_fr_31,18943,18948,Aubry,NIL,PER,NIL,Aubry,"```json {""wikipedia_page"":""NIL"", ""wikidata_id"":""NIL""} ```",0
hidden_test_fr_31,18977,18982,Paris,Q90,LOC,Q90,Paris,"```json {""wikipedia_page"":""Paris"", ""wikidata_id"":""Q90""} ```",19.358375549316406
hidden_test_fr_31,19016,19023,Belette,NIL,PER,NIL,Belette,"```json { ""wikipedia_page"": ""NIL"", ""wikidata_id"": ""NIL"" } ```",0
hidden_test_fr_31,19027,19047,Mlle Thérèse Marodon,NIL,PER,NIL,Mlle Thérèse Marodon,"```json { ""wikipedia_page"": ""NIL"", ""wikidata_id"": ""NIL"" } ```",0
hidden_test_fr_31,19136,19141,Odéon,Q1133501,LOC,Q1133501,théâtre de l'Odéon,"```json {""wikipedia_page"": ""théâtre de l'Odéon"", ""wikidata_id"": ""Q1133501""} ```",23.501449584960938
hidden_test_fr_31,19215,19229,Janine Charrat,Q1682763,PER,Q1682763,Janine Charrat,"```json {""wikipedia_page"":""Janine Charrat"", ""wikidata_id"":""Q1682763""} ```",39.81411361694336
hidden_test_fr_31,19233,19245,Roland Petit,Q367396,PER,Q367396,Roland Petit,"```json {""wikipedia_page"":""Roland Petit"", ""wikidata_id"":""Q367396""} ```",37.11397171020508
hidden_test_fr_31,19403,19416,Lucien Knabel,NIL,PER,NIL,Lucien Knabel,"```json {""wikipedia_page"":""NIL"", ""wikidata_id"":""NIL""} ```",0
hidden_test_fr_31,19688,19693,Vaast,Q729132,PER,Q729132,Ernest Vaast,"```json {""wikipedia_page"":""Ernest Vaast"", ""wikidata_id"":""Q729132""} ```",22.435009002685547
hidden_test_fr_31,19800,19806,Girard,NIL,PER,NIL,Girard,"```json {""wikipedia_page"":""NIL"", ""wikidata_id"":""NIL""} ```",0
hidden_test_fr_31,19820,19826,Giraud,NIL,PER,NIL,Giraud,"```json {""wikipedia_page"":""NIL"", ""wikidata_id"":""NIL""} ```",0
hidden_test_fr_31,20098,20110,Cherche-Midi,Q2719058,LOC,Q2719058,prison du Cherche-Midi,"```json {""wikipedia_page"":""prison du Cherche-Midi"",""wikidata_id"":""Q2719058""} ```",10.440497398376465
hidden_test_fr_31,20152,20167,M. Danlie Margo,NIL,PER,NIL,M. Danlie Margo,"```json {""wikipedia_page"":""NIL"",""wikidata_id"":""NIL""} ```",0
hidden_test_fr_31,20277,20292,10. r. Fontaine,NIL,LOC,NIL,10. r. Fontaine,"```json {""wikipedia_page"":""NIL"", ""wikidata_id"":""NIL""} ```",0
hidden_test_fr_31,20458,20468,Saint-Ouen,Q208889,LOC,Q208889,Saint-Ouen-sur-Seine,"```json {""wikipedia_page"": ""Saint-Ouen-sur-Seine"", ""wikidata_id"": ""Q208889""} ```",11.841140747070312
hidden_test_fr_31,20520,20526,Da Rui,NIL,PER,NIL,Da Rui,"```json { ""wikipedia_page"": ""NIL"", ""wikidata_id"": ""NIL"" } ```",0
hidden_test_fr_31,20560,20569,Bersoullé,NIL,PER,NIL,Bersoullé,"```json {""wikipedia_page"":""NIL"", ""wikidata_id"":""NIL""} ```",0
hidden_test_fr_31,20571,20579,Guzzetti,NIL,PER,NIL,Guzzetti,"```json {""wikipedia_page"": ""NIL"", ""wikidata_id"": ""NIL""} ```",0
hidden_test_fr_31,20634,20641,Ajaccio,Q40104,LOC,Q40104,Ajaccio,"```json { ""wikipedia_page"": ""Ajaccio"", ""wikidata_id"": ""Q40104"" } ```",25.297426223754883
hidden_test_fr_31,20815,20821,Alliés,Q329888,ORG,Q329888,Alliés de la Seconde Guerre mondiale,"```json { ""wikipedia_page"": ""Alliés de la Seconde Guerre mondiale"", ""wikidata_id"": ""Q329888"" } ```",15.10030460357666
hidden_test_fr_31,20941,20981,"Henri Delfosse, pistard plein dequalités",NIL,PER,NIL,"Henri Delfosse, pistard plein dequalités","```json {""wikipedia_page"":"""", ""wikidata_id"":""NIL""} ```",0
hidden_test_fr_31,20986,20996,Vél' d'Hiv,Q1274969,LOC,Q1274969,Vélodrome d'Hiver,"```json {""wikipedia_page"": ""Vélodrome d'Hiver"", ""wikidata_id"": ""Q1274969""} ```",10.984933853149414
hidden_test_fr_31,21047,21056,Sondeyron,NIL,PER,NIL,Sondeyron,"```json {""wikipedia_page"":""NIL"", ""wikidata_id"":""NIL""} ```",0
hidden_test_fr_31,21234,21250,l Eclair-Journal,Q3577506,ORG,Q3577506,Éclair-Journal,"```json {""wikipedia_page"":""Éclair-Journal"", ""wikidata_id"":""Q3577506""} ```",19.29694938659668
hidden_test_fr_31,21311,21317,France,Q142,LOC,Q142,France,"```json {""wikipedia_page"":""France"", ""wikidata_id"":""Q142""} ```",22.45730972290039
hidden_test_fr_31,21318,21332,GAUMONT-PALACE,Q3099447,LOC,Q3099447,Gaumont-Palace,"```json {""wikipedia_page"":""Gaumont-Palace"", ""wikidata_id"":""Q3099447""} ```",16.65484619140625
hidden_test_fr_31,21643,21654,Ré¬sistance,Q157146,ORG,Q157146,résistance intérieure française,"```json {""wikipedia_page"":""résistance intérieure française"", ""wikidata_id"":""Q157146""} ```",22.268543243408203
hidden_test_fr_31,21744,21749,Paris,Q90,LOC,Q90,Paris,"```json {""wikipedia_page"":""Paris"", ""wikidata_id"":""Q90""} ```",21.334802627563477
hidden_test_fr_31,21813,21820,Lefèvre,NIL,PER,NIL,Lefèvre,"```json { ""wikipedia_page"": ""NIL"", ""wikidata_id"": ""NIL"" } ```",0
hidden_test_fr_31,21822,21828,Jordan,NIL,PER,NIL,Jordan,"```json {""wikipedia_page"":"""",""wikidata_id"":""NIL""} ```",0
hidden_test_fr_31,21830,21835,Braun,NIL,PER,NIL,Braun,"```json {""wikipedia_page"":""NIL"", ""wikidata_id"":""NIL""} ```",0
hidden_test_fr_31,21837,21843,Ignace,NIL,PER,NIL,Ignace,"```json { ""wikipedia_page"": ""NIL"", ""wikidata_id"": ""NIL"" } ```",0
hidden_test_fr_31,21845,21850,Ledue,NIL,PER,NIL,Ledue,"```json {""wikipedia_page"":""NIL"", ""wikidata_id"":""NIL""} ```",0
hidden_test_fr_31,22022,22033,R. FLAMBART,NIL,PER,NIL,R. FLAMBART,"```json {""wikipedia_page"":""NIL"", ""wikidata_id"":""NIL""} ```",0
hidden_test_fr_31,22118,22123,Aston,Q956315,PER,Q956315,Alfred Aston,"```json {""wikipedia_page"":""Alfred Aston"", ""wikidata_id"":""Q956315""} ```",12.935455322265625
hidden_test_fr_31,22125,22132,Simonyi,Q522864,PER,Q522864,André Simonyi,"```json {""wikipedia_page"":""André Simonyi"", ""wikidata_id"":""Q522864""} ```",16.91737174987793
hidden_test_fr_31,22134,22140,Prouff,Q1685775,PER,Q1685775,Jean Prouff,"```json { ""wikipedia_page"": ""Jean Prouff"", ""wikidata_id"": ""Q1685775""} ```",15.598730087280273
hidden_test_fr_31,22142,22151,Bongiorni,Q274940,PER,Q274940,Émile Bongiorni,"```json {""wikipedia_page"": ""Émile Bongiorni"", ""wikidata_id"": ""Q274940""} ```",16.037616729736328
hidden_test_fr_31,22153,22158,Bihel,Q432514,PER,Q432514,René Bihel,"```json {""wikipedia_page"": ""René Bihel"", ""wikidata_id"": ""Q432514""} ```",16.27195167541504
hidden_test_fr_31,22166,22171,Lozia,NIL,PER,NIL,Lozia,"```json { ""wikipedia_page"":""NIL"", ""wikidata_id"":""NIL""} ```",0
hidden_test_fr_31,22207,22219,FRED ASTAIRE,Q100937,PER,Q100937,Fred Astaire,"```json {""wikipedia_page"":""Fred Astaire"", ""wikidata_id"":""Q100937""} ```",16.677154541015625
hidden_test_fr_31,22284,22294,G. HIGGINS,Q5539550,PER,Q5539550,George G. Higgins,"```json { ""wikipedia_page"": ""George G. Higgins"", ""wikidata_id"": ""Q5539550"" } ```",14.896692276000977
hidden_test_fr_32,673,683,C. I. F. 2,NIL,ORG,NIL,C. I. F. 2,"```json {""wikipedia_page"":"""",""wikidata_id"":""NIL""} ```",0
hidden_test_fr_32,714,756,"colonel B...,ancien commandant du 413e R.I",NIL,PER,NIL,"colonel B...,ancien commandant du 413e R.I","```json {""wikipedia_page"":""413e régiment d'infanterie"", ""wikidata_id"":""NIL""} ```",0
hidden_test_fr_32,1443,1453,PierreLoti,Q311854,PER,Q311854,Pierre Loti,"```json {""wikipedia_page"":""Pierre Loti"", ""wikidata_id"":""Q311854""} ```",30.21161651611328
hidden_test_fr_32,2094,2100,Berlin,Q64,LOC,Q64,Berlin,"```json {""wikipedia_page"":""Berlin"", ""wikidata_id"":""Q64""} ```",17.488183975219727
hidden_test_fr_32,2180,2185,Reich,Q7318,ORG,Q7318,Troisième Reich,"```json {""wikipedia_page"":""Troisième Reich"", ""wikidata_id"":""Q7318""} ```",12.934002876281738
hidden_test_fr_32,3407,3418,Pierre Loti,Q311854,PER,Q311854,Pierre Loti,"```json {""wikipedia_page"":""Pierre Loti"", ""wikidata_id"":""Q311854""} ```",39.99928283691406
hidden_test_fr_32,3460,3470,Nietsz¬che,Q9358,PER,Q9358,Friedrich Nietzsche,"```json {""wikipedia_page"":""Friedrich Nietzsche"", ""wikidata_id"":""Q9358""} ```",26.1945743560791
hidden_test_fr_32,3515,3524,Nietszche,Q9358,PER,Q9358,Friedrich Nietzsche,"```json {""wikipedia_page"":""Friedrich Nietzsche"", ""wikidata_id"":""Q9358""} ```",21.435205459594727
hidden_test_fr_32,3981,3988,Goering,Q47906,PER,Q47906,Hermann Göring,"```json {""wikipedia_page"":""Hermann Göring"", ""wikidata_id"":""Q47906""} ```",26.529020309448242
hidden_test_fr_32,4729,4735,Europe,Q46,LOC,Q46,Europe,"```json {""wikipedia_page"": ""Europe"", ""wikidata_id"": ""Q46""} ```",23.27338981628418
hidden_test_fr_32,4842,4851,Allemagne,Q183,LOC,Q183,Allemagne,"```json {""wikipedia_page"":""Allemagne"", ""wikidata_id"":""Q183""} ```",20.686901092529297
hidden_test_fr_32,5105,5110,Paris,Q90,LOC,Q90,Paris,"```json {""wikipedia_page"":""Paris"", ""wikidata_id"":""Q90""} ```",20.658214569091797
hidden_test_fr_32,5765,5774,Nietszche,Q9358,PER,Q9358,Friedrich Nietzsche,"```json {""wikipedia_page"":""Friedrich Nietzsche"", ""wikidata_id"":""Q9358""} ```",29.592388153076172
hidden_test_fr_32,6434,6439,Paris,Q90,LOC,Q90,Paris,"```json {""wikipedia_page"":""Paris"", ""wikidata_id"":""Q90""} ```",19.27840805053711
hidden_test_fr_32,7645,7652,Goering,Q47906,PER,Q47906,Hermann Göring,"```json { ""wikipedia_page"": ""Hermann Göring"", ""wikidata_id"": ""Q47906"" } ```",19.3095645904541
hidden_test_fr_32,8068,8074,Alliés,Q329888,ORG,Q329888,Alliés de la Seconde Guerre mondiale,"```json { ""wikipedia_page"": ""Alliés de la Seconde Guerre mondiale"", ""wikidata_id"": ""Q329888"" } ```",18.956148147583008
hidden_test_fr_32,8497,8504,Goering,Q47906,PER,Q47906,Hermann Göring,"```json {""wikipedia_page"":""Hermann Göring"", ""wikidata_id"":""Q47906""} ```",22.588483810424805
hidden_test_fr_32,8508,8518,Ribbentrop,Q101886,PER,Q101886,Joachim von Ribbentrop,"```json {""wikipedia_page"":""Joachim von Ribbentrop"", ""wikidata_id"":""Q101886""} ```",26.71001625061035
hidden_test_fr_32,8887,8897,Montmartre,Q186115,LOC,Q186115,Montmartre,"```json {""wikipedia_page"":""Montmartre"", ""wikidata_id"":""Q186115""} ```",26.65789031982422
hidden_test_fr_32,9297,9309,Schopenhauer,Q38193,PER,Q38193,Arthur Schopenhauer,"```json { ""wikipedia_page"": ""Arthur Schopenhauer"", ""wikidata_id"": ""Q38193"" } ```",26.586708068847656
hidden_test_fr_32,9664,9678,Georges Oudard,Q15407147,PER,Q15407147,Georges Oudard,"```json {""wikipedia_page"":""Georges Oudard"", ""wikidata_id"":""Q15407147""} ```",32.418495178222656
hidden_test_fr_32,9726,9733,Vasseux,NIL,PER,NIL,Vasseux,"```json { ""wikipedia_page"": ""NIL"", ""wikidata_id"": ""NIL"" } ```",0
hidden_test_fr_32,9797,9802,Gœthe,Q5879,PER,Q5879,Johann Wolfgang von Goethe,"```json { ""wikipedia_page"": ""Johann Wolfgang von Goethe"", ""wikidata_id"": ""Q5879"" } ```",23.851232528686523
hidden_test_fr_32,10117,10122,Gœthe,Q5879,PER,Q5879,Johann Wolfgang von Goethe,"```json {""wikipedia_page"":""Johann Wolfgang von Goethe"", ""wikidata_id"":""Q5879""} ```",28.784774780273438
hidden_test_fr_32,10123,10135,Schopenhauer,Q38193,PER,Q38193,Arthur Schopenhauer,"```json {""wikipedia_page"":""Arthur Schopenhauer"", ""wikidata_id"":""Q38193""} ```",28.86305046081543
hidden_test_fr_32,10139,10148,Nietszche,Q9358,PER,Q9358,Friedrich Nietzsche,"```json {""wikipedia_page"":""Friedrich Nietzsche"", ""wikidata_id"":""Q9358""} ```",29.57378387451172
hidden_test_fr_32,10745,10751,Hitler,Q352,PER,Q352,Adolf Hitler,"```json {""wikipedia_page"":""Adolf Hitler"", ""wikidata_id"":""Q352""} ```",23.509979248046875
hidden_test_fr_32,10808,10817,Bis¬marck,Q8442,PER,Q8442,Otto von Bismarck,"```json { ""wikipedia_page"": ""Otto von Bismarck"", ""wikidata_id"": ""Q8442"" } ```",23.951190948486328
hidden_test_fr_32,10823,10835,Guillaume II,Q2677,PER,Q2677,Guillaume II,"```json {""wikipedia_page"":""Guillaume II"", ""wikidata_id"":""Q2677""} ```",23.759891510009766
hidden_test_fr_32,10873,10882,Montaigne,Q41568,PER,Q41568,Michel de Montaigne,"```json {""wikipedia_page"":""Michel de Montaigne"", ""wikidata_id"":""Q41568""} ```",25.179271697998047
hidden_test_fr_32,10919,10931,René Davoust,NIL,PER,NIL,René Davoust,"```json {""wikipedia_page"":""NIL"", ""wikidata_id"":""NIL""} ```",0
hidden_test_fr_32,11493,11507,Champs-Elysées,Q550,LOC,Q550,avenue des Champs-Élysées,"```json {""wikipedia_page"":""avenue des Champs-Élysées"", ""wikidata_id"":""Q550""} ```",23.544870376586914
hidden_test_fr_32,11975,11997,"""Le boncolis Sarthois""",NIL,ORG,NIL,"""Le boncolis Sarthois""","```json {""wikipedia_page"":""NIL"", ""wikidata_id"":""NIL""} ```",0
hidden_test_fr_32,12567,12578,Mme Cau¬dal,NIL,PER,NIL,Mme Cau¬dal,"```json {""wikipedia_page"":""NIL"", ""wikidata_id"":""NIL""} ```",0
hidden_test_fr_32,12580,12596,Lombron (Sarthe),Q1234730,LOC,Q1234730,Lombron,"```json {""wikipedia_page"":""Lombron"", ""wikidata_id"":""Q1234730""} ```",15.689454078674316
hidden_test_fr_32,13305,13310,PARIS,Q90,LOC,Q90,Paris,"```json {""wikipedia_page"":""Paris"", ""wikidata_id"":""Q90""} ```",21.4433536529541
hidden_test_fr_32,13362,13372,pères Noël,Q315796,PER,Q315796,père Noël,"```json {""wikipedia_page"": ""père Noël"", ""wikidata_id"": ""Q315796""} ```",21.664628982543945
hidden_test_fr_32,13692,13700,pèreNoël,Q315796,PER,Q315796,père Noël,"```json { ""wikipedia_page"": ""père Noël"", ""wikidata_id"": ""Q315796"" } ```",22.853490829467773
hidden_test_fr_32,14895,14928,LIGUE D'ASSAINISSEMENT COMMERCIAL,NIL,ORG,NIL,LIGUE D'ASSAINISSEMENT COMMERCIAL,"```json {""wikipedia_page"":""NIL"", ""wikidata_id"":""NIL""} ```",0
hidden_test_fr_33,137,190,"Mlle Bringuier, âgée de 18 ans, em¬ployée de commerce",NIL,PER,NIL,"Mlle Bringuier, âgée de 18 ans, em¬ployée de commerce","```json { ""wikipedia_page"": """", ""wikidata_id"": ""NIL"" } ```",0
hidden_test_fr_33,194,210,M. Prosper Cohen,NIL,PER,NIL,M. Prosper Cohen,"```json { ""wikipedia_page"": ""NIL"", ""wikidata_id"": ""NIL"" } ```",0
hidden_test_fr_33,296,310,amiral Taka¬gi,Q508287,PER,Q508287,Takeo Takagi,"```json {""wikipedia_page"":""Takeo Takagi"", ""wikidata_id"":""Q508287""} ```",10.559059143066406
hidden_test_fr_33,449,460,TH. COMŒDIA,Q3527444,LOC,Q3527444,Théâtre Comœdia,"```json {""wikipedia_page"": ""Théâtre Comœdia"", ""wikidata_id"": ""Q3527444""} ```",7.50855016708374
hidden_test_fr_33,497,511,Ketty de Bedts,NIL,PER,NIL,Ketty de Bedts,"```json {""wikipedia_page"":""NIL"", ""wikidata_id"":""NIL""} ```",0
hidden_test_fr_33,542,553,Mme Stroeva,NIL,PER,NIL,Mme Stroeva,"```json {""wikipedia_page"":""NIL"", ""wikidata_id"":""NIL""} ```",0
hidden_test_fr_33,588,598,M. Brecker,NIL,PER,NIL,M. Brecker,"```json {""wikipedia_page"":""NIL"", ""wikidata_id"":""NIL""} ```",0
hidden_test_fr_33,1605,1619,Marcadet 33-82,NIL,LOC,NIL,Marcadet 33-82,"```json {""wikipedia_page"":"""",""wikidata_id"":""NIL""} ```",0
hidden_test_fr_33,1639,1649,PARIS-SOIR,Q1809440,ORG,Q1809440,Paris-Soir,"```json { ""wikipedia_page"": ""Paris-Soir"", ""wikidata_id"": ""Q1809440"" } ```",22.170930862426758
hidden_test_fr_33,2232,2248,lnstitut BIORANE,NIL,ORG,NIL,lnstitut BIORANE,"```json {""wikipedia_page"": ""NIL"", ""wikidata_id"": ""NIL""} ```",0
hidden_test_fr_33,2252,2257,Paris,Q90,LOC,Q90,Paris,"```json {""wikipedia_page"":""Paris"", ""wikidata_id"":""Q90""} ```",19.427505493164062
hidden_test_fr_33,2500,2527,MAISON MÉDICALE DE LA FEMME,NIL,ORG,NIL,MAISON MÉDICALE DE LA FEMME,"```json {""wikipedia_page"":""NIL"", ""wikidata_id"":""NIL""} ```",0
hidden_test_fr_33,2781,2791,M. JACQUET,NIL,PER,NIL,M. JACQUET,"```json { ""wikipedia_page"": ""NIL"", ""wikidata_id"": ""NIL"" } ```",0
hidden_test_fr_33,2905,2921,lnstitut BIORANE,NIL,ORG,NIL,lnstitut BIORANE,"```json { ""wikipedia_page"": ""NIL"", ""wikidata_id"": ""NIL"" } ```",0
hidden_test_fr_33,2925,2930,Paris,Q90,LOC,Q90,Paris,"```json {""wikipedia_page"":""Paris"", ""wikidata_id"":""Q90""} ```",21.469253540039062
hidden_test_fr_33,3176,3181,Paris,Q90,LOC,Q90,Paris,"```json {""wikipedia_page"":""Paris"", ""wikidata_id"":""Q90""} ```",21.9871768951416
hidden_test_fr_33,3555,3558,SOR,NIL,ORG,NIL,SOR,"```json {""wikipedia_page"": ""NIL"", ""wikidata_id"":""NIL""} ```",0
hidden_test_fr_33,3639,3642,SOR,NIL,ORG,NIL,SOR,"```json {""wikipedia_page"":""NIL"", ""wikidata_id"":""NIL""} ```",0
hidden_test_fr_33,4230,4234,Bach,Q1339,PER,Q1339,Jean-Sébastien Bach,"```json {""wikipedia_page"":""Jean-Sébastien Bach"", ""wikidata_id"":""Q1339""} ```",18.94438934326172
hidden_test_fr_33,4236,4245,Beethoven,Q255,PER,Q255,Ludwig van Beethoven,"```json {""wikipedia_page"":""Ludwig van Beethoven"", ""wikidata_id"":""Q255""} ```",24.08667755126953
hidden_test_fr_33,4247,4256,Boïeldieu,Q109875,PER,Q109875,François-Adrien Boieldieu,"```json {""wikipedia_page"":""François-Adrien Boieldieu"", ""wikidata_id"":""Q109875""} ```",20.884769439697266
hidden_test_fr_33,4291,4297,Chopin,Q1268,PER,Q1268,Frédéric Chopin,"```json {""wikipedia_page"": ""Frédéric Chopin"", ""wikidata_id"": ""Q1268""} ```",21.405075073242188
hidden_test_fr_33,4299,4304,Haydn,Q7349,PER,Q7349,Joseph Haydn,"```json {""wikipedia_page"":""Joseph Haydn"", ""wikidata_id"":""Q7349""} ```",26.620283126831055
hidden_test_fr_33,4306,4311,Listz,Q41309,PER,Q41309,Franz Liszt,"```json {""wikipedia_page"": ""Franz Liszt"", ""wikidata_id"": ""Q41309""} ```",17.80060577392578
hidden_test_fr_33,4313,4322,Meyerbeer,Q105237,PER,Q105237,Giacomo Meyerbeer,"```json {""wikipedia_page"":""Giacomo Meyerbeer"", ""wikidata_id"":""Q105237""} ```",26.325584411621094
hidden_test_fr_33,4355,4361,Mozart,Q254,PER,Q254,Wolfgang Amadeus Mozart,"```json { ""wikipedia_page"": ""Wolfgang Amadeus Mozart"", ""wikidata_id"": ""Q254"" } ```",21.9277400970459
hidden_test_fr_33,4363,4374,Mendelssohn,Q46096,PER,Q46096,Félix Mendelssohn Bartholdy,"```json {""wikipedia_page"":""Félix Mendelssohn Bartholdy"", ""wikidata_id"":""Q46096""} ```",25.52667999267578
hidden_test_fr_33,4376,4383,Rossini,Q9726,PER,Q9726,Gioachino Rossini,"```json {""wikipedia_page"":""Gioachino Rossini"", ""wikidata_id"":""Q9726""} ```",24.676769256591797
hidden_test_fr_33,4428,4431,SOR,NIL,ORG,NIL,SOR,"```json {""wikipedia_page"":""NIL"", ""wikidata_id"":""NIL""} ```",0
hidden_test_fr_33,4648,4654,Wagner,Q1511,PER,Q1511,Richard Wagner,"```json {""wikipedia_page"":""Richard Wagner"", ""wikidata_id"":""Q1511""} ```",18.837614059448242
hidden_test_fr_33,4994,5010,Institut BIORANE,NIL,ORG,NIL,Institut BIORANE,"```json {""wikipedia_page"":"""", ""wikidata_id"":""NIL""} ```",0
hidden_test_fr_33,5024,5051,"25, rue d'Hauteville, Paris",NIL,LOC,NIL,"25, rue d'Hauteville, Paris","```json {""wikipedia_page"":""NIL"", ""wikidata_id"":""NIL""} ```",0
hidden_test_fr_33,5280,5296,Institut BIORANE,NIL,ORG,NIL,Institut BIORANE,"```json {""wikipedia_page"":""NIL"", ""wikidata_id"":""NIL""} ```",0
hidden_test_fr_33,5300,5305,Paris,Q90,LOC,Q90,Paris,"```json {""wikipedia_page"":""Paris"", ""wikidata_id"":""Q90""} ```",21.668067932128906
hidden_test_fr_33,5924,5934,PARIS (9e),Q275118,LOC,Q275118,9e arrondissement de Paris,"```json {""wikipedia_page"": ""9e arrondissement de Paris"", ""wikidata_id"": ""Q275118""} ```",11.2322998046875
hidden_test_fr_33,6269,6274,Paris,Q90,LOC,Q90,Paris,"```json {""wikipedia_page"":""Paris"", ""wikidata_id"":""Q90""} ```",22.793745040893555
hidden_test_fr_33,6287,6292,Paris,Q90,LOC,Q90,Paris,"```json {""wikipedia_page"":""Paris"", ""wikidata_id"":""Q90""} ```",17.112180709838867
hidden_test_fr_33,6338,6343,Paris,Q90,LOC,Q90,Paris,"```json { ""wikipedia_page"": ""Paris"", ""wikidata_id"": ""Q90"" } ```",19.462430953979492
hidden_test_fr_33,6380,6386,9e ar.,Q275118,LOC,Q275118,9e arrondissement de Paris,"```json {""wikipedia_page"":""9e arrondissement de Paris"", ""wikidata_id"":""Q275118""} ```",10.195294380187988
hidden_test_fr_33,6574,6583,MesBonnel,NIL,PER,NIL,MesBonnel,"```json {""wikipedia_page"":""NIL"", ""wikidata_id"":""NIL""} ```",0
hidden_test_fr_33,7033,7048,Drs G. LEPERS**,NIL,PER,NIL,Drs G. LEPERS**,"```json {""wikipedia_page"":""NIL"", ""wikidata_id"":""NIL""} ```",0
hidden_test_fr_33,7235,7251,Banque Petitjean,NIL,ORG,NIL,Banque Petitjean,"```json {""wikipedia_page"":""NIL"", ""wikidata_id"":""NIL""} ```",0
hidden_test_fr_33,7319,7324,Paris,Q90,LOC,Q90,Paris,"```json { ""wikipedia_page"": ""Paris"", ""wikidata_id"": ""Q90"" } ```",19.225778579711914
hidden_test_fr_33,8260,8276,Institut BIORANE,NIL,ORG,NIL,Institut BIORANE,"```json {""wikipedia_page"":""NIL"", ""wikidata_id"":""NIL""} ```",0
hidden_test_fr_33,8367,8374,Dr DARU,NIL,PER,NIL,Dr DARU,"```json { ""wikipedia_page"": ""NIL"", ""wikidata_id"": ""NIL"" } ```",0
hidden_test_fr_33,8736,8783,"38, av. de Clichy. Paris (18e)HILLAIREAU FRÈRES",NIL,PER,NIL,"38, av. de Clichy. Paris (18e)HILLAIREAU FRÈRES","```json {""wikipedia_page"":""NIL"", ""wikidata_id"":""NIL""} ```",0
hidden_test_fr_34,33,40,Londres,Q84,LOC,Q84,Londres,"```json {""wikipedia_page"": ""Londres"", ""wikidata_id"": ""Q84""} ```",14.662744522094727
hidden_test_fr_34,245,251,Passos,Q312407,PER,Q312407,John Dos Passos,"```json { ""wikipedia_page"": ""John Dos Passos"", ""wikidata_id"": ""Q312407"" } ```",15.8447847366333
hidden_test_fr_34,424,432,Barbusse,Q18404,PER,Q18404,Henri Barbusse,"```json {""wikipedia_page"":""Henri Barbusse"", ""wikidata_id"":""Q18404""} ```",22.658584594726562
hidden_test_fr_34,448,454,Latzko,Q88339,PER,Q88339,Andreas Latzko,"```json {""wikipedia_page"":""Andreas Latzko"", ""wikidata_id"":""Q88339""} ```",20.97606086730957
hidden_test_fr_34,461,470,Re¬marque,Q47293,PER,Q47293,Erich Maria Remarque,"```json {""wikipedia_page"":""Erich Maria Remarque"", ""wikidata_id"":""Q47293""} ```",23.266857147216797
hidden_test_fr_34,577,583,Passos,Q312407,PER,Q312407,John Dos Passos,"```json { ""wikipedia_page"": ""John Dos Passos"", ""wikidata_id"": ""Q312407"" } ```",20.31090545654297
hidden_test_fr_34,985,992,Maurice,NIL,PER,NIL,Maurice,"```json {""wikipedia_page"":""NIL"", ""wikidata_id"":""NIL""} ```",0
hidden_test_fr_34,1388,1405,André CHENNEVIERE,Q23021628,PER,Q23021628,André Chennevière,"```json { ""wikipedia_page"": ""André Chennevière"", ""wikidata_id"": ""Q23021628"" } ```",26.696983337402344
hidden_test_fr_34,2327,2335,S.F.I.O.,Q1332068,ORG,Q1332068,Section française de l'Internationale ouvrière,"```json {""wikipedia_page"": ""Section française de l'Internationale ouvrière"", ""wikidata_id"": ""Q1332068""} ```",11.774887084960938
hidden_test_fr_34,2497,2512,RUTH CHATTERTON,Q287713,PER,Q287713,Ruth Chatterton,"```json {""wikipedia_page"":""Ruth Chatterton"", ""wikidata_id"":""Q287713""} ```",33.28521728515625
hidden_test_fr_34,2822,2827,P. T.,NIL,PER,NIL,P. T.,"```json {""wikipedia_page"": ""NIL"", ""wikidata_id"": ""NIL""} ```",0
hidden_test_fr_34,2830,2849,Morlaix (Finistère),Q202368,LOC,Q202368,Morlaix,"```json {""wikipedia_page"": ""Morlaix"", ""wikidata_id"": ""Q202368""} ```",24.619470596313477
hidden_test_fr_34,2994,2996,S.,NIL,PER,NIL,S.,"```json {""wikipedia_page"":""NIL"", ""wikidata_id"":""NIL""} ```",0
hidden_test_fr_34,2999,3015,Suresnes (Seine),Q193929,LOC,Q193929,Suresnes,"```json { ""wikipedia_page"": ""Suresnes"", ""wikidata_id"": ""Q193929"" } ```",27.408546447753906
hidden_test_fr_34,3439,3441,E.,NIL,PER,NIL,E.,"```json {""wikipedia_page"":""NIL"", ""wikidata_id"":""NIL""} ```",0
hidden_test_fr_34,3445,3465,Gréasques (B.-d.-R.),Q676005,LOC,Q676005,Gréasque,"```json {""wikipedia_page"":""Gréasque"", ""wikidata_id"":""Q676005""} ```",13.679451942443848
hidden_test_fr_34,3775,3780,B. L.,NIL,PER,NIL,B. L.,"```json {""wikipedia_page"":""NIL"", ""wikidata_id"":""NIL""} ```",0
hidden_test_fr_34,4051,4083,"Ruth Chat¬terton, petite dactylo",Q287713,PER,Q287713,Ruth Chatterton,"```json {""wikipedia_page"":""Ruth Chatterton"", ""wikidata_id"":""Q287713""} ```",18.293060302734375
hidden_test_fr_34,4616,4636,La Courneuve (Seine),Q244725,LOC,Q244725,La Courneuve,"```json {""wikipedia_page"": ""La Courneuve"", ""wikidata_id"": ""Q244725""} ```",25.585773468017578
hidden_test_fr_34,5055,5069,RuthChatterton,Q287713,PER,Q287713,Ruth Chatterton,"```json {""wikipedia_page"":""Ruth Chatterton"", ""wikidata_id"":""Q287713""} ```",28.710281372070312
hidden_test_fr_34,5118,5127,MissDrake,NIL,PER,NIL,MissDrake,"```json {""wikipedia_page"":"""", ""wikidata_id"":""NIL""} ```",0
hidden_test_fr_34,5462,5470,P. F. A.,NIL,PER,NIL,P. F. A.,"```json {""wikipedia_page"":""NIL"", ""wikidata_id"":""NIL""} ```",0
hidden_test_fr_34,6940,6950,Cholo¬khov,Q42398,PER,Q42398,Mikhaïl Cholokhov,"```json {""wikipedia_page"":""Mikhaïl Cholokhov"", ""wikidata_id"":""Q42398""} ```",29.016576766967773
hidden_test_fr_34,6978,6990,Jack Lon¬don,Q45765,PER,Q45765,Jack London,"```json {""wikipedia_page"":""Jack London"", ""wikidata_id"":""Q45765""} ```",30.349199295043945
hidden_test_fr_34,7073,7084,Piat¬nitski,Q586545,PER,Q586545,Ossip Piatnitski,"```json { ""wikipedia_page"": ""Ossip Piatnitski"", ""wikidata_id"": ""Q586545"" } ```",30.4530029296875
hidden_test_fr_34,7127,7136,John Reed,Q310800,PER,Q310800,John Reed,"```json {""wikipedia_page"":""John Reed"", ""wikidata_id"":""Q310800""} ```",27.864870071411133
hidden_test_fr_34,7155,7166,Maxim Gorki,Q12706,PER,Q12706,Maxime Gorki,"```json {""wikipedia_page"":""Maxime Gorki"", ""wikidata_id"":""Q12706""} ```",40.44740676879883
hidden_test_fr_34,7192,7202,Bru¬xelles,Q239,LOC,Q239,Ville de Bruxelles,"```json {""wikipedia_page"":""Ville de Bruxelles"", ""wikidata_id"":""Q239""} ```",18.802715301513672
