doc_id,start_pos,end_pos,surface,gt_id,type,identifier,title,answer,score
EXP-1798-01-04-a-i0005,142,168,sieur Jaques Charles Gicot,NIL,PER,NIL,sieur Jaques Charles Gicot,```json {} ```,0
EXP-1798-01-04-a-i0005,498,506,Landeron,Q70204,LOC,Q70204,Le Landeron,"```json { ""wikipedia_page"": ""Le Landeron"", ""wikidata_id"": ""Q70204"" } ```",15.51573657989502
EXP-1798-01-04-a-i0005,978,992,Val-de-Travers,Q70526,LOC,Q70526,Val-de-Travers,,23.30463218688965
EXP-1798-01-04-a-i0005,999,1062,"sieur Daniel Meuron, maïUe charpentier, _bourgeois de Neuchatel",NIL,PER,NIL,"sieur Daniel Meuron, maïUe charpentier, _bourgeois de Neuchatel","Given the input text and the list of candidates, the entities mentioned between the [ENT] tags are ""Daniel Meuron"" and ""Neuchâtel"". Below is the JSON object formatted as requested: ```json { ""wikipedia_page"": ""Daniel_Meuron"", ""wikidata_id"": ""Q12345678"" // This Wikidata ID is hypothetical; the actual ID should be determined based on the disambiguation. } ```",0
EXP-1798-01-04-a-i0005,1224,1238,Jouas Frédéric,NIL,PER,NIL,Jouas Frédéric,no,0
EXP-1798-01-04-a-i0005,1240,1247,Auguste,NIL,PER,NIL,Auguste,No,0
EXP-1798-02-15-a-i0004,363,421,"Jean'""Fréderic / Stnuffer, meunier aux moulins de la Prise",NIL,PER,NIL,"Jean'""Fréderic / Stnuffer, meunier aux moulins de la Prise",no,0
EXP-1798-02-15-a-i0004,659,672,sœurs _Gendre,NIL,PER,NIL,sœurs _Gendre,no,0
EXP-1798-02-15-a-i0004,735,747,Mlle. Eckard,NIL,PER,NIL,Mlle. Eckard,no,0
EXP-1798-02-15-a-i0004,753,768,rue des Moulins,NIL,LOC,NIL,rue des Moulins,No,0
EXP-1798-02-15-a-i0004,838,855,demoiselle Eckard,NIL,PER,NIL,demoiselle Eckard,```json {} ```,0
EXP-1798-02-15-a-i0004,1900,1909,Neuchatel,Q69345,LOC,Q69345,Neuchâtel,,24.020353317260742
EXP-1798-02-15-a-i0004,2205,2238,"M. Rougemont, commissaire général",NIL,PER,NIL,"M. Rougemont, commissaire général",no,0
EXP-1798-02-15-a-i0004,2318,2351,"M. Fa vre, négociant sur la place",NIL,PER,NIL,"M. Fa vre, négociant sur la place",no,0
EXP-1798-02-15-a-i0004,2472,2501,sieur Quartier _^ instituteur,NIL,PER,NIL,sieur Quartier _^ instituteur,```json {} ```,0
EXP-1798-02-15-a-i0004,3030,3039,Neuchatel,Q69345,LOC,Q69345,Neuchâtel,,26.190427780151367
EXP-1798-02-15-a-i0004,3133,3151,Jean Pierre Baxdet,NIL,PER,NIL,Jean Pierre Baxdet,no,0
EXP-1798-02-15-a-i0004,3299,3335,Compagnie des Marchands de Neuchatel,NIL,ORG,NIL,Compagnie des Marchands de Neuchatel,No,0
EXP-1798-02-15-a-i0004,3444,3459,M. Henri Gigaud,NIL,PER,NIL,M. Henri Gigaud,no.,0
EXP-1798-02-15-a-i0004,3509,3520,M. Ghatenay,NIL,PER,NIL,M. Ghatenay,no,0
EXP-1808-09-01-a-i0001,369,383,Chaux-de-Fonds,Q68124,LOC,Q68124,La Chaux-de-Fonds,,23.67177963256836
EXP-1808-09-01-a-i0001,423,439,Henri Jean-Maire,NIL,PER,NIL,Henri Jean-Maire,no,0
EXP-1808-09-01-a-i0001,487,501,Chaùx-de-Fonds,Q68124,LOC,Q68124,La Chaux-de-Fonds,"{""wikipedia_page"": ""La Chaux-de-Fonds"", ""wikidata_id"": ""Q68124""}",21.836097717285156
EXP-1808-09-01-a-i0001,645,661,Henri Jean-Maire,NIL,PER,NIL,Henri Jean-Maire,no,0
EXP-1808-09-01-a-i0001,668,691,Reine née Robert-Nicoud,NIL,PER,NIL,Reine née Robert-Nicoud,no,0
EXP-1808-09-01-a-i0001,1141,1150,Henriette,NIL,PER,NIL,Henriette,No.,0
EXP-1808-09-01-a-i0001,1168,1217,sieur cap itaine-lieutenant Jaques Henri Boûrquin,NIL,PER,NIL,sieur cap itaine-lieutenant Jaques Henri Boûrquin,```json {} ```,0
EXP-1808-09-01-a-i0001,1304,1317,Cote-aux-Fées,Q68526,LOC,Q68526,La Côte-aux-Fées,"Based on the provided text, the entity [ENT] Cote-aux-Fées [ENT] seems to be referred to as a specific locality. Comparing this with the list of candidates, the most appropriate match is: ```json {""wikipedia_page"": ""La Côte-aux-Fées"", ""wikidata_id"": ""Q68526""} ```",20.332054138183594
EXP-1808-09-01-a-i0001,1468,1510,"M. Charles Cousandièr, "" maire du dit lieu",NIL,PER,NIL,"M. Charles Cousandièr, "" maire du dit lieu",```json {} ```,0
EXP-1808-09-01-a-i0001,1802,1829,"H .-F. JEAHJAQUET, greffier",NIL,PER,NIL,"H .-F. JEAHJAQUET, greffier",No,0
EXP-1808-09-01-a-i0001,1865,1890,sieur Charles-Henri vêpre,NIL,PER,NIL,sieur Charles-Henri vêpre,no,0
EXP-1808-09-01-a-i0001,1898,1931,demoiselle Julie-Valérie Bonvêpre,NIL,PER,NIL,demoiselle Julie-Valérie Bonvêpre,"""no""",0
EXP-1808-09-01-a-i0001,2033,2057,damé Susanne Petitpierre,NIL,PER,NIL,damé Susanne Petitpierre,no,0
EXP-1808-09-01-a-i0001,2083,2092,Neuchatel,Q69345,LOC,Q69345,Neuchâtel,,25.187211990356445
EXP-1808-09-01-a-i0001,2366,2375,Neuchatel,Q69345,LOC,Q69345,Neuchâtel,,28.008602142333984
EXP-1808-09-01-a-i0001,2695,2704,Neuchatel,Q69345,LOC,Q69345,Neuchâtel,,24.4897518157959
EXP-1808-09-01-a-i0001,2750,2764,Jonas Bes 6 on,NIL,PER,NIL,Jonas Bes 6 on,"Based on the analysis of the provided text, the most appropriate Wikidata entity for the first [ENT] seems to be the one related to the priest Jonas Beson, given the historical context and the mention of the town of Engolon. The second [ENT] does not have a clear candidate that fits well based on the provided list. Given the information, here is the JSON response: ```json {""wikipedia_page"":"""", ""wikidata_id"":""""} ```",0
EXP-1808-09-01-a-i0001,2768,2775,Engolon,Q70469,LOC,Q70469,Engollon,"```json {""wikipedia_page"": ""Engolon"", ""wikidata_id"": ""Q70469""} ```",16.096651077270508
EXP-1808-09-01-a-i0001,3313,3321,Valangin,Q70194,LOC,Q70194,Valangin,,23.976455688476562
EXP-1808-09-01-a-i0001,3487,3495,Valangin,Q70194,LOC,Q70194,Valangin,,22.96281623840332
EXP-1808-09-01-a-i0001,3525,3533,la Sagne,Q68532,LOC,Q68532,La Sagne,"Based on the text provided and the list of candidates, the most appropriate Wikidata entity for the entities tagged with [ENT] is 'La Sagne'. Here is the JSON-formatted answer: ```json {""wikipedia_page"":""La Sagne"", ""wikidata_id"":""Q68532""} ```",16.361892700195312
EXP-1808-09-01-a-i0001,3548,3563,Jacob Perrenoud,NIL,PER,NIL,Jacob Perrenoud,"```json {""wikipedia_page"":"""", ""wikidata_id"":""""} ```",0
EXP-1808-09-01-a-i0001,3648,3657,Neuchatel,Q69345,LOC,Q69345,Neuchâtel,"```json { ""wikipedia_page"": ""Neuchâtel"", ""wikidata_id"": ""Q69345"" } ```",19.637998580932617
EXP-1808-09-01-a-i0001,4591,4600,Neuchatel,Q69345,LOC,Q69345,Neuchâtel,,23.781213760375977
EXP-1808-09-01-a-i0001,4791,4814,voitnrier Louis Floquet,NIL,PER,NIL,voitnrier Louis Floquet,no,0
EXP-1808-09-01-a-i0001,4920,4927,Yverdon,Q63946,LOC,Q63946,Yverdon-les-Bains,,24.792964935302734
EXP-1808-09-01-a-i0001,5204,5226,"AUBERJOSOIS, président",NIL,PER,NIL,"AUBERJOSOIS, président",no,0
EXP-1808-09-01-a-i0001,5232,5253,"F. COREVOïT, greffier",NIL,PER,NIL,"F. COREVOïT, greffier",no,0
EXP-1808-09-01-a-i0001,5448,5463,ruelle Honhomme,NIL,LOC,NIL,ruelle Honhomme,no,0
EXP-1808-09-01-a-i0001,5487,5503,Plan de Serriere,NIL,LOC,NIL,Plan de Serriere,```json {} ```,0
EXP-1808-09-01-a-i0001,5618,5641,M. le capitaine Jacobel,NIL,PER,NIL,M. le capitaine Jacobel,No.,0
EXP-1808-09-01-a-i0001,6504,6510,Preyla,NIL,LOC,NIL,Preyla,"```json {""wikipedia_page"":"""",""wikidata_id"":""""} ```",0
EXP-1808-09-01-a-i0001,6628,6652,sieurs Jean-David Mauley,NIL,PER,NIL,sieurs Jean-David Mauley,no,0
EXP-1808-09-01-a-i0001,6746,6761,Félix Tinembart,NIL,PER,NIL,Félix Tinembart,no,0
EXP-1808-09-01-a-i0001,6906,6912,Bevaix,Q68700,LOC,Q68700,Bevaix,,32.03187561035156
EXP-1808-09-01-a-i0001,7044,7053,Neuchatel,Q69345,LOC,Q69345,Neuchâtel,,28.054710388183594
EXP-1808-09-01-a-i0001,7608,7614,M. Roy,NIL,PER,NIL,M. Roy,```json {} ```,0
EXP-1828-06-12-a-i0001,38,95,"César d'Ivernois, conseiller d'Etat et maire de Colombier",NIL,PER,NIL,"César d'Ivernois, conseiller d'Etat et maire de Colombier",No.,0
EXP-1828-06-12-a-i0001,490,508,"F. C'LtRC, £ ffier",NIL,PER,NIL,"F. C'LtRC, £ ffier",no,0
EXP-1828-06-12-a-i0001,538,556,AL Fiançois. Racle,NIL,PER,NIL,AL Fiançois. Racle,no,0
EXP-1828-06-12-a-i0001,596,601,Berne,Q70,LOC,Q70,Berne,,24.8526611328125
EXP-1828-06-12-a-i0001,706,718,AlAL Millier,NIL,PER,NIL,AlAL Millier,```json {} ```,0
EXP-1828-06-12-a-i0001,720,739,Sivary père et Comp,NIL,PER,NIL,Sivary père et Comp,No,0
EXP-1828-06-12-a-i0001,756,762,Suisse,Q39,LOC,Q39,Suisse,"Based on the provided text and the list of candidates, the entity mentioned between the [ENT] tags is ""Suisse"". The most appropriate Wikidata entity from the given list of candidates is: ```json {""wikipedia_page"":""Suisse"", ""wikidata_id"":""Q39""} ```",18.278535842895508
EXP-1828-06-12-a-i0001,972,977,Berne,Q70,LOC,Q70,Berne,,29.55694007873535
EXP-1828-06-12-a-i0001,1917,1994,"Al. le juge civil Freudo'nreich, lieutenant d'Avoyer de la Préfecture à Berne",NIL,PER,NIL,"Al. le juge civil Freudo'nreich, lieutenant d'Avoyer de la Préfecture à Berne",no,0
EXP-1828-06-12-a-i0001,2167,2172,Berne,Q70,LOC,Q70,Berne,,26.120615005493164
EXP-1828-06-12-a-i0001,2566,2571,Berne,Q70,LOC,Q70,Berne,,28.23395347595215
EXP-1828-06-12-a-i0001,4450,4462,10 Juin 1828,NIL,LOC,NIL,10 Juin 1828,no,0
EXP-1828-06-12-a-i0001,4472,4546,"lesecrétairc-de-viUe et président de la Commission de santé, G .-F. GALLOT",NIL,PER,NIL,"lesecrétairc-de-viUe et président de la Commission de santé, G .-F. GALLOT",no,0
EXP-1828-06-12-a-i0001,4602,4656,M la grand baillive de Gingins-Chevilly née Pillichody,NIL,PER,NIL,M la grand baillive de Gingins-Chevilly née Pillichody,```json {} ```,0
EXP-1828-06-12-a-i0001,4996,5004,St. Jean,NIL,LOC,NIL,St. Jean,```json {} ```,0
EXP-1828-06-12-a-i0001,5126,5169,"Seigneur Fischer, _giand baillif de Cerlier",NIL,PER,NIL,"Seigneur Fischer, _giand baillif de Cerlier",no,0
EXP-1828-06-12-a-i0001,5697,5729,"M. de Aleuron, conseiller d'Etat",NIL,PER,NIL,"M. de Aleuron, conseiller d'Etat",no,0
EXP-1828-06-12-a-i0001,5851,5860,Auvernier,Q70385,LOC,Q70385,Auvernier,,25.088321685791016
EXP-1828-06-12-a-i0001,6302,6307,Enges,Q68546,LOC,Q68546,Enges,"Based on the input text and the provided list of candidates, the entity [ENT] Enges [ENT] is likely referring to the commune Enges in the canton of Neuchâtel. Therefore, the corresponding Wikipedia page title and Wikidata ID are: ```json {""wikipedia_page"": ""Enges"", ""wikidata_id"": ""Q68546""} ```",13.305853843688965
EXP-1828-06-12-a-i0001,6799,6807,Valangin,Q70194,LOC,Q70194,Valangin,,24.894296646118164
EXP-1828-06-12-a-i0001,7190,7198,St. Jean,NIL,LOC,NIL,St. Jean,no,0
EXP-1828-06-12-a-i0001,7217,7226,Ostervald,NIL,PER,NIL,Ostervald,```json {} ```,0
EXP-1828-06-12-a-i0001,7686,7697,B. Viguerie,Q13080819,PER,Q13080819,Bernard Viguerie,,22.899608612060547
EXP-1828-06-12-a-i0001,8033,8059,"Sieur Quinche, instituteur",NIL,PER,NIL,"Sieur Quinche, instituteur", no,0
EXP-1828-06-12-a-i0001,8076,8092,place des Halles,NIL,LOC,NIL,place des Halles,```json {} ```,0
EXP-1828-06-12-a-i0001,8182,8191,Neuchâtel,Q69345,LOC,Q69345,Neuchâtel,,24.360910415649414
EXP-1828-06-12-a-i0001,8197,8222,Al. le châtelain Alonvert,NIL,PER,NIL,Al. le châtelain Alonvert,no,0
EXP-1828-06-12-a-i0001,8314,8332,AL Jn .-Dl. Andrié,NIL,PER,NIL,AL Jn .-Dl. Andrié,no,0
EXP-1828-06-12-a-i0001,8645,8657,grosdeNaples,Q2634,LOC,Q2634,Naples,"Based on the provided input text, the entity mentioned between the [ENT] tags ""gros de Naples"" is best disambiguated as: ```json { ""wikipedia_page"": ""Naples"", ""wikidata_id"": ""Q2634"" } ``` The ""gros de Naples"" likely refers to the city of Naples, Italy, given the context and the list of candidates.",8.242203712463379
EXP-1828-06-12-a-i0001,8866,8874,Mulhouse,Q79815,LOC,Q79815,Mulhouse,,23.317779541015625
EXP-1828-06-12-a-i0001,9526,9542,Al Julie Steiner,NIL,PER,NIL,Al Julie Steiner,no,0
EXP-1828-06-12-a-i0001,9813,9827,M veuve Benoit,NIL,PER,NIL,M veuve Benoit,no,0
EXP-1828-06-12-a-i0001,9839,9857,Al. Aleuron-Perret,NIL,PER,NIL,Al. Aleuron-Perret,no,0
EXP-1828-06-12-a-i0001,10367,10386,Fanchette Philippin,NIL,PER,NIL,Fanchette Philippin,```json {} ```,0
EXP-1828-06-12-a-i0001,10550,10573,"Jean Schlatter, fermier",NIL,PER,NIL,"Jean Schlatter, fermier",no,0
EXP-1828-06-12-a-i0001,10577,10587,M. de Luze,NIL,PER,NIL,M. de Luze,no,0
EXP-1828-06-12-a-i0001,10593,10607,Prés de _Reuse,NIL,LOC,NIL,Prés de _Reuse,"{ ""wikipedia_page"": """", ""wikidata_id"": """" }",0
EXP-1828-06-12-a-i0001,10741,10755,"Marti, sellier",NIL,PER,NIL,"Marti, sellier",no,0
EXP-1828-06-12-a-i0001,10792,10813,lithographie Gagnebin,NIL,ORG,NIL,lithographie Gagnebin,"Based on the provided text and the list of candidates, it is not possible to disambiguate the entity mentioned between the [ENT] tags with high confidence. Therefore, the response will be an empty JSON object. ```json {} ```",0
EXP-1828-06-12-a-i0001,10859,10866,Annonay,Q238366,LOC,Q238366,Annonay,,24.4564266204834
EXP-1828-06-12-a-i0001,10977,10989,Al Wittnauer,NIL,PER,NIL,Al Wittnauer,no,0
EXP-1828-06-12-a-i0001,11016,11031,AI Wavre-Wattel,NIL,PER,NIL,AI Wavre-Wattel,No.,0
EXP-1828-06-12-a-i0001,11110,11115,Dijon,Q7003,LOC,Q7003,Dijon,"Given the input text and the list of candidates, the entity mentioned between the [ENT] tags is ""Dijon"". The most appropriate Wikidata entity from the list of candidates for ""Dijon"" is: ```json {""wikipedia_page"": ""Dijon"", ""wikidata_id"": ""Q7003""} ```",21.8342342376709
EXP-1828-06-12-a-i0001,11585,11608,M. Preud'homme-Favarger,NIL,PER,NIL,M. Preud'homme-Favarger,"""no""",0
EXP-1828-06-12-a-i0001,12080,12100,AlAL Pettavel frères,NIL,PER,NIL,AlAL Pettavel frères,no,0
EXP-1828-06-12-a-i0001,12183,12187,Nice,Q33959,LOC,Q33959,Nice,"Based on the provided list of candidates and the input text, the entity mentioned between the [ENT] tags is ""Nice"". The most appropriate Wikidata entity from the given list of candidates is: ```json {""wikipedia_page"":""Nice"", ""wikidata_id"":""Q33959""} ```",21.878814697265625
EXP-1828-06-12-a-i0001,12194,12202,Provence,Q101081,LOC,Q101081,Provence,"```json {""wikipedia_page"":""Provence"",""wikidata_id"":""Q101081""} ```",19.460548400878906
EXP-1828-06-12-a-i0001,12245,12250,Paris,Q90,LOC,Q90,Paris,,22.36800765991211
EXP-1828-06-12-a-i0001,12338,12348,C. Steiner,NIL,PER,NIL,C. Steiner,```json {} ```,0
EXP-1858-05-08-a-i0001,91,119,citoyen Aug. L'Ecuyer-Pœllon,NIL,PER,NIL,citoyen Aug. L'Ecuyer-Pœllon,"```json { ""wikipedia_page"": ""Auguste L'Ecuyer-Poëllon"", ""wikidata_id"": """" } ```",0
EXP-1858-05-08-a-i0001,325,334,Neuchâtel,Q69345,LOC,Q69345,Neuchâtel,,27.244739532470703
EXP-1858-05-08-a-i0001,550,555,Locle,Q64093,LOC,Q64093,Le Locle,,26.971128463745117
EXP-1858-05-08-a-i0001,587,629,"citoyen Frédéric-Auguste Mathey, pierrisle",NIL,PER,NIL,"citoyen Frédéric-Auguste Mathey, pierrisle",no,0
EXP-1858-05-08-a-i0001,644,649,Locle,Q64093,LOC,Q64093,Le Locle,,25.162752151489258
EXP-1858-05-08-a-i0001,725,730,Locle,Q64093,LOC,Q64093,Le Locle,,25.072433471679688
EXP-1858-05-08-a-i0001,868,873,Locle,Q64093,LOC,Q64093,Le Locle,,26.00568389892578
EXP-1858-05-08-a-i0001,1037,1042,Locle,Q64093,LOC,Q64093,Le Locle,,24.333850860595703
EXP-1858-05-08-a-i0001,1181,1186,Locle,Q64093,LOC,Q64093,Le Locle,,23.918020248413086
EXP-1858-05-08-a-i0001,1272,1314,citoyen L _' -Edouard Uuguenin-Witillcmiii,NIL,PER,NIL,citoyen L _' -Edouard Uuguenin-Witillcmiii,No,0
EXP-1858-05-08-a-i0001,1319,1324,Locle,Q64093,LOC,Q64093,Le Locle,,26.049747467041016
EXP-1858-05-08-a-i0001,1363,1368,Locle,Q64093,LOC,Q64093,Le Locle,,25.764846801757812
EXP-1858-05-08-a-i0001,1541,1546,Locle,Q64093,LOC,Q64093,Le Locle,,28.020549774169922
EXP-1858-05-08-a-i0001,1720,1766,citoyen Louis-Edouard Hugiieiiin-Wuilleiiii'fî,NIL,PER,NIL,citoyen Louis-Edouard Hugiieiiin-Wuilleiiii'fî,```json {} ```,0
EXP-1858-05-08-a-i0001,1902,1907,Locle,Q64093,LOC,Q64093,Le Locle,,28.0207462310791
EXP-1858-05-08-a-i0001,2130,2135,Locle,Q64093,LOC,Q64093,Le Locle,,23.7226619720459
EXP-1858-05-08-a-i0001,2221,2252,citoyen Jules relet-Courvoisicr,NIL,PER,NIL,citoyen Jules relet-Courvoisicr,no,0
EXP-1858-05-08-a-i0001,2259,2264,Locle,Q64093,LOC,Q64093,Le Locle,,24.46117401123047
EXP-1858-05-08-a-i0001,2278,2321,"Philibert Pcrrelet, marchand de fournitures",NIL,PER,NIL,"Philibert Pcrrelet, marchand de fournitures",no,0
EXP-1858-05-08-a-i0001,2336,2341,Locle,Q64093,LOC,Q64093,Le Locle,,27.53668212890625
EXP-1858-05-08-a-i0001,2484,2489,Locle,Q64093,LOC,Q64093,Le Locle,,28.96321678161621
EXP-1858-05-08-a-i0001,2663,2697,ciloyen Jules Perrelet-Courvoisicr,NIL,PER,NIL,ciloyen Jules Perrelet-Courvoisicr,no,0
EXP-1858-05-08-a-i0001,2832,2837,Locle,Q64093,LOC,Q64093,Le Locle,,27.847381591796875
EXP-1858-05-08-a-i0001,3052,3069,la Chaux-de-Fonds,Q68124,LOC,Q68124,La Chaux-de-Fonds,,31.63059425354004
EXP-1858-05-08-a-i0001,3148,3188,"citoyen Charles Bastide, ancien coiffeur",NIL,PER,NIL,"citoyen Charles Bastide, ancien coiffeur",no,0
EXP-1858-05-08-a-i0001,3311,3330,citoyen Ch. Bastide,NIL,PER,NIL,citoyen Ch. Bastide,no,0
EXP-1858-05-08-a-i0001,3425,3442,la Chaux-de-Fonds,Q68124,LOC,Q68124,La Chaux-de-Fonds,,27.89484977722168
EXP-1858-05-08-a-i0001,3850,3864,Chaux-de-Fonds,Q68124,LOC,Q68124,La Chaux-de-Fonds,,27.176551818847656
EXP-1858-05-08-a-i0001,3979,3993,Chaux-de-Fonds,Q68124,LOC,Q68124,La Chaux-de-Fonds,,25.8674259185791
EXP-1858-05-08-a-i0001,4167,4184,la Chaux-de-Fonds,Q68124,LOC,Q68124,La Chaux-de-Fonds,,24.225135803222656
EXP-1858-05-08-a-i0001,4354,4371,la Chaux-de-Fonds,Q68124,LOC,Q68124,La Chaux-de-Fonds,,28.424148559570312
EXP-1858-05-08-a-i0001,4560,4606,"ci-| toyen Henri-François Duvanel _, négociant",NIL,PER,NIL,"ci-| toyen Henri-François Duvanel _, négociant",```json {} ```,0
EXP-1858-05-08-a-i0001,4612,4624,Brot-Dessous,Q70522,LOC,Q70522,Brot-Dessous,"Based on the provided text and candidates, the entity ""Brot-Dessous"" between the [ENT] tags is the most appropriate Wikidata entity. ```json { ""wikipedia_page"": ""Brot-Dessous"", ""wikidata_id"": ""Q70522"" } ```",17.346994400024414
EXP-1858-05-08-a-i0001,4736,4742,Boudry,Q69507,LOC,Q69507,Boudry,,29.32759666442871
EXP-1858-05-08-a-i0001,4972,5002,i toyen Henri-François Duvanel,NIL,PER,NIL,i toyen Henri-François Duvanel,```json {} ```,0
EXP-1868-04-22-a-i0042,100,117,sir Robert Napier,Q336474,PER,Q336474,Robert Napier,"Based on the provided text and candidates, the most appropriate Wikidata entity for the entity tagged with [ENT] is: ```json {""wikipedia_page"":""Robert Napier"", ""wikidata_id"":""Q336474""} ``` This entity corresponds to the British general who was involved in the Abyssinian War.",20.53007698059082
EXP-1868-04-22-a-i0042,560,573,colonel Payre,NIL,PER,NIL,colonel Payre,no,0
EXP-1868-04-22-a-i0042,623,631,Thédoros,NIL,PER,NIL,Thédoros,no,0
EXP-1868-04-22-a-i0042,940,948,M Pocbin,NIL,PER,NIL,M Pocbin,no,0
EXP-1868-04-22-a-i0042,1132,1139,Hérault,Q12545,LOC,Q12545,Hérault,,27.930484771728516
EXP-1868-04-22-a-i0042,1146,1160,Montagne-Noire,Q1509963,LOC,Q1509963,Montagne Noire,,22.136783599853516
EXP-1868-04-22-a-i0042,1191,1198,Avignon,Q6397,LOC,Q6397,Avignon,,30.23342514038086
EXP-1868-04-22-a-i0042,1332,1340,Provence,Q101081,LOC,Q101081,Provence,,23.1575984954834
EXP-1868-04-22-a-i0042,1347,1360,Bas-Languedoc,Q809717,LOC,Q809717,,,26.75316047668457
EXP-1868-04-22-a-i0042,1679,1685,Valais,Q834,LOC,Q834,canton du Valais,"Based on the provided text and the list of candidates, the entity mentioned between the [ENT] tags is most likely ""Valais"", which corresponds to the canton of Valais in Switzerland. Here is the JSON response: ```json {""wikipedia_page"":""canton du Valais"", ""wikidata_id"":""Q834""} ```",17.978801727294922
EXP-1868-04-22-a-i0042,1771,1782,Haul-Valaîs,Q3128417,LOC,Q3128417,Haut-Valais,"{ ""wikipedia_page"": ""Haut-Valais"", ""wikidata_id"": ""Q3128417"" }",16.370420455932617
EXP-1868-04-22-a-i0042,1793,1797,Sion,Q68136,LOC,Q68136,Sion,"```json {""wikipedia_page"": ""Sion"", ""wikidata_id"": ""Q68136""} ```",18.88836669921875
EXP-1868-04-22-a-i0042,1975,1987,Buénos-Ayrcs,Q1486,LOC,Q1486,Buenos Aires,"Based on the input text and the list of candidates, the reference marked by [ENT] tags is ""Buenos Aires"". The most appropriate Wikidata entity from the given list is: ```json {""wikipedia_page"": ""Buenos Aires"", ""wikidata_id"": ""Q1486""} ```",15.730308532714844
EXP-1868-04-22-a-i0042,1993,2003,Montevideo,Q1335,LOC,Q1335,Montevideo,,25.547346115112305
EXP-1868-04-22-a-i0042,2046,2061,Amérique du Sud,Q18,LOC,Q18,Amérique du Sud,,23.541778564453125
EXP-1868-04-22-a-i0042,2134,2143,NEUCHATEL,Q69345,LOC,Q69345,Neuchâtel,"```json { ""wikipedia_page"": ""Neuchâtel"", ""wikidata_id"": ""Q69345"" } ```",7.8083600997924805
EXP-1868-04-22-a-i0042,3050,3096,"M. Angus ! e Quartier-La Tente, démissionnaire",NIL,PER,NIL,"M. Angus ! e Quartier-La Tente, démissionnaire",no,0
EXP-1868-04-22-a-i0042,3527,3540,Fontainemelon,Q68544,LOC,Q68544,Fontainemelon,,29.13672637939453
EXP-1868-04-22-a-i0042,4061,4067,Areuse,Q111680,LOC,Q111680,Areuse,,27.261018753051758
EXP-1868-04-22-a-i0042,4101,4108,jeune R,NIL,PER,NIL,jeune R,no,0
EXP-1868-04-22-a-i0042,4364,4370,Areuse,Q111680,LOC,Q111680,Areuse,"```json {""wikipedia_page"": ""Areuse"", ""wikidata_id"": ""Q111680""} ```",18.20747947692871
EXP-1878-02-14-a-i0050,21,25,ROME,Q220,LOC,Q220,Rome,"```json {""wikipedia_page"": ""Rome"", ""wikidata_id"": ""Q220""} ```",18.792821884155273
EXP-1878-02-14-a-i0050,29,35,Pie IX,Q43720,PER,Q43720,Pie IX,,29.378997802734375
EXP-1878-02-14-a-i0050,1348,1352,Rome,Q220,LOC,Q220,Rome,,22.217744827270508
EXP-1878-02-14-a-i0050,1406,1417,Saint-Siège,Q159583,ORG,Q159583,Saint-Siège,,25.568601608276367
EXP-1878-02-14-a-i0050,1507,1516,St-Pierre,Q12512,LOC,Q12512,basilique Saint-Pierre,,24.938756942749023
EXP-1878-02-14-a-i0050,1561,1568,Vatican,Q237,LOC,Q237,Vatican,,22.8527774810791
EXP-1878-02-14-a-i0050,1649,1655,Pie IX,Q43720,PER,Q43720,Pie IX,,30.615703582763672
EXP-1878-02-14-a-i0050,1707,1711,ROME,Q220,LOC,Q220,Rome,,24.5223445892334
EXP-1878-02-14-a-i0050,1824,1828,Rome,Q220,LOC,Q220,Rome,,23.12076759338379
EXP-1878-02-14-a-i0050,2059,2075,chapelle Sixtine,Q2943,LOC,Q2943,chapelle Sixtine,,31.379772186279297
EXP-1878-02-14-a-i0050,2077,2084,LONDRES,Q84,LOC,Q84,Londres,,25.439233779907227
EXP-1878-02-14-a-i0050,2169,2183,Constantinople,Q16869,LOC,Q16869,Constantinople,,26.758094787597656
EXP-1878-02-14-a-i0050,2201,2208,Turquie,Q43,LOC,Q43,Turquie,"Based on the provided input text, the entities mentioned between the [ENT] tags are ""Turquie"" and ""Turquie"". The most appropriate Wikidata entity from the given list of candidates for ""Turquie"" is: ```json {""wikipedia_page"":""Turquie"", ""wikidata_id"":""Q43""} ``` There is no need to disambiguate ""Turquie"" further as it matches the given entity in the candidates list.",19.59908103942871
EXP-1878-02-14-a-i0050,2299,2313,Constantinople,Q16869,LOC,Q16869,Constantinople,,25.956167221069336
EXP-1878-02-14-a-i0050,2342,2348,Berlin,Q64,LOC,Q64,Berlin,"```json { ""wikipedia_page"": ""Berlin"", ""wikidata_id"": ""Q64"" } ```",20.847864151000977
EXP-1878-02-14-a-i0050,2661,2675,Constantinople,Q16869,LOC,Q16869,Constantinople,,25.13975715637207
EXP-1878-02-14-a-i0050,2680,2688,Standard,Q666494,PROD,Q666494,Evening Standard,"```json { ""wikipedia_page"": ""Evening Standard"", ""wikidata_id"": ""Q666494"" } ```",14.294305801391602
EXP-1878-02-14-a-i0050,2831,2837,Manche,Q34640,LOC,Q34640,Manche,,23.360580444335938
EXP-1878-02-14-a-i0050,2865,2874,Gibraltar,Q1410,LOC,Q1410,Gibraltar,,25.83039093017578
EXP-1878-02-14-a-i0050,2919,2923,POLA,NIL,LOC,NIL,POLA,no,0
EXP-1878-02-14-a-i0050,3004,3010,Levant,Q81483,LOC,Q81483,Levant,"```json { ""wikipedia_page"": ""Levant"", ""wikidata_id"": ""Q81483"" } ```",17.40966796875
EXP-1878-02-14-a-i0050,3064,3083,contre-amiral Barry,NIL,PER,NIL,contre-amiral Barry,no,0
EXP-1878-02-14-a-i0050,3116,3130,ST-PéTEESBODEG,Q656,LOC,Q656,Saint-Pétersbourg,"{ ""wikipedia_page"": ""Saint-Pétersbourg"", ""wikidata_id"": ""Q656"" }",12.505277633666992
EXP-1878-02-14-a-i0050,3149,3168,prince Gortschakoff,Q327020,PER,Q327020,Alexandre Gortchakov,,24.85418128967285
EXP-1878-02-14-a-i0050,3212,3218,Vienne,Q1741,LOC,Q1741,Vienne,,22.645036697387695
EXP-1878-02-14-a-i0050,3220,3227,Londres,Q84,LOC,Q84,Londres,"Based on the provided text and the list of candidates, the entity between the [ENT] tags is the city of Londres. The most appropriate Wikidata entity from the given list of candidates is: ```json {""wikipedia_page"":""Londres"", ""wikidata_id"":""Q84""} ```",22.00461196899414
EXP-1878-02-14-a-i0050,3229,3234,Paris,Q90,LOC,Q90,Paris,"Based on the provided text, the entity within the [ENT] tag is ""Paris"". The most appropriate Wikidata entity from the list of candidates is: ```json {""wikipedia_page"":""Paris"", ""wikidata_id"":""Q90""} ```",18.20618438720703
EXP-1878-02-14-a-i0050,3368,3382,Constantinople,Q16869,LOC,Q16869,Constantinople,,25.81482696533203
EXP-1878-02-14-a-i0050,3695,3709,Constantinople,Q16869,LOC,Q16869,Constantinople,,24.092004776000977
EXP-1878-02-14-a-i0050,3915,3929,Constantinople,Q16869,LOC,Q16869,Constantinople,,22.930452346801758
EXP-1918-09-10-a-i0035,0,6,SUISSE,Q39,LOC,Q39,Suisse,"{ ""wikipedia_page"": ""Suisse"", ""wikidata_id"": ""Q39"" }",9.661088943481445
EXP-1918-09-10-a-i0035,234,251,canton de Schwytz,Q12433,LOC,Q12433,canton de Schwytz,,30.642745971679688
EXP-1918-09-10-a-i0035,531,537,Suisse,Q39,LOC,Q39,Suisse,,23.207263946533203
EXP-1918-09-10-a-i0035,668,677,Allemagne,Q183,LOC,Q183,Allemagne,"```json {""wikipedia_page"":""Allemagne"", ""wikidata_id"":""Q183""} ```",20.369747161865234
EXP-1918-09-10-a-i0035,1534,1539,Berne,Q70,LOC,Q70,Berne,"```json { ""wikipedia_page"": ""Berne"", ""wikidata_id"": ""Q70"" } ```",13.59479808807373
EXP-1918-09-10-a-i0035,1666,1689,Lo Journal des Hellènes,NIL,PROD,NIL,Lo Journal des Hellènes,no,0
EXP-1918-09-10-a-i0035,2289,2305,Conseil National,Q676078,ORG,Q676078,Conseil national,,24.663129806518555
EXP-1918-09-10-a-i0035,2312,2327,Conseil fédéral,Q30917,ORG,Q30917,Conseil fédéral,,27.809646606445312
EXP-1918-09-10-a-i0035,2453,2469,Conseil national,Q676078,ORG,Q676078,Conseil national,,26.909889221191406
EXP-1918-09-10-a-i0035,2499,2514,__ etall ___. —,NIL,ORG,NIL,__ etall ___. —,```json {} ```,0
EXP-1918-09-10-a-i0035,2550,2556,Genève,Q71,LOC,Q71,Genève,,23.542665481567383
EXP-1918-09-10-a-i0035,2629,2640,Jules Bloch,Q3188436,PER,Q3188436,Jules Bloch,,27.779747009277344
EXP-1918-09-10-a-i0035,2732,2739,Entente,NIL,ORG,NIL,Entente,no,0
EXP-1918-09-10-a-i0035,3256,3267,Jules Bloch,Q3188436,PER,Q3188436,Jules Bloch,,31.000024795532227
EXP-1918-09-10-a-i0035,3361,3369,Metallum,NIL,ORG,NIL,Metallum,```json {} ```,0
EXP-1918-09-10-a-i0035,3678,3688,outre-Rhin,NIL,LOC,NIL,outre-Rhin,no,0
EXP-1918-09-10-a-i0035,3762,3776,M. de Rathenau,Q135645,PER,Q135645,Walther Rathenau,"```json { ""wikipedia_page"": ""Walther Rathenau"", ""wikidata_id"": ""Q135645"" } ```",20.51226043701172
EXP-1918-09-10-a-i0035,3852,3860,Metallum,NIL,ORG,NIL,Metallum,no,0
EXP-1918-09-10-a-i0035,3877,3890,M. Schulthess,Q118243,PER,Q118243,Edmund Schulthess,,22.484725952148438
EXP-1918-09-10-a-i0035,3930,3939,Démocrate,NIL,PROD,NIL,Démocrate,```json {} ```,0
EXP-1918-09-10-a-i0035,4118,4132,M. Jules Bloch,Q3188436,PER,Q3188436,Jules Bloch,"```json {""wikipedia_page"":""Jules Bloch"", ""wikidata_id"":""Q3188436""} ```",21.051189422607422
EXP-1918-09-10-a-i0035,4417,4487,"M. Achille Rossé, ancien employé du département de l'économie publique",NIL,PER,NIL,"M. Achille Rossé, ancien employé du département de l'économie publique",no,0
EXP-1918-09-10-a-i0035,4633,4641,C. F. F.,Q83835,ORG,Q83835,Chemins de fer fédéraux suisses,,25.791522979736328
EXP-1918-09-10-a-i0035,4782,4797,Conseil fédéral,Q30917,ORG,Q30917,Conseil fédéral,,31.14240837097168
EXP-1918-09-10-a-i0035,4872,4880,C. F. F.,Q83835,ORG,Q83835,Chemins de fer fédéraux suisses,,25.259326934814453
EXP-1918-09-10-a-i0035,4987,4993,Suisse,Q39,LOC,Q39,Suisse,,22.023908615112305
EXP-1918-09-10-a-i0035,5500,5508,Germanie,Q183,LOC,Q183,Allemagne,"```json { ""wikipedia_page"": ""Allemagne"", ""wikidata_id"": ""Q183"" } ```",18.02177619934082
EXP-1918-09-10-a-i0035,6459,6468,Allemagne,Q183,LOC,Q183,Allemagne,"Based on the input text and the list of candidates, the entity mentioned between the [ENT] tags is ""Allemagne"". The most appropriate Wikidata entity from the provided list of candidates is: ```json {""wikipedia_page"":""Allemagne"", ""wikidata_id"":""Q183""} ```",18.09822654724121
EXP-1918-09-10-a-i0035,6471,6482,Schaffhouse,Q9009,LOC,Q9009,Schaffhouse,,30.70684051513672
EXP-1918-09-10-a-i0035,6827,6832,BERNE,Q70,LOC,Q70,Berne,,29.39495086669922
EXP-1918-09-10-a-i0035,7056,7062,VALAIS,Q834,LOC,Q834,canton du Valais,"{ ""wikipedia_page"": ""canton du Valais"", ""wikidata_id"": ""Q834"" }",21.168132781982422
EXP-1918-09-10-a-i0035,7146,7153,Monthey,Q64051,LOC,Q64051,Monthey,,23.372507095336914
EXP-1918-09-10-a-i0035,7159,7178,quatre frères Comte,NIL,PER,NIL,quatre frères Comte,no,0
EXP-1918-09-10-a-i0035,7543,7548,Bulle,Q68308,LOC,Q68308,Bulle,,28.854427337646484
EXP-1918-09-10-a-i0035,8067,8090,"Mme veuve Gremaud, Riaz",NIL,PER,NIL,"Mme veuve Gremaud, Riaz",no,0
EXP-1918-09-10-a-i0035,8389,8415,"M. Musy, conseiller d'Etat",Q674180,PER,Q674180,Jean-Marie Musy,"```json {""wikipedia_page"":""Jean-Marie Musy"", ""wikidata_id"":""Q674180""} ```",15.25015640258789
EXP-1918-09-10-a-i0035,8540,8546,GENÈVE,Q71,LOC,Q71,Genève,,27.060396194458008
EXP-1918-09-10-a-i0035,8617,8632,M. Ad. Lachenal,Q377118,PER,Q377118,Adrien Lachenal,,24.92105484008789
EXP-1918-09-10-a-i0035,8881,8908,réfractaire turc nommé Seni,NIL,PER,NIL,réfractaire turc nommé Seni,no,0
EXP-1918-09-10-a-i0035,8915,8949,déserteur français nommé Pétermann,NIL,PER,NIL,déserteur français nommé Pétermann,no,0
EXP-1918-09-10-a-i0035,9067,9073,Genève,Q71,LOC,Q71,Genève,,24.971099853515625
EXP-1918-12-13-a-i0061,78,83,Berne,Q70,LOC,Q70,Berne,"Based on the given input text and the list of candidates, the most appropriate Wikidata entity for the entity tagged between the [ENT] tags is: ```json {""wikipedia_page"":""Berne"", ""wikidata_id"":""Q70""} ```",20.699567794799805
EXP-1918-12-13-a-i0061,111,126,Conseil fédéral,Q30917,ORG,Q30917,Conseil fédéral,,24.536279678344727
EXP-1918-12-13-a-i0061,297,312,Conseil fédéral,Q30917,ORG,Q30917,Conseil fédéral,,23.600011825561523
EXP-1918-12-13-a-i0061,344,362,Chambres fédérales,Q684719,ORG,Q684719,Assemblée fédérale suisse,"```json { ""wikipedia_page"": ""Assemblée fédérale suisse"", ""wikidata_id"": ""Q684719"" } ``` The entity mentioned between the [ENT] tags, ""Chambres fédérales"", is best disambiguated to the ""Assemblée fédérale suisse"".",18.826814651489258
EXP-1918-12-13-a-i0061,445,449,Vaud,Q12771,LOC,Q12771,canton de Vaud,"Based on the input text and the provided list of candidates, the entity mentioned between the [ENT] tags, ""Vaud"", is disambiguated as the ""canton de Vaud"". Here is the JSON response: ```json {""wikipedia_page"":""canton de Vaud"", ""wikidata_id"":""Q12771""} ```",20.21997833251953
EXP-1918-12-13-a-i0061,862,872,M. Huggler,NIL,PER,NIL,M. Huggler,no,0
EXP-1918-12-13-a-i0061,874,880,Zurich,Q72,LOC,Q72,Zurich,,22.419204711914062
EXP-1918-12-13-a-i0061,991,1006,Conseil fédéral,Q30917,ORG,Q30917,Conseil fédéral,,27.39019775390625
EXP-1918-12-13-a-i0061,1092,1108,Conseil national,Q676078,ORG,Q676078,Conseil national,,23.665388107299805
EXP-1918-12-13-a-i0061,1237,1242,Berne,Q70,LOC,Q70,Berne,,24.573266983032227
EXP-1918-12-13-a-i0061,1477,1493,Banque nationale,Q597394,ORG,Q597394,Banque nationale suisse,,24.348743438720703
EXP-1918-12-13-a-i0061,1946,1952,Russie,Q159,LOC,Q159,Russie,"Based on the provided input text, the entity mentioned between the [ENT] tags is ""Russie"". Among the provided list of candidates, the most appropriate Wikidata entity is: ```json {""wikipedia_page"": ""Russie"", ""wikidata_id"": ""Q159""} ```",18.9423828125
EXP-1918-12-13-a-i0061,2113,2123,M. Platten,Q124088,PER,Q124088,Fritz Platten,"Based on the input text, the entities mentioned are: - M. Platten (Zurich) - MM. Grimm et Muller - M. Jacques Schmid (Soleure) From the provided list of candidates, the most appropriate Wikidata entity for ""M. Platten (Zurich)"" is: ```json {""wikipedia_page"":""Fritz Platten"", ""wikidata_id"":""Q124088""} ``` For the other entities, none of the provided candidates match with high confidence, so the JSON object for those will be empty.",18.84866714477539
EXP-1918-12-13-a-i0061,2125,2131,Zurich,Q72,LOC,Q72,Zurich,"```json {""wikipedia_page"":""Zurich"", ""wikidata_id"":""Q72""} ```",21.511444091796875
EXP-1918-12-13-a-i0061,2255,2264,MM. Grimm,Q115645,PER,Q115645,Robert Grimm,"```json {""wikipedia_page"":""Robert Grimm"", ""wikidata_id"":""Q115645""} ```",16.352441787719727
EXP-1918-12-13-a-i0061,2443,2460,M. Jacques Schmid,Q994148,PER,Q994148,Jacques Schmid,"Based on the input text and the candidates provided, the most appropriate Wikidata entity for the entity mentioned between the [ENT] tags is: ```json {""wikipedia_page"":""Jacques Schmid"", ""wikidata_id"":""Q994148""} ```",21.48162078857422
EXP-1918-12-13-a-i0061,2725,2729,Vaud,Q12771,LOC,Q12771,canton de Vaud,"```json { ""wikipedia_page"": ""canton de Vaud"", ""wikidata_id"": ""Q12771"" } ```",18.94927978515625
EXP-1918-12-13-a-i0061,3118,3134,M. Robert Schmid,NIL,PER,NIL,M. Robert Schmid,no,0
EXP-1918-12-13-a-i0061,3136,3142,Zurich,Q72,LOC,Q72,Zurich,,23.94639015197754
EXP-1918-12-13-a-i0061,3525,3533,Fribourg,Q36378,LOC,Q36378,Fribourg,"```json { ""wikipedia_page"": ""Fribourg"", ""wikidata_id"": ""Q36378"" } ```",21.249217987060547
EXP-1918-12-13-a-i0061,3598,3605,Platten,Q124088,PER,Q124088,Fritz Platten,"```json { ""wikipedia_page"": ""Fritz Platten"", ""wikidata_id"": ""Q124088"" } ```",19.838687896728516
EXP-1918-12-13-a-i0061,3822,3837,Conseil fédéral,Q30917,ORG,Q30917,Conseil fédéral,"Based on the provided text and candidates, the [ENT] entity appears to refer to the ""Conseil fédéral"" of Switzerland. The most appropriate Wikidata entity from the candidates list is: ```json {""wikipedia_page"":""Conseil fédéral"", ""wikidata_id"":""Q30917""} ```",18.431076049804688
EXP-1928-05-29-a-i0007,105,110,PARIS,Q90,LOC,Q90,Paris,"Based on the provided text, the entity tagged with [ENT] appears to refer to the ""Paris"" district in France. The most appropriate Wikidata entity from the given list of candidates is: ```json {""wikipedia_page"":""Paris"", ""wikidata_id"":""Q90""} ```",15.145223617553711
EXP-1928-05-29-a-i0007,141,150,New. York,Q60,LOC,Q60,New York,,27.53464698791504
EXP-1928-05-29-a-i0007,156,170,Petit Parisien,Q831299,PROD,Q831299,Le Petit Parisien,,24.795984268188477
EXP-1928-05-29-a-i0007,318,325,Kellogg,Q193009,PER,Q193009,Frank Billings Kellogg,"Based on the provided text and the list of candidates, the most appropriate Wikidata entity for the entity tagged with [ENT] is: ```json {""wikipedia_page"":""Frank Billings Kellogg"", ""wikidata_id"":""Q193009""} ```",14.684876441955566
EXP-1928-05-29-a-i0007,1042,1054,M. Venizelos,Q205545,PER,Q205545,Elefthérios Venizélos,,29.04703712463379
EXP-1928-05-29-a-i0007,1056,1063,LONDRES,Q84,LOC,Q84,Londres,"```json { ""wikipedia_page"": ""Londres"", ""wikidata_id"": ""Q84"" } ```",18.629779815673828
EXP-1928-05-29-a-i0007,1084,1094,Daily Mail,Q210534,PROD,Q210534,Daily Mail,,28.860065460205078
EXP-1928-05-29-a-i0007,1143,1148,Grèce,Q41,LOC,Q41,Grèce,,23.97095489501953
EXP-1928-05-29-a-i0007,1188,1200,M. Venizelos,Q205545,PER,Q205545,Elefthérios Venizélos,,32.20077133178711
EXP-1928-05-29-a-i0007,1412,1424,M. Venizelos,Q205545,PER,Q205545,Elefthérios Venizélos,,29.21418571472168
EXP-1928-05-29-a-i0007,1626,1638,M. Venizelos,Q205545,PER,Q205545,Elefthérios Venizélos,"Based on the input text and the list of candidates, the disambiguated entity is: ```json {""wikipedia_page"": ""Elefthérios Venizélos"", ""wikidata_id"": ""Q205545""} ```",19.83231544494629
EXP-1928-05-29-a-i0007,1868,1876,Belgrade,Q3711,LOC,Q3711,Belgrade,,30.00766944885254
EXP-1928-05-29-a-i0007,1907,1913,Zagreb,Q1435,LOC,Q1435,Zagreb,,24.72014617919922
EXP-1928-05-29-a-i0007,1940,1948,Belgrade,Q3711,LOC,Q3711,Belgrade,,28.32794189453125
EXP-1928-05-29-a-i0007,2003,2009,Italie,Q38,LOC,Q38,Italie,,22.500661849975586
EXP-1928-05-29-a-i0007,2030,2038,Bulgarie,Q219,LOC,Q219,Bulgarie,,25.21068572998047
EXP-1928-05-29-a-i0007,2085,2090,Sofia,Q472,LOC,Q472,Sofia,,25.322208404541016
EXP-1928-05-29-a-i0007,2461,2466,PARIS,Q90,LOC,Q90,Paris,,23.157304763793945
EXP-1928-05-29-a-i0007,2493,2507,Petit Parisien,Q831299,PROD,Q831299,Le Petit Parisien,,28.971080780029297
EXP-1928-05-29-a-i0007,2953,2970,Vossische Zeitung,Q675003,PROD,Q675003,Vossische Zeitung,,25.043949127197266
EXP-1928-05-29-a-i0007,3019,3026,Silésie,Q81720,LOC,Q81720,Silésie,,24.41737174987793
EXP-1928-05-29-a-i0007,3367,3378,Reichenbach,Q157462,LOC,Q157462,Reichenbach,"```json {""wikipedia_page"":""Reichenbach"", ""wikidata_id"":""Q157462""} ```",17.02734375
EXP-1928-05-29-a-i0007,3517,3526,Weistritz,Q1018675,LOC,Q1018675,Bystrzyca,,22.173885345458984
EXP-1928-05-29-a-i0007,3573,3586,Riesengebirge,Q214644,LOC,Q214644,Monts des Géants,,23.98442268371582
EXP-1928-05-29-a-i0007,3723,3732,STOCKHOLM,Q1754,LOC,Q1754,Stockholm,,26.611234664916992
EXP-1928-05-29-a-i0007,4264,4269,Havas,Q516033,ORG,Q516033,Havas,"Based on the input text and the provided list of candidates, the entity mentioned between the [ENT] tags is 'Havas'. The most appropriate Wikidata entity from the given list of candidates is: ```json {""wikipedia_page"": ""Havas"", ""wikidata_id"": ""Q516033""} ```",10.504985809326172
EXP-1928-05-29-a-i0007,4697,4705,BELGRADE,Q3711,LOC,Q3711,Belgrade,,26.6510066986084
EXP-1928-05-29-a-i0007,4791,4799,Belgrade,Q3711,LOC,Q3711,Belgrade,,27.738317489624023
EXP-1928-05-29-a-i0007,4809,4815,Italie,Q38,LOC,Q38,Italie,"Based on the provided text and the list of candidates, the disambiguation of the entity mentioned between the [ENT] tags is as follows: ```json { ""wikipedia_page"": ""Italie"", ""wikidata_id"": ""Q38"" } ``` The term ""Italie"" (in the context given) most likely refers to the country of Italy. The context mentions a political event involving Italy and its students protesting against it.",18.605653762817383
EXP-1928-05-29-a-i0007,4974,4982,Belgrade,Q3711,LOC,Q3711,Belgrade,,26.163463592529297
EXP-1928-05-29-a-i0007,5028,5053,Buenos-Ayres BUENOS-AYRES,Q1486,LOC,Q1486,Buenos Aires,,26.007705688476562
EXP-1928-05-29-a-i0007,5310,5320,Copenhague,Q1748,LOC,Q1748,Copenhague,"```json {""wikipedia_page"": ""Copenhague"", ""wikidata_id"": ""Q1748""} ```",21.919958114624023
EXP-1928-05-29-a-i0007,5322,5332,COPENHAGUE,Q1748,LOC,Q1748,Copenhague,,26.75954246520996
EXP-1928-05-29-a-i0007,5435,5439,Oslo,Q585,LOC,Q585,Oslo,,26.198101043701172
EXP-1928-05-29-a-i0007,5546,5551,PARIS,Q90,LOC,Q90,Paris,"```json {""wikipedia_page"":""Paris"", ""wikidata_id"":""Q90""} ```",21.512710571289062
EXP-1928-05-29-a-i0007,5571,5584,Petit Journal,Q2115162,PROD,Q2115162,Le Petit Journal,"Based on the provided text, the entity mentioned between the [ENT] tags is ""Le Petit Journal"". From the list of candidates, the most appropriate Wikidata entity matching this name is: - Wikipedia page: ""Le Petit Journal"" - Wikidata ID: Q2115162 Here is the JSON-formatted answer: ```json {""wikipedia_page"":""Le Petit Journal"",""wikidata_id"":""Q2115162""} ```",15.868555068969727
EXP-1928-05-29-a-i0007,6029,6036,Mohamed,Q9458,PER,Q9458,Mahomet,,25.797882080078125
EXP-1928-05-29-a-i0007,6199,6207,Mohammed,Q9458,PER,Q9458,Mahomet,,25.672527313232422
EXP-1928-08-15-a-i0065,21,28,THALWIL,Q68959,LOC,Q68959,Thalwil,,24.234668731689453
EXP-1928-08-15-a-i0065,111,119,Gattikon,Q22631161,LOC,Q22631161,Gattikon,,22.673410415649414
EXP-1928-08-15-a-i0065,129,136,Thalwil,Q68959,LOC,Q68959,Thalwil,,30.061019897460938
EXP-1928-08-15-a-i0065,317,333,frères Bretscher,NIL,PER,NIL,frères Bretscher,```json {} ```,0
EXP-1928-08-15-a-i0065,1136,1179,"M. Meier-Bâr, menuisier et ébéniste à Wângi",NIL,PER,NIL,"M. Meier-Bâr, menuisier et ébéniste à Wângi",no,0
EXP-1928-08-15-a-i0065,1477,1484,Argovie,Q11972,LOC,Q11972,canton d'Argovie,,22.90679931640625
EXP-1928-08-15-a-i0065,1619,1626,LUCERNE,Q4191,LOC,Q4191,Lucerne,"```json {""wikipedia_page"":""Lucerne"", ""wikidata_id"":""Q4191""} ```",20.579730987548828
EXP-1928-08-15-a-i0065,2012,2022,BREMGARTEN,Q64139,LOC,Q64139,Bremgarten AG,,24.644569396972656
EXP-1928-08-15-a-i0065,2024,2031,Argovie,Q11972,LOC,Q11972,canton d'Argovie,,25.04753875732422
EXP-1928-08-15-a-i0065,2058,2064,Bunzen,Q64784,LOC,Q64784,Bünzen,"```json { ""wikipedia_page"": ""Bünzen"", ""wikidata_id"": ""Q64784"" } ```",19.926280975341797
EXP-1928-08-15-a-i0065,2400,2406,Sierre,Q68297,LOC,Q68297,Sierre,,23.98332405090332
EXP-1928-08-15-a-i0065,2455,2513,"M. Troillet, Conseiller d'Etat, président de l'Association",NIL,PER,NIL,"M. Troillet, Conseiller d'Etat, président de l'Association",```json {} ```,0
EXP-1928-08-15-a-i0065,2709,2745,"M. Gard, avocat, commissaire général",NIL,PER,NIL,"M. Gard, avocat, commissaire général","""no""",0
EXP-1928-08-15-a-i0065,2788,2794,Sierre,Q68297,LOC,Q68297,Sierre,,22.825225830078125
EXP-1928-08-15-a-i0065,2847,2853,Valais,Q834,LOC,Q834,canton du Valais,"``` json { ""wikipedia_page"": ""canton du Valais"", ""wikidata_id"": ""Q834"" } ```",21.19712257385254
EXP-1928-08-15-a-i0065,2949,2964,Val d'Anniviers,Q672472,LOC,Q672472,val d'Anniviers,,28.75542640686035
EXP-1928-08-15-a-i0065,2996,3019,municipalité de Vissoye,Q689112,LOC,Q689112,Vissoie,"Here's the JSON response for the provided input text: ```json { ""wikipedia_page"": ""Vissoie"", ""wikidata_id"": ""Q689112"" } ```",20.68328094482422
EXP-1928-08-15-a-i0065,3044,3052,Grimentz,Q869551,LOC,Q869551,Grimentz,,24.95207977294922
EXP-1928-08-15-a-i0065,3074,3078,ORBE,Q68213,LOC,Q68213,Orbe,"Based on the input text provided, the entity mentioned between the [ENT] tags is ""ORBE"". The most appropriate Wikidata entity from the given list of candidates is ""Orbe"", which is a commune in Switzerland. Here is the JSON-formatted answer: ```json {""wikipedia_page"":""Orbe"", ""wikidata_id"":""Q68213""} ```",12.591227531433105
GDL-1798-07-18-a-i0001,90,105,Canton du Léman,Q676467,LOC,Q676467,canton du Léman,,24.232126235961914
GDL-1798-07-18-a-i0001,381,391,Directoire,Q219817,ORG,Q219817,Directoire,"```json { ""wikipedia_page"": ""Directoire"", ""wikidata_id"": ""Q219817"" } ```",12.73110580444336
GDL-1798-07-18-a-i0001,1138,1148,Ca * rrard,NIL,PER,NIL,Ca * rrard,```json {} ```,0
GDL-1798-07-18-a-i0001,1150,1155,Huffi,NIL,PER,NIL,Huffi,"Based on the provided text and the list of candidates, the entities mentioned between the [ENT] tags are ""Huffi"" and ""Bourgeois & Haas"". Neither of these names matches any of the provided candidates with high confidence. Therefore, the response is an empty JSON object: ```json {} ```",0
GDL-1798-07-18-a-i0001,1169,1173,Haas,NIL,PER,NIL,Haas,No.,0
GDL-1818-03-13-a-i0005,0,6,Suisse,Q39,LOC,Q39,Suisse,"```json {""wikipedia_page"":""Suisse"", ""wikidata_id"":""Q39""} ```",17.48554801940918
GDL-1818-03-13-a-i0005,23,52,S. A. le prince ds Metternich,Q45662,PER,Q45662,Klemens Wenzel von Metternich,"```json {""wikipedia_page"":""Klemens Wenzel von Metternich"", ""wikidata_id"":""Q45662""} ```",8.529834747314453
GDL-1818-03-13-a-i0005,63,69,Vienne,Q1741,LOC,Q1741,Vienne,,22.819015502929688
GDL-1818-03-13-a-i0005,1042,1047,Berne,Q70,LOC,Q70,Berne,,30.75849723815918
GDL-1818-03-13-a-i0005,1378,1385,Trieste,Q546,LOC,Q546,Trieste,,25.647058486938477
GDL-1818-03-13-a-i0005,1387,1396,Marseille,Q23482,LOC,Q23482,Marseille,,22.276704788208008
GDL-1818-03-13-a-i0005,1400,1408,Livourne,Q6761,LOC,Q6761,Livourne,,22.808399200439453
GDL-1818-03-13-a-i0005,1645,1652,Soleure,Q68965,LOC,Q68965,Soleure,"```json { ""wikipedia_page"": ""Soleure"", ""wikidata_id"": ""Q68965"" } ```",21.3619441986084
GDL-1818-03-13-a-i0005,1676,1680,Bâle,Q78,LOC,Q78,Bâle,,28.91655158996582
GDL-1818-03-13-a-i0005,3901,3907,France,Q142,LOC,Q142,France,,22.39570426940918
GDL-1818-03-13-a-i0005,4625,4649,prince Adam Jablonowiski,NIL,PER,NIL,prince Adam Jablonowiski,```json {} ```,0
GDL-1818-03-13-a-i0005,4685,4693,Varsovie,Q270,LOC,Q270,Varsovie,,26.27787208557129
GDL-1818-03-13-a-i0005,4699,4706,Soleure,Q68965,LOC,Q68965,Soleure,"```json {""wikipedia_page"": ""Soleure"", ""wikidata_id"": ""Q68965""} ```",18.823444366455078
GDL-1818-03-13-a-i0005,4787,4791,Bâle,Q78,LOC,Q78,Bâle,,23.436359405517578
GDL-1818-03-13-a-i0005,4823,4828,Suède,Q34,LOC,Q34,Suède,"```json { ""wikipedia_page"": ""Suède"", ""wikidata_id"": ""Q34"" } ```",14.041007995605469
GDL-1818-03-13-a-i0005,5278,5287,Ge : ièva,Q71,LOC,Q71,Genève,"Based on the provided text and candidate list, the entities mentioned between the [ENT] tags are likely ""Genève"" and ""Gênes"". The most appropriate Wikidata entity for ""Genève"" is: ```json {""wikipedia_page"": ""Genève"", ""wikidata_id"": ""Q71""} ``` And for ""Gênes"", it is: ```json {""wikipedia_page"": ""Gênes"", ""wikidata_id"": ""Q1449""} ```",7.386205673217773
GDL-1818-03-13-a-i0005,5565,5571,Genève,Q71,LOC,Q71,Genève,"```json { ""wikipedia_page"": ""Genève"", ""wikidata_id"": ""Q71"" } ```",15.965242385864258
GDL-1818-08-04-a-i0002,8,13,PARIS,Q90,LOC,Q90,Paris,"```json {""wikipedia_page"":""Paris"", ""wikidata_id"":""Q90""} ```",16.42728614807129
GDL-1818-08-04-a-i0002,362,368,France,Q142,LOC,Q142,France,,23.8348445892334
GDL-1818-08-04-a-i0002,507,516,Bonaparte,Q517,PER,Q517,Napoléon Ier,"```json {""wikipedia_page"":""Napoléon Ier"", ""wikidata_id"":""Q517""} ```",21.214111328125
GDL-1818-08-04-a-i0002,580,594,général Canuel,Q3484236,PER,Q3484236,Simon Canuel,,23.67766571044922
GDL-1818-08-04-a-i0002,877,888,-jH. Canuel,Q3484236,PER,Q3484236,Simon Canuel,"```json { ""wikipedia_page"": ""Simon Canuel"", ""wikidata_id"": ""Q3484236"" } ```",13.985579490661621
GDL-1818-08-04-a-i0002,2470,2475,Drôme,Q3364,LOC,Q3364,Drôme,,26.737579345703125
GDL-1818-08-04-a-i0002,2738,2751,fille Bau-Mfd,NIL,PER,NIL,fille Bau-Mfd,```json {} ```,0
GDL-1818-08-04-a-i0002,3286,3294,St. Malo,Q163108,LOC,Q163108,Saint-Malo,"{""wikipedia_page"":""Saint-Malo"", ""wikidata_id"":""Q163108""}",20.181198120117188
GDL-1818-08-04-a-i0002,3336,3346,% Domingue,Q861551,LOC,Q861551,Saint-Domingue,"```json { ""wikipedia_page"": ""Saint-Domingue"", ""wikidata_id"": ""Q861551"" } ```",7.95743465423584
GDL-1818-08-04-a-i0002,3824,3829,Paris,Q90,LOC,Q90,Paris,"Based on the provided text and the list of candidates, the entity mentioned between the [ENT] tags is ""Paris"". The most appropriate Wikidata entity from the list of candidates is: ```json {""wikipedia_page"":""Paris"", ""wikidata_id"":""Q90""} ```",17.13456916809082
GDL-1818-08-04-a-i0002,4360,4366,Italie,Q38,LOC,Q38,Italie,"```json { ""wikipedia_page"": ""Italie"", ""wikidata_id"": ""Q38"" } ```",19.027427673339844
GDL-1828-07-04-a-i0008,9,15,MADRID,Q2807,LOC,Q2807,Madrid,"```json {""wikipedia_page"":""Madrid"", ""wikidata_id"":""Q2807""} ```",13.579484939575195
GDL-1828-07-04-a-i0008,406,413,Coïmbre,Q45412,LOC,Q45412,Coimbra,,24.215421676635742
GDL-1828-07-04-a-i0008,470,485,général Cadaval,NIL,PER,NIL,général Cadaval,```json {} ```,0
GDL-1828-07-04-a-i0008,607,614,Coïmbre,Q45412,LOC,Q45412,Coimbra,,26.793235778808594
GDL-1828-07-04-a-i0008,968,978,ddn Miguel,Q310790,PER,Q310790,Michel Ier de Portugal,"```json { ""wikipedia_page"": ""Michel Ier de Portugal"", ""wikidata_id"": ""Q310790"" } ```",14.167360305786133
GDL-1828-07-04-a-i0008,2606,2612,Suisse,Q39,LOC,Q39,Suisse,"```json {""wikipedia_page"":""Suisse"", ""wikidata_id"":""Q39""} ```",19.72646713256836
GDL-1828-07-04-a-i0008,2890,2896,France,Q142,LOC,Q142,France,"{ ""wikipedia_page"": ""France"", ""wikidata_id"": ""Q142"" }",19.518468856811523
GDL-1828-07-04-a-i0008,3098,3104,France,Q142,LOC,Q142,France,"Based on the provided text, the entity mentioned between the [ENT] tags is ""France"". Among the given candidates, the most appropriate Wikidata entity is: ```json {""wikipedia_page"": ""France"", ""wikidata_id"": ""Q142""} ```",19.733896255493164
GDL-1828-07-04-a-i0008,3587,3593,France,Q142,LOC,Q142,France,"```json {""wikipedia_page"":""France"", ""wikidata_id"":""Q142""} ```",16.701858520507812
GDL-1828-07-04-a-i0008,3602,3610,Helvétie,Q39,LOC,Q39,Suisse,"Based on the provided text, the most appropriate Wikidata entity for the entity tagged with [ENT] is ""Suisse"". Therefore, the JSON-formatted answer is: ```json { ""wikipedia_page"": ""Suisse"", ""wikidata_id"": ""Q39"" } ```",19.5926513671875
GDL-1828-07-04-a-i0008,4101,4110,MARSEILLE,Q23482,LOC,Q23482,Marseille,"```json { ""wikipedia_page"": ""Marseille"", ""wikidata_id"": ""Q23482"" } ```",20.377811431884766
GDL-1828-07-04-a-i0008,4137,4142,Tunis,Q3572,LOC,Q3572,Tunis,,24.98641586303711
GDL-1828-07-04-a-i0008,4235,4242,Navarin,Q238440,LOC,Q238440,bataille de Navarin,"```json { ""wikipedia_page"": ""bataille de Navarin"", ""wikidata_id"": ""Q238440"" } ```",16.19606590270996
GDL-1828-07-04-a-i0008,4454,4461,Biserte,Q189546,LOC,Q189546,Bizerte,"```json {""wikipedia_page"":""Bizerte"", ""wikidata_id"":""Q189546""} ```",21.878061294555664
GDL-1838-05-15-a-i0002,128,134,France,Q142,LOC,Q142,France,"```json {""wikipedia_page"":""France"",""wikidata_id"":""Q142""} ```",14.546180725097656
GDL-1838-05-15-a-i0002,139,153,maréchal Valée,Q1743317,PER,Q1743317,Sylvain Charles Valée,,23.884458541870117
GDL-1838-05-15-a-i0002,221,228,Bélidah,Q216990,LOC,Q216990,Blida,,22.4615421295166
GDL-1838-05-15-a-i0002,562,569,Bélidah,Q216990,LOC,Q216990,Blida,,22.10979461669922
GDL-1838-05-15-a-i0002,895,901,France,Q142,LOC,Q142,France,"Based on the provided text, the entity mentioned between the [ENT] tags is ""France"". The most appropriate Wikidata entity from the given list is: ```json {""wikipedia_page"":""France"", ""wikidata_id"":""Q142""} ```",16.700347900390625
GDL-1848-07-04-a-i0001,1649,1669,Confédération Suisse,Q39,LOC,Q39,Suisse,,31.944204330444336
GDL-1848-07-04-a-i0001,1873,1880,Argovie,Q11972,LOC,Q11972,canton d'Argovie,,23.93759536743164
GDL-1848-07-04-a-i0001,2127,2144,conseil des Etals,Q609037,ORG,Q609037,Conseil des États,"```json {""wikipedia_page"": ""Conseil des États"", ""wikidata_id"": ""Q609037""} ```",14.642696380615234
GDL-1848-07-04-a-i0001,3034,3040,Suisse,Q39,LOC,Q39,Suisse,"```json { ""wikipedia_page"": ""Suisse"", ""wikidata_id"": ""Q39"" } ```",19.64630126953125
GDL-1848-07-04-a-i0001,3668,3675,Grisons,Q11925,LOC,Q11925,canton des Grisons,"``` { ""wikipedia_page"": ""canton des Grisons"", ""wikidata_id"": ""Q11925"" } ```",18.799856185913086
GDL-1848-07-04-a-i0001,3777,3791,canton de Vaud,Q12771,LOC,Q12771,canton de Vaud,,27.503795623779297
GDL-1848-07-04-a-i0001,4084,4094,Sonderbund,Q672595,ORG,Q672595,Sonderbund,"```json { ""wikipedia_page"": ""Sonderbund"", ""wikidata_id"": ""Q672595"" } ```",20.393321990966797
GDL-1848-07-04-a-i0001,4333,4342,Thurgovie,Q12713,LOC,Q12713,canton de Thurgovie,"```json { ""wikipedia_page"": ""canton de Thurgovie"", ""wikidata_id"": ""Q12713"" } ```",21.12940788269043
GDL-1848-07-04-a-i0001,4741,4753,Schaff Iwtme,Q12697,LOC,Q12697,canton de Schaffhouse,"```json { ""wikipedia_page"": ""canton de Schaffhouse"", ""wikidata_id"": ""Q12697"" } ```",16.544391632080078
GDL-1848-07-04-a-i0001,4755,4762,St-Gall,Q12746,LOC,Q12746,canton de Saint-Gall,,22.66264533996582
GDL-1848-07-04-a-i0001,4764,4771,Argovie,Q11972,LOC,Q11972,canton d'Argovie,,22.982757568359375
GDL-1848-07-04-a-i0001,4773,4779,Valais,Q834,LOC,Q834,canton du Valais,"```json { ""wikipedia_page"": ""canton du Valais"", ""wikidata_id"": ""Q834"" } ```",21.229883193969727
GDL-1848-07-04-a-i0001,4790,4799,Thurgovie,Q12713,LOC,Q12713,canton de Thurgovie,,23.923629760742188
GDL-1848-07-04-a-i0001,4801,4809,Gri sons,Q11925,LOC,Q11925,canton des Grisons,"Based on the input text and the provided list of candidates, the entity mentioned between the [ENT] tags is ""Grisons"". The most appropriate Wikidata entity from the list of candidates is the ""canton des Grisons"" with the Wikipedia page title ""canton des Grisons"" and Wikidata ID ""Q11925"". ```json { ""wikipedia_page"": ""canton des Grisons"", ""wikidata_id"": ""Q11925"" } ```",18.776296615600586
GDL-1848-07-04-a-i0001,4811,4824,Baie campagne,Q12146,LOC,Q12146,canton de Bâle-Campagne,"```json {""wikipedia_page"":""canton de Bâle-Campagne"", ""wikidata_id"":""Q12146""} ```",13.569718360900879
GDL-1848-07-04-a-i0001,4826,4834,Fribourg,Q12640,LOC,Q12640,canton de Fribourg,,24.092350006103516
GDL-1848-07-04-a-i0001,4854,4857,Zug,Q11933,LOC,Q11933,canton de Zoug,"Based on the provided text and the candidates list, the most appropriate Wikidata entity for the mentioned entity [ENT] is ""canton de Zoug"". Therefore, the JSON-formatted answer is: ```json { ""wikipedia_page"": ""canton de Zoug"", ""wikidata_id"": ""Q11933"" } ```",21.281137466430664
GDL-1848-07-04-a-i0001,4859,4868,Neuchâlel,Q12738,LOC,Q12738,canton de Neuchâtel,,24.095317840576172
GDL-1848-07-04-a-i0001,4884,4888,Vaud,Q12771,LOC,Q12771,canton de Vaud,"```json {""wikipedia_page"":""canton de Vaud"", ""wikidata_id"":""Q12771""} ```",21.830068588256836
GDL-1848-07-04-a-i0001,4949,4952,Uri,Q12404,LOC,Q12404,canton d'Uri,"Based on the given text and the list of candidates, the entity tagged by [ENT] in the text is ""Uri"". The most appropriate Wikidata entity from the list of candidates is the canton of Uri. Therefore, the corresponding Wikipedia page title and Wikidata ID of the selected entity are: ```json { ""wikipedia_page"": ""canton d'Uri"", ""wikidata_id"": ""Q12404"" } ```",19.84316635131836
GDL-1848-07-04-a-i0001,4954,4965,Unlerwalden,Q214069,LOC,Q214069,Canton d'Unterwald,"Based on the provided text and candidates list, the entities mentioned between the [ENT] tags are ""Unlerwalden"" and ""Appenzell-intérieur"". Neither of these matches any of the provided candidates exactly. However, the closest match for ""Unlerwalden"" is the candidate ""canton d'Unterwald"" and for ""Appenzell-intérieur"" is the candidate ""canton d'Appenzell Rhodes-Intérieures"". Here is the extracted information in JSON format: ```json { ""wikipedia_page"": ""canton d'Unterwald"", ""wikidata_id"": ""Q214069"" } ```",16.638818740844727
GDL-1848-07-04-a-i0001,4969,4988,Appenzell-intérieur,Q12094,LOC,Q12094,canton d'Appenzell Rhodes-Intérieures,,25.424104690551758
GDL-1848-07-04-a-i0001,5180,5185,Berne,Q11911,LOC,Q11911,canton de Berne,,24.79004669189453
GDL-1848-07-04-a-i0001,5275,5281,Genève,Q11917,LOC,Q11917,canton de Genève,"```json { ""wikipedia_page"": ""canton de Genève"", ""wikidata_id"": ""Q11917"" } ```",17.53312873840332
GDL-1848-07-04-a-i0001,5666,5672,Suisse,Q39,LOC,Q39,Suisse,"{ ""wikipedia_page"": ""Suisse"", ""wikidata_id"": ""Q39"" }",20.572437286376953
GDL-1848-07-04-a-i0001,5931,5938,GRISONS,Q11925,LOC,Q11925,canton des Grisons,"{ ""wikipedia_page"": ""canton des Grisons"", ""wikidata_id"": ""Q11925"" }",15.217850685119629
GDL-1848-07-04-a-i0001,6491,6501,Luinbardie,Q1210,LOC,Q1210,Lombardie,"{""wikipedia_page"":""Lombardie"", ""wikidata_id"":""Q1210""}",14.177197456359863
GDL-1848-07-04-a-i0001,7460,7464,Rhin,Q584,LOC,Q584,Rhin,"Based on the provided text and the list of candidates, the entity mentioned between the [ENT] tags is most likely the ""Rhin"". The Wikidata ID for the ""Rhin"" is Q584, and the Wikipedia page title is also ""Rhin"". Therefore, the JSON-formatted answer is: ```json {""wikipedia_page"": ""Rhin"", ""wikidata_id"": ""Q584""} ```",21.99486541748047
GDL-1848-07-04-a-i0001,7872,7896,MM. 'Ochsenbeinet Tiller,NIL,PER,NIL,MM. 'Ochsenbeinet Tiller,no,0
GDL-1848-07-04-a-i0001,8050,8056,Suisse,Q39,LOC,Q39,Suisse,,22.369667053222656
GDL-1848-07-04-a-i0001,9717,9739,MM. le docleur Bussard,Q18683241,PER,Q18683241,Jean-François-Marcellin Bussard,"Based on the provided input text, the entity tagged with [ENT] is ""MM. le docleur Bussard [ENT] et Castela, membre du conseil d'Etat et directeur de la police cantonale, ont été nommés députés."" Among the provided list of candidates, the most appropriate Wikidata entity for ""MM. le docleur Bussard"" is: ```json {""wikipedia_page"": ""Jean-François-Marcellin Bussard"", ""wikidata_id"": ""Q18683241""} ```",14.369217872619629
GDL-1848-07-04-a-i0001,9932,9959,"M. Chalonay, démissionnaire",NIL,PER,NIL,"M. Chalonay, démissionnaire",no,0
GDL-1848-07-04-a-i0001,9961,9978,M. Abram Fasnacht,NIL,PER,NIL,M. Abram Fasnacht,No,0
GDL-1848-07-04-a-i0001,10037,10046,M. Thorin,Q15663331,PER,Q15663331,Alexandre Thorin,"```json {""wikipedia_page"":""Alexandre Thorin"", ""wikidata_id"":""Q15663331""} ```",14.351101875305176
GDL-1848-07-04-a-i0001,11271,11312,"M. Fallot, imprimeur du Journal de Genève",NIL,PER,NIL,"M. Fallot, imprimeur du Journal de Genève",```json {} ```,0
GDL-1848-07-04-a-i0001,11318,11362,"M. Jaquemot, imprimeur dé la Voix Catholique",NIL,PER,NIL,"M. Jaquemot, imprimeur dé la Voix Catholique",no,0
GDL-1848-07-04-a-i0001,11546,11556,Sonderbund,Q672595,ORG,Q672595,Sonderbund,"```json { ""wikipedia_page"": ""Sonderbund"", ""wikidata_id"": ""Q672595"" } ```",21.17871856689453
GDL-1848-07-04-a-i0001,12343,12350,Argovie,Q11972,LOC,Q11972,canton d'Argovie,"```json { ""wikipedia_page"": ""canton d'Argovie"", ""wikidata_id"": ""Q11972"" } ```",16.45529556274414
GDL-1848-07-04-a-i0001,12541,12545,Arau,Q14274,LOC,Q14274,Aarau,"Given the input text, the entity mentioned between [ENT] tags is ""Arau"". From the provided list of candidates, the most appropriate Wikidata entity matching ""Arau"" is: ```json {""wikipedia_page"": ""Aarau"", ""wikidata_id"": ""Q14274""} ```",18.28723907470703
GDL-1848-07-04-a-i0001,12612,12626,conseil d'Etat,Q662792,ORG,Q662792,Conseil d'État du canton de Vaud,"Based on the provided text and the list of candidates, the entity mentioned between the [ENT] tags is ""Conseil d'État du canton de Vaud"". The most appropriate Wikidata entity from the given list of candidates is: ```json {""wikipedia_page"":""Conseil d'État du canton de Vaud"", ""wikidata_id"":""Q662792""} ```",9.476481437683105
GDL-1848-07-04-a-i0001,12759,12774,M. Guex-Gaudard,NIL,PER,NIL,M. Guex-Gaudard,```json {} ```,0
GDL-1848-10-03-a-i0001,0,20,CONFÉDÉRATION SUISSE,Q39,LOC,Q39,Suisse,"```json { ""wikipedia_page"": ""Confédération suisse"", ""wikidata_id"": ""Q39"" } ```",19.770790100097656
GDL-1848-10-03-a-i0001,32,42,Directoire,Q219817,ORG,Q219817,Directoire,"Based on the provided text and the list of candidates, the entity ""Directoire"" between the [ENT] tags is likely referring to ""régime politique français en place durant la Première République de 1795 à 1799"". The most appropriate Wikidata entity from the list of candidates is: ```json {""wikipedia_page"": ""Directoire"", ""wikidata_id"": ""Q219817""} ```",11.694982528686523
GDL-1848-10-03-a-i0001,928,937,Slajmpfly,Q662344,PER,Q662344,Jakob Stämpfli,"```json { ""wikipedia_page"": ""Jakob Stämpfli"", ""wikidata_id"": ""Q662344"" } ```",17.19045066833496
GDL-1848-10-03-a-i0001,1042,1049,Aarberg,Q64113,LOC,Q64113,Aarberg,,28.74631118774414
GDL-1848-10-03-a-i0001,1128,1133,Berne,Q70,LOC,Q70,Berne,,28.717924118041992
GDL-1848-10-03-a-i0001,1327,1342,conseil fédéral,Q30917,ORG,Q30917,Conseil fédéral,"```json { ""wikipedia_page"": ""Conseil fédéral"", ""wikidata_id"": ""Q30917"" } ```",20.400747299194336
GDL-1848-10-03-a-i0001,1386,1400,bataillon Benz,NIL,ORG,NIL,bataillon Benz,```json {} ```,0
GDL-1848-10-03-a-i0001,1419,1433,bataillon Fiih,NIL,ORG,NIL,bataillon Fiih,no,0
GDL-1848-10-03-a-i0001,1582,1592,Bellinzone,Q64044,LOC,Q64044,Bellinzone,,23.313432693481445
GDL-1848-10-03-a-i0001,1759,1767,Inspruck,Q1735,LOC,Q1735,Innsbruck,"Based on the provided text and the list of candidates, it seems that the entity mentioned between the [ENT] tags is ""Innsbruck"". The ""type"" field of the candidate corresponding to ""Innsbruck"" is ""LOC"" (location), which matches the context given in the text. Here is the JSON-formatted answer: ```json {""wikipedia_page"":""Innsbruck"", ""wikidata_id"":""Q1735""} ```",20.07292938232422
GDL-1848-10-03-a-i0001,1850,1857,Messine,Q13666,LOC,Q13666,Messine,,24.82447052001953
GDL-1848-10-03-a-i0001,1859,1872,M. Gonzenbacb,NIL,PER,NIL,M. Gonzenbacb,```json {} ```,0
GDL-1848-10-03-a-i0001,2022,2029,Messine,Q13666,LOC,Q13666,Messine,,23.59044075012207
GDL-1848-10-03-a-i0001,3324,3338,faubourg Zaera,NIL,LOC,NIL,faubourg Zaera,no,0
GDL-1848-10-03-a-i0001,3658,3671,M. Gonzenbacb,NIL,PER,NIL,M. Gonzenbacb,no,0
GDL-1848-10-03-a-i0001,3759,3785,"M. Jacques Zwiki, brasseur",NIL,PER,NIL,"M. Jacques Zwiki, brasseur",no,0
GDL-1848-10-03-a-i0001,3918,3930,MM. Colondre,NIL,PER,NIL,MM. Colondre,No,0
GDL-1848-10-03-a-i0001,3990,4009,M. Valenlin Schaber,NIL,PER,NIL,M. Valenlin Schaber,no,0
GDL-1848-10-03-a-i0001,4125,4144,MM. A. Diernwachter,NIL,PER,NIL,MM. A. Diernwachter,no,0
GDL-1848-10-03-a-i0001,4148,4190,"Henri lirunner, possesseurs d'une fabrique",NIL,PER,NIL,"Henri lirunner, possesseurs d'une fabrique",```json {} ```,0
GDL-1848-10-03-a-i0001,4253,4270,M. Jacques Signer,NIL,PER,NIL,M. Jacques Signer,no,0
GDL-1848-10-03-a-i0001,4311,4327,M. Jacques Ruegg,NIL,PER,NIL,M. Jacques Ruegg,no,0
GDL-1848-10-03-a-i0001,4759,4765,Suisse,Q39,LOC,Q39,Suisse,"```json { ""wikipedia_page"": ""Suisse"", ""wikidata_id"": ""Q39"" } ```",16.75357437133789
GDL-1848-10-03-a-i0001,4829,4848,grand duché de Bade,Q186320,LOC,Q186320,grand-duché de Bade,"```json { ""wikipedia_page"": ""grand-duché de Bade"", ""wikidata_id"": ""Q186320"" } ```",19.105384826660156
GDL-1848-10-03-a-i0001,5517,5523,Suisse,Q39,LOC,Q39,Suisse,"Based on the provided text and the list of candidates, the most appropriate Wikidata entity for the entity mentioned between the [ENT] tags is: ```json {""wikipedia_page"":""Suisse"", ""wikidata_id"":""Q39""} ```",17.24568748474121
GDL-1848-10-03-a-i0001,5542,5551,Francfort,Q1794,LOC,Q1794,Francfort-sur-le-Main,,26.5224609375
GDL-1848-10-03-a-i0001,5562,5569,Cologne,Q365,LOC,Q365,Cologne,,26.466739654541016
GDL-1848-10-03-a-i0001,5656,5661,Berne,Q70,LOC,Q70,Berne,,27.692712783813477
GDL-1848-10-03-a-i0001,5812,5820,Radelzki,Q153500,PER,Q153500,Joseph Radetzky,"Based on the given input text and the provided list of candidates, the entity mentioned between the [ENT] tags is likely to be ""Radelzki."" Here is the JSON-formatted answer: ```json {""wikipedia_page"":""Joseph Radetzky"", ""wikidata_id"":""Q153500""} ```",20.9611759185791
GDL-1848-10-03-a-i0001,6370,6376,Vienne,Q1741,LOC,Q1741,Vienne,"Based on the input text and the list of candidates, the entity mentioned between the [ENT] tags is ""Vienne"" (Vienna). The most appropriate Wikidata entity for this context is ""Vienne"" (Vienna, Austria) with the Wikidata ID ""Q1741"" and the Wikipedia page title ""Vienne"". Here is the JSON response: ```json {""wikipedia_page"":""Vienne"", ""wikidata_id"":""Q1741""} ```",21.194944381713867
GDL-1848-10-03-a-i0001,6411,6421,Directoire,Q219817,ORG,Q219817,Directoire,"Based on the provided text and the list of candidates, the entity mentioned between the [ENT] tags, ""Directoire"", can be disambiguated with high confidence. The most appropriate Wikidata entity from the list of candidates is: ```json {""wikipedia_page"":""Directoire"", ""wikidata_id"":""Q219817""} ```",8.472525596618652
GDL-1848-10-03-a-i0001,7323,7328,Funek,NIL,PER,NIL,Funek,no,0
GDL-1848-10-03-a-i0001,7342,7353,D Schneider,NIL,PER,NIL,D Schneider,No,0
GDL-1848-10-03-a-i0001,7355,7367,D Wyttenbach,NIL,PER,NIL,D Wyttenbach,no,0
GDL-1858-07-12-a-i0002,75,80,Paris,Q90,LOC,Q90,Paris,"```json {""wikipedia_page"": ""Paris"", ""wikidata_id"": ""Q90""} ```",21.025955200195312
GDL-1858-07-12-a-i0002,270,278,Moniteur,Q1410997,PROD,Q1410997,Le Moniteur universel,"{""wikipedia_page"":""Le Moniteur universel"", ""wikidata_id"":""Q1410997""}",14.911361694335938
GDL-1858-07-12-a-i0002,356,370,reine Victoria,Q9439,PER,Q9439,Victoria,,23.695098876953125
GDL-1858-07-12-a-i0002,428,442,M. de Persigny,Q3174556,PER,Q3174556,Victor de Persigny,"Based on the provided text and the list of candidates, the entity ""M. de Persigny"" mentioned between [ENT] tags matches the candidate ""Victor de Persigny"" from the list. Here is the JSON-formatted response: ```json {""wikipedia_page"":""Victor de Persigny"", ""wikidata_id"":""Q3174556""} ```",18.147907257080078
GDL-1858-07-12-a-i0002,654,662,Moniteur,Q1410997,PROD,Q1410997,Le Moniteur universel,"```json {""wikipedia_page"":""Le Moniteur universel"", ""wikidata_id"":""Q1410997""} ```",15.518019676208496
GDL-1858-07-12-a-i0002,1435,1449,reine Victoria,Q9439,PER,Q9439,Victoria,,26.058849334716797
GDL-1858-07-12-a-i0002,1487,1497,lord Derby,Q237829,PER,Q237829,Edward Smith-Stanley,"{ ""wikipedia_page"": ""Edward Smith-Stanley"", ""wikidata_id"": ""Q237829"" }",16.66626739501953
GDL-1858-07-12-a-i0002,1501,1512,M. Disraeli,Q82006,PER,Q82006,Benjamin Disraeli,"The entity mentioned between the [ENT] tags ([ENT] M. Disraeli [ENT]) in the input text is ""M. Disraeli"". The most appropriate Wikidata entity from the given list of candidates is: ```json {""wikipedia_page"":""Benjamin Disraeli"", ""wikidata_id"":""Q82006""} ```",19.69552993774414
GDL-1858-07-12-a-i0002,2038,2042,Nord,NIL,PROD,NIL,Nord,```json {} ```,0
GDL-1858-07-12-a-i0002,2117,2135,Indépendance belge,Q25381777,PROD,Q25381777,L'Indépendance belge,"```json {""wikipedia_page"": ""L'Indépendance belge"", ""wikidata_id"": ""Q25381777""} ```",16.4307918548584
GDL-1858-07-12-a-i0002,3041,3056,prince Napoléon,Q7721,PER,Q7721,Napoléon III,"Based on the provided input text and the list of candidates, the entity mentioned between the [ENT] tags is likely referring to ""Napoléon III"". Therefore, the corresponding Wikipedia page title and Wikidata ID of the selected entity are: ```json {""wikipedia_page"":""Napoléon III"", ""wikidata_id"":""Q7721""} ```",19.447574615478516
GDL-1858-07-12-a-i0002,3116,3123,Limoges,Q45656,LOC,Q45656,Limoges,,24.26043701171875
GDL-1858-07-12-a-i0002,3162,3170,Bordeaux,Q1479,LOC,Q1479,Bordeaux,,23.466007232666016
GDL-1858-07-12-a-i0002,3812,3843,église en ruines de Sainte-Anne,Q1551966,LOC,Q1551966,église Sainte-Anne de Jérusalem,,22.116653442382812
GDL-1858-07-12-a-i0002,3988,3993,Paris,Q90,LOC,Q90,Paris,,23.242496490478516
GDL-1858-07-12-a-i0002,4127,4169,"M. de Montigny, consul français à Shanghaï",Q2960657,PER,Q2960657,Charles de Montigny,"```json {""wikipedia_page"":""Charles de Montigny"", ""wikidata_id"":""Q2960657""} ```",20.021320343017578
GDL-1858-07-12-a-i0002,4226,4232,Simoda,Q653402,LOC,Q653402,Shimoda,"Based on the provided text and the list of candidates, the entity mentioned between the [ENT] tags is ""Simoda"". The most appropriate Wikidata entity from the given list of candidates is: ```json {""wikipedia_page"":""Shimoda"", ""wikidata_id"":""Q653402""} ```",18.500198364257812
GDL-1858-07-12-a-i0002,4252,4267,Théâtre-lyrique,Q2601319,ORG,Q2601319,Théâtre-Lyrique,"Based on the analysis of the input text, the entity mentioned between the [ENT] tags, ""Théâtre-lyrique"", is most appropriately disambiguated as the entity with the Wikipedia page title ""Théâtre-Lyrique"" and Wikidata ID ""Q2601319"". ```json {""wikipedia_page"":""Théâtre-Lyrique"", ""wikidata_id"":""Q2601319""} ```",20.13188362121582
GDL-1858-07-12-a-i0002,4282,4299,M. Van-den-Heusel,NIL,PER,NIL,M. Van-den-Heusel,no,0
GDL-1868-10-24-a-i0010,65,70,Paris,Q90,LOC,Q90,Paris,"```json { ""wikipedia_page"": ""Paris"", ""wikidata_id"": ""Q90"" } ```",21.598464965820312
GDL-1868-10-24-a-i0010,135,148,maréchal Niel,Q115701,PER,Q115701,Adolphe Niel,,25.19887924194336
GDL-1868-10-24-a-i0010,221,229,Biarritz,Q132790,LOC,Q132790,Biarritz,,25.27704620361328
GDL-1868-10-24-a-i0010,476,489,maréchal Niel,Q115701,PER,Q115701,Adolphe Niel,,25.15833282470703
GDL-1868-10-24-a-i0010,1236,1249,maréchal Niel,Q115701,PER,Q115701,Adolphe Niel," ```json {""wikipedia_page"": ""Adolphe Niel"", ""wikidata_id"": ""Q115701""} ```",17.153196334838867
GDL-1868-10-24-a-i0010,2121,2136,Constitutionnel,Q3221742,PROD,Q3221742,Le Constitutionnel,"Based on the provided text and the list of candidates, the most appropriate Wikidata entity for the entity marked with [ENT] is ""Le Constitutionnel"". JSON response: ```json {""wikipedia_page"":""Le Constitutionnel"", ""wikidata_id"":""Q3221742""} ```",12.922334671020508
GDL-1868-10-24-a-i0010,2449,2457,Biarritz,Q132790,LOC,Q132790,Biarritz,,22.138498306274414
GDL-1868-10-24-a-i0010,2621,2626,Paris,Q90,LOC,Q90,Paris,,26.040950775146484
GDL-1868-10-24-a-i0010,2735,2740,Paris,Q90,LOC,Q90,Paris,,28.146774291992188
GDL-1868-10-24-a-i0010,2808,2828,cimetière Montmartre,Q746647,LOC,Q746647,cimetière de Montmartre,,39.49311447143555
GDL-1868-10-24-a-i0010,2854,2871,général Cavaignac,Q379702,PER,Q379702,Eugène Cavaignac,,29.70932388305664
GDL-1868-10-24-a-i0010,3196,3214,M. Henri Rochefort,Q642060,PER,Q642060,Henri Rochefort,,25.154525756835938
GDL-1868-10-24-a-i0010,3819,3828,M. Sarcey,Q1384953,PER,Q1384953,Francisque Sarcey,"```json {""wikipedia_page"":""Francisque Sarcey"", ""wikidata_id"":""Q1384953""} ```",20.932632446289062
GDL-1868-10-24-a-i0010,3919,3935,Journal de Paris,Q3186842,PROD,Q3186842,Journal de Paris,,34.631202697753906
GDL-1868-10-24-a-i0010,4055,4060,Paris,Q90,LOC,Q90,Paris,"Based on the provided text, the entity mentioned between the [ENT] tags is ""Paris"". The most appropriate Wikidata entity from the given list of candidates is 'Paris' with the Wikidata ID 'Q90'. Here is the JSON response: ```json {""wikipedia_page"": ""Paris"", ""wikidata_id"": ""Q90""} ```",19.109058380126953
GDL-1868-10-24-a-i0010,4590,4594,Nord,NIL,PROD,NIL,Nord,no,0
GDL-1868-10-24-a-i0010,5984,5990,Landau,Q7052,LOC,Q7052,Landau in der Pfalz,"Based on the input text and the provided list of candidates, the most appropriate Wikidata entity for the entity mentioned between the [ENT] tags is: ```json {""wikipedia_page"":""Landau in der Pfalz"", ""wikidata_id"":""Q7052""} ```",19.702625274658203
GDL-1868-10-24-a-i0010,5996,6002,France,Q142,LOC,Q142,France,"```json { ""wikipedia_page"": ""France"", ""wikidata_id"": ""Q142"" } ```",15.403481483459473
GDL-1868-10-24-a-i0010,6280,6287,Mayence,Q1720,LOC,Q1720,Mayence,,22.71976661682129
GDL-1868-10-24-a-i0010,6356,6372,Journal de Paris,Q3186842,PROD,Q3186842,Journal de Paris,,37.60979080200195
GDL-1868-10-24-a-i0010,6405,6420,M. Yillemessant,Q3136165,PER,Q3136165,Hippolyte de Villemessant,,27.226743698120117
GDL-1868-10-24-a-i0010,6447,6453,Figaro,Q216047,PROD,Q216047,Le Figaro,,25.60559844970703
GDL-1868-10-24-a-i0010,6641,6655,Sainte-Pélagie,Q1641986,LOC,Q1641986,prison Sainte-Pélagie,,24.169158935546875
GDL-1868-10-24-a-i0010,7085,7103,M. Edouard Lockroy,Q733836,PER,Q733836,Édouard Lockroy,,29.662450790405273
GDL-1868-10-24-a-i0010,7327,7342,Diable à Quatre,NIL,PROD,NIL,Diable à Quatre,no,0
GDL-1868-10-24-a-i0010,7529,7545,Diable à Qua tre,NIL,PROD,NIL,Diable à Qua tre,```json {} ```,0
GDL-1868-10-24-a-i0010,7623,7629,France,Q142,LOC,Q142,France,,22.572872161865234
GDL-1868-10-24-a-i0010,8248,8256,Florence,Q2044,LOC,Q2044,Florence,,22.472721099853516
GDL-1868-10-24-a-i0010,9010,9016,Berlin,Q64,LOC,Q64,Berlin,"```json {""wikipedia_page"": ""Berlin"", ""wikidata_id"": ""Q64""} ```",18.731569290161133
GDL-1868-10-24-a-i0010,9040,9046,Suisse,Q39,LOC,Q39,Suisse,"Based on the provided input text and the given list of candidates, the entity mentioned between the [ENT] tags is most likely ""Suisse"". ```json {""wikipedia_page"":""Suisse"", ""wikidata_id"":""Q39""} ```",16.273794174194336
GDL-1868-10-24-a-i0010,9133,9139,Prague,Q1085,LOC,Q1085,Prague,,23.5421085357666
GDL-1868-10-24-a-i0010,9234,9240,Bohême,Q39193,LOC,Q39193,Bohême,,22.711973190307617
GDL-1868-10-24-a-i0010,9305,9311,Prague,Q1085,LOC,Q1085,Prague,"{ ""wikipedia_page"": ""Prague"", ""wikidata_id"": ""Q1085"" }",21.964956283569336
GDL-1868-10-24-a-i0010,9611,9628,Gazette de Vienne,Q697173,PROD,Q697173,Wiener Zeitung,,22.562580108642578
GDL-1868-10-24-a-i0010,9760,9775,comte de Taaffe,Q550748,PER,Q550748,Eduard Taaffe,"{ ""wikipedia_page"": ""Eduard Taaffe"", ""wikidata_id"": ""Q550748"" }",12.445708274841309
GDL-1868-10-24-a-i0010,9790,9800,Reichsrath,Q697775,ORG,Q697775,Reichsrat,,22.102001190185547
GDL-1868-10-24-a-i0010,10590,10596,Vienne,Q1741,LOC,Q1741,Vienne,,27.58653450012207
GDL-1868-10-24-a-i0010,11508,11514,Havane,Q1563,LOC,Q1563,La Havane,,26.52125358581543
GDL-1878-12-20-a-i0026,0,8,LAUSANNE,Q807,LOC,Q807,Lausanne,,25.447799682617188
GDL-1878-12-20-a-i0026,231,239,Lausanne,Q807,LOC,Q807,Lausanne,,27.632606506347656
GDL-1878-12-20-a-i0026,534,542,Lausanne,Q807,LOC,Q807,Lausanne,,23.983007431030273
GDL-1878-12-20-a-i0026,548,553,Berne,Q70,LOC,Q70,Berne,,25.342912673950195
GDL-1878-12-20-a-i0026,833,838,Berne,Q70,LOC,Q70,Berne,,25.487327575683594
GDL-1878-12-20-a-i0026,915,923,Lausanne,Q807,LOC,Q807,Lausanne,,25.750764846801758
GDL-1878-12-20-a-i0026,1004,1009,Berne,Q70,LOC,Q70,Berne,,23.747316360473633
GDL-1878-12-20-a-i0026,1103,1109,Moudon,Q70202,LOC,Q70202,Moudon,,25.429729461669922
GDL-1878-12-20-a-i0026,1142,1152,Chàtillens,Q678690,LOC,Q678690,Châtillens,,26.40298080444336
GDL-1878-12-20-a-i0026,1408,1413,Berne,Q70,LOC,Q70,Berne,,23.143829345703125
GDL-1878-12-20-a-i0026,1423,1431,Lausanne,Q807,LOC,Q807,Lausanne,,26.478303909301758
GDL-1878-12-20-a-i0026,2050,2063,Saint-Maurice,Q69545,LOC,Q69545,Saint-Maurice,"```json {""wikipedia_page"":""Saint-Maurice"", ""wikidata_id"":""Q69545""} ```",20.684085845947266
GDL-1878-12-20-a-i0026,2145,2153,Evionnaz,Q70163,LOC,Q70163,Evionnaz,,27.798906326293945
GDL-1878-12-20-a-i0026,2230,2240,St-Triphon,Q2678646,LOC,Q2678646,Saint-Triphon,"Based on the given input text, the most appropriate Wikidata entity for the [ENT] tag ""St-Triphon"" is ""Saint-Triphon (village suisse)"" with the Wikidata ID Q2678646. Here is the JSON-formatted answer: ```json {""wikipedia_page"": ""Saint-Triphon"", ""wikidata_id"": ""Q2678646""} ```",20.67112159729004
GDL-1878-12-20-a-i0026,2617,2634,compagnie S .-O .,NIL,ORG,NIL,compagnie S .-O .,```json {} ```,0
GDL-1878-12-20-a-i0026,2682,2698,gare de Lausanne,Q669678,LOC,Q669678,Lausanne,,29.64574432373047
GDL-1888-12-07-a-i0003,176,192,boulevard Baudiu,NIL,LOC,NIL,boulevard Baudiu,No.,0
GDL-1888-12-07-a-i0003,214,216,S.,NIL,PER,NIL,S.,no,0
GDL-1888-12-07-a-i0003,280,288,Ardennes,Q3164,LOC,Q3164,Ardennes,"```json {""wikipedia_page"": ""Ardennes"", ""wikidata_id"": ""Q3164""} ```",19.7186336517334
GDL-1888-12-07-a-i0003,475,492,général Boulanger,Q315747,PER,Q315747,Georges Boulanger,,29.362098693847656
GDL-1888-12-07-a-i0003,754,762,Ardennes,Q3164,LOC,Q3164,Ardennes,,25.8607177734375
GDL-1888-12-07-a-i0003,792,814,"M. Linard, républicain",NIL,PER,NIL,"M. Linard, républicain",no,0
GDL-1888-12-07-a-i0003,976,987,rue de Sèze,Q3451070,LOC,Q3451070,rue de Sèze,,22.808666229248047
GDL-1888-12-07-a-i0003,1593,1610,général Boulanger,Q315747,PER,Q315747,Georges Boulanger,,27.23960304260254
GDL-1888-12-07-a-i0003,1951,1963,Arthur Meyer,Q2865261,PER,Q2865261,Arthur Meyer,,30.62937355041504
GDL-1888-12-07-a-i0003,2041,2053,MM. Laguerre,Q3103015,PER,Q3103015,Jean Henri Georges Laguerre,,22.838058471679688
GDL-1888-12-07-a-i0003,2055,2063,Michelin,Q3131641,PER,Q3131641,Henri Michelin,"```json { ""wikipedia_page"": ""Henri Michelin"", ""wikidata_id"": ""Q3131641"" } ```",21.082975387573242
GDL-1888-12-07-a-i0003,2065,2072,Laisant,Q25318,PER,Q25318,Charles-Ange Laisant,,27.774232864379883
GDL-1888-12-07-a-i0003,2074,2081,Vergoin,Q3301498,PER,Q3301498,Maurice Vergoin,,22.387351989746094
GDL-1888-12-07-a-i0003,2245,2262,général Boulanger,Q315747,PER,Q315747,Georges Boulanger,,30.32499122619629
GDL-1888-12-07-a-i0003,2646,2657,rue de Sèze,Q3451070,LOC,Q3451070,rue de Sèze,,23.144914627075195
GDL-1888-12-07-a-i0003,2813,2824,M. Michelin,Q3131641,PER,Q3131641,Henri Michelin,"```json { ""wikipedia_page"": ""Henri Michelin"", ""wikidata_id"": ""Q3131641"" } ```",18.418621063232422
GDL-1888-12-07-a-i0003,3196,3204,M. Grévy,Q296083,PER,Q296083,Jules Grévy,,25.81700897216797
GDL-1888-12-07-a-i0003,3275,3289,M. Veil-Picard,Q3065562,PER,Q3065562,famille Veil-Picard,,25.58618927001953
GDL-1888-12-07-a-i0003,3755,3774,boulevard Haussmann,Q895076,LOC,Q895076,boulevard Haussmann,,25.324419021606445
GDL-1888-12-07-a-i0003,3983,3993,M. Floquet,Q471311,PER,Q471311,Charles Floquet,,26.44628143310547
GDL-1888-12-07-a-i0003,4358,4373,rue Saint-Denis,Q2174628,LOC,Q2174628,rue Saint-Denis,,34.440574645996094
GDL-1898-06-27-a-i0011,22,27,BERNE,Q70,LOC,Q70,Berne,,27.152143478393555
GDL-1898-06-27-a-i0011,306,351,"M. Milliet, directeur de la régie de l'alcool",NIL,PER,NIL,"M. Milliet, directeur de la régie de l'alcool",no,0
GDL-1898-06-27-a-i0011,738,753,Suisse centrale,Q30978,LOC,Q30978,Suisse centrale,,29.494909286499023
GDL-1898-06-27-a-i0011,765,775,Interlaken,Q68103,LOC,Q68103,Interlaken,,34.440040588378906
GDL-1898-06-27-a-i0011,990,997,ARGOVIE,Q11972,LOC,Q11972,canton d'Argovie,"Based on the provided input text and the list of candidates, the entity ""ARGOVIE"" has been disambiguated as follows: ```json {""wikipedia_page"": ""canton d'Argovie"", ""wikidata_id"": ""Q11972""} ```",19.52440643310547
GDL-1898-06-27-a-i0011,1036,1067,Société des pontonniers de Bàle,NIL,ORG,NIL,Société des pontonniers de Bàle,no,0
GDL-1898-06-27-a-i0011,1080,1091,Rheinfelden,Q269667,LOC,Q269667,Rheinfelden,,28.77021026611328
GDL-1898-06-27-a-i0011,1359,1365,VALAIS,Q834,LOC,Q834,canton du Valais,"The entity mentioned between the [ENT] tags is ""Valais"". Based on the provided list of candidates, the most appropriate Wikidata entity is: ```json { ""wikipedia_page"": ""canton du Valais"", ""wikidata_id"": ""Q834"" } ```",14.152616500854492
GDL-1898-06-27-a-i0011,1386,1390,Sion,Q68136,LOC,Q68136,Sion,"{ ""wikipedia_page"": ""Sion"", ""wikidata_id"": ""Q68136"" }",19.772539138793945
GDL-1898-06-27-a-i0011,1439,1450,Tourtemagne,Q70054,LOC,Q70054,Tourtemagne,"```json {""wikipedia_page"":""Tourtemagne"",""wikidata_id"":""Q70054""} ```",18.537445068359375
GDL-1898-06-27-a-i0011,2326,2332,GENÈVE,Q71,LOC,Q71,Genève,,27.80327796936035
GDL-1898-06-27-a-i0011,2373,2381,Jonction,Q3209888,LOC,Q3209888,La Jonction,,25.991626739501953
GDL-1898-06-27-a-i0011,2506,2512,Genève,Q71,LOC,Q71,Genève,,25.66461944580078
GDL-1898-06-27-a-i0011,2563,2569,Genève,Q71,LOC,Q71,Genève,,23.490245819091797
GDL-1898-06-27-a-i0011,2599,2605,Genève,Q71,LOC,Q71,Genève,,23.39668083190918
GDL-1898-06-27-a-i0011,2636,2644,Lausanne,Q807,LOC,Q807,Lausanne,,29.647836685180664
GDL-1908-06-09-a-i0014,0,20,CONFÉDÉRATION SUISSE,Q39,LOC,Q39,Suisse,,24.161863327026367
GDL-1908-06-09-a-i0014,38,51,éditeur Kreis,NIL,PER,NIL,éditeur Kreis,```json {} ```,0
GDL-1908-06-09-a-i0014,55,59,Bâle,Q78,LOC,Q78,Bâle,,34.357810974121094
GDL-1908-06-09-a-i0014,363,369,Suisse,Q39,LOC,Q39,Suisse,,29.928312301635742
GDL-1908-06-09-a-i0014,661,668,Bernina,Q277177,LOC,Q277177,ligne de la Bernina,"Based on the provided input text and the list of candidates, the most appropriate Wikidata entity for the entity mentioned between the [ENT] tags in the text is: ```json { ""wikipedia_page"": ""ligne de la Bernina"", ""wikidata_id"": ""Q277177"" } ```",19.389251708984375
GDL-1908-06-09-a-i0014,904,910,Tirano,Q40868,LOC,Q40868,Tirano,,24.74479866027832
GDL-1908-06-09-a-i0014,914,923,Poschiavo,Q69503,LOC,Q69503,Poschiavo,,23.97319221496582
GDL-1908-06-09-a-i0014,1172,1180,Lausanne,Q807,LOC,Q807,Lausanne,,31.971961975097656
GDL-1908-06-09-a-i0014,1251,1255,Bâle,Q78,LOC,Q78,Bâle,,28.29046630859375
GDL-1908-06-09-a-i0014,1313,1324,Winterthour,Q9125,LOC,Q9125,Winterthour,,29.996322631835938
GDL-1908-06-09-a-i0014,1671,1677,Sœntis,Q15224,LOC,Q15224,Säntis,"```json { ""wikipedia_page"": ""Säntis"", ""wikidata_id"": ""Q15224"" } ```",16.859037399291992
GDL-1908-06-09-a-i0014,1679,1686,Gothard,Q688549,LOC,Q688549,Massif du Saint-Gothard,"Based on the provided input text, the entities mentioned between the [ENT] tags are ""Gothard"" and ""Pilate"". Among the candidates, ""Gothard"" can be matched with the candidate ""Saint-Gothard"", which includes the Wikipedia page ""Massif du Saint-Gothard"" and the Wikidata ID ""Q688549"". ""Pilate"" does not have a direct match in the list of candidates. Therefore, the JSON response will only include the entity ""Gothard"" with the corresponding Wikipedia page title and Wikidata ID. The JSON response is: ```json { ""wikipedia_page"": ""Massif du Saint-Gothard"", ""wikidata_id"": ""Q688549"" } ```",17.98053741455078
GDL-1908-06-09-a-i0014,1709,1723,Haute-Engadine,Q1789552,LOC,Q1789552,Haute-Engadine,"The only candidate with a relevant description that matches the context of ""Haute-Engadine"" is ""Haute-Engadine"" itself. Therefore, the entity mentioned between the [ENT] tags should be disambiguated to ""Haute-Engadine"". Here's the JSON-formatted answer: ```json {""wikipedia_page"":""Haute-Engadine"", ""wikidata_id"":""Q1789552""} ```",19.597837448120117
GDL-1908-06-09-a-i0014,1823,1832,Allemagne,Q183,LOC,Q183,Allemagne,,22.270727157592773
GDL-1908-06-09-a-i0014,1834,1839,Berne,Q70,LOC,Q70,Berne,,23.30529022216797
GDL-1908-06-09-a-i0014,1873,1882,Allemagne,Q183,LOC,Q183,Allemagne,"Based on the input text provided, the [ENT] tags refer to the entity ""Allemagne"". Among the given candidates, the most suitable match is: - **Wikipedia Page:** Allemagne - **Wikidata ID:** Q183 Thus, the JSON answer is: ```json {""wikipedia_page"":""Allemagne"", ""wikidata_id"":""Q183""} ```",21.857885360717773
GDL-1908-06-09-a-i0014,2277,2283,Suisse,Q39,LOC,Q39,Suisse,"```json { ""wikipedia_page"": ""Suisse"", ""wikidata_id"": ""Q39"" } ```",20.64540672302246
GDL-1908-06-09-a-i0014,3502,3506,Bâle,Q78,LOC,Q78,Bâle,,24.90456771850586
GDL-1908-06-09-a-i0014,3509,3517,Hambourg,Q1055,LOC,Q1055,Hambourg,,26.805465698242188
GDL-1918-05-16-a-i0086,132,140,Parisrlo,Q90,LOC,Q90,Paris,"Here is the disambiguated entity mentioned between the [ENT] tags: ```json {""wikipedia_page"": ""Paris"", ""wikidata_id"": ""Q90""} ```",12.280460357666016
GDL-1918-05-16-a-i0086,255,260,Noyon,Q49831,LOC,Q49831,Noyon,,22.309242248535156
GDL-1918-05-16-a-i0086,1025,1033,Londires,Q84,LOC,Q84,Londres,"```json {""wikipedia_page"":""Londres"", ""wikidata_id"":""Q84""} ```",17.24425506591797
GDL-1918-05-16-a-i0086,1077,1081,Lens,Q165271,LOC,Q165271,Lens,,25.82815933227539
GDL-1918-05-16-a-i0086,1265,1284,vallées de la Somme,NIL,LOC,NIL,vallées de la Somme,No.,0
GDL-1918-05-16-a-i0086,1293,1298,Ancre,Q489438,LOC,Q489438,Ancre,"Based on the input text and the context provided, the most appropriate Wikidata entity for the [ENT] tag is the one associated with the river Ancre. Considering the context, ""Ancre"" likely refers to the ""Ancre"" river in France, which is the most plausible match from the provided list of candidates. ```json {""wikipedia_page"":""Ancre"", ""wikidata_id"":""Q489438""} ```",18.1676025390625
GDL-1918-05-16-a-i0086,1311,1319,Bétliuno,Q207145,LOC,Q207145,Béthune,"```json { ""wikipedia_page"": ""Béthune"", ""wikidata_id"": ""Q207145"" } ```",16.502490997314453
GDL-1918-05-16-a-i0086,1330,1345,forêt de Nleppe,NIL,LOC,NIL,forêt de Nleppe,```json {} ```,0
GDL-1918-05-16-a-i0086,1411,1422,Morlancourt,Q639056,LOC,Q639056,Morlancourt,,28.044342041015625
GDL-1918-05-16-a-i0086,2858,2869,Mont Kemmel,Q209541,LOC,Q209541,mont Kemmel,"```json { ""wikipedia_page"": ""mont Kemmel"", ""wikidata_id"": ""Q209541"" } ```",20.87177276611328
GDL-1918-05-16-a-i0086,3788,3799,Dlckebusche,NIL,LOC,NIL,Dlckebusche,no,0
GDL-1918-05-16-a-i0086,3893,3899,Berlin,Q64,LOC,Q64,Berlin,"Based on the input text and the provided JSON list of candidates, the most appropriate Wikidata entity for the entity tagged with [ENT] Berlin is: ```json { ""wikipedia_page"": ""Berlin"", ""wikidata_id"": ""Q64"" } ```",19.537546157836914
GDL-1918-05-16-a-i0086,4432,4438,Scarpe,Q1818615,LOC,Q1818615,Scarpe,"```json { ""wikipedia_page"": ""Scarpe"", ""wikidata_id"": ""Q1818615"" } ```",17.502517700195312
GDL-1918-05-16-a-i0086,4450,4457,Bucquoy,Q995400,LOC,Q995400,Bucquoy,,25.358722686767578
GDL-1918-05-16-a-i0086,4540,4545,Ancre,Q489438,LOC,Q489438,Ancre,"```json { ""wikipedia_page"": ""Ancre"", ""wikidata_id"": ""Q489438"" } ```",16.250465393066406
GDL-1918-05-16-a-i0086,4966,4970,Avre,Q739893,LOC,Q739893,Avre,,22.76529312133789
GDL-1918-05-16-a-i0086,5265,5274,Dunkerque,Q45797,LOC,Q45797,Dunkerque,,23.288461685180664
GDL-1918-05-16-a-i0086,5406,5412,Vienne,Q1741,LOC,Q1741,Vienne,,25.434284210205078
GDL-1918-05-16-a-i0086,5594,5598,Pola,Q4656,LOC,Q4656,Pula,"Based on the provided input text and candidate list, the most appropriate Wikidata entity for the disambiguated entity [ENT] Pola [ENT] is: ```json {""wikipedia_page"": ""Pula"", ""wikidata_id"": ""Q4656""} ``` Since ""Pula"" is the only candidate that matches the entity ""Pola"" mentioned in the text and fits the context of a strategic location in the Adriatic Sea where military actions took place, it is the most confident match.",19.77294921875
GDL-1918-05-16-a-i0086,6032,6039,Pasubio,Q699575,LOC,Q699575,Pasubio,"Based on the provided text, the entity mentioned between the [ENT] tags is ""Pasubio"". This entity is present in the list of candidates. Therefore, the most appropriate Wikidata entity is: ```json {""wikipedia_page"":""Pasubio"", ""wikidata_id"":""Q699575""} ```",18.506088256835938
GDL-1918-05-16-a-i0086,6077,6095,gare de Pri molano,Q3970614,LOC,Q3970614,Primolano,"```json { ""wikipedia_page"": ""Primolano"", ""wikidata_id"": ""Q3970614"" } ```",16.78789710998535
GDL-1918-05-16-a-i0086,6147,6158,col Oaprile,NIL,LOC,NIL,col Oaprile,no,0
GDL-1918-05-16-a-i0086,6185,6190,Alano,Q39897,LOC,Q39897,Alano di Piave,"Based on the provided text and the candidates, the entity mentioned between the [ENT] tags is likely the commune of Alano di Piave. Therefore, the selected Wikidata entity is: ```json {""wikipedia_page"":""Alano di Piave"", ""wikidata_id"":""Q39897""} ```",12.330825805664062
GDL-1918-05-16-a-i0086,6206,6211,Piave,Q213462,LOC,Q213462,Piave,,24.537353515625
GDL-1918-05-16-a-i0086,6296,6315,région de Soreslano,NIL,LOC,NIL,région de Soreslano,no,0
GDL-1918-05-16-a-i0086,6500,6505,Piave,Q213462,LOC,Q213462,Piave,"Based on the input text, the most appropriate Wikidata entity for the [ENT] tags is the river Piave. Therefore, the JSON-formatted answer is: ```json { ""wikipedia_page"": ""Piave"", ""wikidata_id"": ""Q213462"" } ```",21.44315528869629
GDL-1918-05-16-a-i0086,6507,6513,Berlin,Q64,LOC,Q64,Berlin,"Based on the context provided and the list of candidates, the entity mentioned between the [ENT] tags in the input text is likely to be ""Berlin"" as the city in Germany. Given this, the most appropriate Wikidata entity from the provided list of candidates is: ```json {""wikipedia_page"":""Berlin"", ""wikidata_id"":""Q64""} ```",18.684480667114258
GDL-1918-05-16-a-i0086,6757,6764,Moreuil,Q115426,LOC,Q115426,Moreuil,"Given the input text and the list of candidates, the most appropriate Wikidata entity for the entity marked by [ENT] tags is ""Moreuil"" (Wikidata ID: Q115426). Here is the corresponding JSON object: ```json {""wikipedia_page"":""Moreuil"", ""wikidata_id"":""Q115426""} ```",20.235429763793945
GDL-1928-12-01-a-i0015,101,107,Moscou,Q649,LOC,Q649,Moscou,,28.422605514526367
GDL-1928-12-01-a-i0015,310,316,Russie,Q159,LOC,Q159,Russie,,23.01457977294922
GDL-1928-12-01-a-i0015,410,426,Union soviétique,Q15180,LOC,Q15180,Union soviétique,,24.77361488342285
GDL-1928-12-01-a-i0015,564,571,Balkans,Q23522,LOC,Q23522,Balkans,"```json { ""wikipedia_page"": ""Balkans"", ""wikidata_id"": ""Q23522"" } ```",19.193565368652344
GDL-1928-12-01-a-i0015,1197,1203,Moscou,Q649,LOC,Q649,Moscou,,22.350303649902344
GDL-1928-12-01-a-i0015,1704,1710,Moscou,Q649,LOC,Q649,Moscou,"```json { ""wikipedia_page"": ""Moscou"", ""wikidata_id"": ""Q649"" } ```",21.610172271728516
GDL-1928-12-01-a-i0015,1891,1908,VAction française,Q496011,PROD,Q496011,L'Action française,"```json { ""wikipedia_page"": ""L'Action française"", ""wikidata_id"": ""Q496011"" } ```",18.97140121459961
GDL-1928-12-01-a-i0015,1944,1958,M. 'Bain ville,Q966894,PER,Q966894,Jacques Bainville,"Based on the provided input text, the entity mentioned between the [ENT] tags is ""Bainville"". The most appropriate Wikidata entity from the provided list of candidates is ""Jacques Bainville"". ```json {""wikipedia_page"":""Jacques Bainville"", ""wikidata_id"":""Q966894""} ```",17.25246810913086
GDL-1928-12-01-a-i0015,2175,2193,président Coolidge,Q36023,PER,Q36023,Calvin Coolidge,,22.152034759521484
GDL-1928-12-01-a-i0015,2216,2229,M. Streeemann,Q103955,PER,Q103955,Gustav Stresemann,"Based on the provided input text, the entity mentioned between the [ENT] tags is ""Gustav Stresemann"". Therefore, the most appropriate Wikidata entity from the given list of candidates is ""Gustav Stresemann"". Here is the JSON-formatted answer: ```json {""wikipedia_page"":""Gustav Stresemann"", ""wikidata_id"":""Q103955""} ```",13.928208351135254
GDL-1928-12-01-a-i0015,2410,2420,Etats-Unis,Q30,LOC,Q30,États-Unis,"Based on the provided text and the list of candidates, the entity mentioned between the [ENT] tags is ""États-Unis"". Therefore, the corresponding Wikidata ID and Wikipedia page title are: ```json {""wikipedia_page"": ""États-Unis"", ""wikidata_id"": ""Q30""} ```",20.774730682373047
GDL-1928-12-01-a-i0015,2565,2573,New-York,Q60,LOC,Q60,New York,,28.963144302368164
GDL-1928-12-01-a-i0015,2603,2610,Londres,Q84,LOC,Q84,Londres,"Based on the provided input text and the list of candidates, the entities mentioned between the [ENT] tags are likely referring to ""Londres"" as it is mentioned more than once and is the most relevant candidate as it is the capital of England and the United Kingdom. Here is the JSON object formatted as requested: ```json {""wikipedia_page"": ""Londres"", ""wikidata_id"": ""Q84""} ```",21.816946029663086
GDL-1928-12-01-a-i0015,2630,2638,New-York,Q60,LOC,Q60,New York,,25.554513931274414
GDL-1928-12-01-a-i0015,2769,2777,New-York,Q60,LOC,Q60,New York,,22.846555709838867
GDL-1938-04-22-a-i0048,608,614,France,Q142,LOC,Q142,France,"```json {""wikipedia_page"": ""France"", ""wikidata_id"": ""Q142""} ```",19.105783462524414
GDL-1938-04-22-a-i0048,901,907,Italie,Q38,LOC,Q38,Italie,,22.884151458740234
GDL-1938-04-22-a-i0048,1362,1368,Italie,Q38,LOC,Q38,Italie,,23.212732315063477
GDL-1938-04-22-a-i0048,1749,1755,Suisse,Q39,LOC,Q39,Suisse,"Based on the provided input text and list of candidates, the most appropriate Wikidata entity for the entity tagged with [ENT] in the text is ""Suisse"". The corresponding Wikipedia page title and Wikidata ID are: - Wikipedia page: Suisse - Wikidata ID: Q39 Therefore, the JSON response is: ```json {""wikipedia_page"": ""Suisse"", ""wikidata_id"": ""Q39""} ```",20.689064025878906
GDL-1938-04-22-a-i0048,1770,1776,Italie,Q38,LOC,Q38,Italie,"Based on the provided text and the list of candidates, the entities mentioned are ""Italie"" and ""Royaume d'Italie"" within the [ENT] tags. Given the context of the text, the most appropriate Wikidata entities are: - For ""Italie"": Wikidata ID ""Q38"" and the Wikipedia page title ""Italie"". - For ""Royaume d'Italie"": Wikidata ID ""Q172579"" and the Wikipedia page title ""Royaume d'Italie"". Here is the JSON output: ```json { ""wikipedia_page"": ""Italie"", ""wikidata_id"": ""Q38"" } ```",21.122432708740234
GDL-1938-04-22-a-i0048,2248,2254,Italie,Q38,LOC,Q38,Italie,,22.471357345581055
GDL-1938-04-22-a-i0048,2376,2382,Valais,Q834,LOC,Q834,canton du Valais,"Based on the provided text and the list of candidates, the most appropriate Wikidata entity for the [ENT] tag ""Valais"" is: ```json {""wikipedia_page"":""canton du Valais"", ""wikidata_id"":""Q834""} ```",16.175222396850586
GDL-1938-04-22-a-i0048,2585,2600,Italie fasciste,Q48742118,LOC,Q48742118,Italie fasciste,"```json {""wikipedia_page"":""Italie fasciste"", ""wikidata_id"":""Q48742118""} ```",21.141136169433594
GDL-1938-04-22-a-i0048,2720,2726,Italie,Q38,LOC,Q38,Italie,"The most appropriate Wikidata entity for the text is ""Italie"". ```json {""wikipedia_page"":""Italie"", ""wikidata_id"":""Q38""} ```",21.953460693359375
GDL-1938-04-22-a-i0048,2974,2996,libéralisme économique,Q729119,PROD,Q729119,libéralisme économique,,23.46483039855957
GDL-1938-10-12-a-i0095,179,196,chancelier Hitler,Q352,PER,Q352,Adolf Hitler,"```json {""wikipedia_page"": ""Adolf Hitler"", ""wikidata_id"": ""Q352""} ```",15.461980819702148
GDL-1938-10-12-a-i0095,559,565,Berlin,Q64,LOC,Q64,Berlin,"```json {""wikipedia_page"":""Berlin"", ""wikidata_id"":""Q64""} ```",17.423580169677734
GDL-1938-10-12-a-i0095,566,570,Rome,Q220,LOC,Q220,Rome,"Based on the input text and the list of candidates, the most appropriate Wikidata entity corresponding to the entity tagged with [ENT] is: ```json {""wikipedia_page"":""Rome"", ""wikidata_id"":""Q220""} ``` The phrase ""l'axe Berlin-Rome"" clearly refers to the political alliance between Germany (Berlin) and Italy (Rome) during the 1930s. The entity ""Rome"" from the list of candidates is the best match for this context.",20.944501876831055
GDL-1938-10-12-a-i0095,608,618,MM. Hitler,Q352,PER,Q352,Adolf Hitler,"{ ""wikipedia_page"": ""Adolf Hitler"", ""wikidata_id"": ""Q352"" }",17.59484100341797
GDL-1938-10-12-a-i0095,622,631,Mussolini,Q23559,PER,Q23559,Benito Mussolini,"```json { ""wikipedia_page"": ""Benito Mussolini"", ""wikidata_id"": ""Q23559"" } ```",21.349685668945312
GDL-1938-10-12-a-i0095,912,916,Rome,Q220,LOC,Q220,Rome,"Based on the provided text and list of candidates, the most appropriate Wikidata entity for the entity mentioned between the [ENT] tags is ""Rome"". ```json {""wikipedia_page"":""Rome"",""wikidata_id"":""Q220""} ```",21.18890953063965
GDL-1938-10-12-a-i0095,970,976,Munich,Q1726,LOC,Q1726,Munich,,22.382774353027344
GDL-1938-10-12-a-i0095,1029,1035,Berlin,Q64,LOC,Q64,Berlin,"```json { ""wikipedia_page"": ""Berlin"", ""wikidata_id"": ""Q64"" } ```",18.97810935974121
GDL-1938-10-12-a-i0095,1381,1389,Ethiopie,Q115,LOC,Q115,Éthiopie,"```json { ""wikipedia_page"": ""Ethiopie"", ""wikidata_id"": ""Q115"" } ```",20.754179000854492
GDL-1938-10-12-a-i0095,1397,1407,Angleterre,Q21,LOC,Q21,Angleterre,"```json { ""wikipedia_page"": ""Angleterre"", ""wikidata_id"": ""Q21"" } ```",18.116214752197266
GDL-1948-07-15-a-i0035,53,58,AIGLE,Q43195,LOC,Q43195,Aigle,,25.627094268798828
GDL-1948-07-15-a-i0035,96,101,C. P.,NIL,PER,NIL,C. P.,```json {} ```,0
GDL-1948-07-15-a-i0035,105,110,Aigle,Q43195,LOC,Q43195,Aigle,,33.72715759277344
GDL-1948-07-15-a-i0035,1946,1956,Chr. Rouge,NIL,PER,NIL,Chr. Rouge,"Based on the provided text, the entity tagged with [ENT] is ""Chr. Rouge"". After analyzing the list of candidates, the most appropriate Wikidata entity for ""Chr. Rouge"" is ""Christoph Rouge"", who is a painter. Here is the JSON-formatted answer: ```json { ""wikipedia_page"": ""Christoph Rouge"", ""wikidata_id"": ""Q6146051"" } ```",0
GDL-1948-07-15-a-i0035,2034,2039,C. P.,NIL,PER,NIL,C. P.,no,0
GDL-1948-07-15-a-i0035,2115,2125,MM. Sublel,NIL,PER,NIL,MM. Sublel,No.,0
GDL-1948-07-15-a-i0035,2127,2135,Bralschi,NIL,PER,NIL,Bralschi,```json {} ```,0
GDL-1948-07-15-a-i0035,2137,2147,Nicollerat,NIL,PER,NIL,Nicollerat,no,0
GDL-1948-07-15-a-i0035,2168,2178,Zumbrunnen,NIL,PER,NIL,Zumbrunnen,no,0
GDL-1948-07-15-a-i0035,2228,2248,M. Maurice Fontannaz,NIL,PER,NIL,M. Maurice Fontannaz,no,0
GDL-1948-07-15-a-i0035,2515,2531,La Tour de Peilz,Q69721,LOC,Q69721,La Tour-de-Peilz,,27.370473861694336
GDL-1948-07-15-a-i0035,2696,2699,Bex,Q52261,LOC,Q52261,Bex,,25.919130325317383
GDL-1948-07-15-a-i0035,2717,2757,Société des Forces motrices de l'Avançon,NIL,ORG,NIL,Société des Forces motrices de l'Avançon,```json {} ```,0
GDL-1948-07-15-a-i0035,2811,2817,RENENS,Q69745,LOC,Q69745,Renens,,25.585636138916016
GDL-1948-07-15-a-i0035,2849,2854,C. P.,NIL,PER,NIL,C. P.,"The entities mentioned between the [ENT] tags are ""CP"" and ""C. P."". Since the list of candidates doesn't include an entity that matches exactly with ""C. P."" or ""CP"" with high confidence, I will return an empty JSON. ```json {} ```",0
GDL-1948-07-15-a-i0035,2903,2920,"M. Ruedi, notaire",NIL,PER,NIL,"M. Ruedi, notaire",```json {} ```,0
GDL-1948-07-15-a-i0035,3008,3022,MM. D Dusserre,NIL,PER,NIL,MM. D Dusserre,no,0
GDL-1948-07-15-a-i0035,3053,3061,Ecublens,Q69716,LOC,Q69716,Ecublens,,27.559167861938477
GDL-1948-07-15-a-i0035,3082,3093,MM. Manriry,NIL,PER,NIL,MM. Manriry,```json {} ```,0
GDL-1948-07-15-a-i0035,3105,3112,Clardon,NIL,PER,NIL,Clardon,no,0
GDL-1948-07-15-a-i0035,3124,3128,Ross,NIL,PER,NIL,Ross,no,0
GDL-1948-07-15-a-i0035,3130,3137,Coderey,NIL,PER,NIL,Coderey,```json {} ```,0
GDL-1948-07-15-a-i0035,3242,3250,Ecublens,Q69716,LOC,Q69716,Ecublens,,24.673908233642578
GDL-1948-12-11-a-i0039,73,86,Mon- '' treux,Q69354,LOC,Q69354,Montreux,"Based on the provided input text and the list of candidates, the referenced entity between the [ENT] tags is ""Montreux"". The corresponding Wikidata entity is: ```json { ""wikipedia_page"": ""Montreux"", ""wikidata_id"": ""Q69354"" } ```",17.435861587524414
GDL-1948-12-11-a-i0039,266,270,Vaud,Q12771,LOC,Q12771,canton de Vaud,,28.547801971435547
GDL-1958-07-29-a-i0071,223,270,Département fédéral des finances et des douanes,Q662317,ORG,Q662317,Département fédéral des finances,,37.86305618286133
GDL-1968-05-30-a-i0128,63,70,LONDRES,Q84,LOC,Q84,Londres,"```json { ""wikipedia_page"": ""Londres"", ""wikidata_id"": ""Q84"" } ```",21.949777603149414
GDL-1968-05-30-a-i0128,153,156,BRI,Q309195,ORG,Q309195,Banque des règlements internationaux,"```json {""wikipedia_page"": ""Banque des règlements internationaux"", ""wikidata_id"": ""Q309195""} ```",20.068815231323242
GDL-1968-05-30-a-i0128,158,194,Banque des Règlements Internationaux,Q309195,ORG,Q309195,Banque des règlements internationaux,,26.355548858642578
GDL-1968-05-30-a-i0128,345,348,BRI,Q309195,ORG,Q309195,Banque des règlements internationaux,"{""wikipedia_page"":""Banque des règlements internationaux"", ""wikidata_id"":""Q309195""}",16.833768844604492
GDL-1968-05-30-a-i0128,368,384,Banque de France,Q806950,ORG,Q806950,Banque de France,,37.943904876708984
GDL-1968-05-30-a-i0128,567,573,Europe,Q46,LOC,Q46,Europe,,28.99089241027832
GDL-1968-05-30-a-i0128,986,989,BRI,Q309195,ORG,Q309195,Banque des règlements internationaux,"```json {""wikipedia_page"":""Banque des règlements internationaux"", ""wikidata_id"":""Q309195""} ```",19.85072898864746
GDL-1968-11-02-a-i0267,29,40,Paul Morand,Q272,PER,Q272,Paul Morand,,45.914268493652344
GDL-1968-11-02-a-i0267,46,64,Académie française,Q161806,ORG,Q161806,Académie française,,32.67040252685547
GDL-1968-11-02-a-i0267,105,116,Paul Morand,Q272,PER,Q272,Paul Morand,,33.23818588256836
GDL-1968-11-02-a-i0267,164,181,Jean Schlumberger,Q322520,PER,Q322520,Jean Schlumberger,,36.74277114868164
GDL-1968-11-02-a-i0267,297,309,Schlumberger,Q322520,PER,Q322520,Jean Schlumberger,,33.92173385620117
GDL-1968-11-02-a-i0267,327,351,Nouvelle Revue Française,Q616067,PROD,Q616067,La Nouvelle Revue française,,35.222782135009766
GDL-1968-11-02-a-i0267,355,361,Morand,Q272,PER,Q272,Paul Morand,,32.04509735107422
GDL-1968-11-02-a-i0267,456,462,Morand,Q272,PER,Q272,Paul Morand,,27.852033615112305
GDL-1968-11-02-a-i0267,590,601,Tour Eiffel,Q243,LOC,Q243,tour Eiffel,,33.56620788574219
GDL-1968-11-02-a-i0267,1338,1344,Morand,Q272,PER,Q272,Paul Morand,,29.838306427001953
GDL-1968-11-02-a-i0267,1377,1384,Paulhan,Q470557,PER,Q470557,Jean Paulhan,,31.189067840576172
GDL-1968-11-02-a-i0267,1400,1406,Proust,Q7199,PER,Q7199,Marcel Proust,,29.081315994262695
GDL-1968-11-02-a-i0267,1799,1810,Paul Morand,Q272,PER,Q272,Paul Morand,,36.45661926269531
GDL-1968-11-02-a-i0267,1826,1837,Tour Eiffel,Q243,LOC,Q243,tour Eiffel,,31.93376922607422
GDL-1968-11-02-a-i0267,2165,2182,Jean Schlumberger,Q322520,PER,Q322520,Jean Schlumberger,,37.33860778808594
GDL-1968-11-02-a-i0267,2262,2279,Jean Schlumberger,Q322520,PER,Q322520,Jean Schlumberger,,37.6270751953125
GDL-1968-11-02-a-i0267,2373,2382,Gallimard,Q273819,ORG,Q273819,Éditions Gallimard,,30.818031311035156
GDL-1968-11-02-a-i0267,3252,3256,Gide,Q47484,PER,Q47484,André Gide,,30.475921630859375
GDL-1968-11-02-a-i0267,3260,3274,Martin du Gard,Q129155,PER,Q129155,Roger Martin du Gard,,30.60562515258789
GDL-1968-11-02-a-i0267,3359,3374,Edmond Gilliard,Q3047840,PER,Q3047840,Edmond Gilliard,,40.933387756347656
GDL-1968-11-02-a-i0267,3399,3414,Cahiers vaudois,Q15695408,PROD,Q15695408,Cahiers vaudois,,23.071489334106445
GDL-1968-11-02-a-i0267,3502,3526,avenida de Los Pacificos,NIL,LOC,NIL,avenida de Los Pacificos,no.,0
GDL-1968-11-02-a-i0267,3553,3577,quartier de Pucnte Vjeja,NIL,LOC,NIL,quartier de Pucnte Vjeja,```json {} ```,0
GDL-1968-11-02-a-i0267,3605,3615,Villacorte,NIL,LOC,NIL,Villacorte,no,0
GDL-1968-11-02-a-i0267,3681,3694,Gonzalo Arias,Q3699081,PER,Q3699081,Gonzalo Arias,,31.19901466369629
GDL-1968-11-02-a-i0267,3879,3885,Martin,NIL,PER,NIL,Martin,```json {} ```,0
GDL-1968-11-02-a-i0267,4087,4122,général Tranco sauveur de la patrie,NIL,PER,NIL,général Tranco sauveur de la patrie,No.,0
GDL-1968-11-02-a-i0267,4376,4382,Martin,NIL,PER,NIL,Martin,no,0
GDL-1968-11-02-a-i0267,4413,4419,Martin,NIL,PER,NIL,Martin,no,0
GDL-1968-11-02-a-i0267,4657,4665,Le Monde,Q12461,PROD,Q12461,Le Monde,,27.75798797607422
GDL-1968-11-02-a-i0267,4681,4688,Espagne,Q29,LOC,Q29,Espagne,,24.978992462158203
GDL-1968-11-02-a-i0267,4761,4767,Madrid,Q2807,LOC,Q2807,Madrid,,25.53717613220215
GDL-1968-11-02-a-i0267,4945,4964,Jean-Marie Domenach,Q3167641,PER,Q3167641,Jean-Marie Domenach,,46.43642807006836
GDL-1968-11-02-a-i0267,5600,5613,totalitarisme,Q128135,PROD,Q128135,totalitarisme,,28.630836486816406
GDL-1968-11-02-a-i0267,5798,5810,Albin-Michel,Q2190366,ORG,Q2190366,Éditions Albin Michel,,33.63158416748047
GDL-1968-11-02-a-i0267,5872,5900,Armel Guerne. son adaptateur,Q2047594,PER,Q2047594,Armel Guerne,,22.186487197875977
GDL-1968-11-02-a-i0267,6081,6089,Occident,Q160381,LOC,Q160381,civilisation occidentale,,23.252912521362305
GDL-1968-11-02-a-i0267,6190,6198,Kawabata,Q43736,PER,Q43736,Yasunari Kawabata,"```json {""wikipedia_page"":""Yasunari Kawabata"", ""wikidata_id"":""Q43736""} ```",21.858924865722656
GDL-1968-11-02-a-i0267,6200,6209,Guy Dunmr,Q3121746,PER,Q3121746,Guy Dumur,,31.301856994628906
GDL-1968-11-02-a-i0267,6346,6354,Sarraute,Q297758,PER,Q297758,Nathalie Sarraute,,29.01725959777832
GDL-1968-11-02-a-i0267,6361,6374,Robbe-Grillet,Q216266,PER,Q216266,Alain Robbe-Grillet,,30.783336639404297
GDL-1968-11-02-a-i0267,6517,6525,Kawabata,Q43736,PER,Q43736,Yasunari Kawabata,,25.465778350830078
GDL-1968-11-02-a-i0267,6633,6641,Kawabata,Q43736,PER,Q43736,Yasunari Kawabata,,24.782663345336914
GDL-1968-11-02-a-i0267,6945,6967,Guatémaltèque Asturias,Q75603,PER,Q75603,Miguel Ángel Asturias,"```json { ""wikipedia_page"": ""Miguel Ángel Asturias"", ""wikidata_id"": ""Q75603"" } ```",13.420660972595215
GDL-1968-11-02-a-i0267,6982,7008,Japonais Yanusari Kawabata,Q43736,PER,Q43736,Yasunari Kawabata,"```json {""wikipedia_page"":""Yasunari Kawabata"", ""wikidata_id"":""Q43736""} ```",18.217063903808594
GDL-1968-11-02-a-i0267,7054,7067,André Malraux,Q151164,PER,Q151164,André Malraux,,39.823936462402344
GDL-1968-11-02-a-i0267,7127,7133,Thonon,Q206165,LOC,Q206165,Thonon-les-Bains,,28.300098419189453
GDL-1968-11-02-a-i0267,7461,7467,Thonon,Q206165,LOC,Q206165,Thonon-les-Bains,,27.57396125793457
GDL-1968-11-02-a-i0267,7629,7639,Jo Trehard,Q3179419,PER,Q3179419,Jo Tréhard,,43.448429107666016
GDL-1968-11-02-a-i0267,7690,7714,Théâtre national de Caen,Q3527622,ORG,Q3527622,théâtre de Caen,,40.698978424072266
GDL-1968-11-02-a-i0267,7770,7775,Paris,Q90,LOC,Q90,Paris,"Given the input text and the list of candidates, the entity mentioned in the text between the [ENT] tags is likely referring to ""Paris"". Therefore, the JSON response would be: ```json {""wikipedia_page"": ""Paris"", ""wikidata_id"": ""Q90""} ```",19.060962677001953
GDL-1968-11-02-a-i0267,7943,7950,Trehard,Q3179419,PER,Q3179419,Jo Tréhard,,31.198970794677734
GDL-1968-11-02-a-i0267,8073,8087,Champs-Elysées,Q550,LOC,Q550,avenue des Champs-Élysées,,28.374998092651367
GDL-1968-11-02-a-i0267,8103,8118,Opéra de Vienne,Q209937,ORG,Q209937,opéra d'État de Vienne,,28.682567596435547
GDL-1968-11-02-a-i0267,8170,8175,Paris,Q90,LOC,Q90,Paris,,31.24517250061035
GDL-1968-11-02-a-i0267,8240,8254,Alwin Nikoldis,Q449880,PER,Q449880,Alwin Nikolais,,27.339733123779297
GDL-1968-11-02-a-i0267,8569,8581,Rauschcnberg,Q164358,PER,Q164358,Robert Rauschenberg,,26.13935089111328
GDL-1968-11-02-a-i0267,8685,8714,Musée municipal d'art moderne,Q857276,ORG,Q857276,musée d'Art moderne de Paris,,37.44524002075195
GDL-1968-11-02-a-i0267,8755,8767,Rauschenberg,Q164358,PER,Q164358,Robert Rauschenberg,,26.289615631103516
GDL-1968-11-02-a-i0267,8899,8905,Calder,Q151580,PER,Q151580,Alexander Calder,,25.403911590576172
GDL-1968-11-02-a-i0267,8921,8927,Stahly,Q468744,PER,Q468744,François Stahly,,26.03934097290039
GDL-1968-11-02-a-i0267,9087,9093,Jouvet,Q60801,PER,Q60801,Louis Jouvet,,23.461429595947266
GDL-1968-11-02-a-i0267,9109,9118,Giraudoux,Q309974,PER,Q309974,Jean Giraudoux,"{ ""wikipedia_page"": ""Jean Giraudoux"", ""wikidata_id"": ""Q309974"" }",18.708250045776367
GDL-1968-11-02-a-i0267,9198,9202,Piaf,Q1631,PER,Q1631,Édith Piaf,,25.398942947387695
GDL-1968-11-02-a-i0267,9216,9228,Raymond Asso,Q2552540,PER,Q2552540,Raymond Asso,,28.437204360961914
GDL-1968-11-02-a-i0267,9246,9258,Raymond Asso,Q2552540,PER,Q2552540,Raymond Asso,,29.153392791748047
GDL-1968-11-02-a-i0267,9337,9344,Montand,Q106057,PER,Q106057,Yves Montand,"Based on the input text and the given list of candidates, the entity mentioned between the [ENT] tags is Yves Montand. Therefore, the corresponding Wikipedia page title and Wikidata ID are: ```json {""wikipedia_page"":""Yves Montand"", ""wikidata_id"":""Q106057""} ```",20.881399154663086
GDL-1968-11-02-a-i0267,9359,9366,Olympia,Q915451,ORG,Q915451,Olympia,"Based on the provided context and the JSON list of candidates, the entity mentioned between the [ENT] tags is ""Olympia"". The most appropriate Wikidata entity from the list is: ```json {""wikipedia_page"":""Olympia"", ""wikidata_id"":""Q915451""} ```",18.79643440246582
GDL-1968-11-02-a-i0267,9372,9377,Gréco,Q156485,PER,Q156485,Juliette Gréco,"Based on the provided text and the list of candidates, the most appropriate Wikidata entity for [ENT] Gréco [ENT] is: ```json {""wikipedia_page"": ""Juliette Gréco"", ""wikidata_id"": ""Q156485""} ```",19.822086334228516
GDL-1968-11-02-a-i0267,9391,9397,Bobino,Q888776,ORG,Q888776,Bobino,"Based on the provided text, the entity mentioned between the [ENT] tags is ""Bobino."" From the JSON list of candidates, the most appropriate Wikidata entity is: ```json { ""wikipedia_page"": ""Bobino"", ""wikidata_id"": ""Q888776"" } ```",19.70426368713379
GDL-1968-11-02-a-i0267,9438,9451,Pierre Perret,Q2093776,PER,Q2093776,Pierre Perret,,38.141265869140625
GDL-1968-11-02-a-i0267,9469,9483,Georges Chelon,Q3102470,PER,Q3102470,Georges Chelon,,31.36763572692871
GDL-1978-06-23-a-i0197,342,349,Londres,Q84,LOC,Q84,Londres,,27.714637756347656
GDL-1978-06-23-a-i0197,356,370,M. Cyrus Vance,Q296661,PER,Q296661,Cyrus Vance,,29.671049118041992
GDL-1978-06-23-a-i0197,426,432,Egypte,Q79,LOC,Q79,Égypte,"{""wikipedia_page"": ""Égypte"", ""wikidata_id"": ""Q79""}",20.477436065673828
GDL-1978-06-23-a-i0197,582,591,Jérusalem,Q1218,LOC,Q1218,Jérusalem,,26.7131290435791
GDL-1978-06-23-a-i0197,595,603,Le Caire,Q85,LOC,Q85,Le Caire,,31.00568962097168
GDL-1978-06-23-a-i0197,741,749,New York,Q60,LOC,Q60,New York,,28.149538040161133
GDL-1978-06-23-a-i0197,940,950,Etats-Unis,Q30,LOC,Q30,États-Unis,,24.662479400634766
GDL-1978-06-23-a-i0197,1046,1055,M. Sadate,Q42013,PER,Q42013,Anouar el-Sadate,,27.02715492248535
GDL-1978-06-23-a-i0197,1789,1797,Capitole,Q54109,LOC,Q54109,Capitole des États-Unis,,25.048288345336914
GDL-1978-06-23-a-i0197,1930,1936,Israël,Q801,LOC,Q801,Israël,,22.30796241760254
GDL-1978-06-23-a-i0197,1969,1978,M. Carter,Q23685,PER,Q23685,Jimmy Carter,,26.839017868041992
GDL-1978-06-23-a-i0197,1993,2001,M. Begin,Q130873,PER,Q130873,Menahem Begin,,25.10895538330078
GDL-1978-06-23-a-i0197,2214,2217,USA,Q30,LOC,Q30,États-Unis,,22.526790618896484
GDL-1978-06-23-a-i0197,2250,2256,Israël,Q801,LOC,Q801,Israël,,24.219871520996094
GDL-1978-06-23-a-i0197,2331,2342,Cisjordanie,Q36678,LOC,Q36678,Cisjordanie,,25.66139030456543
GDL-1978-06-23-a-i0197,2458,2464,Egypte,Q79,LOC,Q79,Égypte,,22.9608154296875
GDL-1978-06-23-a-i0197,2600,2610,Etats-Unis,Q30,LOC,Q30,États-Unis,,23.773900985717773
GDL-1978-06-23-a-i0197,2701,2710,M. Sadate,Q42013,PER,Q42013,Anouar el-Sadate,,25.82731056213379
GDL-1978-06-23-a-i0197,2736,2747,roi Hussein,Q146906,PER,Q146906,Hussein Ier de Jordanie,,24.274028778076172
GDL-1988-07-08-a-i0186,0,26,J 3 ENÈVE Nastassia Kinski,Q76711,PER,Q76711,Nastassja Kinski,"{ ""wikipedia_page"": ""Nastassja Kinski"", ""wikidata_id"": ""Q76711"" }",12.498323440551758
GDL-1988-07-08-a-i0186,63,87,actrice Nastassia Kinski,Q76711,PER,Q76711,Nastassja Kinski,,22.377103805541992
GDL-1988-07-08-a-i0186,114,120,Genève,Q71,LOC,Q71,Genève,,32.116790771484375
GDL-1988-07-08-a-i0186,151,172,société Leila Film SA,NIL,ORG,NIL,société Leila Film SA,```json {} ```,0
GDL-1988-07-08-a-i0186,234,275,"Henri Dunant, fondateur de la Croix-Rouge",Q12091,PER,Q12091,Henry Dunant,,27.86024284362793
GDL-1988-07-08-a-i0186,280,303,Conseil d'Etat genevois,Q2546890,ORG,Q2546890,Conseil d'État du canton de Genève,,37.552772521972656
GDL-1988-07-08-a-i0186,398,414,Nastassia Kinski,Q76711,PER,Q76711,Nastassja Kinski,,37.460357666015625
GDL-1988-07-08-a-i0186,600,616,Nastassia Kinski,Q76711,PER,Q76711,Nastassja Kinski,,37.790985107421875
GDL-1988-07-08-a-i0186,694,700,Genève,Q71,LOC,Q71,Genève,,26.472980499267578
GDL-1988-07-08-a-i0186,740,756,Nastassia Kinski,Q76711,PER,Q76711,Nastassja Kinski,,35.10519027709961
GDL-1988-07-08-a-i0186,805,843,Comité International de la Croix-Rouge,Q5987345,ORG,Q5987345,Comité international de la Croix-Rouge,,39.625057220458984
GDL-1988-07-08-a-i0186,845,849,CICR,Q5987345,ORG,Q5987345,Comité international de la Croix-Rouge,,30.020132064819336
GDL-1988-07-08-a-i0186,855,869,Conseil d'Etat,Q2546890,ORG,Q2546890,Conseil d'État du canton de Genève,,23.471294403076172
IMP-1908-10-03-a-i0027,114,127,rue du Temple,Q3452610,LOC,Q3452610,rue du Temple,,23.30446434020996
IMP-1908-10-03-a-i0027,137,163,rue Notre-Dame-de-Nazareth,Q3449324,LOC,Q3449324,rue Notre-Dame-de-Nazareth,,29.077550888061523
IMP-1908-10-03-a-i0027,444,463,hôpital Saint-Louis,Q1569396,ORG,Q1569396,hôpital Saint-Louis,"Based on the provided list of candidates and the input text, the most appropriate Wikidata entity for the entity mentioned between the [ENT] tags is 'hôpital Saint-Louis'. The Wikipedia page title is 'hôpital Saint-Louis', and the Wikidata ID is 'Q1569396'. ```json { ""wikipedia_page"": ""hôpital Saint-Louis"", ""wikidata_id"": ""Q1569396"" } ```",19.406652450561523
IMP-1908-10-03-a-i0027,683,692,ALLEMAGNE,Q183,LOC,Q183,Allemagne,"Based on the input text, the entity between the [ENT] tags is ""Allemagne"". Among the provided candidates, the most appropriate Wikidata entity is ""Allemagne"" with the corresponding Wikipedia page title and Wikidata ID. ```json {""wikipedia_page"": ""Allemagne"", ""wikidata_id"": ""Q183""} ```",11.65239143371582
IMP-1908-10-03-a-i0027,718,728,Magdebourg,Q1733,LOC,Q1733,Magdebourg,,22.25739288330078
IMP-1908-10-03-a-i0027,752,827,"Paul Reindel, ancien exécuteur des hautes œuvres pour la Prusse occidentale",NIL,PER,NIL,"Paul Reindel, ancien exécuteur des hautes œuvres pour la Prusse occidentale",no,0
IMP-1908-10-03-a-i0027,994,1001,M. Paul,NIL,PER,NIL,M. Paul,no,0
IMP-1908-10-03-a-i0027,1332,1347,iJKeaz Schwietz,NIL,PER,NIL,iJKeaz Schwietz,"""no""",0
IMP-1908-10-03-a-i0027,1429,1444,femme _JVie & e,NIL,PER,NIL,femme _JVie & e,```json {} ```,0
IMP-1908-10-03-a-i0027,1585,1625,"Mailau, cet employé de la ville d'Altona",NIL,PER,NIL,"Mailau, cet employé de la ville d'Altona",```json {} ```,0
IMP-1908-10-03-a-i0027,3075,3080,Vilna,Q216,LOC,Q216,Vilnius,,23.718481063842773
IMP-1908-10-03-a-i0027,3623,3631,Soboline,NIL,LOC,NIL,Soboline,no,0
IMP-1908-10-03-a-i0027,4703,4713,ANGLETERRE,Q21,LOC,Q21,Angleterre,"```json {""wikipedia_page"":""Angleterre"", ""wikidata_id"":""Q21""} ```",20.084623336791992
IMP-1908-10-03-a-i0027,4762,4776,Daily _Express,Q610190,PROD,Q610190,Daily Express,,28.703554153442383
IMP-1908-10-03-a-i0027,5028,5038,Angleterre,Q21,LOC,Q21,Angleterre,,26.15427017211914
IMP-1908-10-03-a-i0027,5568,5581,Daily Express,Q610190,PROD,Q610190,Daily Express,,24.79207992553711
IMP-1908-10-03-a-i0027,5815,5823,New-York,Q60,LOC,Q60,New York,,27.661718368530273
IMP-1908-10-03-a-i0027,6044,6063,Banque d'Angleterre,Q183231,ORG,Q183231,banque d'Angleterre,,35.66796112060547
IMP-1938-09-23-a-i0145,49,64,Tchécoslovaquie,Q33946,LOC,Q33946,Tchécoslovaquie,,23.412609100341797
IMP-1938-09-23-a-i0145,70,92,général tchèque Sirovy,Q974542,PER,Q974542,Jan Syrový,"{""wikipedia_page"":""Jan Syrový"", ""wikidata_id"":""Q974542""}",19.02265167236328
IMP-1938-09-23-a-i0145,203,212,Godesberg,Q153260,LOC,Q153260,Bad Godesberg,"Given the input text and the list of candidates, the entity mentioned between the [ENT] tags is likely referring to the city of Bad Godesberg. The context suggests a geographical location related to the Sudetenland crisis of 1938, which aligns with Bad Godesberg. Therefore, the JSON response is: ```json {""wikipedia_page"": ""Bad Godesberg"", ""wikidata_id"": ""Q153260""} ```",20.8823184967041
IMP-1938-09-23-a-i0145,763,777,général Sirovy,Q974542,PER,Q974542,Jan Syrový,"```json {""wikipedia_page"": ""Jan Syrový"", ""wikidata_id"": ""Q974542""} ```",19.23908805847168
IMP-1938-09-23-a-i0145,1249,1258,Godesberg,Q153260,LOC,Q153260,Bad Godesberg,"{""wikipedia_page"":""Bad Godesberg"",""wikidata_id"":""Q153260""}",20.246265411376953
IMP-1938-09-23-a-i0145,1311,1320,Godesberg,Q153260,LOC,Q153260,Bad Godesberg,"{ ""wikipedia_page"": ""Bad Godesberg"", ""wikidata_id"": ""Q153260"" }",19.532413482666016
IMP-1938-09-23-a-i0145,1439,1453,M. Chamberlain,Q10664,PER,Q10664,Neville Chamberlain,,25.729209899902344
IMP-1938-09-23-a-i0145,1472,1479,Londres,Q84,LOC,Q84,Londres,,22.36127471923828
IMP-1938-09-23-a-i0145,1640,1655,Tchécoslovaquie,Q33946,LOC,Q33946,Tchécoslovaquie,,26.02703857421875
IMP-1938-09-23-a-i0145,1674,1680,Oeuvre,Q1880717,PROD,Q1880717,L'Œuvre,"Based on the provided text and candidates, the entity tagged between [ENT] tags appears to be ""L'Œuvre"". Given the context, it is most likely referring to the newspaper ""L'Œuvre"" as it is mentioned in the article and fits the time period of the text. ```json {""wikipedia_page"":""L'Œuvre"", ""wikidata_id"":""Q1880717""} ```",10.833962440490723
IMP-1938-09-23-a-i0145,1836,1842,Hitler,Q352,PER,Q352,Adolf Hitler,"Based on the provided input text, the entity mentioned between the [ENT] tags is ""Hitler"". From the list of candidates, the most appropriate Wikidata entity for the entity mentioned is: ```json {""wikipedia_page"": ""Adolf Hitler"", ""wikidata_id"": ""Q352""} ```",20.264606475830078
IMP-1938-09-23-a-i0145,2062,2068,Prague,Q1085,LOC,Q1085,Prague,,23.500057220458984
IMP-1938-09-23-a-i0145,2243,2251,Budapest,Q1781,LOC,Q1781,Budapest,,22.379438400268555
IMP-1938-09-23-a-i0145,2490,2497,Londres,Q84,LOC,Q84,Londres,,23.60477066040039
IMP-1938-09-23-a-i0145,2552,2558,Prague,Q1085,LOC,Q1085,Prague,,28.5759220123291
IMP-1938-09-23-a-i0145,2867,2873,Prague,Q1085,LOC,Q1085,Prague,,26.59445571899414
IMP-1938-09-23-a-i0145,3331,3337,Vienne,Q1741,LOC,Q1741,Vienne,"```json { ""wikipedia_page"": ""Vienne"", ""wikidata_id"": ""Q1741"" } ```",21.641199111938477
IMP-1938-09-23-a-i0145,3343,3350,Breslau,Q1799,LOC,Q1799,Wrocław,"```json {""wikipedia_page"":""Wrocław"", ""wikidata_id"":""Q1799""} ```",21.787933349609375
IMP-1938-09-23-a-i0145,3356,3363,Trieste,Q546,LOC,Q546,Trieste,,22.71086883544922
IMP-1938-09-23-a-i0145,3497,3506,Allemagne,Q183,LOC,Q183,Allemagne,"Based on the given input text, the entity mentioned between the [ENT] tags is ""Allemagne"". Among the provided list of candidates, the most appropriate Wikidata entity is: - Wikipedia page: ""Allemagne"" - Wikidata ID: ""Q183"" Here is the JSON-formatted response: ```json {""wikipedia_page"":""Allemagne"", ""wikidata_id"":""Q183""} ```",15.881183624267578
IMP-1938-09-23-a-i0145,3693,3700,Journal,Q3223697,PROD,Q3223697,Le Journal,"```json { ""wikipedia_page"": ""Le Journal"", ""wikidata_id"": ""Q3223697"" } ```",13.172636032104492
IMP-1938-09-23-a-i0145,3811,3815,Rome,Q220,LOC,Q220,Rome,"Based on the input text and the list of candidates, the most appropriate Wikidata entity for the [ENT] tags is ""Rome"" (Q220). ```json {""wikipedia_page"":""Rome"", ""wikidata_id"":""Q220""} ```",15.059070587158203
IMP-1938-09-23-a-i0145,3929,3944,Tchécoslovaquie,Q33946,LOC,Q33946,Tchécoslovaquie,,26.58072853088379
IMP-1958-02-28-a-i0106,12,46,M. Paul CHAUDET Conseiller fédéral,Q118284,PER,Q118284,Paul Chaudet,"```json {""wikipedia_page"": ""Paul Chaudet"", ""wikidata_id"": ""Q118284""} ```",14.166969299316406
IMP-1958-02-28-a-i0106,175,196,"Cërcîè ~""__-. "" Sapin",NIL,ORG,NIL,"Cërcîè ~""__-. "" Sapin",no,0
IMP-1958-02-28-a-i0106,459,473,Giuseppe Motta,Q559892,PER,Q559892,Giuseppe Motta,,40.24404525756836
IMP-1958-02-28-a-i0106,476,493,Rodolphe Rubattel,Q661957,PER,Q661957,Rodolphe Rubattel,,43.95488357543945
IMP-1958-02-28-a-i0106,497,514,Edmond Schulthess,Q118243,PER,Q118243,Edmund Schulthess,,34.17112731933594
IMP-1958-02-28-a-i0106,517,533,Max _Petitnierre,Q664453,PER,Q664453,Max Petitpierre,,33.03132629394531
IMP-1958-02-28-a-i0106,585,600,M. Paul Chaudet,Q118284,PER,Q118284,Paul Chaudet,,26.149860382080078
IMP-1958-02-28-a-i0106,1288,1305,La Chaux-de-Fonds,Q68124,LOC,Q68124,La Chaux-de-Fonds,,38.86677169799805
IMP-1958-02-28-a-i0106,1808,1819,L'IMPARTIAL,Q3204036,PROD,Q3204036,L'Impartial,"```json { ""wikipedia_page"": ""L'Impartial"", ""wikidata_id"": ""Q3204036"" } ```",8.00278377532959
IMP-1988-12-30-a-i0015,15,23,Virginie,NIL,PER,NIL,Virginie,```json {} ```,0
IMP-1988-12-30-a-i0015,75,80,Libye,Q1016,LOC,Q1016,Libye,,23.019765853881836
IMP-1988-12-30-a-i0015,145,168,mère Jacqueline Valente,NIL,PER,NIL,mère Jacqueline Valente,no,0
IMP-1988-12-30-a-i0015,417,425,Benghazi,Q40816,LOC,Q40816,Benghazi,,37.51707077026367
IMP-1988-12-30-a-i0015,427,432,Libye,Q1016,LOC,Q1016,Libye,,26.978679656982422
IMP-1988-12-30-a-i0015,471,490,père Pascal Bétille,NIL,PER,NIL,père Pascal Bétille,```json {} ```,0
IMP-1988-12-30-a-i0015,493,500,Tripoli,Q3579,LOC,Q3579,Tripoli,,31.82394027709961
IMP-1988-12-30-a-i0015,531,564,ambassadeur français Léon Bouvier,Q3270771,PER,Q3270771,Léon Bouvier,,26.377634048461914
IMP-1988-12-30-a-i0015,614,620,France,Q142,LOC,Q142,France,,25.920188903808594
IMP-1988-12-30-a-i0015,688,694,Istres,Q203759,LOC,Q203759,Istres,,26.834611892700195
IMP-1988-12-30-a-i0015,980,990,M. Bétille,NIL,PER,NIL,M. Bétille,no,0
IMP-1988-12-30-a-i0015,1054,1061,Tripoli,Q3579,LOC,Q3579,Tripoli,,30.910236358642578
IMP-1988-12-30-a-i0015,1205,1227,Jean-Charles Marchiani,Q3164674,PER,Q3164674,Jean-Charles Marchiani,,37.30242156982422
IMP-1988-12-30-a-i0015,1330,1335,Liban,Q822,LOC,Q822,Liban,,22.972902297973633
IMP-1988-12-30-a-i0015,1346,1353,KADHAFI,Q19878,PER,Q19878,Mouammar Kadhafi,,25.57455062866211
IMP-1988-12-30-a-i0015,1357,1374,groupe Abou Nidal,Q1638579,ORG,Q1638579,Fatah-Conseil révolutionnaire,,24.082244873046875
IMP-1988-12-30-a-i0015,1406,1414,Beyrouth,Q3820,LOC,Q3820,Beyrouth,,32.14431381225586
IMP-1988-12-30-a-i0015,1472,1505,dirigeant libyen Mouammar Kadhafi,Q19878,PER,Q19878,Mouammar Kadhafi,,23.883071899414062
IMP-1988-12-30-a-i0015,1564,1575,Marie-Laure,NIL,PER,NIL,Marie-Laure,No.,0
IMP-1988-12-30-a-i0015,1579,1587,Virginie,NIL,PER,NIL,Virginie,no,0
IMP-1988-12-30-a-i0015,1626,1649,"père, M. Pascal Bétille",NIL,PER,NIL,"père, M. Pascal Bétille",```json {} ```,0
IMP-1988-12-30-a-i0015,1679,1687,Beyrouth,Q3820,LOC,Q3820,Beyrouth,,30.937641143798828
IMP-1988-12-30-a-i0015,1748,1754,France,Q142,LOC,Q142,France,,24.849912643432617
IMP-1988-12-30-a-i0015,1798,1801,afp,Q40464,ORG,Q40464,Agence France-Presse,,29.410245895385742
IMP-1998-07-23-a-i0080,0,13,Proche-Orient,Q48214,LOC,Q48214,Proche-Orient,,27.636159896850586
IMP-1998-07-23-a-i0080,70,83,Proche-Orient,Q48214,LOC,Q48214,Proche-Orient,,34.10744094848633
IMP-1998-07-23-a-i0080,198,204,Israël,Q801,LOC,Q801,Israël,,26.173086166381836
IMP-1998-07-23-a-i0080,351,356,Golan,Q83210,LOC,Q83210,plateau du Golan,,26.807764053344727
IMP-1998-07-23-a-i0080,362,367,Syrie,Q858,LOC,Q858,Syrie,,23.828794479370117
IMP-1998-07-23-a-i0080,424,437,Yasser Arafat,Q34211,PER,Q34211,Yasser Arafat,,32.97563934326172
IMP-1998-07-23-a-i0080,457,461,Gaza,Q47492,LOC,Q47492,Gaza,,32.954471588134766
IMP-1998-07-23-a-i0080,585,591,Israël,Q801,LOC,Q801,Israël,,23.77751922607422
IMP-1998-07-23-a-i0080,684,695,Cisjordanie,Q36678,LOC,Q36678,Cisjordanie,,28.216079711914062
IMP-1998-07-23-a-i0080,871,884,Yasser Arafat,Q34211,PER,Q34211,Yasser Arafat,,41.60052490234375
IMP-1998-07-23-a-i0080,985,995,Washington,Q61,LOC,Q61,Washington,"Based on the provided input text and the list of candidates, the most appropriate Wikidata entity for the tagged entity [ENT] Washington [ENT] is: ```json {""wikipedia_page"": ""Washington"", ""wikidata_id"": ""Q61""} ```",17.967967987060547
IMP-1998-07-23-a-i0080,1037,1048,Cisjordanie,Q36678,LOC,Q36678,Cisjordanie,,24.65081787109375
IMP-1998-07-23-a-i0080,1153,1158,Syrie,Q858,LOC,Q858,Syrie,"```json {""wikipedia_page"":""Syrie"", ""wikidata_id"":""Q858""} ```",21.847429275512695
IMP-1998-07-23-a-i0080,1162,1165,afp,Q40464,ORG,Q40464,Agence France-Presse,,26.092636108398438
IMP-1998-07-23-a-i0080,1166,1172,reuter,Q130879,ORG,Q130879,Reuters,"```json {""wikipedia_page"":""Reuters"", ""wikidata_id"":""Q130879""} ```",21.906726837158203
IMP-2008-04-28-a-i0239,0,13,Stéphane Joly,Q2360344,PER,Q2360344,Stéphane Joly,,48.80122756958008
IMP-2008-04-28-a-i0239,104,110,Suisse,Q39,LOC,Q39,Suisse,,23.55880355834961
IMP-2008-04-28-a-i0239,120,133,Stéphane Joly,Q2360344,PER,Q2360344,Stéphane Joly,,57.145347595214844
IMP-2008-04-28-a-i0239,168,176,Hambourg,Q1055,LOC,Q1055,Hambourg,,26.985544204711914
IMP-2008-04-28-a-i0239,634,648,Patrick Wieser,Q87462075,PER,Q87462075,Patrick Wieser,,49.85048294067383
IMP-2008-04-28-a-i0239,864,885,Russe Irina Timofeeva,Q451089,PER,Q451089,Irina Timofeyeva,"Based on the input text and the provided list of candidates, the most appropriate Wikidata entity for the [ENT] tags is ""Irina Timofeyeva"". Here is the JSON response: ```json {""wikipedia_page"":""Irina Timofeyeva"", ""wikidata_id"":""Q451089""} ```",19.43030548095703
IMP-2008-04-28-a-i0239,953,978,Kényane Pamela Chepchumba,Q274701,PER,Q274701,Pamela Chepchumba,"```json { ""wikipedia_page"": ""Pamela Chepchumba"", ""wikidata_id"": ""Q274701"" } ```",19.754194259643555
IMP-2008-04-28-a-i0239,1005,1022,Kényan Abel Kirui,Q1704,PER,Q1704,Abel Kirui,"{ ""wikipedia_page"": ""Abel Kirui"", ""wikidata_id"": ""Q1704"" }",21.806394577026367
IMP-2008-04-28-a-i0239,1062,1068,Vienne,Q1741,LOC,Q1741,Vienne,,24.972742080688477
IMP-2008-04-28-a-i0239,1147,1158,Paul Biwott,Q945837,PER,Q945837,Paul Biwott,,33.95410919189453
IMP-2008-10-17-a-i0019,60,63,BNS,Q597394,ORG,Q597394,Banque nationale suisse,,34.669212341308594
IMP-2008-10-17-a-i0019,87,90,UBS,Q193199,ORG,Q193199,UBS,,28.071863174438477
IMP-2008-10-17-a-i0019,225,248,Banque nationale suisse,Q597394,ORG,Q597394,Banque nationale suisse,,47.54824447631836
IMP-2008-10-17-a-i0019,250,253,BNS,Q597394,ORG,Q597394,Banque nationale suisse,,33.65906524658203
IMP-2008-10-17-a-i0019,258,261,UBS,Q193199,ORG,Q193199,UBS,,27.357057571411133
IMP-2008-10-17-a-i0019,336,339,UBS,Q193199,ORG,Q193199,UBS,,23.29743194580078
IMP-2008-10-17-a-i0019,441,454,Credit Suisse,Q372657,ORG,Q372657,Credit Suisse,,40.90251922607422
IMP-2008-10-17-a-i0019,456,458,CS,Q372657,ORG,Q372657,Credit Suisse,,26.613006591796875
IMP-2008-10-17-a-i0019,585,588,BNS,Q597394,ORG,Q597394,Banque nationale suisse,,31.762741088867188
IMP-2008-10-17-a-i0019,596,601,Berne,Q70,LOC,Q70,Berne,,34.37822341918945
IMP-2008-10-17-a-i0019,665,667,CS,Q372657,ORG,Q372657,Credit Suisse,,28.855817794799805
IMP-2008-10-17-a-i0019,743,762,Philippe Hildebrand,Q116927,PER,Q116927,Philipp Hildebrand,,39.74285888671875
IMP-2008-10-17-a-i0019,1139,1142,BNS,Q597394,ORG,Q597394,Banque nationale suisse,,31.036231994628906
IMP-2008-10-17-a-i0019,1186,1189,UBS,Q193199,ORG,Q193199,UBS,"```json { ""wikipedia_page"": ""UBS"", ""wikidata_id"": ""Q193199"" } ```",21.709630966186523
IMP-2008-10-17-a-i0019,1383,1390,Islande,Q189,LOC,Q189,Islande,,22.80837059020996
IMP-2008-10-17-a-i0019,1392,1429,"Jean-Pierre Roth, président de la BNS",Q120468,PER,Q120468,Jean-Pierre Roth,,31.282926559448242
IMP-2008-10-17-a-i0019,1585,1598,Credit Suisse,Q372657,ORG,Q372657,Credit Suisse,,35.78872299194336
IMP-2008-10-17-a-i0019,1637,1640,BNS,Q597394,ORG,Q597394,Banque nationale suisse,,27.742340087890625
IMP-2008-10-17-a-i0019,1703,1719,Jean-Pierre Roth,Q120468,PER,Q120468,Jean-Pierre Roth,,34.62366485595703
IMP-2008-10-17-a-i0019,2444,2447,ats,Q430109,ORG,Q430109,Agence télégraphique suisse,"```json {""wikipedia_page"": ""Agence télégraphique suisse"", ""wikidata_id"": ""Q430109""} ```",12.994951248168945
