doc_id,start_pos,end_pos,surface,gt_id,type,identifier,title,answer,score
document_000004.html,71,77,Busont,Q219551,PER,NIL,Busont,no,0
document_000004.html,124,164,cia funebre dell’imperatore Massimiliano,NIL,MISC,Q150726,Massimiliano I d'Asburgo,"```json { ""wikipedia_page"": ""Massimiliano I d'Asburgo"", ""wikidata_id"": ""Q150726"" } ```",9.633642196655273
document_000005.html,46,52,Schalk,Q79026,PER,Q89463,Joseph Schalk,,15.78262996673584
document_000005.html,72,92,gran maestro di Bonn,Q255,PER,NIL,gran maestro di Bonn,```json {} ```,0
document_000005.html,137,147,Mengelbere,Q336725,PER,Q2417992,Theodor Mengelbier,,20.576261520385742
document_000006.html,208,217,Guarnieri,Q1165357,PER,Q123228,Guarneri,,22.789634704589844
document_000006.html,249,258,Guarnieri,Q1165357,PER,Q123228,Guarneri,,21.411453247070312
document_000006.html,224,230,Wendel,Q1303289,PER,Q45317,Joseph Wendel,,18.3637638092041
document_000007.html,36,51,Quinta sinfonia,Q188709,MISC,Q3507821,,,18.76617431640625
document_000007.html,89,96,Nikisch,Q57210,PER,Q831465,Mitja Nikisch,,18.836618423461914
document_000007.html,121,131,Mengelberg,Q336725,PER,Q1375794,Karel Mengelberg,,20.599851608276367
document_000008.html,356,363,Cellini,Q277846,MISC,Q190116,Benvenuto Cellini,,19.094053268432617
document_000009.html,109,122,delVPAugusteo,Q3616668,LOC,Q3516747,Teatro Augusteo,"```json { ""wikipedia_page"": ""Teatro Augusteo"", ""wikidata_id"": ""Q3516747"" } ```",11.758094787597656
document_000009.html,291,296,Reger,Q57139,PER,Q1246980,Walter Reger,,18.98103904724121
document_000010.html,84,96,all’Augusteo,Q3616668,LOC,NIL,all’Augusteo,```json {} ```,0
document_000011.html,0,6,Coates,Q1230717,PER,Q6226441,John Coates (tenore),,18.521392822265625
document_000011.html,358,364,Coates,Q1230717,PER,Q6226441,John Coates (tenore),,19.099769592285156
document_000012.html,222,231,Guarnieri,Q1165357,PER,Q123228,Guarneri,,25.104352951049805
document_000013.html,37,45,Juventus,Q109001794,MISC,NIL,Juventus,```json {} ```,0
document_000013.html,52,60,DiSabata,Q464890,PER,Q1339,Johann Sebastian Bach,,16.40786361694336
document_000013.html,662,674,all’Augusteo,Q3616668,LOC,Q3516747,Teatro Augusteo,"```json { ""wikipedia_page"": ""Teatro Augusteo"", ""wikidata_id"": ""Q3516747"" } ```",7.983017444610596
document_000013.html,755,763,Molinari,Q2619703,PER,Q16559067,Giampiero Molinari,,22.628520965576172
document_000014.html,53,65,Santoliquide,Q3817387,PER,Q17652126,Santi Lo Giudice,,16.3736629486084
document_000014.html,71,77,Sorima,NIL,PER,Q982878,Sergio Sollima,,22.66240119934082
document_000014.html,83,92,Tarantini,NIL,PER,Q3768205,Giovanni Tarantini,,29.746353149414062
document_000014.html,127,131,Fano,Q3779156,PER,Q13142,Fano,,22.90514373779297
document_000014.html,133,146,dell’Agostini,Q3855836,PER,Q2058127,Gioacchino Albertini,,25.919326782226562
document_000014.html,194,203,Marinuzzi,Q3106818,PER,Q21587761,Antonio Marinuzzi,,28.087909698486328
document_000014.html,209,218,Guarnieri,Q1165357,PER,Q123228,Guarneri,,27.370925903320312
document_000015.html,129,162,Messa per coro a tre voci dispari,NIL,MISC,Q217295,messa,,18.428436279296875
document_000016.html,72,116,Le sette parole » per coro e grand’orchestra,Q1219505,MISC,Q1416456,Quattro pezzi sacri,,17.730209350585938
document_000017.html,136,176,La Musica dell’Antichité e del Medio Evo,NIL,MISC,Q163775,musica medievale,,15.636446952819824
document_000017.html,179,197,Tancredi Mantovani,NIL,PER,Q505683,Annunzio Paolo Mantovani,,27.04634666442871
document_000018.html,212,225,Nelia Rivalta,NIL,PER,Q3876338,Nicola Ravaglia,,32.02437210083008
document_000018.html,263,270,Caccini,Q215308,PER,Q232035,Francesca Caccini,,27.525819778442383
document_000019.html,157,172,.Sfadio di Roma,NIL,LOC,Q3982138,Teatro Raffaello Sanzio,,16.042972564697266
document_000019.html,264,268,Azda,Q171277,MISC,Q85984574,,,20.7379207611084
document_000019.html,376,384,Molinari,Q3725923,PER,Q2619703,Bernardino Molinari,,21.081418991088867
document_000019.html,396,405,Argentini,NIL,PER,Q41559611,Argentino Arsendi,,18.556669235229492
document_000019.html,412,419,Consoli,Q109860310,PER,Q3737984,Fabrizio Consoli,,18.534656524658203
document_000020.html,354,362,Turandot,Q2843864,MISC,Q207990,Turandot,,17.34803009033203
document_000020.html,369,379,Arlecchino,Q922043,MISC,Q17298,Arlecchino,,15.481715202331543
document_000022.html,42,50,Turandot,Q354748,MISC,Q207990,Turandot,,25.200380325317383
document_000022.html,166,176,Arlecchino,Q922043,MISC,Q17298,Arlecchino,,19.66366195678711
document_000024.html,107,114,Zabarro,Q468235,MISC,Q5565338,Giuseppe Bardari,,17.483728408813477
document_000024.html,217,223,Marini,Q6700083,PER,Q107226721,,,26.24784278869629
document_000024.html,226,235,Piccaluga,Q20006109,PER,Q3745296,Filippo Piccaluga,,26.715774536132812
document_000024.html,252,259,Galeffi,Q1154378,PER,Q64606974,Galeffi,,28.34073257446289
document_000025.html,87,93,Galefh,Q1154378,PER,Q1522470,Giangiacomo Guelfi,,17.956003189086914
document_000025.html,95,106,il /alsfaff,Q318455,MISC,NIL,il /alsfaff,```json {} ```,0
document_000025.html,332,342,De Hidalgo,Q465195,PER,Q432602,David Hidalgo,,18.381732940673828
document_000025.html,355,362,Hackett,Q767676,PER,Q315811,Steve Hackett,,21.90300750732422
document_000025.html,378,385,Galeffi,Q1154378,PER,Q64606974,Galeffi,,24.65132713317871
document_000025.html,399,409,De Angelis,Q2536286,PER,Q3616952,Angelo De Angelis,,23.1834774017334
document_000025.html,412,420,Azzolini,Q16268143,PER,Q17279828,Pasquale Azzolina,,23.335411071777344
document_000026.html,35,51,Maestrit Canfori,Q465540,MISC,NIL,Maestrit Canfori,no,0
document_000026.html,213,222,Wildbrunn,Q89504,PER,Q18619575,,,15.591023445129395
document_000026.html,227,233,Galefi,Q1154378,PER,Q64606974,Galeffi,,22.83285903930664
document_000026.html,239,249,De Angelis,Q2536286,PER,Q3616952,Angelo De Angelis,,21.632930755615234
document_000027.html,344,348,Rota,Q97571478,PER,Q214665,Nino Rota,,17.38121795654297
document_000027.html,350,360,Rovescalli,Q94288706,PER,Q20953836,Vincenzo Roncalli,,23.403369903564453
document_000027.html,362,371,Marchioro,NIL,PER,Q3767638,Giovanni Marchioro,,23.035663604736328
document_000027.html,373,380,Santoni,NIL,PER,Q3609313,Aldo Santoni,,18.56192398071289
document_000027.html,383,389,Grandi,NIL,PER,Q3848662,Mario Grandi,,18.899866104125977
document_000028.html,85,97,Maria Avezza,NIL,PER,Q9256562,Evija Āzace,,26.901695251464844
document_000028.html,199,216,Mafalda de Voltri,NIL,PER,Q235832,Mafalda di Savoia,,27.99152183532715
document_000028.html,245,258,Anna Gramegna,Q102075886,PER,Q97187490,Anna G.,,30.00782012939453
document_000028.html,274,292,Auna Masetti Bassi,NIL,PER,Q1675648,Ivana Massetti,,25.408933639526367
document_000028.html,294,313,Margherita Sheridan,Q6759227,PER,Q535633,Margaret Sheridan,,30.710647583007812
document_000028.html,315,326,Giulia Tess,Q63479708,PER,Q7705553,Tess,,29.69287109375
document_000028.html,328,339,Mita Vasari,NIL,PER,Q3639716,Bice Mortara Garavelli,,25.636613845825195
document_000028.html,358,372,Noretta Zonghi,NIL,PER,Q274547,Loretta Goggi,,28.48233413696289
document_000029.html,153,167,Mario Frigerio,NIL,PER,Q48814054,Maurilio Frigerio,,30.180438995361328
document_000032.html,120,125,Longo,Q1934977,PER,Q3105065,Giacomo Longo,,22.0330867767334
document_000032.html,127,134,Cantani,NIL,PER,Q1609699,Giordano Cattani,,22.82400131225586
document_000032.html,136,145,Viterbini,NIL,PER,Q108555,Giuseppe Tartini,,22.656909942626953
document_000032.html,147,157,Parmiciano,NIL,PER,Q16554311,Erminio Parmesani,,24.46994972229004
document_000032.html,160,167,Scarano,NIL,PER,Q3886148,Oronzo Mario Scarano,,23.9299373626709
document_000032.html,215,225,Olga Greco,NIL,PER,Q46992806,Olga Gori,,29.57790756225586
document_000032.html,228,238,Rina Rossi,NIL,PER,Q3941261,Rosa Rinaldi,,31.360885620117188
document_000032.html,376,393,Sonata a Kreutzer,Q1154601,MISC,Q146614,Sonata per pianoforte n. 23,,19.019210815429688
document_000032.html,546,553,Consolo,Q16189778,PER,NIL,Consolo,```json {} ```,0
document_000032.html,562,576,Tina Filipponi,NIL,PER,Q1247460,Titina De Filippo,,29.097789764404297
document_000033.html,165,172,Riboldi,NIL,PER,Q20954174,Maria Riboldi,,21.356130599975586
document_000033.html,177,189,Notargiacomo,NIL,PER,Q55281516,Gianfranco Notargiacomo,,17.51154899597168
document_000033.html,191,201,1’Agozzino,NIL,PER,Q16268725,Agostino Saccozzi,,19.205020904541016
document_000033.html,215,224,Minghetti,NIL,PER,Q16062954,Angelo Minghetti,,32.43608093261719
document_000033.html,258,270,dall’America,Q828,LOC,Q30,Stati Uniti d'America,"```json { ""wikipedia_page"": ""Stati Uniti d'America"", ""wikidata_id"": ""Q30"" } ```",10.442381858825684
document_000033.html,334,343,Polveroni,NIL,PER,Q4016124,Volfango Polverelli,,21.67068099975586
document_000035.html,92,99,Ranuzzi,Q1442098,PER,Q3559951,Vincenzo Ranuzzi,,26.3033390045166
document_000035.html,233,238,Rella,NIL,PER,Q110817693,Salvatore Riela,,19.109182357788086
document_000035.html,245,252,Sistina,Q1236085,ORG,Q2943,cappella Sistina,,18.54104232788086
document_000035.html,259,264,Boezi,Q29646877,PER,Q64031565,Francesco Vegezzi Bossi,,24.231990814208984
document_000038.html,96,100,Roma,NIL,LOC,Q220,Roma,,23.95549964904785
document_000038.html,210,218,Augusteo,Q3616668,LOC,Q1590891,Casa di Augusto,,15.649375915527344
document_000038.html,229,237,Costanzi,Q1050350,LOC,Q3695655,Costanzo Costantini,"```json { ""wikipedia_page"": ""Costanzo Costantini"", ""wikidata_id"": ""Q3695655"" } ```",13.8018159866333
document_000039.html,159,176,Aristide Sartorio,Q1062517,PER,Q26220764,Arnoldo Sartorio,,28.657928466796875
document_000041.html,415,433,Teatro dei Piccoli,NIL,LOC,Q3982093,Teatro Piccolo,,28.15589714050293
document_000041.html,510,520,Ciottolino,NIL,MISC,Q4516121,Cipollino,,18.628292083740234
document_000042.html,33,41,Molinari,Q2619703,PER,Q16559067,Giampiero Molinari,,20.298398971557617
document_000043.html,168,175,Mantica,NIL,PER,Q2835617,Alfredo Mantica,,22.98163414001465
document_000044.html,354,361,Mantica,NIL,PER,Q2835617,Alfredo Mantica,,19.85540771484375
document_000044.html,430,440,l’Augusteo,Q3616668,LOC,Q3516747,Teatro Augusteo,"```json { ""wikipedia_page"": ""Teatro Augusteo"", ""wikidata_id"": ""Q3516747"" } ```",13.213252067565918
document_000045.html,34,42,Molinari,Q2619703,PER,Q18397250,Giulio Molinari,,21.486572265625
document_000045.html,451,458,Mantica,NIL,PER,Q2835617,Alfredo Mantica,,18.856924057006836
document_000046.html,41,57,Alberto Veggetti,NIL,PER,Q16232849,Alberto Pelagotti,,31.314931869506836
document_000046.html,68,83,Riccardo Scozzi,NIL,PER,Q3934619,Riccardo Secchi,,34.81404495239258
document_000046.html,92,105,Carlo Luperti,NIL,PER,Q3680110,Claudio Luperto,,33.43728256225586
document_000046.html,120,139,Marsilio Ceccarelli,Q102289005,PER,Q8273134,Marcello Ceccarelli,,33.89754867553711
document_000046.html,149,164,Gino Barabaschi,NIL,PER,Q65036962,Yari Bernasconi,,34.11513900756836
document_000047.html,32,41,Ida Ricci,NIL,PER,Q50805221,Ida Brunelli Lenti,,35.6078987121582
document_000047.html,56,72,Giuditta Sartori,NIL,PER,Q18455944,Egida Giordani Sartori,,36.553436279296875
document_000048.html,44,60,Sonata in Za mix,Q3073254,MISC,Q11331284,,,30.993305206298828
document_000049.html,105,110,Ricci,NIL,PER,Q17582684,Angela Ricci Lucchi,,17.23401641845703
document_000049.html,121,128,Sartori,NIL,PER,Q28357738,Giacomo Sartori,,19.85422706604004
document_000050.html,106,132,Societa Amici della Musica,NIL,ORG,Q1655249,I Musici,,25.417236328125
document_000050.html,144,158,Eugenio Albini,Q124499318,PER,Q3734278,Eugenio Alberi,,32.67528533935547
document_000050.html,176,188,Augusta Coen,NIL,PER,Q21030405,Costanza Coen,,31.730207443237305
document_000050.html,227,247,Giornale della donna,Q3794191,ORG,Q61711801,Giornale delle donne,,28.5606746673584
document_000051.html,0,29,Nell’oratorio di San Marcello,Q1165020,LOC,Q972881,chiesa di San Marcello al Corso,,19.113037109375
document_000051.html,92,99,Zuccari,NIL,PER,Q125948,Zucchero Fornaciari,,18.910018920898438
document_000051.html,121,135,Cardenio Botti,Q100077371,PER,Q5527606,Gaudenzio Botti,,33.07638931274414
document_000051.html,153,163,l’Alaleona,Q2262438,MISC,NIL,l’Alaleona,no,0
document_000051.html,247,265,Casa degli Artisti,Q3661195,LOC,Q3981902,teatro Alessandro Bonci,,20.83051300048828
document_000052.html,2,7,Botti,Q100077371,PER,Q1465407,Giovanni Botti,,20.85201644897461
document_000052.html,576,581,Botti,Q100077371,PER,Q24718757,Matteo Botti,,18.003177642822266
document_000052.html,141,155,Libuje Bohmova,NIL,PER,Q6707586,Lidia Bongiovanni,,31.471019744873047
document_000052.html,184,200,Amelia Catenacci,NIL,PER,Q16525848,Amelia Sarteschi Calani Carletti,,40.048065185546875
document_000052.html,400,411,Guido Guida,NIL,PER,Q18223603,Guido Maria Guida,,37.24453353881836
document_000052.html,467,484,Vergine Benedetta,Q345,PER,Q106087742,Benedetta di Assisi,,22.343364715576172
document_000052.html,733,749,Elena D’Ambrosio,NIL,PER,Q1346083,Enzo D'Ambrosio,,25.551088333129883
document_000052.html,854,865,La felicita,NIL,MISC,Q3129653,Felicidade,,18.946626663208008
document_000053.html,9,19,D’Ambrosio,NIL,PER,Q176149,Domenico Umberto D'Ambrosio,,17.14455795288086
document_000053.html,57,62,Bozza,Q918509,PER,Q4013117,Vincenzo Bonazza,,18.573204040527344
document_000053.html,325,330,Bozza,Q918509,PER,Q21207360,Gino Bozza,,22.306659698486328
document_000053.html,237,254,Dario Vayra Gallo,NIL,PER,Q3702681,Dario Villa,,30.63455581665039
document_000053.html,243,248,Vayra,NIL,PER,Q4007813,Valeria Vaiano,,22.632110595703125
document_000053.html,333,338,Vayra,NIL,PER,Q3620287,Antonio Vaira,,20.201505661010742
document_000053.html,404,418,Cardenio Botti,Q100077371,PER,Q5527606,Gaudenzio Botti,,28.132427215576172
document_000054.html,12,28,Maria Capoccetti,NIL,PER,Q109235889,Maria Coselli,,32.3331298828125
document_000054.html,210,215,Baton,Q715900,PER,Q159998,fagotto,,17.15216636657715
document_000054.html,257,274,Emanuele Riadnoff,NIL,PER,Q3932588,Renato Adinolfi,,28.850622177124023
document_000055.html,163,176,Sala Nazareno,NIL,LOC,Q3945233,Sala Paradiso,,19.620851516723633
document_000057.html,75,91,Marcia trionfale,NIL,MISC,Q17045570,,,16.2038631439209
document_000057.html,111,120,Cleopatra,NIL,MISC,Q635,Cleopatra,,21.849864959716797
document_000058.html,36,47,Ada La Face,NIL,PER,Q96234420,Ada Del Vecchio Guelfi,,32.268699645996094
document_000059.html,228,247,Don Filippo Caetani,NIL,PER,Q55226187,Filippo Caetani,,18.302059173583984
document_000059.html,261,266,Peano,Q58905,LOC,Q3651560,Camillo Peano,,16.472328186035156
document_000059.html,284,295,Donna Elena,NIL,PER,Q269904,Elena Ducas,,15.655143737792969
document_000059.html,309,315,Albani,Q2605448,ORG,NIL,Albani,```json {} ```,0
document_000059.html,364,379,Giunone placata,NIL,MISC,Q3901898,Piana,,16.99653434753418
document_000060.html,59,64,Pangi,Q90,LOC,NIL,Pangi,no,0
document_000061.html,37,44,Borroni,Q600955,PER,Q3742114,Felice Borroni,,23.134180068969727
document_000062.html,44,49,Monti,Q723643,PER,Q342543,Vittorio Monti,,20.09406280517578
document_000062.html,54,63,Laroberti,NIL,PER,Q172599,Giacomo Leopardi,,22.035808563232422
document_000062.html,68,78,Compagnoni,NIL,PER,Q3770345,Giuseppe Compagnoni,,24.52332305908203
document_000062.html,84,94,Policastro,NIL,PER,Q63291536,Girolamo Polcastro,,20.75926971435547
document_000062.html,244,252,Callizoe,NIL,MISC,Q5022753,Calliroe,,22.50124168395996
document_000062.html,311,327,Naso in pericolo,NIL,MISC,Q3793997,Il fischio al naso,,18.17597770690918
document_000062.html,381,415,supplemento ai vocabolari italiani,NIL,MISC,Q3756096,GI Vocabolario Greco-Italiano,,20.024511337280273
document_000063.html,2,12,Pitagorici,NIL,MISC,Q191359,scuola pitagorica,,20.33421516418457
document_000063.html,32,43,Pittagorici,NIL,MISC,Q10261,Pitagora,"```json { ""wikipedia_page"": ""Pitagora"", ""wikidata_id"": ""Q10261"" } ```",14.015694618225098
document_000064.html,3,10,Florimo,Q252228,PER,Q3746776,Florio,,23.178173065185547
document_000064.html,33,61,La Scuola Musicale ai Napoli,NIL,MISC,Q55832375,La scuola di ballo,,23.01567840576172
document_000064.html,182,192,Pitagorici,NIL,MISC,Q191359,scuola pitagorica,,16.29485511779785
document_000066.html,94,104,Stratonica,NIL,MISC,Q1093232,stornello,,19.116525650024414
document_000066.html,174,182,Lamberti,Q22287284,PER,Q1801433,Lamberto Lambertini,,23.4578800201416
document_000066.html,503,509,Gianni,Q1441051,PER,NIL,Gianni,no,0
document_000067.html,72,77,Rocca,Q3817438,PER,NIL,Rocca,no,0
document_000067.html,252,260,Augusteo,Q3616668,LOC,Q3516747,Teatro Augusteo,,16.152835845947266
document_000067.html,285,323,Mostra italiana del novecento musicale,NIL,MISC,Q3866168,Mostra Internazionale di Musica Leggera,,24.087160110473633
document_000068.html,176,197,R. Conserv.di Palermo,Q3687235,ORG,Q959683,chiesa di San Roberto Bellarmino,,20.422626495361328
document_000068.html,236,258,Vito Trasselli Varvaro,NIL,PER,Q4015081,Vito Ievolella,,28.62081527709961
document_000069.html,208,215,Vestale,Q3820083,MISC,Q63065333,,,18.43284034729004
document_000069.html,233,251,Teatro di Altamutr,Q46498333,LOC,Q261439,teatro Massimo Vittorio Emanuele,,20.056217193603516
document_000070.html,70,77,Carelli,Q5372752,PER,Q164475,Arcangelo Corelli,,23.310466766357422
document_000070.html,206,213,Lorenza,NIL,MISC,Q3836844,Lorenza,,22.32040786743164
document_000070.html,217,227,Mascheroni,Q3719624,PER,Q3950709,Sassolo Mascheroni,,27.423189163208008
document_000070.html,255,263,Giordano,Q294826,PER,Q6170276,Yordano,,20.264724731445312
document_000071.html,46,56,Margherita,NIL,PER,Q3846976,Margherita de' Ghisolieri,,16.227920532226562
document_000071.html,76,85,Desdemona,NIL,PER,Q3272719,Desdemona,,27.328922271728516
document_000071.html,86,98,nell’Ovtedlo,Q172324,MISC,Q26833,Otello,,18.296186447143555
document_000071.html,147,153,Gloria,Q3772420,MISC,NIL,Gloria,```json {} ```,0
document_000072.html,4,27,Giovane Lirica Italiana,NIL,ORG,Q24932874,Nazionale juniores di ginnastica artistica femminile dell'Italia,,21.833393096923828
document_000072.html,106,120,Vicolo Morgana,NIL,LOC,Q29383798,Ambra Morgan,,21.884811401367188
document_000072.html,139,149,via Tnbuna,NIL,LOC,Q4010786,via de' Tornabuoni,,22.66506004333496
document_000073.html,14,21,Rizzoli,NIL,PER,Q524680,Anna Maria Rizzoli,,17.80649185180664
document_000073.html,162,173,Swor Teresa,NIL,MISC,Q425837,Maria Stuart,,16.308780670166016
document_000073.html,177,199,Teatro Santa Radegonda,NIL,LOC,Q3982143,Teatro Ventaglio Smeraldo,,26.44380760192871
document_000073.html,216,235,Compagnia Barracani,NIL,ORG,Q22683520,Barracco,,23.921480178833008
document_000074.html,74,91,Ingenua di Parigi,NIL,MISC,Q117482,Ingenua,,19.77163314819336
document_000074.html,98,115,Fuoco al Convento,NIL,MISC,Q56313957,,,20.69595718383789
document_000074.html,123,146,Signora di Saint Tropez,NIL,MISC,Q2641456,Sophie de Condorcet,,21.375946044921875
document_000074.html,154,160,Teresa,NIL,MISC,Q56325490,,,19.859262466430664
document_000074.html,186,206,Biricchino di Parigi,NIL,MISC,Q3228278,,,18.31659698486328
document_000075.html,6,25,compagnia Barracani,NIL,ORG,Q22683520,Barracco,,19.7821102142334
document_000075.html,29,36,Rizzoli,NIL,PER,Q524680,Anna Maria Rizzoli,,22.795677185058594
document_000075.html,59,66,Arcelli,NIL,PER,Q24578756,Enrico Arcelli,,18.30902671813965
document_000075.html,165,172,Cazzola,Q3680481,PER,Q3893541,Paola Cazzola,,24.637128829956055
document_000076.html,90,97,Cazzola,Q3680481,PER,Q3893541,Paola Cazzola,,23.234289169311523
document_000077.html,87,93,Romani,NIL,PER,Q63025648,Romana Rompato,"```json { ""wikipedia_page"": ""Romana Rompato"", ""wikidata_id"": ""Q63025648"" } ```",12.844789505004883
document_000077.html,167,174,RizZoli,NIL,PER,Q524680,Anna Maria Rizzoli,,22.666868209838867
document_000078.html,8,25,Angelo Bartelloni,Q102284384,PER,Q39146148,Angelo Bertini,,34.60322189331055
document_000078.html,206,226,La forza del Violino,NIL,MISC,Q6455897,,,21.0704402923584
document_000079.html,61,66,Patti,Q234166,PER,NIL,Patti,```json {} ```,0
document_000079.html,108,118,Frezzolini,Q451231,PER,Q1381618,Giuseppe Frezzolini,,15.84151840209961
document_000080.html,93,100,La Maio,NIL,PER,Q17562201,Luigi de Maio,,28.885557174682617
document_000080.html,112,124,Mariano Neri,NIL,PER,Q1112761,Maino Neri,,38.0279426574707
document_000080.html,140,145,Proni,NIL,PER,Q64528069,Giovanni Proni,,23.94422721862793
document_000081.html,123,130,Bellini,NIL,PER,Q170209,Vincenzo Bellini,,25.680654525756836
document_000081.html,166,175,Gaggiotti,NIL,PER,Q3734358,Eugenio Gaggiotti,,26.82680892944336
document_000081.html,184,202,ValentiniCristiani,NIL,PER,Q96471898,Konstantin Valentini,,23.548587799072266
document_000081.html,221,225,Buti,Q962487,PER,Q1083111,Ludovico Buti,,25.193876266479492
document_000082.html,59,64,Nigra,Q962574,PER,Q3107290,Giovanni Nigra,,15.865330696105957
document_000082.html,94,125,Societa italiana di beneficenza,NIL,ORG,Q17576059,,,19.03753662109375
document_000083.html,128,140,Enrico Topai,NIL,PER,Q3725969,Enrico Papi,,29.202665328979492
document_000083.html,260,266,Fagott,NIL,PER,Q159998,fagotto,,20.222261428833008
document_000083.html,287,294,Favoria,Q467394,MISC,NIL,Favoria,```json {} ```,0
document_000084.html,96,104,Pedrotti,Q766389,PER,Q13472776,Lorenzo Pedrotti,,22.15550994873047
document_000084.html,211,225,PozziBranzanti,Q26196588,PER,Q3944725,Sadici piangenti,,20.50383758544922
document_000084.html,237,244,Minetti,NIL,PER,Q153619,Mario Minniti,,22.554372787475586
document_000084.html,248,257,Dal Negro,NIL,PER,Q2215682,Salvatore Dal Negro,,21.1573429107666
document_000084.html,264,271,Borella,NIL,PER,Q28374077,Paolo Borella,,19.466279983520508
document_000085.html,3,8,Pozzi,Q26196588,PER,Q93226477,Patrizia Pozzi,,20.535255432128906
document_000085.html,136,141,Pozzi,Q26196588,PER,Q93226477,Patrizia Pozzi,,19.83078384399414
document_000085.html,165,172,Minetti,NIL,PER,Q153619,Mario Minniti,,25.644145965576172
document_000085.html,223,230,Steller,Q102288831,PER,Q16610337,Stefano Sanderra,,20.38067054748535
document_000085.html,232,238,Figaro,NIL,PER,Q2368973,Figaro,,18.379648208618164
document_000085.html,264,271,Borella,NIL,PER,Q28374077,Paolo Borella,,21.589889526367188
document_000085.html,274,281,Laterza,NIL,PER,Q16658021,Luigi Laterza,,19.795785903930664
document_000086.html,22,30,Squarcia,Q102279050,PER,Q3875897,Niccolò Squarcina,,17.22739028930664
document_000086.html,177,185,Squarcia,Q102279050,PER,NIL,Squarcia,```json {} ```,0
document_000086.html,117,139,il Barbiere di Sivigha,Q208659,MISC,Q632743,Il barbiere di Siviglia,"```json { ""wikipedia_page"": ""Il barbiere di Siviglia"", ""wikidata_id"": ""Q632743"" } ```",12.342535018920898
document_000087.html,128,140,Enrico Topai,NIL,PER,Q3725969,Enrico Papi,,28.820470809936523
document_000087.html,260,266,Fagott,NIL,PER,Q159998,fagotto,,20.118799209594727
document_000087.html,287,294,Favoria,Q467394,MISC,NIL,Favoria,```json {} ```,0
document_000087.html,379,387,Fioretti,Q22964559,PER,NIL,Fioretti,```json {} ```,0
document_000088.html,98,106,Pedrotti,Q766389,PER,Q13472776,Lorenzo Pedrotti,,22.283132553100586
document_000088.html,239,246,Minetti,NIL,PER,Q153619,Mario Minniti,,22.3140926361084
document_000089.html,394,399,Guidi,NIL,PER,Q4002811,Ugo Guidi,,15.658514022827148
document_000089.html,166,175,Gazzaniga,Q1764831,PER,Q101130,Gazzaniga,,22.375102996826172
document_000089.html,235,243,Anastasi,NIL,PER,Q17306893,Sunny Anastasi,,16.1907901763916
document_000090.html,0,4,Grau,Q55720644,PER,NIL,Grau,```json {} ```,0
document_000090.html,293,302,Gazzaniga,Q1764831,PER,NIL,Gazzaniga,```json {} ```,0
document_000091.html,70,86,Aristide Gandrey,Q108614921,PER,Q1393375,Alexandre Hardy,,32.787071228027344
document_000091.html,124,140,Figaro di Parigi,Q216047,ORG,Q2368973,Figaro,,22.780899047851562
document_000091.html,292,301,Zanardini,Q3617278,PER,Q1959114,Giovanni Zanardini,,27.131601333618164
document_000093.html,3,18,teatro Brunetti,Q3516753,LOC,Q523565,Teatro San Benedetto,,21.256908416748047
document_000093.html,130,137,Emanuel,Q3767166,PER,Q3778904,Guglielmo Emanuel,,17.917682647705078
document_000093.html,179,185,Odette,NIL,MISC,Q30158614,,,18.178237915039062
document_000093.html,335,349,Stella Bonheur,Q102075957,PER,Q7607041,Stella Bonheur,,36.424415588378906
document_000096.html,0,8,Nouvelli,Q20006145,PER,Q10721,Henri Nouvel,,19.55856704711914
document_000096.html,194,202,Nouvelli,Q20006145,PER,Q61111083,Nublu,,20.63941764831543
document_000096.html,360,370,Telramondo,Q55011259,PER,NIL,Telramondo,no,0
document_000097.html,300,310,John Urich,NIL,PER,Q3333082,John Woolrich,,19.299991607666016
document_000098.html,126,136,Mancinelli,Q2754918,PER,Q15223349,Agostino Mancinelli,,23.967884063720703
document_000098.html,219,224,Urich,NIL,PER,Q253090,Robert Urich,,18.145580291748047
document_000099.html,80,98,Diario de Noticias,Q508252,ORG,Q3727782,Diario de Noticias,,22.451974868774414
document_000099.html,276,281,Dotti,Q101499677,PER,Q18610120,Vittorio Dotti,,15.709898948669434
document_000100.html,10,20,Balzofiore,NIL,PER,Q18602234,Salvatore Bellafiore,,21.440500259399414
document_000100.html,141,151,Balzofiore,NIL,PER,Q3838016,Luca Balsofiore,,21.700172424316406
document_000100.html,86,111,Nuova Provincia di Molise,NIL,ORG,Q1443,Molise,,22.343387603759766
document_000102.html,3,17,teatro Rossini,NIL,LOC,Q3982122,Teatro Rossini,,25.08812713623047
document_000102.html,290,301,Catalanotti,NIL,PER,Q3663228,Catalano dei Malavolti,,20.41814422607422
document_000104.html,17,24,Guarany,Q2735143,MISC,Q123228,Guarneri,,22.237335205078125
document_000104.html,136,144,Ugonottt,Q466848,MISC,NIL,Ugonottt,```json {} ```,0
document_000104.html,147,155,Africana,Q784719,MISC,NIL,Africana,```json {} ```,0
document_000104.html,157,162,Ebrea,Q339043,MISC,NIL,Ebrea,no,0
document_000105.html,61,65,casa,Q102286821,MISC,Q2085381,casa editrice,,20.424692153930664
document_000105.html,105,120,Adriano Colonna,NIL,PER,Q60839020,Andrea Colonna di Stigliano,,17.11811065673828
document_000105.html,188,203,teatro Brunetti,Q3516753,LOC,Q523565,Teatro San Benedetto,,20.419044494628906
document_000105.html,315,322,Emanuel,Q3767166,PER,Q4926740,Emanuel,,19.653352737426758
document_000105.html,364,370,Odette,NIL,MISC,Q30158614,,,17.94377326965332
document_000106.html,161,167,Borghi,Q3732024,PER,Q99935,Borghi,,20.63540267944336
document_000107.html,70,86,Giovanni Sirauss,Q83309,PER,Q105489763,Gianni Siragusa,,25.790700912475586
document_000107.html,210,215,Muzio,Q2061224,PER,Q2911126,Giovanni Muzio,,18.74025535583496
document_000108.html,66,75,Politeama,Q3907408,LOC,Q1478356,teatro Politeama Garibaldi,,16.99359703063965
document_000108.html,115,124,Lablanche,NIL,PER,Q477681,Luigi Lablache,,15.754586219787598
document_000108.html,126,134,Delibers,Q98716472,PER,Q207951,Léo Delibes,"```json { ""wikipedia_page"": ""Léo Delibes"", ""wikidata_id"": ""Q207951"" } ```",14.764601707458496
document_000108.html,137,147,Vaniaiecni,NIL,PER,Q21094788,,,15.643218040466309
document_000108.html,200,207,Fornari,NIL,PER,Q3743010,Ferrante Fornari,,16.38572120666504
document_000108.html,255,262,Gerster,Q450600,PER,Q896918,Ottmar Gerster,,18.194242477416992
document_000109.html,2,16,teatro Rossini,Q523565,LOC,Q3982122,Teatro Rossini,,24.10486602783203
document_000109.html,118,129,Marescalchi,Q30416690,PER,Q96937479,Enrico Marescalchi,,26.050352096557617
document_000109.html,177,188,Marescalchi,Q30416690,PER,Q96937479,Enrico Marescalchi,,23.82964515686035
document_000109.html,236,241,Gilda,NIL,PER,Q3824293,Gilda Dalla Rizza,,17.90403175354004
document_000110.html,2,18,teatro Bellecour,Q4221,LOC,Q47001788,,,23.853824615478516
document_000110.html,70,84,Carolina Ferni,Q3534139,PER,Q106631062,Gianluca Cerrina Feroni,,25.441242218017578
document_000110.html,86,94,Violetti,NIL,PER,Q1767450,Violette,,20.29599952697754
document_000110.html,170,175,Blasi,Q112161628,PER,Q64840870,Angelo Blasi,,22.014711380004883
document_000110.html,181,191,San Pietro,Q18505526,LOC,Q3947817,San Pietro in Campiano,,21.112550735473633
document_000110.html,195,202,Lavagna,Q48111,LOC,Q266794,Lavagna,,27.037704467773438
document_000110.html,246,262,Vittorio Salmasi,NIL,PER,Q4015523,Vittorio Salmini,,28.14560317993164
document_000111.html,0,8,Patrasso,Q133123,LOC,NIL,Patrasso,```json {} ```,0
document_000111.html,112,119,Magotti,NIL,PER,Q3848751,Mario Magotti,,21.542442321777344
document_000111.html,212,228,Carolina Caselli,NIL,PER,Q2963235,Chiara Caselli,,30.511842727661133
document_000111.html,232,243,Emma Savini,NIL,PER,Q15452068,Emma Vely,,27.68062973022461
document_000111.html,259,278,Margherita Fosohini,NIL,PER,Q3836847,Lorenza Foschini,,31.127241134643555
document_000111.html,287,301,Luigi Ranfagni,NIL,PER,Q3839765,Luigi Lanfranconi,,32.349456787109375
document_000111.html,305,318,Ettore Marchi,NIL,PER,Q3733963,Ettore Marchi,,40.61361312866211
document_000111.html,329,343,Enrico Massini,NIL,PER,Q1034147,Erich Massini,,35.537078857421875
document_000111.html,352,365,Luigi Bergami,NIL,PER,Q3838035,Luca Bergamini,,30.467819213867188
document_000111.html,386,401,Nazzareno Marsi,NIL,PER,Q17124891,Nazzareno Marconi,,29.499160766601562
document_000112.html,122,135,Augusta Fiano,NIL,PER,Q726625,Alessia Fabiani,,31.448566436767578
document_000112.html,147,164,Enrico Battistini,NIL,PER,Q110787911,Guerriero Battistini,,34.635765075683594
document_000112.html,180,190,Gnaccarini,NIL,PER,Q52154685,Filippo Gnaccarini,,28.759729385375977
document_000113.html,19,36,Musique Populaire,NIL,ORG,Q373342,musica popolare,,23.264949798583984
document_000113.html,190,195,Iacob,NIL,PER,Q3302599,Maxime Jacob,,15.908846855163574
document_000113.html,301,305,Rene,NIL,PER,Q1343035,,,16.271038055419922
document_000113.html,317,327,La Mitidja,NIL,MISC,Q6711892,,,16.505935668945312
document_000114.html,221,236,Pietro Lombardi,NIL,PER,Q16590265,Piero Lombardi,,36.608280181884766
document_000115.html,131,147,Francesco Manini,NIL,PER,Q21664072,Francesco Masini,,30.039663314819336
document_000115.html,158,168,Via Durini,NIL,LOC,Q25841630,Palazzo Durini,,23.43606185913086
document_000115.html,187,224,Calendario Universale per le famiglie,NIL,MISC,Q4209275,,,19.637170791625977
document_000116.html,46,54,Ruy Blas,Q3453685,MISC,Q3085278,Ruy Blas,,19.347200393676758
document_000116.html,65,76,Cappelletti,NIL,PER,Q15984015,Umberto Cappelletti,,28.39778709411621
document_000116.html,135,140,Lucia,Q244209,MISC,NIL,Lucia,```json {} ```,0
document_000117.html,3,18,Musica Popolare,NIL,ORG,Q3883884,Opera popolare,,22.622644424438477
document_000117.html,58,66,Sonzogno,Q534354,PER,Q3964929,Sonzogno,,25.238630294799805
document_000117.html,140,154,Cecilia Ritter,Q104517733,PER,Q1133473,Cornelie Richter,,30.314727783203125
document_000117.html,187,193,Ofello,Q925332,MISC,Q724008,L'Orfeo,,18.02886199951172
document_000117.html,285,294,Cunimings,NIL,PER,Q727791,Irving Cummings,,20.950214385986328
document_000117.html,318,327,Trovatore,Q203470,MISC,Q2836444,,,16.58916664123535
document_000118.html,144,155,Cappelletti,NIL,PER,Q15984015,Umberto Cappelletti,,28.584369659423828
document_000119.html,23,34,Benfratelli,NIL,PER,Q16152012,Umberto Benedetti Michelangeli,,19.787290573120117
document_000119.html,184,194,Leawington,NIL,PER,Q6536183,Lewington,,17.189346313476562
document_000119.html,206,216,Vicentelli,NIL,PER,Q56817086,Vincenzo Bendinelli,,20.384546279907227
document_000119.html,233,241,Barbieri,Q3724335,PER,Q1526228,Giovanni Maria Barbieri,,19.677709579467773
document_000120.html,56,71,Felice Zoppegni,NIL,PER,Q17102661,Giuseppe Zecchini,,28.438417434692383
document_000120.html,192,200,Ugonotti,Q466848,MISC,NIL,Ugonotti,```json {} ```,0
document_000120.html,209,217,Costanzi,Q1050350,LOC,NIL,Costanzi,```json {} ```,0
document_000121.html,26,35,Trovatore,Q203470,MISC,NIL,Trovatore,```json {} ```,0
document_000121.html,97,104,Cuttica,NIL,PER,Q106044678,Umberto Cuttica,,28.74884605407715
document_000121.html,291,298,Cuttica,NIL,PER,Q106044678,Umberto Cuttica,,22.241329193115234
document_000121.html,112,131,Rivista Settimanale,NIL,ORG,Q18288953,Rassegna settimanale,,22.300676345825195
document_000122.html,37,43,Donati,NIL,PER,Q3804138,Italia Donati,,17.395822525024414
document_000122.html,46,57,Caltagirone,NIL,PER,Q478258,Caltagirone,,19.830564498901367
document_000122.html,91,96,Saffo,Q7398751,MISC,Q17892,Saffo,"```json { ""wikipedia_page"": ""Saffo"", ""wikidata_id"": ""Q17892"" } ```",10.683260917663574
document_000122.html,176,184,Crosmond,NIL,PER,Q5134219,Clinton Rosemond,,17.977556228637695
document_000122.html,187,194,Terrigi,Q102281798,PER,Q101242904,Alterige Giorgi,,22.35846710205078
document_000122.html,232,240,Borgiani,NIL,PER,Q2265356,Orazio Borgianni,,20.86349868774414
document_000123.html,44,50,Stella,NIL,MISC,Q3498114,,,16.75472068786621
document_000123.html,51,59,d’Auteri,Q3945947,PER,Q3946022,Salvatore D'Alterio,,16.01532745361328
document_000123.html,81,87,Halery,Q313917,PER,Q5561651,,,18.534103393554688
document_000123.html,190,211,Enrichetta Leawington,NIL,PER,Q12702170,Enrichetta Di Lorenzo,,22.63089370727539
document_000123.html,271,279,Barbieri,Q3724335,PER,Q3619216,Antonio Barbieri,,27.31818199157715
document_000124.html,106,110,Arpa,NIL,ORG,Q47369,arpa,,16.321809768676758
document_000124.html,207,214,Amneris,Q50732179,PER,NIL,Amneris,```json {} ```,0
document_000124.html,288,295,Pozzoni,Q14507260,PER,Q110465273,Tarquinio Pozzoli,,20.177513122558594
document_000125.html,19,26,Bonheur,Q102075957,PER,NIL,Bonheur,```json {} ```,0
document_000125.html,238,245,Bonheur,Q102075957,PER,NIL,Bonheur,```json {} ```,0
document_000126.html,14,19,Gabbi,Q15057396,PER,Q11931365,Leonilde Gabbi,,25.799177169799805
document_000126.html,24,32,Preziosi,NIL,PER,Q6084166,Preciosilla,,19.52698516845703
document_000126.html,34,43,Petrovich,Q4229603,PER,Q82071771,,,19.934486389160156
document_000126.html,46,54,Pogliani,NIL,PER,Q64432799,Luigi Pogliani,,24.91385269165039
document_000126.html,159,164,Ferni,Q4013970,PER,Q16034964,Jacques Ferny,,23.36131477355957
document_000126.html,176,181,Engel,Q7192034,PER,Q110887648,,,20.056398391723633
document_000127.html,100,105,Faust,Q745951,MISC,Q332885,Faust,"```json { ""wikipedia_page"": ""Faust"", ""wikidata_id"": ""Q332885"" } ```",14.759410858154297
document_000127.html,73,86,Elena Boronat,NIL,PER,Q16300367,Eleonora Buratto,,20.647939682006836
document_000127.html,131,146,Pietro Lombardi,NIL,PER,Q16590265,Piero Lombardi,,35.02632141113281
document_000128.html,111,116,Ebreo,Q3202810,MISC,Q9288,ebraico,,16.686079025268555
document_000128.html,197,202,Faust,Q745951,MISC,Q29478,Faust,,19.490253448486328
document_000129.html,34,40,Russel,Q435415,PER,Q1099022,Nathalie Roussel,,19.37415313720703
document_000129.html,74,79,Lucic,Q244209,MISC,NIL,Lucic,```json {} ```,0
document_000129.html,122,128,Amleto,Q631016,MISC,Q1113779,Amleto,"```json { ""wikipedia_page"": ""Amleto"", ""wikidata_id"": ""Q1113779"" } ```",13.867048263549805
document_000129.html,143,147,Rapp,NIL,PER,Q23880678,Simone Rapp,,19.31981658935547
document_000129.html,149,155,Roveri,NIL,PER,Q111771486,Aurelie Révy,,18.087818145751953
document_000129.html,158,165,Carrion,NIL,PER,Q11905288,Ambrosi Carrion i Juan,,20.140827178955078
document_000129.html,183,197,Dolores Buireo,NIL,PER,Q94642630,,,18.03042984008789
document_000130.html,164,176,Lena Bordato,NIL,PER,Q727131,Lena Biolcati,,24.416521072387695
document_000130.html,200,209,Bertolasi,NIL,PER,Q3659070,Carlo Bertolazzi,,29.231931686401367
document_000130.html,307,323,Antonio Rossetti,NIL,PER,Q19884141,Antonio Rossetti,,43.234989166259766
document_000131.html,153,167,Antonino Cuzzo,NIL,PER,Q108752898,Antonio Cozzi,,26.344579696655273
document_000131.html,217,232,Mondo Artistico,NIL,ORG,Q21235390,Arte,,16.630640029907227
document_000132.html,68,86,Gustavo Ghivizzani,NIL,PER,Q1131281,Guido Gozzano,,35.96371841430664
document_000132.html,109,123,Irene Morpurgo,NIL,PER,Q3801898,Irene Ghergo,,25.691001892089844
document_000132.html,168,185,R. Teatro Salvini,NIL,LOC,Q3982126,Teatro Salvini,,25.290937423706055
document_000133.html,4,23,Gazzetta di Messina,NIL,ORG,Q3346455,Gazzetta di Modena,,28.634000778198242
document_000133.html,41,53,Re di Lahore,Q2456112,MISC,Q181598,Re Lear,"```json { ""wikipedia_page"": ""Re Lear"", ""wikidata_id"": ""Q181598"" } ```",10.586075782775879
document_000134.html,142,157,Musica Militare,NIL,MISC,Q6774721,musica militare,,17.745105743408203
document_000134.html,174,185,Gran Teatro,Q223942,LOC,Q555398,Grand Théâtre de Genève,,16.23581886291504
document_000134.html,206,223,Hyacinthe Bedetti,NIL,PER,Q18811793,Giambattista Bietti,,21.989797592163086
document_000134.html,226,235,Forestier,Q98647240,PER,NIL,Forestier,```json {} ```,0
document_000135.html,6,13,De Vere,Q19998212,PER,Q258379,Des'ree,,17.618358612060547
document_000135.html,34,52,Pardon de Ploermel,Q470739,MISC,Q591542,,,17.09645652770996
document_000135.html,90,98,Mireille,Q843042,MISC,Q2262935,Mireille Hartuch,"```json { ""wikipedia_page"": ""Mireille Hartuch"", ""wikidata_id"": ""Q2262935"" } ```",14.86746883392334
document_000136.html,57,73,Alsazia e Lorena,Q155144,LOC,Q1142,Alsazia,,20.54688262939453
document_000136.html,142,157,Musica Militare,NIL,MISC,Q6774721,musica militare,,17.79017448425293
document_000136.html,174,185,Gran Teatro,Q223942,LOC,Q555398,Grand Théâtre de Genève,,16.31667709350586
document_000136.html,206,223,Hyacinthe Bedetti,NIL,PER,Q18811793,Giambattista Bietti,,22.01610565185547
document_000136.html,226,235,Forestier,Q98647240,PER,NIL,Forestier,```json {} ```,0
document_000138.html,78,83,Savio,NIL,PER,Q3659840,Carlo Savio,,18.865310668945312
document_000138.html,95,102,Valenti,NIL,PER,Q27960891,Silvestro Valenti,,25.16727066040039
document_000138.html,118,125,Carnili,NIL,PER,Q22991687,Carmine Mancinelli,,20.907289505004883
document_000138.html,144,156,Duca Alfonso,Q188346,PER,Q3611233,Alfonso Principato,,15.656519889831543
document_000139.html,43,57,teatro Rossini,Q3516769,LOC,Q3982122,Teatro Rossini,,25.187915802001953
document_000139.html,138,144,Rocchi,NIL,PER,Q67214612,Rocco Ronchi,,25.02025032043457
document_000139.html,160,167,Fontana,NIL,PER,Q94573770,Giuseppe Fontana,,19.84771728515625
document_000140.html,245,256,Fra Diavolo,Q1440309,PER,Q3749192,Fra Diavolo,,21.300317764282227
document_000141.html,16,23,Gayarre,Q1366357,PER,Q478322,Giarre,,18.051372528076172
document_000142.html,32,43,Ida Ricetti,NIL,PER,Q6070177,Iris DeBrito,,25.212566375732422
document_000142.html,117,125,Mapleson,Q3932293,PER,Q193656,"Henry John Temple, III visconte Palmerston",,15.48550796508789
document_000143.html,20,40,Musigue des Familles,NIL,ORG,Q924478,Corpus mensurabilis musicae,,24.19011116027832
document_000143.html,178,184,Canier,NIL,PER,Q15967545,Samuel Canier,,21.158662796020508
document_000143.html,204,228,La madre di lord Parnell,Q75616553,PER,Q317436,Charles Stewart Parnell,"```json { ""wikipedia_page"": ""Charles Stewart Parnell"", ""wikidata_id"": ""Q317436"" } ```",12.748908996582031
document_000144.html,44,61,il signor Lorenzo,NIL,MISC,Q86670162,Lorenzo sulla Luna,,17.662221908569336
document_000144.html,201,208,Cortini,NIL,PER,Q23655842,Eleonora Cortini,,18.681337356567383
document_000144.html,223,228,Rouia,Q220,LOC,Q105920170,Roberto Lucio Rosaia,,16.529186248779297
document_000145.html,24,30,Apollo,Q3516772,LOC,Q37340,Apollo,,17.991424560546875
document_000145.html,192,198,Creola,Q109242578,MISC,NIL,Creola,```json {} ```,0
document_000145.html,205,213,Coronaro,Q17479051,PER,Q5563465,Giorgio Cornaro,,19.981548309326172
document_000146.html,14,21,Cortini,NIL,PER,Q23655842,Eleonora Cortini,,18.917226791381836
document_000146.html,91,99,Coronaro,Q17479051,PER,Q42907514,,,17.39912223815918
document_000146.html,143,150,Ortruda,Q33291883,PER,Q269691,Rotrude,"```json { ""wikipedia_page"": ""Rotrude"", ""wikidata_id"": ""Q269691"" } ```",10.322178840637207
document_000147.html,65,71,Creola,Q109242578,MISC,Q3696986,Creola,,15.592415809631348
document_000147.html,95,100,Cerne,NIL,PER,Q109627730,Argentina Cerne,,17.710927963256836
document_000147.html,112,116,Duro,NIL,PER,Q3609192,Aldo Duro,,20.01940155029297
document_000147.html,130,137,Parboni,NIL,PER,Q27712700,Leopoldo Barboni,,20.16303825378418
document_000147.html,152,158,Lovati,NIL,PER,Q3848731,Mario Lovati,,20.26808738708496
document_000148.html,3,9,Branca,Q3778880,PER,Q596854,Antonello Branca,,15.81844425201416
document_000148.html,65,82,teatro di Catania,NIL,LOC,Q1429352,Teatro Massimo Vincenzo Bellini,,23.192319869995117
document_000149.html,70,90,Stabilimento Ricordi,Q1046463,MISC,Q3709316,Dischi Ricordi,,24.99782943725586
document_000150.html,4,19,Musica Popolare,NIL,ORG,Q2707298,musica profana,,20.928804397583008
document_000150.html,58,66,Sonzogno,Q528397,MISC,Q3964929,Sonzogno,,22.544635772705078
document_000151.html,60,64,Vico,NIL,PER,Q178709,Giambattista Vico,"```json { ""wikipedia_page"": ""Giambattista Vico"", ""wikidata_id"": ""Q178709"" } ```",14.832027435302734
document_000151.html,77,83,Borghi,Q3732024,PER,Q99935,Borghi,,20.81171989440918
document_000152.html,10,31,Societa del Quartetto,NIL,ORG,Q3963794,Società del quartetto di Milano,,24.624988555908203
document_000152.html,190,201,Crescentini,Q21548176,PER,Q552124,Girolamo Crescentini,,17.685672760009766
document_000153.html,26,31,Laban,NIL,PER,Q213712,Rudolf Laban,,19.253890991210938
document_000153.html,113,120,Paolina,NIL,PER,Q47548596,Paolina Giorgi,,24.003936767578125
document_000153.html,125,131,Borghi,Q3732024,PER,Q99935,Borghi,,21.537796020507812
document_000154.html,49,56,Foscari,Q468112,MISC,Q750151,Foscari,,23.172090530395508
document_000154.html,243,250,Foscari,Q468112,MISC,Q503874,Francesco Foscari,,18.99304962158203
document_000154.html,60,66,Avoldo,NIL,ORG,Q43476,Amedeo Avogadro,,17.35480308532715
document_000154.html,79,89,Scaramella,NIL,PER,Q1783211,Scaramuccia,,16.62660789489746
document_000155.html,0,8,Martucci,Q769966,PER,NIL,Martucci,```json {} ```,0
document_000155.html,50,64,Alfredo Bajesi,NIL,PER,Q28358617,Alfredo Bigeschi,,30.40285301208496
document_000155.html,137,146,Titaieste,NIL,PER,Q3620031,Antonio Piatesi,,23.62383460998535
document_000155.html,226,232,Boghen,Q55225713,PER,NIL,Boghen,```json {} ```,0
document_000155.html,251,260,Ouverture,NIL,MISC,Q202287,ouverture,,20.21702766418457
document_000156.html,47,55,Peritant,Q470886,MISC,NIL,Peritant,no,0
document_000157.html,195,203,Cattaneo,Q16662306,PER,Q26834070,Arturo Cattaneo,,24.916807174682617
document_000157.html,218,224,Stagni,NIL,PER,Q3796312,Ilaria Stagni,,23.60629653930664
document_000158.html,80,98,Giovanni Minuzzi.e,NIL,PER,Q4295291,Giovanni Minuzzo,,28.086181640625
document_000159.html,137,155,Tristano ed Isotta,Q1324254,MISC,NIL,Tristano ed Isotta,```json {} ```,0
document_000159.html,192,200,Martucci,Q769966,PER,Q4716375,Alessandro Martucci,,21.11698341369629
document_000159.html,265,273,~ermania,Q183,LOC,NIL,~ermania,```json {} ```,0
document_000160.html,23,31,Volfrano,Q18821,PER,NIL,Volfrano,```json {} ```,0
document_000160.html,88,104,Luigi Baldassari,NIL,PER,Q1044367,Luigi Balzarini,,32.8626823425293
document_000161.html,10,23,Carlo Meluzzi,NIL,PER,Q16537051,Carlo Meluccio,,36.30214309692383
document_000161.html,26,45,Alessandro Genesini,NIL,PER,Q3610039,Alessandro Gennari,,33.11992645263672
document_000161.html,37,45,Genesini,NIL,PER,Q433838,Senesino,,26.31081199645996
document_000161.html,206,214,Genesini,NIL,PER,Q433838,Senesino,,22.042402267456055
document_000162.html,63,74,Remo Ronchi,NIL,PER,Q67214612,Rocco Ronchi,,33.965797424316406
document_000162.html,167,175,Biancani,NIL,PER,Q38330229,Ruggero Biancani,,24.021093368530273
document_000163.html,163,169,Borghi,Q3732024,PER,NIL,Borghi,```json {} ```,0
document_000165.html,44,53,Argentina,Q588377,LOC,Q414,Argentina,,16.596677780151367
document_000165.html,77,84,Gayarre,Q1366357,PER,NIL,Gayarre,```json {} ```,0
document_000165.html,87,97,Pandolfini,Q11922930,PER,Q3723070,Elio Pandolfi,"```json { ""wikipedia_page"": ""Elio Pandolfi"", ""wikidata_id"": ""Q3723070"" } ```",12.429697036743164
document_000166.html,313,319,Borgia,Q191103,PER,Q237599,Borgia,,18.312803268432617
document_000168.html,144,159,S. M. la Regina,Q135631,PER,Q9682,Elisabetta II del Regno Unito,"```json { ""wikipedia_page"": ""Elisabetta II del Regno Unito"", ""wikidata_id"": ""Q9682"" } ```",10.764772415161133
document_000168.html,291,314,marchesa di Villamarina,Q27177923,PER,NIL,marchesa di Villamarina,```json {} ```,0
document_000169.html,3,25,Ga:- ' zetta Nazionale,Q371338,ORG,NIL,Ga:- ' zetta Nazionale,no,0
document_000169.html,62,67,Carpi,NIL,PER,Q3072743,Fiorenzo Carpi,,18.881746292114258
document_000169.html,303,308,Rieva,NIL,PER,Q3960711,Silverio Riva,,17.703292846679688
document_000170.html,3,21,giornale il Limone,NIL,ORG,Q3148459,Il Giorno,,18.915836334228516
document_000170.html,101,107,Nosari,NIL,PER,Q599187,Antonino Cassarà,,23.48743438720703
document_000170.html,137,146,Garagnani,NIL,PER,Q304229,Gianluca Grignani,,26.186616897583008
document_000170.html,176,181,Durot,NIL,PER,Q3609192,Aldo Duro,,18.14081382751465
document_000170.html,197,202,Pozzi,NIL,PER,Q3767973,Giovanni Pozzi,,20.317655563354492
document_000171.html,24,32,Angeloni,NIL,PER,Q18649406,Angelino,,16.067203521728516
document_000171.html,313,322,Steinbach,Q61512819,PER,Q5371456,Emil Steinbach,,17.457012176513672
document_000172.html,10,17,Bazzani,NIL,PER,Q3839199,Lugano Bazzani,,23.78379249572754
document_000172.html,177,183,Sivori,Q3732334,PER,Q1029423,Camillo Sivori,,24.372774124145508
document_000172.html,243,247,Enzo,NIL,PER,Q1346073,Enzo,,17.753862380981445
document_000172.html,330,337,Rossato,NIL,PER,Q33083456,Riccardo Rossato,,17.393436431884766
document_000175.html,0,17,Odoardo Sottolana,Q102279709,PER,Q3880940,Odoardo Spadaro,,26.03843879699707
document_000175.html,121,138,Odoardo Sottolana,Q102279709,PER,Q3719676,Edoardo Tholosano,,31.44500160217285
document_000175.html,215,229,G. B. De Negri,Q3766640,PER,Q16531871,Bendinelli Negrone,,29.046464920043945
document_000175.html,310,324,G. B. De Negri,Q3766640,PER,Q16531871,Bendinelli Negrone,,28.78799057006836
document_000176.html,77,82,Ebrea,Q339043,MISC,NIL,Ebrea,```json {} ```,0
document_000176.html,85,92,Profeta,Q263297,MISC,NIL,Profeta,```json {} ```,0
document_000176.html,215,223,De Negri,Q3766640,PER,Q16550403,Domenico Negri,,23.781173706054688
document_000177.html,0,12,Emilia Ciuti,NIL,PER,Q16551701,Elisa Sciuto,,25.72799301147461
document_000177.html,15,27,P. Lazzarini,NIL,PER,Q3720970,El Pasador,,23.657821655273438
document_000178.html,0,18,Arturo Marescaichi,Q30416690,PER,Q3624562,Arturo Marescalchi,,32.3303108215332
document_000178.html,89,109,Arturo . Marescalchi,Q30416690,PER,Q3624562,Arturo Marescalchi,,22.683935165405273
document_000179.html,1,16,Pietro Lombardi,NIL,PER,Q16590265,Piero Lombardi,,32.0678825378418
document_000179.html,255,270,Pietro Lombardi,NIL,PER,Q16590265,Piero Lombardi,,33.93522262573242
document_000180.html,82,90,acEmpyre,Q3724821,LOC,NIL,acEmpyre,```json {} ```,0
document_000182.html,190,203,Antonio Cuzzo,NIL,PER,Q2857253,Antonio Curò,,22.98419189453125
document_000183.html,7,15,De Negri,Q3766640,PER,Q2397599,Adelchi Negri,,28.491199493408203
document_000184.html,23,32,Mendioroz,Q102286504,PER,NIL,Mendioroz,```json {} ```,0
document_000184.html,241,246,Ditta,Q1046463,MISC,Q3711877,ditta,,20.89337921142578
document_000185.html,46,54,Martucci,Q769966,PER,Q4716375,Alessandro Martucci,,15.778290748596191
document_000185.html,96,110,Alfredo Bajesi,NIL,PER,Q28358617,Alfredo Bigeschi,,30.50013542175293
document_000185.html,183,192,Titaieste,NIL,PER,Q3620031,Antonio Piatesi,,24.06126594543457
document_000185.html,272,278,Boghen,Q55225713,PER,Q887881,,,16.880950927734375
document_000186.html,0,11,Il Paganini,NIL,ORG,Q3888914,Paganino Paganini,,30.877849578857422
document_000186.html,108,113,Faust,NIL,MISC,Q29478,Faust,,21.473892211914062
document_000186.html,288,298,Margherita,NIL,PER,Q65074847,,,16.57860565185547
document_000186.html,326,336,Margherita,NIL,PER,Q135631,Margherita di Savoia,,15.506034851074219
document_000187.html,29,37,Montaldo,NIL,PER,Q3860394,Monaldo,,17.41946029663086
document_000187.html,133,142,Cardinali,Q61483965,PER,Q45722,cardinale,,19.021751403808594
document_000187.html,226,233,Liberté,NIL,ORG,Q6541479,,,19.448833465576172
document_000187.html,355,363,Ruy Blas,Q3453685,MISC,Q3085278,Ruy Blas,,21.90547752380371
document_000188.html,24,37,Ciampi Cellai,NIL,PER,Q48809690,Camilla Chiavelli,,23.244556427001953
document_000188.html,73,82,Pie Jesus,Q11499275,MISC,Q2710688,Pie Jesu,,23.348121643066406
document_000188.html,86,95,Stradella,NIL,PER,Q3659875,Carlo Stradella,,20.121131896972656
document_000188.html,136,150,Oreste Gennari,NIL,PER,Q2902470,Oreste De Fornari,,26.452613830566406
document_000188.html,177,200,teatro Principe Alfonso,Q15640791,LOC,Q6140014,,,20.849658966064453
document_000189.html,47,61,teatro di Bari,NIL,LOC,Q845517,Teatro Piccinni,,19.279937744140625
document_000189.html,85,99,Dolores Buireo,NIL,PER,Q3716136,Duilio Courir,,25.689273834228516
document_000189.html,179,195,Teatro Ilustrato,NIL,ORG,Q3148767,,,20.02440643310547
document_000189.html,332,340,Seppilli,Q21081439,PER,Q4000350,Tullio Seppilli,,27.102230072021484
document_000189.html,353,369,Lasciami in pace,NIL,MISC,Q3359421,Lascia ch'io pianga,,17.36930274963379
document_000189.html,408,421,Vittorio Pepe,Q102076094,PER,Q4013457,Vincenzo Pepe,,33.2483024597168
document_000190.html,33,39,Attila,Q211460,MISC,NIL,Attila,```json {} ```,0
document_000190.html,108,121,Maria Cantori,NIL,PER,Q3847581,Maria Venturi,,22.16823959350586
document_000190.html,214,239,S. M. la Regina di Spagna,Q538125,PER,NIL,S. M. la Regina di Spagna,```json {} ```,0
document_000191.html,11,18,Gargano,Q57239339,PER,Q763332,Gargano,,16.403282165527344
document_000191.html,19,26,Gargano,Q57239339,PER,NIL,Gargano,```json {} ```,0
document_000192.html,342,357,Francesco Pozzi,NIL,PER,Q52835988,Francesco Pozzi,,36.0850944519043
document_000193.html,35,42,Verdini,NIL,PER,Q170209,Vincenzo Bellini,,17.48268699645996
document_000193.html,197,205,Ugonotti,Q466848,MISC,NIL,Ugonotti,```json {} ```,0
document_000194.html,17,31,Oreste Gennari,NIL,PER,Q2902470,Oreste De Fornari,,25.121187210083008
document_000194.html,142,156,teatro di Bari,NIL,LOC,Q3519,Bari,,19.224485397338867
document_000194.html,180,194,Dolores Buireo,NIL,PER,Q124057,Dolores del Río,,22.906940460205078
document_000195.html,23,39,Teatro Ilustrato,NIL,ORG,Q3951792,Scena illustrata,,20.7410831451416
document_000195.html,197,213,Lasciami in pace,NIL,MISC,Q3359421,Lascia ch'io pianga,,19.647323608398438
document_000195.html,252,265,Vittorio Pepe,Q102076094,PER,Q4013457,Vincenzo Pepe,,33.46510696411133
document_000196.html,72,85,Camera Gialla,NIL,MISC,Q3651240,Camera 22,,16.361509323120117
document_000196.html,108,117,Cammarota,NIL,PER,Q28946222,Carlo Cammarota,,16.494028091430664
document_000196.html,159,174,teatro di Pavia,Q3981990,LOC,Q6259,Pavia,,19.365989685058594
document_000196.html,232,237,Agram,Q1435,LOC,NIL,Agram,```json {} ```,0
document_000197.html,16,23,Borelli,Q30077493,PER,Q15459469,Rosario Borelli,,16.277284622192383
document_000197.html,26,35,Lucignani,NIL,PER,Q1873312,Luciano Lucignani,,19.906599044799805
document_000197.html,64,72,Gioconda,Q748840,MISC,NIL,Gioconda,```json {} ```,0
document_000197.html,79,88,Rebuffini,NIL,PER,Q3821629,Raffaello Lambruschini,,16.76310920715332
document_000197.html,113,118,Nizza,Q33959,LOC,NIL,Nizza,```json {} ```,0
document_000197.html,123,132,Trovatore,Q203470,MISC,NIL,Trovatore,```json {} ```,0
document_000198.html,48,53,Zorzi,NIL,PER,Q3993130,Tonino Zorzi,,26.586278915405273
document_000198.html,72,78,Parodi,Q4345747,PER,Q3622678,Aristide Parodi,,19.69913673400879
document_000198.html,136,141,Malta,Q233,LOC,NIL,Malta,```json {} ```,0
document_000198.html,157,168,Elisa Bassi,NIL,PER,Q70587820,Alice Basso,,23.23703384399414
document_000199.html,71,79,Martucci,Q769966,PER,NIL,Martucci,```json {} ```,0
document_000199.html,189,193,Busi,Q11904863,PER,Q16062989,Luigi Busi,,18.300933837890625
document_000201.html,9,18,Schneider,Q88791594,PER,NIL,Schneider,no,0
document_000201.html,27,37,il Lamento,Q109244005,MISC,NIL,il Lamento,no,0
document_000202.html,64,69,Reger,Q57139,PER,Q1246980,Walter Reger,,18.316543579101562
document_000212.html,209,218,Guarnieri,Q1165357,PER,Q123228,Guarneri,,23.574237823486328
document_000212.html,225,231,Wendel,Q1303289,PER,Q45317,Joseph Wendel,,18.756702423095703
document_000213.html,37,52,Quinta sinfonia,Q188709,MISC,NIL,Quinta sinfonia,```json {} ```,0
document_000215.html,41,57,diterza Sinfonia,Q223538,MISC,NIL,diterza Sinfonia,```json {} ```,0
document_000216.html,108,127,sinfonia di sol min,Q231390,MISC,Q7661679,,,17.93811798095703
document_000219.html,37,45,Juventus,Q109001794,MISC,Q1422,Juventus FC,,16.902996063232422
document_000219.html,52,60,DiSabata,Q464890,PER,Q3765411,Giorgio De Sabbata,,23.34672737121582
document_000221.html,44,59,Maestri Cantori,Q465540,MISC,Q3842950,Maestro degli angeli cantori,,17.277788162231445
document_000222.html,72,78,Sorima,NIL,PER,Q982878,Sergio Sollima,,22.79320526123047
document_000222.html,84,93,Tarantini,NIL,PER,Q3768205,Giovanni Tarantini,,28.358877182006836
document_000222.html,128,132,Fano,Q3779156,PER,Q13142,Fano,,22.392431259155273
document_000222.html,134,147,dell’Agostini,Q3855836,PER,Q22583532,Augusto Agostini,,24.09284782409668
document_000222.html,195,204,Marinuzzi,Q3106818,PER,Q21587761,Antonio Marinuzzi,,27.231271743774414
document_000222.html,210,219,Guarnieri,Q1165357,PER,Q123228,Guarneri,,28.18498420715332
document_000224.html,3,17,Inno trionfale,NIL,MISC,Q3798941,Inno di Garibaldi,"```json { ""wikipedia_page"": ""Inno di Garibaldi"", ""wikidata_id"": ""Q3798941"" } ```",11.205305099487305
document_000224.html,72,87,Le sette parole,Q1219505,MISC,Q252159,Lettera VII,,25.037982940673828
document_000226.html,35,44,Opernhaus,NIL,LOC,Q153562,teatro d'opera,,28.795522689819336
document_000226.html,92,100,Turandot,Q2843864,MISC,Q207990,Turandot,,23.521175384521484
document_000228.html,234,242,Turandot,Q2843864,MISC,Q207990,Turandot,,18.516971588134766
document_000228.html,249,259,Arlecchino,Q922043,MISC,Q17298,Arlecchino,,15.962987899780273
document_000229.html,12,23,Rivista ITT,NIL,ORG,Q3639488,Bibbia TINTI,,23.302467346191406
document_000230.html,187,196,do minore,Q146793,MISC,Q309994,Do minore,,20.15168571472168
document_000235.html,44,54,Ukolebavke,Q6612905,MISC,Q10264139,Danza della Fata Confetto,,16.448280334472656
document_000235.html,61,64,Suk,Q312700,PER,Q450228,,,19.115930557250977
document_000235.html,139,144,Sesta,Q246589,MISC,Q60831007,,,26.646297454833984
document_000236.html,35,40,Novak,Q347611,PER,Q1254252,,,17.22332191467285
document_000240.html,79,87,M. Costa,Q1515576,PER,Q16575440,Manlio Costa,,23.05519676208496
document_000241.html,90,97,in Alto,Q109002192,MISC,Q30889356,In alto,,17.663026809692383
document_000241.html,102,115,G. Gallignani,Q1528339,PER,Q304229,Gianluca Grignani,,43.29280471801758
document_000242.html,37,46,M. Baroni,NIL,PER,Q1753344,Mario Baroni,,19.688018798828125
document_000242.html,109,116,Masetti,NIL,PER,Q20002565,,,20.30242919921875
document_000242.html,121,128,Zappata,NIL,PER,Q3810154,Josefa Zapata,,20.468074798583984
document_000242.html,133,142,Piccaluga,Q20006109,PER,Q3617158,Angelo Piccaluga,,22.018911361694336
document_000242.html,155,162,Dilelio,Q33119369,PER,Q3701946,Daniele Desiderio,,17.94287109375
document_000244.html,70,79,Scandiani,NIL,PER,Q3610297,Alessandro Scanziani,,18.75302505493164
document_000244.html,134,152,dell’Ente Autonomo,Q5471,LOC,NIL,dell’Ente Autonomo,```json {} ```,0
document_000247.html,76,86,De Hidalgo,Q465195,PER,Q221047,La dama di picche,,21.653820037841797
document_000247.html,99,106,Hackett,Q767676,PER,Q1367568,Albert Hackett,,19.903593063354492
document_000248.html,107,115,Catalani,Q352722,PER,Q3663228,Catalano dei Malavolti,,21.150270462036133
document_000249.html,138,146,Catalani,Q352722,PER,Q3663228,Catalano dei Malavolti,,17.91338539123535
document_000249.html,216,235,Margherita Sheridan,Q6759227,PER,Q535633,Margaret Sheridan,,29.500370025634766
document_000250.html,35,51,Maestrit Canfori,Q465540,MISC,NIL,Maestrit Canfori,```json {} ```,0
document_000250.html,213,222,Wildbrunn,Q89504,PER,Q18619575,,,15.591023445129395
document_000250.html,227,233,Galefi,Q1154378,PER,Q64606974,Galeffi,,22.83285903930664
document_000250.html,239,249,De Angelis,Q2536286,PER,Q3616952,Angelo De Angelis,,21.632930755615234
document_000251.html,150,165,Maestri Cantort,Q465540,MISC,Q2065855,Chatterton,,16.14479637145996
document_000252.html,10,14,Rota,Q97571478,PER,NIL,Rota,```json {} ```,0
document_000252.html,16,26,Rovescalli,Q94288706,PER,NIL,Rovescalli,```json {} ```,0
document_000252.html,39,46,Santoni,NIL,PER,Q3609313,Aldo Santoni,"```json { ""wikipedia_page"": ""Aldo Santoni"", ""wikidata_id"": ""Q3609313"" } ```",7.503734588623047
document_000253.html,133,147,Premio di Roma,Q3405483,MISC,Q576434,Prix de Rome,,26.150680541992188
document_000254.html,44,59,Schola cantorum,NIL,ORG,Q626703,,,23.55708122253418
document_000254.html,104,112,Cappelle,Q1236085,LOC,Q108325,cappella,,18.192346572875977
document_000255.html,48,79,Ouartetto di Violoncelli Sencse,NIL,ORG,Q60840205,I Giovani Canterini di Sant'Olcese,,20.161911010742188
document_000255.html,152,167,Arrigo Provvedi,NIL,PER,Q110914766,Arrigo Protti,,38.156951904296875
document_000256.html,6,25,Liceo di S. Cecilia,Q181410,ORG,Q3687231,Conservatorio Santa Cecilia,,18.969545364379883
document_000256.html,49,73,Conservatorio di Palermo,Q3687235,ORG,Q30263551,Conservatorio Giovanni Pierluigi da Palestrina,,30.240375518798828
document_000256.html,83,102,Marsilio Ceccarelli,Q102289005,PER,Q8273134,Marcello Ceccarelli,,33.0074577331543
document_000258.html,43,53,Olga Greco,NIL,PER,Q46992806,Olga Gori,,36.341373443603516
document_000260.html,0,15,Filippo Vinardi,Q102280116,PER,Q255311,Filippo Rinaldi,,29.082168579101562
document_000261.html,98,105,A DANTE,NIL,MISC,Q1067,Dante Alighieri,"```json { ""wikipedia_page"": ""Dante Alighieri"", ""wikidata_id"": ""Q1067"" } ```",14.777595520019531
document_000262.html,9,17,Juventus,Q109001794,MISC,Q1422,Juventus FC,,17.938034057617188
document_000262.html,21,33,A. De Sabata,Q464890,PER,Q2263712,Andrea Sabatini,,33.05303955078125
document_000262.html,37,56,Oriente immaginario,NIL,MISC,Q3792960,Il Socrate immaginario,,16.15755271911621
document_000264.html,107,115,Catalani,Q352722,PER,Q3663228,Catalano dei Malavolti,,23.029888153076172
document_000265.html,41,71,Collegio dei Cantori pontifici,Q1236085,ORG,Q1771261,pontefice,,20.87896156311035
document_000265.html,119,135,Cappella Sistina,Q1236085,ORG,Q2943,cappella Sistina,,23.153057098388672
document_000266.html,45,53,Cappella,Q1236085,ORG,Q1034857,Cappella,,15.758424758911133
document_000267.html,9,25,Cappella Sistina,Q1236085,ORG,Q2943,cappella Sistina,,24.90302085876465
document_000267.html,115,120,Rella,NIL,PER,Q110817693,Salvatore Riela,,21.837787628173828
document_000268.html,20,30,Scuola Pia,NIL,ORG,Q15056137,Scuola Pontificia Pio IX,,22.656497955322266
document_000269.html,21,28,Casella,Q337343,PER,Q1867853,Jimmy Casella,,20.994945526123047
document_000272.html,159,176,Aristide Sartorio,Q1062517,PER,Q26220764,Arnoldo Sartorio,,32.07044982910156
document_000275.html,87,95,Augusteo,Q3616668,LOC,NIL,Augusteo,```json {} ```,0
document_000277.html,33,41,Molinari,Q2619703,PER,Q20683762,Caffè Molinari,,19.606544494628906
document_000278.html,21,28,Mantica,NIL,PER,Q2835617,Alfredo Mantica,,21.75751495361328
document_000280.html,18,25,Mantica,NIL,PER,Q2835617,Alfredo Mantica,,16.679672241210938
document_000281.html,32,41,Ida Ricci,NIL,PER,Q50805221,Ida Brunelli Lenti,,35.6078987121582
document_000281.html,56,72,Giuditta Sartori,NIL,PER,Q18455944,Egida Giordani Sartori,,36.553436279296875
document_000283.html,3,8,Vayra,NIL,PER,Q80284,viola,,20.23241424560547
document_000283.html,40,68,Scuola moderna di pianoforte,NIL,ORG,Q3687222,Conservatorio Giovanni Battista Martini,,29.846471786499023
document_000283.html,80,91,V. Ravicini,NIL,PER,Q3768352,Giovanni Vicini,,34.611473083496094
document_000284.html,12,28,Maria Capoccetti,NIL,PER,Q380151,Maria Occhipinti,,38.588035583496094
document_000284.html,210,215,Baton,Q715900,PER,Q159998,fagotto,,18.085182189941406
document_000285.html,85,94,L. Refice,NIL,PER,Q2262579,Licinio Refice,,36.21808624267578
document_000285.html,163,176,Sala Nazareno,NIL,LOC,Q56686325,,,19.343578338623047
document_000286.html,6,18,Sala Smetana,Q15712623,LOC,Q6117096,,,31.72534942626953
document_000286.html,99,131,Sensifiva per canto ed orchestra,Q109242823,MISC,Q243837,Ottorino Respighi,,20.88671875
document_000288.html,13,23,Papa Ratti,Q42323,PER,Q3743809,Ferruccio Ratti,,18.72005844116211
document_000290.html,22,29,Arcadia,Q338478,ORG,Q170054,Arcadia,,18.761451721191406
document_000292.html,6,11,Monti,Q723643,PER,NIL,Monti,```json {} ```,0
document_000292.html,43,61,Matrimonio segreto,Q428319,MISC,Q3951534,Scandalo segreto,,18.05954933166504
document_000292.html,99,106,Borroni,Q600955,PER,NIL,Borroni,```json {} ```,0
document_000293.html,371,385,Gnea nel Lazio,NIL,MISC,Q386054,Enea nel Lazio,,16.978858947753906
document_000294.html,37,44,Borroni,Q600955,PER,NIL,Borroni,```json {} ```,0
document_000296.html,314,335,La Locandiera scaltra,NIL,MISC,Q1232053,La locandiera,,23.372533798217773
document_000297.html,32,45,Giorgi Belloc,Q3984271,PER,Q3776491,Gregorio Bellocco,,25.197263717651367
document_000297.html,51,61,Parlamagni,NIL,PER,Q753123,La sonnambula,,17.455490112304688
document_000299.html,71,106,La supplica di Melpomene e di Talia,NIL,MISC,Q3978074,Supplica alla Madonna di Pompei,,21.414278030395508
document_000300.html,44,49,Monti,Q723643,PER,Q315333,Luis Monti,"```json { ""wikipedia_page"": ""Luis Monti"", ""wikidata_id"": ""Q315333"" } ```",13.792656898498535
document_000300.html,54,63,Laroberti,NIL,PER,Q172599,Giacomo Leopardi,,17.29795265197754
document_000301.html,81,89,Callizoe,NIL,MISC,Q5022753,Calliroe,,24.30139923095703
document_000301.html,145,164,il Naso in pericolo,NIL,MISC,Q3854771,Mentìa l'avviso,,18.168306350708008
document_000302.html,92,119,Archivio del Reale Collegio,NIL,LOC,Q16606978,Società Reale di Napoli,,20.92978286743164
document_000303.html,3,10,Florimo,Q252228,PER,Q3746776,Florio,,21.521163940429688
document_000303.html,33,61,La Scuola Musicale ai Napoli,NIL,MISC,Q3955042,seminario dei Nobili di Napoli,,22.292150497436523
document_000303.html,180,192,i Pitagorici,NIL,MISC,Q10261,Pitagora,"```json { ""wikipedia_page"": ""Pitagora"", ""wikidata_id"": ""Q10261"" } ```",12.457442283630371
document_000304.html,192,200,d'Italia,Q38,LOC,Q271148,sovrano d'Italia,,19.356916427612305
document_000307.html,76,102,Mario Augusto Bruschettini,NIL,PER,Q63725147,Augusto Bruschettini,,31.054611206054688
document_000307.html,106,116,Alessandro,NIL,LOC,Q2832761,Alessandro Castellani,,23.25688934326172
document_000308.html,70,77,Carelli,Q5372752,PER,Q33189065,Cesarina Carletti,,28.11221694946289
document_000308.html,168,182,Colonia libera,NIL,MISC,Q22915669,Cuba Libre,,16.156278610229492
document_000308.html,206,213,Lorenza,Q109002506,MISC,Q3836844,Lorenza,,22.32040786743164
document_000308.html,217,227,Mascheroni,Q3719624,PER,Q3950709,Sassolo Mascheroni,,27.423189163208008
document_000309.html,14,21,Rizzoli,NIL,PER,Q524680,Anna Maria Rizzoli,,23.857698440551758
document_000309.html,144,155,Guglielmina,NIL,PER,Q572198,Guglielma di Milano,"```json { ""wikipedia_page"": ""Guglielma di Milano"", ""wikidata_id"": ""Q572198"" } ```",13.531496047973633
document_000309.html,162,173,Swor Teresa,NIL,MISC,Q425837,Maria Stuart,,16.308780670166016
document_000309.html,177,199,Teatro Santa Radegonda,NIL,LOC,Q3982143,Teatro Ventaglio Smeraldo,,26.44380760192871
document_000309.html,216,235,Compagnia Barracani,NIL,ORG,Q22683520,Barracco,,23.556901931762695
document_000310.html,30,37,Cazzola,Q3680481,PER,Q3893541,Paola Cazzola,,24.107471466064453
document_000312.html,11,18,Cazzola,Q3680481,PER,Q3893541,Paola Cazzola,,23.117944717407227
document_000312.html,232,239,Rizzoli,NIL,PER,Q56777493,Rizzoli Libri,,18.819223403930664
document_000314.html,0,10,la Sonnand,Q753123,MISC,NIL,la Sonnand,no,0
document_000314.html,14,29,Teatro Pagliano,Q3982191,LOC,Q3981990,teatro Fraschini,,27.96803855895996
document_000314.html,62,72,Frezzolini,Q451231,PER,Q1381618,Giuseppe Frezzolini,,27.87776756286621
document_000314.html,87,92,Sarti,NIL,PER,Q19412230,Cesare Sarti,,23.134183883666992
document_000314.html,108,116,Giannoli,NIL,PER,Q3763670,Gianni Zullo,,27.48772430419922
document_000315.html,16,21,Patti,Q234166,PER,NIL,Patti,```json {} ```,0
document_000315.html,76,86,Frezzolini,Q451231,PER,Q1381618,Giuseppe Frezzolini,"```json { ""wikipedia_page"": ""Giuseppe Frezzolini"", ""wikidata_id"": ""Q1381618"" } ```",9.626219749450684
document_000317.html,103,110,La Maio,NIL,PER,Q17562201,Luigi de Maio,,27.529470443725586
document_000317.html,122,134,Mariano Neri,NIL,PER,Q1112761,Maino Neri,,37.64167022705078
document_000317.html,150,155,Proni,NIL,PER,Q64528069,Giovanni Proni,,20.427764892578125
document_000318.html,164,171,Bellini,NIL,PER,Q170209,Vincenzo Bellini,,22.29182243347168
document_000318.html,207,216,Gaggiotti,NIL,PER,Q6760335,Margherita Galeotti,,24.675392150878906
document_000318.html,225,243,ValentiniCristiani,NIL,PER,Q96471898,Konstantin Valentini,,21.095705032348633
document_000318.html,262,266,Buti,NIL,PER,Q1083111,Ludovico Buti,,22.973329544067383
document_000319.html,10,17,Ugolini,NIL,PER,Q4002945,Ugolino Ugolini,,31.929899215698242
document_000319.html,24,30,Glauco,NIL,PER,Q385397,Glauco,,16.382396697998047
document_000319.html,45,52,Negrini,Q3659659,PER,Q15408881,Vincenzo Negrini,,25.48613929748535
document_000320.html,5,12,Pergola,Q1261970,LOC,Q264458,Pergola,,24.699920654296875
document_000320.html,50,58,Lombardi,Q468625,MISC,Q1210,Lombardia,,19.813838958740234
document_000320.html,74,80,Dunord,NIL,PER,Q275970,Eleonora Duse,,19.90302085876465
document_000320.html,120,128,Graziani,Q291007,PER,Q4121399,Francesco Graziani,,30.732831954956055
document_000321.html,72,77,Topai,NIL,PER,Q18639808,,,19.537185668945312
document_000322.html,92,114,Francesco Maria Albini,Q98636701,PER,Q3737931,Fabrizia Magnini,,40.75733947753906
document_000323.html,2,17,Teatro Comunale,Q2294135,LOC,Q752696,teatro romano di Trieste,,34.065616607666016
document_000323.html,56,65,Pallerini,NIL,PER,Q1615033,Piero Ballerini,,27.314149856567383
document_000324.html,3,10,Perelli,NIL,PER,Q1332125,Elli Pyrelli,,19.976776123046875
document_000324.html,93,107,Angelica Baldi,NIL,PER,Q23818767,Albertina Baldi,,32.996551513671875
document_000324.html,168,179,Tarabocchia,NIL,PER,Q3724721,Emmerich Tarabocchia,,20.647239685058594
document_000325.html,18,25,Massera,NIL,PER,Q23627,Masera,,17.29360580444336
document_000327.html,3,19,Teatro del Corso,Q21077427,LOC,Q30898725,Cinema Corso,,26.911779403686523
document_000327.html,34,53,Compagnia Pe.racchi,NIL,ORG,Q3903165,Piero Bernacchi,,24.3583984375
document_000327.html,93,115,Un vizio di educazione,NIL,MISC,Q3795552,Il rischio educativo,,26.7302188873291
document_000327.html,139,149,Montignani,NIL,PER,Q29788985,Piero Montagnani,,22.57543182373047
document_000330.html,23,36,Nadina Dunord,NIL,PER,Q12736370,Nadine,,30.095172882080078
document_000330.html,106,116,i Loméardi,Q468625,MISC,Q466338,I masnadieri,,19.0233154296875
document_000331.html,23,40,Teatro di Ferrara,Q321950,LOC,Q3982078,Teatro Nuovo,,34.491127014160156
document_000332.html,56,71,Giornale L’ARPA,NIL,ORG,Q1051115,il Giornale,,23.227054595947266
document_000332.html,75,92,Piazza S. Martino,NIL,LOC,Q3671020,basilica di San Martino Maggiore,,31.15913200378418
document_000332.html,94,112,Palazzo Santinelli,NIL,LOC,Q3889662,Palazzo Bianchi Bandinelli,,33.3917350769043
document_000333.html,86,96,Mancinelli,Q2754918,PER,Q15223349,Agostino Mancinelli,,22.966629028320312
document_000334.html,94,104,John Urich,NIL,PER,Q3333082,John Woolrich,,24.315929412841797
document_000335.html,9,18,Schneider,Q214659,PER,Q1267312,,,16.582857131958008
document_000335.html,27,37,il Lamento,NIL,MISC,Q3359421,Lascia ch'io pianga,,17.27597427368164
document_000336.html,109,116,Arianna,Q1880621,MISC,NIL,Arianna,```json {} ```,0
document_000337.html,0,6,Busoni,Q21955,PER,Q219551,Ferruccio Busoni,,31.28950309753418
document_000338.html,50,56,Busoni,Q21955,PER,Q219551,Ferruccio Busoni,,23.859294891357422
document_000338.html,104,110,Busoni,Q21955,PER,Q219551,Ferruccio Busoni,,22.864011764526367
document_000340.html,33,46,dell’Augusteo,Q3616668,LOC,NIL,dell’Augusteo,no,0
document_000340.html,85,93,Martucci,Q769966,PER,Q3616433,André-François Marescotti,,19.399555206298828
document_000342.html,3,9,Coates,Q2595770,PER,Q24239542,Horace Keats,,16.40932846069336
document_000343.html,63,79,fantasia indiana,Q6020282,MISC,NIL,fantasia indiana,```json {} ```,0
document_000346.html,14,19,Busom,Q219551,PER,NIL,Busom,no,0
document_000347.html,171,188,Tristano e Isofta,Q1324254,MISC,Q335367,Tristano e Isotta,,16.21550750732422
document_000348.html,172,185,Giuseppe Noto,NIL,PER,Q1121480,Giuseppe Nuoto,,34.784996032714844
document_000349.html,12,39,Congresso Haliano di Musica,NIL,MISC,Q3744030,Festival Organistico Santa Maria Nuova,,23.278900146484375
document_000350.html,0,13,Olive ffilder,NIL,PER,Q461767,Ophélie Winter,,24.234262466430664
document_000350.html,79,98,Scuola Zaira Falchi,NIL,ORG,Q3953305,Scuola di mistica fascista Sandro Italico Mussolini,,23.270023345947266
document_000351.html,207,215,A. Luise,NIL,PER,Q14886658,Antonio Luisi,,24.850093841552734
document_000352.html,97,115,Alfredo . Visconti,NIL,PER,Q954559,Alfonso Visconti,"```json { ""wikipedia_page"": ""Alfonso Visconti"", ""wikidata_id"": ""Q954559"" } ```",15.42310619354248
document_000353.html,119,132,Flazto magico,Q5064,MISC,Q148442,illusionismo,,16.882287979125977
document_000353.html,146,161,Arianna a Nasso,Q654633,MISC,NIL,Arianna a Nasso,no,0
document_000354.html,26,40,Guglielmo Tell,Q729659,MISC,Q30908,Guglielmo Tell,,21.894577026367188
document_000354.html,48,52,Aida,Q171277,MISC,Q2916884,Aída,"```json { ""wikipedia_page"": ""Aída"", ""wikidata_id"": ""Q2916884"" } ```",13.398970603942871
document_000354.html,77,86,Gtoconda/,Q748840,MISC,NIL,Gtoconda/,no,0
document_000357.html,14,32,Ratto del serragho,Q210711,MISC,Q8011703,,,22.269550323486328
document_000357.html,78,84,Marnuf,Q3332020,MISC,NIL,Marnuf,no,0
document_000357.html,88,94,Rabaud,Q503861,PER,NIL,Rabaud,```json {} ```,0
document_000358.html,151,166,Maestri Cantort,Q465540,MISC,Q207410,Così fan tutte,,15.737563133239746
document_000358.html,196,208,Debora Jacle,Q5320172,MISC,NIL,Debora Jacle,```json {} ```,0
document_000360.html,18,70,Commissione Nazionale permanente per l’Arte Musicale,NIL,ORG,Q85861195,"Consiglio nazionale degli architetti, pianificatori, paesaggisti, conservatori",,26.776512145996094
document_000360.html,369,377,Augusteo,Q3616668,LOC,Q3516747,Teatro Augusteo,,21.595014572143555
document_000361.html,21,33,Nicola Utilo,NIL,PER,Q21207709,Giovanni Antonio da Lucoli,,20.408735275268555
document_000361.html,170,179,Stoccolma,Q1754,LOC,Q757225,Cospicua,,15.543435096740723
document_000362.html,5,31,Secteta Amtct della Musica,NIL,ORG,Q3726182,Ensemble Scintille di Musica,,16.432600021362305
document_000362.html,37,58,Florestano Rossomandi,Q20000564,PER,Q60836773,,,33.586036682128906
document_000362.html,73,84,De Robertis,Q3770444,PER,Q3938751,Roberto De Robertis,,21.83470344543457
document_000362.html,111,121,G. A. Fano,Q3779156,PER,Q21542862,Giorgio Fano,,35.328102111816406
document_000362.html,149,162,Franco Tufaro,NIL,PER,Q3751619,Franco Tagliafierro,,29.078655242919922
document_000362.html,260,268,Olivieri,Q447545,PER,Q3680161,Claudio Olivieri,,23.147136688232422
document_000363.html,2,21,Politeama di Napoli,NIL,LOC,Q3907408,Politeama Genovese,,23.979419708251953
document_000364.html,16,38,Quartetti di Beethoven,NIL,MISC,Q2368340,Quartetto Beethoven,,27.085304260253906
document_000364.html,115,124,Bufaletti,NIL,PER,Q3852541,Maurizio Bufalini,,23.659297943115234
document_000364.html,129,135,Serato,Q4416580,PER,Q4416581,Francesco Serato,,19.264860153198242
document_000364.html,162,169,M. Vico,NIL,PER,Q16629116,Vittorio Maria Vanzo,,22.21733856201172
document_000364.html,202,217,Virgilio Ubrico,NIL,PER,Q27924402,Ulderico Fabbri,,28.82009506225586
document_000364.html,259,275,Marietta Amstadt,Q63486305,PER,Q1897406,Marie Leonhardt,,26.202077865600586
document_000368.html,149,166,Socteta Cectliana,Q1149943,ORG,Q3963787,Società dei Sacerdoti di San Giuseppe Benedetto Cottolengo,,15.478957176208496
document_000368.html,183,187,Witt,NIL,PER,Q871050,Friedrich Witt,,16.422534942626953
document_000368.html,203,219,Cardinal De Luca,Q500774,PER,Q11694760,Domenico De Luca,,22.275928497314453
document_000369.html,212,222,Papa Pecci,Q43922,PER,Q3767901,Giovanni Pecci,,24.380599975585938
document_000370.html,209,216,Venezia,NIL,LOC,Q740783,patriarcato di Venezia,,24.120559692382812
document_000370.html,252,288,Lettera pastorale sulla Musica Sacra,NIL,MISC,Q5116685,,,24.124271392822266
document_000371.html,151,157,Pietro,Q6699740,PER,Q33923,Pietro,,21.448286056518555
document_000372.html,7,16,S. Flavio,NIL,PER,Q509569,Flaviano di Costantinopoli,"```json { ""wikipedia_page"": ""Flaviano di Costantinopoli"", ""wikidata_id"": ""Q509569"" } ```",13.514488220214844
document_000373.html,42,47,Zoppi,NIL,PER,Q3956344,Sergio Zoppi,,24.95566177368164
document_000373.html,49,53,Levi,NIL,PER,Q974607,Alda Levi,,20.805740356445312
document_000373.html,55,62,Manfrin,NIL,PER,Q38148709,Gianni Manfrin,,28.22804832458496
document_000373.html,65,72,Zacchia,NIL,PER,Q24942555,Angelica Zacchigna,,29.406232833862305
document_000373.html,81,90,Sernicoli,NIL,PER,Q105027166,Silvio Bernicoli,,29.834936141967773
document_000373.html,124,130,Boschi,NIL,PER,Q1528416,Giuseppe Maria Boschi,,26.386157989501953
document_000373.html,165,170,Gorno,NIL,PER,Q62601352,Marisa Gorno,,21.833749771118164
document_000373.html,172,178,Burzio,NIL,PER,Q3734262,Eugenia Burzio,,25.68688201904297
document_000373.html,181,186,Corsi,NIL,PER,Q3992747,Tommaso Corsi,,19.969802856445312
document_000374.html,26,36,G. Zuccoli,NIL,PER,Q3840273,Luigi Zuccoli,,27.647981643676758
document_000375.html,170,185,Attilio Poleggi,NIL,PER,Q79384177,Alessandro Poggi,,33.23726272583008
document_000376.html,70,82,Bice De Vivo,NIL,PER,Q50734093,Bice Ligabue,,25.936969757080078
document_000376.html,108,114,Scuola,NIL,ORG,Q3914,scuola,,19.852935791015625
document_000376.html,186,194,v. Piave,NIL,ORG,Q213462,Piave,,18.889404296875
document_000380.html,170,188,Tempio del Delfino,NIL,LOC,Q43018,Tempio di Artemide,,19.49217414855957
document_000383.html,165,174,G. Pirola,NIL,PER,Q18758692,Gino Sirola,,25.407751083374023
document_000384.html,115,119,ETRA,Q11921121,PER,Q11921123,Etra,,20.400617599487305
document_000384.html,147,167,Giorgi Belloc Teresa,NIL,PER,Q3984271,Teresa Belloc-Giorgi,,17.307214736938477
document_000384.html,178,189,dell’Attica,Q122443,LOC,NIL,dell’Attica,```json {} ```,0
document_000384.html,199,217,Parlamagni Antonio,NIL,PER,Q3620050,Antonio Piromalli,,16.639192581176758
document_000384.html,218,225,PiRO1oc,Q502156,PER,Q94848,Pirro II,"```json { ""wikipedia_page"": ""Pirro II"", ""wikidata_id"": ""Q94848"" } ```",13.358163833618164
document_000384.html,234,246,Pacini Luigi,NIL,PER,Q20005289,Luigi Pacini,,17.92869758605957
document_000384.html,264,279,Bianchi Gactano,NIL,PER,Q3094266,Gaetano Bianchi,,23.166263580322266
document_000385.html,37,44,Trezene,Q11953081,LOC,Q581494,Trezene,,17.286561965942383
document_000386.html,51,61,Parlamagni,NIL,PER,Q556231,Mauro Parmeggiani,,20.948543548583984
document_000388.html,0,4,Etra,Q11921121,PER,NIL,Etra,```json {} ```,0
document_000388.html,110,115,Tesco,Q1320718,PER,NIL,Tesco,```json {} ```,0
document_000389.html,7,14,Pirotoo,Q502156,PER,Q3905648,Piroo,,22.418567657470703
document_000390.html,21,28,Dimante,NIL,PER,Q17486771,Dimante,,18.455717086791992
document_000391.html,131,138,Pirotoo,Q502156,PER,NIL,Pirotoo,```json {} ```,0
document_000392.html,102,107,Desai,Q313196,PER,NIL,Desai,no,0
document_000393.html,66,73,Trezene,Q11953081,LOC,Q581494,Trezene,"```json { ""wikipedia_page"": ""Trezene"", ""wikidata_id"": ""Q581494"" } ```",14.975398063659668
document_000393.html,158,165,Trezene,Q11953081,LOC,NIL,Trezene,```json {} ```,0
document_000394.html,96,103,Dionigi,Q332750,PER,Q18755445,Dionigi,,17.186473846435547
document_000395.html,130,144,Lorenza Correa,Q1872294,PER,Q16165685,Lorena Cacciatore,,32.21965789794922
document_000396.html,90,104,Astrea placata,NIL,MISC,Q19623961,Astrea placata,"```json { ""wikipedia_page"": ""Astrea placata"", ""wikidata_id"": ""Q19623961"" } ```",9.869006156921387
document_000397.html,16,29,Poeta Cesareo,Q29473,PER,Q1048,Gaio Giulio Cesare,,20.007686614990234
document_000397.html,129,137,Fenomeni,NIL,MISC,Q815376,Le rane,,18.689559936523438
document_000398.html,0,18,L'Invito a Pallade,NIL,MISC,Q468625,I Lombardi alla prima crociata,,17.281368255615234
document_000398.html,113,124,Simone Mayr,Q373770,PER,Q3960345,Sigmund Mayr,,30.262054443359375
document_000399.html,46,62,Salvatore Vigand,Q476782,PER,Q4110529,Auguste Wiegand,,25.671566009521484
document_000400.html,122,147,Dalla Reffa il disinganno,Q3252788,MISC,Q3493082,Spezzeremo le reni,,16.15859031677246
document_000402.html,192,232,dalAssociazione degli Amici della Musica,NIL,ORG,Q3614266,Amico,,18.016700744628906
document_000403.html,62,69,Orlando,Q297793,PER,NIL,Orlando,```json {} ```,0
document_000403.html,94,102,Passigli,NIL,PER,Q3972630,Stefano Passigli,,17.05836296081543
document_000404.html,24,34,Guido Boni,NIL,PER,Q98446077,Guido Bonino,,42.23998260498047
document_000404.html,70,78,Michelli,NIL,PER,Q26715237,Filippo Micheli,,22.792495727539062
document_000404.html,102,110,Baglioni,NIL,PER,Q3995088,Torquato Baglioni,,24.14223861694336
document_000405.html,10,38,Ernesto Duverger di Ganranne,NIL,PER,Q3056935,Ernest Duvergier de Hauranne,,22.533449172973633
document_000406.html,146,160,Cesare Rizzoli,NIL,PER,Q3665523,Cesare Rosaroll,,29.244657516479492
document_000406.html,241,256,Compagnia Reale,NIL,ORG,Q183202,Teatro Regio,,22.19434928894043
document_000406.html,292,297,Monti,NIL,PER,Q80978830,Tommaso Monti,,22.491580963134766
document_000406.html,312,318,Borghi,NIL,PER,Q1461220,Carlo Borghi,,20.866710662841797
document_000407.html,11,18,Rizzoli,NIL,PER,Q524680,Anna Maria Rizzoli,,23.248729705810547
document_000407.html,82,87,Bozzo,NIL,PER,Q15789591,Bozzo,,19.81753158569336
document_000408.html,71,85,Zeatro Brunett,Q3516753,LOC,Q3010047,Céleste Albaret,,24.38055419921875
document_000409.html,61,66,Patti,Q234166,PER,NIL,Patti,```json {} ```,0
document_000409.html,108,118,Frezzolini,Q451231,PER,NIL,Frezzolini,```json {} ```,0
document_000409.html,233,240,Bellini,Q170209,PER,NIL,Bellini,```json {} ```,0
document_000410.html,141,149,Giannoli,NIL,PER,Q3768389,Giovanni Zanollo,,26.343929290771484
document_000410.html,256,261,Sarti,NIL,PER,Q455199,Giuseppe Sarti,,25.823577880859375
document_000410.html,313,323,Frezzolini,Q451231,PER,Q1381618,Giuseppe Frezzolini,,26.28471565246582
document_000411.html,0,6,Bogier,NIL,PER,Q17198004,Luis María Boffi Boggero,,16.388874053955078
document_000411.html,91,98,Rossini,NIL,PER,Q9726,Gioachino Rossini,,25.32889175415039
document_000412.html,39,47,Lagrange,Q4767645,PER,Q80222,Joseph-Louis Lagrange,,24.516620635986328
document_000412.html,60,66,Vitali,Q104767293,PER,Q919789,Giovanni Battista Vitali,,20.48893165588379
document_000412.html,158,164,Vitali,Q104767293,PER,Q919789,Giovanni Battista Vitali,,19.556873321533203
document_000412.html,203,209,Vitali,Q104767293,PER,Q919789,Giovanni Battista Vitali,,18.3409423828125
document_000412.html,354,360,Vitali,Q104767293,PER,Q919789,Giovanni Battista Vitali,,20.41417121887207
document_000412.html,170,185,Irance Musicale,Q3209228,ORG,NIL,Irance Musicale,```json {} ```,0
document_000413.html,140,148,Squarcia,NIL,PER,Q18923595,Ferruccio Corradino Squarcia,,21.2321720123291
document_000413.html,183,199,Re di Portogallo,Q156175,PER,Q183426,sovrani del Portogallo,,16.267934799194336
document_000414.html,44,50,Bastia,NIL,PER,Q134698,Bastia,,16.346845626831055
document_000414.html,152,167,Teatro Pagliano,Q3982191,LOC,Q3981980,Teatro Flaiano,,26.767587661743164
document_000414.html,192,197,Borri,Q30077083,PER,NIL,Borri,```json {} ```,0
document_000414.html,199,224,Un avventura di carnevale,NIL,MISC,Q642130,Carnevale di Viareggio,,17.29685401916504
document_000415.html,25,31,Cresei,NIL,PER,Q3659227,Carlo Cressini,,23.410350799560547
document_000415.html,153,166,Gaspare Pieri,NIL,PER,Q6700037,Luigi Gaspare Peyri,,30.432613372802734
document_000416.html,37,45,Barbiere,Q208659,MISC,Q632743,Il barbiere di Siviglia,,18.050199508666992
document_000416.html,49,58,Biavolini,NIL,PER,Q3766589,Giovanni Battista Bibolini,,22.067232131958008
document_000416.html,76,86,Pantaleoni,Q62063481,PER,Q17307,Pantalone,,19.97236442565918
document_000416.html,113,123,Pagiorpini,NIL,PER,Q19727820,Pierluigi Copercini,,19.483835220336914
document_000416.html,126,145,Corriere di Firenze,Q3694491,ORG,Q309135,Corriere della Sera,,23.464134216308594
document_000417.html,15,19,Tati,NIL,PER,Q51549,Jacques Tati,,18.499225616455078
document_000417.html,58,80,Teatro Santa Radegonda,NIL,LOC,Q77806790,Centrale elettrica di Santa Radegonda,,28.377342224121094
document_000417.html,135,142,Biasoli,NIL,PER,Q3619236,Antonio Basoli,,23.9114990234375
document_000419.html,53,73,Ii Diavolo a quattro,NIL,MISC,Q3222294,Le Diable à quatre,,21.591644287109375
document_000421.html,77,85,Tiberini,NIL,PER,Q1407,Tiberio,,16.217336654663086
document_000422.html,0,17,Giuseppina Monset,NIL,PER,Q234125,Simonetta Vespucci,,26.708538055419922
document_000422.html,81,98,Giuseppina Monset,NIL,PER,Q234125,Simonetta Vespucci,,25.507265090942383
document_000423.html,17,33,Pompeo Colombati,NIL,PER,Q3903791,Pietro Colombati,,28.149003982543945
document_000423.html,68,84,Pompeo CoJombati,NIL,PER,Q3903791,Pietro Colombati,,29.84541893005371
document_000426.html,29,42,Carlo Edoardo,Q312581,PER,NIL,Carlo Edoardo,```json {} ```,0
document_000426.html,198,211,Carlo Edoardo,Q312581,PER,NIL,Carlo Edoardo,```json {} ```,0
document_000426.html,103,109,Moidar,Q24639586,LOC,NIL,Moidar,```json {} ```,0
document_000426.html,275,281,Murray,Q348025,PER,NIL,Murray,```json {} ```,0
document_000426.html,287,299,lady Cameron,Q6171931,PER,NIL,lady Cameron,```json {} ```,0
document_000427.html,70,87,Anneiia Caizoiari,NIL,PER,Q17580192,Isaia Cordinier,,30.018321990966797
document_000427.html,237,242,Byron,Q123509516,PER,Q5679,George Gordon Byron,,19.970012664794922
document_000428.html,0,15,Enrico Pogliani,NIL,PER,Q3725960,Enrico Pagani,,36.14882278442383
document_000428.html,7,15,Pogliani,NIL,PER,Q98529022,Giuseppe Pogliani,,33.61402893066406
document_000428.html,161,169,Pogliani,NIL,PER,Q98529022,Giuseppe Pogliani,,31.660818099975586
document_000433.html,80,94,Rio lanVesimia,Q8678,LOC,NIL,Rio lanVesimia,```json {} ```,0
document_000434.html,43,48,Proch,Q321701,PER,NIL,Proch,```json {} ```,0
document_000434.html,53,60,Gargano,Q57239339,PER,Q3616758,Angela Gargano,,20.291980743408203
document_000435.html,80,94,Olimpia Trebbi,NIL,PER,Q6049946,Olimpia Torlonia,,23.356815338134766
document_000435.html,100,112,Huenos Ayres,Q1486,LOC,Q4985560,,,20.60704231262207
document_000436.html,3,30,teatro Nazionale di Firenze,Q3886710,LOC,Q3981873,teatri di Firenze,,25.381336212158203
document_000436.html,105,118,Delfina Zauli,NIL,PER,Q3713286,Domenico Zauli,,29.579662322998047
document_000437.html,56,76,Giacchino Zagoglioni,NIL,PER,Q3762002,Giacomo Bolognini,,34.80159378051758
document_000437.html,107,120,Adele Garbini,NIL,PER,Q3611736,Alida Cappellini,,36.41551208496094
document_000438.html,18,24,Russel,Q435415,PER,Q369691,Sant'Orsola,,16.811927795410156
document_000438.html,177,186,Cornaglia,Q1850396,PER,Q508135,Corniglia,,26.565767288208008
document_000439.html,18,25,Bazzolo,Q42966,LOC,Q78,Basilea,,17.667802810668945
document_000440.html,137,151,Stella Bonheur,Q102075957,PER,Q7607041,Stella Bonheur,,39.35972595214844
document_000441.html,77,88,I. Burgmein,Q225820,PER,Q62075,Friedrich Burgmüller,,22.021499633789062
document_000442.html,14,19,Faust,Q745951,MISC,Q29478,Faust,,16.210817337036133
document_000442.html,54,70,Amelia Mellinger,NIL,PER,Q3616767,Angela Melillo,,32.820369720458984
document_000442.html,99,110,Sangiovanni,NIL,PER,Q21209022,Antonio Sangiovanni,,21.78285026550293
document_000443.html,72,89,Ernesto Cammarota,NIL,PER,Q3804384,Italo Cammarota,,31.835872650146484
document_000443.html,136,142,Corfit,Q121378,LOC,NIL,Corfit,```json {} ```,0
document_000444.html,49,56,Foscari,Q468112,MISC,Q750151,Foscari,,23.568405151367188
document_000444.html,243,250,Foscari,Q468112,MISC,Q503874,Francesco Foscari,,18.99304962158203
document_000444.html,60,66,Avoldo,NIL,ORG,Q43476,Amedeo Avogadro,,17.35480308532715
document_000444.html,79,89,Scaramella,NIL,PER,Q1783211,Scaramuccia,,17.550771713256836
document_000445.html,176,194,el Correo de Noite,NIL,ORG,Q309135,Corriere della Sera,,18.004680633544922
document_000446.html,3,18,teatro Vittorio,Q3629508,LOC,Q21901369,Teatro Amintore Galli,,22.308734893798828
document_000446.html,175,180,Norma,Q320353,MISC,Q3878445,Norma Rangeri,,26.957075119018555
document_000446.html,166,173,Ravogli,NIL,PER,Q73785460,,,24.1047306060791
document_000446.html,184,192,Adalgisa,NIL,PER,Q15057396,Adalgisa Gabbi,,25.324806213378906
document_000447.html,37,42,Linda,Q669382,MISC,Q47638314,Linda Brambilla,"```json { ""wikipedia_page"": ""Linda Brambilla"", ""wikidata_id"": ""Q47638314"" } ```",12.245121002197266
document_000447.html,266,271,Linda,Q669382,MISC,NIL,Linda,```json {} ```,0
document_000448.html,3,11,Ruy Blas,Q3453685,MISC,Q3085278,Ruy Blas,,18.059024810791016
document_000448.html,220,228,Papeschi,NIL,PER,Q87902980,Papareschi,,21.2736873626709
document_000449.html,35,42,Garhint,NIL,PER,Q15673677,Garegin,,19.21476936340332
document_000449.html,257,266,G. Giusti,NIL,PER,Q105945285,Giorgio Giusti,,25.420835494995117
document_000450.html,81,88,Carolli,NIL,PER,Q110473792,Caroli,,21.05599594116211
document_000450.html,104,110,Elvira,NIL,PER,Q989156,Elvida,,15.734687805175781
document_000450.html,186,197,Baron‘ollie,NIL,PER,Q19816462,,,16.350889205932617
document_000450.html,211,218,Cavazza,NIL,PER,Q3723753,Elvira Casazza,,25.508405685424805
document_000450.html,247,256,Borucchia,NIL,PER,Q1446873,Arturo Boiocchi,,22.860767364501953
document_000452.html,76,85,Abigaiile,NIL,PER,Q54650017,Abigaille,,19.25027084350586
document_000453.html,16,31,Eugenio Corsini,NIL,PER,Q59527192,Eugenio Corsini,,29.210268020629883
document_000454.html,16,31,Eugenio Corsini,NIL,PER,Q59527192,Eugenio Corsini,,34.56414031982422
document_000454.html,66,74,Zaccaria,NIL,PER,Q3939234,Roberto Zaccaria,,18.173812866210938
document_000454.html,166,177,Noemi Venti,NIL,PER,Q35109,Noemi,,25.987491607666016
document_000455.html,32,37,Akdos,NIL,MISC,Q4818901,Atys,,15.883139610290527
document_000455.html,50,57,Finotti,NIL,PER,Q16027594,Giocondo Fino,,19.413198471069336
document_000457.html,14,21,Zerlina,NIL,PER,Q55759215,Zerlina,"```json { ""wikipedia_page"": ""Zerlina"", ""wikidata_id"": ""Q55759215"" } ```",12.668204307556152
document_000458.html,3,8,Adria,NIL,ORG,Q34615,Adria,,21.992149353027344
document_000459.html,0,12,ll Cittadino,NIL,ORG,Q2259884,Il Cittadino,,21.486907958984375
document_000459.html,14,28,Y Indipendente,NIL,ORG,Q16569703,L'Indipendente (Trieste),,19.388256072998047
document_000459.html,32,50,Alabarda Triestina,NIL,ORG,Q3821075,La Prealpina,,18.02828025817871
document_000461.html,98,114,Lodovico Fagotti,NIL,PER,Q95388731,Lodovico Bossi,,20.75814437866211
document_000461.html,170,186,teatro del Corso,Q21077427,LOC,Q30898725,Cinema Corso,,16.05926513671875
document_000462.html,111,121,Aben Hamet,NIL,MISC,Q318440,Abel Hermant,,19.17463493347168
document_000462.html,171,186,AL De Lauziéres,Q28779257,PER,Q1871619,Louis Desnoyers,,23.7259521484375
document_000462.html,221,246,teatro italiano di Parigi,NIL,LOC,Q1581237,Théâtre de la comédie italienne,,23.982379913330078
document_000462.html,248,255,Teodora,NIL,MISC,Q5511514,,,22.37853240966797
document_000462.html,411,422,H. Méilhade,NIL,PER,Q2659138,Philippe Hériat,,23.976186752319336
document_000462.html,423,432,P. Gilles,Q610921,PER,Q2292575,Petrus Gillius,,26.80065155029297
document_000463.html,137,146,Carnevale,Q4618,MISC,NIL,Carnevale,```json {} ```,0
document_000464.html,9,24,Arte di Trieste,NIL,ORG,Q546,Trieste,,26.2093563079834
document_000465.html,45,60,Salvatore Pinto,NIL,PER,Q52157098,Salvatore Pinto,,31.85968017578125
document_000465.html,126,139,Conservatorio,NIL,ORG,Q368820,Conservatorio di San Pietro a Majella,,19.34187889099121
document_000466.html,134,140,Milano,Q490,LOC,NIL,Milano,```json {} ```,0
document_000467.html,3,10,Hermosa,NIL,MISC,Q902451,,,16.012765884399414
document_000467.html,23,29,Branca,Q3778880,PER,Q90027583,Gerardo Branca,"```json { ""wikipedia_page"": ""Gerardo Branca"", ""wikidata_id"": ""Q90027583"" } ```",15.391212463378906
document_000468.html,33,44,Parravicini,NIL,PER,Q320534,Carlo Pallavicino,,24.501445770263672
document_000471.html,33,51,Rossini di Livorno,NIL,LOC,Q6761,Livorno,,19.896352767944336
document_000471.html,64,73,Haussmann,NIL,PER,Q107987122,Corina Hossmann,,17.391605377197266
document_000471.html,115,120,Corso,NIL,PER,Q18086278,Pasquino Corso,"```json { ""wikipedia_page"": ""Pasquino Corso"", ""wikidata_id"": ""Q18086278"" } ```",12.980457305908203
document_000471.html,122,130,Del Papa,Q3702353,PER,Q18945490,Giuseppe Del Papa,,18.865638732910156
document_000471.html,132,139,Salasso,NIL,PER,Q189825,salsa,,15.859686851501465
document_000471.html,142,153,Camarlinghi,NIL,PER,Q98533056,Carlo Camerlenghi,,19.35149574279785
document_000472.html,2,6,Pisa,Q745951,LOC,Q13375,Pisa,,23.54966926574707
document_000472.html,33,39,Auteri,Q3945947,PER,Q313395,Autari,,21.178802490234375
document_000472.html,72,81,Paoliceli,Q3847363,PER,Q28803073,Paola Cuciniello,,20.320518493652344
document_000472.html,86,93,Montery,NIL,PER,Q342543,Vittorio Monti,,17.502805709838867
document_000472.html,95,100,Forti,NIL,PER,Q3750001,Francesco Forti,"```json { ""wikipedia_page"": ""Francesco Forti"", ""wikidata_id"": ""Q3750001"" } ```",14.231011390686035
document_000472.html,102,110,Gautiero,NIL,PER,Q22338078,Gaudenzio Gautieri,,21.310771942138672
document_000472.html,113,120,Massimi,NIL,PER,Q1907728,Massimo Massimi,,16.01980209350586
document_000473.html,22,33,Ida Ricetti,NIL,PER,Q1044526,Ida Di Benedetto,,29.37487030029297
document_000474.html,134,142,Ugonotti,Q466848,MISC,Q101935,ugonotti,"```json { ""wikipedia_page"": ""ugonotti"", ""wikidata_id"": ""Q101935"" } ```",11.171462059020996
document_000475.html,64,70,Panche,NIL,PER,Q8287805,Aldo Pancheri,,17.465679168701172
document_000477.html,49,54,Lucia,Q244209,MISC,NIL,Lucia,```json {} ```,0
document_000477.html,70,79,Bulicioff,Q102075817,PER,NIL,Bulicioff,```json {} ```,0
document_000477.html,83,89,Masini,Q769771,PER,NIL,Masini,```json {} ```,0
document_000477.html,91,97,Batris,Q963005,PER,NIL,Batris,no,0
document_000477.html,103,112,Silvestri,NIL,PER,Q15429953,Giuseppe Silvestri,,18.97576141357422
document_000477.html,139,144,Faust,NIL,MISC,Q745951,Faust,,16.01663589477539
document_000477.html,145,160,Doria di Genova,Q83471820,LOC,NIL,Doria di Genova,```json {} ```,0
document_000478.html,12,21,Teodorini,Q3050729,PER,NIL,Teodorini,```json {} ```,0
document_000478.html,26,32,Pasqua,Q3771689,PER,NIL,Pasqua,```json {} ```,0
document_000478.html,74,82,Giocondu,Q748840,MISC,NIL,Giocondu,```json {} ```,0
document_000478.html,97,114,Contessa è Amalfi,NIL,MISC,Q80563,Amalfi,"```json { ""wikipedia_page"": ""Amalfi"", ""wikidata_id"": ""Q80563"" } ```",7.396995544433594
document_000478.html,176,184,Tra pani,Q13664,LOC,NIL,Tra pani,no,0
document_000479.html,63,72,Signorini,NIL,PER,Q63679770,Agostino Signorini,,26.0863037109375
document_000479.html,91,100,Marangolo,NIL,PER,Q3619812,Antonio Marangolo,,20.672698974609375
document_000479.html,165,170,Brogi,Q103024532,PER,Q1041919,Carlo Broggi,,28.64042091369629
document_000480.html,33,41,Favorite,Q467394,MISC,NIL,Favorite,```json {} ```,0
document_000480.html,56,63,Novelli,Q5565209,PER,Q3879056,Novello Novelli,"```json { ""wikipedia_page"": ""Novello Novelli"", ""wikidata_id"": ""Q3879056"" } ```",12.483407020568848
document_000481.html,48,55,Pierson,NIL,PER,Q63119688,Louise Pierson,,17.538860321044922
document_000481.html,71,79,Leonardi,NIL,PER,Q64745453,Lodovico Leonardi,,20.333255767822266
document_000481.html,84,92,De \eeri,Q3766640,PER,NIL,De \eeri,```json {} ```,0
document_000481.html,106,112,Sivori,Q3732334,PER,Q1029423,Camillo Sivori,,23.752193450927734
document_000481.html,125,133,Bengardi,NIL,PER,Q16826008,Umberto Bignardi,,21.13185691833496
document_000482.html,0,10,Semiramide,Q900744,MISC,NIL,Semiramide,```json {} ```,0
document_000483.html,48,56,Gtoconda,Q748840,MISC,NIL,Gtoconda,no,0
document_000483.html,91,104,Berta Pierson,NIL,PER,Q16011634,Beatrice Pearson,,18.568485260009766
document_000484.html,11,19,Leonardi,NIL,PER,Q28753317,Leonardi,,15.781014442443848
document_000486.html,115,124,Toresella,Q104384426,PER,Q81761,Tortorella,,19.643362045288086
document_000486.html,139,147,Giordano,NIL,PER,Q294826,Umberto Giordano,,18.38998031616211
document_000486.html,150,158,Barbieri,Q3724335,PER,Q3938595,Roberto Barbieri,,22.269485473632812
document_000487.html,116,137,Ida Rappini Mattiuzzi,NIL,PER,Q16564608,Ida Coppini,,29.47952651977539
document_000487.html,174,178,Busi,Q11904863,PER,Q16062989,Luigi Busi,,22.454755783081055
document_000488.html,125,132,Vaselli,NIL,PER,Q19414215,Vassil,,20.557294845581055
document_000488.html,145,155,Silvestri-,NIL,PER,Q15429953,Giuseppe Silvestri,,17.95536994934082
document_000488.html,211,226,Innocenzo Barbi,NIL,PER,Q13564900,Vincent Barbi,,26.486412048339844
document_000489.html,174,180,Tofano,Q4461492,PER,Q3894516,Paolo Tofani,"```json { ""wikipedia_page"": ""Paolo Tofani"", ""wikidata_id"": ""Q3894516"" } ```",12.266002655029297
document_000490.html,86,102,Lorenzo Alberani,NIL,PER,Q3836882,Lorenzo Baroni,,35.456520080566406
document_000490.html,104,116,Ettore Valla,NIL,PER,Q3734022,Ettore Viola,,30.372455596923828
document_000490.html,118,134,Antonio Campiani,NIL,PER,Q16851817,Antonio Capellani,,36.029903411865234
document_000490.html,136,150,Felice ~Boghen,Q55225713,PER,Q3742162,Felice Govean,,24.17747688293457
document_000490.html,153,168,Francesco Corsi,NIL,PER,Q109376646,Fabrizio Corsi,,33.94664001464844
document_000491.html,47,62,teatro Pagliano,Q3982191,LOC,Q3981980,Teatro Flaiano,,22.709291458129883
document_000491.html,66,72,Olello,Q172324,MISC,Q925332,Otello,,22.160717010498047
document_000492.html,95,100,Gabbi,Q15057396,PER,Q11931365,Leonilde Gabbi,,26.24827766418457
document_000493.html,45,51,Borgia,Q685501,MISC,Q237599,Borgia,,19.08137321472168
document_000494.html,0,14,Don Chisciotte,NIL,ORG,Q944201,don Chisciotte,,29.152807235717773
document_000495.html,20,25,Carpi,NIL,PER,Q3072743,Fiorenzo Carpi,,26.297496795654297
document_000495.html,89,94,Carpi,NIL,PER,Q3072743,Fiorenzo Carpi,,23.000568389892578
document_000495.html,32,37,Linda,Q669382,MISC,NIL,Linda,no,0
document_000495.html,67,76,Commercio,NIL,ORG,Q601401,commercio,,18.594921112060547
document_000496.html,0,7,Il Sole,Q3792964,ORG,NIL,Il Sole,```json {} ```,0
document_000496.html,52,57,Carpi,NIL,PER,Q3072743,Fiorenzo Carpi,,20.602558135986328
document_000496.html,245,250,Rieva,NIL,PER,Q1339427,Enrico Rava,,17.077800750732422
document_000497.html,118,127,Il Secolo,Q126586,ORG,Q3792935,Il Secolo,,20.939268112182617
document_000498.html,0,10,Il Pungolo,NIL,ORG,Q1876239,Luigi Punzolo,,17.158435821533203
document_000498.html,121,126,Carpi,NIL,PER,Q3072743,Fiorenzo Carpi,,16.51909828186035
document_000498.html,335,340,Rieva,NIL,PER,Q1110961,Ezio Riva,,15.751211166381836
document_000499.html,9,22,De Franceschi,NIL,PER,Q108940637,Ferdinando De Franciscis,,20.099437713623047
document_000499.html,206,219,De Franceschi,NIL,PER,Q3611390,Alfredo De Franceschini,,25.135988235473633
document_000500.html,22,29,Cuccoli,NIL,PER,Q20056575,Cecco Nuccoli,,21.32746124267578
document_000501.html,0,7,Cuccoli,NIL,PER,Q20056575,Cecco Nuccoli,,21.425216674804688
document_000501.html,154,167,Elena Cuceoli,NIL,PER,Q3721399,Elena Castagnoli,,26.00241470336914
document_000502.html,71,89,Pescatori di perle,Q56159,MISC,NIL,Pescatori di perle,```json {} ```,0
document_000503.html,41,50,Toresella,Q104384426,PER,NIL,Toresella,no,0
document_000503.html,123,130,Falcone,NIL,PER,Q207073,Giovanni Falcone,"```json { ""wikipedia_page"": ""Giovanni Falcone"", ""wikidata_id"": ""Q207073"" } ```",14.850732803344727
document_000504.html,23,32,Toresella,Q104384426,PER,Q81761,Tortorella,,21.085987091064453
document_000504.html,172,188,Circolo Barbieri,NIL,ORG,Q2055429,Niccolò Barbieri,,17.375593185424805
document_000504.html,293,303,Lady Otway,NIL,PER,Q955217,Thomas Otway,"```json { ""wikipedia_page"": ""Thomas Otway"", ""wikidata_id"": ""Q955217"" } ```",13.030916213989258
document_000505.html,10,19,Toresella,Q104384426,PER,Q81761,Tortorella,,19.215185165405273
document_000505.html,126,134,bresella,Q104384426,PER,NIL,bresella,```json {} ```,0
document_000506.html,0,14,Amelia Boriani,NIL,PER,Q3050749,Eleonora Barbieri Masini,,26.224769592285156
document_000506.html,208,222,Amelia Boriani,NIL,PER,Q16268203,Amalia Borisi,,29.4978084564209
document_000506.html,36,47,teatro novo,Q3982081,LOC,Q3982084,Teatro Nuovo,,22.97572135925293
document_000507.html,288,293,Borbe,Q3732024,PER,NIL,Borbe,```json {} ```,0
document_000507.html,334,342,habanera,Q692648,MISC,Q835562,habanera,,17.514739990234375
document_000507.html,361,372,dt Siviglia,NIL,MISC,Q8717,Siviglia,"```json { ""wikipedia_page"": ""Siviglia"", ""wikidata_id"": ""Q8717"" } ```",10.455585479736328
document_000508.html,55,64,Nagherita,Q83471820,LOC,Q62083054,Nicola Righetti,,18.495481491088867
document_000509.html,22,29,Salassa,NIL,PER,Q10248,Salassa,,18.773887634277344
document_000509.html,56,65,Escamillo,NIL,PER,Q568745,Escamilla,,16.19797134399414
document_000509.html,106,112,Boasso,NIL,PER,Q5995733,Marcello Boasso,"```json { ""wikipedia_page"": ""Marcello Boasso"", ""wikidata_id"": ""Q5995733"" } ```",10.85917854309082
document_000509.html,117,123,Novari,NIL,PER,Q6046,Novara,"```json { ""wikipedia_page"": ""Novara"", ""wikidata_id"": ""Q6046"" } ```",12.03620719909668
document_000509.html,130,136,Sgarbi,NIL,PER,Q2426702,Vittorio Sgarbi,"```json { ""wikipedia_page"": ""Vittorio Sgarbi"", ""wikidata_id"": ""Q2426702"" } ```",12.007691383361816
document_000510.html,64,91,Politeama Regina Margherita,Q83471820,LOC,Q1478356,teatro Politeama Garibaldi,,23.825088500976562
document_000511.html,3,10,Caffaro,Q17632799,ORG,NIL,Caffaro,no,0
document_000511.html,49,74,Giuseppina MusianiRizzoni,NIL,PER,Q3771692,Giuseppina Pizzigoni,,31.511579513549805
document_000512.html,3,21,Gazzetta di Genova,NIL,ORG,Q3759105,Gazzetta di Venezia,,32.173545837402344
document_000512.html,23,28,Epoca,NIL,ORG,Q3055838,Epoca,,21.314781188964844
document_000512.html,109,116,Musiani,NIL,PER,Q11924305,Giuseppe Musiani,,18.467966079711914
document_000513.html,34,41,Carobbi,NIL,PER,Q1541321,Stefano Carobbi,,18.202728271484375
document_000513.html,72,80,Barbiere,Q208659,MISC,Q632743,Il barbiere di Siviglia,,19.68226432800293
document_000513.html,123,131,Pogliani,NIL,PER,Q64432799,Luigi Pogliani,,31.301145553588867
document_000513.html,136,145,Trovatore,Q203470,MISC,Q2836444,,,20.245166778564453
document_000514.html,39,46,Cantori,NIL,PER,Q22991757,Veronica Cantoro,,16.16347312927246
document_000514.html,123,130,Torrigi,NIL,PER,Q3518351,Teresa Ruggeri,,18.58876609802246
document_000515.html,12,21,Trovatore,Q203470,MISC,Q2836444,,,16.696996688842773
document_000515.html,58,67,Rebuffini,NIL,PER,Q3085919,François Jean-Baptiste Topino-Lebrun,,23.464815139770508
document_000515.html,104,119,Flora Mirabilis,NIL,ORG,Q21998503,Flora mirabilis,,22.209659576416016
document_000516.html,79,89,Pantaleoni,NIL,PER,Q5563930,Giovanni Pantaleoni,,19.564605712890625
document_000518.html,32,44,Mariano Neri,NIL,PER,Q1112761,Maino Neri,,45.67810821533203
document_000518.html,109,131,Margherita Delle Sedie,NIL,PER,Q61199854,Margherita Del Sesto,,25.636274337768555
document_000520.html,17,31,Capitale russa,Q656,LOC,Q649,Mosca,,18.955303192138672
document_000520.html,93,101,Pogliani,NIL,PER,Q64432799,Luigi Pogliani,,28.30853271484375
document_000521.html,3,10,Garbini,NIL,PER,Q269944,Katy Garbi,,18.581016540527344
document_000521.html,16,27,Bellincioni,Q289629,PER,Q170209,Vincenzo Bellini,,18.784526824951172
document_000521.html,46,52,Vivigy,NIL,PER,Q4015691,Vivi Gioi,,16.47077178955078
document_000521.html,132,138,Agnila,Q3476,LOC,NIL,Agnila,```json {} ```,0
document_000521.html,151,166,Romano Nannetti,NIL,PER,Q1702773,Nonce Louis Romanetti,,19.47250747680664
document_000522.html,76,81,Lucia,Q244209,MISC,NIL,Lucia,```json {} ```,0
document_000522.html,163,173,Sonnambuly,Q753123,MISC,NIL,Sonnambuly,```json {} ```,0
document_000522.html,181,206,Municipale di Alessandria,NIL,LOC,Q6088,Alessandria,,18.322965621948242
document_000523.html,7,15,Martelli,NIL,PER,Q3608431,Alberto Martelli,,20.441625595092773
document_000523.html,103,118,Elisa Mattiuzzi,NIL,PER,Q80112900,Vincenza Giulia Masotti,,30.792177200317383
document_000524.html,2,9,Palermg,Q2656,LOC,NIL,Palermg,no,0
document_000524.html,13,19,Ravogl,Q75981316,PER,Q13197447,,,16.17470359802246
document_000524.html,81,88,Carinen,Q185968,MISC,NIL,Carinen,```json {} ```,0
document_000524.html,94,101,BudaPes,Q1781,LOC,NIL,BudaPes,```json {} ```,0
document_000524.html,120,127,Manzoni,Q3982043,LOC,Q1064,Alessandro Manzoni,,15.969023704528809
document_000524.html,155,169,Regina di Saba,Q1314372,MISC,NIL,Regina di Saba,```json {} ```,0
document_000524.html,178,184,Borgia,Q685501,MISC,Q191103,Lucrezia Borgia,"```json { ""wikipedia_page"": ""Lucrezia Borgia"", ""wikidata_id"": ""Q191103"" } ```",11.49534797668457
document_000524.html,213,224,Bellincioni,Q289629,PER,NIL,Bellincioni,```json {} ```,0
document_000525.html,2,13,Pletroburgo,Q656,LOC,NIL,Pletroburgo,no,0
document_000525.html,60,68,Pogliani,NIL,PER,Q98529022,Giuseppe Pogliani,,32.468650817871094
document_000525.html,93,103,Lina Cerne,NIL,PER,Q9022671,Lina Bruna Rasa,,23.9328556060791
document_000525.html,137,146,Piontelli,NIL,PER,Q16559473,Giocondo Pillonetto,,20.069286346435547
document_000526.html,109,116,Favotti,NIL,PER,Q16557546,Franco Salvotti,,19.98006820678711
document_000527.html,83,95,CoveniGarden,Q55018,LOC,Q55019,Covent Garden,,18.957324981689453
document_000528.html,42,49,Gargano,Q57239339,PER,Q763332,Gargano,,18.423879623413086
document_000528.html,80,85,Carpi,NIL,PER,Q3072743,Fiorenzo Carpi,,20.302875518798828
document_000529.html,4,13,Argentina,Q588377,LOC,Q414,Argentina,,16.066720962524414
document_000529.html,93,98,Gnone,NIL,PER,Q66181,Grono,"```json { ""wikipedia_page"": ""Grono"", ""wikidata_id"": ""Q66181"" } ```",10.274832725524902
document_000530.html,51,56,Gomes,Q1635210,PER,Q263855,Antônio Carlos Gomes,,26.651098251342773
document_000530.html,92,101,Carmosina,NIL,MISC,Q105297413,Carmosina,,22.252147674560547
document_000530.html,131,145,Alfredo Zonghi,NIL,PER,Q3840270,Luigi Zonghi,,37.36113357543945
document_000530.html,163,177,Tile barotlint,NIL,PER,Q7812280,Todd Bolender,,24.884592056274414
document_000532.html,52,70,Municipio di Fermo,NIL,LOC,Q13139,Fermo,,28.98272132873535
