doc_id,start_pos,end_pos,surface,gt_id,type,identifier,title,answer,score
NZZ-1798-01-20-a-p0002,318,330,Frank reichs,Q142,LOC,Q146246,Fränkisches Reich,"```json {""wikipedia_page"": ""Fränkisches Reich"", ""wikidata_id"": ""Q146246""} ```",18.549236297607422
NZZ-1798-01-20-a-p0002,1100,1128,General¬ Lieutenant Sherlöck,NIL,PER,Q550690,Géraud Christophe Michel Duroc,"```json { ""wikipedia_page"": ""Géraud Christophe Michel Duroc"", ""wikidata_id"": ""Q550690"" } ```",14.748152732849121
NZZ-1798-01-20-a-p0002,1769,1781,Basseville's,Q3339973,PER,Q40083037,Anaïs de Bassanville,"{ ""wikipedia_page"": ""Anaïs de Bassanville"", ""wikidata_id"": ""Q40083037"" }",13.459609985351562
NZZ-1798-01-20-a-p0002,1815,1826,Gen. Duphot,Q977001,PER,Q19043775,Henri Duphot,"{""wikipedia_page"": ""Henri Duphot"", ""wikidata_id"": ""Q19043775""}",7.360331058502197
NZZ-1808-04-29-a-p0002,468,490,danischen Blatte Dagen,Q1768412,PROD,Q35,Dänemark,"```json { ""wikipedia_page"": ""Dänemark"", ""wikidata_id"": ""Q35"" } ```",12.746357917785645
NZZ-1808-04-29-a-p0002,580,587,Rußland,Q159,LOC,Q34266,Russisches Kaiserreich,"```json {""wikipedia_page"":""Russisches Kaiserreich"", ""wikidata_id"":""Q34266""} ```",19.812044143676758
NZZ-1808-04-29-a-p0002,774,781,Rußland,Q159,LOC,Q34266,Russisches Kaiserreich,"```json {""wikipedia_page"": ""Russisches Kaiserreich"", ""wikidata_id"": ""Q34266""} ```",19.418861389160156
NZZ-1808-04-29-a-p0002,790,808,General Hutchinson,Q321765,PER,Q1892842,Thomas Hutchinson,"```json { ""wikipedia_page"": ""Thomas Hutchinson"", ""wikidata_id"": ""Q1892842"" } ```",16.24713706970215
NZZ-1808-04-29-a-p0002,883,901,General Hutchinson,Q321765,PER,NIL,General Hutchinson,"```json {""wikipedia_page"":"""", ""wikidata_id"":""NIL""} ```",0
NZZ-1808-04-29-a-p0002,1282,1289,England,Q21,LOC,Q145,Vereinigtes Königreich,"Based on the input text and the provided list of candidates, the most appropriate Wikidata entity for the [ENT] tags appears to be ""Vereinigtes Königreich"" with the Wikipedia page title ""Vereinigtes Königreich"" and Wikidata ID ""Q145"". Here is the JSON response: ```json {""wikipedia_page"": ""Vereinigtes Königreich"", ""wikidata_id"": ""Q145""} ```",15.889225959777832
NZZ-1808-04-29-a-p0002,1440,1451,Bartenstein,Q809585,LOC,Q459235,Johann Christoph von Bartenstein,"Based on the input text and the list of candidates, the entity mentioned between the [ENT] tags is likely to be ""Johann Christoph von Bartenstein"". Therefore, the disambiguated entity is: ```json { ""wikipedia_page"": ""Johann Christoph von Bartenstein"", ""wikidata_id"": ""Q459235"" } ```",10.211258888244629
NZZ-1808-04-29-a-p0002,1942,1952,Lord Gower,Q334145,PER,Q336200,"John Leveson-Gower, 1. Earl Gower","```json { ""wikipedia_page"": ""John Leveson-Gower, 1. Earl Gower"", ""wikidata_id"": ""Q336200"" } ```",18.531835556030273
NZZ-1808-04-29-a-p0002,2847,2854,Rußland,Q159,LOC,Q34266,Russisches Kaiserreich,"```json { ""wikipedia_page"": ""Russisches Kaiserreich"", ""wikidata_id"": ""Q34266"" } ```",19.86345672607422
NZZ-1808-04-29-a-p0002,3060,3070,Dä¬ nemark,Q35,LOC,Q756617,Königreich Dänemark,"```json {""wikipedia_page"":""Königreich Dänemark"", ""wikidata_id"":""Q756617""} ```",14.268152236938477
NZZ-1808-04-29-a-p0002,3800,3825,Hamburger-Korrespondenten,Q822923,PROD,Q15819118,Hamburger Nachrichten,"Given the input text and the list of candidates, the entities mentioned between [ENT] tags are ""Hamburger-Korrespondenten"" and ""Hamburger Nachrichten"". Based on the provided list of candidates, the most appropriate Wikidata entities for these entities are: 1. For ""Hamburger-Korrespondenten"": - The most relevant candidate is ""Hamburger Nachrichten"" with Wikidata ID `Q15819118`. 2. For ""Hamburger Nachrichten"": - The most relevant candidate is ""Hamburger Nachrichten"" with Wikidata ID `Q15819118`. Therefore, the disambiguated entities are: ```json { ""wikipedia_page"": ""Hamburger Nachrichten"", ""wikidata_id"": ""Q15819118"" } ``` Since ""Hamburger Nachrichten"" is not in the list of candidates, the value for ""wikidata_id"" will be ""NIL"". ```json { ""wikipedia_page"": ""Hamburger Nachrichten"", ""wikidata_id"": ""NIL"" } ```",17.290775299072266
NZZ-1808-04-29-a-p0002,3836,3846,Petersburg,Q656,LOC,Q575425,Petersburg,"```json { ""wikipedia_page"": ""Petersburg"", ""wikidata_id"": ""Q575425"" } ```",15.459381103515625
NZZ-1808-04-29-a-p0002,3875,3904,neuesten Berlinischen Zeitung,Q675003,PROD,NIL,neuesten Berlinischen Zeitung,"```json {""wikipedia_page"":"""", ""wikidata_id"":""NIL""} ```",0
NZZ-1808-04-29-a-p0002,3926,3941,H. von Rotzebue,NIL,PER,Q23710528,Christian Ludwig Kotzebue,"Based on the input text and the list of candidates, the entity mentioned between the [ENT] tags is ""H. von Rotzebue"". Among the given candidates, there is a match with high confidence: ```json {""wikipedia_page"":""Christian Ludwig Kotzebue"",""wikidata_id"":""Q23710528""} ```",22.037933349609375
NZZ-1818-01-09-a-p0001,430,437,Ansbach,Q14859,LOC,Q42199,Fürstentum Ansbach,"{""wikipedia_page"": ""Fürstentum Ansbach"", ""wikidata_id"": ""Q42199""}",18.790943145751953
NZZ-1818-01-09-a-p0001,574,602,"M. Mles, Pfarrer zu Deyzisau",NIL,PER,Q90912,Michael Creizenach,"Based on the provided text and list of candidates, the entity mentioned between the [ENT] tags is most likely ""Michael Creizenach"" given his relevance as a German Pädagoge and jüdischer Theologe. However, since there is no explicit mention of a specific role or position that directly corresponds to the context, the best match is ""Michael Creizenach"" based on his notable historical significance. Therefore, the most confident match is: ```json {""wikipedia_page"":""Michael Creizenach"", ""wikidata_id"":""Q90912""} ```",16.21194839477539
NZZ-1818-01-09-a-p0001,694,703,Steinkopf,NIL,PROD,Q1517367,Verlag J. F. Steinkopf,"Based on the analysis of the input text and the list of candidates, the entity mentioned between the [ENT] tags is ""Steinkopf"". The most appropriate Wikidata entity from the list of candidates is ""Verlag J. F. Steinkopf"". ```json {""wikipedia_page"":""Verlag J. F. Steinkopf"", ""wikidata_id"":""Q1517367""} ```",15.027261734008789
NZZ-1818-01-09-a-p0001,934,957,protestantischen Kirche,Q2113518,ORG,Q5415686,Evangelisch-Lutherische Kirchen,"```json { ""wikipedia_page"": ""Evangelisch-Lutherische Kirchen"", ""wikidata_id"": ""Q5415686"" } ```",18.057695388793945
NZZ-1818-01-09-a-p0001,1276,1289,Schmidthammer,NIL,PER,Q92019,Julian Schmidt,"```json {""wikipedia_page"": ""Julian Schmidt"", ""wikidata_id"": ""Q92019""} ```",22.030107498168945
NZZ-1818-01-09-a-p0001,1501,1553,gelehrte und freymü¬ thige Oberhofprediger Dr. Ammon,Q213786,PER,Q98863,Friedrich von Ammon,"Based on the provided text and the list of candidates, the most appropriate Wikidata entity for the entity tagged with [ENT] is: ```json { ""wikipedia_page"": ""Friedrich von Ammon"", ""wikidata_id"": ""Q98863"" } ``` The reference to the ""freymüthige Oberhofprediger Dr. Ammon"" in Dresden is highly confidently matched with the Wikidata entity ""Friedrich von Ammon"".",13.941807746887207
NZZ-1818-01-09-a-p0001,2054,2106,"ehrwürdige Antistes der Zürcheri¬ schen Kirche, Heß,",Q121947,PER,Q55844181,Heinrich Hesshusen,"```json {""wikipedia_page"":""Heinrich Hesshusen"", ""wikidata_id"":""Q55844181""} ```",15.008570671081543
NZZ-1818-01-09-a-p0001,2224,2229,Orell,NIL,ORG,Q1511140,Orell Füssli,"{""wikipedia_page"":""Orell Füssli"", ""wikidata_id"":""Q1511140""}",18.607831954956055
NZZ-1818-01-09-a-p0001,3500,3533,Euro¬ päischen Brittischen Inseln,Q38272,LOC,Q23666,Großbritannien,"```json {""wikipedia_page"":""Großbritannien"", ""wikidata_id"":""Q23666""} ```",13.922210693359375
NZZ-1828-05-21-a-p0001,38,67,große Rath des Standes Luzern,Q27897675,ORG,Q2732017,Kantonsrat Luzern,"```json { ""wikipedia_page"": ""Grosser Rat des Kantons Luzern"", ""wikidata_id"": ""Q2732017"" } ```",20.95697784423828
NZZ-1838-03-30-a-p0001,0,6,Schwyz,Q12433,LOC,Q68155,Schwyz,"Based on the provided text and the list of candidates, the entity tagged [ENT] Schwyz can be confidently disambiguated. Here's the JSON response: ```json {""wikipedia_page"":""Schwyz"", ""wikidata_id"":""Q68155""} ```",14.468600273132324
NZZ-1838-03-30-a-p0001,8,27,Der Waldstätterbote,NIL,PROD,Q1195162,Der Landbote,"{""wikipedia_page"":""Der Landbote"", ""wikidata_id"":""Q1195162""} ## Explanation: The entity ""Der Landbote"" mentioned between the [ENT] tags in the given text likely refers to the Swiss newspaper ""Der Landbote"", which is known from the list of candidates. The provided Wikidata ID for this entity is ""Q1195162"".",9.308834075927734
NZZ-1838-03-30-a-p0001,101,118,hohe Stand Schwyz,Q12433,LOC,Q18630638,Schwyzer Alpen,"{ ""wikipedia_page"": ""Schwyzer Alpen"", ""wikidata_id"": ""Q18630638"" }",8.360455513000488
NZZ-1838-03-30-a-p0001,129,145,alte Land Schwyz,Q12433,LOC,Q435583,Alte Eidgenossenschaft,"Based on the provided text and the list of candidates, the entity mentioned between the [ENT] tags appears to be ""Alte Eidgenossenschaft"" or ""Alte Landschaft (FR)"". Given the historical context, ""Alte Eidgenossenschaft"" is the most appropriate match. Here is the JSON response: ```json {""wikipedia_page"":""Alte Eidgenossenschaft"", ""wikidata_id"":""Q435583""} ```",19.586929321289062
NZZ-1838-03-30-a-p0001,1366,1372,Schwyz,Q12433,LOC,Q68155,Schwyz,"```json { ""wikipedia_page"": ""Schwyz"", ""wikidata_id"": ""Q68155"" } ```",21.638675689697266
NZZ-1838-03-30-a-p0001,2284,2295,Neuen¬ burg,Q12738,LOC,NIL,Neuen¬ burg,"```json { ""wikipedia_page"": """", ""wikidata_id"": ""NIL"" } ```",0
NZZ-1838-03-30-a-p0001,2700,2709,Neuenburg,Q12738,LOC,Q69345,Neuenburg,"```json { ""wikipedia_page"": ""Neuenburg"", ""wikidata_id"": ""Q69345"" } ```",16.82986068725586
NZZ-1838-03-30-a-p0001,4659,4676,Eidgenossenschaft,Q39,LOC,Q435583,Alte Eidgenossenschaft,"```json {""wikipedia_page"":""Alte Eidgenossenschaft"", ""wikidata_id"":""Q435583""} ```",17.000669479370117
NZZ-1848-01-21-a-p0005,2,41,Schweizerische National-Vorsichts-Kassa,NIL,ORG,Q3212982,,"```json { ""wikipedia_page"": ""Schweizerische National-Vorsichts-Kassa"", ""wikidata_id"": ""Q3212982"" } ```",18.367473602294922
NZZ-1848-01-21-a-p0005,83,117,Schweiz. Na¬ sional-Vorsichtskassa,NIL,ORG,Q281001,Bundeskanzlei,"```json { ""wikipedia_page"": ""Bundeskanzlei"", ""wikidata_id"": ""Q281001"" } ```",14.431310653686523
NZZ-1848-01-21-a-p0005,299,319,derrn Oberst Brunner,NIL,PER,Q496397,Andreas Brunner,"Given the input text and the list of candidates, I have analyzed the entity mentioned between the [ENT] tags. The most appropriate Wikidata entity from the provided list that matches the entity tagged with [ENT] is ""Andreas Brunner"" with Wikidata ID ""Q496397"". Here is the JSON-formatted answer: ```json { ""wikipedia_page"": ""Andreas Brunner"", ""wikidata_id"": ""Q496397"" } ```",14.90334701538086
NZZ-1848-01-21-a-p0005,328,340,Herrn Locher,NIL,PER,Q1532483,Paul Locherer,"```json { ""wikipedia_page"": ""Paul Locherer"", ""wikidata_id"": ""Q1532483"" } ```",14.484297752380371
NZZ-1848-01-21-a-p0005,505,516,Herr Locher,NIL,PER,Q117620,Eduard Locher,"{ ""wikipedia_page"": ""Eduard Locher"", ""wikidata_id"": ""Q117620"" }",17.19810676574707
NZZ-1848-01-21-a-p0005,757,776,Hrn. Oberst Brunner,NIL,PER,Q1360798,Ernst Ritter von Brunner,"Based on the provided text and the list of candidates, the entity mentioned between the [ENT] tags, ""Hrn. Oberst Brunner,"" is highly likely to be ""Ernst Ritter von Brunner."" Therefore, the Wikidata ID and Wikipedia page title are as follows: ```json {""wikipedia_page"":""Ernst Ritter von Brunner"", ""wikidata_id"":""Q1360798""} ```",15.011220932006836
NZZ-1848-01-21-a-p0005,1091,1111,Herrn Oberst Brunner,NIL,PER,Q15549957,Philipp Brunner,"```json { ""wikipedia_page"": ""Philipp Brunner"", ""wikidata_id"": ""Q15549957"" } ```",15.62653923034668
NZZ-1848-01-21-a-p0005,1367,1387,Herrn Oberst Brunner,NIL,PER,Q15549957,Philipp Brunner,"```json {""wikipedia_page"":""Philipp Brunner"", ""wikidata_id"":""Q15549957""} ```",13.98043155670166
NZZ-1848-01-21-a-p0005,1920,1974,Direktor der Schweiz. National-Vorsichts-Kassa: Cünier,NIL,PER,Q2325255,Staatsschreiber,"```json { ""wikipedia_page"": ""Staatsschreiber"", ""wikidata_id"": ""Q2325255"" } ```",12.380473136901855
NZZ-1858-04-20-a-p0003,384,391,Simplon,Q471166,LOC,Q667559,Simplonstrecke,"```json { ""wikipedia_page"": ""Simplonstrecke"", ""wikidata_id"": ""Q667559"" } ```",13.214101791381836
NZZ-1858-04-20-a-p0003,651,657,Zürich,Q11943,LOC,Q72,Zürich,"```json { ""wikipedia_page"": ""Zürich"", ""wikidata_id"": ""Q72"" } ```",20.262786865234375
NZZ-1858-04-20-a-p0003,855,861,Zürich,Q11943,LOC,Q72,Zürich,"{ ""wikipedia_page"": ""Zürich"", ""wikidata_id"": ""Q72"" }",24.193073272705078
NZZ-1858-04-20-a-p0003,1164,1174,St. Gallen,Q12746,LOC,Q25607,St. Gallen,"```json { ""wikipedia_page"": ""St. Gallen"", ""wikidata_id"": ""Q25607"" } ```",24.77943992614746
NZZ-1858-04-20-a-p0003,1176,1211,Deutsch-schweizerische Kre¬ ditbank,NIL,ORG,Q248476,Zürcher Kantonalbank,"```json { ""wikipedia_page"": ""Zürcher Kantonalbank"", ""wikidata_id"": ""Q248476"" } ```",23.97285270690918
NZZ-1858-04-20-a-p0003,1236,1261,Herren Georg Dörten¬ bach,Q1693802,PER,Q1505320,Georg Martin Doertenbach,"```json {""wikipedia_page"":""Georg Martin Doertenbach"", ""wikidata_id"":""Q1505320""} ```",16.886314392089844
NZZ-1858-04-20-a-p0003,1277,1294,Karl v. Schätzler,Q1874644,PER,Q1732970,Karl Schädler,"```json { ""wikipedia_page"": ""Karl Schädler"", ""wikidata_id"": ""Q1732970"" } ```",31.178022384643555
NZZ-1858-04-20-a-p0003,1312,1329,Adolph Pestalozzi,NIL,PER,Q105428,Johann Heinrich Pestalozzi,"Based on the provided text and the list of candidates, the entity mentioned between the [ENT] tags is ""Adolph Pestalozzi"". From the list of candidates, the most appropriate Wikidata entity is ""Johann Heinrich Pestalozzi"". Therefore, the JSON-formatted answer is: ```json {""wikipedia_page"":""Johann Heinrich Pestalozzi"", ""wikidata_id"":""Q105428""} ```",27.678186416625977
NZZ-1858-04-20-a-p0003,1334,1340,Zürich,Q72,LOC,Q11943,Kanton Zürich," {""wikipedia_page"":""Kanton Zürich"", ""wikidata_id"":""Q11943""}",22.03238868713379
NZZ-1858-04-20-a-p0003,1434,1457,Herren Albert Erzberger,NIL,PER,Q96316147,Albert Erbslöh,"```json {""wikipedia_page"":""Albert Erbslöh"", ""wikidata_id"":""Q96316147""} ```",18.052827835083008
NZZ-1858-04-20-a-p0003,1472,1484,Max v. Haber,NIL,PER,Q9387,Max Weber,"```json { ""wikipedia_page"": ""Max Weber"", ""wikidata_id"": ""Q9387"" } ```",27.047670364379883
NZZ-1858-04-20-a-p0003,1503,1516,Escher-Bodmer,NIL,PER,Q115569,Alfred Escher,"``` { ""wikipedia_page"": ""Alfred Escher"", ""wikidata_id"": ""Q115569"" } ```",24.06827163696289
NZZ-1858-04-20-a-p0003,1521,1527,Zürich,Q72,LOC,NIL,Zürich,"{""wikipedia_page"":"""", ""wikidata_id"":""NIL""}",0
NZZ-1858-04-20-a-p0003,1634,1660,HH. Prä¬ sident Wirth-Sand,Q16832423,PER,Q3423912,Reinhold Johann Ludwig Samson von Himmelstjerna,"```json { ""wikipedia_page"": ""Reinhold Johann Ludwig Samson von Himmelstjerna"", ""wikidata_id"": ""Q3423912"" } ```",11.482748031616211
NZZ-1858-04-20-a-p0003,1662,1684,Rechtskonsulent Jordan,NIL,PER,Q214620,Sylvester Jordan,"{ ""wikipedia_page"": ""Sylvester Jordan"", ""wikidata_id"": ""Q214620"" }",15.566145896911621
NZZ-1858-04-20-a-p0003,1702,1715,Escher-Bodmer,NIL,PER,Q111442425,Luise Escher-Bodmer,"```json { ""wikipedia_page"": ""Escher-Bodmer"", ""wikidata_id"": ""Q111442425"" } ```",23.2049560546875
NZZ-1858-04-20-a-p0003,1717,1738,v. Schultheß-Rechberg,Q55193349,PER,Q21447363,Anton von Schulthess Rechberg,"{ ""wikipedia_page"": ""Anton von Schulthess Rechberg"", ""wikidata_id"": ""Q21447363"" }",21.688947677612305
NZZ-1858-04-20-a-p0003,1743,1749,Zürich,Q72,LOC,Q9315546,Rathaus Zürich,"{ ""wikipedia_page"": ""Rathaus Zürich"", ""wikidata_id"": ""Q9315546"" }",16.52935028076172
NZZ-1858-04-20-a-p0003,1751,1770,Präsident Bärlocher,Q55683827,PER,Q68806209,Albert Bärlocher,"Based on the input text and the list of candidates, the entity mentioned between the [ENT] tags ""Präsident Bärlocher"" is most likely associated with the candidate: ```json { ""wikipedia_page"": ""Albert Bärlocher"", ""wikidata_id"": ""Q68806209"" } ```",21.26253890991211
NZZ-1858-04-20-a-p0003,1775,1804,St. Gallen Fürsprech Hoffmann,NIL,PER,Q25607,St. Gallen,"```json { ""wikipedia_page"": ""St. Gallen"", ""wikidata_id"": ""Q25607"" } ```",17.653181076049805
NZZ-1858-04-20-a-p0003,1821,1831,Gsell-Lutz,NIL,PER,Q836141,Gleiss Lutz,"{""wikipedia_page"": ""Gleiss Lutz"", ""wikidata_id"": ""Q836141""}",14.334146499633789
NZZ-1858-04-20-a-p0003,1864,1879,Churer Tagblatt,NIL,PROD,Q1020824,Bündner Zeitung,"```json { ""wikipedia_page"": ""Churer Tagblatt"", ""wikidata_id"": ""Q1020824"" } ```",23.920425415039062
NZZ-1858-04-20-a-p0003,2026,2030,Chur,Q69007,LOC,NIL,Chur,"To disambiguate the entities tagged with [ENT] in the given text, let's analyze the provided text and the list of candidates. ### Input Text: ``` h. Es wurde Revision der Statuten beschlossen und zur Prü¬ fung derselben folgende Kommission bestellt: die HH. Prä¬ sident Wirth-Sand, Rechtskonsulent Jordan von Stutt¬ gart, Escher-Bodmer, v. Schultheß-Rechberg von Zürich, Präsident Bärlocher von St. Gallen Fürsprech Hoffmann von St. Gallen, Gsell-Lutz in St. Gallen. Bünden. Laut dem Churer Tagblatt hat der Kleine Rath die Genehmigung der Statuten der Vereinigten Schweizerbahnen an die Bedingung geknüpft, daß die Haupt¬ maschinenwerkstätte in [ENT] Chur [ENT] Errichtung werde. Appenzell A. Rh. Die Revisionsversammlung in Waldstatt war von 500 Männern besucht. Genf. Der belgische „Nord"" glaubt, Hr. James Fazy sei der Konsulate wegen (!) nach Paris gekommen. Neuenburg. Die neuenburgische Exportgesellschaft hat am 10. d. in Paris mit Ferru",0
NZZ-1858-04-20-a-p0003,2132,2136,Genf,Q11917,LOC,Q71,Genf,"```json {""wikipedia_page"":""Genf"", ""wikidata_id"":""Q71""} ```",24.513288497924805
NZZ-1858-04-20-a-p0003,2153,2157,Nord,NIL,PROD,Q541879,Compagnie des chemins de fer du Nord,"```json {""wikipedia_page"": ""Compagnie des chemins de fer du Nord"", ""wikidata_id"": ""Q541879""} ```",8.613446235656738
NZZ-1858-04-20-a-p0003,2231,2240,Neuenburg,Q12738,LOC,Q69345,Neuenburg,"{""wikipedia_page"":""Neuenburg"", ""wikidata_id"":""Q69345""}",17.76697540283203
NZZ-1858-04-20-a-p0003,2307,2319,Ferrukh-Khan,Q1249837,PER,Q5436509,Faruk Khan,"``` { ""wikipedia_page"": ""Faruk Khan"", ""wikidata_id"": ""Q5436509"" } ```",11.112445831298828
NZZ-1858-04-20-a-p0003,2399,2406,Persien,Q83311,LOC,Q794,Iran,"```json { ""wikipedia_page"": ""Persien"", ""wikidata_id"": ""Q794"" } ```",22.510974884033203
NZZ-1868-02-17-a-p0001,123,134,Nordamerika,Q49,LOC,Q30,Vereinigte Staaten,"```json {""wikipedia_page"":""Vereinigte Staaten"", ""wikidata_id"":""Q30""} ```",18.35481834411621
NZZ-1868-02-17-a-p0001,207,214,England,Q21,LOC,Q179876,Königreich England,"Based on the provided text and candidate list, the entities mentioned within the [ENT] tags are ""England"" and ""England"". Given the candidate list, the most appropriate Wikidata entity for ""England"" in this context is ""Königreich England"" with the Wikidata ID ""Q179876"". Here's the JSON response: ```json {""wikipedia_page"": ""Königreich England"", ""wikidata_id"": ""Q179876""} ```",20.119670867919922
NZZ-1868-02-17-a-p0001,618,625,England,Q21,LOC,Q23666,Großbritannien,"Based on the analysis of the provided input text and the list of candidates: ```json {""wikipedia_page"":""Großbritannien"", ""wikidata_id"":""Q23666""} ```",10.521610260009766
NZZ-1868-02-17-a-p0001,1719,1735,Königreichs Siam,Q1155700,LOC,Q869,Thailand,"```json { ""wikipedia_page"": ""Thailand"", ""wikidata_id"": ""Q869"" } ```",20.942798614501953
NZZ-1868-02-17-a-p0001,2436,2444,Galizien,Q180086,LOC,Q2396442,Königreich Galizien und Lodomerien,"Based on the input text and the provided list of candidates, the entities marked between the [ENT] tags are ""Galizien"" and ""Galizien"". Here is the JSON response: ```json {""wikipedia_page"":""Königreich Galizien und Lodomerien"", ""wikidata_id"":""Q2396442""} ``` The entity ""Galizien"" is most likely referring to ""Königreich Galizien und Lodomerien"" as it is the most relevant historical context in the given list of candidates. The entity ""Galizien"" in the input text is not explicitly present in the candidate list, so it is reasonable to disambiguate it to the closest candidate with a high confidence level.",21.34144401550293
NZZ-1868-02-17-a-p0001,2614,2623,Leutschau,Q242478,LOC,Q669693,Litschau,"```json { ""wikipedia_page"": ""Litschau"", ""wikidata_id"": ""Q669693"" } ```",19.724647521972656
NZZ-1868-02-17-a-p0001,2731,2742,Oesterreich,Q533534,LOC,Q131964,Kaisertum Österreich,"Based on the input text and the provided list of candidates, the entity mentioned between the [ENT] tags is ""Österreich"". Given the historical context mentioned in the text, the most appropriate Wikidata entity is ""Kaisertum Österreich"" (Q131964). Here is the JSON response: ```json {""wikipedia_page"":""Kaisertum Österreich"", ""wikidata_id"":""Q131964""} ```",20.024227142333984
NZZ-1868-02-17-a-p0001,3170,3197,Lieutenant v. Tschirschnitz,Q28737714,PER,Q28739734,Wilhelm von Tschirschnitz,"```json {""wikipedia_page"":""Wilhelm von Tschirschnitz"", ""wikidata_id"":""Q28739734""} ```",18.481124877929688
NZZ-1868-02-17-a-p0001,3359,3377,Deputirten Mellana,NIL,PER,Q63807323,Filippo Mellana,"The entity tagged between the [ENT] tags is ""Deputirten Mellana"". Based on the provided candidates, the most appropriate Wikidata entity for this name, given the context and the historical period, is ""Filippo Mellana"". Therefore, the response is: ```json {""wikipedia_page"":""Filippo Mellana"", ""wikidata_id"":""Q63807323""} ```",12.317131042480469
NZZ-1868-02-17-a-p0001,3461,3468,Pungolo,NIL,PROD,Q64066107,Girolamo Pongelli,"```json { ""wikipedia_page"": ""Girolamo Pongelli"", ""wikidata_id"": ""Q64066107"" } ```",11.410350799560547
NZZ-1868-02-17-a-p0001,4739,4758,Senator Montlaville,NIL,PER,Q15969487,Antoine de Chapuys de Montlaville,"Based on the provided input text, the entity mentioned between the [ENT] tags is ""Montlaville"". Given the list of candidates, the closest match with high confidence is Antoine de Chapuys de Montlaville. Here is the JSON response: ```json {""wikipedia_page"":""Antoine de Chapuys de Montlaville"", ""wikidata_id"":""Q15969487""} ```",13.695961952209473
NZZ-1868-02-17-a-p0001,4809,4823,Marquis Boissy,Q3135539,PER,Q364931,Louis de Boissy,"{""wikipedia_page"": ""Louis de Boissy"", ""wikidata_id"": ""Q364931""} I have selected the entity ""Louis de Boissy"" from the list of candidates as the most appropriate match for the [ENT] tags based on the context.",20.410472869873047
NZZ-1868-02-17-a-p0001,5483,5487,Mond,Q405,LOC,NIL,Mond,"```json {""wikipedia_page"":"""", ""wikidata_id"":""NIL""} ```",0
NZZ-1868-02-17-a-p0001,5706,5723,Astronom Gassendi,Q192315,PER,Q11063,Astronom,"```json { ""wikipedia_page"": ""Astronom"", ""wikidata_id"": ""Q11063"" } ```",18.39691734313965
NZZ-1878-01-07-b-p0002,90,104,Cornet Burenie,NIL,PER,Q4099545,Nikolai Burenin,"```json {""wikipedia_page"": ""Nikolai Burenin"", ""wikidata_id"": ""Q4099545""} ```",12.610877990722656
NZZ-1878-01-07-b-p0002,109,115,Uralsk,Q487439,LOC,Q4476704,Uralsk,"Based on the provided text, the entity mentioned between the [ENT] tags is ""Uralsk"". From the list of candidates, the most appropriate Wikidata entity for this mention is: ```json {""wikipedia_page"": ""Uralsk"", ""wikidata_id"": ""Q4476704""} ```",16.201602935791016
NZZ-1878-01-07-b-p0002,120,130,Donauarmee,NIL,ORG,Q1653,Donau,"```json { ""wikipedia_page"": ""Donau"", ""wikidata_id"": ""Q1653"" } ```",18.44659996032715
NZZ-1878-01-07-b-p0002,259,281,russische Jeanne d'Arc,Q7226,PER,Q55596444,,"```json {""wikipedia_page"": ""Tatjana Schukhlin"", ""wikidata_id"": ""Q55596444""} ```",13.624963760375977
NZZ-1878-01-07-b-p0002,555,572,Fräulein Shukalin,NIL,PER,Q4133327,Nadeschda Ossipowna Puschkina,"```json {""wikipedia_page"": ""Nadeschda Ossipowna Puschkina"", ""wikidata_id"": ""Q4133327""} ```",14.777626037597656
NZZ-1878-01-07-b-p0002,1004,1074,"Stabschef der aktiven Armee, dem General-Adjutanten Ne¬ pokoitschizkij",NIL,PER,Q1053745,Stabsoffizier,"```json { ""wikipedia_page"": ""Stabsoffizier"", ""wikidata_id"": ""Q1053745"" } ```",12.191104888916016
NZZ-1878-01-07-b-p0002,1173,1191,Fräuleins Shukalin,NIL,PER,Q4133327,Nadeschda Ossipowna Puschkina,"```json {""wikipedia_page"": ""Nadeschda Ossipowna Puschkina"", ""wikidata_id"": ""Q4133327""} ```",12.893712043762207
NZZ-1878-01-07-b-p0002,1740,1746,Uralsk,NIL,LOC,Q4476704,Uralsk,"Based on the provided text and the list of candidates, the most appropriate Wikidata entity for the entity marked by [ENT] tags is: ```json {""wikipedia_page"": ""Uralsk"", ""wikidata_id"": ""Q4476704""} ``` Explanation: The text mentions ""Uralsk"" twice, which is a village (Dorf) in the Utschalinski rajon, Russia. Given the context of the text and the list of candidates, this is the most confident match.",21.405466079711914
NZZ-1878-01-07-b-p0002,2016,2024,Sai¬ zew,NIL,PER,Q4184375,Wassili Alexandrowitsch Saizew,"```json {""wikipedia_page"": ""Wassili Alexandrowitsch Saizew"", ""wikidata_id"": ""Q4184375""} ```",12.445343017578125
NZZ-1878-01-07-b-p0002,2034,2040,Saizew,NIL,PER,Q12806435,Saizew/Sajzew,"Based on the given input text and the list of candidates, the most appropriate Wikidata entity for the reference marked by [ENT] tags is: ```json {""wikipedia_page"": ""Saizew/Sajzew"", ""wikidata_id"": ""Q12806435""} ``` This answer is based on the context of the text and the provided list of candidates.",17.858051300048828
NZZ-1878-01-07-b-p0002,3209,3223,Dr. Hantelmann,NIL,PER,Q1275152,Hans Hantelmann,"Based on the provided input text and the JSON list of candidates, the entity mentioned between the [ENT] tags is ""Dr. Hantelmann"". The most appropriate Wikidata entity from the list of candidates is ""Hans Hantelmann"", who is a German Orgelbauer. Here is the JSON-formatted answer: ```json {""wikipedia_page"": ""Hans Hantelmann"", ""wikidata_id"": ""Q1275152""} ```",20.998117446899414
NZZ-1878-01-07-b-p0002,3319,3330,Arbeitgeber,NIL,PROD,Q3053337,Arbeitgeber,"{ ""wikipedia_page"": ""Arbeitgeber"", ""wikidata_id"": ""Q3053337"" }",12.9141206741333
NZZ-1878-01-07-b-p0002,3378,3388,Schwalbach,Q686818,LOC,Q632432,Schwalbach am Taunus,"```json { ""wikipedia_page"": ""Schwalbach am Taunus"", ""wikidata_id"": ""Q632432"" } ```",23.747543334960938
NZZ-1878-01-07-b-p0002,3708,3720,Kronst. Ztg.,NIL,PROD,Q107742706,Kronstädter Zeitung,"```json { ""wikipedia_page"": ""Kronstädter Zeitung"", ""wikidata_id"": ""Q107742706"" } ```",10.641090393066406
NZZ-1878-01-07-b-p0002,4801,4808,Amerika,Q30,LOC,NIL,Amerika,"Input Text: Sechs Mann sind im Schnee liegen geblieben und erfroren; was mit den Uebrigen geschehen, ist unseren Gewährsmän¬ nern nicht bekannt. Thatsache ist es jedoch, daß von der gesammten Fracht, deren Werth mit 8000 Napoleond'ors angegeben war, nichts mehr vorhanden ist. — (Englische Bücherproduktion.) Während der deutsche Büchermarkt im Jahr 1877 16,437 Novitäten zu verzeich¬ nen hatte, sind im Jahr 1877 im englischen Buchhandel nur etwa 6000 neue Werke (worunter mehr als 2000 neue Auflagen) und aus [ENT] Amerika [ENT] importirte Bücher erschienen. Jedenfalls ist die deutsche Bücherproduktion viel zu groß und die Verbreitung der wirklich guten Bücher zum Theil in Folge hievon zu klein. — (Die Orden der Welt.) Alle Diejenigen, welche wie Theobald Ziegler glauben, daß ohne den Besitz eines Ordens der Mensch sein höchstes Ziel auf Erden nicht er¬ reichen könne, dürfte die Nachricht interessiren, daß es auf Erden 153 verschiedene Orden",0
NZZ-1878-01-07-b-p0002,5735,5742,Preußen,Q38872,LOC,Q27306,Königreich Preußen,"```json {""wikipedia_page"":""Königreich Preußen"", ""wikidata_id"":""Q27306""} ```",22.187435150146484
NZZ-1878-01-07-b-p0002,5849,5865,General v. Mülbe,Q52106011,PER,Q52106046,Otto von der Mülbe,"```json { ""wikipedia_page"": ""Otto von der Mülbe"", ""wikidata_id"": ""Q52106046"" } ```",24.147350311279297
NZZ-1878-01-07-b-p0002,5997,6007,Königgrätz,Q180139,LOC,Q154942,Schlacht bei Königgrätz,"```json { ""wikipedia_page"": ""Schlacht bei Königgrätz"", ""wikidata_id"": ""Q154942"" } ```",24.26757049560547
NZZ-1878-01-07-b-p0002,6054,6061,Preußen,Q38872,LOC,Q27306,Königreich Preußen,"```json {""wikipedia_page"": ""Königreich Preußen"", ""wikidata_id"": ""Q27306""} ```",19.42142677307129
NZZ-1888-03-08-b-p0002,9,20,Deutschland,Q1206012,LOC,Q183,Deutschland,"```json { ""wikipedia_page"": ""Deutschland"", ""wikidata_id"": ""Q183"" } ```",20.510587692260742
NZZ-1888-03-08-b-p0002,1479,1490,Blankenburg,Q111102,PER,Q122675,Werner Blankenburg,"Based on the analysis of the provided text, the entity mentioned between the [ENT] tags is ""Blankenburg"". Among the provided candidates, the most appropriate match with high confidence is ""Werner Blankenburg"" based on the context of the text, which discusses a German politician's views on Jewish equality. Here is the JSON response: ```json {""wikipedia_page"": ""Werner Blankenburg"", ""wikidata_id"": ""Q122675""} ```",22.904874801635742
NZZ-1888-03-08-b-p0002,1740,1750,Frankreich,Q70802,LOC,Q142,Frankreich,"Based on the provided text and the list of candidates, the entity mentioned between the `[ENT]` tags is ""Frankreich"". The most appropriate Wikidata entity from the list of candidates is ""Frankreich"" with the Wikidata ID ""Q142"" and the Wikipedia page title ""Frankreich"". Here is the JSON-formatted answer: ```json {""wikipedia_page"": ""Frankreich"", ""wikidata_id"": ""Q142""} ```",20.049396514892578
NZZ-1888-03-08-b-p0002,1837,1855,Faubourg du Temple,Q1037624,LOC,Q1067494,Temple,"```json { ""wikipedia_page"": ""Faubourg du Temple"", ""wikidata_id"": ""Q1067494"" } ```",23.351158142089844
NZZ-1888-03-08-b-p0002,2160,2180,Dynamithelden Cyvoct,Q17350092,PER,Q67180088,Dynamite the Dog,"Based on the provided text and the list of candidates, the entity mentioned between the [ENT] tags, ""Dynamithelden Cyvoct"" and ""Gallo"", refers to individuals who are known for their involvement with dynamite. The most fitting candidate from the list that matches this description is ""Dynamite the Dog"". Here is the JSON object with the corresponding Wikipedia page title and Wikidata ID: ```json {""wikipedia_page"": ""Dynamite the Dog"", ""wikidata_id"": ""Q67180088""} ```",10.968915939331055
NZZ-1888-03-08-b-p0002,2185,2190,Gallo,Q16929990,PER,Q352506,Constantius Gallus,"```json { ""wikipedia_page"": ""Constantius Gallus"", ""wikidata_id"": ""Q352506"" } ```",13.34453296661377
NZZ-1888-03-08-b-p0002,3101,3106,Lucas,NIL,PER,Q2959704,Charles Lucas,"```json { ""wikipedia_page"": ""Charles Lucas"", ""wikidata_id"": ""Q2959704"" } ```",12.241342544555664
NZZ-1888-03-08-b-p0002,3938,3959,serbische Skupschtina,Q920222,ORG,Q25392289,Skupština,"```json { ""wikipedia_page"": ""Skupština"", ""wikidata_id"": ""Q25392289"" } ```",17.034854888916016
NZZ-1888-03-08-b-p0002,4149,4160,Oesterreich,Q40,LOC,Q28513,Österreich-Ungarn,"```json {""wikipedia_page"":""Österreich-Ungarn"", ""wikidata_id"":""Q28513""} ```",21.37773895263672
NZZ-1888-03-08-b-p0002,4459,4484,rus¬ sischen Panslavismus,Q182267,PROD,NIL,rus¬ sischen Panslavismus,"```json {""wikipedia_page"":"""", ""wikidata_id"":""NIL""} ```",0
NZZ-1888-03-08-b-p0002,4812,4819,Bosnien,Q225,LOC,NIL,Bosnien,"Based on the input text and given list of candidates, I will analyze and disambiguate the entity mentioned between the [ENT] tags. Input Text: ``` verfolgten, und daß sie Genugthuung empfinden über die eklatante Niederlage des Herrn Ristitsch, zumal letzterer jetzt offen als Parteigänger des rus¬ sischen Panslavismus auftrat. Aber die Freude über seine Niederlage wird gemildert durch die Er¬ wägung, daß es die Radikalen sind, welche als Sieger hervorgingen. Es ist noch nicht lange her, daß die radikale Partei in Serbien zu den ge¬ schworensten Feinden Oesterreichs gehörte. Das Programm ihrer auswärtigen Politik lau¬ tete kurz und bündig: [ENT] Bosnien [ENT]. Weil König Milan sich zu dieser Politik nicht bekennen wollte, vielmehr ein freundschaftliches Verhältniß zu der benachbarten mächtigen Monarchie unterhielt, wurden die Radi¬ kalen von tödtlichem Hasse gegen die Person des Königs erfüllt, und vor fünf Jahren versuchten sie sogar auf gewaltsame Weise den König zu stürzen und eine panslavistisch gesinnte Regierung",0
NZZ-1898-12-05-b-p0005,22,27,China,Q148,LOC,Q865,Republik China,"```json { ""wikipedia_page"": ""Republik China"", ""wikidata_id"": ""Q865"" } ```",11.64434814453125
NZZ-1898-12-05-b-p0005,329,354,Partei der Jung¬ chinesen,NIL,ORG,Q11036347,Jungchina-Vereinigung,"```json { ""wikipedia_page"": ""Jungchina-Vereinigung"", ""wikidata_id"": ""Q11036347"" } ```",18.840837478637695
NZZ-1898-12-05-b-p0005,696,710,Reform¬ partei,Q1203735,ORG,Q950326,Tongmenghui,"```json {""wikipedia_page"":""Tongmenghui"", ""wikidata_id"":""Q950326""} ```",13.727381706237793
NZZ-1898-12-05-b-p0005,1085,1091,Chinas,Q148,LOC,Q12060881,Kaiserreich China,"```json { ""wikipedia_page"": ""Kaiserreich China"", ""wikidata_id"": ""Q12060881"" } ```",16.5022029876709
NZZ-1898-12-05-b-p0005,1247,1275,Ew. Majestät den Marquis Ito,Q174971,PER,Q15700479,,"{""wikipedia_page"":""Marquis Ito"", ""wikidata_id"":""Q15700479""}",11.754851341247559
NZZ-1898-12-05-b-p0005,1451,1457,Chinas,Q148,LOC,Q12060881,Kaiserreich China,"```json { ""wikipedia_page"": ""Kaiserreich China"", ""wikidata_id"": ""Q12060881"" } ```",19.687789916992188
NZZ-1898-12-05-b-p0005,1935,1940,China,Q148,LOC,Q12060881,Kaiserreich China,"```json {""wikipedia_page"": ""Kaiserreich China"", ""wikidata_id"": ""Q12060881""} ```",18.12289810180664
NZZ-1898-12-05-b-p0005,2087,2093,Chinas,Q148,LOC,Q29520,China,"```json {""wikipedia_page"":""China"", ""wikidata_id"":""Q29520""} ```",18.90009880065918
NZZ-1898-12-05-b-p0005,2566,2574,Amerikas,Q828,LOC,Q49,Nordamerika,"```json { ""wikipedia_page"": ""Nordamerika"", ""wikidata_id"": ""Q49"" } ```",11.96685791015625
NZZ-1898-12-05-b-p0005,2983,2988,Japan,Q17,LOC,Q188712,Japanisches Kaiserreich,"```json { ""wikipedia_page"": ""Japanisches Kaiserreich"", ""wikidata_id"": ""Q188712"" } ```",17.23996353149414
NZZ-1898-12-05-b-p0005,2993,3000,England,Q21,LOC,Q179876,Königreich England,"```json {""wikipedia_page"":""Königreich England"", ""wikidata_id"":""Q179876""} ```",19.618066787719727
NZZ-1898-12-05-b-p0005,3034,3041,Rußland,Q34266,LOC,Q159,Russland,"```json { ""wikipedia_page"": ""Russland"", ""wikidata_id"": ""Q159"" } ```",23.76637077331543
NZZ-1898-12-05-b-p0005,3239,3248,Eng¬ land,Q21,LOC,Q145,Vereinigtes Königreich,"```json {""wikipedia_page"":""Vereinigtes Königreich"", ""wikidata_id"":""Q145""} ```",15.437665939331055
NZZ-1898-12-05-b-p0005,3277,3285,Rußlands,Q34266,LOC,Q159,Russland,"```json { ""wikipedia_page"": ""Russland"", ""wikidata_id"": ""Q159"" } ```",23.249719619750977
NZZ-1898-12-05-b-p0005,3359,3364,Japan,Q17,LOC,Q188712,Japanisches Kaiserreich,"```json { ""wikipedia_page"": ""Japanisches Kaiserreich"", ""wikidata_id"": ""Q188712"" } ```",16.053922653198242
NZZ-1898-12-05-b-p0005,3434,3439,Japan,Q17,LOC,Q188712,Japanisches Kaiserreich,"Based on the given input text, the entity mentioned between the [ENT] tags is ""Japan"". From the list of candidates, the most appropriate Wikidata entity for ""Japan"" is ""Japanisches Kaiserreich"" (Q188712). Therefore, the JSON-formatted answer is: ```json {""wikipedia_page"": ""Japanisches Kaiserreich"", ""wikidata_id"": ""Q188712""} ```",15.201375007629395
NZZ-1898-12-05-b-p0005,3524,3529,China,Q148,LOC,Q29520,China,"```json {""wikipedia_page"": ""China"", ""wikidata_id"": ""Q29520""} ```",20.444129943847656
NZZ-1898-12-05-b-p0005,3667,3672,Japan,Q17,LOC,Q188712,Japanisches Kaiserreich,"```json { ""wikipedia_page"": ""Japanisches Kaiserreich"", ""wikidata_id"": ""Q188712"" } ```",16.970653533935547
NZZ-1898-12-05-b-p0005,4091,4096,Japan,Q17,LOC,Q188712,Japanisches Kaiserreich,"```json {""wikipedia_page"":""Japanisches Kaiserreich"", ""wikidata_id"":""Q188712""} ```",18.735015869140625
NZZ-1898-12-05-b-p0005,4261,4267,Japans,Q17,LOC,Q188712,Japanisches Kaiserreich,"```json { ""wikipedia_page"": ""Japans"", ""wikidata_id"": ""Q188712"" } ```",17.1369686126709
NZZ-1898-12-05-b-p0005,4313,4320,England,Q21,LOC,Q1860,Englisch,"Given the input text and the list of Wikidata candidates, the entity mentioned between the [ENT] tags is ""England."" Based on the context and the historical period, the most appropriate Wikidata entity is ""Englisch"" (British Empire). Here is the JSON response: ```json {""wikipedia_page"":""Englisch"", ""wikidata_id"":""Q1860""} ```",16.002803802490234
NZZ-1898-12-05-b-p0005,4827,4832,China,Q148,LOC,Q29520,China,"Based on the provided context and the list of candidates, the entity mentioned between the [ENT] tags in the text is ""China"". Among the candidates, the most suitable Wikidata entity for this context is ""Kulturraum in Ostasien"" with the Wikidata ID Q29520. Here is the JSON response: ```json {""wikipedia_page"":""Kulturraum in Ostasien"", ""wikidata_id"":""Q29520""} ```",18.385425567626953
NZZ-1898-12-05-b-p0005,4837,4842,Japan,Q17,LOC,Q188712,Japanisches Kaiserreich,"{""wikipedia_page"": ""Japanisches Kaiserreich"", ""wikidata_id"": ""Q188712""}",19.943620681762695
NZZ-1898-12-05-b-p0005,5068,5078,Ho-Wen-Bao,NIL,PROD,Q17039902,,"```json { ""wikipedia_page"": ""Ho-Wen-Bao"", ""wikidata_id"": ""Q17039902"" } ```",14.823736190795898
NZZ-1908-01-19-a-p0001,282,293,Schmidstube,NIL,LOC,Q229906,Zunfthaus zur Meisen,"```json { ""wikipedia_page"": ""Zunfthaus zur Meisen"", ""wikidata_id"": ""Q229906"" } ``` In the given text, the [ENT] tags refer to ""Schmidstube"" and ""Schmid"". Based on the JSON list of candidates, ""Zunfthaus zur Meisen"" is the most appropriate Wikidata entity for this context.",18.16676902770996
NZZ-1908-01-19-a-p0001,301,352,"Oberst Richard, Sekretär der Zürcher Handelskammer,",NIL,PER,Q1391766,Joseph Richard,"Based on the provided input text and the list of candidates, the entity mentioned between the [ENT] tags is ""Oberst Richard."" The most appropriate match from the list of candidates is: ```json { ""wikipedia_page"": ""Joseph Richard"", ""wikidata_id"": ""Q1391766"" } ```",19.173683166503906
NZZ-1908-01-19-a-p0001,562,575,HH. Dr. Stoll,NIL,PER,Q1598981,Heinrich Stoll,"Considering the input text and the provided list of candidates, the entity mentioned between the [ENT] tags is ""Heinrich Dr. Stoll"" and ""Ulrico Vollenweider"". The candidate that matches with high confidence is: ```json {""wikipedia_page"": ""Heinrich Stoll"", ""wikidata_id"": ""Q1598981""} ``` Therefore, the JSON-formatted answer is: ```json {""wikipedia_page"":""Heinrich Stoll"", ""wikidata_id"":""Q1598981""} ```",14.065141677856445
NZZ-1908-01-19-a-p0001,577,596,Ulrico Vollenweider,NIL,PER,Q29212089,Ulrich Walwei,"```json {""wikipedia_page"":""Ulrich Walwei"", ""wikidata_id"":""Q29212089""} ```",24.775604248046875
NZZ-1908-01-19-a-p0001,615,629,Müller-Jelmoli,NIL,PER,Q1666459,Josef Müller,"```json { ""wikipedia_page"": ""Josef Müller"", ""wikidata_id"": ""Q1666459"" } ```",19.881906509399414
NZZ-1908-01-19-a-p0001,631,655,"Ri¬ chard, Dr. Schärtlin",NIL,PER,Q33093795,Richard Schneider,"Based on the input text, the entities mentioned between the [ENT] tags are: 1. [ENT] Ri¬ chard 2. [ENT] Dr. Schärtlin Given the list of candidates, the most appropriate Wikidata entities for these entities are: 1. [ENT] Ri¬ chard -> Richard Schneider (Wikidata ID: Q33093795) 2. [ENT] Dr. Schärtlin -> NIL (none of the candidates match with high confidence) Therefore, the JSON output is: ```json {""wikipedia_page"":""Richard Schneider"", ""wikidata_id"":""Q33093795""} ```",14.508157730102539
NZZ-1908-01-19-a-p0001,1079,1093,Oberst Richard,NIL,PER,Q78801003,Richard von Bibra,"```json { ""wikipedia_page"": ""Richard von Bibra"", ""wikidata_id"": ""Q78801003"" } ```",12.669605255126953
NZZ-1908-01-19-a-p0001,3752,3758,Bundes,Q675794,ORG,Q30917,Schweizerischer Bundesrat,"Based on the provided text and candidate list, the entity mentioned between the [ENT] tags is most likely the ""Bundesrat."" Here's the JSON output: ```json {""wikipedia_page"":""Schweizerischer Bundesrat"", ""wikidata_id"":""Q30917""} ``` The entity ""Bundesrat"" is confidently identified as the ""Schweizerischer Bundesrat"" with the Wikidata ID Q30917.",14.861600875854492
NZZ-1908-01-19-a-p0001,4740,4751,Deutschland,Q1206012,LOC,NIL,Deutschland,"```json { ""wikipedia_page"": ""NIL"", ""wikidata_id"": ""NIL"" } ```",0
NZZ-1908-01-19-a-p0001,4952,4956,Wien,Q1741,LOC,NIL,Wien,"{""wikipedia_page"":"""", ""wikidata_id"":""NIL""}",0
NZZ-1908-01-19-a-p0001,5389,5396,Holland,Q55,LOC,Q476033,Niederlande,"```json {""wikipedia_page"": ""Niederlande"", ""wikidata_id"": ""Q476033""} ```",12.955116271972656
NZZ-1908-01-19-a-p0001,7989,8000,Deutschland,Q1206012,LOC,Q183,Deutschland,"```json {""wikipedia_page"":""Deutschland"", ""wikidata_id"":""Q183""} ```",19.506000518798828
NZZ-1908-01-19-a-p0001,8512,8522,Frankreich,Q70802,LOC,Q142,Frankreich,"{""wikipedia_page"": ""Frankreich"", ""wikidata_id"": ""Q142""}",20.39494514465332
NZZ-1908-01-19-a-p0001,10640,10646,Bundes,Q675794,ORG,Q1005903,Bundesebene (Deutschland),"```json {""wikipedia_page"":""Bundesebene (Deutschland)"", ""wikidata_id"":""Q1005903""} ```",16.80482292175293
NZZ-1908-01-19-a-p0001,11869,11873,Bund,Q675794,ORG,Q39,Schweiz,"```json {""wikipedia_page"": ""Schweiz"", ""wikidata_id"": ""Q39""} ```",15.088400840759277
NZZ-1908-01-19-a-p0001,13554,13573,Nationalrat A. Frey,NIL,PER,Q4348899,Alexander Frey,"Based on the provided text and list of candidates, the entity mentioned between the [ENT] tags, ""Nationalrat A. Frey,"" corresponds to the candidate with the Wikipedia page title ""Alexander Frey"" and the Wikidata ID ""Q4348899."" ```json {""wikipedia_page"": ""Alexander Frey"", ""wikidata_id"": ""Q4348899""} ```",18.796661376953125
NZZ-1908-01-19-a-p0001,14310,14322,Arbeiterbund,Q1084142,ORG,Q668944,Schweizerischer Gewerkschaftsbund,"Based on the input text and the provided list of candidates, the entity [ENT] refers to the Schweizerischer Gewerkschaftsbund. Here is the JSON-formatted answer: ```json {""wikipedia_page"":""Schweizerischer Gewerkschaftsbund"", ""wikidata_id"":""Q668944""} ```",22.622724533081055
NZZ-1908-01-19-a-p0001,14324,14337,Gewerbeverein,Q693891,ORG,Q1520478,Gewerbeverein,"{""wikipedia_page"": ""Gewerbeverein"", ""wikidata_id"": ""Q1520478""} The entity ""Gewerbeverein"" mentioned in the text corresponds to the Wikidata ID ""Q1520478"" and has the Wikipedia page title ""Gewerbeverein"".",24.33365249633789
NZZ-1908-01-19-a-p0001,14624,14638,Prof. Zürchers,NIL,PER,Q55847233,Emil Zürcher,"Based on the provided input text and the list of candidates, the entities mentioned between the [ENT] tags are ""Prof. Zürchers"" and ""Zürcher"". From the list of candidates, the most appropriate Wikidata entity for ""Prof. Zürchers"" is ""Emil Zürcher"" (Q55847233), and for ""Zürcher"", it is ""Josef Durrer"" (Q1704509). Here is the JSON response: ```json { ""wikipedia_page"": ""Emil Zürcher"", ""wikidata_id"": ""Q55847233"" }, { ""wikipedia_page"": ""Josef Durrer"", ""wikidata_id"": ""Q1704509"" } ```",20.258567810058594
NZZ-1908-01-19-a-p0001,14712,14716,Frey,NIL,PER,Q56875455,Erich Frey,"Based on the provided candidates and the text, the most likely match for the entity mentioned between the [ENT] tags is: ```json {""wikipedia_page"": ""Erich Frey"", ""wikidata_id"": ""Q56875455""} ``` Here's the reasoning: - In the context of the text, ""Frey"" is mentioned in a political and legal context, suggesting a person involved in law or politics. - The candidate ""Erich Frey"" (born 1882) is a German Rechtsanwalt (lawyer) and author, which aligns well with the text referring to a legal decision or response. - The other candidates listed either do not fit the context well or have names that do not match the entity mentioned in the text.",21.13689613342285
NZZ-1908-01-19-a-p0001,14825,14867,"ld, Verwalter der Baugewerbekasse, Zürich,",NIL,PER,Q20012503,Zürcher Handelskammer,"```json { ""wikipedia_page"": ""Zürcher Handelskammer"", ""wikidata_id"": ""Q20012503"" } ```",11.149803161621094
NZZ-1908-01-19-a-p0001,15239,15248,Berchtold,NIL,PER,Q93371,Leopold Berchtold,"```json { ""wikipedia_page"": ""Leopold Berchtold"", ""wikidata_id"": ""Q93371"" } ```",14.860068321228027
NZZ-1908-01-19-a-p0001,15350,15359,Berchtold,NIL,PER,Q93371,Leopold Berchtold,"Here is the JSON response: ```json {""wikipedia_page"":""Leopold Berchtold"", ""wikidata_id"":""Q93371""} ```",18.390241622924805
NZZ-1908-01-19-a-p0001,15927,15938,Boos-Jegher,Q31271042,PER,Q12348952,Holger Boos,"```json {""wikipedia_page"":""Holger Boos"", ""wikidata_id"":""Q12348952""} ```",20.61505126953125
NZZ-1918-09-09-c-p0002,72,77,Wolff,Q552226,ORG,Q71110,Wilhelm Wolff,"{""wikipedia_page"": ""Wilhelm Wolff"", ""wikidata_id"": ""Q71110""}",12.756604194641113
NZZ-1918-09-09-c-p0002,141,157,Ploegsteertwalde,Q3016976,LOC,Q2351222,Ploegsteert,"```json { ""wikipedia_page"": ""Ploegsteert"", ""wikidata_id"": ""Q2351222"" } ```",10.573760986328125
NZZ-1918-09-09-c-p0002,165,179,La Basséekanal,Q1032668,LOC,Q375776,La Bassée,"```json { ""wikipedia_page"": ""La Bassée"", ""wikidata_id"": ""Q375776"" } ```",19.8437557220459
NZZ-1918-09-09-c-p0002,377,400,Straße Péronne¬ Cambrai,NIL,LOC,Q3451036,,"{""wikipedia_page"":"""", ""wikidata_id"":""Q3451036""}",13.101354598999023
NZZ-1918-09-09-c-p0002,478,492,Goureau¬ court,Q1117354,LOC,Q59231,Gouraincourt,"{""wikipedia_page"": ""Gouraincourt"", ""wikidata_id"": ""Q59231""}",15.720539093017578
NZZ-1918-09-09-c-p0002,493,498,Epehy,Q81992,LOC,Q203234,Schlacht von Épehy,"Based on the provided input text and the list of candidates, the entity mentioned between the [ENT] tags appears to be ""Épehy"". Among the list of candidates, the most appropriate Wikidata entity is: ```json {""wikipedia_page"":""Schlacht von Épehy"", ""wikidata_id"":""Q203234""} ```",21.093074798583984
NZZ-1918-09-09-c-p0002,680,691,Crozatkanal,Q1032591,LOC,Q135388,Canal de l’Est,"```json {""wikipedia_page"": ""Canal de l’Est"", ""wikidata_id"": ""Q135388""} ```",19.640958786010742
NZZ-1918-09-09-c-p0002,762,767,Aisne,Q41962,LOC,Q3093,Département Aisne,"```json {""wikipedia_page"":""Département Aisne"", ""wikidata_id"":""Q3093""} ```",22.58714485168457
NZZ-1918-09-09-c-p0002,1020,1029,Champagne,Q2428809,LOC,Q989093,Winterschlacht in der Champagne,"```json { ""wikipedia_page"": ""Winterschlacht in der Champagne"", ""wikidata_id"": ""Q989093"" } ```",17.160030364990234
NZZ-1918-09-09-c-p0002,1537,1542,Havas,Q516033,ORG,Q2958099,Charles-Guillaume Havas,"{ ""wikipedia_page"": ""Charles-Guillaume Havas"", ""wikidata_id"": ""Q2958099"" }",9.66897201538086
NZZ-1918-09-09-c-p0002,1638,1646,Avaisnes,Q45688,LOC,Q854480,Avesnes,"Here is the disambiguated entity: ```json {""wikipedia_page"":""Avesnes"", ""wikidata_id"":""Q854480""} ```",28.728097915649414
NZZ-1918-09-09-c-p0002,1707,1720,Lamottegehöft,NIL,LOC,Q1425482,Lamothe-Capdeville,"```json { ""wikipedia_page"": ""Lamothe-Capdeville"", ""wikidata_id"": ""Q1425482"" } ```",16.126089096069336
NZZ-1918-09-09-c-p0002,1757,1768,Crozatkanal,Q1032591,LOC,Q135388,Canal de l’Est,"```json {""wikipedia_page"": ""Canal de l’Est"", ""wikidata_id"": ""Q135388""} ```",20.73432159423828
NZZ-1918-09-09-c-p0002,1798,1802,Oise,Q200231,LOC,Q12675,Département Oise,"{ ""wikipedia_page"": ""Département Oise"", ""wikidata_id"": ""Q12675"" }",21.69963264465332
NZZ-1918-09-09-c-p0002,1807,1812,Aisne,Q41962,LOC,Q3093,Département Aisne,"```json {""wikipedia_page"": ""Département Aisne"", ""wikidata_id"": ""Q3093""} ```",23.82427978515625
NZZ-1918-09-09-c-p0002,2084,2095,Cham¬ pagne,Q2428809,LOC,Q273827,Champagne,"Based on the provided text and the list of candidates, the entity mentioned within the [ENT] tags is ""Champagne"". Among the candidates, the most appropriate Wikidata entity for ""Champagne"" is: ```json {""wikipedia_page"": ""Champagne"", ""wikidata_id"": ""Q273827""} ```",17.736774444580078
NZZ-1918-09-09-c-p0002,2136,2149,Mont-sans-Nom,NIL,LOC,Q859386,Saint-Mont,"Based on the provided text and list of candidates, the entity mentioned between the [ENT] tags is ""Mont-sans-Nom"". The most appropriate Wikidata entity from the provided list of candidates is ""Saint-Mont"" (Q859386), which is a French village similar to the mentioned entity. ```json { ""wikipedia_page"": ""Saint-Mont"", ""wikidata_id"": ""Q859386"" } ```",19.433124542236328
NZZ-1918-09-09-c-p0002,2271,2276,Havas,Q516033,ORG,Q2959369,Charles Houssaye,"```json {""wikipedia_page"":""Charles Houssaye"", ""wikidata_id"":""Q2959369""} ```",11.778100967407227
NZZ-1918-09-09-c-p0002,2591,2604,Monte Pertica,NIL,LOC,Q1054918,Pertica,"```json {""wikipedia_page"":""Monte Pertica"",""wikidata_id"":""Q1054918""} ```",13.254467964172363
NZZ-1918-09-09-c-p0002,2739,2761,Balkankriegsschauplatz,Q23522,LOC,Q789406,Balkanfeldzug,"Based on the input text and the given list of candidates, the entity mentioned between the [ENT] tags is ""Balkankriegsschauplatz"". Among the provided list of candidates, only ""Balkanfeldzug"" and ""Balkankriege"" are related to the Balkans. Given the noise in the historical text and the context of World War I, the most appropriate Wikidata entity from the list of candidates is ""Balkanfeldzug"". ```json { ""wikipedia_page"":""Balkanfeldzug"", ""wikidata_id"":""Q789406"" } ```",19.198989868164062
NZZ-1918-09-09-c-p0002,2780,2785,Havas,Q516033,ORG,Q706577,Charles-Louis Havas,"```json { ""wikipedia_page"": ""Charles-Louis Havas"", ""wikidata_id"": ""Q706577"" } ```",11.391812324523926
NZZ-1918-09-09-c-p0002,2810,2821,Orientarmee,Q18148776,ORG,Q17985602,Armée d'Orient,"Based on the provided text and candidates, the entity mentioned between the [ENT] tags is ""Orientarmee"". Among the candidates, ""Armée d'Orient"" closely matches this name. Therefore, the selected Wikidata entity is: ```json { ""wikipedia_page"": ""Armée d'Orient"", ""wikidata_id"": ""Q17985602"" } ```",12.910724639892578
NZZ-1918-09-09-c-p0002,2925,2936,Czernabogen,Q1140644,LOC,Q872251,Cerna,"Based on the input text and the list of candidates, the entity [ENT] Czernabogen [ENT] can be disambiguated to 'Cerna' from the list of candidates. Here is the JSON-formatted answer: ```json {""wikipedia_page"": ""Cerna"", ""wikidata_id"": ""Q872251""} ```",12.928401947021484
NZZ-1918-09-09-c-p0002,3068,3080,Prespa¬ sees,Q204392,LOC,Q73414,Prespa,"```json { ""wikipedia_page"": ""Prespa"", ""wikidata_id"": ""Q73414"" } ```",11.975418090820312
NZZ-1918-09-09-c-p0002,3243,3251,Monastir,Q157246,LOC,Q208715,Monastir,"```json { ""wikipedia_page"": ""Monastir"", ""wikidata_id"": ""Q208715"" } ```",16.971635818481445
NZZ-1918-09-09-c-p0002,3566,3580,Palestine News,NIL,PROD,Q35438,The Jerusalem Post,"Based on the input text and the list of candidates, the [ENT] tag corresponds to ""The Jerusalem Post."" This is the most appropriate Wikidata entity from the provided list. ```json {""wikipedia_page"":""The Jerusalem Post"", ""wikidata_id"":""Q35438""} ```",19.98809242248535
NZZ-1918-09-09-c-p0002,4832,4857,Anglo¬ Jewish Preßagentur,NIL,ORG,Q4763643,Anglo-Jewish Association,"```json { ""wikipedia_page"": ""Anglo-Jewish Association"", ""wikidata_id"": ""Q4763643"" } ```",21.489103317260742
NZZ-1918-09-09-c-p0002,5357,5362,Havas,Q516033,ORG,Q706577,Charles-Louis Havas,"```json { ""wikipedia_page"": ""Charles-Louis Havas"", ""wikidata_id"": ""Q706577"" } ```",11.696986198425293
NZZ-1918-09-09-c-p0002,5860,5865,Wolff,Q552226,ORG,Q71110,Wilhelm Wolff,"```json {""wikipedia_page"":""Wilhelm Wolff"", ""wikidata_id"":""Q71110""} ```",10.317939758300781
NZZ-1918-09-09-c-p0002,6432,6437,Wolff,Q552226,ORG,Q71110,Wilhelm Wolff,"Based on the provided input text and the list of candidates, the entity mentioned in the text is likely to be ""Wilhelm Wolff"". The context suggests that the text refers to a well-known figure involved in the events described. Therefore, the most appropriate Wikidata entity from the list of candidates is: ```json {""wikipedia_page"": ""Wilhelm Wolff"", ""wikidata_id"": ""Q71110""} ```",14.238264083862305
NZZ-1928-06-05-a-p0002,30,46,St. Jakobskirche,NIL,LOC,Q1337473,St.-Jakobs-Kirche,"Based on the provided input text, the most appropriate Wikidata entity for the entity marked with [ENT] is: {""wikipedia_page"":""St.-Jakobs-Kirche"", ""wikidata_id"":""Q1337473""}",32.826812744140625
NZZ-1928-06-05-a-p0002,104,133,Liederkranz Außersihl¬ Zürich,NIL,ORG,Q1957331,Männerchor Liederkranz Dornach,"Based on the provided JSON list of candidates and the input text, the entity mentioned between the [ENT] tags is ""Liederkranz Außersihl Zürich"". The most appropriate Wikidata entity from the list of candidates is ""Männerchor Liederkranz Dornach"" with the Wikidata ID of Q1957331 and the Wikipedia page title of Männerchor Liederkranz Dornach. ```json {""wikipedia_page"": ""Männerchor Liederkranz Dornach"", ""wikidata_id"": ""Q1957331""} ```",18.996671676635742
NZZ-1928-06-05-a-p0002,308,343,bewährten Dirigenten Jacques Wydler,NIL,PER,Q21416004,Gottfried Schmiedel,"{ ""wikipedia_page"": ""Jacques Wydler"", ""wikidata_id"": ""Q21416004"" }",17.256502151489258
NZZ-1928-06-05-a-p0002,481,491,U. Wehrlis,Q2562857,PER,Q96412376,Johann Ulrich Wehrli,"```json {""wikipedia_page"":""Johann Ulrich Wehrli"", ""wikidata_id"":""Q96412376""} ```",33.943111419677734
NZZ-1928-06-05-a-p0002,631,642,J. Boßhards,NIL,PER,Q23000544,Johann Caspar Bosshardt,"Based on the input text and the given list of candidates, the entity mentioned between the [ENT] tags is ""J. Boßhards"". The Wikidata ID for this entity is ""Q23000544"" and the corresponding Wikipedia page title is ""Johann Caspar Bosshardt"". Here is the JSON-formatted answer: ```json {""wikipedia_page"":""Johann Caspar Bosshardt"", ""wikidata_id"":""Q23000544""} ```",31.312423706054688
NZZ-1928-06-05-a-p0002,1365,1385,Männerchor Außersihl,NIL,ORG,Q1684352,Männerchor,"```json {""wikipedia_page"":""Männerchor"", ""wikidata_id"":""Q1684352""} ```",20.983158111572266
NZZ-1928-06-05-a-p0002,2783,2791,J. Bulls,Q511463,PER,NIL,J. Bulls,"Based on the provided text and the list of candidates, the entity mentioned between the [ENT] tags is likely not present in the list of candidates. Therefore, the Wikidata ID should be ""NIL"". ```json { ""wikipedia_page"": ""NIL"", ""wikidata_id"": ""NIL"" } ```",0
NZZ-1928-06-05-a-p0002,2962,2991,Musikdirektor A. Bie¬ dermann,NIL,PER,Q1198887,Musikdirektor,"Based on the provided text and the list of candidates, the entity `[ENT] Musikdirektor A. Beidermann` corresponds to the Wikidata entity `Q1198887` (Musikdirektor) with the Wikipedia page title `Musikdirektor`. Thus, the JSON output is: ```json { ""wikipedia_page"": ""Musikdirektor"", ""wikidata_id"": ""Q1198887"" } ```",23.330503463745117
NZZ-1938-09-13-b-p0001,74,115,"Präsident Dr. J. Eugster (freis., Zürich)",Q1392141,PER,NIL,"Präsident Dr. J. Eugster (freis., Zürich)","Based on the input text, the entities mentioned between the [ENT] tags are ""Präsident Dr. J. Eugster"" and ""Joh. Leu"". The corresponding candidates list includes various political and governmental entities, but none are a direct match for the names ""Dr. J. Eugster"" or ""Joh. Leu"". Since there is no high-confidence match between the entities and the candidates, we classify both entities with the value ""NIL"". ```json {""wikipedia_page"":"""", ""wikidata_id"":""NIL""} ```",0
NZZ-1938-09-13-b-p0001,211,219,Joh. Leu,NIL,PER,Q125071,Johann Jacob Leu,"```json {""wikipedia_page"":""Johann Jacob Leu"", ""wikidata_id"":""Q125071""} ```",21.024913787841797
NZZ-1938-09-13-b-p0001,262,283,"Züsli (komm., Zürich)",NIL,PER,Q28129870,Beat Züsli,"Based on the provided input text and the list of candidates, the entity mentioned between the [ENT] tags is ""Züsli"". The most appropriate Wikidata entity from the list of candidates is ""Beat Züsli"". Here is the JSON response: ```json {""wikipedia_page"":""Beat Züsli"", ""wikidata_id"":""Q28129870""} ```",14.343536376953125
NZZ-1938-09-13-b-p0001,515,540,verstorbenen Fritz Horand,NIL,PER,Q1447379,Franz Hörhann,"Based on the provided text and candidates, the disambiguated entity is: ```json {""wikipedia_page"": ""Franz Höhr"", ""wikidata_id"": ""Q1447379""} ```",18.365320205688477
NZZ-1938-09-13-b-p0001,547,580,Notar Heinrich Diem (dem. Zürich),NIL,PER,Q189010,Notar,"```json {""wikipedia_page"":""Notar"", ""wikidata_id"":""Q189010""} ```",16.830425262451172
NZZ-1938-09-13-b-p0001,644,664,Ritterhaufes Bubikon,Q638821,LOC,Q2155177,Ritterhausgesellschaft Bubikon,"```json { ""wikipedia_page"": ""Ritterhausgesellschaft Bubikon"", ""wikidata_id"": ""Q2155177"" } ```",28.221372604370117
NZZ-1938-09-13-b-p0001,720,746,"B. Kaufmann (soz., Zürich)",NIL,PER,Q107713562,Brigitte Kaufmann,"```json { ""wikipedia_page"": ""Brigitte Kaufmann"", ""wikidata_id"": ""Q107713562"" } ```",18.783504486083984
NZZ-1938-09-13-b-p0001,821,841,Ritterhauses Bubikon,Q638821,LOC,Q2155177,Ritterhausgesellschaft Bubikon,"```json {""wikipedia_page"": ""Ritterhausgesellschaft Bubikon"", ""wikidata_id"": ""Q2155177""} ```",29.27295684814453
NZZ-1938-09-13-b-p0001,956,976,Ritterhauses Bubikon,Q638821,LOC,Q2155177,Ritterhausgesellschaft Bubikon,"Based on the provided text and candidates, the entity mentioned between the [ENT] tags is likely to be a specific castle or building related to Bubikon. The most fitting candidate from the list is ""Ritterhausgesellschaft Bubikon"". Therefore, the JSON-formatted answer is: ```json {""wikipedia_page"": ""Ritterhausgesellschaft Bubikon"", ""wikidata_id"": ""Q2155177""} ```",29.783477783203125
NZZ-1938-09-13-b-p0001,1935,1957,"Hotz (freis., Bubikon)",NIL,PER,Q59772508,Franz Hotz,"Based on the provided text and the list of candidates, the entity ""Hotz"" between the [ENT] tags is disambiguated as follows: ```json { ""wikipedia_page"": ""Franz Hotz"", ""wikidata_id"": ""Q59772508"" } ```",18.221830368041992
NZZ-1938-09-13-b-p0001,1996,2016,Ritterhauses Bubikon,Q638821,LOC,Q2155177,Ritterhausgesellschaft Bubikon,"```json {""wikipedia_page"": ""Ritterhausgesellschaft Bubikon"", ""wikidata_id"": ""Q2155177""} ```",28.4482364654541
NZZ-1938-09-13-b-p0001,2206,2213,Bubikon,Q67068,LOC,Q638821,"Johanniterkommende Bubikon, Schweiz","{ ""wikipedia_page"": ""Johanniterkommende Bubikon, Schweiz"", ""wikidata_id"": ""Q638821"" }",23.083295822143555
NZZ-1938-09-13-b-p0001,2246,2274,Graf Diethelm von Toggenburg,NIL,PER,Q688630,Grafschaft Toggenburg,"```json {""wikipedia_page"":""Grafschaft Toggenburg"", ""wikidata_id"":""Q688630""} ```",25.64971923828125
NZZ-1938-09-13-b-p0001,3164,3207,"Kommissionsreferent Kaufmann (soz., Zürich)",NIL,PER,Q11943,Kanton Zürich,"```json { ""wikipedia_page"": ""Kanton Zürich"", ""wikidata_id"": ""Q11943"" } ```",16.07097625732422
NZZ-1938-09-13-b-p0001,3319,3330,Mühlebaches,NIL,LOC,Q693397,Mühlebach,"```json { ""wikipedia_page"": ""Mühlebach"", ""wikidata_id"": ""Q693397"" } ```",26.173370361328125
NZZ-1938-09-13-b-p0001,3470,3481,Mühlebaches,NIL,LOC,Q693397,Mühlebach,"{""wikipedia_page"": ""Mühlebach"", ""wikidata_id"": ""Q693397""}",22.08881378173828
NZZ-1938-09-13-b-p0001,3623,3635,Lendenbaches,NIL,LOC,Q1473656,Lendkanal,"Based on the input text and the provided list of candidates, the entity tagged with [ENT] is most likely ""Lendbach"". The most appropriate Wikidata entity from the list of candidates is ""Landeggbach"", which corresponds to ""Lendkanal"". Here is the JSON-formatted response: ```json {""wikipedia_page"": ""Lendkanal"", ""wikidata_id"": ""Q1473656""} ```",18.139135360717773
NZZ-1938-09-13-b-p0001,3683,3692,Eggstraße,NIL,LOC,Q64877,Egg,"```json { ""wikipedia_page"": ""Egg"", ""wikidata_id"": ""Q64877"" } ```",18.633018493652344
NZZ-1938-09-13-b-p0001,3710,3722,Spitalstraße,NIL,LOC,Q27331783,Wehntalerstrasse,"Based on the provided text and the list of candidates, the entity [ENT] tagged as ""Spitalstraße"" is most likely referring to a street in the context of the given text. Among the candidates, the most appropriate match is ""Wehntalerstrasse"" with Wikidata ID ""Q27331783"". Here is the JSON-formatted response: ```json {""wikipedia_page"":""Wehntalerstrasse"", ""wikidata_id"":""Q27331783""} ```",16.93479347229004
NZZ-1938-09-13-b-p0001,3913,3940,"E. R. Z. Graf (dem., Uster)",NIL,PER,Q1326642,Elektrizitätswerke des Kantons Zürich,"Based on the provided text and the JSON list of candidates, the entities mentioned between the [ENT] tags appear to be ""Elektrizitätswerke des Kantons Zürich"" and ""Eduard Graf"". The most appropriate Wikidata entities are: - ""Elektrizitätswerke des Kantons Zürich"" with Wikidata ID ""Q1326642"" - ""Eduard Graf"" with Wikidata ID ""Q75517438"" Thus, the JSON response should be: ```json {""wikipedia_page"":""Elektrizitätswerke des Kantons Zürich"", ""wikidata_id"":""Q1326642""}, {""wikipedia_page"":""Eduard Graf"", ""wikidata_id"":""Q75517438""} ```",14.355493545532227
NZZ-1938-09-13-b-p0001,4499,4522,"Bantli (Bp., Dübendorf)",NIL,PER,Q15847277,Septimus Gottlob Bantlin,"Based on the provided text and the list of candidates, the entity ""Bantli"" is the most appropriate Wikidata entity for the term mentioned between the [ENT] tags. Therefore, the corresponding Wikipedia page title and Wikidata ID are as follows: ```json {""wikipedia_page"":""Septimus Gottlob Bantlin"", ""wikidata_id"":""Q15847277""} ```",16.085294723510742
NZZ-1938-09-13-b-p0001,4537,4559,"Hofmann (Bp., Kempten)",NIL,PER,Q68800,Johann Christian Konrad von Hofmann,"```json { ""wikipedia_page"": ""Johann Christian Konrad von Hofmann"", ""wikidata_id"": ""Q68800"" } ```",15.938010215759277
NZZ-1938-09-13-b-p0001,4831,4854,"Bantli (Bp., Dübendorf)",NIL,PER,Q15847277,Septimus Gottlob Bantlin,"Based on the input text and the candidates provided, the entity mentioned between the [ENT] tags is ""Bantli"". Among the provided candidates, ""Septimus Gottlob Bantlin"" is the most appropriate match with high confidence. Here is the JSON-formatted answer: ```json {""wikipedia_page"": ""Septimus Gottlob Bantlin"", ""wikidata_id"": ""Q15847277""} ```",17.125516891479492
NZZ-1938-09-13-b-p0001,5175,5185,Burghölzli,Q577131,ORG,Q937881,Burgruine Burgholz,"```json {""wikipedia_page"": ""Burgruine Burgholz"", ""wikidata_id"": ""Q937881""} ```",14.986493110656738
NZZ-1938-09-13-b-p0001,5572,5600,"Dr. Duttweiler (fr., Zürich)",NIL,PER,Q116111,Gottlieb Duttweiler,"Given the provided text and the list of candidates, I will analyze the entities tagged with [ENT] and select the most appropriate Wikidata entity based on high confidence. If none of the candidates match with high confidence, the value will be ""NIL."" ### Input Text: ``` ... bei der Abteilung „Justizdirektion"" weist [ENT] Dr. Duttweiler (fr., Zürich) [ENT] auf die ständige Arbeitsüberlastung bei der Staatsanwaltschaft hin und legt dem Regierungsrat die Prüfung der Frage nahe, ob nicht ein sechster Staatsanwalt angestellt werden soll. ``` ### JSON List of Candidates: ```json [ {""wikipedia_page"": ""Gottlieb Duttweiler"", ""wikidata_id"": ""Q116111"", ""type"": ""PER"", ""descr"": ""Schweizer Unternehmer und Politiker (LdU)"", ""date"": ""1888-08-15""}, {""wikipedia_page"": ""Gottlieb Duttweiler Institut"", ""wikidata_id"": ""Q685608"", ""type"": ""ORG"", ""descr"": ""Denkfabrik in der Schweiz"", ""date"":",18.891803741455078
NZZ-1938-09-13-b-p0001,5826,5846,"Marti (soz., Zürich)",NIL,PER,Q94907204,Fritz Marti,"```json { ""wikipedia_page"": ""Fritz Marti"", ""wikidata_id"": ""Q94907204"" } ```",16.611398696899414
NZZ-1938-09-13-b-p0001,6053,6079,"Dr. P. Gygax (fr., Zürich)",NIL,PER,Q2637952,Albert Friedrich Gygax,"```json { ""wikipedia_page"": ""Albert Friedrich Gygax"", ""wikidata_id"": ""Q2637952"" } ```",17.523334503173828
NZZ-1938-09-13-b-p0001,6433,6458,"Oldani (soz., Winterthur)",Q55683084,PER,NIL,"Oldani (soz., Winterthur)","```json { ""wikipedia_page"": ""Oldani"", ""wikidata_id"": ""Q1775553"" } ```",0
NZZ-1938-09-13-b-p0001,6912,6934,"Kägi (soz., Erlenbach)",Q4668150,PER,Q2561860,Werner Kägi,"After analyzing the provided text and matching it against the list of candidates, I have determined that the entity mentioned between the [ENT] tags is most likely: - **Werner Kägi** - Wikidata ID: Q2561860 - Wikipedia Page Title: Werner Kägi I have high confidence in this match, so I will return the following JSON object: ```json {""wikipedia_page"":""Werner Kägi"", ""wikidata_id"":""Q2561860""} ```",13.615096092224121
NZZ-1938-09-13-b-p0001,7323,7342,"Heeb (soz., Zürich)",Q15452401,PER,Q15810773,Fritz Heeb,"```json { ""wikipedia_page"": ""Fritz Heeb"", ""wikidata_id"": ""Q15810773"" } ```",23.198610305786133
NZZ-1938-09-13-b-p0001,7661,7680,"Kopp (soz., Zürich)",NIL,PER,Q122063,Elisabeth Kopp,"Based on the provided text and list of candidates, the correct disambiguation is: ```json {""wikipedia_page"": ""Elisabeth Kopp"", ""wikidata_id"": ""Q122063""} ``` The text mentions ""Kopp (soz., Zürich)"" and the candidate list includes ""Elisabeth Kopp"" who is a Swiss politician and fits the social context mentioned in the text.",21.856426239013672
NZZ-1938-09-13-b-p0001,8514,8546,Volkswirtschaftsdirektor E. Nobs,NIL,PER,Q115561,Ernst Nobs,"```json { ""wikipedia_page"": ""Ernst Nobs"", ""wikidata_id"": ""Q115561"" } ```",17.886953353881836
NZZ-1938-09-13-b-p0001,10424,10429,Kaegi,Q4668150,PER,Q117789,Werner Kaegi,"```json { ""wikipedia_page"": ""Werner Kaegi"", ""wikidata_id"": ""Q117789"" } ```",14.576284408569336
NZZ-1938-09-13-b-p0001,10434,10442,Dr. Roth,NIL,PER,Q78509,Joseph Roth,"```json { ""wikipedia_page"": ""Joseph Roth"", ""wikidata_id"": ""Q78509"" } ```",11.844095230102539
NZZ-1938-09-13-b-p0001,10559,10583,"Hackhofer (chr., Zürich)",NIL,PER,Q114599,Josef Hackhofer,"```json { ""wikipedia_page"": ""Josef Hackhofer"", ""wikidata_id"": ""Q114599"" } ```",17.7796630859375
NZZ-1938-09-13-b-p0001,10668,10672,Kopp,NIL,PER,Q2141447,Reinhold Kopp,"Based on the provided text and the list of candidates, the most appropriate Wikidata entity for the entity mentioned between the [ENT] tags ""Kopp"" is ""Reinhold Kopp"". Here is the JSON response: ```json {""wikipedia_page"": ""Reinhold Kopp"", ""wikidata_id"": ""Q2141447""} ```",19.239093780517578
NZZ-1938-09-13-b-p0001,10855,10883,"Schneider (soz., Winterthur)",NIL,PER,Q18614667,Johann Schneider,"```json { ""wikipedia_page"": ""Johann Schneider"", ""wikidata_id"": ""Q18614667"" } ```",17.064208984375
NZZ-1938-09-13-b-p0001,11180,11204,Bäuteli (Bp. Buch a. J.),NIL,PER,Q24068401,Anton Beutel,"Based on the given list of candidates, the entity mentioned between the [ENT] tags in the input text is likely ""Anton Beutel"". Therefore, the corresponding Wikipedia page title and Wikidata ID are: ```json {""wikipedia_page"":""Anton Beutel"", ""wikidata_id"":""Q24068401""} ```",16.388948440551758
NZZ-1938-09-13-b-p0001,11288,11311,Regie¬ rungsrat Pfister,Q2209051,PER,Q106627861,Rudolf Pfister," {""wikipedia_page"": ""Regierungsrat Pfister"", ""wikidata_id"": ""Q106627861""}",17.862180709838867
NZZ-1938-09-13-b-p0001,11673,11695,"Kägi (soz., Erlenbach)",Q4668150,PER,Q2561860,Werner Kägi,"{ ""wikipedia_page"": ""Werner Kägi"", ""wikidata_id"": ""Q2561860"" }",16.427093505859375
NZZ-1938-09-13-b-p0001,11918,11939,Armendirektor Pfister,NIL,PER,Q19125804,Albert von Pfister,"```json { ""wikipedia_page"": ""Albert von Pfister"", ""wikidata_id"": ""Q19125804"" } ```",17.42770767211914
NZZ-1938-09-13-b-p0001,12388,12413,"Oldani (soz., Winterthur)",Q55683084,PER,Q3608485,Alberto Oldani,"Based on the input text and the provided candidates, the entity mentioned between the [ENT] tags is ""Oldani"". The appropriate Wikidata entity for this name is ""Alberto Oldani"". The JSON-formatted response is: ```json {""wikipedia_page"":""Alberto Oldani"", ""wikidata_id"":""Q3608485""} ```",11.665977478027344
NZZ-1948-05-12-b-p0002,173,182,Mlassieli,Q2893138,PER,Q1928425,Michael Leslie,"```json { ""wikipedia_page"": ""Michael Leslie"", ""wikidata_id"": ""Q1928425"" } ```",12.796512603759766
NZZ-1948-05-12-b-p0002,871,885,Rulrkonsortium,Q1664,LOC,Q194166,Konsortium,"Based on the provided text, I will disambiguate the entity within the [ENT] tags and select the appropriate Wikidata entity from the given list of candidates. Here is the JSON-formatted answer: ```json {""wikipedia_page"":""Konsortium"", ""wikidata_id"":""Q194166""} ```",13.831774711608887
NZZ-1948-05-12-b-p0002,1075,1080,Paxis,Q90,LOC,Q719518,Paxos,"```json { ""wikipedia_page"": ""Paxos"", ""wikidata_id"": ""Q719518"" } ```",12.179269790649414
NZZ-1948-05-12-b-p0002,1157,1166,Edinburgh,Q23436,LOC,Q157009,"Prinz Edward, Herzog von Kent und Strathearn","```json {""wikipedia_page"":""Prinz Edward, Herzog von Kent und Strathearn"", ""wikidata_id"":""Q157009""} ```",11.219550132751465
NZZ-1948-05-12-b-p0002,1170,1175,Paxis,Q90,LOC,Q719518,Paxos,"Based on the provided text, the entity mentioned between the [ENT] tags is ""Paxos"" (Griechische Insel). Therefore, the most appropriate Wikidata entity from the list of candidates is: ```json {""wikipedia_page"":""Paxos"", ""wikidata_id"":""Q719518""} ```",11.017139434814453
NZZ-1948-05-12-b-p0002,1351,1378,Sonderbotschafter Hlarriman,Q345531,PER,NIL,Sonderbotschafter Hlarriman,"Given the input text and the provided list of candidates, the entities within the [ENT] tags that need to be disambiguated are ""Sonderbotschafter Hlarriman."" Upon examining the candidates, none of the entities in the list match ""Sonderbotschafter Hlarriman"" with high confidence. Therefore, the ""wikidata_id"" value should be ""NIL."" Here is the JSON-formatted response: ```json { ""wikipedia_page"": """", ""wikidata_id"": ""NIL"" } ```",0
NZZ-1948-05-12-b-p0002,1535,1551,Deutschlandfrage,Q183,LOC,Q14545580,Deutsche Teilung,"```json { ""wikipedia_page"": ""deutsche Teilung"", ""wikidata_id"": ""Q14545580"" } ```",16.017578125
NZZ-1948-05-12-b-p0002,1620,1629,Whitchall,Q391620,LOC,Q214820,Whitehall,"```json { ""wikipedia_page"": ""Whitehall"", ""wikidata_id"": ""Q214820"" } ```",12.143646240234375
NZZ-1948-05-12-b-p0002,2048,2057,Marshalls,Q151414,PER,Q4576,Marshallplan,"```json { ""wikipedia_page"": ""Marshallplan"", ""wikidata_id"": ""Q4576"" } ```",17.361347198486328
NZZ-1948-05-12-b-p0002,2249,2256,England,Q21,LOC,Q23666,Großbritannien,"Based on the provided text and the list of candidates, the entity mentioned between the [ENT] tags is ""England."" Here is the most appropriate Wikidata entity from the list of candidates: ```json {""wikipedia_page"":""Großbritannien"", ""wikidata_id"":""Q23666""} ```",13.848621368408203
NZZ-1948-05-12-b-p0002,2358,2374,Groz¬ brikannien,Q145,LOC,Q23666,Großbritannien,"Based on the analysis of the provided text, the entity mentioned between the [ENT] tags is ""Großbritannien"". Therefore, the most appropriate Wikidata entity from the list of candidates is: ```json {""wikipedia_page"":""Großbritannien"", ""wikidata_id"":""Q23666""} ```",15.151455879211426
NZZ-1948-05-12-b-p0002,2716,2725,Ruhrstaat,Q1664,LOC,Q151993,Ruhrgebiet,"{ ""wikipedia_page"": ""Ruhrgebiet"", ""wikidata_id"": ""Q151993"" }",17.68990135192871
NZZ-1948-05-12-b-p0002,3406,3412,Luropa,Q46,LOC,Q151993,Ruhrgebiet,"```json { ""wikipedia_page"": ""Ruhrgebiet"", ""wikidata_id"": ""Q151993"" } ```",16.374122619628906
NZZ-1948-05-12-b-p0002,3527,3538,Deutschland,Q183,LOC,Q7318,NS-Staat,"```json { ""wikipedia_page"": ""NS-Staat"", ""wikidata_id"": ""Q7318"" } ```",14.35949993133545
NZZ-1948-05-12-b-p0002,3944,3951,Eusland,Q21,LOC,Q191,Estland,"The input text contains the following entities: - [ENT] Eusland [ENT] Based on the context and the provided list of candidates, the most appropriate Wikidata entity for ""Eusland"" in this historical context is ""Estland"". Therefore, the response is: ```json { ""wikipedia_page"": ""Estland"", ""wikidata_id"": ""Q191"" } ```",15.007454872131348
NZZ-1948-05-12-b-p0002,4274,4284,Mashington,Q61,LOC,Q1223,Washington,"```json {""wikipedia_page"":""Washington"", ""wikidata_id"":""Q1223""} ```",11.291011810302734
NZZ-1948-05-12-b-p0002,4367,4377,Mesteuropa,Q27496,LOC,Q27509,Mitteleuropa,"{""wikipedia_page"": ""Mitteleuropa"", ""wikidata_id"": ""Q27509""}",17.717044830322266
NZZ-1948-05-12-b-p0002,4599,4609,Mesteuropa,Q27496,LOC,Q27509,Mitteleuropa,"{ ""wikipedia_page"": ""Mitteleuropa"", ""wikidata_id"": ""Q27509"" }",15.593330383300781
NZZ-1948-05-12-b-p0002,4785,4791,Puropa,Q46,LOC,Q38872,Preußen,"```json {""wikipedia_page"":""Preußen"", ""wikidata_id"":""Q38872""} ```",12.635348320007324
luxwort-1848-04-23-a-i0003,40,51,Lurem biurg,Q32,LOC,Q1877662,Lurngau,"```json {""wikipedia_page"": ""Lurngau"", ""wikidata_id"": ""Q1877662""} ```",9.685823440551758
luxwort-1848-04-23-a-i0003,101,110,Lurcmburg,Q32,LOC,NIL,Lurcmburg,"```json { ""wikipedia_page"": ""Luckenwalde"", ""wikidata_id"": ""Q20883"" } ```",0
luxwort-1848-08-27-a-i0001,1418,1442,Commission aus Luxemburg,Q657529,ORG,Q26882633,Kirchenfabrik,"```json { ""wikipedia_page"": ""Kirchenfabrik"", ""wikidata_id"": ""Q26882633"" } ```",10.44291877746582
luxwort-1848-08-27-a-i0001,2721,2730,Suremburg,Q1842,LOC,Q604584,Suderburg,"```json {""wikipedia_page"": ""Suderburg"", ""wikidata_id"": ""Q604584""} ```",12.235465049743652
luxwort-1848-08-27-a-i0001,3049,3058,Suremburg,Q1842,LOC,Q530794,Sömmerda,"Based on the provided input text and the list of candidates, the most appropriate Wikidata entity for the entity tagged with [ENT] is ""Sömmerda"" with Wikidata ID Q530794. Here is the JSON response: ```json { ""wikipedia_page"": ""Sömmerda"", ""wikidata_id"": ""Q530794"" } ```",12.019892692565918
luxwort-1848-08-27-a-i0001,3270,3279,Lurcmburg,Q1842,LOC,Q252806,Erzbistum Luxemburg,"```json { ""wikipedia_page"": ""Erzbistum Luxemburg"", ""wikidata_id"": ""Q252806"" } ```",12.061053276062012
luxwort-1848-09-29-a-i0001,0,9,Luremburg,Q32,LOC,Q3920,Lüneburg,"Based on the provided input text and list of candidates, the entity mentioned between the [ENT] tags is ""Luremburg"". After reviewing the list of candidates, the most appropriate Wikidata entity is ""Lüneburg"" (Wikidata ID: Q3920). ```json {""wikipedia_page"": ""Lüneburg"", ""wikidata_id"": ""Q3920""} ```",21.129241943359375
luxwort-1848-09-29-a-i0001,41,49,Gcurricr,Q13102226,PROD,Q5535673,Georg Cruciger,"```json { ""wikipedia_page"": ""Georg Cruciger"", ""wikidata_id"": ""Q5535673"" } ```",13.27900505065918
luxwort-1848-09-29-a-i0001,202,208,Stifft,NIL,PER,Q498594,Andreas Joseph von Stifft,"Based on the input text and the provided list of candidates, the entity mentioned between the [ENT] tags is likely ""Andreas Joseph von Stifft"". This is because ""Stifft"" appears in the text and matches one of the candidates with the most relevant description. Here is the JSON formatted answer: ```json { ""wikipedia_page"": ""Andreas Joseph von Stifft"", ""wikidata_id"": ""Q498594"" } ```",17.596172332763672
luxwort-1848-09-29-a-i0001,210,217,Fischer,NIL,PER,Q1597228,Heinrich Fischer,"```json {""wikipedia_page"":""Heinrich Fischer"", ""wikidata_id"":""Q1597228""} ```",10.151601791381836
luxwort-1848-09-29-a-i0001,219,226,Hertert,NIL,PER,Q1561404,Günther Detert,"```json {""wikipedia_page"":""Günther Detert"", ""wikidata_id"":""Q1561404""} ```",15.23904800415039
luxwort-1848-09-29-a-i0001,228,239,Heldenstein,Q13103205,PER,Q13102651,François Heldenstein,"Based on the provided input text and list of candidates, the entity marked by [ENT] tags is ""Heldenstein"". The most appropriate Wikidata entity from the list of candidates is ""François Heldenstein"". Therefore, the JSON output is: ```json {""wikipedia_page"":""François Heldenstein"", ""wikidata_id"":""Q13102651""} ```",19.016122817993164
luxwort-1848-09-29-a-i0001,241,249,Schlinck,NIL,PER,Q15822041,Julius Schlinck,"```json { ""wikipedia_page"": ""Julius Schlinck"", ""wikidata_id"": ""Q15822041"" } ```",17.246126174926758
luxwort-1848-09-29-a-i0001,251,258,Lampach,NIL,PER,Q22919,Lambach,"```json { ""wikipedia_page"": ""Lambach"", ""wikidata_id"": ""Q22919"" } ```",14.670562744140625
luxwort-1848-09-29-a-i0001,263,273,Dassclboru,NIL,PER,Q1732905,Karl Schomburg,"```json { ""wikipedia_page"": ""Karl Schomburg"", ""wikidata_id"": ""Q1732905"" } ```",13.224600791931152
luxwort-1848-09-29-a-i0001,313,330,Luremburger Worte,Q1751317,PROD,Q1880160,Lübecker Volksbote,"```json { ""wikipedia_page"": ""Lübecker Volksbote"", ""wikidata_id"": ""Q1880160"" } ```",12.147761344909668
luxwort-1848-10-01-a-i0001,2112,2130,Echternach Gigrang,NIL,PER,Q204317,Echternach,"```json { ""wikipedia_page"": ""Echternach"", ""wikidata_id"": ""Q204317"" } ```",18.972261428833008
luxwort-1848-10-01-a-i0001,2135,2145,Dieschburg,NIL,PER,Q1221353,Diesburg,"```json {""wikipedia_page"": ""Dieschburg"", ""wikidata_id"": ""Q1221353""} ```",16.454849243164062
luxwort-1848-10-01-a-i0001,2168,2188,Grevenmachern Kuborn,NIL,PER,Q215826,Grevenmacher,"```json {""wikipedia_page"": ""Grevenmacher"", ""wikidata_id"": ""Q215826""} ```",12.529273986816406
luxwort-1848-10-01-a-i0001,2390,2396,Macher,NIL,PER,Q15853537,Walter Macher,"```json { ""wikipedia_page"": ""Walter Macher"", ""wikidata_id"": ""Q15853537"" } ```",15.218660354614258
luxwort-1848-10-01-a-i0001,2398,2409,Wellenstein,Q3247082,LOC,Q1308172,Gustav Wellenstein,"Based on the input text and the list of candidates, the entity [ENT] Wellenstein can be disambiguated with high confidence to the following Wikidata entity: - `{""wikipedia_page"": ""Gustav Wellenstein"", ""wikidata_id"": ""Q1308172""}`",18.058456420898438
luxwort-1848-10-01-a-i0001,2411,2421,Lafontaine,Q725755,PER,Q3185193,Joseph Lafontaine,"```json { ""wikipedia_page"": ""Joseph Lafontaine"", ""wikidata_id"": ""Q3185193"" } ```",16.836984634399414
luxwort-1848-10-01-a-i0001,2423,2431,Brasseur,NIL,PER,Q4721416,Alexis Brasseur,"```json { ""wikipedia_page"": ""Alexis Brasseur"", ""wikidata_id"": ""Q4721416"" } ```",19.828672409057617
luxwort-1848-10-01-a-i0001,2528,2534,Nemich,Q734284,LOC,Q635620,Niemegk,"```json {""wikipedia_page"": ""Niemegk"", ""wikidata_id"": ""Q635620""} ```",13.282429695129395
luxwort-1848-10-01-a-i0001,2689,2694,Motte,Q16439867,PER,Q1673422,Isaac Motte,"```json { ""wikipedia_page"": ""Isaac Motte"", ""wikidata_id"": ""Q1673422"" } ```",16.153200149536133
luxwort-1848-10-01-a-i0001,2717,2734,Herren Lafontaine,Q725755,PER,Q1492465,Léon de la Fontaine,"```json { ""wikipedia_page"": ""Léon de la Fontaine"", ""wikidata_id"": ""Q1492465"" } ```",14.933319091796875
luxwort-1848-10-01-a-i0001,3261,3265,Metz,Q3343509,PER,Q22690,Metz,"```json {""wikipedia_page"": ""Metz"", ""wikidata_id"": ""Q22690""} ```",18.56374168395996
luxwort-1848-10-01-a-i0001,3509,3518,Luxemburg,Q32,LOC,Q1842,Luxemburg,"```json { ""wikipedia_page"": ""Luxemburg"", ""wikidata_id"": ""Q1842"" } ```",21.44692039489746
luxwort-1848-10-01-a-i0001,3784,3808,Bürgermeister S. von St.,NIL,PER,Q1472194,Liste der Bürgermeister der Stadt Luxemburg,"```json {""wikipedia_page"": ""Liste der Bürgermeister der Stadt Luxemburg"", ""wikidata_id"": ""Q1472194""} ```",14.041801452636719
luxwort-1848-10-01-a-i0001,3918,3922,Metz,Q5080926,PER,Q22690,Metz,"```json {""wikipedia_page"": ""Metz"", ""wikidata_id"": ""Q22690""} ```",21.435813903808594
luxwort-1848-10-01-a-i0001,3966,3976,Bartringen,Q809603,LOC,NIL,Bartringen,"To analyze the input text and disambiguate the entity mentioned between the [ENT] tags, let's review the text and the list of candidates. Text: ``` htbarsten Bürger ter Statt, Der Wahltag zu Luxemburg. Bei der 33allotage würben die fünf Ersten mit Stimmenmehrheit gewählt. Viele der Wähler des Landes hatten bereits vor der zweiten Stimmung die Stadt verlassen. Die Landleute gerieten vielfach in Verwirrung, und überall wurden ihnen falsche Zettel aufgedrängt. Der Bürgermeister S. von St. hatte sogar in der Pförtneiwoynuug des Athenäums sein Bureau eröffnet, und schrieb Zettel für die Partei von Metz. Noch in der Nacht zuvor hatte derselbe zu [ENT] Bartringen [ENT] und in der Umgegend für die Partei der Regierung geworben; jetzt arbeiteten alle Agenten dieser Seite für Eh. Metz. So unterlag allerdings die Wahlliste des katholischen Comités. Dennoch aber sind selbst die Gegner darüber einverstanden, daß die Stärke dieser Partei riesig angewachsen ist. Sie hat in den Wahlen des Cantons Luremburg früher nie eine Rolle gespielt. Sie Trotzdem war der Steg lange schwankend. Herr",0
luxwort-1848-10-01-a-i0001,4083,4091,Eh. Metz,Q5080926,PER,Q16439822,Édouard Metz,"```json { ""wikipedia_page"": ""Édouard Metz"", ""wikidata_id"": ""Q16439822"" } ```",12.892828941345215
luxwort-1848-10-01-a-i0001,4294,4311,Cantons Luremburg,Q1146429,LOC,Q26822,Kanton Lormont,"The text mentions entities [ENT] that should be disambiguated. The candidates provided include several administrative units, some of which are likely candidates for the entities mentioned in the text. After reviewing the text and the candidates: - The first [ENT] refers to the Canton of Lormont, which is listed in the candidates as ""Kanton Lormont"". - The second [ENT] refers to the Canton of Lormont as well. Given the high confidence in these matches, the entities can be disambiguated as follows: ```json { ""wikipedia_page"": ""Kanton Lormont"", ""wikidata_id"": ""Q26822"" } ```",21.485998153686523
luxwort-1848-10-01-a-i0001,4585,4592,Fischer,NIL,PER,Q1583965,Hanspeter Fischer,"```json { ""wikipedia_page"": ""Hanspeter Fischer"", ""wikidata_id"": ""Q1583965"" } ```",11.067939758300781
luxwort-1848-10-01-a-i0001,4627,4633,Stifft,NIL,PER,Q104425440,Anton Schmid,"```json { ""wikipedia_page"": ""Anton Schmid"", ""wikidata_id"": ""Q104425440"" } ```",15.105921745300293
luxwort-1848-10-01-a-i0001,4781,4789,Scklinck,NIL,PER,Q16215799,Johann Heinrich Schlink,"Based on the analysis of the provided text and the list of candidates, the most fitting Wikidata entity for the entity tagged as [ENT] ""Scklinck"" is: ```json {""wikipedia_page"":""Johann Heinrich Schlink"", ""wikidata_id"":""Q16215799""} ``` Since there is no high-confidence match, the value for ""ENT"" tagged ""Schreckling"" will be: ```json {""wikidata_id"": ""NIL""} ```",19.376663208007812
luxwort-1848-10-01-a-i0001,4797,4804,Lampach,NIL,PER,Q71135163,Lappach,"```json { ""wikipedia_page"": ""Lappach"", ""wikidata_id"": ""Q71135163"" } ```",19.753005981445312
luxwort-1848-10-01-a-i0001,4812,4823,Heldenstein,Q13103205,PER,Q337229,François Heldenstein,"```json { ""wikipedia_page"": ""François Heldenstein"", ""wikidata_id"": ""Q337229"" } ```",17.75154685974121
luxwort-1848-10-01-a-i0001,4831,4841,Dasstlborn,Q67588061,PER,NIL,Dasstlborn,"```json {""wikipedia_page"":"""", ""wikidata_id"":""NIL""} ```",0
luxwort-1848-10-01-a-i0001,4849,4856,Herlert,NIL,PER,Q709463,Arthur Gehlert,"```json { ""wikipedia_page"": ""Arthur Gehlert"", ""wikidata_id"": ""Q709463"" } ```",14.84162712097168
luxwort-1848-10-01-a-i0001,4864,4869,Jonas,Q16439477,PER,Q1657250,Paul Jonas,"```json {""wikipedia_page"":""Paul Jonas"", ""wikidata_id"":""Q1657250""} ```",8.377291679382324
luxwort-1848-10-01-a-i0001,4877,4884,Fendius,NIL,PER,Q2783276,Louis Fendius,"Based on the input text and the list of candidates, the entity mentioned between the [ENT] tags is ""Fendius"". The most appropriate Wikidata entity from the list of candidates for ""Fendius"" is Louis Fendius. Here is the JSON object with the Wikipedia page title and Wikidata ID of the selected entity: ```json {""wikipedia_page"": ""Louis Fendius"", ""wikidata_id"": ""Q2783276""} ```",16.113840103149414
luxwort-1848-10-01-a-i0001,4892,4901,Würth PH.,NIL,PER,Q1447385,Franz Hürth,"```json { ""wikipedia_page"": ""Franz Hürth"", ""wikidata_id"": ""Q1447385"" } ```",13.628884315490723
luxwort-1848-10-01-a-i0001,4909,4913,Adam,NIL,PER,Q1692221,Johann Adam Bernhard,"```json {""wikipedia_page"":""Johann Adam Bernhard"", ""wikidata_id"":""Q1692221""} ```",8.881691932678223
luxwort-1848-10-01-a-i0001,5280,5296,Canton Suremburg,Q1146429,LOC,Q1379566,Schaumburger Land,"```json { ""wikipedia_page"": ""Schaumburger Land"", ""wikidata_id"": ""Q1379566"" } ```",18.664329528808594
luxwort-1848-10-01-a-i0001,6394,6402,Athenäum,Q545334,ORG,NIL,Athenäum,"Based on the input text and the provided list of candidates, the entities mentioned between the [ENT] tags are likely referring to the ""Athenäum"" and ""Athenaios"" entities. However, there is not enough contextual information to confidently disambiguate these entities to specific Wikidata entities from the provided list. Therefore, the JSON output will be: ```json {""wikipedia_page"":""NIL"", ""wikidata_id"":""NIL""} ```",0
luxwort-1848-12-15-a-i0001,43,53,Sa« pellen,Q397678,LOC,Q700663,Sachsen-Coburg-Saalfeld,"```json { ""wikipedia_page"": ""Kanton Saarlouis"", ""wikidata_id"": ""Q700663"" } ```",8.883946418762207
luxwort-1848-12-15-a-i0001,202,208,Ulrich,NIL,PER,Q1442820,Ulrich Commerçon,"```json {""wikipedia_page"":""Ulrich Commerçon"", ""wikidata_id"":""Q1442820""} ```",10.07246208190918
luxwort-1848-12-15-a-i0001,236,276,"General-Administrator des Innern, Ulrich",NIL,PER,Q1394183,Liste der Bayerischen Staatsminister des Innern,"Based on the provided text and list of candidates, the entity mentioned in the input text between [ENT] tags is ""Ulrich"". The most appropriate Wikidata entity from the list of candidates that matches this entity is: - Wikipedia Page: ""Liste der bayerischen Staatsminister des Innern"" - Wikidata ID: ""Q1394183"" Therefore, the JSON response is: ```json {""wikipedia_page"":""Liste der bayerischen Staatsminister des Innern"", ""wikidata_id"":""Q1394183""} ```",9.602495193481445
luxwort-1848-12-15-a-i0001,707,720,Herrn Willmai,Q738855,PER,Q90822,Hans Wilhelmi,"```json { ""wikipedia_page"": ""Hans Wilhelmi"", ""wikidata_id"": ""Q90822"" } ```",14.165599822998047
luxwort-1848-12-15-a-i0001,749,760,Hrn. Ulrich,NIL,PER,Q99431,Carl Ulrich,"```json {""wikipedia_page"":""Carl Ulrich"", ""wikidata_id"":""Q99431""} ```",12.207777976989746
luxwort-1848-12-15-a-i0001,1340,1407,"einstweilige Gcneral»Administrator, Präsident des Conseils, Willmar",Q738855,PER,Q3166043,Jean-Georges Willmar,"Based on the input text and the provided list of candidates, the entity ""Willmar"" is highly likely to correspond to either Jean-Georges Willmar (Q3166043) or Jean-Jacques Willmar (Q738855), both of whom are Luxembourgish politicians from the given time period. Given the context, Jean-Georges Willmar seems to be the most appropriate match due to his role as ""der [ENT] einstweilige Gcneral»Administrator, Präsident des Conseils, Willmar [ENT]."" Here is the JSON-formatted answer: ```json {""wikipedia_page"":""Jean-Georges Willmar"", ""wikidata_id"":""Q3166043""} ```",14.501372337341309
luxwort-1858-02-07-a-i0009,48,57,Dra» pcau,Q3222443,PROD,Q3222441,Le Drapeau,"```json { ""wikipedia_page"": ""Le Drapeau"", ""wikidata_id"": ""Q3222441"" } ```",12.613394737243652
luxwort-1858-02-07-a-i0009,489,500,Proletarier,NIL,PROD,Q17513843,Der Proletarier,"{""wikipedia_page"": ""Der Proletarier"", ""wikidata_id"": ""Q17513843""}",11.951789855957031
luxwort-1858-02-07-a-i0009,783,789,Pierri,Q3106996,PER,Q3840019,Luigi Pierri,"```json {""wikipedia_page"": ""Luigi Pierri"", ""wikidata_id"": ""Q3840019""} ```",12.724573135375977
luxwort-1858-02-07-a-i0009,939,946,Drapeau,Q3222443,PROD,Q3222441,Le Drapeau,"```json { ""wikipedia_page"": ""Le Drapeau"", ""wikidata_id"": ""Q3222441"" } ```",16.059431076049805
luxwort-1858-02-07-a-i0009,953,962,Crocodile,NIL,PROD,Q309495,Crocodylus,"Based on the provided text and the list of candidates, the reference marked by [ENT] tags is ""Crocodile"". The most appropriate Wikidata entity from the list of candidates is ""Crocodylus"" (Wikipedia page: ""Crocodylus"" and Wikidata ID: ""Q309495""). Here is the JSON-formatted answer: ```json {""wikipedia_page"":""Crocodylus"", ""wikidata_id"":""Q309495""} ```",12.726076126098633
luxwort-1858-03-14-a-i0006,934,942,P. Zobel,NIL,PER,Q13103309,Johann Ambrosius Zobel,"```json { ""wikipedia_page"": ""Johann Ambrosius Zobel"", ""wikidata_id"": ""Q13103309"" } ```",19.670455932617188
luxwort-1858-03-14-a-i0006,1346,1388,"General-Direktor des Innern, Würth- Paquet",Q1956419,PER,NIL,"General-Direktor des Innern, Würth- Paquet","```json {""wikipedia_page"":"""", ""wikidata_id"":""NIL""} ```",0
luxwort-1858-03-14-a-i0006,1528,1545,Wolfgang Men» je!,Q64640,PER,Q65556941,Wolfgang Menke,"Based on the provided text and the list of candidates, the entity tagged as [ENT] appears to be highly disambiguated to 'Wolfgang Menke'. Therefore, the JSON response is: ```json {""wikipedia_page"":""Wolfgang Menke"", ""wikidata_id"":""Q65556941""} ```",10.26660442352295
luxwort-1858-08-29-a-i0005,0,7,England,Q21,LOC,Q145,Vereinigtes Königreich,"{""wikipedia_page"": ""England"", ""wikidata_id"": ""Q145""}",12.431894302368164
luxwort-1858-08-29-a-i0005,9,18,l'ont» on,Q84,LOC,Q21,England,"```json { ""wikipedia_page"": ""England"", ""wikidata_id"": ""Q21"" } ```",5.584628105163574
luxwort-1858-08-29-a-i0005,851,855,m. I,NIL,PER,Q253276,Meile,"```json {""wikipedia_page"":""Meile"", ""wikidata_id"":""Q253276""} ```",5.321022033691406
luxwort-1858-10-07-a-i0008,0,7,Italien,Q38,LOC,Q172579,Königreich Italien,"```json {""wikipedia_page"":""Königreich Italien"", ""wikidata_id"":""Q172579""} ```",16.846904754638672
luxwort-1858-10-07-a-i0008,585,620,katholischen Großmacht Frank» reich,Q142,ORG,Q70972,Königreich Frankreich,"Based on the provided text and candidates, the entity ""Frankreich"" (Germany) can be confidently identified. Here is the JSON output: ```json {""wikipedia_page"": ""Königreich Frankreich"", ""wikidata_id"": ""Q70972""} ```",11.361156463623047
luxwort-1858-10-07-a-i0008,624,630,Orient,Q205653,LOC,Q81483,Levante,"Based on the input text and the list of candidates, the entity mentioned between the [ENT] tags appears to refer to the geographical region ""Levante"". This is highly supported by the context of the text, which discusses the ""heiligen Stätten"" (holy sites) in Jerusalem and the political climate in the ""Orient"" (East). Therefore, the most appropriate Wikidata entity is: ```json {""wikipedia_page"":""Levante"", ""wikidata_id"":""Q81483""} ```",13.453306198120117
luxwort-1858-10-07-a-i0008,1234,1261,Schuldners Marchese Campana,Q442379,PER,Q113151278,Giulio Cesare Colonna,"```json { ""wikipedia_page"": ""Marchese Campana"", ""wikidata_id"": ""Q113151278"" } ```",11.237455368041992
luxwort-1858-10-07-a-i0008,1295,1302,Neapels,Q2634,LOC,Q173065,Königreich Neapel,"```json { ""wikipedia_page"": ""Königreich Neapel"", ""wikidata_id"": ""Q173065"" } ```",18.64344024658203
luxwort-1858-10-07-a-i0008,1405,1416,Weftmächten,NIL,ORG,Q185145,Großmacht,"{""wikipedia_page"": ""Großmacht"", ""wikidata_id"": ""Q185145""}",9.756433486938477
luxwort-1858-10-07-a-i0008,1467,1488,Comman» deurs Caraffa,NIL,PER,Q1527024,Girolamo Caraffa,"```json { ""wikipedia_page"": ""Girolamo Caraffa"", ""wikidata_id"": ""Q1527024"" } ```",16.48385238647461
luxwort-1858-10-07-a-i0008,1671,1677,Neapel,Q2634,LOC,Q173065,Königreich Neapel,"```json {""wikipedia_page"":""Königreich Neapel"", ""wikidata_id"":""Q173065""} ```",18.018463134765625
luxwort-1858-10-07-a-i0008,1760,1771,Westmächten,NIL,ORG,Q1507074,Westmächte,"{ ""wikipedia_page"": ""Westmächte"", ""wikidata_id"": ""Q1507074"" }",12.266139030456543
luxwort-1858-10-07-a-i0008,2311,2318,England,Q21,LOC,Q179876,Königreich England,"{""wikipedia_page"":""Königreich England"", ""wikidata_id"":""Q179876""}",17.20850944519043
luxwort-1858-10-07-a-i0008,2649,2656,Europas,Q46,LOC,Q466039,Kontinentaleuropa,"```json {""wikipedia_page"":""Kontinentaleuropa"", ""wikidata_id"":""Q466039""} ```",9.877959251403809
luxwort-1858-10-07-a-i0008,4084,4091,Preußen,Q27306,LOC,Q38872,Preußen,"Based on the provided text and the list of candidates, the entity mentioned between the [ENT] tags is ""Preußen"" (Prussia). Given the historical context and the list of candidates, there is a high confidence that the entity refers to the historical state of Prussia. Therefore, the selected Wikidata entity is: ```json {""wikipedia_page"":""Preußen"", ""wikidata_id"":""Q38872""} ```",20.00319480895996
luxwort-1858-10-07-a-i0008,4676,4680,K.J.,Q1795887,PROD,Q5913322,Klemens Jónsson,"```json {""wikipedia_page"":""Klemens Jónsson"", ""wikidata_id"":""Q5913322""} ```",6.69342565536499
luxwort-1858-12-25-a-i0001,373,389,Luremburger Wort,Q1751317,PROD,NIL,Luremburger Wort,"```json { ""wikipedia_page"": ""NIL"", ""wikidata_id"": ""NIL"" } ```",0
luxwort-1868-07-21-a-i0003,12,20,Wäschfra,NIL,PROD,Q16624872,Wäscherin,"```json { ""wikipedia_page"": ""Wäscherin"", ""wikidata_id"": ""Q16624872"" } ```",10.433366775512695
luxwort-1868-07-21-a-i0003,209,218,SujemDurg,Q32,LOC,NIL,SujemDurg,"{""wikipedia_page"":""NIL"", ""wikidata_id"":""NIL""}",0
luxwort-1868-07-21-a-i0003,360,365,Grund,Q1016205,LOC,Q537885,Bad Grund,"```json { ""wikipedia_page"": ""Bad Grund"", ""wikidata_id"": ""Q537885"" } ```",16.1806583404541
luxwort-1868-07-21-a-i0003,370,381,Pfasseuthal,Q1016214,LOC,Q1988334,Niederpfannenstiel,"```json { ""wikipedia_page"": ""Niederpfannenstiel"", ""wikidata_id"": ""Q1988334"" } ```",16.476167678833008
luxwort-1868-07-21-a-i0003,468,478,3Sd)cb.fra,NIL,PROD,Q1305789,Schlaraffia,"Based on the provided text, the entity mentioned between the [ENT] tags is ""Schlaraffia"". The corresponding Wikipedia page title is ""Schlaraffia"" and the Wikidata ID is ""Q1305789"". ```json { ""wikipedia_page"": ""Schlaraffia"", ""wikidata_id"": ""Q1305789"" } ```",8.628249168395996
luxwort-1868-07-21-a-i0003,767,775,Wäschfra,NIL,PROD,Q1518857,Schmutzige Wäsche,"```json { ""wikipedia_page"": ""Schmutzige Wäsche"", ""wikidata_id"": ""Q1518857"" } ```",11.024192810058594
luxwort-1868-07-21-a-i0003,1041,1054,Gemeinde Eich,Q2451733,LOC,Q251357,Verbandsgemeinde Eich,"```json {""wikipedia_page"":""Verbandsgemeinde Eich"", ""wikidata_id"":""Q251357""} ```",9.89953899383545
luxwort-1868-09-23-a-i0011,73,82,igatnburg,Q1055,LOC,Q1449,Genua,"```json {""wikipedia_page"":""Genua"", ""wikidata_id"":""Q1449""} ```",12.7465238571167
luxwort-1868-09-23-a-i0011,161,167,Italie,NIL,PROD,Q38,Italien,"```json {""wikipedia_page"":""Italien"", ""wikidata_id"":""Q38""} ```",18.068771362304688
luxwort-1868-09-23-a-i0011,301,309,Italiens,Q38,LOC,Q172579,Königreich Italien,"```json { ""wikipedia_page"": ""Königreich Italien"", ""wikidata_id"": ""Q172579"" } ```",16.255889892578125
luxwort-1868-09-23-a-i0011,344,348,MaMÜ,Q187336,PER,NIL,MaMÜ,"Based on the provided input text and the list of candidates, the entity [ENT] MaMÜ [ENT] does not have a match in the list with high confidence. Therefore, the output is: ```json {""wikipedia_page"":""NIL"", ""wikidata_id"":""NIL""} ```",0
luxwort-1868-09-23-a-i0011,742,766,Associazionc Neunblicana,NIL,ORG,Q1427066,Associazione Nazionalista Italiana,"{""wikipedia_page"":""Associazione Nazionalista Italiana"", ""wikidata_id"":""Q1427066""}",12.049522399902344
luxwort-1868-09-23-a-i0011,772,796,Affiliazione Democratica,NIL,ORG,Q2344776,Alliance démocratique,"Based on the provided text and the list of candidates, it appears that the entities mentioned within the [ENT] tags are likely to be organizations given the context and the terms used. Here's the JSON response: ```json {""wikipedia_page"": ""Alliance démocratique"", ""wikidata_id"": ""Q2344776""} ``` This response assumes that the entity tagged as [ENT] within the provided text is highly likely to be the ""Alliance démocratique"" given the historical context and the provided candidates.",14.632047653198242
luxwort-1868-09-23-a-i0011,802,822,Comité der Stadt Rom,NIL,ORG,Q2985236,Comitati d’Azione per l’Universalità di Roma,"Based on the input text and the list of candidates, the entity between the [ENT] tags is likely referring to the ""Comitati d’Azione per l’Universalità di Roma,"" a fascist organization. Therefore, the most appropriate Wikidata entity from the provided list of candidates is: ```json { ""wikipedia_page"": ""Comitati d’Azione per l’Universalità di Roma"", ""wikidata_id"": ""Q2985236"" } ```",10.312479019165039
luxwort-1868-09-23-a-i0011,1244,1247,Nom,Q220,LOC,Q296869,Nomi,"```json {""wikipedia_page"":""Nomi"", ""wikidata_id"":""Q296869""} ```",9.672892570495605
luxwort-1868-09-23-a-i0011,1357,1402,französischen Botschafter Grafen Don ©artiges,NIL,PER,Q3245744,Liste der französischen Botschafter beim Heiligen Stuhl,"```json {""wikipedia_page"":""Liste der französischen Botschafter beim Heiligen Stuhl"", ""wikidata_id"":""Q3245744""} ```",9.550271987915039
luxwort-1868-09-23-a-i0011,2208,2230,Cabinet der Tuilerieen,Q1450662,ORG,Q640506,Kabinett,"```json { ""wikipedia_page"": ""Kabinett"", ""wikidata_id"": ""Q640506"" } ```",10.27064323425293
luxwort-1868-09-23-a-i0011,2410,2413,Nom,Q220,LOC,Q467708,Nominoë,"```json { ""wikipedia_page"": ""Nominoë"", ""wikidata_id"": ""Q467708"" } ```",7.517621994018555
luxwort-1868-09-23-a-i0011,2574,2584,Lord Lyons,Q5537443,PER,Q335522,"Edmund Lyons, 1. Baron Lyons","```json {""wikipedia_page"": ""Edmund Lyons, 1. Baron Lyons"", ""wikidata_id"": ""Q335522""} ```",18.284238815307617
luxwort-1868-09-23-a-i0011,2602,2619,Herrn de Moustier,Q3271672,PER,Q2980561,Clément-Édouard de Moustier,"```json { ""wikipedia_page"": ""Clément-Édouard de Moustier"", ""wikidata_id"": ""Q2980561"" } ```",18.272356033325195
luxwort-1868-09-23-a-i0011,2764,2776,Lord Stanley,Q222458,PER,Q5728623,Henry Edward John Stanley,"Based on the provided input text and list of candidates, the most appropriate Wikidata entity for the entity tagged with [ENT] is: ```json {""wikipedia_page"": ""Henry Edward John Stanley"", ""wikidata_id"": ""Q5728623""} ```",12.703434944152832
luxwort-1868-09-23-a-i0011,2909,2916,Florenz,Q2044,LOC,NIL,Florenz,"Based on the input text and the provided list of candidates, the most appropriate Wikidata entity for the entity mentioned between the [ENT] tags is not present with high confidence. Therefore, the response is: ```json {""wikipedia_page"": ""NIL"", ""wikidata_id"": ""NIL""} ```",0
luxwort-1868-09-23-a-i0011,2921,2924,Nom,Q220,LOC,Q296869,Nomi,"```json { ""wikipedia_page"": ""Nomi"", ""wikidata_id"": ""Q296869"" } ```",10.932584762573242
luxwort-1868-09-23-a-i0011,3338,3346,Sicilien,Q1460,LOC,Q180393,Königreich beider Sizilien,"```json {""wikipedia_page"": ""Königreich beider Sizilien"", ""wikidata_id"": ""Q180393""} ```",17.021211624145508
luxwort-1868-09-23-a-i0011,3786,3795,Franz II.,Q206223,PER,Q130834,Franz II.,"{""wikipedia_page"": ""Franz II."", ""wikidata_id"": ""Q130834""}",19.285194396972656
luxwort-1868-09-23-a-i0011,3861,3876,Paläste Farnese,Q848386,LOC,Q3890084,Palazzo Farnese,"Here's the JSON-formatted output: ```json { ""wikipedia_page"": ""Palazzo Farnese"", ""wikidata_id"": ""Q3890084"" } ``` The entity mentioned between the [ENT] tags, ""Palazzo Farnese,"" is most confidently linked to the Wikidata ID ""Q3890084"" and the Wikipedia page title ""Palazzo Farnese"" from the provided list of candidates.",12.009889602661133
luxwort-1868-09-23-a-i0011,3994,4010,Königs Franz 11.,Q206223,PER,Q130834,Franz II.,"```json { ""wikipedia_page"": ""Franz II."", ""wikidata_id"": ""Q130834"" } ```",13.833870887756348
luxwort-1868-09-23-a-i0011,4077,4083,"K. Bl,",NIL,PROD,Q154195,Königreich Bayern,"```json { ""wikipedia_page"": ""Königreich Bayern"", ""wikidata_id"": ""Q154195"" } ```",4.498076915740967
luxwort-1868-09-23-a-i0011,4085,4092,Italien,Q38,LOC,Q172579,Königreich Italien,"Based on the provided text and the list of candidates, the entity mentioned between the [ENT] tags is highly confidently matched with the candidate entity ""Königreich Italien"" from the list. Here is the JSON-formatted answer: ```json {""wikipedia_page"":""Königreich Italien"", ""wikidata_id"":""Q172579""} ```",9.758259773254395
luxwort-1868-12-18-a-i0004,3503,3512,Luxemburg,Q1842,LOC,Q32,Luxemburg,"Given the input text and the provided list of candidates, I will analyze the text and disambiguate the entity mentioned between the [ENT] tags. The text mentions ""Luxemburg"" twice. The first occurrence is between [ENT] tags and refers to a state or country. Based on the list of candidates, the most appropriate Wikidata entity for this mention is: - Wikipedia Page: Luxemburg - Wikidata ID: Q32 The second occurrence is also between [ENT] tags and refers to a city, which is the capital of the state of Luxemburg. The most appropriate Wikidata entity for this mention is: - Wikipedia Page: Luxemburg - Wikidata ID: Q1842 Therefore, the disambiguated entities are: ```json { ""wikipedia_page"": ""Luxemburg"", ""wikidata_id"": ""Q32"" } ```",23.42682456970215
luxwort-1878-01-09-a-i0002,79,96,Sujeutburger Wort,Q1751317,PROD,Q560531,Suitbert,"Based on the provided input text, the entity mentioned between the [ENT] tags is ""Sujeutburger Wort [ENT]"". Given the list of candidates, the most appropriate Wikidata entity for this entity is ""Suitbert"", with a Wikidata ID of Q560531 and a Wikipedia page title of ""Suitbert"". Here is the JSON-formatted answer: ```json {""wikipedia_page"": ""Suitbert"", ""wikidata_id"": ""Q560531""} ```",11.241552352905273
luxwort-1878-04-30-a-i0006,3211,3273,"Vtatthalter im Großherzogthnm, Heinrich, Prinz der Niederlande",Q705129,PER,Q9149710,Liste der niederländischen Botschafter in Deutschland,"```json {""wikipedia_page"": ""Liste der niederländischen Botschafter in Deutschland"", ""wikidata_id"": ""Q9149710""} ```",10.962714195251465
luxwort-1878-04-30-a-i0006,3279,3322,"General »Direktor des Innern, N. Talent iny",Q13104357,PER,Q1501800,Generaldirektor,"{""wikipedia_page"": ""Generaldirektor"", ""wikidata_id"": ""Q1501800""} Explanation: The text mentions ""Generaldirektor des Innern, N. Talent"", which is a specific role within the context of the German Empire. Among the given candidates, the entity ""Generaldirektor"" matches the role mentioned in the text.",7.309042453765869
luxwort-1878-05-14-a-i0001,44,56,",Lux. Woll.‘",Q1751317,PROD,Q1792543,Kunstmuseum Luzern,"```json {""wikipedia_page"":""Kunstmuseum Luzern"", ""wikidata_id"":""Q1792543""} ``` ```",14.99641227722168
luxwort-1878-05-14-a-i0001,505,511,Canaba,Q16,LOC,Q3114,Canberra,"```json { ""wikipedia_page"": ""Canberra"", ""wikidata_id"": ""Q3114"" } ```",13.433768272399902
luxwort-1878-05-14-a-i0001,528,536,Victoria,Q36687,LOC,Q9439,Victoria,"Based on the analysis of the text, the entity mentioned between the [ENT] tags is ""Victoria"". Among the provided candidates, the most appropriate Wikidata entity is ""Victoria"" (wikidata_id: Q9439), which refers to ""Königin von Großbritannien und Irland (1837–1901), Kaiserin von Indien (1876–1901)"". Here is the JSON response: ```json {""wikipedia_page"": ""Victoria"", ""wikidata_id"": ""Q9439""} ```",15.784568786621094
luxwort-1878-05-14-a-i0001,538,548,QueenSlanb,Q36074,LOC,NIL,QueenSlanb,"```json { ""wikipedia_page"": ""NIL"", ""wikidata_id"": ""NIL"" } ```",0
luxwort-1878-05-14-a-i0001,581,587,Canaba,Q16,LOC,Q3114,Canberra,"```json { ""wikipedia_page"": ""Canberra"", ""wikidata_id"": ""Q3114"" } ```",14.285333633422852
luxwort-1878-05-14-a-i0001,1171,1179,Vicloria,Q36687,LOC,NIL,Vicloria,"```json { ""wikipedia_page"": ""Viktoria"", ""wikidata_id"": ""Q3942"" } ```",0
luxwort-1878-05-14-a-i0001,2003,2013,QueenSlanb,Q36074,LOC,NIL,QueenSlanb,"```json { ""wikipedia_page"": ""NIL"", ""wikidata_id"": ""NIL"" } ```",0
luxwort-1878-05-14-a-i0001,2535,2543,Stanforb,NIL,ORG,Q41506,Stanford University,"Based on the provided input text and the list of candidates, I will disambiguate the entity mentioned between the [ENT] tags. The entity mentioned between the [ENT] tags is ""Stanford University"". Here is the JSON-formatted answer: ```json {""wikipedia_page"":""Stanford University"", ""wikidata_id"":""Q41506""} ```",11.272900581359863
luxwort-1878-05-14-a-i0001,2646,2657,IameS Swift,NIL,ORG,Q41166,Jonathan Swift,"```json { ""wikipedia_page"": ""Jonathan Swift"", ""wikidata_id"": ""Q41166"" } ```",16.25934600830078
luxwort-1878-05-14-a-i0001,2659,2665,Darton,NIL,ORG,Q16918909,William Darton,"```json {""wikipedia_page"":""William Darton"", ""wikidata_id"":""Q16918909""} ```",16.479141235351562
luxwort-1878-05-14-a-i0001,2667,2674,Vollonb,NIL,ORG,Q587078,Antoine Vollon,"```json { ""wikipedia_page"": ""Antoine Vollon"", ""wikidata_id"": ""Q587078"" } ```",14.891366004943848
luxwort-1878-05-14-a-i0001,3316,3324,Musgrabe,Q3328441,ORG,NIL,Musgrabe,"```json { ""wikipedia_page"": ""NIL"", ""wikidata_id"": ""NIL"" } ```",0
luxwort-1878-05-14-a-i0001,3328,3335,Belfast,Q10686,LOC,NIL,Belfast,"Based on the provided text and candidates list, the most appropriate Wikidata entity for the entity tagged with [ENT] is not found with high confidence. Therefore, I classify it with a NIL value. JSON answer: ```json {""wikipedia_page"":"""", ""wikidata_id"":""NIL""} ```",0
luxwort-1878-05-14-a-i0001,3461,3478,Wilkinson Heywoob,NIL,ORG,Q15490606,Livingston Hopkins,"```json {""wikipedia_page"": ""Livingston Hopkins"", ""wikidata_id"": ""Q15490606""} ```",17.88197135925293
luxwort-1878-05-14-a-i0001,3811,3816,Chubb,NIL,ORG,Q5115258,Chubb Fire & Security Group,"```json {""wikipedia_page"":""Chubb Fire & Security Group"", ""wikidata_id"":""Q5115258""} ```",11.341979026794434
luxwort-1878-05-14-a-i0001,4070,4090,Prinzessin bon Wales,Q152260,PER,Q2000835,Prinzessin von Wales,"```json { ""wikipedia_page"": ""Prinzessin von Wales"", ""wikidata_id"": ""Q2000835"" } ```",15.085897445678711
luxwort-1878-05-14-a-i0001,4961,4968,Englanb,Q21,LOC,Q23666,Großbritannien,"Based on the provided text, the entity mentioned between the [ENT] tags is ""Englischen"". From the list of candidates, the most appropriate Wikidata entity that matches this mention with high confidence is ""Großbritannien"" (Wikipedia page title: ""Großbritannien"", Wikidata ID: ""Q23666""). Here is the JSON response: ```json {""wikipedia_page"":""Großbritannien"", ""wikidata_id"":""Q23666""} ```",14.7991943359375
luxwort-1878-05-14-a-i0001,7254,7260,Hammer,NIL,ORG,Q25294,Hammer,"```json { ""wikipedia_page"": ""Hammer"", ""wikidata_id"": ""Q25294"" } ```",8.808856964111328
luxwort-1878-05-14-a-i0001,7264,7270,Sonbon,Q84,LOC,NIL,Sonbon,"{""wikipedia_page"":""NIL"", ""wikidata_id"":""NIL""} Based on the context provided by the historical text, the entity mentioned between the [ENT] tags does not match any of the candidates with high confidence.",0
luxwort-1878-05-14-a-i0001,7456,7481,"?li<e I^it,Lr>tur« 'oei^y",NIL,ORG,Q1141808,IHS,"Based on the provided input text, the entity mentioned between the [ENT] tags is ""IHS"" which stands for Iesus Hominum Salvator. The most appropriate Wikidata entity from the list of candidates for this entity is ""IHS"" with the Wikidata ID ""Q1141808"". Here is the JSON response: ```json { ""wikipedia_page"": ""IHS"", ""wikidata_id"": ""Q1141808"" } ```",3.0904347896575928
luxwort-1878-05-14-a-i0001,7826,7833,Englanb,Q21,LOC,Q1860,Englisch,"```json { ""wikipedia_page"": ""Englisch"", ""wikidata_id"": ""Q1860"" } ```",18.767213821411133
luxwort-1878-05-14-a-i0001,8682,8692,Harry Newi,NIL,ORG,Q16004085,Harry Norris,"```json { ""wikipedia_page"": ""Harry Norris"", ""wikidata_id"": ""Q16004085"" } ```",21.247095108032227
luxwort-1878-05-14-a-i0001,9268,9282,Hart ©on Pearb,Q16983391,ORG,Q669149,St. Peter am Hart,"```json { ""wikipedia_page"": ""St. Peter am Hart"", ""wikidata_id"": ""Q669149"" } ```",12.134305000305176
luxwort-1878-05-14-a-i0001,9921,9930,Templeton,Q16849442,ORG,Q958470,Templeton College,"```json { ""wikipedia_page"": ""Templeton College"", ""wikidata_id"": ""Q958470"" } ```",15.086554527282715
luxwort-1878-05-14-a-i0001,10658,10665,Zuccato,NIL,ORG,Q983213,Nicolaus Zucchius,"```json {""wikipedia_page"": ""Nicolaus Zucchius"", ""wikidata_id"": ""Q983213""} ```",8.968829154968262
luxwort-1878-05-14-a-i0001,10669,10675,Sondon,Q84,LOC,Q200942,Swindon,"{""wikipedia_page"": ""Swindon"", ""wikidata_id"": ""Q200942""}",12.096674919128418
luxwort-1878-09-17-a-i0009,149,160,Westf. Merk,Q1263342,PROD,Q1427024,Westfälische Nachrichten,"```json { ""wikipedia_page"": ""Westfälische Nachrichten"", ""wikidata_id"": ""Q1427024"" } ```",11.171125411987305
luxwort-1878-09-17-a-i0009,372,388,Provinz Hannober,Q819125,LOC,Q1715,Hannover,"```json { ""wikipedia_page"": ""Hannover"", ""wikidata_id"": ""Q1715"" } ```",19.77530288696289
luxwort-1878-09-17-a-i0009,482,552,Ihre kaiserliche Hoheit bie Frau Erzherzogin Clothilbe bon Oefterreich,Q242170,PER,Q150782,Elisabeth von Österreich-Ungarn,"{ ""wikipedia_page"": ""Elisabeth von Österreich-Ungarn"", ""wikidata_id"": ""Q150782"" }",11.170174598693848
luxwort-1878-09-17-a-i0009,899,907,Hannober,Q819125,LOC,Q1715,Hannover,"```json {""wikipedia_page"":""Hannover"", ""wikidata_id"":""Q1715""} ```",16.481563568115234
luxwort-1878-09-17-a-i0009,1355,1361,Aurich,Q1801981,LOC,Q14839,Aurich,"{ ""wikipedia_page"": ""Aurich"", ""wikidata_id"": ""Q14839"" }",17.249614715576172
luxwort-1878-09-17-a-i0009,2280,2294,Herrn v. Vinke,Q1646857,PER,Q95382,Ludwig von Vincke,"```json { ""wikipedia_page"": ""Ludwig von Vincke"", ""wikidata_id"": ""Q95382"" } ```",12.579822540283203
luxwort-1878-09-17-a-i0009,2535,2546,Oesterreich,Q131964,LOC,Q40,Österreich,"Given the input text and the list of candidates, the entity mentioned between the [ENT] tags is ""Österreich"". Based on the context and the provided candidates, the most appropriate Wikidata entity for ""Österreich"" is: - Wikipedia Page: Österreich - Wikidata ID: Q40 Therefore, the JSON output is: ```json {""wikipedia_page"":""Österreich"", ""wikidata_id"":""Q40""} ```",22.869882583618164
luxwort-1878-09-17-a-i0009,2695,2706,Oesterreich,Q131964,LOC,Q40,Österreich,"```json { ""wikipedia_page"": ""Österreich"", ""wikidata_id"": ""Q40"" } ```",23.86821937561035
luxwort-1938-01-29-a-i0025,435,445,Rene Pupin,NIL,PER,Q23906098,René Poupon,"{""wikipedia_page"":""René Poupon"", ""wikidata_id"":""Q23906098""}",29.204092025756836
luxwort-1938-06-29-a-i0018,59,64,Havas,Q516033,ORG,NIL,Havas,"```json { ""wikipedia_page"": ""NIL"", ""wikidata_id"": ""NIL"" } ```",0
luxwort-1938-06-29-a-i0018,71,77,Hankau,Q11746,LOC,Q4970,Hangzhou,"```json {""wikipedia_page"": ""Hangzhou"", ""wikidata_id"": ""Q4970""} ```",25.589200973510742
luxwort-1938-06-29-a-i0018,338,344,Hankau,Q11746,LOC,Q8686,Shanghai,"After reading the input text and analyzing the list of candidates, I have determined that the entity mentioned between the [ENT] tags, ""Hankau,"" is most likely the city of Shanghai. Among the provided candidates, ""Shanghai"" has the highest relevance based on the context. ```json {""wikipedia_page"": ""Shanghai"", ""wikidata_id"": ""Q8686""} ```",18.890249252319336
luxwort-1938-06-29-a-i0018,671,677,Hankau,Q11746,LOC,Q4970,Hangzhou,"```json {""wikipedia_page"":""Hangzhou"", ""wikidata_id"":""Q4970""} ```",21.303112030029297
luxwort-1948-03-27-a-i0009,23,58,Katholischen Schweizer Buchgemeinde,NIL,ORG,Q2256455,Schweizerische Gemeinnützige Gesellschaft,"```json { ""wikipedia_page"": ""Schweizerische Gemeinnützige Gesellschaft"", ""wikidata_id"": ""Q2256455"" } ```",25.84368324279785
luxwort-1948-03-27-a-i0009,362,402,Schweizer katholischen Volksbuchgemeinde,NIL,ORG,Q2800149,Schweizerischer katholischer Volksverein,"```json { ""wikipedia_page"": ""Schweizerischer katholischer Volksverein"", ""wikidata_id"": ""Q2800149"" } ```",30.587356567382812
luxwort-1948-06-04-a-i0050,23,54,südafrikanischen Union Pretoria,Q3926,LOC,Q258,Südafrika,"```json {""wikipedia_page"":""Südafrika"", ""wikidata_id"":""Q258""} ```",21.69608497619629
luxwort-1948-06-04-a-i0050,74,124,"südafrikanische Ministerpräsident, Dr. D. F. Malan",Q317449,PER,NIL,"südafrikanische Ministerpräsident, Dr. D. F. Malan","Let's analyze the provided text and the list of candidates to determine the most appropriate Wikidata entity for the entities tagged with [ENT]. **Input Text:** ``` Die neue Regierung der südafrikanischen Union Pretoria, 4. Juni. (AP) Der [ENT] südafrikanische Ministerpräsident, Dr. D. F. Malan [ENT], gab gestern die Zusammensetzung seines Kabinetts bekannt, dem außer ihm neun Mitglieder seiner Nationalisten-Partei angehören. Nur der Finanzminister Havenga ist Mitglied der Afrikaner-Partei. Das Auèenministerrium hat Dr. Malan selber übernommen. Zum Finanzminister bestellte er N. C. Havenga, der denselben Posten von 1924 bis 1939 unter General Hertzog bekleidet hatte. Mit den Angelegenheiten der Eingeborenen betraute er Dr. E. G. Jansen, der dieses Amt bereits vnn 1929 bis 1933 innehatte. Ja ``` **JSON List of Candidates:** ```json [{'wikipedia_page': 'Südafrika', 'wikidata_id': 'Q258', 'type': '', 'descr': '",0
luxwort-1948-06-04-a-i0050,261,283,Finanzminister Havenga,Q3141749,PER,NIL,Finanzminister Havenga,"To disambiguate the entity mentioned between the [ENT] tags, let's examine the input text and the provided candidates. **Input Text:** ``` Die neue Regierung der südafrikanischen Union Pretoria, 4. Juni. (AP) Der südafrikanische Ministerpräsident, Dr. D. F. Malan, gab gestern die Zusammensetzung seines Kabinetts bekannt, dem außer ihm neun Mitglieder seiner Nationalisten-Partei angehören. Nur der [ENT] Finanzminister Havenga [ENT] ist Mitglied der Afrikaner-Partei. Das Auèenministerrium hat Dr. Malan selber übernommen. Zum Finanzminister bestellte er N. C. Havenga, der denselben Posten von 1924 bis 1939 unter General Hertzog bekleidet hatte. Mit den Angelegenheiten der Eingeborenen betraute er Dr. E. G. Jansen, der dieses Amt bereits vnn 1929 bis 1933 innehatte. Jansen wird voraussichtlich auch zum Sprecher der Regierung ernannt werden. Der Posten eines stellvertretenden Ministerpräsidenten ist auf der Eiste nicht enthal ``` **Candidates:** - Nicolaas Havenga (Q3141",0
luxwort-1948-06-04-a-i0050,792,798,Reuter,Q130879,ORG,Q71014,Paul Julius Reuter,"**Analysis:** The entity mentioned between the [ENT] tags is ""Reuter."" Based on the provided list of candidates, the most appropriate match is ""Paul Julius Reuter,"" who is a well-known figure in the context of the Reuters news agency. **Disambiguation:** Based on the analysis, the entity mentioned in the text is ""Paul Julius Reuter."" Therefore, the Wikidata ID and Wikipedia page title are: ```json {""wikipedia_page"": ""Paul Julius Reuter"", ""wikidata_id"": ""Q71014""} ``` This entity fits the context of a news agency mentioned in the text.",19.82684326171875
luxwort-1948-06-04-a-i0050,885,898,Nationalisten,Q740718,ORG,Q1968382,Nationalist Party,"Based on the provided text and list of candidates, the entity ""[ENT]"" is likely a reference to a ""Nationalist Party"". The most appropriate Wikidata entity from the list of candidates is: ```json {""wikipedia_page"": ""Nationalist Party"", ""wikidata_id"": ""Q1968382""} ```",13.764814376831055
luxwort-1948-06-04-a-i0050,948,961,Labour-Partei,Q3136263,ORG,Q6467449,Labour Party,"```json { ""wikipedia_page"": ""Labour Party"", ""wikidata_id"": ""Q6467449"" } ```",18.92164421081543
luxwort-1948-07-09-a-i0038,105,134,"Gewerkschaft „Force ouvrière""",Q1125623,ORG,Q1125638,CGT,"```json {""wikipedia_page"":""CGT"", ""wikidata_id"":""Q1125638""} ```",14.342000007629395
luxwort-1948-07-09-a-i0038,920,936,"„Force ouvrière""",Q1125623,ORG,Q3092098,,"```json { ""wikipedia_page"": ""Force ouvrière"", ""wikidata_id"": ""Q3092098"" } ```",8.075081825256348
luxwort-1948-11-11-a-i0044,271,285,englische Zone,Q55306,LOC,Q55304,Amerikanische Besatzungszone,"Given the input text and the list of candidates, the entities mentioned between the [ENT] tags are ""amerikanische"" and ""englische"" zone. The most appropriate Wikidata entities for these mentions are: 1. ""amerikanische Zone"" -> ""Amerikanische Besatzungszone"" (Wikipedia page: 'Amerikanische Besatzungszone', Wikidata ID: 'Q55304') 2. ""englische Zone"" -> ""British Occupation Zone"" (Wikipedia page: 'Britische Besatzungszone', Wikidata ID: 'Q55306') However, since the ""British Occupation Zone"" (Q55306) does not have a corresponding English Wikipedia page title, it is not included in the provided list of candidates. Therefore, we will use the string ""NIL"" for the English zone. ```json {""wikipedia_page"":""Amerikanische Besatzungszone"", ""wikidata_id"":""Q55304"", ""wikipedia_page_english"":"""", ""wikidata_id_english"":""NIL""} ```",16.46844482421875
tageblatt-1918-04-23-a-i0010,90,103,Züricher Post,NIL,PROD,Q110492514,Züricher Post,"Based on the provided input text and the list of candidates, the entity mentioned between the [ENT] tags is ""Züricher Post"". This entity has a high confidence match with the candidate in the list. Here is the JSON-formatted response: ```json { ""wikipedia_page"": ""Züricher Post"", ""wikidata_id"": ""Q110492514"" } ```",21.936540603637695
tageblatt-1918-04-23-a-i0010,567,574,Oisetäl,NIL,LOC,Q201341,Isère,"```json { ""wikipedia_page"": ""Isère"", ""wikidata_id"": ""Q201341"" } ```",13.831334114074707
tageblatt-1918-04-23-a-i0010,1376,1387,Deutfchland,Q1206012,LOC,Q183,Deutschland,"```json {""wikipedia_page"": ""Deutschland"", ""wikidata_id"": ""Q183""} ```",16.359264373779297
tageblatt-1918-04-23-a-i0010,1409,1420,Deutschland,Q1206012,LOC,Q183,Deutschland,"```json {""wikipedia_page"": ""Deutschland"", ""wikidata_id"": ""Q183""} ```",15.373798370361328
tageblatt-1918-04-23-a-i0010,1810,1823,Ipernschlacht,Q102728,LOC,Q233219,Zweite Flandernschlacht,"To disambiguate the entities within the given text and select the most appropriate Wikidata entity, we need to analyze the text and match it with the provided list of candidates. The text mentions two entities between the [ENT] tags: ""Ipernschlacht"" and ""Ipern"". Looking at the list of candidates, we can see that ""Ipernschlacht"" matches with: - ""Zweite Flandernschlacht"" (Q233219) - ""Dritte Flandernschlacht"" (Q426227) - ""Erste Flandernschlacht"" (Q853976) - ""Flandernschlachten"" (Q29346148) Considering the context of World War I and the dates provided in the list of candidates, ""Zweite Flandernschlacht"" (1915) is the most likely match. Therefore, we select this entity. Based on this analysis, the JSON response would be: ```json {""wikipedia_page"":""Zweite Flandernschlacht"", ""wikidata_id"":""Q233219""} ```",21.443864822387695
tageblatt-1918-04-23-a-i0010,1984,1991,'Kemmel,NIL,LOC,Q1024880,Kemmel,"```json { ""wikipedia_page"": ""Kemmel"", ""wikidata_id"": ""Q1024880"" } ```",16.01352882385254
tageblatt-1918-04-23-a-i0010,1996,2002,Enssel,Q2771634,LOC,Q370660,Enspel,"Based on the provided text, the candidates that match the context of the historical text from 1918-04-23 are: - IJssel - Enssel Given the context, the most appropriate Wikidata entity for ""Enssel"" is ""Enspel"" (Wikidata ID: Q370660). Here is the JSON response: ```json {""wikipedia_page"": ""Enspel"", ""wikidata_id"": ""Q370660""} ```",15.062443733215332
tageblatt-1918-04-23-a-i0010,2058,2076,General Foch Ipern,Q102728,LOC,Q207958,Joseph Joffre,"```json { ""wikipedia_page"": ""Joseph Joffre"", ""wikidata_id"": ""Q207958"" } ```",12.283428192138672
tageblatt-1918-04-23-a-i0010,2408,2416,Boubogne,Q302720,LOC,Q81997,Boulogne-sur-Mer,"```json {""wikipedia_page"":""Boulogne-sur-Mer"", ""wikidata_id"":""Q81997""} ```",18.11497688293457
tageblatt-1918-04-23-a-i0010,2473,2478,Somme,Q37646,LOC,Q12770,Département Somme,"{ ""wikipedia_page"": ""Département Somme"", ""wikidata_id"": ""Q12770"" }",20.77775001525879
tageblatt-1918-04-23-a-i0010,2815,2819,Just,Q389077,LOC,Q1072197,Saint-Just,"Based on the provided text and the list of candidates, the entity mentioned between the [ENT] tags appears to be ""Saint-Just"". This entity is listed in the candidates as: - `{'wikipedia_page': 'Saint-Just', 'wikidata_id': 'Q1072197', 'type': '', 'descr': 'Gemeinde im Département Eure, Frankreich', 'date': ''}` I am confident that ""Saint-Just"" is the correct entity mentioned in the text. Therefore, the JSON output will be: ```json {""wikipedia_page"":""Saint-Just"", ""wikidata_id"":""Q1072197""} ```",9.281105995178223
tageblatt-1918-04-23-a-i0010,3025,3036,Bernancourt,NIL,LOC,Q669867,Blérancourt,"Based on the input text provided, the entities mentioned are ""Bernancourt"" and ""Berlancourt"". Given the list of candidates, the most appropriate Wikidata entity for ""Bernancourt"" is ""Blérancourt"" with the Wikidata ID ""Q669867"" and Wikipedia page title ""Blérancourt"". The entity ""Berlancourt"" does not have a confident match in the list of candidates. Here is the JSON-formatted response: ```json { ""wikipedia_page"": ""Blérancourt"", ""wikidata_id"": ""Q669867"" } ```",18.846267700195312
tageblatt-1918-04-23-a-i0010,3132,3142,Alliierten,Q215669,ORG,Q3612401,Alliierte,"The JSON formatted answer is: ```json {""wikipedia_page"": ""Alliierte"", ""wikidata_id"": ""Q3612401""} ```",19.61398696899414
tageblatt-1918-04-23-a-i0010,3307,3314,England,Q21,LOC,Q1860,Englisch,"```json {""wikipedia_page"":""Englisch"", ""wikidata_id"":""Q1860""} ```",13.282783508300781
tageblatt-1918-04-23-a-i0010,3334,3344,Lord Derby,Q338427,PER,Q237829,"Edward Smith-Stanley, 14. Earl of Derby","```json { ""wikipedia_page"": ""Edward Smith-Stanley, 14. Earl of Derby"", ""wikidata_id"": ""Q237829"" } ```",21.838184356689453
tageblatt-1918-04-23-a-i0010,3446,3454,Enßlmrds,Q21,LOC,Q6219387,John Armstrong,"```json { ""wikipedia_page"": ""John Armstrong"", ""wikidata_id"": ""Q6219387"" } ```",11.643228530883789
tageblatt-1918-04-23-a-i0010,3679,3685,Verdun,Q154748,LOC,Q130847,Schlacht um Verdun,"{ ""wikipedia_page"": ""Schlacht um Verdun"", ""wikidata_id"": ""Q130847"" }",17.841554641723633
tageblatt-1918-04-23-a-i0010,4470,4485,Daily Chronicle,Q74707,PROD,Q7639359,Sunday Chronicle,"```json {""wikipedia_page"": ""Daily Chronicle"", ""wikidata_id"": ""Q7639359""} ```",19.25319480895996
tageblatt-1918-04-23-a-i0010,4560,4593,Generalmajor Sir Robert WhighllIi,Q3938466,PER,NIL,Generalmajor Sir Robert WhighllIi,"```json {""wikipedia_page"": """", ""wikidata_id"": ""NIL""} ```",0
tageblatt-1918-04-23-a-i0010,4696,4711,Generall Mauris,Q1452944,PER,NIL,Generall Mauris,"```json { ""wikipedia_page"": """", ""wikidata_id"": ""NIL"" } ```",0
tageblatt-1918-04-23-a-i0010,4938,4950,Haoasmeldung,Q516033,ORG,NIL,Haoasmeldung,"Based on the analysis of the input text and the given list of candidates, the entities mentioned between [ENT] tags do not have corresponding Wikidata entries in the provided list. Therefore, the response is: ```json {""wikipedia_page"":""NIL"", ""wikidata_id"":""NIL""} ```",0
tageblatt-1918-04-23-a-i0010,5003,5012,Excelsior,NIL,PROD,Q1383470,Excelsior (Diamant),"```json {""wikipedia_page"":""Excelsior (Diamant)"", ""wikidata_id"":""Q1383470""} ```",9.379914283752441
tageblatt-1918-04-23-a-i0010,5269,5286,Telegraphen-Union,NIL,ORG,Q3517301,Telegraphen-Union,"{ ""wikipedia_page"": ""Telegraphen-Union"", ""wikidata_id"": ""Q3517301"" }",9.60838794708252
tageblatt-1918-06-14-a-i0004,61,80,Neutertorrespondent,Q130879,ORG,Q1981845,Neutor (Nürnberg),"Based on the provided text and the list of candidates, the entity mentioned between the [ENT] tags is 'Neutor (Nürnberg)'. Therefore, the corresponding Wikipedia page title and Wikidata ID of the selected entity are: ```json { ""wikipedia_page"": ""Neutor (Nürnberg)"", ""wikidata_id"": ""Q1981845"" } ```",12.010866165161133
tageblatt-1918-06-14-a-i0004,396,403,Eauigny,Q937539,LOC,NIL,Eauigny,"Based on the provided text and candidates, the most appropriate Wikidata entity for the mentions [ENT] Eauigny [ENT] is not present in the list of candidates with high confidence. The text mentions ""Eauigny,"" which does not match any of the given candidate names exactly. Therefore, the disambiguation cannot be performed with high confidence. ```json {""wikipedia_page"": ""NIL"", ""wikidata_id"": ""NIL""} ```",0
tageblatt-1918-06-14-a-i0004,408,417,Thiocourt,Q497719,LOC,Q21831,Thicourt,"```json {""wikipedia_page"": ""Theriault"", ""wikidata_id"": ""Q21831""} ```",23.198244094848633
tageblatt-1918-06-14-a-i0004,1558,1571,Agence. Hanns,Q516033,ORG,Q40464,Agence France-Presse,"```json {""wikipedia_page"": ""Agence France-Presse"", ""wikidata_id"": ""Q40464""} ```",14.911336898803711
tageblatt-1918-06-14-a-i0004,1683,1690,Journal,Q3223697,PROD,Q11032,Zeitung,"Based on the input text, the entity mentioned between the [ENT] tags is ""Journal"". The most appropriate Wikidata entity from the provided list of candidates is: - Wikidata ID: Q11032 - Wikipedia Page Title: Zeitung Therefore, the JSON-formatted answer is: ```json {""wikipedia_page"": ""Zeitung"", ""wikidata_id"": ""Q11032""} ```",14.462693214416504
tageblatt-1918-06-14-a-i0004,2996,3004,Marnetal,Q3554035,LOC,Q687782,Mattertal,"Based on the analysis of the input text and the list of candidates, the entity ""Mattertal"" seems to be the most appropriate Wikidata entity for the term ""Marnetal"" mentioned between the [ENT] tags. Therefore, the response is: ```json {""wikipedia_page"":""Mattertal"", ""wikidata_id"":""Q687782""} ```",12.889701843261719
tageblatt-1918-06-14-a-i0004,3474,3480,Ealgis,Q6454,LOC,Q190662,Aigis,"```json { ""wikipedia_page"": ""Aigis"", ""wikidata_id"": ""Q190662"" } ```",7.7040181159973145
tageblatt-1918-06-14-a-i0004,3863,3868,Herne,Q764182,PER,Q29904065,Hörnen,"```json { ""wikipedia_page"": ""Hernen"", ""wikidata_id"": ""Q29904065"" } ``` Given the context of the input text from a German press article published in 1918-06-14, the entity mentioned between the [ENT] tags is ""Hernen"". Based on the provided list of candidates, the most fitting Wikipedia page and Wikidata ID for ""Herne"" is ""Hernen"" with the Wikidata ID ""Q29904065"".",3.7360997200012207
tageblatt-1918-06-14-a-i0004,4284,4289,Herbe,Q764182,PER,Q3132608,Henry Barbet,"```json {""wikipedia_page"": ""Hervé"", ""wikidata_id"": ""Q3132608""} ```",12.26899528503418
tageblatt-1918-06-14-a-i0004,4361,4367,Ealais,Q6454,LOC,Q193183,Alès,"```json {""wikipedia_page"": ""Alais"", ""wikidata_id"": ""Q193183""} ```",10.913688659667969
tageblatt-1918-06-14-a-i0004,4601,4621,Kriegsminister Baker,Q926206,PER,Q223151,"James A. Baker, III","```json {""wikipedia_page"": ""James A. Baker, III"", ""wikidata_id"": ""Q223151""} ```",20.707111358642578
tageblatt-1928-02-15-a-i0018,127,143,Reichstagswahlen,Q878525,ORG,Q29333,Reichstagswahl 1928,"Based on the given text and the list of candidates, the most appropriate Wikidata entity for the entity [ENT] is: ```json {""wikipedia_page"": ""Reichstagswahl 1928"", ""wikidata_id"": ""Q29333""} ``` The text mentions ""französischerseits Bemühungen im Gange zu sein, die französischen Kammerwahlen nach den deutschen [ENT] Reichstagswahlen [ENT] stattfinden zu lassen."" This suggests that the entity is related to a specific ""Reichstagswahl"" (Reichstag election) in the context of the given time period. The candidate ""Reichstagswahl 1928"" is a likely match given the date of the text (1928). Given the specific context and the list of candidates, we can confidently select this entity.",15.307737350463867
tageblatt-1928-02-15-a-i0018,422,430,CasManca,Q7903,LOC,NIL,CasManca,"Given the input text and list of candidates, the entity within the [ENT] tags appears to be ""CasManca"". Upon review of the list, the only candidate that partially matches this entity is ""Casamance"". Since this is a partial match and the original text contains the word ""CasManca"" with a distinct spelling difference, we cannot confidently select ""Casamance"" as the correct Wikidata entity. Therefore, the output will be: ```json {""wikipedia_page"":"""", ""wikidata_id"":""NIL""} ```",0
tageblatt-1928-02-15-a-i0018,956,967,Blumenstein,NIL,PER,Q23826358,Johannes Blumstein,"```json { ""wikipedia_page"": ""Johannes Blumstein"", ""wikidata_id"": ""Q23826358"" } ```",14.22616195678711
tageblatt-1928-02-15-a-i0018,969,976,Laeasze,NIL,PER,Q99527303,,"```json {""wikipedia_page"":""Laeasze"", ""wikidata_id"":""Q99527303""} ```",14.319278717041016
tageblatt-1928-02-15-a-i0018,981,994,Simon Tovbini,NIL,PER,Q6539818,Liam Tobin,"Based on the analysis of the input text and the provided list of candidates, the entity mentioned between the [ENT] tags is ""Simon Tovbini"". The most appropriate Wikidata entity from the list of candidates is ""Liam Tobin"". Here is the JSON-formatted answer: ```json {""wikipedia_page"":""Liam Tobin"", ""wikidata_id"":""Q6539818""} ``` In this case, ""Simon Tovbini"" does not match any of the candidates with high confidence, so the entity is classified as ""NIL"".",18.254417419433594
tageblatt-1928-02-15-a-i0018,1172,1191,Rheinlandlommission,Q1200,LOC,Q152243,Rheinland,"Based on the input text and the list of candidates, the entity mentioned between the [ENT] tags is ""Rheinland"". This entity is a geographical region in Germany. Therefore, the JSON response is: ```json {""wikipedia_page"": ""Rheinland"", ""wikidata_id"": ""Q152243""} ```",16.1552677154541
tageblatt-1928-02-15-a-i0018,1646,1668,Nationale Bauernpartei,Q259887,ORG,Q104758777,Parti agraire national,"Based on the provided text and candidate list, the most appropriate Wikidata entity for the entity mentioned between the [ENT] tags is: - **Wikipedia Page:** Parti agraire national - **Wikidata ID:** Q104758777 Here is the JSON-formatted response: ```json {""wikipedia_page"":""Parti agraire national"", ""wikidata_id"":""Q104758777""} ```",13.584754943847656
tageblatt-1928-02-15-a-i0018,1681,1703,Sozialistischen Partei,Q752435,ORG,Q1332068,Section française de l’Internationale ouvrière,"```json { ""wikipedia_page"": ""Section française de l’Internationale ouvrière"", ""wikidata_id"": ""Q1332068"" } ```",11.160491943359375
tageblatt-1928-02-15-a-i0018,1818,1825,NewYork,Q60,LOC,Q1384,New York,"```json { ""wikipedia_page"": ""New York"", ""wikidata_id"": ""Q1384"" } ```",20.73247718811035
tageblatt-1928-02-15-a-i0018,1836,1866,amerikanische Admiral Plunkeii,Q5081605,PER,Q405463,Charles Cotesworth Pinckney,"```json {""wikipedia_page"": ""Charles Cotesworth Pinckney"", ""wikidata_id"": ""Q405463""} ```",10.263312339782715
tageblatt-1928-05-09-a-i0020,0,21,Luxemburger Tageblatt,Q461344,PROD,Q355432,Lëtzebuerger Journal,"{""wikipedia_page"": ""Lëtzebuerger Journal"", ""wikidata_id"": ""Q355432""}",20.242860794067383
tageblatt-1928-05-09-a-i0020,141,149,Le Ieune,Q2550037,PER,Q3173155,Jean Lejeune,"Based on the provided input text and the list of candidates, the most appropriate Wikidata entity that matches the entity tagged with [ENT] is ""Jean Lejeune"". Therefore, the JSON response is as follows: ```json {""wikipedia_page"": ""Jean Lejeune"", ""wikidata_id"": ""Q3173155""} ```",19.64916229248047
tageblatt-1928-05-09-a-i0020,1437,1451,Jules Le Ieune,Q2550037,PER,Q27894099,Joseph Le Jeune,"Based on the provided input text and the list of candidates, the entity between the [ENT] tags is ""Jules Le Jeune"". The most appropriate Wikidata entity from the list of candidates is: ```json {""wikipedia_page"": ""Jules Le Jeune"", ""wikidata_id"": ""Q27894099""} ```",23.386560440063477
tageblatt-1928-05-09-a-i0020,2085,2094,Me Picard,NIL,PER,Q286375,Émile Picard,"```json { ""wikipedia_page"": ""Émile Picard"", ""wikidata_id"": ""Q286375"" } ```",24.17593765258789
tageblatt-1928-05-09-a-i0020,2145,2154,Le Ieunes,Q2550037,PER,Q3173157,Jean Lejeune,"```json { ""wikipedia_page"": ""Jean Lejeune"", ""wikidata_id"": ""Q3173157"" } ```",17.578561782836914
tageblatt-1928-05-09-a-i0020,2181,2189,Le Ieune,Q2550037,PER,Q3173155,Jean Lejeune,"```json { ""wikipedia_page"": ""Jean Lejeune"", ""wikidata_id"": ""Q3173155"" } ```",15.064058303833008
tageblatt-1928-05-09-a-i0020,2492,2501,Massilong,Q1381729,PER,NIL,Massilong,"Based on the provided input text and the list of candidates, the entities [ENT] Massilong and [ENT] Vossuets do not have matches in the given list. Therefore, the response is: ```json {""wikipedia_page"":"""",""wikidata_id"":""NIL""} ```",0
tageblatt-1928-05-09-a-i0020,2507,2515,Vossuets,Q294100,PER,NIL,Vossuets,"```json {""wikipedia_page"": ""NIL"", ""wikidata_id"": ""NIL""} ```",0
tageblatt-1928-05-09-a-i0020,2517,2525,Le Ieune,Q2550037,PER,Q3173197,Jean Leune,"```json { ""wikipedia_page"": ""Jean Leune"", ""wikidata_id"": ""Q3173197"" } ```",14.624897003173828
tageblatt-1928-05-09-a-i0020,2592,2599,Montima,NIL,PER,Q6900291,Monime,"To disambiguate the entity mentioned between the [ENT] tags, let's analyze the text and consider the list of candidates. The text mentions ""Montima"" within the [ENT] tags. Based on the provided candidates, Montima corresponds to the Wikidata ID ""Q6900291"" with the Wikipedia page titled ""Monime."" Given the context and the list of candidates, I am confident in selecting ""Monime"" as the appropriate entity. Here is the JSON response: ```json {""wikipedia_page"":""Monime"", ""wikidata_id"":""Q6900291""} ```",11.86575698852539
tageblatt-1928-05-09-a-i0020,2684,2691,Montima,NIL,PER,Q528885,Wilma Montesi,"```json { ""wikipedia_page"": ""Wilma Montesi"", ""wikidata_id"": ""Q528885"" } ```",11.158459663391113
tageblatt-1928-05-09-a-i0020,2699,2707,Le Ieune,Q2550037,PER,Q27894099,Joseph Le Jeune,"```json { ""wikipedia_page"": ""Joseph Le Jeune"", ""wikidata_id"": ""Q27894099"" } ```",17.432571411132812
tageblatt-1928-05-09-a-i0020,2852,2862,Marc Nurel,Q1430,PER,Q1345657,Marcus Antonius Muretus,"```json { ""wikipedia_page"": ""Marcus Antonius Muretus"", ""wikidata_id"": ""Q1345657"" } ```",17.261245727539062
tageblatt-1928-05-09-a-i0020,2968,2976,Le Ieune,Q2550037,PER,Q27894099,Joseph Le Jeune,"```json { ""wikipedia_page"": ""Joseph Le Jeune"", ""wikidata_id"": ""Q27894099"" } ```",17.018081665039062
tageblatt-1928-05-09-a-i0020,3202,3212,Luxemburgs,Q32,LOC,Q7231,Rosa Luxemburg,"```json { ""wikipedia_page"": ""Rosa Luxemburg"", ""wikidata_id"": ""Q7231"" } ```",14.50435733795166
tageblatt-1938-08-05-a-i0057,1,14,Die Neue Welt,Q5274415,PROD,Q1215132,Die Neue Welt,"```json {""wikipedia_page"":""Die Neue Welt"", ""wikidata_id"":""Q1215132""} ```",24.007850646972656
tageblatt-1938-11-08-a-i0056,858,862,Fraq,Q1085,LOC,Q12017367,František Novák,"Based on the provided text and the list of candidates, the entity mentioned between the [ENT] tags, ""František Novák,"" is a highly probable match. Therefore, the corresponding Wikipedia page title and Wikidata ID are: ```json { ""wikipedia_page"": ""František Novák"", ""wikidata_id"": ""Q12017367"" } ```",7.8724589347839355
tageblatt-1938-11-08-a-i0056,1580,1599,Abgeordneten Peters,Q12018548,PER,Q1581744,Hans Peters,"```json { ""wikipedia_page"": ""Hans Peters"", ""wikidata_id"": ""Q1581744"" } ```",16.84827423095703
tageblatt-1948-07-29-a-i0034,650,659,Marxismus,Q7264,PROD,Q211930,Marxismus-Leninismus,"```json { ""wikipedia_page"": ""Marxismus-Leninismus"", ""wikidata_id"": ""Q211930"" } ```",22.189823150634766
tageblatt-1948-07-29-a-i0034,664,674,Leninismus,Q155059,PROD,Q211930,Marxismus-Leninismus,"```json { ""wikipedia_page"": ""Marxismus-Leninismus"", ""wikidata_id"": ""Q211930"" } ```",25.371021270751953
tageblatt-1948-07-29-a-i0034,899,936,jugoslawische kommunistische Par- tei,Q641691,ORG,Q727724,Komunistická strana Československa,"{ ""wikipedia_page"": ""Komunistická strana Československa"", ""wikidata_id"": ""Q727724"" }",18.556915283203125
tageblatt-1948-07-29-a-i0034,1510,1520,Leninismus,Q155059,PROD,Q211930,Marxismus-Leninismus,"```json { ""wikipedia_page"": ""Marxismus-Leninismus"", ""wikidata_id"": ""Q211930"" } ```",24.66927719116211
