doc_id,start_pos,end_pos,surface,gt_id,type,identifier,title,answer,score
NZZ-1798-01-20-a-p0002,41,44,Rom,Q220,LOC,Q220,Rom,"```json {""wikipedia_page"": ""Rom"", ""wikidata_id"": ""Q220""} ```",16.237071990966797
NZZ-1798-01-20-a-p0002,47,59,Buonaparte's,Q517,PER,Q517,Napoleon Bonaparte,"Based on the input text and the list of candidates, it appears that the entity mentioned between the [ENT] tags is likely related to Napoleon Bonaparte. Given the context and the list of candidates, the most appropriate Wikidata entity for ""Buonaparte's [ENT] Bruder"" is ""Napoleon Bonaparte"". Here is the JSON-formatted answer: ```json {""wikipedia_page"": ""Napoleon Bonaparte"", ""wikidata_id"": ""Q517""} ```",16.811119079589844
NZZ-1798-01-20-a-p0002,111,114,Rom,Q220,LOC,Q220,Rom,"```json {""wikipedia_page"": ""Rom"", ""wikidata_id"": ""Q220""} ```",17.89097023010254
NZZ-1798-01-20-a-p0002,925,936,Gen. Duphot,Q977001,PER,Q977001,Léonard Duphot,"{ ""wikipedia_page"": ""Léonard Duphot"", ""wikidata_id"": ""Q977001"" }",19.92439842224121
NZZ-1798-01-20-a-p0002,1751,1754,Rom,Q220,LOC,Q220,Rom,"```json { ""wikipedia_page"": ""Rom"", ""wikidata_id"": ""Q220"" } ```",21.29958152770996
NZZ-1808-04-29-a-p0002,653,660,Seeland,Q25535,LOC,Q25535,Seeland,"Based on the provided context and the list of candidates, the most appropriate Wikidata entity for the entity marked by [ENT] is: ```json {""wikipedia_page"":""Seeland"", ""wikidata_id"":""Q25535""} ```",17.66101837158203
NZZ-1808-04-29-a-p0002,977,987,Kopenhagen,Q1748,LOC,Q1748,Kopenhagen,"```json {""wikipedia_page"": ""Kopenhagen"", ""wikidata_id"": ""Q1748""} ```",25.08263397216797
NZZ-1808-04-29-a-p0002,1562,1570,Dänemark,Q35,LOC,Q35,Dänemark,"Based on the input text and the provided list of candidates, the entity mentioned between the [ENT] tags is ""Dänemark"". Given the historical context of the text and the provided candidates, the most appropriate Wikidata entity is: ```json {""wikipedia_page"":""Dänemark"", ""wikidata_id"":""Q35""} ```",19.427690505981445
NZZ-1808-04-29-a-p0002,1605,1615,Frankreich,Q142,LOC,Q142,Frankreich,"```json { ""wikipedia_page"": ""Frankreich"", ""wikidata_id"": ""Q142"" } ```",18.508224487304688
NZZ-1808-04-29-a-p0002,3213,3222,Kronstadt,Q155863,LOC,Q155863,Kronschtadt,"```json { ""wikipedia_page"": ""Kronstadt"", ""wikidata_id"": ""Q155863"" } ```",18.67498016357422
NZZ-1808-04-29-a-p0002,3527,3536,Kronstadt,Q155863,LOC,Q155863,Kronschtadt,"Based on the provided text and list of candidates, the entity mentioned between the [ENT] tags is ""Kronstadt"" (Kronschtadt). The most appropriate Wikidata entity from the list of candidates is: ```json {""wikipedia_page"":""Kronschtadt"", ""wikidata_id"":""Q155863""} ```",16.57655143737793
NZZ-1808-04-29-a-p0002,3737,3745,Dänemark,Q35,LOC,Q35,Dänemark,"Based on the provided text and the list of candidates, the entity mentioned between the [ENT] tags is ""Dänemark"". From the list of candidates, the most relevant and appropriate Wikidata entity is: ```json {""wikipedia_page"":""Dänemark"", ""wikidata_id"":""Q35""} ```",21.766136169433594
NZZ-1808-04-29-a-p0002,3945,3953,Ehstland,Q191,LOC,Q191,Estland,"```json { ""wikipedia_page"": ""Estland"", ""wikidata_id"": ""Q191"" } ```",10.525023460388184
NZZ-1808-04-29-a-p0002,4244,4256,Peters¬ burg,Q656,LOC,Q656,Sankt Petersburg,"```json {""wikipedia_page"":""Sankt Petersburg"", ""wikidata_id"":""Q656""} ```",16.568700790405273
NZZ-1808-04-29-a-p0002,4308,4325,General Burhöyden,NIL,PER,NIL,General Burhöyden,"Based on the provided text and list of candidates, the entity ""Burhöyden"" is not found in the list with high confidence. Therefore, the response is: ```json {""wikipedia_page"":""NIL"", ""wikidata_id"":""NIL""} ```",0
NZZ-1818-01-09-a-p0001,404,426,würdige De¬ kan Kaiser,NIL,PER,NIL,würdige De¬ kan Kaiser,"```json {""wikipedia_page"":"""", ""wikidata_id"":""NIL""} ```",0
NZZ-1818-01-09-a-p0001,499,507,Nürnberg,Q2090,LOC,Q2090,Nürnberg,"```json {""wikipedia_page"": ""Nürnberg"", ""wikidata_id"": ""Q2090""} ```",24.0393123626709
NZZ-1818-01-09-a-p0001,606,629,Königreich Wür¬ temberg,Q159631,LOC,Q159631,Königreich Württemberg,"```json {""wikipedia_page"": ""Königreich Württemberg"", ""wikidata_id"": ""Q159631""} ```",31.36882972717285
NZZ-1818-01-09-a-p0001,679,688,Stuttgart,Q1022,LOC,Q1022,Stuttgart,"```json { ""wikipedia_page"": ""Stuttgart"", ""wikidata_id"": ""Q1022"" } ```",17.23969841003418
NZZ-1818-01-09-a-p0001,901,907,Luther,Q9554,PER,Q9554,Martin Luther,"```json { ""wikipedia_page"": ""Martin Luther"", ""wikidata_id"": ""Q9554"" } ```",22.915367126464844
NZZ-1818-01-09-a-p0001,1327,1333,Berlin,Q64,LOC,Q64,Berlin,"```json {""wikipedia_page"":""Berlin"", ""wikidata_id"":""Q64""} ```",21.80677032470703
NZZ-1818-01-09-a-p0001,1335,1358,Realschul¬ Buchhandlung,Q2516675,ORG,Q2516675,Verlag Georg Reimer,"{ ""wikipedia_page"": ""Verlag Georg Reimer"", ""wikidata_id"": ""Q2516675"" }",20.121131896972656
NZZ-1818-01-09-a-p0001,1389,1395,Luther,Q9554,PER,Q9554,Martin Luther,"```json { ""wikipedia_page"": ""Martin Luther"", ""wikidata_id"": ""Q9554"" } ```",25.405418395996094
NZZ-1818-01-09-a-p0001,1557,1564,Dresden,Q1731,LOC,Q1731,Dresden,"```json { ""wikipedia_page"": ""Dresden"", ""wikidata_id"": ""Q1731"" } ```",23.70488739013672
NZZ-1818-01-09-a-p0001,2216,2222,Zürich,Q72,LOC,Q72,Zürich,"Based on the input text and the provided list of candidates, the entity mentioned between the [ENT] tags is most likely referring to the city of ""Zürich"". Therefore, the appropriate Wikidata entity is: ```json {""wikipedia_page"": ""Zürich"", ""wikidata_id"": ""Q72""} ```",24.693580627441406
NZZ-1818-01-09-a-p0001,2905,2913,Europens,Q46,LOC,Q46,Europa,"Based on the input text and the provided list of candidates, the entity mentioned between the [ENT] tags seems to refer to ""Europa"" as a continent. Given the date and the context of the text, it is a highly confident match with the entity from the list. Here is the JSON-formatted answer: ```json {""wikipedia_page"":""Europa"", ""wikidata_id"":""Q46""} ```",17.82369613647461
NZZ-1828-05-21-a-p0001,0,32,Schweizerische Eidgenossenschaft,Q39,LOC,Q39,Schweiz,"```json { ""wikipedia_page"": ""Schweiz"", ""wikidata_id"": ""Q39"" } ```",26.08753204345703
NZZ-1828-05-21-a-p0001,4462,4470,Freyburg,Q12640,LOC,Q12640,Kanton Freiburg,"```json { ""wikipedia_page"": ""Kanton Freiburg"", ""wikidata_id"": ""Q12640"" } ```",22.350223541259766
NZZ-1828-05-21-a-p0001,4472,4484,Schaffhausen,Q12697,LOC,Q12697,Kanton Schaffhausen,"```json {""wikipedia_page"":""Kanton Schaffhausen"", ""wikidata_id"":""Q12697""} ```",26.3740291595459
NZZ-1828-05-21-a-p0001,4489,4495,Aargau,Q11972,LOC,Q11972,Kanton Aargau,"```json { ""wikipedia_page"": ""Kanton Aargau"", ""wikidata_id"": ""Q11972"" } ```",24.7626895904541
NZZ-1838-03-30-a-p0001,371,390,alten Landes Schwyz,Q12433,LOC,Q12433,Kanton Schwyz,"Based on the provided input text and the list of candidates, the most appropriate Wikidata entity to disambiguate the entity mentioned between the [ENT] tags is ""Kanton Schwyz"" with the Wikipedia page title ""Kanton Schwyz"" and the Wikidata ID ""Q12433"". The JSON-formatted answer is as follows: ```json {""wikipedia_page"":""Kanton Schwyz"", ""wikidata_id"":""Q12433""} ```",19.73544692993164
NZZ-1838-03-30-a-p0001,794,808,Kantons Schwyz,Q12433,LOC,Q12433,Kanton Schwyz,"According to the input text, the entity mentioned between the [ENT] tags, ""Schwyz"", is most confidently identified as the 'Kanton Schwyz' with the Wikidata ID 'Q12433'. Therefore, the JSON response is: ```json {""wikipedia_page"":""Kanton Schwyz"", ""wikidata_id"":""Q12433""} ```",31.722137451171875
NZZ-1838-03-30-a-p0001,1174,1183,K. Schwyz,Q12433,LOC,Q12433,Kanton Schwyz,"```json { ""wikipedia_page"": ""Kanton Schwyz"", ""wikidata_id"": ""Q12433"" } ```",17.03354263305664
NZZ-1838-03-30-a-p0001,1488,1505,hohe Stand Schwyz,Q12433,LOC,Q12433,Kanton Schwyz,"```json {""wikipedia_page"":""Kanton Schwyz"", ""wikidata_id"":""Q12433""} ```",17.526065826416016
NZZ-1838-03-30-a-p0001,1524,1547,hohen Standes Neuenburg,Q12738,LOC,Q12738,Kanton Neuenburg,"Based on the input text and the list of candidates, the entity mentioned between the [ENT] tags in the context of ""Neuenburg"" is most likely the ""Kanton Neuenburg"" given its historical and political relevance in the Swiss context at the time. ```json {""wikipedia_page"":""Kanton Neuenburg"", ""wikidata_id"":""Q12738""} ```",19.87448501586914
NZZ-1838-03-30-a-p0001,1926,1932,Schwyz,Q12433,LOC,Q12433,Kanton Schwyz,"```json { ""wikipedia_page"": ""Kanton Schwyz"", ""wikidata_id"": ""Q12433"" } ```",24.3275203704834
NZZ-1838-03-30-a-p0001,2224,2233,Neuenburg,Q12738,LOC,Q12738,Kanton Neuenburg,"{""wikipedia_page"":""Kanton Neuenburg"", ""wikidata_id"":""Q12738""}",18.528432846069336
NZZ-1838-03-30-a-p0001,2316,2322,Schwyz,Q12433,LOC,Q12433,Kanton Schwyz,"{ ""wikipedia_page"": ""Kanton Schwyz"", ""wikidata_id"": ""Q12433"" }",20.69144630432129
NZZ-1838-03-30-a-p0001,2392,2398,Schwyz,Q12433,LOC,Q12433,Kanton Schwyz,"```json {""wikipedia_page"": ""Kanton Schwyz"", ""wikidata_id"": ""Q12433""} ```",20.20746612548828
NZZ-1838-03-30-a-p0001,2606,2612,Schwyz,Q12433,LOC,Q12433,Kanton Schwyz,"{ ""wikipedia_page"": ""Kanton Schwyz"", ""wikidata_id"": ""Q12433"" }",20.483261108398438
NZZ-1838-03-30-a-p0001,3229,3242,Bezirk Schwyz,Q74818,LOC,Q74818,Bezirk Schwyz,"{ ""wikipedia_page"": ""Bezirk Schwyz"", ""wikidata_id"": ""Q74818"" }",22.562705993652344
NZZ-1838-03-30-a-p0001,3738,3752,Kantons Schwyz,Q12433,LOC,Q12433,Kanton Schwyz,"{""wikipedia_page"":""Kanton Schwyz"", ""wikidata_id"":""Q12433""}",35.190608978271484
NZZ-1838-03-30-a-p0001,3783,3797,Kantons Schwyz,Q12433,LOC,Q12433,Kanton Schwyz,"```json { ""wikipedia_page"": ""Kanton Schwyz"", ""wikidata_id"": ""Q12433"" } ```",29.948976516723633
NZZ-1848-01-21-a-p0005,45,49,Bern,Q70,LOC,Q70,Bern,"```json { ""wikipedia_page"": ""Bern"", ""wikidata_id"": ""Q70"" } ```",24.954265594482422
NZZ-1848-01-21-a-p0005,384,403,Herr Oberst Brunner,NIL,PER,NIL,Herr Oberst Brunner,"```json { ""wikipedia_page"": """", ""wikidata_id"": ""NIL"" } ```",0
NZZ-1848-01-21-a-p0005,435,448,Kanton Zürich,Q11943,LOC,Q11943,Kanton Zürich,"```json { ""wikipedia_page"": ""Kanton Zürich"", ""wikidata_id"": ""Q11943"" } ```",30.128843307495117
NZZ-1848-01-21-a-p0005,556,569,Kanton Zürich,Q11943,LOC,Q11943,Kanton Zürich,"```json {""wikipedia_page"": ""Kanton Zürich"", ""wikidata_id"": ""Q11943""} ```",23.596033096313477
NZZ-1848-01-21-a-p0005,595,611,östliche Schweiz,Q31003,LOC,Q31003,Ostschweiz,"{ ""wikipedia_page"": ""Ostschweiz"", ""wikidata_id"": ""Q31003"" }",18.35762596130371
NZZ-1848-01-21-a-p0005,1422,1437,Kantonen Zürich,Q11943,LOC,Q11943,Kanton Zürich,"{""wikipedia_page"": ""Kanton Zürich"", ""wikidata_id"": ""Q11943""}",18.926992416381836
NZZ-1848-01-21-a-p0005,1439,1445,Schwyz,Q12433,LOC,Q12433,Kanton Schwyz,"```json {""wikipedia_page"":""Kanton Schwyz"", ""wikidata_id"":""Q12433""} ```",25.085159301757812
NZZ-1848-01-21-a-p0005,1450,1459,Appenzell,Q688257,LOC,Q688257,Kanton Appenzell,"```json {""wikipedia_page"": ""Kanton Appenzell"", ""wikidata_id"": ""Q688257""} ```",22.202678680419922
NZZ-1848-01-21-a-p0005,1889,1893,Bern,Q70,LOC,Q70,Bern,"```json {""wikipedia_page"": ""Bern"", ""wikidata_id"": ""Q70""} ```",23.114084243774414
NZZ-1858-04-20-a-p0003,0,7,Schweiz,Q39,LOC,Q39,Schweiz,"```json { ""wikipedia_page"": ""Schweiz"", ""wikidata_id"": ""Q39"" } ```",20.145904541015625
NZZ-1858-04-20-a-p0003,54,82,Vereinigten Staaten Amerikas,Q30,LOC,Q30,Vereinigte Staaten,"Based on the text provided and the given list of candidates, the entity mentioned between the [ENT] tags is: - [ENT] United States of America The most appropriate Wikidata entity from the list of candidates is: - Wikipedia page: ""Vereinigte Staaten"" - Wikidata ID: ""Q30"" Therefore, the JSON response is: ```json {""wikipedia_page"":""Vereinigte Staaten"", ""wikidata_id"":""Q30""} ```",20.062423706054688
NZZ-1858-04-20-a-p0003,159,174,Gemeinde Horgen,Q68286,LOC,Q68286,Horgen,"```json {""wikipedia_page"": ""Horgen"", ""wikidata_id"": ""Q68286""} ```",23.242094039916992
NZZ-1858-04-20-a-p0003,213,226,Polytechnikum,Q11942,ORG,Q11942,ETH Zürich,"```json { ""wikipedia_page"": ""ETH Zürich"", ""wikidata_id"": ""Q11942"" } ```",11.891707420349121
NZZ-1858-04-20-a-p0003,430,436,Sitten,Q68136,LOC,Q68136,Sitten,"Based on the input text and the provided candidates, the entity mentioned between the [ENT] tags is ""Sitten"". Among the candidates, the one with the highest relevance and confidence is: - Wikipedia page: Sitten - Wikidata ID: Q68136 Therefore, the response is: ```json {""wikipedia_page"":""Sitten"", ""wikidata_id"":""Q68136""} ```",18.35065269470215
NZZ-1858-04-20-a-p0003,718,726,Wetzikon,Q68305,LOC,Q68305,Wetzikon,"```json { ""wikipedia_page"": ""Wetzikon"", ""wikidata_id"": ""Q68305"" } ```",20.8795108795166
NZZ-1858-04-20-a-p0003,727,731,Rüti,Q69752,LOC,Q69752,Rüti,"```json { ""wikipedia_page"": ""Rüti"", ""wikidata_id"": ""Q69752"" } ```",19.44664764404297
NZZ-1858-04-20-a-p0003,897,928,minder¬ jährigen Zürchers Spöri,NIL,PER,NIL,minder¬ jährigen Zürchers Spöri,"```json { ""wikipedia_page"": ""NIL"", ""wikidata_id"": ""NIL"" } ```",0
NZZ-1858-04-20-a-p0003,936,947,Kanton Bern,Q11911,LOC,Q11911,Kanton Bern,"Based on the input text and the list of candidates, the entity tagged with [ENT] is ""Kanton Bern"". The most appropriate Wikidata entity from the list of candidates is ""Kanton Bern"" with the associated Wikipedia page title ""Kanton Bern"" and Wikidata ID ""Q11911"". The JSON-formatted answer is: ```json {""wikipedia_page"":""Kanton Bern"", ""wikidata_id"":""Q11911""} ```",28.53783416748047
NZZ-1858-04-20-a-p0003,1038,1052,Kantons Zürich,Q11943,LOC,Q11943,Kanton Zürich,"Based on the provided text and list of candidates, the entity mentioned between the [ENT] tags is best disambiguated as the ""Kanton Zürich"". Here's the JSON output: ```json {""wikipedia_page"":""Kanton Zürich"", ""wikidata_id"":""Q11943""} ```",26.020124435424805
NZZ-1858-04-20-a-p0003,1266,1275,Stuttgart,Q1022,LOC,Q1022,Stuttgart,"```json {""wikipedia_page"":""Stuttgart"", ""wikidata_id"":""Q1022""} ```",22.99112319946289
NZZ-1858-04-20-a-p0003,1299,1307,Augsburg,Q2749,LOC,Q2749,Augsburg,"Based on the provided text and the list of candidates, the entity mentioned between the [ENT] tags appears to be ""Augsburg"". Given the context and the list of candidates, it is highly confident that the correct Wikidata entity is ""Augsburg"" (Q2749). The JSON response is: ```json {""wikipedia_page"":""Augsburg"", ""wikidata_id"":""Q2749""} ```",23.537818908691406
NZZ-1858-04-20-a-p0003,1462,1470,Augsburg,Q2749,LOC,Q2749,Augsburg,"```json {""wikipedia_page"":""Augsburg"", ""wikidata_id"":""Q2749""} ```",24.0029239654541
NZZ-1858-04-20-a-p0003,1489,1498,Karlsruhe,Q1040,LOC,Q1040,Karlsruhe,"Given the input text and the list of candidates, the entity between the [ENT] tags is ""Karlsruhe"". The most appropriate Wikidata entity for ""Karlsruhe"" in the context of the text is ""Karlsruhe"" with the Wikidata ID ""Q1040"" and the Wikipedia page title ""Karlsruhe"". Here is the JSON response: ```json { ""wikipedia_page"": ""Karlsruhe"", ""wikidata_id"": ""Q1040"" } ```",21.11246681213379
NZZ-1858-04-20-a-p0003,1689,1700,Stutt¬ gart,Q1022,LOC,Q1022,Stuttgart," ```json { ""wikipedia_page"": ""Stuttgart"", ""wikidata_id"": ""Q1022"" } ```",23.095134735107422
NZZ-1858-04-20-a-p0003,1809,1819,St. Gallen,Q25607,LOC,Q25607,St. Gallen,"```json { ""wikipedia_page"": ""St. Gallen"", ""wikidata_id"": ""Q25607"" } ```",23.9631404876709
NZZ-1858-04-20-a-p0003,1835,1845,St. Gallen,Q25607,LOC,Q25607,St. Gallen," Based on the provided text and the list of candidates, the entity mentioned between the [ENT] tags is St. Gallen. The most appropriate Wikidata entity from the list of candidates is: ```json {""wikipedia_page"": ""St. Gallen"", ""wikidata_id"": ""Q25607""} ```",23.76485824584961
NZZ-1858-04-20-a-p0003,1847,1853,Bünden,Q11925,LOC,Q11925,Kanton Graubünden,"```json { ""wikipedia_page"": ""Kanton Graubünden"", ""wikidata_id"": ""Q11925"" } ```",15.479069709777832
NZZ-1858-04-20-a-p0003,1933,1960,Vereinigten Schweizerbahnen,Q678188,ORG,Q678188,Vereinigte Schweizerbahnen,"Given the input text extracted from German press articles published in 1858-04-20, I will analyze the text to disambiguate the entity mentioned between the [ENT] tags. The provided list of candidates may not include the entity mentioned, and if none of the candidates match with high confidence the entity tagged with [ENT], the answer will be ""NIL"". Here's the analysis: The text mentions ""Vereinigte Schweizerbahnen"" twice between the [ENT] tags. Let's review the list of candidates: - `Vereinigte Schweizerbahnen` (Q678188, ORG, bis 1902 Schweizer Bahngesellschaft, 1857-05-01) The entity ""Vereinigte Schweizerbahnen"" is present in the list of candidates. Based on the context and the date (1858-04-20), the relevant candidate is `Vereinigte Schweizerbahnen` (Q678188). Therefore, the JSON response will be: ```json { ""wikipedia_page"": ""Vereinigte Schweizerbahnen"", ""wikidata_id"": ""Q678188"" } ```",32.345603942871094
NZZ-1858-04-20-a-p0003,2048,2064,Appenzell A. Rh.,Q12079,LOC,Q12079,Kanton Appenzell Ausserrhoden,"```json { ""wikipedia_page"": ""Kanton Appenzell Ausserrhoden"", ""wikidata_id"": ""Q12079"" } ``` ```",19.228336334228516
NZZ-1858-04-20-a-p0003,2093,2102,Waldstatt,Q69658,LOC,Q69658,Waldstatt,"```json { ""wikipedia_page"": ""Waldstatt"", ""wikidata_id"": ""Q69658"" } ```",23.792034149169922
NZZ-1858-04-20-a-p0003,2167,2181,Hr. James Fazy,Q116287,PER,Q116287,James Fazy,"```json { ""wikipedia_page"": ""James Fazy"", ""wikidata_id"": ""Q116287"" } ```",13.551888465881348
NZZ-1858-04-20-a-p0003,2215,2220,Paris,Q90,LOC,Q90,Paris,"```json { ""wikipedia_page"": ""Paris"", ""wikidata_id"": ""Q90"" } ```",19.34612274169922
NZZ-1858-04-20-a-p0003,2297,2302,Paris,Q90,LOC,Q90,Paris,"```json { ""wikipedia_page"": ""Paris"", ""wikidata_id"": ""Q90"" } ```",18.79819107055664
NZZ-1868-02-17-a-p0001,376,383,England,Q21,LOC,Q21,England,"```json {""wikipedia_page"":""England"", ""wikidata_id"":""Q21""} ```",18.821487426757812
NZZ-1868-02-17-a-p0001,531,543,Wa¬ shington,Q61,LOC,Q61,"Washington, D.C.","```json {""wikipedia_page"": ""Washington, D.C."", ""wikidata_id"": ""Q61""} ```",19.471298217773438
NZZ-1868-02-17-a-p0001,783,802,Vereinigten Staaten,Q30,LOC,Q30,Vereinigte Staaten,"```json { ""wikipedia_page"": ""Vereinigte Staaten"", ""wikidata_id"": ""Q30"" } ```",22.227338790893555
NZZ-1868-02-17-a-p0001,1041,1051,Washington,Q61,LOC,Q61,"Washington, D.C.","```json {""wikipedia_page"": ""Washington, D.C."", ""wikidata_id"": ""Q61""} ```",21.608623504638672
NZZ-1868-02-17-a-p0001,1229,1235,Europa,Q46,LOC,Q46,Europa,"```json { ""wikipedia_page"": ""Europa"", ""wikidata_id"": ""Q46"" } ```",18.09369659423828
NZZ-1868-02-17-a-p0001,1398,1435,Vereinigten Staaten von Nord¬ amerika,Q30,LOC,Q30,Vereinigte Staaten,"```json {""wikipedia_page"":""Vereinigte Staaten"", ""wikidata_id"":""Q30""} ```",24.613306045532227
NZZ-1868-02-17-a-p0001,1558,1568,Wafhington,Q61,LOC,Q61,"Washington, D.C.","```json { ""wikipedia_page"": ""Washington, D.C."", ""wikidata_id"": ""Q61"" } ```",15.075525283813477
NZZ-1868-02-17-a-p0001,1627,1643,Insel St. Thomas,Q463937,LOC,Q463937,Saint Thomas,"```json { ""wikipedia_page"": ""Saint Thomas"", ""wikidata_id"": ""Q463937"" } ```",17.46089744567871
NZZ-1868-02-17-a-p0001,1647,1657,Kopenhagen,Q1748,LOC,Q1748,Kopenhagen,"```json { ""wikipedia_page"": ""Kopenhagen"", ""wikidata_id"": ""Q1748"" } ```",28.574697494506836
NZZ-1868-02-17-a-p0001,1744,1749,Paris,Q90,LOC,Q90,Paris,"```json { ""wikipedia_page"": ""Paris"", ""wikidata_id"": ""Q90"" } ```",19.587387084960938
NZZ-1868-02-17-a-p0001,1969,1976,England,Q21,LOC,Q21,England,"```json { ""wikipedia_page"": ""England"", ""wikidata_id"": ""Q21"" } ```",22.641115188598633
NZZ-1868-02-17-a-p0001,2104,2112,Disraeli,Q82006,PER,Q82006,Benjamin Disraeli,"```json { ""wikipedia_page"": ""Benjamin Disraeli"", ""wikidata_id"": ""Q82006"" } ```",26.9584903717041
NZZ-1868-02-17-a-p0001,2403,2427,ungarischen Comitat Zips,Q767378,LOC,Q767378,Komitat Zips,"```json { ""wikipedia_page"": ""Komitat Zips"", ""wikidata_id"": ""Q767378"" } ```",17.804922103881836
NZZ-1868-02-17-a-p0001,3092,3102,N. Z. Ztg.,Q658945,PROD,Q658945,Neue Zürcher Zeitung,"```json { ""wikipedia_page"": ""Neue Zürcher Zeitung"", ""wikidata_id"": ""Q658945"" } ```",15.735917091369629
NZZ-1868-02-17-a-p0001,3259,3266,Schweiz,Q39,LOC,Q39,Schweiz,"{""wikipedia_page"":""Schweiz"", ""wikidata_id"":""Q39""}",18.582565307617188
NZZ-1868-02-17-a-p0001,3474,3481,Mailand,Q490,LOC,Q490,Mailand,"{""wikipedia_page"":""Mailand"", ""wikidata_id"":""Q490""}",18.930095672607422
NZZ-1868-02-17-a-p0001,3576,3583,Amerika,Q828,LOC,Q828,Amerika,"```json { ""wikipedia_page"": ""Amerika"", ""wikidata_id"": ""Q828"" } ```",17.390466690063477
NZZ-1868-02-17-a-p0001,3589,3595,Varese,Q6285,LOC,Q6285,Varese,"```json { ""wikipedia_page"": ""Varese"", ""wikidata_id"": ""Q6285"" } ```",23.000995635986328
NZZ-1868-02-17-a-p0001,4185,4193,Hennegau,Q1129,LOC,Q1129,Provinz Hennegau,"Based on the provided text and the list of candidates, the most appropriate Wikidata entity for the term ""Hennegau"" is ""Provinz Hennegau"" with the Wikidata ID ""Q1129"". Here is the JSON response: ```json {""wikipedia_page"":""Provinz Hennegau"", ""wikidata_id"":""Q1129""} ```",7.495687007904053
NZZ-1868-02-17-a-p0001,4609,4619,Frankreich,Q142,LOC,Q142,Frankreich,"```json { ""wikipedia_page"": ""Frankreich"", ""wikidata_id"": ""Q142"" } ```",19.259244918823242
NZZ-1868-02-17-a-p0001,4869,4877,Bordeaux,Q1479,LOC,Q1479,Bordeaux,"{ ""wikipedia_page"": ""Bordeaux"", ""wikidata_id"": ""Q1479"" }",24.110265731811523
NZZ-1868-02-17-a-p0001,4939,4945,London,Q84,LOC,Q84,London,"```json { ""wikipedia_page"": ""London"", ""wikidata_id"": ""Q84"" } ```",21.164112091064453
NZZ-1868-02-17-a-p0001,4954,4966,Abbe Migne's,Q326431,PER,Q326431,Jacques Paul Migne,"```json {""wikipedia_page"":""Jacques Paul Migne"", ""wikidata_id"":""Q326431""} ```",18.097843170166016
NZZ-1868-02-17-a-p0001,4997,5002,Paris,Q90,LOC,Q90,Paris,"Based on the input text and the list of candidates, the entity mentioned between the [ENT] tags is likely to be ""Paris"". The most appropriate Wikidata entity from the list of candidates that matches this entity is: - Wikidata ID: Q90 - Wikipedia Page Title: Paris So, the JSON-formatted response is: ```json {""wikipedia_page"":""Paris"", ""wikidata_id"":""Q90""} ```",22.345449447631836
NZZ-1868-02-17-a-p0001,5166,5174,Jupiters,Q319,LOC,Q319,Jupiter,"```json { ""wikipedia_page"": ""Jupiter"", ""wikidata_id"": ""Q319"" } ```",24.336532592773438
NZZ-1868-02-17-a-p0001,5296,5311,Planeten Merkur,Q308,LOC,Q308,Merkur,"```json { ""wikipedia_page"": ""Merkur"", ""wikidata_id"": ""Q308"" } ```",22.075504302978516
NZZ-1868-02-17-a-p0001,5325,5330,Sonne,Q525,LOC,Q525,Sonne,"Given the input text and the list of Wikidata candidates, the selected entity for the [ENT] tags is ""Sonne"" with the corresponding Wikipedia page title and Wikidata ID. ```json {""wikipedia_page"":""Sonne"", ""wikidata_id"":""Q525""} ```",24.514427185058594
NZZ-1868-02-17-a-p0001,5357,5361,Erde,Q2,LOC,Q2,Erde,"```json {""wikipedia_page"":""Erde"", ""wikidata_id"":""Q2""} ```",25.271841049194336
NZZ-1868-02-17-a-p0001,5399,5405,Merkur,Q308,LOC,Q308,Merkur,"```json { ""wikipedia_page"": ""Merkur"", ""wikidata_id"": ""Q308"" } ```",26.41254425048828
NZZ-1868-02-17-a-p0001,5535,5542,Jupiter,Q319,LOC,Q319,Jupiter,"{ ""wikipedia_page"": ""Jupiter"", ""wikidata_id"": ""Q319"" }",25.760234832763672
NZZ-1868-02-17-a-p0001,5607,5613,Merkur,Q308,LOC,Q308,Merkur,"```json { ""wikipedia_page"": ""Merkur"", ""wikidata_id"": ""Q308"" } ```",27.641782760620117
NZZ-1868-02-17-a-p0001,5670,5675,Sonne,Q525,LOC,Q525,Sonne,"Based on the provided input text and the list of candidates, the entity mentioned between the [ENT] tags is most likely the Sun. The corresponding Wikipedia page title and Wikidata ID are: ```json {""wikipedia_page"": ""Sonne"", ""wikidata_id"": ""Q525""} ```",27.15224266052246
NZZ-1868-02-17-a-p0001,5817,5823,Merkur,Q308,LOC,Q308,Merkur,"Based on the provided text and the list of candidates, the entity mentioned between the [ENT] tags is ""Merkur"". The most appropriate Wikidata entity for this context is: ```json { ""wikipedia_page"": ""Merkur"", ""wikidata_id"": ""Q308"" } ```",26.128795623779297
NZZ-1878-01-07-b-p0002,310,326,Tatjana Shukalin,NIL,PER,NIL,Tatjana Shukalin,"```json { ""wikipedia_page"": ""NIL"", ""wikidata_id"": ""NIL"" } ```",0
NZZ-1878-01-07-b-p0002,653,662,Bulgarien,Q219,LOC,Q219,Bulgarien,"```json {""wikipedia_page"":""Bulgarien"", ""wikidata_id"":""Q219""} ```",19.554943084716797
NZZ-1878-01-07-b-p0002,2284,2294,Insel Sylt,Q3107,LOC,Q3107,Sylt,"```json {""wikipedia_page"":""Sylt"", ""wikidata_id"":""Q3107""} ```",25.511402130126953
NZZ-1878-01-07-b-p0002,2339,2355,Kirchdorfe Eidum,Q20772,LOC,Q20772,Eidum,"Based on the provided input text, the entity mentioned between the [ENT] tags is ""Eidum"". Among the provided list of candidates, the most appropriate Wikidata entity for ""Eidum"" is ""Q20772"". So, the JSON-formatted answer is: ```json {""wikipedia_page"":""Eidum"", ""wikidata_id"":""Q20772""} ```",19.370159149169922
NZZ-1878-01-07-b-p0002,2379,2389,Westerland,Q27998,LOC,Q27998,Westerland,"```json { ""wikipedia_page"": ""Westerland"", ""wikidata_id"": ""Q27998"" } ```",26.46750259399414
NZZ-1878-01-07-b-p0002,2754,2766,Morsum-Kliff,Q1948646,LOC,Q1948646,Morsum-Kliff,"```json {""wikipedia_page"":""Morsum-Kliff"", ""wikidata_id"":""Q1948646""} ```",26.247692108154297
NZZ-1878-01-07-b-p0002,3082,3092,Insel Sylt,Q3107,LOC,Q3107,Sylt,"```json { ""wikipedia_page"": ""Sylt"", ""wikidata_id"": ""Q3107"" } ```",26.09073257446289
NZZ-1878-01-07-b-p0002,3342,3374,Brauereibesitzerin Elise Hassold,NIL,PER,NIL,Brauereibesitzerin Elise Hassold,"```json { ""wikipedia_page"": ""NIL"", ""wikidata_id"": ""NIL"" } ```",0
NZZ-1878-01-07-b-p0002,3466,3469,Ulm,Q3012,LOC,Q3012,Ulm,"Based on the analysis of the input text and the provided list of candidates, it is determined that the entity mentioned between the [ENT] tags is ""Ulm."" The most appropriate Wikidata entity from the list of candidates is the city of Ulm in Baden-Württemberg, Germany. Therefore, the JSON response is: ```json {""wikipedia_page"":""Ulm"", ""wikidata_id"":""Q3012""} ```",23.981956481933594
NZZ-1878-01-07-b-p0002,3669,3677,Rumänien,Q218,LOC,Q218,Rumänien,"```json { ""wikipedia_page"": ""Rumänien"", ""wikidata_id"": ""Q218"" } ```",21.03790855407715
NZZ-1878-01-07-b-p0002,3747,3757,Plojeschti,Q179585,LOC,Q179585,Ploiești,"{""wikipedia_page"":""Ploiești"", ""wikidata_id"":""Q179585""}",24.861923217773438
NZZ-1878-01-07-b-p0002,3762,3770,Bukarest,Q19660,LOC,Q19660,Bukarest,"```json {""wikipedia_page"": ""Bukarest"", ""wikidata_id"": ""Q19660""} ```",28.857959747314453
NZZ-1878-01-07-b-p0002,3851,3860,Kronstadt,Q82174,LOC,Q82174,Kronstadt,"{ ""wikipedia_page"": ""Kronstadt"", ""wikidata_id"": ""Q82174"" }",16.474668502807617
NZZ-1878-01-07-b-p0002,3866,3874,Bukarest,Q19660,LOC,Q19660,Bukarest,"Based on the provided text and list of candidates, the entity mentioned between the [ENT] tags is ""Bukarest"". The most appropriate Wikidata entity from the list of candidates is 'Bukarest' with the Wikidata ID 'Q19660'. Thus, the corresponding Wikipedia page title is 'Bukarest'. Here is the JSON-formatted answer: ```json { ""wikipedia_page"": ""Bukarest"", ""wikidata_id"": ""Q19660"" } ```",26.07097053527832
NZZ-1878-01-07-b-p0002,5031,5047,Theobald Ziegler,Q91527,PER,Q91527,Theobald Ziegler,"```json { ""wikipedia_page"": ""Theobald Ziegler"", ""wikidata_id"": ""Q91527"" } ```",34.42217254638672
NZZ-1878-01-07-b-p0002,5557,5568,Gartenlaube,Q655617,PROD,Q655617,Die Gartenlaube,"```json {""wikipedia_page"":""Die Gartenlaube"", ""wikidata_id"":""Q655617""} ```",19.93830108642578
NZZ-1878-01-07-b-p0002,5610,5621,Gartenlaube,Q655617,PROD,Q655617,Die Gartenlaube,"```json { ""wikipedia_page"": ""Die Gartenlaube"", ""wikidata_id"": ""Q655617"" } ```",21.730850219726562
NZZ-1878-01-07-b-p0002,5635,5645,Voss. Ztg.,Q675003,PROD,Q675003,Vossische Zeitung und Vorläufer,"{ ""wikipedia_page"": ""Vossische Zeitung und Vorläufer"", ""wikidata_id"": ""Q675003"" }",17.172998428344727
NZZ-1878-01-07-b-p0002,5836,5843,Leipzig,Q2079,LOC,Q2079,Leipzig,"```json { ""wikipedia_page"": ""Leipzig"", ""wikidata_id"": ""Q2079"" } ```",29.33373260498047
NZZ-1878-01-07-b-p0002,6029,6039,Bismarck's,Q8442,PER,Q8442,Otto von Bismarck,"```json {""wikipedia_page"": ""Otto von Bismarck"", ""wikidata_id"": ""Q8442""} ```",25.328022003173828
NZZ-1878-01-07-b-p0002,6154,6164,Bismarck's,Q8442,PER,Q8442,Otto von Bismarck,"Based on the provided text, the entities mentioned between the [ENT] tags are ""Bismarck"" and ""Bismarck"". Given the list of candidates, the most appropriate Wikidata entity for both instances is ""Otto von Bismarck"", with the wikipedia page title ""Otto von Bismarck"". Therefore, the JSON response is: ```json {""wikipedia_page"":""Otto von Bismarck"", ""wikidata_id"":""Q8442""} ```",23.59135627746582
NZZ-1878-01-07-b-p0002,6479,6490,Gartenlaube,Q655617,PROD,Q655617,Die Gartenlaube,"```json { ""wikipedia_page"": ""Gartenlaube"", ""wikidata_id"": ""Q655617"" } ```",20.439390182495117
NZZ-1888-03-08-b-p0002,32,101,"Führer der preußi¬ schen Hochkonservativen, Moritz von Blanken¬ burg,",Q111102,PER,Q111102,Moritz von Blanckenburg,"```json {""wikipedia_page"":""Moritz von Blanckenburg"", ""wikidata_id"":""Q111102""} ```",15.089973449707031
NZZ-1888-03-08-b-p0002,132,139,Pommern,Q104520,LOC,Q104520,Pommern,"```json {""wikipedia_page"":""Pommern"", ""wikidata_id"":""Q104520""} ```",24.857160568237305
NZZ-1888-03-08-b-p0002,176,214,Erziehungs¬ anstalt zum Grauen Kloster,Q328971,ORG,Q328971,Gymnasium zum Grauen Kloster,"```json { ""wikipedia_page"": ""Gymnasium zum Grauen Kloster"", ""wikidata_id"": ""Q328971"" } ```",18.945680618286133
NZZ-1888-03-08-b-p0002,218,224,Berlin,Q64,LOC,Q64,Berlin,"```json { ""wikipedia_page"": ""Berlin"", ""wikidata_id"": ""Q64"" } ```",23.776111602783203
NZZ-1888-03-08-b-p0002,233,264,gleichaltrigen Otto v. Bismarck,Q8442,PER,Q8442,Otto von Bismarck,"```json {""wikipedia_page"": ""Otto von Bismarck"", ""wikidata_id"": ""Q8442""} ```",19.865276336669922
NZZ-1888-03-08-b-p0002,411,422,Reichs¬ tag,Q160208,ORG,Q160208,Reichstag,"```json {""wikipedia_page"": ""Reichstag"", ""wikidata_id"": ""Q160208""} ```",29.624765396118164
NZZ-1888-03-08-b-p0002,430,437,Gerlach,Q65780,PER,Q65780,Ernst Ludwig von Gerlach,"```json { ""wikipedia_page"": ""Ernst Ludwig von Gerlach"", ""wikidata_id"": ""Q65780"" } ```",30.520679473876953
NZZ-1888-03-08-b-p0002,775,783,Bismarck,Q8442,PER,Q8442,Otto von Bismarck,"```json {""wikipedia_page"":""Otto von Bismarck"", ""wikidata_id"":""Q8442""} ```",33.53757858276367
NZZ-1888-03-08-b-p0002,1105,1138,demokratische Frankfurter Zeitung,Q561972,PROD,Q561972,Frankfurter Zeitung,"Based on the provided input text and the list of candidates, the entity ""Frankfurter Zeitung"" is likely referenced between the [ENT] tags. Here is the JSON object with the corresponding Wikipedia page title and Wikidata ID: ```json {""wikipedia_page"":""Frankfurter Zeitung"", ""wikidata_id"":""Q561972""} ```",24.1922607421875
NZZ-1888-03-08-b-p0002,1752,1757,Paris,Q90,LOC,Q90,Paris,"```json {""wikipedia_page"":""Paris"", ""wikidata_id"":""Q90""} ```",22.8715763092041
NZZ-1888-03-08-b-p0002,1803,1816,Louise Michel,Q216092,PER,Q216092,Louise Michel,"```json { ""wikipedia_page"": ""Louise Michel"", ""wikidata_id"": ""Q216092"" } ```",30.967876434326172
NZZ-1888-03-08-b-p0002,2128,2133,Numea,Q9733,LOC,Q9733,Nouméa,"Based on the provided input text and the list of candidates, the entity mentioned between the [ENT] tags is ""Numea"". After reviewing the candidates, the most appropriate Wikidata entity is ""Nouméa"" (Wikipedia page title and Wikidata ID: ""Nouméa - Q9733""). Here is the JSON-formatted answer: ```json { ""wikipedia_page"": ""Nouméa"", ""wikidata_id"": ""Q9733"" } ```",19.179058074951172
NZZ-1888-03-08-b-p0002,2311,2316,Paris,Q90,LOC,Q90,Paris,"```json { ""wikipedia_page"": ""Paris"", ""wikidata_id"": ""Q90"" } ```",19.158388137817383
NZZ-1888-03-08-b-p0002,2496,2508,arme Joffrin,Q3188690,PER,Q3188690,Jules François Alexandre Joffrin,"```json { ""wikipedia_page"": ""Jules François Alexandre Joffrin"", ""wikidata_id"": ""Q3188690"" } ```",9.884989738464355
NZZ-1888-03-08-b-p0002,2534,2544,Belleville,Q815949,LOC,Q815949,Belleville,"```json { ""wikipedia_page"": ""Belleville"", ""wikidata_id"": ""Q815949"" } ```",21.912229537963867
NZZ-1888-03-08-b-p0002,2732,2739,Joffrin,Q3188690,PER,Q3188690,Jules François Alexandre Joffrin,"Based on the provided input text and the list of candidates, the entity mentioned between the [ENT] tags is ""Joffrin"". From the list of candidates, ""Jules François Alexandre Joffrin"" with Wikidata ID ""Q3188690"" is the most appropriate match for the entity mentioned. Therefore, the output is: ```json {""wikipedia_page"":""Jules François Alexandre Joffrin"", ""wikidata_id"":""Q3188690""} ```",20.411273956298828
NZZ-1888-03-08-b-p0002,2864,2877,Louise Michel,Q216092,PER,Q216092,Louise Michel,"```json { ""wikipedia_page"": ""Louise Michel"", ""wikidata_id"": ""Q216092"" } ```",34.50913619995117
NZZ-1888-03-08-b-p0002,2900,2905,Havre,Q42810,LOC,Q42810,Le Havre,"Based on the provided input text and the list of candidates, the entity [ENT] Havre [ENT] can be disambiguated with high confidence as follows: ```json {""wikipedia_page"":""Le Havre"", ""wikidata_id"":""Q42810""} ``` The Wikidata entity corresponding to ""Le Havre"" is the French commune and harbour city located in the Normandy region of northern France.",22.01318359375
NZZ-1888-03-08-b-p0002,3610,3615,Paris,Q90,LOC,Q90,Paris,"Based on the provided input text and list of candidates, the entity mentioned between the [ENT] tags is ""Paris"". The most appropriate Wikidata entity from the list of candidates for ""Paris"" is the first one listed, which has a ""wikipedia_page"" of ""Paris"" and a ""wikidata_id"" of ""Q90"". Here is the JSON response: ```json {""wikipedia_page"": ""Paris"", ""wikidata_id"": ""Q90""} ```",19.539539337158203
NZZ-1888-03-08-b-p0002,3862,3880,Oesterreich-Ungarn,Q28513,LOC,Q28513,Österreich-Ungarn,"{""wikipedia_page"": ""Österreich-Ungarn"", ""wikidata_id"": ""Q28513""}",27.017194747924805
NZZ-1888-03-08-b-p0002,3882,3886,Wien,Q1741,LOC,Q1741,Wien,"```json { ""wikipedia_page"": ""Wien"", ""wikidata_id"": ""Q1741"" } ```",24.7343807220459
NZZ-1888-03-08-b-p0002,4058,4078,gestürzten Ristitsch,Q391573,PER,Q391573,Jovan Ristić,"```json {""wikipedia_page"":""Jovan Ristić"", ""wikidata_id"":""Q391573""} ```",15.956788063049316
NZZ-1888-03-08-b-p0002,4183,4189,Orient,Q205653,LOC,Q205653,Orient,"```json { ""wikipedia_page"": ""Orient"", ""wikidata_id"": ""Q205653"" } ```",18.748580932617188
NZZ-1888-03-08-b-p0002,4210,4217,Serbien,Q403,LOC,Q403,Serbien,"```json {""wikipedia_page"":""Serbien"", ""wikidata_id"":""Q403""} ```",21.53742027282715
NZZ-1888-03-08-b-p0002,4305,4312,Serbien,Q403,LOC,Q403,Serbien,"```json { ""wikipedia_page"": ""Serbien"", ""wikidata_id"": ""Q403"" } ```",23.74324607849121
NZZ-1888-03-08-b-p0002,4393,4408,Herrn Ristitsch,Q391573,PER,Q391573,Jovan Ristić,"```json {""wikipedia_page"": ""Jovan Ristić"", ""wikidata_id"": ""Q391573""} ```",16.68562126159668
NZZ-1888-03-08-b-p0002,4684,4691,Serbien,Q403,LOC,Q403,Serbien,"Based on the analysis of the provided text, the entity mentioned between the [ENT] tags is ""Serbien"". The most appropriate Wikidata entity from the list of candidates is: - Wikipedia Page Title: Serbien - Wikidata ID: Q403 Here is the JSON object formatted as requested: ```json {""wikipedia_page"":""Serbien"", ""wikidata_id"":""Q403""} ```",21.260801315307617
NZZ-1888-03-08-b-p0002,4724,4736,Oesterreichs,Q40,LOC,Q40,Österreich,"{ ""wikipedia_page"":""Österreich"", ""wikidata_id"":""Q40"" }",21.336345672607422
NZZ-1888-03-08-b-p0002,4826,4837,König Milan,Q313829,PER,Q313829,Milan I.,"{ ""wikipedia_page"": ""Milan I."", ""wikidata_id"": ""Q313829"" }",25.31301498413086
NZZ-1888-03-08-b-p0002,5450,5457,Belgrad,Q3711,LOC,Q3711,Belgrad,"{""wikipedia_page"":""Belgrad"", ""wikidata_id"":""Q3711""}",27.7076416015625
NZZ-1888-03-08-b-p0002,5553,5562,Ristitsch,Q391573,PER,Q391573,Jovan Ristić,"```json { ""wikipedia_page"": ""Jovan Ristić"", ""wikidata_id"": ""Q391573"" } ```",17.430965423583984
NZZ-1888-03-08-b-p0002,5677,5688,Oesterreich,Q40,LOC,Q40,Österreich,"Based on the given input text and the provided list of candidates, the entity mentioned between the [ENT] tags, ""Oesterreich,"" can be disambiguated with high confidence to the Wikidata entity of ""Österreich."" Here is the corresponding JSON object: ```json {""wikipedia_page"": ""Österreich"", ""wikidata_id"": ""Q40""} ```",22.922473907470703
NZZ-1888-03-08-b-p0002,5847,5854,Serbien,Q403,LOC,Q403,Serbien,"```json {""wikipedia_page"":""Serbien"", ""wikidata_id"":""Q403""} ```",20.529483795166016
NZZ-1888-03-08-b-p0002,5925,5932,Belgrad,Q3711,LOC,Q3711,Belgrad,"```json { ""wikipedia_page"": ""Belgrad"", ""wikidata_id"": ""Q3711"" } ```",27.83118438720703
NZZ-1898-12-05-b-p0005,43,49,Europa,Q46,LOC,Q46,Europa,"``` { ""wikipedia_page"": ""Europa"", ""wikidata_id"": ""Q46"" } ```",22.054950714111328
NZZ-1898-12-05-b-p0005,121,127,Peking,Q956,LOC,Q956,Peking,"{""wikipedia_page"":""Peking"", ""wikidata_id"":""Q956""}",21.60616111755371
NZZ-1898-12-05-b-p0005,1136,1141,Japan,Q17,LOC,Q17,Japan,"```json { ""wikipedia_page"": ""Japan"", ""wikidata_id"": ""Q17"" } ```",20.91228675842285
NZZ-1898-12-05-b-p0005,1461,1466,Japan,Q17,LOC,Q17,Japan,"```json {""wikipedia_page"": ""Japan"", ""wikidata_id"": ""Q17""} ```",23.451520919799805
NZZ-1898-12-05-b-p0005,1631,1639,Graf Ito,Q174971,PER,Q174971,Itō Hirobumi,"Based on the input text and the list of candidates, the entity mentioned between [ENT] tags is ""Ito Hirobumi"". The most appropriate Wikidata entity from the list of candidates is ""Itō Hirobumi"". ```json {""wikipedia_page"":""Itō Hirobumi"", ""wikidata_id"":""Q174971""} ```",11.361043930053711
NZZ-1898-12-05-b-p0005,2554,2561,Europas,Q46,LOC,Q46,Europa,"```json {""wikipedia_page"":""Europa"", ""wikidata_id"":""Q46""} ```",18.027587890625
NZZ-1898-12-05-b-p0005,2816,2821,Japan,Q17,LOC,Q17,Japan,"Given the input text and the list of candidates, the entity mentioned between the [ENT] tags is ""Japan"". The most appropriate Wikidata entity from the list of candidates is: ```json {""wikipedia_page"": ""Japan"", ""wikidata_id"": ""Q17""} ```",20.33638572692871
NZZ-1898-12-05-b-p0005,3045,3053,Ostasien,Q27231,LOC,Q27231,Ostasien,"```json { ""wikipedia_page"": ""Ostasien"", ""wikidata_id"": ""Q27231"" } ```",28.90392303466797
NZZ-1898-12-05-b-p0005,3261,3266,Japan,Q17,LOC,Q17,Japan,"```json { ""wikipedia_page"": ""Japan"", ""wikidata_id"": ""Q17"" } ```",19.219863891601562
NZZ-1898-12-05-b-p0005,3402,3409,Rußland,Q34266,LOC,Q34266,Russisches Kaiserreich,"```json {""wikipedia_page"":""Russisches Kaiserreich"", ""wikidata_id"":""Q34266""} ```",21.12692642211914
NZZ-1898-12-05-b-p0005,3490,3495,Japan,Q17,LOC,Q17,Japan,"```json { ""wikipedia_page"": ""Japan"", ""wikidata_id"": ""Q17"" } ```",22.114341735839844
NZZ-1898-12-05-b-p0005,3612,3617,China,Q148,LOC,Q148,Volksrepublik China,"```json { ""wikipedia_page"": ""Volksrepublik China"", ""wikidata_id"": ""Q148"" } ```",17.0250186920166
NZZ-1898-12-05-b-p0005,3874,3881,Rußland,Q34266,LOC,Q34266,Russisches Kaiserreich,"```json { ""wikipedia_page"": ""Russisches Kaiserreich"", ""wikidata_id"": ""Q34266"" } ```",21.268524169921875
NZZ-1898-12-05-b-p0005,4159,4167,Rußlands,Q34266,LOC,Q34266,Russisches Kaiserreich,"```json {""wikipedia_page"":""Russisches Kaiserreich"", ""wikidata_id"":""Q34266""} ```",20.419328689575195
NZZ-1898-12-05-b-p0005,4214,4219,China,Q148,LOC,Q148,Volksrepublik China,"```json { ""wikipedia_page"": ""Volksrepublik China"", ""wikidata_id"": ""Q148"" } ```",17.91522789001465
NZZ-1898-12-05-b-p0005,4459,4467,Rußlands,Q34266,LOC,Q34266,Russisches Kaiserreich,"{""wikipedia_page"": ""Russisches Kaiserreich"", ""wikidata_id"": ""Q34266""} The entity mentioned between the [ENT] tags, ""Russlands"", likely corresponds to the ""Russisches Kaiserreich"" with the Wikidata ID Q34266.",21.10040283203125
NZZ-1898-12-05-b-p0005,4625,4632,Rußland,Q34266,LOC,Q34266,Russisches Kaiserreich,"```json { ""wikipedia_page"": ""Russisches Kaiserreich"", ""wikidata_id"": ""Q34266"" } ```",18.788686752319336
NZZ-1908-01-19-a-p0001,4,25,Zürcher Handelskammer,Q20012503,ORG,Q20012503,Zürcher Handelskammer,"```json { ""wikipedia_page"": ""Zürcher Handelskammer"", ""wikidata_id"": ""Q20012503"" } ```",31.170303344726562
NZZ-1908-01-19-a-p0001,46,57,Bundesrates,Q30917,ORG,Q30917,Schweizerischer Bundesrat,"```json { ""wikipedia_page"": ""Schweizerischer Bundesrat"", ""wikidata_id"": ""Q30917"" } ```",26.02971649169922
NZZ-1908-01-19-a-p0001,248,262,Kantons Zürich,Q11943,LOC,Q11943,Kanton Zürich,"Given the input text and the list of candidates, the entities mentioned between the [ENT] tags are ""Kanton Zürich"" and ""Kanton Zürich"". Based on the candidates provided, the most appropriate Wikidata entity for both mentions is: ```json {""wikipedia_page"": ""Kanton Zürich"", ""wikidata_id"": ""Q11943""} ``` This is highly confident as the candidate ""Kanton Zürich"" directly matches the entity mentioned in the text.",28.56572914123535
NZZ-1908-01-19-a-p0001,410,431,Zürcher Handelskammer,Q20012503,ORG,Q20012503,Zürcher Handelskammer,"```json { ""wikipedia_page"": ""Zürcher Handelskammer"", ""wikidata_id"": ""Q20012503"" } ```",34.960575103759766
NZZ-1908-01-19-a-p0001,470,491,Zürcher Handelskammer,Q20012503,ORG,Q20012503,Zürcher Handelskammer,"```json { ""wikipedia_page"": ""Zürcher Handelskammer"", ""wikidata_id"": ""Q20012503"" } ```",35.37957000732422
NZZ-1908-01-19-a-p0001,598,613,Schindler-Huber,Q1224007,PER,Q1224007,Dietrich Schindler-Huber,"```json {""wikipedia_page"":""Dietrich Schindler-Huber"", ""wikidata_id"":""Q1224007""} ```",25.595033645629883
NZZ-1908-01-19-a-p0001,657,669,Dr. Häberlin,Q118222,PER,Q118222,Heinrich Häberlin,"{ ""wikipedia_page"": ""Heinrich Häberlin"", ""wikidata_id"": ""Q118222"" }",24.50755500793457
NZZ-1908-01-19-a-p0001,671,681,Dr. G. Bär,NIL,PER,NIL,Dr. G. Bär,"Based on the provided input text and the given list of candidates, the entity mentioned between the [ENT] tags seems to be ""Dr. G. Bär"". However, none of the candidates exactly match this name with high confidence. Therefore, the selected Wikidata entity is ""NIL"". ```json {""wikipedia_page"": ""NIL"", ""wikidata_id"": ""NIL""} ```",0
NZZ-1908-01-19-a-p0001,788,809,Zürcher Handelskammer,Q20012503,ORG,Q20012503,Zürcher Handelskammer,"Based on the provided text, the entity mentioned between the [ENT] tags is ""Zürcher Handelskammer"". The most appropriate Wikidata entity from the list of candidates is: ```json {""wikipedia_page"":""Zürcher Handelskammer"", ""wikidata_id"":""Q20012503""} ```",33.80754852294922
NZZ-1908-01-19-a-p0001,1570,1593,Zürcher Handels¬ kammer,Q20012503,ORG,Q20012503,Zürcher Handelskammer,"```json { ""wikipedia_page"": ""Zürcher Handelskammer"", ""wikidata_id"": ""Q20012503"" } ```",31.537240982055664
NZZ-1908-01-19-a-p0001,1724,1733,Bundesrat,Q30917,ORG,Q30917,Schweizerischer Bundesrat,"```json { ""wikipedia_page"": ""Schweizerischer Bundesrat"", ""wikidata_id"": ""Q30917"" } ```",25.210773468017578
NZZ-1908-01-19-a-p0001,2409,2430,Zürcher Handelskammer,Q20012503,ORG,Q20012503,Zürcher Handelskammer,"```json {""wikipedia_page"":""Zürcher Handelskammer"", ""wikidata_id"":""Q20012503""} ```",32.270626068115234
NZZ-1908-01-19-a-p0001,3577,3620,Schweizerische Ge¬ meinnützige Gesellschaft,Q2256455,ORG,Q2256455,Schweizerische Gemeinnützige Gesellschaft,"```json {""wikipedia_page"":""Schweizerische Gemeinnützige Gesellschaft"", ""wikidata_id"":""Q2256455""} ```",32.85760498046875
NZZ-1908-01-19-a-p0001,3984,3995,Bundesrates,Q30917,ORG,Q30917,Schweizerischer Bundesrat,"```json { ""wikipedia_page"": ""Schweizerischer Bundesrat"", ""wikidata_id"": ""Q30917"" } ```",25.657175064086914
NZZ-1908-01-19-a-p0001,4034,4055,Zürcher Handelskammer,Q20012503,ORG,Q20012503,Zürcher Handelskammer,"```json { ""wikipedia_page"": ""Zürcher Handelskammer"", ""wikidata_id"": ""Q20012503"" } ```",34.13031768798828
NZZ-1908-01-19-a-p0001,4932,4948,Niederösterreich,Q42497,LOC,Q42497,Niederösterreich,"```json { ""wikipedia_page"": ""Niederösterreich"", ""wikidata_id"": ""Q42497"" } ```",23.72284507751465
NZZ-1908-01-19-a-p0001,5102,5108,Böhmen,Q39193,LOC,Q39193,Böhmen,"Based on the provided text and the list of candidates, the most appropriate disambiguation for the entity [ENT] would be: - Wikidata ID: `Q39193` - Wikipedia Page Title: `Böhmen` The text mentions ""Böhmen"" as a historical state, which matches the Wikidata ID and Wikipedia page title from the candidates. ```json { ""wikipedia_page"": ""Böhmen"", ""wikidata_id"": ""Q39193"" } ```",26.093021392822266
NZZ-1908-01-19-a-p0001,5212,5224,Oesterreichs,Q40,LOC,Q40,Österreich,"{ ""wikipedia_page"": ""Österreich"", ""wikidata_id"": ""Q40"" }",26.04422378540039
NZZ-1908-01-19-a-p0001,5375,5384,Luxemburg,Q32,LOC,Q32,Luxemburg,"```json { ""wikipedia_page"": ""Luxemburg"", ""wikidata_id"": ""Q32"" } ```",19.331859588623047
NZZ-1908-01-19-a-p0001,5519,5526,Schweiz,Q39,LOC,Q39,Schweiz,"Based on the input text and the provided list of candidates, the most appropriate Wikidata entity for the entity tagged with [ENT] is: ```json {""wikipedia_page"":""Schweiz"", ""wikidata_id"":""Q39""} ```",21.477270126342773
NZZ-1908-01-19-a-p0001,5865,5872,Schweiz,Q39,LOC,Q39,Schweiz,"```json {""wikipedia_page"":""Schweiz"", ""wikidata_id"":""Q39""} ```",22.105854034423828
NZZ-1908-01-19-a-p0001,6135,6156,Zürcher Handelskammer,Q20012503,ORG,Q20012503,Zürcher Handelskammer,"```json {""wikipedia_page"": ""Zürcher Handelskammer"", ""wikidata_id"": ""Q20012503""} ```",33.35530090332031
NZZ-1908-01-19-a-p0001,6992,7001,Bundesrat,Q30917,ORG,Q30917,Schweizerischer Bundesrat,"Based on the input text and the provided list of candidates, the entity mentioned between the [ENT] tags is ""Bundesrat"". The most appropriate Wikidata entity from the list of candidates is ""Schweizerischer Bundesrat"" (Wikidata ID: Q30917), which appears to be the government of the Swiss Confederation. Here is the JSON response: ```json {""wikipedia_page"": ""Schweizerischer Bundesrat"", ""wikidata_id"": ""Q30917""} ```",23.523359298706055
NZZ-1908-01-19-a-p0001,10560,10581,Zürcher Handelskammer,Q20012503,ORG,Q20012503,Zürcher Handelskammer,"```json { ""wikipedia_page"": ""Zürcher Handelskammer"", ""wikidata_id"": ""Q20012503"" } ``` Explanation: The analysis of the text indicates that the entity between the [ENT] tags is most likely associated with ""Zürcher Handelskammer"" due to its context and specific references in the text. The entity was correctly matched with the provided candidate from the list.",33.61784744262695
NZZ-1908-01-19-a-p0001,10682,10691,Bundesrat,Q30917,ORG,Q30917,Schweizerischer Bundesrat,"```json {""wikipedia_page"":""Schweizerischer Bundesrat"", ""wikidata_id"":""Q30917""} ```",29.357810974121094
NZZ-1908-01-19-a-p0001,10772,10776,Bund,Q675794,ORG,Q675794,Bundesverwaltung,"```json {""wikipedia_page"":""Bundesverwaltung"", ""wikidata_id"":""Q675794""} ```",13.85456371307373
NZZ-1908-01-19-a-p0001,11973,11996,Zür¬ cher Handelskammer,Q20012503,ORG,Q20012503,Zürcher Handelskammer,"```json { ""wikipedia_page"": ""Zürcher Handelskammer"", ""wikidata_id"": ""Q20012503"" } ```",34.270118713378906
NZZ-1908-01-19-a-p0001,12701,12719,Stadtrat Dr. Klöti,Q1336378,PER,Q1336378,Emil Klöti,"```json { ""wikipedia_page"": ""Emil Klöti"", ""wikidata_id"": ""Q1336378"" } ```",18.53985023498535
NZZ-1908-01-19-a-p0001,12786,12797,Oesterreich,Q40,LOC,Q40,Österreich,"Based on the provided text and the list of candidates, the entity mentioned between the [ENT] tags is disambiguated as follows: ```json {""wikipedia_page"": ""Österreich"", ""wikidata_id"": ""Q40""} ```",20.506914138793945
NZZ-1908-01-19-a-p0001,12868,12875,Schweiz,Q39,LOC,Q39,Schweiz,"{ ""wikipedia_page"": ""Schweiz"", ""wikidata_id"": ""Q39"" }",19.942651748657227
NZZ-1908-01-19-a-p0001,13070,13095,Arbeitersekretär Greulich,Q91174,PER,Q91174,Herman Greulich,"Based on the provided text and list of candidates, the most appropriate Wikidata entity for ""Arbeitersekretär Greulich"" is: ```json {""wikipedia_page"":""Herman Greulich"", ""wikidata_id"":""Q91174""} ```",17.107990264892578
NZZ-1908-01-19-a-p0001,13652,13665,Nationalrates,Q676078,ORG,Q676078,Nationalrat,"```json { ""wikipedia_page"": ""Nationalrat"", ""wikidata_id"": ""Q676078"" } ```",20.111480712890625
NZZ-1908-01-19-a-p0001,13813,13821,Greulich,Q91174,PER,Q91174,Herman Greulich,"```json {""wikipedia_page"":""Herman Greulich"", ""wikidata_id"":""Q91174""} ```",16.35107421875
NZZ-1908-01-19-a-p0001,14148,14169,Zürcher Handelskammer,Q20012503,ORG,Q20012503,Zürcher Handelskammer,"{ ""wikipedia_page"": ""Zürcher Handelskammer"", ""wikidata_id"": ""Q20012503"" }",31.92690658569336
NZZ-1908-01-19-a-p0001,14339,14354,Bauern¬ verband,Q2256617,ORG,Q2256617,Schweizer Bauernverband,"```json {""wikipedia_page"":""Schweizer Bauernverband"", ""wikidata_id"":""Q2256617""} ```",19.998233795166016
NZZ-1908-01-19-a-p0001,14453,14474,Zürcher Handelskammer,Q20012503,ORG,Q20012503,Zürcher Handelskammer,"Based on the provided text: - ""Zürcher Handelskammer"" - The text indicates that it is a ""Zürcher Handelskammer"", which corresponds to the candidate with the Wikidata ID of Q20012503. Here is the JSON response: ```json {""wikipedia_page"": ""Zürcher Handelskammer"", ""wikidata_id"": ""Q20012503""} ```",33.32664108276367
NZZ-1908-01-19-a-p0001,15193,15202,Bundesrat,Q30917,ORG,Q30917,Schweizerischer Bundesrat,"Based on the text provided and the list of candidates, the entity mentioned in the text is ""Bundesrat"". The most appropriate Wikidata entity is ""Schweizerischer Bundesrat"" with the ID ""Q30917"" and the Wikipedia page title ""Schweizerischer Bundesrat"". Here is the JSON output: ```json {""wikipedia_page"":""Schweizerischer Bundesrat"", ""wikidata_id"":""Q30917""} ```",22.45853614807129
NZZ-1908-01-19-a-p0001,15323,15339,Oberrichter Lang,NIL,PER,NIL,Oberrichter Lang,"Given the input text and the list of candidates, the entity mentioned between the [ENT] tags ""Oberrichter Lang"" is not found in the provided list of candidates with high confidence. Therefore, the output should be: ```json {""wikipedia_page"": ""NIL"", ""wikidata_id"": ""NIL""} ```",0
NZZ-1908-01-19-a-p0001,15430,15452,Referent Hrn. Greulich,Q91174,PER,Q91174,Herman Greulich,"Based on the provided text and the list of candidates, the entity mentions within the [ENT] tags can be disambiguated as follows: 1. The first [ENT] corresponds to ""Hrn. Greulich"". Checking the list of candidates, we find that 'Herman Greulich' (Q91174) matches the context. The entity is a Swiss politician. ```json {""wikipedia_page"": ""Herman Greulich"", ""wikidata_id"": ""Q91174""} ``` 2. The second [ENT] corresponds to ""Referent"". Among the candidates, 'Referent' (Q20155174) is the most fitting description for this role. ```json {""wikipedia_page"": ""Referent"", ""wikidata_id"": ""Q20155174""} ``` Thus, the final JSON response is: ```json [ {""wikipedia_page"": ""Herman Greulich"", ""wikidata_id"": ""Q91174""}, {""wikipedia_page"": ""Referent"", ""wikidata_id"": ""Q2015517",14.97869873046875
NZZ-1908-01-19-a-p0001,15595,15606,Oesterreich,Q40,LOC,Q40,Österreich,"```json { ""wikipedia_page"": ""Österreich"", ""wikidata_id"": ""Q40"" } ```",24.46596908569336
NZZ-1908-01-19-a-p0001,15675,15686,Oesterreich,Q40,LOC,Q40,Österreich,"```json { ""wikipedia_page"": ""Österreich"", ""wikidata_id"": ""Q40"" } ```",21.566072463989258
NZZ-1908-01-19-a-p0001,15770,15778,Greulich,Q91174,PER,Q91174,Herman Greulich,"```json { ""wikipedia_page"": ""Herman Greulich"", ""wikidata_id"": ""Q91174"" } ```",25.736963272094727
NZZ-1908-01-19-a-p0001,16088,16096,Greulich,Q91174,PER,Q91174,Herman Greulich,"```json { ""wikipedia_page"": ""Herman Greulich"", ""wikidata_id"": ""Q91174"" } ```",24.553464889526367
NZZ-1908-01-19-a-p0001,16101,16112,Boos-Jegher,Q31271042,PER,Q31271042,Emma Boos-Jegher,"Based on the input text provided and the list of candidates, the entity mentioned between the [ENT] tags is ""Boos-Jegher."" This name is present in the list of candidates. Here is the JSON object with the corresponding Wikipedia page title and Wikidata ID: ```json {""wikipedia_page"": ""Emma Boos-Jegher"", ""wikidata_id"": ""Q31271042""} ```",23.27800750732422
NZZ-1918-09-09-c-p0002,54,60,Berlin,Q64,LOC,Q64,Berlin,"```json {""wikipedia_page"":""Berlin"", ""wikidata_id"":""Q64""} ```",19.56998062133789
NZZ-1918-09-09-c-p0002,194,205,Armentières,Q193925,LOC,Q193925,Armentières,"Based on the given text and candidates, the most appropriate Wikidata entity for the entity tagged with [ENT] is ""Armentières"" (Wikipedia page title: Armentières, Wikidata ID: Q193925). Here is the JSON-formatted answer: ```json { ""wikipedia_page"": ""Armentières"", ""wikidata_id"": ""Q193925"" } ```",32.76545715332031
NZZ-1918-09-09-c-p0002,299,304,Gleux,NIL,LOC,NIL,Gleux,"Based on the provided input text and the list of candidates, none of the candidates match with high confidence the entity tagged with [ENT]. Therefore, the response is: ```json {""wikipedia_page"":""NIL"", ""wikidata_id"":""NIL""} ```",0
NZZ-1918-09-09-c-p0002,305,318,Ha¬ princourt,Q375743,LOC,Q375743,Havrincourt,"```json { ""wikipedia_page"": ""Havrincourt"", ""wikidata_id"": ""Q375743"" } ```",17.024864196777344
NZZ-1918-09-09-c-p0002,512,520,Templeux,Q795863,LOC,Q795863,Templeux-le-Guérard,"{ ""wikipedia_page"": ""Templeux-le-Guérard"", ""wikidata_id"": ""Q795863"" }",25.797956466674805
NZZ-1918-09-09-c-p0002,662,671,St. Simon,Q325532,LOC,Q325532,Saint-Simon,"```json {""wikipedia_page"": ""Saint-Simon"", ""wikidata_id"": ""Q325532""} ```",19.968952178955078
NZZ-1918-09-09-c-p0002,723,727,Oise,Q200231,LOC,Q200231,Oise,"```json { ""wikipedia_page"": ""Oise"", ""wikidata_id"": ""Q200231"" } ```",21.00501823425293
NZZ-1918-09-09-c-p0002,732,739,Ailette,Q405073,LOC,Q405073,Ailette,"```json { ""wikipedia_page"": ""Ailette"", ""wikidata_id"": ""Q405073"" } ```",20.833221435546875
NZZ-1918-09-09-c-p0002,750,757,Ailette,Q405073,LOC,Q405073,Ailette,"To disambiguate the entity mentioned between the [ENT] tags in the input text, we need to analyze the given text and compare it with the provided list of candidates. The input text mentions the entities [ENT] Ailette [ENT] and Aisne. From the list of candidates, we can observe that there are multiple entities with the names Ailette, Aisne, and Ailette related to France. After reviewing the candidates, we can see that the most appropriate entity for the text is Ailette, which is a town in France. The Wikidata ID for this entity is Q405073, and the Wikipedia page title is Ailette. Therefore, the disambiguated entity is: ```json {""wikipedia_page"":""Ailette"", ""wikidata_id"":""Q405073""} ```",19.322114944458008
NZZ-1918-09-09-c-p0002,971,976,Aisne,Q41962,LOC,Q41962,Aisne,"Based on the analysis of the input text and the provided candidates, the most appropriate Wikidata entity for the [ENT] tags is: ```json {""wikipedia_page"": ""Aisne"", ""wikidata_id"": ""Q41962""} ```",21.266923904418945
NZZ-1918-09-09-c-p0002,981,986,Vesle,Q729611,LOC,Q729611,Vesle,"```json {""wikipedia_page"": ""Vesle"", ""wikidata_id"": ""Q729611""} ```",19.819108963012695
NZZ-1918-09-09-c-p0002,1109,1117,Mannheim,Q2119,LOC,Q2119,Mannheim,"```json { ""wikipedia_page"": ""Mannheim"", ""wikidata_id"": ""Q2119"" } ```",22.859088897705078
NZZ-1918-09-09-c-p0002,1520,1525,Paris,Q90,LOC,Q90,Paris,"```json {""wikipedia_page"":""Paris"", ""wikidata_id"":""Q90""} ```",19.666410446166992
NZZ-1918-09-09-c-p0002,1586,1591,Somme,Q37646,LOC,Q37646,Somme,"```json { ""wikipedia_page"": ""Somme"", ""wikidata_id"": ""Q37646"" } ```",28.224287033081055
NZZ-1918-09-09-c-p0002,1667,1675,Clastres,Q322014,LOC,Q322014,Clastres,"Based on the provided text and the list of candidates, the most appropriate Wikidata entity for the entity tagged with [ENT] Clastres [ENT] is: ```json {""wikipedia_page"": ""Clastres"", ""wikidata_id"": ""Q322014""} ```",21.82526206970215
NZZ-1918-09-09-c-p0002,1783,1787,Liez,Q629901,LOC,Q629901,Liez,"```json {""wikipedia_page"": ""Liez"", ""wikidata_id"": ""Q629901""} ```",25.392091751098633
NZZ-1918-09-09-c-p0002,1955,1962,Laffaux,Q842559,LOC,Q842559,Laffaux,"```json { ""wikipedia_page"": ""Laffaux"", ""wikidata_id"": ""Q842559"" } ```",27.242267608642578
NZZ-1918-09-09-c-p0002,2233,2241,Auberive,Q533993,LOC,Q533993,Auberive,"Based on the provided text and list of candidates, the entity tagged with [ENT] is ""Auberive"". Comparing the text with the list of candidates, the most appropriate Wikidata entity is ""Auberive"" with Wikidata ID Q533993 and Wikipedia page title ""Auberive"". ```json { ""wikipedia_page"": ""Auberive"", ""wikidata_id"": ""Q533993"" } ```",23.79683494567871
NZZ-1918-09-09-c-p0002,2254,2259,Paris,Q90,LOC,Q90,Paris,"```json { ""wikipedia_page"": ""Paris"", ""wikidata_id"": ""Q90"" } ```",26.972856521606445
NZZ-1918-09-09-c-p0002,2420,2425,Aisne,Q41962,LOC,Q41962,Aisne,"Based on the provided text and list of candidates, the entity mentioned between the [ENT] tags is ""Aisne"". It is correctly matched with the candidate: ```json {""wikipedia_page"": ""Aisne"", ""wikidata_id"": ""Q41962""} ```",22.89339256286621
NZZ-1918-09-09-c-p0002,2530,2534,Wien,Q1741,LOC,Q1741,Wien,"```json {""wikipedia_page"": ""Wien"", ""wikidata_id"": ""Q1741""} ```",22.459680557250977
NZZ-1918-09-09-c-p0002,2763,2768,Paris,Q90,LOC,Q90,Paris," {""wikipedia_page"":""Paris"", ""wikidata_id"":""Q90""}",24.578794479370117
NZZ-1918-09-09-c-p0002,2911,2917,Wardar,Q189596,LOC,Q189596,Vardar,"```json { ""wikipedia_page"": ""Vardar"", ""wikidata_id"": ""Q189596"" } ```",18.206993103027344
NZZ-1918-09-09-c-p0002,2951,2960,Doiransee,Q158077,LOC,Q158077,Dojransee,"```json { ""wikipedia_page"": ""Dojransee"", ""wikidata_id"": ""Q158077"" } ```",19.593286514282227
NZZ-1918-09-09-c-p0002,3260,3266,Struma,Q204127,LOC,Q204127,Struma,"```json { ""wikipedia_page"": ""Struma"", ""wikidata_id"": ""Q204127"" } ```",18.01751136779785
NZZ-1918-09-09-c-p0002,3336,3345,Jernsalem,Q1218,LOC,Q1218,Jerusalem,"{""wikipedia_page"": ""Jerusalem"", ""wikidata_id"": ""Q1218""}",17.806283950805664
NZZ-1918-09-09-c-p0002,3376,3386,Jerusalems,Q1218,LOC,Q1218,Jerusalem,"```json { ""wikipedia_page"": ""Jerusalem"", ""wikidata_id"": ""Q1218"" } ```",23.986495971679688
NZZ-1918-09-09-c-p0002,3416,3443,British Eapedltlonary Force,Q919272,ORG,Q919272,British Expeditionary Force,"```json { ""wikipedia_page"": ""British Expeditionary Force"", ""wikidata_id"": ""Q919272"" } ```",21.658449172973633
NZZ-1918-09-09-c-p0002,3660,3666,Israel,Q801,LOC,Q801,Israel,"```json { ""wikipedia_page"": ""Israel"", ""wikidata_id"": ""Q801"" } ```",18.7120361328125
NZZ-1918-09-09-c-p0002,4504,4508,Gott,Q190,PER,Q190,Gott,"```json { ""wikipedia_page"": ""Gott"", ""wikidata_id"": ""Q190"" } ```",15.931304931640625
NZZ-1918-09-09-c-p0002,4785,4796,Jeru¬ salem,Q1218,LOC,Q1218,Jerusalem,"```json {""wikipedia_page"":""Jerusalem"", ""wikidata_id"":""Q1218""} ```",22.5654354095459
NZZ-1918-09-09-c-p0002,4871,4875,Wien,Q1741,LOC,Q1741,Wien,"Based on the input text and the provided list of candidates, the entity mentioned between the [ENT] tags in the text ""Wien"" can be confidently disambiguated to the following Wikidata entity: ```json {""wikipedia_page"": ""Wien"", ""wikidata_id"": ""Q1741""} ```",19.925495147705078
NZZ-1918-09-09-c-p0002,5014,5021,Gailtal,Q178226,LOC,Q178226,Gailtal,"```json { ""wikipedia_page"": ""Gailtal"", ""wikidata_id"": ""Q178226"" } ```",20.37738609313965
NZZ-1918-09-09-c-p0002,5031,5038,Villach,Q483522,LOC,Q483522,Villach,"```json { ""wikipedia_page"": ""Villach"", ""wikidata_id"": ""Q483522"" } ```",27.010112762451172
NZZ-1918-09-09-c-p0002,5339,5345,London,Q84,LOC,Q84,London,"```json {""wikipedia_page"":""London"", ""wikidata_id"":""Q84""} ```",23.801166534423828
NZZ-1918-09-09-c-p0002,5842,5848,Berlin,Q64,LOC,Q64,Berlin,"```json {""wikipedia_page"":""Berlin"", ""wikidata_id"":""Q64""} ```",18.228824615478516
NZZ-1918-09-09-c-p0002,6026,6034,N. Z. Z.,Q658945,PROD,Q658945,Neue Zürcher Zeitung,"{ ""wikipedia_page"": ""Neue Zürcher Zeitung"", ""wikidata_id"": ""Q658945"" }",21.643810272216797
NZZ-1918-09-09-c-p0002,6217,6229,Reuterbureau,Q130879,ORG,Q130879,Reuters,"```json {""wikipedia_page"": ""Reuters"", ""wikidata_id"": ""Q130879""} ```",21.158897399902344
NZZ-1918-09-09-c-p0002,6322,6333,Wolffbureau,Q552226,ORG,Q552226,Wolffs Telegraphisches Bureau,"```json {""wikipedia_page"": ""Wolffs Telegraphisches Bureau"", ""wikidata_id"": ""Q552226""} ```",22.09505844116211
NZZ-1918-09-09-c-p0002,6414,6420,Berlin,Q64,LOC,Q64,Berlin,"{ ""wikipedia_page"": ""Berlin"", ""wikidata_id"": ""Q64"" }",20.332012176513672
NZZ-1918-09-09-c-p0002,7537,7544,England,Q21,LOC,Q21,England,"Based on the provided text and candidate list, the entity mentioned between the [ENT] tags is ""England"". Among the candidates, the most fitting and highly confident match is the entry: - **""wikipedia_page"": ""England"", ""wikidata_id"": ""Q21""** Thus, the JSON-formatted answer is: ```json {""wikipedia_page"":""England"", ""wikidata_id"":""Q21""} ```",23.234638214111328
NZZ-1918-09-09-c-p0002,7732,7740,Englands,Q21,LOC,Q21,England,"```json {""wikipedia_page"":""England"", ""wikidata_id"":""Q21""} ```",21.888120651245117
NZZ-1928-06-05-a-p0002,82,97,Frohsinn Zürich,NIL,ORG,NIL,Frohsinn Zürich,"```json { ""wikipedia_page"": ""NIL"", ""wikidata_id"": ""NIL"" } ```",0
NZZ-1928-06-05-a-p0002,457,467,Lau¬ sanne,Q807,LOC,Q807,Lausanne,"Based on the analysis of the provided text, the entities mentioned between the [ENT] tags are ""Lausanne"" and ""Laufen"". Given the list of candidates, the most appropriate Wikidata entities are: - For ""Lausanne"", the Wikidata entity is ""Q807"". - For ""Laufen"", the Wikidata entity is ""Q201066"". Therefore, the JSON response is: ```json { ""wikipedia_page"": ""Lausanne"", ""wikidata_id"": ""Q807"" }, { ""wikipedia_page"": ""Laufen"", ""wikidata_id"": ""Q201066"" } ```",21.802095413208008
NZZ-1928-06-05-a-p0002,914,920,Hegars,Q670852,PER,Q670852,Friedrich Hegar,"```json {""wikipedia_page"": ""Friedrich Hegar"", ""wikidata_id"": ""Q670852""} ```",31.708040237426758
NZZ-1928-06-05-a-p0002,930,951,Rudolf von Werdenberg,Q23639608,PER,Q23639608,Rudolf von Werdenberg,"```json {""wikipedia_page"": ""Rudolf von Werdenberg"", ""wikidata_id"": ""Q23639608""} ```",29.52556800842285
NZZ-1928-06-05-a-p0002,1285,1294,Schuberts,Q7312,PER,Q7312,Franz Schubert,"{ ""wikipedia_page"": ""Franz Schubert"", ""wikidata_id"": ""Q7312"" }",31.492633819580078
NZZ-1928-06-05-a-p0002,1779,1786,Nicodés,Q878610,PER,Q878610,Jean Louis Nicodé,"```json {""wikipedia_page"":""Jean Louis Nicodé"", ""wikidata_id"":""Q878610""} ```",24.352901458740234
NZZ-1928-06-05-a-p0002,1914,1922,Lausanne,Q807,LOC,Q807,Lausanne,"```json {""wikipedia_page"": ""Lausanne"", ""wikidata_id"": ""Q807""} ```",27.616561889648438
NZZ-1928-06-05-a-p0002,2009,2019,H. Berlioz,Q1151,PER,Q1151,Hector Berlioz,"```json { ""wikipedia_page"": ""Hector Berlioz"", ""wikidata_id"": ""Q1151"" } ```",39.201393127441406
NZZ-1928-06-05-a-p0002,2146,2155,H. Suters,Q671472,PER,Q671472,Hermann Suter,"```json {""wikipedia_page"":""Hermann Suter"", ""wikidata_id"":""Q671472""} ```",39.89405059814453
NZZ-1928-06-05-a-p0002,2403,2423,Venezianers Gabrieli,Q34624,PER,Q34624,Giovanni Gabrieli,"```json {""wikipedia_page"": ""Giovanni Gabrieli"", ""wikidata_id"": ""Q34624""} ```",17.712865829467773
NZZ-1928-06-05-a-p0002,2657,2668,Attenhofers,Q4072280,PER,Q4072280,Carl Attenhofer,"```json {""wikipedia_page"": ""Carl Attenhofer"", ""wikidata_id"": ""Q4072280""} ```",27.29157066345215
NZZ-1928-06-05-a-p0002,3028,3034,Suters,Q671472,PER,Q671472,Hermann Suter,"{ ""wikipedia_page"": ""Hermann Suter"", ""wikidata_id"": ""Q671472"" }",25.22458267211914
NZZ-1938-09-13-b-p0001,0,18,Zürcher Kantonsrat,Q2110002,ORG,Q2110002,Kantonsrat Zürich,"```json { ""wikipedia_page"": ""Kantonsrat Zürich"", ""wikidata_id"": ""Q2110002"" } ```",42.30976486206055
NZZ-1938-09-13-b-p0001,367,376,Bundesrat,Q30917,ORG,Q30917,Schweizerischer Bundesrat,"```json { ""wikipedia_page"": ""Schweizerischer Bundesrat"", ""wikidata_id"": ""Q30917"" } ```",32.28099822998047
NZZ-1938-09-13-b-p0001,851,883,Rit¬ terhausgesellschaft Bubikon,Q2155177,ORG,Q2155177,Ritterhausgesellschaft Bubikon,"```json {""wikipedia_page"":""Ritterhausgesellschaft Bubikon"", ""wikidata_id"":""Q2155177""} ```",28.611942291259766
NZZ-1938-09-13-b-p0001,1075,1097,Ritterhausgesellschaft,Q2155177,ORG,Q2155177,Ritterhausgesellschaft Bubikon,"{""wikipedia_page"":""Ritterhausgesellschaft Bubikon"", ""wikidata_id"":""Q2155177""}",22.861501693725586
NZZ-1938-09-13-b-p0001,1256,1286,Ritterhausgesellschaft Bubikon,Q2155177,ORG,Q2155177,Ritterhausgesellschaft Bubikon,"```json { ""wikipedia_page"": ""Ritterhausgesellschaft Bubikon"", ""wikidata_id"": ""Q2155177"" } ```",29.526824951171875
NZZ-1938-09-13-b-p0001,1832,1862,Ritterhausgesellschaft Bubikon,Q2155177,ORG,Q2155177,Ritterhausgesellschaft Bubikon,"```json { ""wikipedia_page"": ""Ritterhausgesellschaft Bubikon"", ""wikidata_id"": ""Q2155177"" } ```",28.701126098632812
NZZ-1938-09-13-b-p0001,2169,2197,Chronisten Johan¬ nes Stumpf,Q688678,PER,Q688678,Johannes Stumpf,"Based on the provided input text and the list of candidates, the entity mentioned between the [ENT] tags is likely to be ""Johannes Stumpf"". The text mentions ""Chronisten Johan¬nes Stumpf [ENT] "" and ""Schweizer Historiker und Chronist"", which matches the description of the candidate with the Wikidata ID ""Q688678"". Therefore, the JSON response is: ```json { ""wikipedia_page"": ""Johannes Stumpf"", ""wikidata_id"": ""Q688678"" } ```",16.132614135742188
NZZ-1938-09-13-b-p0001,2314,2329,Johanniterorden,Q4498889,ORG,Q4498889,Johanniterorden,"```json {""wikipedia_page"":""Johanniterorden"", ""wikidata_id"":""Q4498889""} ```",24.11130714416504
NZZ-1938-09-13-b-p0001,2580,2598,Gemeinde Bubi¬ kon,Q67068,LOC,Q67068,Bubikon,"Based on the analysis of the given text and the provided list of candidates, the entity mentioned between the [ENT] tags can be disambiguated with high confidence as follows: ```json {""wikipedia_page"":""Bubikon"", ""wikidata_id"":""Q67068""} ```",24.07614517211914
NZZ-1938-09-13-b-p0001,2713,2735,Ritterhaus von Bubikon,Q638821,LOC,Q638821,"Johanniterkommende Bubikon, Schweiz","```json { ""wikipedia_page"": ""Johanniterkommende Bubikon, Schweiz"", ""wikidata_id"": ""Q638821"" } ```",29.826644897460938
NZZ-1938-09-13-b-p0001,2760,2778,Zürcher Oberlandes,Q248499,LOC,Q248499,Zürcher Oberland,"Based on the provided text and the list of candidates, the entity ""Zürcher Oberlandes"" mentioned between the [ENT] tags is highly confidently matched with the Wikidata ID ""Q248499"" and the Wikipedia page title ""Zürcher Oberland."" Therefore, the disambiguated entity is: ```json {""wikipedia_page"":""Zürcher Oberland"", ""wikidata_id"":""Q248499""} ```",33.65271759033203
NZZ-1938-09-13-b-p0001,2845,2863,Johanniter¬ ordens,Q4498889,ORG,Q4498889,Johanniterorden,"{ ""wikipedia_page"": ""Johanniterorden"", ""wikidata_id"": ""Q4498889"" }",20.41673469543457
NZZ-1938-09-13-b-p0001,3358,3371,Sternenweiher,Q492672,LOC,Q492672,Sternenweiher,"```json {""wikipedia_page"":""Sternenweiher"", ""wikidata_id"":""Q492672""} ```",20.790555953979492
NZZ-1938-09-13-b-p0001,3373,3394,Gemeinden Richterswil,Q68227,LOC,Q68227,Richterswil,"```json {""wikipedia_page"":""Richterswil"", ""wikidata_id"":""Q68227""} ```",22.68168067932129
NZZ-1938-09-13-b-p0001,3399,3407,Wollerau,Q69647,LOC,Q69647,Wollerau,"```json {""wikipedia_page"":""Wollerau"", ""wikidata_id"":""Q69647""} ```",34.47442626953125
NZZ-1938-09-13-b-p0001,3409,3415,Schwyz,Q12433,LOC,Q12433,Kanton Schwyz,"```json {""wikipedia_page"":""Kanton Schwyz"", ""wikidata_id"":""Q12433""} ```",22.836313247680664
NZZ-1938-09-13-b-p0001,3528,3547,Station Fischenthal,Q15086148,LOC,Q15086148,Bahnhof Fischenthal,"```json { ""wikipedia_page"": ""Bahnhof Fischenthal"", ""wikidata_id"": ""Q15086148"" } ```",26.98012924194336
NZZ-1938-09-13-b-p0001,3730,3747,Gemeinde Wetzikon,Q68305,LOC,Q68305,Wetzikon,"```json {""wikipedia_page"":""Wetzikon"", ""wikidata_id"":""Q68305""} ``` The entity ""Wetzikon"" appears to be mentioned twice in the text and is most likely referring to the city in the Canton of Zurich. Given the context and the list of candidates, the most appropriate Wikidata entity is ""Wetzikon"" (Q68305).",26.949771881103516
NZZ-1938-09-13-b-p0001,4049,4088,Elektrizitäts¬ werke des Kantons Zürich,Q1326642,ORG,Q1326642,Elektrizitätswerke des Kantons Zürich,"```json {""wikipedia_page"":""Elektrizitätswerke des Kantons Zürich"", ""wikidata_id"":""Q1326642""} ```",23.053625106811523
NZZ-1938-09-13-b-p0001,4418,4426,E. K. Z.,Q1326642,ORG,Q1326642,Elektrizitätswerke des Kantons Zürich,"{ ""wikipedia_page"": ""Elektrizitätswerke des Kantons Zürich"", ""wikidata_id"": ""Q1326642"" }",19.099332809448242
NZZ-1938-09-13-b-p0001,7729,7742,Kanton Zürich,Q11943,LOC,Q11943,Kanton Zürich,"```json {""wikipedia_page"":""Kanton Zürich"", ""wikidata_id"":""Q11943""} ```",30.734294891357422
NZZ-1938-09-13-b-p0001,9770,9775,Kaegi,Q4668150,PER,Q4668150,Jakob Kägi,"Based on the input text and the list of candidates, the entity mentioned between the [ENT] tags is likely ""Jakob Kägi"". The candidate that matches this name with high confidence is: ```json {""wikipedia_page"":""Jakob Kägi"", ""wikidata_id"":""Q4668150""} ```",13.027326583862305
NZZ-1938-09-13-b-p0001,11402,11415,Städte Zürich,Q72,LOC,Q72,Zürich,"```json {""wikipedia_page"":""Zürich"", ""wikidata_id"":""Q72""} ```",19.36972427368164
NZZ-1938-09-13-b-p0001,11420,11430,Winterthur,Q9125,LOC,Q9125,Winterthur,"```json { ""wikipedia_page"": ""Winterthur"", ""wikidata_id"": ""Q9125"" } ```",27.871410369873047
NZZ-1948-05-12-b-p0002,27,37,Ruhrgebiet,Q151993,LOC,Q151993,Ruhrgebiet,"```json { ""wikipedia_page"": ""Ruhrgebiet"", ""wikidata_id"": ""Q151993"" } ```",21.892261505126953
NZZ-1948-05-12-b-p0002,164,171,Douglas,Q444885,PER,Q444885,Lewis Williams Douglas,"Based on the input text provided, the entities tagged with [ENT] are ""Douglas"" and ""Massieli."" Let's analyze the candidates to determine the appropriate Wikidata entities. 1. **Entity ""Douglas"":** - The candidate list includes: - Douglas (Isle of Man) - Charles Douglas - Paul Howard Douglas - Lewis Williams Douglas - George Warren Douglas - C. Douglas Dillon - Douglas Fitzgerald Dowd - Douglas Hurd - Given the context of the text, ""Douglas"" is likely referring to a person involved in negotiations. ""Douglas (Isle of Man)"" is not a person, so it is excluded. - The most relevant candidate is ""Lewis Williams Douglas,"" who was an American politician. 2. **Entity ""Massieli"":** - The candidate list does not include a person named ""Massieli."" Given the context, it is likely that ""Massieli"" is a typo or incorrect name. Thus, the only confident match is ""Lewis Williams Douglas."" Therefore, the JSON response is: ```json {""wikipedia_page"":""Lewis Williams Douglas"", ""wikidata_id"":""Q444885""} ``` ",13.291206359863281
NZZ-1948-05-12-b-p0002,187,193,Strang,Q2580669,PER,Q2580669,William Strang,"```json { ""wikipedia_page"": ""William Strang"", ""wikidata_id"": ""Q2580669"" } ```",13.629508972167969
NZZ-1948-05-12-b-p0002,263,274,Deutschland,Q183,LOC,Q183,Deutschland,"{ ""wikipedia_page"": ""Deutschland"", ""wikidata_id"": ""Q183"" }",19.21129608154297
NZZ-1948-05-12-b-p0002,360,370,Ruhrgebiet,Q151993,LOC,Q151993,Ruhrgebiet,"Based on the given text and the provided list of candidates, the entity mentioned between the [ENT] tags is ""Ruhrgebiet"". The most appropriate Wikidata entity from the list of candidates is ""Ruhrgebiet"". Here is the JSON object formatted as requested: ```json { ""wikipedia_page"": ""Ruhrgebiet"", ""wikidata_id"": ""Q151993"" } ```",25.933847427368164
NZZ-1948-05-12-b-p0002,620,630,Ruhrgebiet,Q151993,LOC,Q151993,Ruhrgebiet,"```json {""wikipedia_page"":""Ruhrgebiet"", ""wikidata_id"":""Q151993""} ```",23.237354278564453
NZZ-1948-05-12-b-p0002,772,784,Franke¬ furt,Q1794,LOC,Q1794,Frankfurt am Main,"```json { ""wikipedia_page"": ""Frankfurt am Main"", ""wikidata_id"": ""Q1794"" } ```",13.74471664428711
NZZ-1948-05-12-b-p0002,1041,1049,Massigli,Q2893138,PER,Q2893138,René Massigli,"{ ""wikipedia_page"": ""René Massigli"", ""wikidata_id"": ""Q2893138"" }",19.973060607910156
NZZ-1948-05-12-b-p0002,1115,1135,Prinzessin Elizabeth,Q9682,PER,Q9682,Elisabeth II.,"```json {""wikipedia_page"": ""Elisabeth II."", ""wikidata_id"": ""Q9682""} ```",21.98668098449707
NZZ-1948-05-12-b-p0002,1331,1337,London,Q84,LOC,Q84,London,"```json { ""wikipedia_page"": ""London"", ""wikidata_id"": ""Q84"" } ```",21.628738403320312
NZZ-1948-05-12-b-p0002,1439,1446,Bidault,Q312026,PER,Q312026,Georges Bidault,"```json { ""wikipedia_page"": ""Georges Bidault"", ""wikidata_id"": ""Q312026"" } ```",21.286602020263672
NZZ-1948-05-12-b-p0002,1667,1678,Ruhrgebiets,Q151993,LOC,Q151993,Ruhrgebiet,"```json { ""wikipedia_page"": ""Ruhrgebiet"", ""wikidata_id"": ""Q151993"" } ```",23.60202980041504
NZZ-1948-05-12-b-p0002,1767,1777,Washington,Q61,LOC,Q61,"Washington, D.C.","```json { ""wikipedia_page"": ""Washington, D.C."", ""wikidata_id"": ""Q61"" } ```",19.266353607177734
NZZ-1948-05-12-b-p0002,1782,1788,Mo-kau,Q649,LOC,Q649,Moskau,"```json { ""wikipedia_page"": ""Moskau"", ""wikidata_id"": ""Q649"" } ```",20.056650161743164
NZZ-1948-05-12-b-p0002,1923,1929,London,Q84,LOC,Q84,London,"```json { ""wikipedia_page"": ""London"", ""wikidata_id"": ""Q84"" } ```",21.576608657836914
NZZ-1948-05-12-b-p0002,1996,2007,Deutschland,Q183,LOC,Q183,Deutschland,"Based on the provided text and the candidates, the most appropriate Wikidata entity for the [ENT] tags is: ```json {""wikipedia_page"":""Deutschland"", ""wikidata_id"":""Q183""} ```",16.94815444946289
NZZ-1948-05-12-b-p0002,2021,2028,Lon don,Q84,LOC,Q84,London,"```json {""wikipedia_page"": ""London"", ""wikidata_id"": ""Q84""} ```",19.90289878845215
NZZ-1948-05-12-b-p0002,2061,2067,Moskau,Q649,LOC,Q649,Moskau,"```json { ""wikipedia_page"": ""Moskau"", ""wikidata_id"": ""Q649"" } ```",21.23243522644043
NZZ-1948-05-12-b-p0002,2107,2119,Ruhn¬ gebiet,Q151993,LOC,Q151993,Ruhrgebiet,"```json {""wikipedia_page"":""Ruhrgebiet"", ""wikidata_id"":""Q151993""} ```",19.272371292114258
NZZ-1948-05-12-b-p0002,2141,2151,Prankreich,Q142,LOC,Q142,Frankreich,"In the context of the provided text, the entities mentioned between [ENT] tags are ""Frankreich"" and ""Amerika"". Among the candidates provided, ""Frankreich"" matches the entity mentioned in the text with high confidence. The corresponding Wikidata ID and Wikipedia page title for ""Frankreich"" are: ```json {""wikipedia_page"":""Frankreich"", ""wikidata_id"":""Q142""} ``` The entity ""Amerika"" does not have a direct match in the list of candidates, so it is classified as ""NIL"".",15.113923072814941
NZZ-1948-05-12-b-p0002,2156,2163,Amerika,Q30,LOC,Q30,Vereinigte Staaten,"```json { ""wikipedia_page"": ""Vereinigte Staaten"", ""wikidata_id"": ""Q30"" } ```",16.898147583007812
NZZ-1948-05-12-b-p0002,2218,2225,Benelux,Q13116,LOC,Q13116,Benelux,"```json { ""wikipedia_page"": ""Benelux"", ""wikidata_id"": ""Q13116"" } ```",22.04123306274414
NZZ-1948-05-12-b-p0002,2316,2321,Times,Q50008,PROD,Q50008,The Times,"```json { ""wikipedia_page"": ""The Times"", ""wikidata_id"": ""Q50008"" } ```",21.699779510498047
NZZ-1948-05-12-b-p0002,2489,2502,Ruhr¬ gebiets,Q151993,LOC,Q151993,Ruhrgebiet,"{""wikipedia_page"": ""Ruhrgebiet"", ""wikidata_id"": ""Q151993""}",22.945755004882812
NZZ-1948-05-12-b-p0002,2530,2551,Nord¬ rhein-Westfalen,Q1198,LOC,Q1198,Nordrhein-Westfalen,"```json { ""wikipedia_page"": ""Nordrhein-Westfalen"", ""wikidata_id"": ""Q1198"" } ```",28.596506118774414
NZZ-1948-05-12-b-p0002,2813,2823,Frankreich,Q142,LOC,Q142,Frankreich,"```json {""wikipedia_page"":""Frankreich"", ""wikidata_id"":""Q142""} ```",19.709308624267578
NZZ-1948-05-12-b-p0002,2894,2906,Ruhrprodubte,Q1664,LOC,Q1664,Ruhr,"Based on the provided text and the list of candidates, the most appropriate Wikidata entity for the [ENT] tagged entities is: ```json {""wikipedia_page"":""Ruhr"", ""wikidata_id"":""Q1664""} ```",15.391533851623535
NZZ-1948-05-12-b-p0002,3086,3096,Ruhrgebiet,Q151993,LOC,Q151993,Ruhrgebiet,"Based on the input text and the list of candidates provided, the entity mentioned between the [ENT] tags is ""Ruhrgebiet"". The most appropriate Wikidata entity from the list of candidates that matches this entity is ""Ruhrgebiet"" with Wikidata ID ""Q151993"" and Wikipedia page title ""Ruhrgebiet"". ```json {""wikipedia_page"":""Ruhrgebiet"", ""wikidata_id"":""Q151993""} ```",24.41963005065918
NZZ-1948-05-12-b-p0002,3602,3614,Frank¬ reich,Q142,LOC,Q142,Frankreich,"```json {""wikipedia_page"":""Frankreich"", ""wikidata_id"":""Q142""} ```",18.87518310546875
NZZ-1948-05-12-b-p0002,3806,3813,Amerika,Q30,LOC,Q30,Vereinigte Staaten,"```json {""wikipedia_page"":""Vereinigte Staaten"", ""wikidata_id"":""Q30""} ```",14.412140846252441
NZZ-1948-05-12-b-p0002,3871,3881,Frankreich,Q142,LOC,Q142,Frankreich,"Based on the provided text and list of candidates, the entity mentioned between the [ENT] tags is ""Frankreich"". The most appropriate Wikidata entity from the list of candidates that matches this entity is: ```json {""wikipedia_page"":""Frankreich"", ""wikidata_id"":""Q142""} ```",20.265256881713867
NZZ-1948-05-12-b-p0002,3890,3897,Benelux,Q13116,LOC,Q13116,Benelux,"```json { ""wikipedia_page"": ""Benelux"", ""wikidata_id"": ""Q13116"" } ```",22.549015045166016
NZZ-1948-05-12-b-p0002,4019,4031,Deutschlands,Q183,LOC,Q183,Deutschland,"```json { ""wikipedia_page"": ""Deutschland"", ""wikidata_id"": ""Q183"" } ```",19.04663848876953
NZZ-1948-05-12-b-p0002,4235,4245,Westeuropa,Q27496,LOC,Q27496,Westeuropa,"{ ""wikipedia_page"": ""Westeuropa"", ""wikidata_id"": ""Q27496"" }",23.65495491027832
NZZ-1948-05-12-b-p0002,4547,4554,Nordsee,Q1693,LOC,Q1693,Nordsee,"```json { ""wikipedia_page"": ""Nordsee"", ""wikidata_id"": ""Q1693"" } ```",21.913362503051758
NZZ-1948-05-12-b-p0002,4563,4568,Alpen,Q1286,LOC,Q1286,Alpen,"```json { ""wikipedia_page"": ""Alpen"", ""wikidata_id"": ""Q1286"" } ```",19.934410095214844
NZZ-1948-05-12-b-p0002,4679,4686,Amerika,Q30,LOC,Q30,Vereinigte Staaten,"```json {""wikipedia_page"": ""Vereinigte Staaten"", ""wikidata_id"": ""Q30""} ```",14.924287796020508
NZZ-1948-05-12-b-p0002,5154,5165,Deutschland,Q183,LOC,Q183,Deutschland,"```json {""wikipedia_page"":""Deutschland"", ""wikidata_id"":""Q183""} ```",17.275676727294922
luxwort-1848-04-23-a-i0003,239,255,Luremburgcr Wort,Q1751317,PROD,Q1751317,Luxemburger Wort,"```json {""wikipedia_page"":""Luxemburger Wort"",""wikidata_id"":""Q1751317""} ```",13.41413688659668
luxwort-1848-08-27-a-i0001,299,302,Rom,Q220,LOC,Q220,Rom,"```json {""wikipedia_page"": ""Rom"", ""wikidata_id"": ""Q220""} ```",17.457077026367188
luxwort-1848-08-27-a-i0001,1215,1221,Gottes,Q190,PER,Q190,Gott,"Based on the provided text and the list of candidates, the entity mentioned between the [ENT] tags is ""Gott"" (God). The most confident match in the list of candidates is: ```json {""wikipedia_page"": ""Gott"", ""wikidata_id"": ""Q190""} ```",16.64482307434082
luxwort-1848-08-27-a-i0001,3408,3411,Rom,Q220,LOC,Q220,Rom,"```json {""wikipedia_page"": ""Rom"", ""wikidata_id"": ""Q220""} ```",12.237174987792969
luxwort-1848-09-29-a-i0001,173,190,Theodor PeScatore,Q7799867,PER,Q7799867,Théodore Pescatore,"Based on the provided text and the list of candidates, the entity mentioned between the [ENT] tags is ""Théodore Pescatore"". The most appropriate Wikidata entity from the list of candidates is: ```json {""wikipedia_page"": ""Théodore Pescatore"", ""wikidata_id"": ""Q7799867""} ```",22.07852554321289
luxwort-1848-09-29-a-i0001,192,200,Ch. Metz,Q5080926,PER,Q5080926,Charles Metz,"Based on the input text and the list of candidates, the entity mentioned between the [ENT] tags can be disambiguated as follows: ```json {""wikipedia_page"":""Charles Metz"", ""wikidata_id"":""Q5080926""} ``` The candidate ""Charles Metz"" (Wikidata ID: Q5080926) is the most appropriate match for the entity mentioned in the text.",18.037946701049805
luxwort-1848-09-29-a-i0001,404,421,Theodor Pcscalore,Q7799867,PER,Q7799867,Théodore Pescatore,"```json { ""wikipedia_page"": ""Théodore Pescatore"", ""wikidata_id"": ""Q7799867"" } ```",16.678726196289062
luxwort-1848-10-01-a-i0001,499,516,Surcmbnrger Worte,Q1751317,PROD,Q1751317,Luxemburger Wort,"```json { ""wikipedia_page"": ""Luxemburger Wort"", ""wikidata_id"": ""Q1751317"" } ```",8.991314888000488
luxwort-1848-10-01-a-i0001,839,855,Lurcmburgcr Wort,Q1751317,PROD,Q1751317,Luxemburger Wort,"```json {""wikipedia_page"":""Luxemburger Wort"", ""wikidata_id"":""Q1751317""} ```",12.59900951385498
luxwort-1848-10-01-a-i0001,1876,1905,Luremburgcr Ccutralwahlcomite,NIL,ORG,NIL,Luremburgcr Ccutralwahlcomite,"```json {""wikipedia_page"":"""", ""wikidata_id"":""NIL""} ```",0
luxwort-1848-10-01-a-i0001,2150,2163,Wiltz Neumann,NIL,PER,NIL,Wiltz Neumann,"{""wikipedia_page"": ""Wiltz"", ""wikidata_id"": ""Q149219""}",0
luxwort-1848-10-01-a-i0001,2382,2388,Ledure,Q16439666,PER,Q16439666,Jean-Pierre Ledure,"```json { ""wikipedia_page"": ""Jean-Pierre Ledure"", ""wikidata_id"": ""Q16439666"" } ```",20.277570724487305
luxwort-1848-10-01-a-i0001,2634,2638,Esch,Q16010,LOC,Q16010,Esch an der Alzette,"```json { ""wikipedia_page"":""Esch an der Alzette"", ""wikidata_id"":""Q16010"" } ```",14.038213729858398
luxwort-1848-10-01-a-i0001,2739,2751,Würth-Paquct,Q1956419,PER,Q1956419,François-Xavier Wurth-Paquet,"```json { ""wikipedia_page"": ""François-Xavier Wurth-Paquet"", ""wikidata_id"": ""Q1956419"" } ```",16.08302116394043
luxwort-1848-10-01-a-i0001,2824,2853,Priester und Professor Müller,NIL,PER,NIL,Priester und Professor Müller,"```json { ""wikipedia_page"": ""NIL"", ""wikidata_id"": ""NIL"" } ```",0
luxwort-1848-10-01-a-i0001,2884,2899,Direktor Müller,NIL,PER,NIL,Direktor Müller,"```json { ""wikipedia_page"": ""NIL"", ""wikidata_id"": ""NIL"" } ```",0
luxwort-1848-10-01-a-i0001,2903,2911,Athenäum,Q545334,LOC,Q545334,Athénée de Luxembourg,"```json { ""wikipedia_page"": ""Athénée de Luxembourg"", ""wikidata_id"": ""Q545334"" } ```",12.794561386108398
luxwort-1848-10-01-a-i0001,3091,3099,Lmemburg,Q1842,LOC,Q1842,Luxemburg,"```json { ""wikipedia_page"": ""Luxembourg"", ""wikidata_id"": ""Q1842"" } ```",13.507166862487793
luxwort-1848-10-01-a-i0001,3156,3163,Simonis,Q3247358,PER,Q3247358,Charles Simonis,"```json { ""wikipedia_page"": ""Charles Simonis"", ""wikidata_id"": ""Q3247358"" } ```",16.714643478393555
luxwort-1848-10-01-a-i0001,3848,3857,Athenäums,Q545334,LOC,Q545334,Athénée de Luxembourg,"```json { ""wikipedia_page"": ""Athénée de Luxembourg"", ""wikidata_id"": ""Q545334"" } ```",14.748954772949219
luxwort-1848-10-01-a-i0001,4604,4612,Ch. Metz,Q5080926,PER,Q5080926,Charles Metz,"```json { ""wikipedia_page"": ""Charles Metz"", ""wikidata_id"": ""Q5080926"" } ```",16.27604866027832
luxwort-1848-12-15-a-i0001,22,38,Cantons Diekirch,Q691842,LOC,Q691842,Kanton Diekirch,"```json { ""wikipedia_page"": ""Kanton Diekirch"", ""wikidata_id"": ""Q691842"" } ```",18.141990661621094
luxwort-1848-12-15-a-i0001,213,220,N. Metz,Q3343509,PER,Q3343509,Norbert Metz,"```json {""wikipedia_page"":""Norbert Metz"", ""wikidata_id"":""Q3343509""} ```",15.080904006958008
luxwort-1848-12-15-a-i0001,795,808,Hrn. Ulveling,Q6171617,PER,Q6171617,Jean Ulveling,"```json {""wikipedia_page"":""Jean Ulveling"",""wikidata_id"":""Q6171617""} ```",16.735260009765625
luxwort-1848-12-15-a-i0001,831,848,Hrn. Norbert Metz,Q3343509,PER,Q3343509,Norbert Metz,"```json { ""wikipedia_page"": ""Norbert Metz"", ""wikidata_id"": ""Q3343509"" } ```",19.009023666381836
luxwort-1848-12-15-a-i0001,1565,1574,Luxemburg,Q32,LOC,Q32,Luxemburg,"{""wikipedia_page"":""Luxemburg"", ""wikidata_id"":""Q32""}",15.22808837890625
luxwort-1858-02-07-a-i0009,0,7,Belgien,Q31,LOC,Q31,Belgien,"```json { ""wikipedia_page"": ""Belgien"", ""wikidata_id"": ""Q31"" } ```",24.453533172607422
luxwort-1858-02-07-a-i0009,9,16,Brüssel,Q239,LOC,Q239,Brüssel,"```json {""wikipedia_page"":""Brüssel"", ""wikidata_id"":""Q239""} ```",26.070030212402344
luxwort-1858-02-07-a-i0009,112,156,"frühere Rédacteur des Blattes, Louis Labarre",Q4251818,PER,Q4251818,Louis Labarre,"```json { ""wikipedia_page"": ""Louis Labarre"", ""wikidata_id"": ""Q4251818"" } ```",12.75526237487793
luxwort-1858-02-07-a-i0009,171,209,"jetzige nominelle Herausgeber, Brismee",NIL,PER,NIL,"jetzige nominelle Herausgeber, Brismee","```json {""wikipedia_page"":""Brimmeyr"", ""wikidata_id"":""NIL""} ```",0
luxwort-1858-02-07-a-i0009,593,599,London,Q84,LOC,Q84,London,"Based on the analysis of the input text and the provided list of candidates, the entity mentioned between the [ENT] tags is ""London"". The most appropriate Wikidata entity from the list of candidates is: ```json {""wikipedia_page"":""London"", ""wikidata_id"":""Q84""} ```",21.737911224365234
luxwort-1858-02-07-a-i0009,633,666,"rabiaten Schneider, Namens Coulon",NIL,PER,NIL,"rabiaten Schneider, Namens Coulon","```json {""wikipedia_page"":"""",""wikidata_id"":""NIL""} ```",0
luxwort-1858-02-07-a-i0009,772,778,Orsini,Q708837,PER,Q708837,Felice Orsini,"```json {""wikipedia_page"": ""Felice Orsini"", ""wikidata_id"": ""Q708837""} ```",16.47806739807129
luxwort-1858-02-07-a-i0009,876,907,"Mr. Coulon, der kühne Schneider",NIL,PER,NIL,"Mr. Coulon, der kühne Schneider","Based on the provided text, the entity mentioned between the [ENT] tags is ""Mr. Coulon"". However, none of the candidates in the provided list match the entity ""Mr. Coulon"" with high confidence. Therefore, I will return the entity as ""NIL"". ```json {""wikipedia_page"":"""", ""wikidata_id"":""NIL""} ```",0
luxwort-1858-02-07-a-i0009,1016,1022,sM. I.,NIL,PER,NIL,sM. I.,"```json { ""wikipedia_page"": ""NIL"", ""wikidata_id"": ""NIL"" } ```",0
luxwort-1858-03-14-a-i0006,0,9,ïuiemburg,Q1842,LOC,Q1842,Luxemburg,"```json { ""wikipedia_page"": ""Luxemburg"", ""wikidata_id"": ""Q1842"" } ```",13.47618579864502
luxwort-1858-03-14-a-i0006,40,45,Trier,Q3138,LOC,Q3138,Trier,"Based on the provided text and list of candidates, the most appropriate entity for the [ENT] tag is ""Trier"". Therefore, the JSON response will be: ```json {""wikipedia_page"":""Trier"", ""wikidata_id"":""Q3138""} ```",27.106847763061523
luxwort-1858-03-14-a-i0006,159,171,heil. Joseph,Q128267,PER,Q128267,Josef von Nazaret,"```json { ""wikipedia_page"": ""Josef von Nazaret"", ""wikidata_id"": ""Q128267"" } ```",11.758077621459961
luxwort-1858-03-14-a-i0006,641,674,guten altkatholischen Stadt Trier,Q3138,LOC,Q3138,Trier,"```json { ""wikipedia_page"": ""Trier"", ""wikidata_id"": ""Q3138"" } ```",13.360330581665039
luxwort-1858-03-14-a-i0006,1319,1336,Gesellschaft Jesu,Q36380,ORG,Q36380,Jesuiten,"Based on the provided input text and the list of candidates, the entity mentioned between the [ENT] tags is ""Gesellschaft Jesu"". After careful analysis, I can confidently disambiguate this entity to the Wikidata entity with the ID Q36380, which corresponds to the Wikipedia page title ""Jesuiten"". Here is the JSON response: ```json { ""wikipedia_page"": ""Jesuiten"", ""wikidata_id"": ""Q36380"" } ```",23.435224533081055
luxwort-1858-03-14-a-i0006,1421,1435,heil. Ignatius,Q44281,PER,Q44281,Ignatius von Loyola,"```json { ""wikipedia_page"": ""Ignatius von Loyola"", ""wikidata_id"": ""Q44281"" } ```",9.647575378417969
luxwort-1858-10-07-a-i0008,9,14,R o m,Q220,LOC,Q220,Rom,"```json {""wikipedia_page"":""Rom"", ""wikidata_id"":""Q220""} ```",14.6002197265625
luxwort-1858-10-07-a-i0008,392,401,Jerusalem,Q1218,LOC,Q1218,Jerusalem,"```json { ""wikipedia_page"": ""Jerusalem"", ""wikidata_id"": ""Q1218"" } ```",21.517108917236328
luxwort-1858-10-07-a-i0008,825,828,Rom,Q220,LOC,Q220,Rom,"Based on the input text provided, the entities tagged as [ENT] appear to be ""Rom"" and ""Papst"". The most appropriate candidates from the list seem to be: - **""Rom""**: The city of Rome is mentioned multiple times in the text and is likely the intended reference. - **""Papst""**: The term ""Papst"" refers to the Pope, who is also mentioned in the text. Given the context, both entities are highly confident matches with the candidates provided. ```json { ""wikipedia_page"": ""Rom"", ""wikidata_id"": ""Q220"" } ``` and ```json { ""wikipedia_page"": ""Papst"", ""wikidata_id"": ""Q19546"" } ```",20.192699432373047
luxwort-1858-10-07-a-i0008,866,873,Pius IX,Q43720,PER,Q43720,Pius IX.,"```json { ""wikipedia_page"": ""Pius IX."", ""wikidata_id"": ""Q43720"" } ```",30.088884353637695
luxwort-1858-10-07-a-i0008,2296,2306,Frankreich,Q142,LOC,Q142,Frankreich,"```json { ""wikipedia_page"": ""Frankreich"", ""wikidata_id"": ""Q142"" } ```",19.816978454589844
luxwort-1858-10-07-a-i0008,2782,2787,Paris,Q90,LOC,Q90,Paris,"Based on the input text and the candidates provided, the entity mentioned between the [ENT] tags is ""Paris"". The most appropriate Wikidata entity from the list of candidates is: ```json {""wikipedia_page"":""Paris"", ""wikidata_id"":""Q90""} ```",14.701082229614258
luxwort-1858-10-07-a-i0008,2792,2798,London,Q84,LOC,Q84,London,"```json {""wikipedia_page"": ""London"", ""wikidata_id"": ""Q84""} ```",16.049007415771484
luxwort-1858-10-07-a-i0008,4096,4102,Bayern,Q154195,LOC,Q154195,Königreich Bayern,"```json {""wikipedia_page"": ""Königreich Bayern"", ""wikidata_id"": ""Q154195""} ```",18.888689041137695
luxwort-1858-12-25-a-i0001,33,51,Lurembur» ger Wort,Q1751317,PROD,Q1751317,Luxemburger Wort,"```json {""wikipedia_page"":""Luxemburger Wort"", ""wikidata_id"":""Q1751317""} ```",18.198652267456055
luxwort-1858-12-25-a-i0001,907,911,Köln,Q365,LOC,Q365,Köln,"```json {""wikipedia_page"":""Köln"", ""wikidata_id"":""Q365""} ```",24.24514389038086
luxwort-1868-07-21-a-i0003,515,540,Hrn. Musikdirektor Rinnen,NIL,PER,NIL,Hrn. Musikdirektor Rinnen,"```json {""wikipedia_page"":""NIL"", ""wikidata_id"":""NIL""} ```",0
luxwort-1868-07-21-a-i0003,1117,1137,Hrn. Direktor Zinnen,NIL,PER,NIL,Hrn. Direktor Zinnen,"Given the input text and the list of candidates, the entity mentioned between the [ENT] tags is ""Direktor Zinnen"". From the list of candidates: - ""Herr"" is not a suitable match. - ""Zinnen"" is not in the list of candidates. Therefore, the entity ""Direktor Zinnen"" does not have a corresponding Wikidata entity in the provided list of candidates with high confidence. In such cases, we use ""NIL"" for the Wikidata ID. The JSON response is: ```json {""wikipedia_page"":"""", ""wikidata_id"":""NIL""} ```",0
luxwort-1868-07-21-a-i0003,1521,1529,Wäschfra,NIL,PROD,NIL,Wäschfra,"The input text is: ""S. k., der in der Gemeinde Eich schmutzige Wäsche genug hinterlassen hat, getadelt zn werden? Hrn. Direktor Zinnen zollen wir unfern Dank für die Dielen Verdienste, die er sich um unjer (sorpö erworben hat. Seine Stoiber mögen thun, was er gcthan hat; und wir ersuchen alle Gesellschaften des Landes ihrem Direktor dadurch ihre Erkenntlichkeit su beweise», daß sic seine Neider und deren Drgan mit Verachtung von sich stoßen: die (iarrifatur riecht ja doch nur nach öcu uud Gras. Erklärung gegen d'[ENT] Wäschfra [ENT] Nr. 10."" The entities mentioned between the [ENT] tags are: 1. ""Wäschfra"" 2. ""Wäschfrau"" To disambiguate these entities, I will select the most appropriate Wikidata entity from the provided list of candidates. If none of the candidates match with high confidence the entity tagged with [ENT], I will use the string ""NIL"" as the value of the ""wikidata_id"" key. Based on the provided list of candidates, the most appropriate",0
luxwort-1868-09-23-a-i0011,84,92,Nürnberg,Q2090,LOC,Q2090,Nürnberg,"Based on the input text and the provided list of candidates, the entities mentioned between the [ENT] tags are: 1. [ENT] Nürnberg 2. [ENT] Nürnberg Analyzing these entities, the most appropriate Wikidata entity for ""Nürnberg"" is: - Wikipedia page title: Nürnberg - Wikidata ID: Q2090 Given the lack of context and the potential ambiguity, we will classify the second mention of ""Nürnberg"" with a NIL value since it does not match the provided candidates with high confidence. The JSON response is as follows: ```json { ""wikipedia_page"": ""Nürnberg"", ""wikidata_id"": ""Q2090"" } ```",21.771251678466797
luxwort-1868-09-23-a-i0011,94,101,Brüssel,Q239,LOC,Q239,Brüssel,"```json {""wikipedia_page"":""Brüssel"", ""wikidata_id"":""Q239""} ```",18.113208770751953
luxwort-1868-09-23-a-i0011,106,111,Genua,Q1449,LOC,Q1449,Genua,"```json {""wikipedia_page"": ""Genua"", ""wikidata_id"": ""Q1449""} ```",28.007673263549805
luxwort-1868-09-23-a-i0011,598,605,"K. Ztg,",NIL,PROD,NIL,"K. Ztg,","```json { ""wikipedia_page"": ""Kartz', 'wikidata_id"": ""Q1264041"" } ```",0
luxwort-1868-09-23-a-i0011,607,610,Ram,Q220,LOC,Q220,Rom,"```json { ""wikipedia_page"": ""Rom"", ""wikidata_id"": ""Q220"" } ```",8.852903366088867
luxwort-1868-09-23-a-i0011,718,727,Garibaldi,Q539,PER,Q539,Giuseppe Garibaldi,"```json { ""wikipedia_page"": ""Giuseppe Garibaldi"", ""wikidata_id"": ""Q539"" } ```",22.8018798828125
luxwort-1868-09-23-a-i0011,729,736,Mazzini,Q187336,PER,Q187336,Giuseppe Mazzini,"```json {""wikipedia_page"":""Giuseppe Mazzini"", ""wikidata_id"":""Q187336""} ```",23.98206329345703
luxwort-1868-09-23-a-i0011,828,835,Florenz,Q2044,LOC,Q2044,Florenz,"Based on the input text and the provided list of candidates, the entity [ENT] Florenz [ENT] u. s. tu. likely refers to the city of Florenz. The most appropriate Wikidata entity from the list is: - wikipedia_page: Florenz - wikidata_id: Q2044 Here is the JSON output: ```json { ""wikipedia_page"": ""Florenz"", ""wikidata_id"": ""Q2044"" } ```",23.76090431213379
luxwort-1868-09-23-a-i0011,1090,1095,©enua,Q1449,LOC,Q1449,Genua,"```json {""wikipedia_page"":""Genua"", ""wikidata_id"":""Q1449""} ```",10.014267921447754
luxwort-1868-09-23-a-i0011,1160,1168,Lignrien,Q1256,LOC,Q1256,Ligurien,"```json { ""wikipedia_page"": ""Ligurien"", ""wikidata_id"": ""Q1256"" } ```",14.755167007446289
luxwort-1868-09-23-a-i0011,1206,1209,Rom,Q220,LOC,Q220,Rom,"```json { ""wikipedia_page"": ""Rom"", ""wikidata_id"": ""Q220"" } ```",18.703205108642578
luxwort-1868-09-23-a-i0011,1330,1339,Mazzini's,Q187336,PER,Q187336,Giuseppe Mazzini,"```json { ""wikipedia_page"": ""Giuseppe Mazzini"", ""wikidata_id"": ""Q187336"" } ```",20.037153244018555
luxwort-1868-09-23-a-i0011,1560,1578,Lardinal Antonelli,Q712085,PER,Q712085,Giacomo Antonelli,"```json { ""wikipedia_page"": ""Giacomo Antonelli"", ""wikidata_id"": ""Q712085"" } ```",13.071475982666016
luxwort-1868-09-23-a-i0011,1616,1633,Der heilige Stuhl,Q159583,ORG,Q159583,Heiliger Stuhl,"```json {""wikipedia_page"":""Heiliger Stuhl"", ""wikidata_id"":""Q159583""} ```",20.766525268554688
luxwort-1868-09-23-a-i0011,1814,1824,Frankreich,Q142,LOC,Q142,Frankreich,"```json { ""wikipedia_page"": ""Frankreich"", ""wikidata_id"": ""Q142"" } ```",17.14305877685547
luxwort-1868-09-23-a-i0011,2086,2105,dem helligen Stuhle,Q159583,ORG,Q159583,Heiliger Stuhl,"```json { ""wikipedia_page"": ""Heiliger Stuhl"", ""wikidata_id"": ""Q159583"" } ```",17.29063606262207
luxwort-1868-09-23-a-i0011,2192,2199,Vatican,Q237,LOC,Q237,Vatikanstadt,"```json {""wikipedia_page"": ""Vatikanstadt"", ""wikidata_id"": ""Q237""} ```",17.261720657348633
luxwort-1868-09-23-a-i0011,2347,2360,Herr Menabrea,Q548672,PER,Q548672,Luigi Federico Menabrea,"```json { ""wikipedia_page"": ""Luigi Federico Menabrea"", ""wikidata_id"": ""Q548672"" } ```",20.681621551513672
luxwort-1868-09-23-a-i0011,2398,2405,Italien,Q38,LOC,Q38,Italien,"```json {""wikipedia_page"":""Italien"", ""wikidata_id"":""Q38""} ```",19.041568756103516
luxwort-1868-09-23-a-i0011,2417,2422,Paris,Q90,LOC,Q90,Paris,"```json {""wikipedia_page"": ""Paris"", ""wikidata_id"": ""Q90""} ```",18.478790283203125
luxwort-1868-09-23-a-i0011,2510,2518,Englands,Q21,LOC,Q21,England,"```json {""wikipedia_page"": ""England"", ""wikidata_id"": ""Q21""} ```",16.02838897705078
luxwort-1868-09-23-a-i0011,2534,2539,Paris,Q90,LOC,Q90,Paris,"```json {""wikipedia_page"": ""Paris"", ""wikidata_id"": ""Q90""} ```",19.566343307495117
luxwort-1868-09-23-a-i0011,3157,3164,Florenz,Q2044,LOC,Q2044,Florenz,"```json { ""wikipedia_page"": ""Florenz"", ""wikidata_id"": ""Q2044"" } ```",22.614713668823242
luxwort-1868-09-23-a-i0011,3471,3478,Italien,Q38,LOC,Q38,Italien,"Based on the provided text and the list of candidates, the entity ""Italien"" appears to refer to the geopolitical entity rather than the historical periods or specific locations. The most appropriate candidate that matches this context is: ```json {""wikipedia_page"": ""Italien"", ""wikidata_id"": ""Q38""} ```",18.891845703125
luxwort-1868-12-18-a-i0004,17,32,Stadt Luxemburg,Q1842,LOC,Q1842,Luxemburg,"```json {""wikipedia_page"": ""Luxemburg"", ""wikidata_id"": ""Q1842""} ```",26.36945343017578
luxwort-1868-12-18-a-i0004,3535,3540,Paris,Q90,LOC,Q90,Paris,"Based on the analysis of the given text and the provided list of candidates, the entity mentioned between the [ENT] tags is most likely the city of Paris. Here is the JSON response: ```json { ""wikipedia_page"": ""Paris"", ""wikidata_id"": ""Q90"" } ```",19.551780700683594
luxwort-1878-04-30-a-i0006,3153,3157,Haag,Q36600,LOC,Q36600,Den Haag,"```json { ""wikipedia_page"": ""Den Haag"", ""wikidata_id"": ""Q36600"" } ```",22.145565032958984
luxwort-1878-05-14-a-i0001,513,526,Neu-©üb>WaleS,Q3224,LOC,Q3224,New South Wales,"```json {""wikipedia_page"":""New South Wales"", ""wikidata_id"":""Q3224""} ```",16.811464309692383
luxwort-1878-05-14-a-i0001,568,575,©nglanb,Q21,LOC,Q21,England,"{ ""wikipedia_page"": ""England"", ""wikidata_id"": ""Q21"" }",10.52710247039795
luxwort-1878-05-14-a-i0001,960,973,Neu-Süb-Wales,Q3224,LOC,Q3224,New South Wales,"Based on the given input text and JSON list of candidates, I have analyzed the text and determined that the entity mentioned between the [ENT] tags is ""Neu-Süb-Wales"" (New South Wales). The most appropriate Wikidata entity from the list of candidates is: - Wikipedia page: ""New South Wales"" - Wikidata ID: ""Q3224"" Therefore, the response is: ```json {""wikipedia_page"": ""New South Wales"", ""wikidata_id"": ""Q3224""} ```",23.744070053100586
luxwort-1878-05-14-a-i0001,1203,1214,N.-S.°WaleS,Q3224,LOC,Q3224,New South Wales,"Based on the analysis of the provided text, the entity mentioned is ""N.-S. Gales"" (New South Wales in German). Given the list of candidates, the most appropriate Wikidata entity is: ```json {""wikipedia_page"": ""New South Wales"", ""wikidata_id"": ""Q3224""} ```",19.830907821655273
luxwort-1878-05-14-a-i0001,2955,2962,Englanb,Q21,LOC,Q21,England,"```json {""wikipedia_page"":""England"", ""wikidata_id"":""Q21""} ```",22.98036766052246
luxwort-1878-05-14-a-i0001,3515,3531,Jones unb Willis,NIL,ORG,NIL,Jones unb Willis,"Based on the provided input text and the candidates list, the entities mentioned between the [ENT] tags are ""Jones"" and ""Willis"". Among the candidates, there are multiple individuals named Jones and Willis. However, the context provided does not allow for a high-confidence disambiguation. Given the lack of clear and unambiguous information, the most appropriate response is to classify these entities with a NIL value. ```json {""wikipedia_page"":""NIL"", ""wikidata_id"":""NIL""} ```",0
luxwort-1878-05-14-a-i0001,3535,3541,Lonbon,Q84,LOC,Q84,London,"```json { ""wikipedia_page"": ""London"", ""wikidata_id"": ""Q84"" } ```",20.899999618530273
luxwort-1878-05-14-a-i0001,3820,3826,Sondon,Q84,LOC,Q84,London,"Based on the provided text and list of candidates, the entity mentioned within the [ENT] tags in the text ""in [ENT] Sondon [ENT]"" is highly likely to refer to the city of ""London"". Therefore, the most appropriate Wikidata entity and Wikipedia page title for this context are: ```json { ""wikipedia_page"": ""London"", ""wikidata_id"": ""Q84"" } ```",14.084425926208496
luxwort-1878-05-14-a-i0001,4496,4501,Paris,Q90,LOC,Q90,Paris,"Based on the input text, the entity mentioned between the [ENT] tags is 'Paris'. The most appropriate Wikidata entity from the provided list of candidates is 'Paris' with the Wikidata ID 'Q90' and the Wikipedia page title 'Paris'. Therefore, the JSON response is: ```json {""wikipedia_page"": ""Paris"", ""wikidata_id"": ""Q90""} ```",16.62871551513672
luxwort-1878-05-14-a-i0001,4512,4525,E n g l a n b,Q21,LOC,Q21,England,"```json { ""wikipedia_page"": ""England"", ""wikidata_id"": ""Q21"" } ```",8.0692777633667
luxwort-1878-05-14-a-i0001,8696,8702,Exeter,Q134672,LOC,Q134672,Exeter,"```json {""wikipedia_page"":""Exeter"", ""wikidata_id"":""Q134672""} ```",22.320690155029297
luxwort-1878-05-14-a-i0001,8965,8989,Cathebrale bon Salisbury,Q390150,LOC,Q390150,Kathedrale von Salisbury,"Based on the provided input text, the entities mentioned between the [ENT] tags are ""Salisbury Cathedral"" and ""Salisbury Cathedral"". After analyzing the list of candidates, the most appropriate Wikidata entity for ""Salisbury Cathedral"" is ""Kathedrale von Salisbury"", which has the Wikidata ID Q390150. ```json {""wikipedia_page"":""Kathedrale von Salisbury"", ""wikidata_id"":""Q390150""} ```",8.944923400878906
luxwort-1878-05-14-a-i0001,9168,9181,Chubb unb Son,NIL,ORG,NIL,Chubb unb Son,"Based on the provided text and candidates, the entities mentioned between the [ENT] tags do not match any of the provided candidates with high confidence. Therefore, the output will be: ```json {""wikipedia_page"":""NIL"", ""wikidata_id"":""NIL""} ```",0
luxwort-1878-05-14-a-i0001,9934,9941,Glasgow,Q4093,LOC,Q4093,Glasgow,"Based on the input text and the provided list of candidates, the entity mentioned between the [ENT] tags is ""Glasgow"". The appropriate Wikidata entity from the list of candidates is: ```json {""wikipedia_page"": ""Glasgow"", ""wikidata_id"": ""Q4093""} ```",27.76290512084961
luxwort-1878-09-17-a-i0009,166,175,Norberney,Q23968,LOC,Q23968,Norderney,"```json {""wikipedia_page"": ""Norderney"", ""wikidata_id"": ""Q23968""} ```",16.228759765625
luxwort-1878-09-17-a-i0009,1405,1411,Berlin,Q64,LOC,Q64,Berlin,"```json { ""wikipedia_page"": ""Berlin"", ""wikidata_id"": ""Q64"" } ```",17.4559268951416
luxwort-1878-09-17-a-i0009,2387,2396,Norberney,Q23968,LOC,Q23968,Norderney,"Given the input text and the candidates provided, we need to identify the entity marked by [ENT] tags. The text mentions ""Norberney"" and ""Norderney"". Let's disambiguate these entities. 1. **Norberney**: This entity appears to be a typographical error or a misspelling because there is no candidate with the exact spelling ""Norberney"". The closest candidate is ""Norderney"", which is a commune in the district of Aurich, Lower Saxony, Germany. 2. **Norderney**: This entity is correctly spelled in one of the candidates. The candidate corresponding to ""Norderney"" is: - **Wikipedia page**: Norderney - **Wikidata ID**: Q23968 Based on the analysis, the correct disambiguation for ""Norberney"" is ""Norderney"". Since ""Norberney"" is not a valid Wikidata entity, we classify it with ""NIL"". Here is the JSON response: ```json {""wikipedia_page"":""Norderney"", ""wikidata_id"":""Q23968""} ```",7.672525882720947
luxwort-1938-01-29-a-i0025,0,11,Frankreichs,Q142,LOC,Q142,Frankreich,"```json { ""wikipedia_page"": ""Frankreich"", ""wikidata_id"": ""Q142"" } ```",22.692277908325195
luxwort-1938-01-29-a-i0025,27,32,Paris,Q90,LOC,Q90,Paris,"Based on the provided input text and the list of candidates, the entity mentioned between the [ENT] tags is ""Paris"". The most appropriate Wikidata entity from the list of candidates is: ```json { ""wikipedia_page"": ""Paris"", ""wikidata_id"": ""Q90"" } ```",23.03324317932129
luxwort-1938-04-11-a-i0066,19,31,Schifflingen,Q669155,LOC,Q669155,Schifflingen,"Based on the provided text and candidates, the entity ""Schifflingen"" is mentioned in the context of a church construction in Germany. Given the list of candidates, the most relevant Wikidata entity for ""Schifflingen"" is: ```json {""wikipedia_page"":""Schifflingen"", ""wikidata_id"":""Q669155""} ```",18.195558547973633
luxwort-1938-04-11-a-i0066,1249,1314,"86jähriger Prieftergreis, Hr. Linsen Jos. aus Bartringen gebürtig",NIL,PER,NIL,"86jähriger Prieftergreis, Hr. Linsen Jos. aus Bartringen gebürtig","```json {""wikipedia_page"":""NIL"", ""wikidata_id"":""NIL""} ```",0
luxwort-1938-04-11-a-i0066,1324,1340,Tschechoslowakei,Q33946,LOC,Q33946,Tschechoslowakei,"```json { ""wikipedia_page"": ""Tschechoslowakei"", ""wikidata_id"": ""Q33946"" } ```",30.777111053466797
luxwort-1938-06-29-a-i0018,37,46,Schanghai,Q8686,LOC,Q8686,Shanghai,"```json {""wikipedia_page"":""Shanghai"", ""wikidata_id"":""Q8686""} ```",32.919063568115234
luxwort-1938-06-29-a-i0018,229,256,Marschall Tschiang Kai-shek,Q16574,PER,Q16574,Chiang Kai-shek,"```json {""wikipedia_page"":""Chiang Kai-shek"", ""wikidata_id"":""Q16574""} ```",22.428071975708008
luxwort-1938-09-03-a-i0024,35,39,Wien,Q1741,LOC,Q1741,Wien,"```json {""wikipedia_page"":""Wien"", ""wikidata_id"":""Q1741""} ```",21.146102905273438
luxwort-1938-09-03-a-i0024,76,100,"„Völkischen Beobachters""",Q152564,PROD,Q152564,Völkischer Beobachter,"The disambiguation of the entities in the provided text results in the following JSON-formatted response: ```json {""wikipedia_page"":""Völkischer Beobachter"", ""wikidata_id"":""Q152564""} ```",23.85346221923828
luxwort-1938-09-03-a-i0024,289,307,Schotten-Gymnasium,Q2249183,ORG,Q2249183,Schottengymnasium,"Based on the provided text and list of candidates, the entity mentioned between the [ENT] tags is ""Schotten-Gymnasium."" The most appropriate Wikidata entity for this entity is: ```json {""wikipedia_page"": ""Schottengymnasium"", ""wikidata_id"": ""Q2249183""} ```",26.668437957763672
luxwort-1938-09-03-a-i0024,337,350,Seyß-Inauarts,Q650219,PER,Q650219,Arthur Seyß-Inquart,"{""wikipedia_page"": ""Arthur Seyß-Inquart"", ""wikidata_id"": ""Q650219""}",20.22591781616211
luxwort-1938-09-03-a-i0024,439,461,"„Völkische Beobachter""",Q152564,PROD,Q152564,Völkischer Beobachter,"The input text contains the following entities marked by [ENT] tags: - ""Völkischer Beobachter"" Based on the given list of candidates, the entity ""Völkischer Beobachter"" matches with high confidence the candidate: - ""Völkischer Beobachter"" with Wikidata ID: Q152564 Therefore, the disambiguation result is: ```json { ""wikipedia_page"": ""Völkischer Beobachter"", ""wikidata_id"": ""Q152564"" } ```",19.480958938598633
luxwort-1948-03-27-a-i0009,73,80,Schweiz,Q39,LOC,Q39,Schweiz,"```json { ""wikipedia_page"": ""Schweiz"", ""wikidata_id"": ""Q39"" } ```",25.79897117614746
luxwort-1948-06-04-a-i0050,66,68,AP,Q40469,ORG,Q40469,Associated Press,"{""wikipedia_page"":""Associated Press"", ""wikidata_id"":""Q40469""}",23.68504524230957
luxwort-1948-06-04-a-i0050,221,241,Nationalisten-Partei,Q740718,ORG,Q740718,Nationale Partei,"```json { ""wikipedia_page"": ""Nationale Partei"", ""wikidata_id"": ""Q740718"" } ```",25.67456817626953
luxwort-1948-06-04-a-i0050,301,317,Afrikaner-Partei,Q3366175,ORG,Q3366175,Afrikanerparty,"```json { ""wikipedia_page"": ""Afrikanerparty"", ""wikidata_id"": ""Q3366175"" } ```",25.564970016479492
luxwort-1948-06-04-a-i0050,345,354,Dr. Malan,Q317449,PER,Q317449,Daniel François Malan,"```json {""wikipedia_page"": ""Daniel François Malan"", ""wikidata_id"": ""Q317449""} ```",22.88170623779297
luxwort-1948-06-04-a-i0050,406,419,N. C. Havenga,Q3141749,PER,Q3141749,Nicolaas Havenga,"{ ""wikipedia_page"": ""Nicolaas Havenga"", ""wikidata_id"": ""Q3141749"" }",34.22366714477539
luxwort-1948-06-04-a-i0050,466,481,General Hertzog,Q356395,PER,Q356395,James Barry Munnick Hertzog,"Based on the input text and the provided list of candidates, the entity mentioned between the [ENT] tags is ""General Hertzog"". After examining the list of candidates, the most appropriate Wikidata entity for this is: ```json {""wikipedia_page"":""James Barry Munnick Hertzog"", ""wikidata_id"":""Q356395""} ```",29.905906677246094
luxwort-1948-06-04-a-i0050,552,568,Dr. E. G. Jansen,Q1170739,PER,Q1170739,Ernest George Jansen,"```json { ""wikipedia_page"": ""Ernest George Jansen"", ""wikidata_id"": ""Q1170739"" } ```",30.63547134399414
luxwort-1948-06-04-a-i0050,622,628,Jansen,Q1170739,PER,Q1170739,Ernest George Jansen,"```json { ""wikipedia_page"": ""Ernest George Jansen"", ""wikidata_id"": ""Q1170739"" } ```",22.30579948425293
luxwort-1948-06-04-a-i0050,909,923,Einheitspartei,Q1812146,ORG,Q1812146,United Party,"Based on the input text and the list of candidates, the entity mentioned between the [ENT] tags is the ""United Party"" (also known as the ""Einheitspartei"" in German). This entity matches highly confidently with the candidate ""United Party"" with the Wikidata ID ""Q1812146"" and the Wikipedia page title ""United Party"". Here is the JSON response: ```json { ""wikipedia_page"": ""United Party"", ""wikidata_id"": ""Q1812146"" } ```",20.441564559936523
luxwort-1948-06-04-a-i0050,928,944,Afrikaner-Partei,Q3366175,ORG,Q3366175,Afrikanerparty,"```json { ""wikipedia_page"": ""Afrikanerpartei"", ""wikidata_id"": ""Q3366175"" } ```",24.688251495361328
luxwort-1948-06-04-a-i0050,971,990,Feldmarschall Smuts,Q214321,PER,Q214321,Jan Christiaan Smuts,"```json { ""wikipedia_page"": ""Jan Christiaan Smuts"", ""wikidata_id"": ""Q214321"" } ```",23.111835479736328
luxwort-1948-06-04-a-i0050,994,1005,Athen Athen,Q1524,LOC,Q1524,Athen,"Based on the input text and analysis, the entity mentioned between the [ENT] tags is ""Athen"". Among the provided candidates, the most appropriate one is: ```json {""wikipedia_page"":""Athen"", ""wikidata_id"":""Q1524""} ```",23.630584716796875
luxwort-1948-06-04-a-i0050,1016,1049,Feldmarschall Jan Christian Smuts,Q214321,PER,Q214321,Jan Christiaan Smuts,"```json {""wikipedia_page"":""Jan Christiaan Smuts"", ""wikidata_id"":""Q214321""} ```",28.677425384521484
luxwort-1948-06-04-a-i0050,1085,1090,Athen,Q1524,LOC,Q1524,Athen,"```json {""wikipedia_page"": ""Athen"", ""wikidata_id"": ""Q1524""} ```",24.20473861694336
luxwort-1948-06-04-a-i0050,1122,1130,dem Haag,Q36600,LOC,Q36600,Den Haag,"```json { ""wikipedia_page"": ""Den Haag"", ""wikidata_id"": ""Q36600"" } ```",19.87723159790039
luxwort-1948-06-04-a-i0050,1158,1175,Königin Frederika,Q61351,PER,Q61351,Friederike von Hannover,"```json {""wikipedia_page"":""Friederike von Hannover"", ""wikidata_id"":""Q61351""} ```",20.483715057373047
luxwort-1948-06-04-a-i0050,1184,1231,stellvertretenden Ministerpräsidenten Tsaldaris,Q728875,PER,Q728875,Konstantinos Tsaldaris,"Based on the provided text and the list of candidates, the entity mentioned between the [ENT] tags is ""Konstantinos Tsaldaris."" This entity matches the candidate with the Wikidata ID ""Q728875"" and the Wikipedia page title ""Konstantinos Tsaldaris."" Here is the JSON response: ```json {""wikipedia_page"": ""Konstantinos Tsaldaris"", ""wikidata_id"": ""Q728875""} ```",15.51784610748291
luxwort-1948-07-09-a-i0038,29,34,Paris,Q90,LOC,Q90,Paris," { ""wikipedia_page"": ""Paris"", ""wikidata_id"": ""Q90"" }",22.691213607788086
luxwort-1948-07-09-a-i0038,388,412,Flughafen von Le Bourget,Q738719,LOC,Q738719,Flughafen Le Bourget,"```json {""wikipedia_page"": ""Flughafen Le Bourget"", ""wikidata_id"": ""Q738719""} ```",26.59649085998535
luxwort-1948-07-09-a-i0038,479,487,C. G. T.,Q1125638,ORG,Q1125638,CGT,"Based on the provided input text and the list of candidates, the entity mentioned between the [ENT] tags is ""C. G. T."" which corresponds to the French communist trade union ""CGT"". The corresponding Wikipedia page title and Wikidata ID are ""CGT"" and ""Q1125638"" respectively. Here is the JSON response: ```json {""wikipedia_page"":""CGT"", ""wikidata_id"":""Q1125638""} ```",29.708059310913086
luxwort-1948-07-09-a-i0038,555,605,Confédération Française des Travailleurs Chrétiens,Q1125610,ORG,Q1125610,CFTC,"```json { ""wikipedia_page"": ""CFTC"", ""wikidata_id"": ""Q1125610"" } ```",31.1392822265625
luxwort-1948-07-09-a-i0038,842,850,C. G. T.,Q1125638,ORG,Q1125638,CGT,"{ ""wikipedia_page"": ""CGT"", ""wikidata_id"": ""Q1125638"" }",27.926895141601562
luxwort-1948-11-11-a-i0044,231,243,Stadt Berlin,Q64,LOC,Q64,Berlin,"Based on the provided text and the list of candidates, the entity mentioned between the [ENT] tags is ""Berlin"". Given the context of the text and the list of candidates, the most appropriate Wikidata entity is: ```json {""wikipedia_page"":""Berlin"", ""wikidata_id"":""Q64""} ```",19.934593200683594
luxwort-1948-11-11-a-i0044,316,333,französische Zone,Q55309,LOC,Q55309,Französische Besatzungszone,"```json {""wikipedia_page"":""Französische Besatzungszone"", ""wikidata_id"":""Q55309""} ```",19.858335494995117
luxwort-1948-11-11-a-i0044,499,525,französische besetzte Zone,Q55309,LOC,Q55309,Französische Besatzungszone,"{ ""wikipedia_page"": ""Französische Besatzungszone"", ""wikidata_id"": ""Q55309"" }",19.277700424194336
tageblatt-1918-04-23-a-i0010,420,425,Paris,Q90,LOC,Q90,Paris,"```json { ""wikipedia_page"": ""Paris"", ""wikidata_id"": ""Q90"" } ```",19.179895401000977
tageblatt-1918-04-23-a-i0010,897,909,General Foch,Q192615,PER,Q192615,Ferdinand Foch,"```json { ""wikipedia_page"": ""Ferdinand_Foch"", ""wikidata_id"": ""Q192615"" } ```",21.181962966918945
tageblatt-1918-04-23-a-i0010,988,998,Frankreich,Q142,LOC,Q142,Frankreich,"```json {""wikipedia_page"": ""Frankreich"", ""wikidata_id"": ""Q142""} ```",21.402217864990234
tageblatt-1918-04-23-a-i0010,1291,1295,Foch,Q192615,PER,Q192615,Ferdinand Foch,"```json { ""wikipedia_page"": ""Ferdinand Foch"", ""wikidata_id"": ""Q192615"" } ```",20.482677459716797
tageblatt-1918-04-23-a-i0010,1498,1505,Amerika,Q30,LOC,Q30,Vereinigte Staaten,"```json { ""wikipedia_page"": ""Vereinigte Staaten"", ""wikidata_id"": ""Q30"" } ```",14.277253150939941
tageblatt-1918-04-23-a-i0010,1594,1599,Mper»,Q102728,LOC,Q102728,Ypern,"```json { ""wikipedia_page"": ""Ypern"", ""wikidata_id"": ""Q102728"" } ```",7.563552379608154
tageblatt-1918-04-23-a-i0010,1605,1611,London,Q84,LOC,Q84,London,"```json { ""wikipedia_page"": ""London"", ""wikidata_id"": ""Q84"" } ```",22.785131454467773
tageblatt-1918-04-23-a-i0010,1628,1641,New Statesman,Q1566255,PROD,Q1566255,New Statesman,"```json { ""wikipedia_page"": ""New Statesman"", ""wikidata_id"": ""Q1566255"" } ```",22.501815795898438
tageblatt-1918-04-23-a-i0010,1718,1723,Ipern,Q102728,LOC,Q102728,Ypern,"Given the input text and the list of candidates, the entity mentioned between the [ENT] tags is ""Ypern"". The most appropriate Wikidata entity for this is ""Ypern"". Here is the JSON answer: ```json {""wikipedia_page"":""Ypern"", ""wikidata_id"":""Q102728""} ```",17.458932876586914
tageblatt-1918-04-23-a-i0010,1762,1771,Flanderns,Q234,LOC,Q234,Flandern,"```json {""wikipedia_page"": ""Flandern"", ""wikidata_id"": ""Q234""} ```",21.585960388183594
tageblatt-1918-04-23-a-i0010,1955,1965,Hazebrouck,Q11131,LOC,Q11131,Hazebrouck,"```json {""wikipedia_page"":""Hazebrouck"", ""wikidata_id"":""Q11131""} ```",22.454181671142578
tageblatt-1918-04-23-a-i0010,2397,2403,Calais,Q6454,LOC,Q6454,Calais,"```json { ""wikipedia_page"": ""Calais"", ""wikidata_id"": ""Q6454"" } ```",18.901565551757812
tageblatt-1918-04-23-a-i0010,2490,2496,Reuter,Q130879,ORG,Q130879,Reuters,"Based on the provided text and candidates, the entity mentioned between the [ENT] tags is ""Reuter"". The most appropriate Wikidata entity from the list of candidates is ""Paul Julius Reuter"". Here is the JSON-formatted response: ```json {""wikipedia_page"":""Reuters"", ""wikidata_id"":""Q130879""} ```",13.026737213134766
tageblatt-1918-04-23-a-i0010,2584,2590,Albert,Q30940,LOC,Q30940,Albert,"{""wikipedia_page"":""Albert"", ""wikidata_id"":""Q30940""} The entity ""Albert"" mentioned between the [ENT] tags in the input text likely refers to the French commune of Albert, given the context of the text discussing battles around it during World War I. Therefore, the corresponding Wikidata ID is ""Q30940"" and the Wikipedia page title is ""Albert"".",15.850449562072754
tageblatt-1918-04-23-a-i0010,2680,2685,Somme,Q37646,LOC,Q37646,Somme,"Based on the provided input text and candidates, the entity mentioned between the [ENT] tags is most likely ""Somme"" (Q37646), a location in France. Here is the JSON response: ```json {""wikipedia_page"": ""Somme"", ""wikidata_id"": ""Q37646""} ```",21.667760848999023
tageblatt-1918-04-23-a-i0010,2820,2826,Amiens,Q41604,LOC,Q41604,Amiens,"```json {""wikipedia_page"":""Amiens"", ""wikidata_id"":""Q41604""} ```",21.98340606689453
tageblatt-1918-04-23-a-i0010,3072,3077,Somme,Q37646,LOC,Q37646,Somme,"```json {""wikipedia_page"":""Somme"", ""wikidata_id"":""Q37646""} ```",24.03672981262207
tageblatt-1918-04-23-a-i0010,3154,3159,Paris,Q90,LOC,Q90,Paris,"```json { ""wikipedia_page"": ""Paris"", ""wikidata_id"": ""Q90"" } ```",22.290830612182617
tageblatt-1918-04-23-a-i0010,3242,3252,Alliierten,Q215669,ORG,Q215669,Alliierte des Ersten Weltkrieges,"Based on the provided text, the entity mentioned between the [ENT] tags is ""Alliierten"". After evaluating the list of candidates, the most appropriate Wikidata entity seems to be: **{""wikipedia_page"":""Alliierte des Ersten Weltkrieges"", ""wikidata_id"":""Q215669""}**",18.377384185791016
tageblatt-1918-04-23-a-i0010,3322,3329,Balfour,Q19008,PER,Q19008,Arthur Balfour,"```json {""wikipedia_page"": ""Arthur Balfour"", ""wikidata_id"": ""Q19008""} ```",26.464019775390625
tageblatt-1918-04-23-a-i0010,3350,3357,Amerika,Q30,LOC,Q30,Vereinigte Staaten,"```json { ""wikipedia_page"": ""Vereinigte Staaten"", ""wikidata_id"": ""Q30"" } ```",15.670632362365723
tageblatt-1918-04-23-a-i0010,3362,3379,Generale Perfhing,Q272383,PER,Q272383,John J. Pershing,"```json {""wikipedia_page"":""John J. Pershing"", ""wikidata_id"":""Q272383""} ```",17.44331932067871
tageblatt-1918-04-23-a-i0010,3384,3388,Bliß,Q2121097,PER,Q2121097,Tasker H. Bliss,"{""wikipedia_page"": ""Tasker H. Bliss"", ""wikidata_id"": ""Q2121097""}",18.4304256439209
tageblatt-1918-04-23-a-i0010,3721,3727,Amiens,Q41604,LOC,Q41604,Amiens,"Based on the provided text and candidates, the entity marked by [ENT] tags is ""Amiens"". The most appropriate Wikidata entity from the list of candidates for the term ""Amiens"" is: ```json {""wikipedia_page"":""Amiens"", ""wikidata_id"":""Q41604""} ```",21.98036766052246
tageblatt-1918-04-23-a-i0010,3801,3806,Lille,Q648,LOC,Q648,Lille,"```json {""wikipedia_page"":""Lille"", ""wikidata_id"":""Q648""} ```",20.587125778198242
tageblatt-1918-04-23-a-i0010,3962,3983,Oberbefehlshaber Foch,Q192615,PER,Q192615,Ferdinand Foch,"{""wikipedia_page"":""Ferdinand Foch"", ""wikidata_id"":""Q192615""}",19.97757339477539
tageblatt-1918-04-23-a-i0010,4005,4027,Oberbefohlshllder Foch,Q192615,PER,Q192615,Ferdinand Foch,"```json {""wikipedia_page"":""Ferdinand Foch"", ""wikidata_id"":""Q192615""} ```",19.23598289489746
tageblatt-1918-04-23-a-i0010,4047,4105,"Barzini, dem Kriegsberichterstatter des Cmriere della Sera",Q3839317,PER,Q3839317,Luigi Barzini,"```json {""wikipedia_page"":""Luigi Barzini"", ""wikidata_id"":""Q3839317""} ```",11.618127822875977
tageblatt-1918-04-23-a-i0010,4399,4427,Nieuwe Notterdamsche Courant,Q1989439,PROD,Q1989439,Nieuwe Rotterdamsche Courant,"```json { ""wikipedia_page"": ""Nieuwe Rotterdamsche Courant"", ""wikidata_id"": ""Q1989439"" } ```",23.78278923034668
tageblatt-1918-04-23-a-i0010,4670,4680,Frankreich,Q142,LOC,Q142,Frankreich,"```json {""wikipedia_page"":""Frankreich"", ""wikidata_id"":""Q142""} ```",19.766578674316406
tageblatt-1918-04-23-a-i0010,4860,4869,Radcliffe,Q3375218,PER,Q3375218,Percy Radcliffe,"```json { ""wikipedia_page"": ""Percy Radcliffe"", ""wikidata_id"": ""Q3375218"" } ```",18.61994743347168
tageblatt-1918-04-23-a-i0010,5258,5265,VWrotko,Q1028,LOC,Q1028,Marokko,"```json {""wikipedia_page"":""Marokko"", ""wikidata_id"":""Q1028""} ```",8.614201545715332
tageblatt-1918-04-23-a-i0010,5358,5365,Marokko,Q1028,LOC,Q1028,Marokko,"```json { ""wikipedia_page"": ""Marokko"", ""wikidata_id"": ""Q1028"" } ```",20.566442489624023
tageblatt-1918-04-23-a-i0010,5376,5391,General Lyautey,Q265104,PER,Q265104,Hubert Lyautey,"{""wikipedia_page"":""Hubert Lyautey"", ""wikidata_id"":""Q265104""}",18.62906837463379
tageblatt-1918-04-23-a-i0010,5396,5416,Präsidenten Poincars,Q191974,PER,Q191974,Raymond Poincaré,"```json { ""wikipedia_page"": ""Raymond Poincaré"", ""wikidata_id"": ""Q191974"" } ```",13.73278522491455
tageblatt-1918-04-23-a-i0010,5478,5483,Fochs,Q192615,PER,Q192615,Ferdinand Foch,"{""wikipedia_page"":""Ferdinand Foch"", ""wikidata_id"":""Q192615""}",19.47645378112793
tageblatt-1918-06-14-a-i0004,50,55,Noyon,Q49831,LOC,Q49831,Noyon,"```json { ""wikipedia_page"": ""Noyon"", ""wikidata_id"": ""Q49831"" } ```",26.413171768188477
tageblatt-1918-06-14-a-i0004,225,232,Nenauls,NIL,LOC,NIL,Nenauls,"Based on the input text and the list of candidates provided, none of the candidates match the entity ""Nenauls"" mentioned in the text with high confidence. Therefore, the response will be: ```json {""wikipedia_page"":"""", ""wikidata_id"":""NIL""} ```",0
tageblatt-1918-06-14-a-i0004,766,781,Daily Telegraph,Q192621,PROD,Q192621,The Daily Telegraph,"```json { ""wikipedia_page"": ""The Daily Telegraph"", ""wikidata_id"": ""Q192621"" } ```",29.87967872619629
tageblatt-1918-06-14-a-i0004,1299,1309,Montdidier,Q74308,LOC,Q74308,Montdidier,"```json { ""wikipedia_page"": ""Montdidier"", ""wikidata_id"": ""Q74308"" } ```",14.832147598266602
tageblatt-1918-06-14-a-i0004,1311,1317,Noyons,Q49831,LOC,Q49831,Noyon,"Based on the provided input text and the list of candidates, the entities mentioned between the [ENT] tags are ""Noyon"" and ""Noyons"". The most appropriate Wikidata entity for ""Noyon"" is ""Q49831"" with the Wikipedia page title ""Noyon"". For ""Noyons"", there is no exact match in the list of candidates, but ""Noyens"" (which is likely a typo) might be considered as a match with ""Q389471"". Therefore, the JSON response will be: ```json { ""wikipedia_page"": ""Noyon"", ""wikidata_id"": ""Q49831"" } ```",17.158370971679688
tageblatt-1918-06-14-a-i0004,1483,1499,Montdidier Noyon,Q49831,LOC,Q49831,Noyon,"Analyzing the input text and the provided candidates, the entities mentioned between the [ENT] tags are ""Montdidier"" and ""Noyon"". Here is the JSON response: ```json { ""wikipedia_page"": ""Noyon"", ""wikidata_id"": ""Q49831"" } ```",14.065690040588379
tageblatt-1918-06-14-a-i0004,2079,2097,Journal des Tebats,Q2565164,PROD,Q2565164,Journal des débats,"```json { ""wikipedia_page"": ""Journal des débats"", ""wikidata_id"": ""Q2565164"" } ```",18.61060333251953
tageblatt-1918-06-14-a-i0004,2245,2255,Montdidier,Q74308,LOC,Q74308,Montdidier,"```json { ""wikipedia_page"": ""Montdidier"", ""wikidata_id"": ""Q74308"" } ```",16.90106201171875
tageblatt-1918-06-14-a-i0004,2345,2350,Temps,Q639137,PROD,Q639137,Le Temps,"Based on the given input text and the list of candidates, the entity mentioned between the [ENT] tags is likely to be ""Le Temps"". Here is the JSON-formatted answer: ```json { ""wikipedia_page"": ""Le Temps"", ""wikidata_id"": ""Q639137"" } ```",14.686141967773438
tageblatt-1918-06-14-a-i0004,2866,2878,Gustav Herve,Q764182,PER,Q764182,Gustave Hervé,"```json { ""wikipedia_page"": ""Gustav Hervé"", ""wikidata_id"": ""Q764182"" } ```",34.68689727783203
tageblatt-1918-06-14-a-i0004,3163,3169,Calais,Q6454,LOC,Q6454,Calais,"```json {""wikipedia_page"":""Calais"", ""wikidata_id"":""Q6454""} ```",18.283039093017578
tageblatt-1918-06-14-a-i0004,3174,3180,Ämiens,Q41604,LOC,Q41604,Amiens,"```json { ""wikipedia_page"": ""Amiens"", ""wikidata_id"": ""Q41604"" } ```",15.485448837280273
tageblatt-1918-06-14-a-i0004,3504,3509,Paris,Q90,LOC,Q90,Paris,"```json {""wikipedia_page"":""Paris"", ""wikidata_id"":""Q90""} ```",16.934226989746094
tageblatt-1918-06-14-a-i0004,3734,3742,Söissons,Q167152,LOC,Q167152,Soissons,"```json {""wikipedia_page"":""Soissons"", ""wikidata_id"":""Q167152""} ```",19.846080780029297
tageblatt-1918-06-14-a-i0004,3747,3752,Reims,Q41876,LOC,Q41876,Reims,"```json {""wikipedia_page"":""Reims"", ""wikidata_id"":""Q41876""} ```",20.970447540283203
tageblatt-1918-06-14-a-i0004,3957,3962,Paris,Q90,LOC,Q90,Paris,"```json {""wikipedia_page"":""Paris"", ""wikidata_id"":""Q90""} ```",20.922609329223633
tageblatt-1918-06-14-a-i0004,3978,3983,Paris,Q90,LOC,Q90,Paris,"```json { ""wikipedia_page"": ""Paris"", ""wikidata_id"": ""Q90"" } ```",22.472177505493164
tageblatt-1918-06-14-a-i0004,4110,4115,Paris,Q90,LOC,Q90,Paris,"Based on the provided text and the given list of candidates, the entity mentioned between the [ENT] tags is Paris. Here is the JSON output: ```json {""wikipedia_page"": ""Paris"", ""wikidata_id"": ""Q90""} ```",22.78737449645996
tageblatt-1918-06-14-a-i0004,4204,4210,Europa,Q46,LOC,Q46,Europa,"```json { ""wikipedia_page"": ""Europa"", ""wikidata_id"": ""Q46"" } ```",22.766159057617188
tageblatt-1918-06-14-a-i0004,4271,4282,Frankreichs,Q142,LOC,Q142,Frankreich,"```json { ""wikipedia_page"": ""Frankreich"", ""wikidata_id"": ""Q142"" } ```",18.031394958496094
tageblatt-1918-06-14-a-i0004,4472,4477,Paris,Q90,LOC,Q90,Paris,"```json { ""wikipedia_page"": ""Paris"", ""wikidata_id"": ""Q90"" } ```",18.619266510009766
tageblatt-1918-06-14-a-i0004,4571,4577,Reuter,Q130879,PROD,Q130879,Reuters,"```json {""wikipedia_page"":""Reuters"", ""wikidata_id"":""Q130879""} ```",19.06308364868164
tageblatt-1918-06-14-a-i0004,4589,4599,Washington,Q61,LOC,Q61,"Washington, D.C.","Based on the provided text and the list of candidates, the entity mentioned between the [ENT] tags is ""Washington"". The most appropriate Wikidata entity from the list of candidates is ""Washington, D.C."". Therefore, the JSON-formatted answer is: ```json { ""wikipedia_page"": ""Washington, D.C."", ""wikidata_id"": ""Q61"" } ```",23.117877960205078
tageblatt-1918-06-14-a-i0004,4732,4742,Frankreich,Q142,LOC,Q142,Frankreich,"Based on the input text and the list of candidates, the entity mentioned between the [ENT] tags is ""Frankreich"". The most appropriate Wikidata entity from the list of candidates is also ""Frankreich"" with the Wikidata ID ""Q142"". The JSON response is: ```json {""wikipedia_page"": ""Frankreich"", ""wikidata_id"": ""Q142""} ```",20.4017276763916
tageblatt-1928-02-15-a-i0018,0,5,Paris,Q90,LOC,Q90,Paris,"```json { ""wikipedia_page"": ""Paris"", ""wikidata_id"": ""Q90"" } ```",21.462411880493164
tageblatt-1928-02-15-a-i0018,397,402,Paris,Q90,LOC,Q90,Paris,"```json { ""wikipedia_page"": ""Paris"", ""wikidata_id"": ""Q90"" } ```",20.435911178588867
tageblatt-1928-02-15-a-i0018,662,673,Beue Mellal,Q817279,LOC,Q817279,Beni Mellal,"```json {""wikipedia_page"":""Beni Mellal"",""wikidata_id"":""Q817279""} ```",13.707208633422852
tageblatt-1928-02-15-a-i0018,718,742,Generalgouverneurs Steeg,Q717905,PER,Q717905,Théodore Steeg,"```json {""wikipedia_page"":""Théodore Steeg"", ""wikidata_id"":""Q717905""} ```",15.062979698181152
tageblatt-1928-02-15-a-i0018,894,899,Paris,Q90,LOC,Q90,Paris,"```json {""wikipedia_page"":""Paris"", ""wikidata_id"":""Q90""} ```",21.78853988647461
tageblatt-1928-02-15-a-i0018,1043,1049,Berlin,Q64,LOC,Q64,Berlin,"```json { ""wikipedia_page"": ""Berlin"", ""wikidata_id"": ""Q64"" } ```",19.411836624145508
tageblatt-1928-02-15-a-i0018,1067,1085,Berliner Tageblatt,Q455014,PROD,Q455014,Berliner Tageblatt,"```json {""wikipedia_page"":""Berliner Tageblatt"",""wikidata_id"":""Q455014""} ```",32.30754089355469
tageblatt-1928-02-15-a-i0018,1098,1107,Wiesbaden,Q1721,LOC,Q1721,Wiesbaden,"```json { ""wikipedia_page"": ""Wiesbaden"", ""wikidata_id"": ""Q1721"" } ```",29.00444221496582
tageblatt-1928-02-15-a-i0018,1142,1159,Frankfurt am Main,Q1794,LOC,Q1794,Frankfurt am Main,"Based on the input text and the list of candidates, the entity mentioned between the [ENT] tags is ""Frankfurt am Main"". The most appropriate Wikidata entity from the list of candidates is: ```json {""wikipedia_page"": ""Frankfurt am Main"", ""wikidata_id"": ""Q1794""} ```",27.03338623046875
tageblatt-1928-02-15-a-i0018,1218,1229,Saarbrücken,Q1724,LOC,Q1724,Saarbrücken,"Based on the provided text and the list of candidates, the entity mentioned between the [ENT] tags is ""Saarbrücken"". From the list of candidates, the most appropriate Wikidata entity is: ```json {""wikipedia_page"":""Saarbrücken"", ""wikidata_id"":""Q1724""} ```",24.35068130493164
tageblatt-1928-02-15-a-i0018,1378,1384,Velsen,Q9970,LOC,Q9970,Velsen,"```json { ""wikipedia_page"": ""Velsen"", ""wikidata_id"": ""Q9970"" } ```",15.340052604675293
tageblatt-1928-02-15-a-i0018,1475,1485,Hoftenbach,Q562627,LOC,Q562627,Hottenbach,"{ ""wikipedia_page"": ""Höchtenbach"", ""wikidata_id"": ""Q562627"" }",14.18503475189209
tageblatt-1928-02-15-a-i0018,1621,1629,Butarest,Q19660,LOC,Q19660,Bukarest,"Based on the input text, the entity mentioned between the [ENT] tags is ""Bukarest"". From the given list of candidates, the most appropriate Wikidata entity is: ```json { ""wikipedia_page"": ""Bukarest"", ""wikidata_id"": ""Q19660"" } ```",17.52141761779785
tageblatt-1928-02-15-a-i0018,1781,1787,London,Q84,LOC,Q84,London,"```json { ""wikipedia_page"": ""London"", ""wikidata_id"": ""Q84"" } ```",23.394168853759766
tageblatt-1928-02-15-a-i0018,2074,2082,Plunlett,Q5081605,PER,Q5081605,Charles Peshall Plunkett,"Based on the input text and the provided list of candidates, the entity within the [ENT] tags, ""Plunlett,"" can be confidently disambiguated as follows: ```json {""wikipedia_page"":""Charles Peshall Plunkett"", ""wikidata_id"":""Q5081605""} ``` The context of the text and the listed candidates suggest that the most appropriate match is ""Charles Peshall Plunkett.""",12.798096656799316
tageblatt-1928-05-09-a-i0020,263,270,Belgien,Q31,LOC,Q31,Belgien,"```json { ""wikipedia_page"": ""Belgien"", ""wikidata_id"": ""Q31"" } ```",21.53092384338379
tageblatt-1928-05-09-a-i0020,351,358,Belgien,Q31,LOC,Q31,Belgien,"```json {""wikipedia_page"": ""Belgien"", ""wikidata_id"": ""Q31""} ```",21.253257751464844
tageblatt-1928-05-09-a-i0020,1554,1581,Generaladvokat Edm. Dmssens,NIL,PER,NIL,Generaladvokat Edm. Dmssens,"```json {""wikipedia_page"":"""", ""wikidata_id"":""NIL""} ```",0
tageblatt-1928-05-09-a-i0020,2571,2582,Epaminondas,Q190436,PER,Q190436,Epaminondas,"```json {""wikipedia_page"": ""Epaminondas"", ""wikidata_id"": ""Q190436""} ```",26.33761978149414
tageblatt-1928-05-09-a-i0020,2672,2679,LeuKtra,NIL,PER,NIL,LeuKtra,"Based on the provided input text and the list of candidates, the entity mentioned between the [ENT] tags ""LeuKtra"" is not found in the list of candidates with high confidence. Therefore, the Wikidata ID is ""NIL"". ```json {""wikipedia_page"":"""", ""wikidata_id"":""NIL""} ```",0
tageblatt-1938-08-05-a-i0057,232,241,Litwinows,Q310100,PER,Q310100,Maxim Maximowitsch Litwinow,"Based on the provided text and the list of candidates, the entities [ENT] Litwinows [ENT] are most likely referring to 'Maxim Maximowitsch Litwinow'. The candidate's descriptive information and date of birth align well with the context given in the text. Therefore, the Wikidata ID and Wikipedia page title are: ```json {""wikipedia_page"":""Maxim Maximowitsch Litwinow"", ""wikidata_id"":""Q310100""} ```",25.406219482421875
tageblatt-1938-08-05-a-i0057,370,381,Sowjetunion,Q15180,LOC,Q15180,Sowjetunion,"```json {""wikipedia_page"":""Sowjetunion"", ""wikidata_id"":""Q15180""} ```",26.43875503540039
tageblatt-1938-08-05-a-i0057,579,585,Stalin,Q855,PER,Q855,Josef Stalin,"{""wikipedia_page"":""Josef Stalin"", ""wikidata_id"":""Q855""}",20.033239364624023
tageblatt-1938-11-08-a-i0056,21,37,Tschechoslowakei,Q33946,LOC,Q33946,Tschechoslowakei,"Based on the analysis of the input text and the provided list of candidates, the entity [ENT] should be disambiguated as follows: ```json {""wikipedia_page"":""Tschechoslowakei"", ""wikidata_id"":""Q33946""} ``` The text mentions ""Tschechoslowakei"" twice, which corresponds to the candidate with the Wikipedia page title ""Tschechoslowakei"" and the Wikidata ID ""Q33946"". This entity is the historical state in Mitteleuropa that exists from 1918 to 1992.",25.819984436035156
tageblatt-1938-11-08-a-i0056,81,85,Prag,Q1085,LOC,Q1085,Prag,"{""wikipedia_page"":""Prag"", ""wikidata_id"":""Q1085""}",25.940853118896484
tageblatt-1938-11-08-a-i0056,253,261,Budapest,Q1781,LOC,Q1781,Budapest,"```json { ""wikipedia_page"": ""Budapest"", ""wikidata_id"": ""Q1781"" } ```",27.143754959106445
tageblatt-1938-11-08-a-i0056,282,300,Vicomte Rothermere,Q336483,PER,Q336483,"Harold Harmsworth, 1. Viscount Rothermere","```json {""wikipedia_page"": ""Harold Harmsworth, 1. Viscount Rothermere"", ""wikidata_id"": ""Q336483""} ```",15.131246566772461
tageblatt-1938-11-08-a-i0056,304,312,Budapest,Q1781,LOC,Q1781,Budapest,"```json {""wikipedia_page"":""Budapest"", ""wikidata_id"":""Q1781""} ```",23.895618438720703
tageblatt-1938-11-08-a-i0056,314,320,London,Q84,LOC,Q84,London,"Based on the provided input text, the entity mentioned between the [ENT] tags is ""London"". From the list of candidates, the most appropriate Wikidata entity corresponding to ""London"" is: ```json { ""wikipedia_page"": ""London"", ""wikidata_id"": ""Q84"" } ```",25.74063491821289
tageblatt-1938-11-08-a-i0056,392,400,Daily SS,Q210534,ORG,Q210534,Daily Mail,"```json { ""wikipedia_page"": ""Daily Mail"", ""wikidata_id"": ""Q210534"" } ```",13.319289207458496
tageblatt-1938-11-08-a-i0056,416,424,Budapest,Q1781,LOC,Q1781,Budapest,"```json { ""wikipedia_page"": ""Budapest"", ""wikidata_id"": ""Q1781"" } ```",26.289411544799805
tageblatt-1938-11-08-a-i0056,556,572,Tschechoslowakei,Q33946,LOC,Q33946,Tschechoslowakei,"Based on the provided text and candidates, the entities mentioned between the [ENT] tags are ""Tschechoslowakei"" and ""Tschechoslowakei"". The most appropriate Wikidata entity for the first occurrence is ""Tschechoslowakei"" with the Wikidata ID ""Q33946"" and Wikipedia page title ""Tschechoslowakei"". For the second occurrence, it is also ""Tschechoslowakei"" with the same Wikidata ID and Wikipedia page title. ```json { ""wikipedia_page"": ""Tschechoslowakei"", ""wikidata_id"": ""Q33946"" } ```",28.252613067626953
tageblatt-1938-11-08-a-i0056,634,642,Warschau,Q270,LOC,Q270,Warschau,"Based on the provided input text and the list of candidates, the entity mentioned between the [ENT] tags is ""Warschau"". Among the candidates, the correct entity is: ```json {""wikipedia_page"": ""Warschau"", ""wikidata_id"": ""Q270""} ```",25.394704818725586
tageblatt-1938-11-08-a-i0056,677,681,"Pra""",Q1085,LOC,Q1085,Prag,"```json {""wikipedia_page"": ""Prag"", ""wikidata_id"": ""Q1085""} ```",16.54172134399414
tageblatt-1938-11-08-a-i0056,707,715,Warschau,Q270,LOC,Q270,Warschau,"Given the input text and the list of candidates, the entity mentioned between the [ENT] tags is ""Warschau."" From the list, the most appropriate Wikidata entity is: ```json {""wikipedia_page"": ""Warschau"", ""wikidata_id"": ""Q270""} ``` So, the response is: ```json {""wikipedia_page"":""Warschau"", ""wikidata_id"":""Q270""} ```",29.188270568847656
tageblatt-1938-11-08-a-i0056,786,791,Polen,Q36,LOC,Q36,Polen,"```json { ""wikipedia_page"": ""Polen"", ""wikidata_id"": ""Q36"" } ```",20.978759765625
tageblatt-1938-11-08-a-i0056,800,818,Tschecho. slowakei,Q33946,LOC,Q33946,Tschechoslowakei,"```json { ""wikipedia_page"": ""Tschechoslowakei"", ""wikidata_id"": ""Q33946"" } ```",25.19252586364746
tageblatt-1938-11-08-a-i0056,840,856,Tschechoslowakei,Q33946,LOC,Q33946,Tschechoslowakei,"Based on the analysis of the provided text, the entity mentioned between the [ENT] tags is ""Tschechoslowakei"". Among the candidates, the most appropriate match is: ```json {""wikipedia_page"":""Tschechoslowakei"", ""wikidata_id"":""Q33946""} ```",26.484771728515625
tageblatt-1938-11-08-a-i0056,905,928,Sudetendeutschen Partei,Q678584,ORG,Q678584,Sudetendeutsche Partei,"{""wikipedia_page"":""Sudetendeutsche Partei"", ""wikidata_id"":""Q678584""}",35.95928192138672
tageblatt-1938-11-08-a-i0056,1068,1085,Abgeordnete Kundt,Q216084,PER,Q216084,Ernst Kundt,"```json { ""wikipedia_page"": ""Ernst Kundt"", ""wikidata_id"": ""Q216084"" } ```",15.284075736999512
tageblatt-1938-11-08-a-i0056,1193,1216,sudetendeutschen Partei,Q678584,ORG,Q678584,Sudetendeutsche Partei,"Based on the provided text, the entity tagged with [ENT] is the ""Sudetendeutsche Partei"". This entity is confirmed by the text mentioning the ""Sudetendeutschen Partei"" and the context of the political party involved in the events described. JSON response: ```json {""wikipedia_page"":""Sudetendeutsche Partei"", ""wikidata_id"":""Q678584""} ```",34.90726089477539
tageblatt-1938-11-08-a-i0056,1604,1612,Neuwirth,Q12019026,PER,Q12019026,Hans Neuwirth,"{ ""wikipedia_page"": ""Hans Neuwirth"", ""wikidata_id"": ""Q12019026"" }",27.733734130859375
tageblatt-1938-11-08-a-i0056,1621,1636,Senator Kröazot,NIL,PER,NIL,Senator Kröazot,"**JSON Answer:** ```json { ""wikipedia_page"": ""NIL"", ""wikidata_id"": ""NIL"" } ```",0
tageblatt-1938-11-08-a-i0056,1713,1726,Sudetengebiet,Q194242,LOC,Q194242,Sudetenland,"```json { ""wikipedia_page"": ""Sudetenland"", ""wikidata_id"": ""Q194242"" } ```",21.331789016723633
tageblatt-1948-07-29-a-i0034,42,49,Belgrad,Q3711,LOC,Q3711,Belgrad,"Based on the given text and the provided list of candidates, the entity mentioned between the [ENT] tags is ""Belgrad"". The most appropriate Wikidata entity from the list of candidates is: ```json {""wikipedia_page"":""Belgrad"", ""wikidata_id"":""Q3711""} ``` The text states that ""Belgrad"" is the capital of Yugoslavia at that time, which matches the description of the candidate entity perfectly.",30.015974044799805
tageblatt-1948-07-29-a-i0034,61,75,Marschall Tito,Q9161,PER,Q9161,Josip Broz,"Based on the provided text, the entity within the [ENT] tags is ""Marschall Tito."" From the list of candidates, the most appropriate Wikidata entity that matches this name is: ```json {""wikipedia_page"": ""Josip Broz"", ""wikidata_id"": ""Q9161""} ```",17.098161697387695
tageblatt-1948-07-29-a-i0034,77,92,Minister Djilas,Q153909,PER,Q153909,Milovan Đilas,"Given the input text, the entities mentioned within the [ENT] tags are ""Minister Djilas"" and ""die anderen Mitglieder des' Zentralkomitees"". Based on the provided list of candidates, the entity ""Minister Djilas"" matches with high confidence with the candidate ""Milovan Đilas"". The other members of the central committee are not explicitly listed in the candidates, so we will use ""NIL"" for this entity. Here is the JSON output: ```json { ""wikipedia_page"": ""Milovan Đilas"", ""wikidata_id"": ""Q153909"" } ```",14.688726425170898
tageblatt-1948-07-29-a-i0034,527,560,russischen kommunistischen Partei,Q79854,ORG,Q79854,Kommunistische Partei der Sowjetunion,"```json { ""wikipedia_page"": ""Kommunistische Partei der Sowjetunion"", ""wikidata_id"": ""Q79854"" } ```",29.346628189086914
tageblatt-1948-07-29-a-i0034,591,623,jugoslawischen kommunist. Partei,Q641691,ORG,Q641691,Bund der Kommunisten Jugoslawiens,"```json { ""wikipedia_page"": ""Bund der Kommunisten Jugoslawiens"", ""wikidata_id"": ""Q641691"" } ```",25.095584869384766
tageblatt-1948-07-29-a-i0034,1023,1047,bolschewistischen Partei,Q83372,ORG,Q83372,Bolschewiki,"Based on the provided input text and the list of candidates, the most appropriate Wikidata entity for the entity mentioned between the [ENT] tags is ""Bolschewiki"". Therefore, the corresponding Wikipedia page title and Wikidata ID are as follows: ```json {""wikipedia_page"": ""Bolschewiki"", ""wikidata_id"": ""Q83372""} ```",20.029212951660156
tageblatt-1948-07-29-a-i0034,1186,1195,Bulgarien,Q219,LOC,Q219,Bulgarien,"```json {""wikipedia_page"": ""Bulgarien"", ""wikidata_id"": ""Q219""} ```",20.430652618408203
tageblatt-1948-07-29-a-i0034,1200,1208,Albanien,Q222,LOC,Q222,Albanien,"```json { ""wikipedia_page"": ""Albanien"", ""wikidata_id"": ""Q222"" } ```",20.546810150146484
tageblatt-1948-07-29-a-i0034,1305,1315,Bulgariens,Q219,LOC,Q219,Bulgarien,"```json {""wikipedia_page"":""Bulgarien"", ""wikidata_id"":""Q219""} ```",19.150482177734375
tageblatt-1948-07-29-a-i0034,1320,1329,Albaniens,Q222,LOC,Q222,Albanien,"Based on the input text and the list of candidates, the entity mentioned between the [ENT] tags is ""Albanien"". The most appropriate Wikidata entity from the list of candidates is ""Albanien"" (Wikidata ID: Q222). ```json {""wikipedia_page"":""Albanien"", ""wikidata_id"":""Q222""} ```",19.173768997192383
tageblatt-1948-07-29-a-i0034,1492,1501,Marxismus,Q7264,PROD,Q7264,Marxismus,"```json { ""wikipedia_page"": ""Marxismus"", ""wikidata_id"": ""Q7264"" } ```",27.35991096496582
