doc_id,start_pos,end_pos,surface,gt_id,type,identifier,title,answer,score
EXP-1798-01-04-a-i0005,41,63,Charlotte née Bourgoin,NIL,PER,NIL,Charlotte née Bourgoin,no,0
EXP-1798-01-04-a-i0005,74,87,Joseph Digiez,NIL,PER,NIL,Joseph Digiez,No,0
EXP-1798-01-04-a-i0005,142,168,sieur Jaques Charles Gicot,NIL,PER,NIL,sieur Jaques Charles Gicot, no,0
EXP-1798-01-04-a-i0005,343,365,Jean-Baptiste Bourgoin,NIL,PER,NIL,Jean-Baptiste Bourgoin,no,0
EXP-1798-01-04-a-i0005,978,992,Val-de-Travers,Q70526,LOC,Q70526,Val-de-Travers,"```json { ""wikipedia_page"": ""Val-de-Travers"", ""wikidata_id"": ""Q70526"" } ```",23.30463218688965
EXP-1798-01-04-a-i0005,999,1062,"sieur Daniel Meuron, maïUe charpentier, _bourgeois de Neuchatel",NIL,PER,NIL,"sieur Daniel Meuron, maïUe charpentier, _bourgeois de Neuchatel",no,0
EXP-1798-01-04-a-i0005,1142,1176,Frédéric-Henri _Lequin de Fleurier,NIL,PER,NIL,Frédéric-Henri _Lequin de Fleurier,no,0
EXP-1798-01-04-a-i0005,1183,1202,Marie-Louise Meuron,NIL,PER,NIL,Marie-Louise Meuron,"""no""",0
EXP-1798-01-04-a-i0005,1224,1238,Jouas Frédéric,NIL,PER,NIL,Jouas Frédéric,```json {} ```,0
EXP-1798-01-04-a-i0005,1249,1258,Alexandre,NIL,PER,NIL,Alexandre,```json {} ```,0
EXP-1798-01-04-a-i0005,1262,1284,Louise -Rosalio Lequin,NIL,PER,NIL,Louise -Rosalio Lequin,no,0
EXP-1798-01-04-a-i0005,1504,1525,Frédéric Henri Lequin,NIL,PER,NIL,Frédéric Henri Lequin,no,0
EXP-1798-02-15-a-i0004,363,421,"Jean'""Fréderic / Stnuffer, meunier aux moulins de la Prise",NIL,PER,NIL,"Jean'""Fréderic / Stnuffer, meunier aux moulins de la Prise",```json {} ```,0
EXP-1798-02-15-a-i0004,659,672,sœurs _Gendre,NIL,PER,NIL,sœurs _Gendre,no,0
EXP-1798-02-15-a-i0004,735,747,Mlle. Eckard,NIL,PER,NIL,Mlle. Eckard,no,0
EXP-1798-02-15-a-i0004,838,855,demoiselle Eckard,NIL,PER,NIL,demoiselle Eckard,```json {} ```,0
EXP-1798-02-15-a-i0004,1900,1909,Neuchatel,Q69345,LOC,Q69345,Neuchâtel,"Based on the context and the input text, the relevant Wikidata entity for the [ENT] tags seems to be the city of Neuchâtel in Switzerland. Here is the JSON-formatted answer: ```json {""wikipedia_page"":""Neuchâtel"", ""wikidata_id"":""Q69345""} ```",24.020353317260742
EXP-1798-02-15-a-i0004,1996,2045,"Jean-Frédéric Borel, maître charpentier à Couve t",NIL,PER,NIL,"Jean-Frédéric Borel, maître charpentier à Couve t",no,0
EXP-1798-02-15-a-i0004,2205,2238,"M. Rougemont, commissaire général",NIL,PER,NIL,"M. Rougemont, commissaire général",no,0
EXP-1798-02-15-a-i0004,2318,2351,"M. Fa vre, négociant sur la place",NIL,PER,NIL,"M. Fa vre, négociant sur la place",no,0
EXP-1798-02-15-a-i0004,2472,2501,sieur Quartier _^ instituteur,NIL,PER,NIL,sieur Quartier _^ instituteur,no,0
EXP-1798-02-15-a-i0004,3030,3039,Neuchatel,Q69345,LOC,Q69345,Neuchâtel,"Based on the provided text and the list of candidates, the entity mentioned between the [ENT] tags is ""Neuchatel"". The most appropriate Wikidata entity from the list of candidates is: ```json {""wikipedia_page"":""Neuchâtel"", ""wikidata_id"":""Q69345""} ```",26.190427780151367
EXP-1798-02-15-a-i0004,3133,3151,Jean Pierre Baxdet,NIL,PER,NIL,Jean Pierre Baxdet,no,0
EXP-1798-02-15-a-i0004,3299,3335,Compagnie des Marchands de Neuchatel,NIL,ORG,NIL,Compagnie des Marchands de Neuchatel,```json {} ```,0
EXP-1798-02-15-a-i0004,3444,3459,M. Henri Gigaud,NIL,PER,NIL,M. Henri Gigaud,```json {} ```,0
EXP-1808-09-01-a-i0001,423,439,Henri Jean-Maire,NIL,PER,NIL,Henri Jean-Maire,no,0
EXP-1808-09-01-a-i0001,645,661,Henri Jean-Maire,NIL,PER,NIL,Henri Jean-Maire,no,0
EXP-1808-09-01-a-i0001,668,691,Reine née Robert-Nicoud,NIL,PER,NIL,Reine née Robert-Nicoud,no,0
EXP-1808-09-01-a-i0001,1088,1102,Chaux-de Fonds,Q68124,LOC,Q68124,La Chaux-de-Fonds,"```json {""wikipedia_page"": ""La Chaux-de-Fonds"", ""wikidata_id"": ""Q68124""} ```",21.197893142700195
EXP-1808-09-01-a-i0001,1168,1217,sieur cap itaine-lieutenant Jaques Henri Boûrquin,NIL,PER,NIL,sieur cap itaine-lieutenant Jaques Henri Boûrquin,no,0
EXP-1808-09-01-a-i0001,1228,1233,Jacob,NIL,PER,NIL,Jacob,no,0
EXP-1808-09-01-a-i0001,1468,1510,"M. Charles Cousandièr, "" maire du dit lieu",NIL,PER,NIL,"M. Charles Cousandièr, "" maire du dit lieu","""no""",0
EXP-1808-09-01-a-i0001,1802,1829,"H .-F. JEAHJAQUET, greffier",NIL,PER,NIL,"H .-F. JEAHJAQUET, greffier",no,0
EXP-1808-09-01-a-i0001,1865,1890,sieur Charles-Henri vêpre,NIL,PER,NIL,sieur Charles-Henri vêpre,no,0
EXP-1808-09-01-a-i0001,1898,1931,demoiselle Julie-Valérie Bonvêpre,NIL,PER,NIL,demoiselle Julie-Valérie Bonvêpre,No.,0
EXP-1808-09-01-a-i0001,1954,2022,"M. Charles-Guillaume Bonvêpre, membre du Grand-Conseil et hôpitalier",NIL,PER,NIL,"M. Charles-Guillaume Bonvêpre, membre du Grand-Conseil et hôpitalier",No.,0
EXP-1808-09-01-a-i0001,2033,2057,damé Susanne Petitpierre,NIL,PER,NIL,damé Susanne Petitpierre,no,0
EXP-1808-09-01-a-i0001,2366,2375,Neuchatel,Q69345,LOC,Q69345,Neuchâtel,"```json {""wikipedia_page"":""Neuchâtel"", ""wikidata_id"":""Q69345""} ```",28.008602142333984
EXP-1808-09-01-a-i0001,2695,2704,Neuchatel,Q69345,LOC,Q69345,Neuchâtel,"```json {""wikipedia_page"": ""Neuchâtel"", ""wikidata_id"": ""Q69345""} ```",24.4897518157959
EXP-1808-09-01-a-i0001,2750,2764,Jonas Bes 6 on,NIL,PER,NIL,Jonas Bes 6 on,no,0
EXP-1808-09-01-a-i0001,2768,2775,Engolon,Q70469,LOC,Q70469,Engollon,"```json { ""wikipedia_page"": ""Engollon"", ""wikidata_id"": ""Q70469"" } ```",16.096651077270508
EXP-1808-09-01-a-i0001,2915,2922,Villard,NIL,LOC,NIL,Villard,no,0
EXP-1808-09-01-a-i0001,2938,2960,Jeanne-Marie née Morel,NIL,PER,NIL,Jeanne-Marie née Morel,no,0
EXP-1808-09-01-a-i0001,2971,2988,Jean-Daniel Favre,NIL,PER,NIL,Jean-Daniel Favre,no,0
EXP-1808-09-01-a-i0001,3313,3321,Valangin,Q70194,LOC,Q70194,Valangin,"Based on the provided text and the list of candidates, the entity mentioned between the [ENT] tags is likely to be ""Valangin"". Given the context and the location, this is the most appropriate match. Therefore, the answer is: ```json {""wikipedia_page"": ""Valangin"", ""wikidata_id"": ""Q70194""} ```",23.976455688476562
EXP-1808-09-01-a-i0001,3502,3520,Marianne Perrenoud,NIL,PER,NIL,Marianne Perrenoud,"{ ""wikipedia_page"": """", ""wikidata_id"": """" }",0
EXP-1808-09-01-a-i0001,3548,3563,Jacob Perrenoud,NIL,PER,NIL,Jacob Perrenoud,```json {} ```,0
EXP-1808-09-01-a-i0001,3571,3588,Judith née Jaquet,NIL,PER,NIL,Judith née Jaquet,"Based on the provided text and list of candidates, the entity mentioned between the [ENT] tags is ""Judith née Jaquet"". The most appropriate Wikidata entity from the given list of candidates is ""Élisabeth Jacquet de La Guerre"". However, this is not a perfect match as the name differs slightly. Since none of the candidates exactly match ""Judith née Jaquet"" with high confidence, I will return an empty JSON object. ```json {} ```",0
EXP-1808-09-01-a-i0001,3648,3657,Neuchatel,Q69345,LOC,Q69345,Neuchâtel,"```json { ""wikipedia_page"": ""Neuchâtel"", ""wikidata_id"": ""Q69345"" } ```",19.637998580932617
EXP-1808-09-01-a-i0001,4591,4600,Neuchatel,Q69345,LOC,Q69345,Neuchâtel,"```json { ""wikipedia_page"": ""Neuchâtel"", ""wikidata_id"": ""Q69345"" } ```",23.781213760375977
EXP-1808-09-01-a-i0001,4791,4814,voitnrier Louis Floquet,NIL,PER,NIL,voitnrier Louis Floquet,no,0
EXP-1808-09-01-a-i0001,4920,4927,Yverdon,Q63946,LOC,Q63946,Yverdon-les-Bains,"```json { ""wikipedia_page"": ""Yverdon-les-Bains"", ""wikidata_id"": ""Q63946"" } ```",24.792964935302734
EXP-1808-09-01-a-i0001,5173,5180,Yveidon,Q63946,LOC,Q63946,Yverdon-les-Bains,"```json {""wikipedia_page"":""Yverdon-les-Bains"", ""wikidata_id"":""Q63946""} ```",17.257333755493164
EXP-1808-09-01-a-i0001,5232,5253,"F. COREVOïT, greffier",NIL,PER,NIL,"F. COREVOïT, greffier",no,0
EXP-1808-09-01-a-i0001,5448,5463,ruelle Honhomme,NIL,LOC,NIL,ruelle Honhomme,No.,0
EXP-1808-09-01-a-i0001,5487,5503,Plan de Serriere,NIL,LOC,NIL,Plan de Serriere,```json {} ```,0
EXP-1808-09-01-a-i0001,5618,5641,M. le capitaine Jacobel,NIL,PER,NIL,M. le capitaine Jacobel,no,0
EXP-1808-09-01-a-i0001,6284,6299,M. ne Charrière,NIL,PER,NIL,M. ne Charrière,no,0
EXP-1808-09-01-a-i0001,6504,6510,Preyla,NIL,LOC,NIL,Preyla,No.,0
EXP-1808-09-01-a-i0001,6557,6566,Chatenaya,NIL,LOC,NIL,Chatenaya,no,0
EXP-1808-09-01-a-i0001,6628,6652,sieurs Jean-David Mauley,NIL,PER,NIL,sieurs Jean-David Mauley,No.,0
EXP-1808-09-01-a-i0001,6657,6670,Jean Confesse,NIL,PER,NIL,Jean Confesse,no,0
EXP-1808-09-01-a-i0001,6746,6761,Félix Tinembart,NIL,PER,NIL,Félix Tinembart,No.,0
EXP-1808-09-01-a-i0001,6906,6912,Bevaix,Q68700,LOC,Q68700,Bevaix,"```json {""wikipedia_page"":""Bevaix"",""wikidata_id"":""Q68700""} ```",32.03187561035156
EXP-1808-09-01-a-i0001,7044,7053,Neuchatel,Q69345,LOC,Q69345,Neuchâtel,"{""wikipedia_page"": ""Neuchâtel"", ""wikidata_id"": ""Q69345""}",28.054710388183594
EXP-1808-09-01-a-i0001,7516,7522,Bevaix,Q68700,LOC,Q68700,Bevaix,"```json {""wikipedia_page"":""Bevaix"", ""wikidata_id"":""Q68700""} ```",25.669740676879883
EXP-1808-09-01-a-i0001,7560,7583,"J. -J. PERNET, greffier",NIL,PER,NIL,"J. -J. PERNET, greffier",No,0
EXP-1808-09-01-a-i0001,7608,7614,M. Roy,NIL,PER,NIL,M. Roy,```json {} ```,0
EXP-1828-06-12-a-i0001,38,95,"César d'Ivernois, conseiller d'Etat et maire de Colombier",NIL,PER,NIL,"César d'Ivernois, conseiller d'Etat et maire de Colombier",no,0
EXP-1828-06-12-a-i0001,538,556,AL Fiançois. Racle,NIL,PER,NIL,AL Fiançois. Racle,"Based on the provided text and list of candidates, the entity mentioned within the [ENT] tags is not a match with any of the provided candidates with high confidence. Therefore, the response is an empty JSON object. ```json {} ```",0
EXP-1828-06-12-a-i0001,706,718,AlAL Millier,NIL,PER,NIL,AlAL Millier,```json {} ```,0
EXP-1828-06-12-a-i0001,720,739,Sivary père et Comp,NIL,PER,NIL,Sivary père et Comp,No,0
EXP-1828-06-12-a-i0001,972,977,Berne,Q70,LOC,Q70,Berne,"```json {""wikipedia_page"":""Berne"", ""wikidata_id"":""Q70""} ```",29.55694007873535
EXP-1828-06-12-a-i0001,2167,2172,Berne,Q70,LOC,Q70,Berne,"Based on the provided text and the list of candidates, the entity mentioned between the [ENT] tags is ""Berne"". The most appropriate Wikidata entity from the given list of candidates is: ```json { ""wikipedia_page"": ""Berne"", ""wikidata_id"": ""Q70"" } ```",26.120615005493164
EXP-1828-06-12-a-i0001,2499,2562,"Al. Freudenreich, lieutenant d'Avoyer de la Préfecture de Berne",NIL,PER,NIL,"Al. Freudenreich, lieutenant d'Avoyer de la Préfecture de Berne",```json {} ```,0
EXP-1828-06-12-a-i0001,4472,4546,"lesecrétairc-de-viUe et président de la Commission de santé, G .-F. GALLOT",NIL,PER,NIL,"lesecrétairc-de-viUe et président de la Commission de santé, G .-F. GALLOT",no,0
EXP-1828-06-12-a-i0001,4602,4656,M la grand baillive de Gingins-Chevilly née Pillichody,NIL,PER,NIL,M la grand baillive de Gingins-Chevilly née Pillichody,no,0
EXP-1828-06-12-a-i0001,4996,5004,St. Jean,NIL,LOC,NIL,St. Jean,no,0
EXP-1828-06-12-a-i0001,5126,5169,"Seigneur Fischer, _giand baillif de Cerlier",NIL,PER,NIL,"Seigneur Fischer, _giand baillif de Cerlier",no,0
EXP-1828-06-12-a-i0001,5291,5321,AL le Comte Louis de Pourtalès,Q60107781,PER,Q60107781,Louis de Pourtalès,"Based on the input text and the list of candidates, the entity mentioned between the [ENT] tags is ""Louis de Pourtalès"". The most appropriate Wikidata entity from the given list is ""Louis de Pourtalès"" with Wikidata ID ""Q60107781"". ```json {""wikipedia_page"":""Louis de Pourtalès"", ""wikidata_id"":""Q60107781""} ```",12.985447883605957
EXP-1828-06-12-a-i0001,6108,6143,"Aîons d'Ivernois, conseiller d'Etat",NIL,PER,NIL,"Aîons d'Ivernois, conseiller d'Etat",no,0
EXP-1828-06-12-a-i0001,6524,6536,Liechtenhann,NIL,PER,NIL,Liechtenhann,no,0
EXP-1828-06-12-a-i0001,7795,7801,LeSage,Q267962,PER,Q267962,Alain-René Lesage,"Based on the provided text and the list of candidates, the reference marked by [ENT] tags was ""LeSage"" and ""Lesage"". Among the candidates, the most appropriate Wikidata entity for ""LeSage"" and ""Lesage"" based on the context is: - Alain-René Lesage ```json {""wikipedia_page"":""Alain-René Lesage"", ""wikidata_id"":""Q267962""} ```",19.467878341674805
EXP-1828-06-12-a-i0001,8033,8059,"Sieur Quinche, instituteur",NIL,PER,NIL,"Sieur Quinche, instituteur",no,0
EXP-1828-06-12-a-i0001,8182,8191,Neuchâtel,Q69345,LOC,Q69345,Neuchâtel,"```json {""wikipedia_page"": ""Neuchâtel"", ""wikidata_id"": ""Q69345""} ```",24.360910415649414
EXP-1828-06-12-a-i0001,8197,8222,Al. le châtelain Alonvert,NIL,PER,NIL,Al. le châtelain Alonvert,No,0
EXP-1828-06-12-a-i0001,8370,8377,J. Dorn,NIL,PER,NIL,J. Dorn,```json {} ```,0
EXP-1828-06-12-a-i0001,8866,8874,Mulhouse,Q79815,LOC,Q79815,Mulhouse,"Based on the input text and the list of candidates, the entity mentioned between the [ENT] tags can be disambiguated as follows: ```json { ""wikipedia_page"": ""Mulhouse"", ""wikidata_id"": ""Q79815"" } ``` The correct Wikidata entity for ""Mulhouse"" in the given context is ""Mulhouse"" with Wikidata ID ""Q79815"".",23.317779541015625
EXP-1828-06-12-a-i0001,9526,9542,Al Julie Steiner,NIL,PER,NIL,Al Julie Steiner,no,0
EXP-1828-06-12-a-i0001,9753,9761,Florence,Q2044,LOC,Q2044,Florence,"Upon analyzing the input text, the [ENT] tags reference ""Florence"" twice. Among the provided candidates, the entity most likely to refer to the city of Florence, Italy, is the one with the Wikidata ID 'Q2044' and the Wikipedia page title ""Florence"". This entity corresponds to the city in Toscane, Italy. Therefore, the JSON output is: ```json {""wikipedia_page"":""Florence"", ""wikidata_id"":""Q2044""} ```",17.419464111328125
EXP-1828-06-12-a-i0001,9813,9827,M veuve Benoit,NIL,PER,NIL,M veuve Benoit,no,0
EXP-1828-06-12-a-i0001,9839,9857,Al. Aleuron-Perret,NIL,PER,NIL,Al. Aleuron-Perret,no,0
EXP-1828-06-12-a-i0001,9876,9904,"Em. Alatthey, bottier du Roi",NIL,PER,NIL,"Em. Alatthey, bottier du Roi",no,0
EXP-1828-06-12-a-i0001,9986,9991,Paris,Q90,LOC,Q90,Paris,"Based on the input text and the provided list of candidates, the disambiguated Wikidata entity is: ```json { ""wikipedia_page"": ""Paris"", ""wikidata_id"": ""Q90"" } ```",17.51508903503418
EXP-1828-06-12-a-i0001,10367,10386,Fanchette Philippin,NIL,PER,NIL,Fanchette Philippin,no,0
EXP-1828-06-12-a-i0001,10550,10573,"Jean Schlatter, fermier",NIL,PER,NIL,"Jean Schlatter, fermier",```json {} ```,0
EXP-1828-06-12-a-i0001,10577,10587,M. de Luze,NIL,PER,NIL,M. de Luze,no,0
EXP-1828-06-12-a-i0001,10593,10607,Prés de _Reuse,NIL,LOC,NIL,Prés de _Reuse,no,0
EXP-1828-06-12-a-i0001,10741,10755,"Marti, sellier",NIL,PER,NIL,"Marti, sellier",no,0
EXP-1828-06-12-a-i0001,10792,10813,lithographie Gagnebin,NIL,ORG,NIL,lithographie Gagnebin,no,0
EXP-1828-06-12-a-i0001,10859,10866,Annonay,Q238366,LOC,Q238366,Annonay,"```json { ""wikipedia_page"": ""Annonay"", ""wikidata_id"": ""Q238366"" } ```",24.4564266204834
EXP-1828-06-12-a-i0001,10977,10989,Al Wittnauer,NIL,PER,NIL,Al Wittnauer,no,0
EXP-1828-06-12-a-i0001,11016,11031,AI Wavre-Wattel,NIL,PER,NIL,AI Wavre-Wattel,no,0
EXP-1828-06-12-a-i0001,12080,12100,AlAL Pettavel frères,NIL,PER,NIL,AlAL Pettavel frères,no,0
EXP-1828-06-12-a-i0001,12194,12202,Provence,Q101081,LOC,Q101081,Provence,"```json { ""wikipedia_page"": "" Provence"", ""wikidata_id"": ""Q101081"" } ```",19.460548400878906
EXP-1828-06-12-a-i0001,12338,12348,C. Steiner,NIL,PER,NIL,C. Steiner,```json {} ```,0
EXP-1828-06-12-a-i0001,12360,12378,AI. DeLuzc-De-Luze,NIL,PER,NIL,AI. DeLuzc-De-Luze,no,0
EXP-1858-05-08-a-i0001,325,334,Neuchâtel,Q69345,LOC,Q69345,Neuchâtel,"Given the input text and the list of candidates, the entity ""Neuchâtel"" is most clearly referred to as a city in Switzerland. Therefore, the appropriate Wikidata entity is: ```json {""wikipedia_page"": ""Neuchâtel"", ""wikidata_id"": ""Q69345""} ```",27.244739532470703
EXP-1858-05-08-a-i0001,587,629,"citoyen Frédéric-Auguste Mathey, pierrisle",NIL,PER,NIL,"citoyen Frédéric-Auguste Mathey, pierrisle",no,0
EXP-1858-05-08-a-i0001,644,649,Locle,Q64093,LOC,Q64093,Le Locle,"{""wikipedia_page"":""Le Locle"", ""wikidata_id"":""Q64093""}",25.162752151489258
EXP-1858-05-08-a-i0001,725,730,Locle,Q64093,LOC,Q64093,Le Locle,"```json { ""wikipedia_page"": ""Le Locle"", ""wikidata_id"": ""Q64093"" } ```",25.072433471679688
EXP-1858-05-08-a-i0001,868,873,Locle,Q64093,LOC,Q64093,Le Locle,"```json {""wikipedia_page"":""Le Locle"", ""wikidata_id"":""Q64093""} ```",26.00568389892578
EXP-1858-05-08-a-i0001,1037,1042,Locle,Q64093,LOC,Q64093,Le Locle,"Given the input text and the list of candidates, the entity mentioned between the [ENT] tags is ""Le Locle"", which is a commune in Switzerland. Here is the JSON response: ```json {""wikipedia_page"":""Le Locle"", ""wikidata_id"":""Q64093""} ```",24.333850860595703
EXP-1858-05-08-a-i0001,1272,1314,citoyen L _' -Edouard Uuguenin-Witillcmiii,NIL,PER,NIL,citoyen L _' -Edouard Uuguenin-Witillcmiii,no,0
EXP-1858-05-08-a-i0001,1319,1324,Locle,Q64093,LOC,Q64093,Le Locle,"Based on the provided input text, the reference marked by [ENT] tags seems to refer to the town ""Le Locle"" in Switzerland. This town is a commune in the canton of Neuchâtel. Given the JSON list of candidates, the most appropriate Wikidata entity for ""Le Locle"" is: ```json {""wikipedia_page"": ""Le Locle"", ""wikidata_id"": ""Q64093""} ```",26.049747467041016
EXP-1858-05-08-a-i0001,1363,1368,Locle,Q64093,LOC,Q64093,Le Locle,"Based on the provided input text and the list of candidates, the entity [ENT] is mentioned within the phrase `[ENT] Locle [ENT]`. Given the historical context and the location-related nature of the text, the most appropriate Wikidata entity from the provided list is 'Le Locle' (Wikidata ID: Q64093). Here is the JSON response: ```json { ""wikipedia_page"": ""Le Locle"", ""wikidata_id"": ""Q64093"" } ```",25.764846801757812
EXP-1858-05-08-a-i0001,1382,1398,Charles-Frédéric,NIL,PER,NIL,Charles-Frédéric,no,0
EXP-1858-05-08-a-i0001,1541,1546,Locle,Q64093,LOC,Q64093,Le Locle," { ""wikipedia_page"": ""Le Locle"", ""wikidata_id"": ""Q64093"" }",28.020549774169922
EXP-1858-05-08-a-i0001,1902,1907,Locle,Q64093,LOC,Q64093,Le Locle,"Based on the provided input text and the list of candidates, the most appropriate Wikidata entity for the entity mentioned between the [ENT] tags is ""Le Locle"" with the following details: ```json {""wikipedia_page"": ""Le Locle"", ""wikidata_id"": ""Q64093""} ```",28.0207462310791
EXP-1858-05-08-a-i0001,2130,2135,Locle,Q64093,LOC,Q64093,Le Locle,"Based on the provided text and list of candidates, the entity mentioned between the [ENT] tags is ""Locle"". The most appropriate Wikidata entity from the given list is: ```json {""wikipedia_page"":""Le Locle"", ""wikidata_id"":""Q64093""} ```",23.7226619720459
EXP-1858-05-08-a-i0001,2221,2252,citoyen Jules relet-Courvoisicr,NIL,PER,NIL,citoyen Jules relet-Courvoisicr,no,0
EXP-1858-05-08-a-i0001,2259,2264,Locle,Q64093,LOC,Q64093,Le Locle,"{ ""wikipedia_page"": ""Le Locle"", ""wikidata_id"": ""Q64093"" }",24.46117401123047
EXP-1858-05-08-a-i0001,2278,2321,"Philibert Pcrrelet, marchand de fournitures",NIL,PER,NIL,"Philibert Pcrrelet, marchand de fournitures",no,0
EXP-1858-05-08-a-i0001,2336,2341,Locle,Q64093,LOC,Q64093,Le Locle,"Given the text and the list of candidates, the entity mentioned between the [ENT] tags is ""Le Locle"". Here is the JSON-formatted answer with the selected Wikidata entity: ```json { ""wikipedia_page"": ""Le Locle"", ""wikidata_id"": ""Q64093"" } ``` The entity tagged with [ENT] is ""Le Locle"", and the candidate from the list that matches this entity is also named ""Le Locle"".",27.53668212890625
EXP-1858-05-08-a-i0001,2663,2697,ciloyen Jules Perrelet-Courvoisicr,NIL,PER,NIL,ciloyen Jules Perrelet-Courvoisicr,no,0
EXP-1858-05-08-a-i0001,3148,3188,"citoyen Charles Bastide, ancien coiffeur",NIL,PER,NIL,"citoyen Charles Bastide, ancien coiffeur",```json {} ```,0
EXP-1858-05-08-a-i0001,3425,3442,la Chaux-de-Fonds,Q68124,LOC,Q68124,La Chaux-de-Fonds,"```json { ""wikipedia_page"": ""La Chaux-de-Fonds"", ""wikidata_id"": ""Q68124"" } ```",27.89484977722168
EXP-1858-05-08-a-i0001,3669,3677,de-Fonds,Q68124,LOC,Q68124,La Chaux-de-Fonds,"{ ""wikipedia_page"": ""La Chaux-de-Fonds"", ""wikidata_id"": ""Q68124"" }",19.615856170654297
EXP-1858-05-08-a-i0001,3979,3993,Chaux-de-Fonds,Q68124,LOC,Q68124,La Chaux-de-Fonds,"Based on the provided text and the list of candidates, the entities mentioned between the [ENT] tags are ""Chaux-de-Fonds"" and ""Chaux-de-Fonds"". The most appropriate Wikidata entity for both of these mentions is: ```json {""wikipedia_page"": ""La Chaux-de-Fonds"", ""wikidata_id"": ""Q68124""} ```",25.8674259185791
EXP-1858-05-08-a-i0001,4167,4184,la Chaux-de-Fonds,Q68124,LOC,Q68124,La Chaux-de-Fonds,"```json {""wikipedia_page"": ""La Chaux-de-Fonds"", ""wikidata_id"": ""Q68124""} ```",24.225135803222656
EXP-1858-05-08-a-i0001,4354,4371,la Chaux-de-Fonds,Q68124,LOC,Q68124,La Chaux-de-Fonds,"```json {""wikipedia_page"":""La Chaux-de-Fonds"", ""wikidata_id"":""Q68124""} ```",28.424148559570312
EXP-1858-05-08-a-i0001,4972,5002,i toyen Henri-François Duvanel,NIL,PER,NIL,i toyen Henri-François Duvanel,no,0
EXP-1868-04-22-a-i0042,560,573,colonel Payre,NIL,PER,NIL,colonel Payre,no,0
EXP-1868-04-22-a-i0042,623,631,Thédoros,NIL,PER,NIL,Thédoros,no,0
EXP-1868-04-22-a-i0042,940,948,M Pocbin,NIL,PER,NIL,M Pocbin,no,0
EXP-1868-04-22-a-i0042,1003,1009,France,Q142,LOC,Q142,France,"Given the context and the list of candidates, the entity ""France"" is mentioned in the text. Among the candidates provided, there is a matching candidate: ```json {""wikipedia_page"":""France"", ""wikidata_id"":""Q142""} ``` Therefore, the JSON response is: ```json {""wikipedia_page"":""France"", ""wikidata_id"":""Q142""} ```",19.915027618408203
EXP-1868-04-22-a-i0042,1132,1139,Hérault,Q12545,LOC,Q12545,Hérault,"```json {""wikipedia_page"": ""Hérault"", ""wikidata_id"": ""Q12545""} ```",27.930484771728516
EXP-1868-04-22-a-i0042,1146,1160,Montagne-Noire,Q1509963,LOC,Q1509963,Montagne Noire,"{ ""wikipedia_page"": ""Montagne Noire"", ""wikidata_id"": ""Q1509963"" }",22.136783599853516
EXP-1868-04-22-a-i0042,1284,1299,vallée du Rhône,Q2747791,LOC,Q2747791,vallée du Rhône,"```json {""wikipedia_page"":""vallée du Rhône"", ""wikidata_id"":""Q2747791""} ```",23.00933074951172
EXP-1868-04-22-a-i0042,1679,1685,Valais,Q834,LOC,Q834,canton du Valais,"Based on the provided text and list of candidates, the entity within the [ENT] tags is ""Valais"". The most appropriate Wikidata entity from the list of candidates is: ```json {""wikipedia_page"":""canton du Valais"", ""wikidata_id"":""Q834""} ```",17.978801727294922
EXP-1868-04-22-a-i0042,1771,1782,Haul-Valaîs,Q3128417,LOC,Q3128417,Haut-Valais,"```json {""wikipedia_page"":""Haut-Valais"", ""wikidata_id"":""Q3128417""} ```",16.370420455932617
EXP-1868-04-22-a-i0042,1793,1797,Sion,Q68136,LOC,Q68136,Sion,"```json {""wikipedia_page"":""Sion"", ""wikidata_id"":""Q68136""} ```",18.88836669921875
EXP-1868-04-22-a-i0042,1975,1987,Buénos-Ayrcs,Q1486,LOC,Q1486,Buenos Aires,"```json {""wikipedia_page"":""Buenos Aires"", ""wikidata_id"":""Q1486""} ```",15.730308532714844
EXP-1868-04-22-a-i0042,1993,2003,Montevideo,Q1335,LOC,Q1335,Montevideo,"```json {""wikipedia_page"":""Montevideo"",""wikidata_id"":""Q1335""} ```",25.547346115112305
EXP-1868-04-22-a-i0042,2046,2061,Amérique du Sud,Q18,LOC,Q18,Amérique du Sud,"Based on the provided text and list of candidates, the most appropriate Wikidata entity for the [ENT] tag in the input text is: ```json {""wikipedia_page"":""Amérique du Sud"", ""wikidata_id"":""Q18""} ``` This matches the entity ""Amérique du Sud"" mentioned in the text.",23.541778564453125
EXP-1868-04-22-a-i0042,2134,2143,NEUCHATEL,Q69345,LOC,Q69345,Neuchâtel,"```json {""wikipedia_page"":""Neuchâtel"", ""wikidata_id"":""Q69345""} ```",7.8083600997924805
EXP-1868-04-22-a-i0042,2266,2281,VUnion libérale,NIL,PROD,NIL,VUnion libérale,no,0
EXP-1868-04-22-a-i0042,2937,2959,M. le professeur Desor,NIL,PER,NIL,M. le professeur Desor,"Based on the provided text, the entities between the [ENT] tags are ""M. le professeur Desor"" and ""M. Angus."" After examining the list of candidates, neither ""M. le professeur Desor"" nor ""M. Angus"" are present in the list of candidates. Therefore, the most appropriate action is to return an empty JSON object. ```json {} ```",0
EXP-1868-04-22-a-i0042,3050,3096,"M. Angus ! e Quartier-La Tente, démissionnaire",NIL,PER,NIL,"M. Angus ! e Quartier-La Tente, démissionnaire",no,0
EXP-1868-04-22-a-i0042,3906,3919,Fontainemclon,Q68544,LOC,Q68544,Fontainemelon,"Based on the provided text and the list of candidates, the disambiguated entity for [ENT] Fontainemclon [ENT] is: ```json {""wikipedia_page"":""Fontainemelon"", ""wikidata_id"":""Q68544""} ``` The closest match from the given candidates is ""Fontainemelon"".",23.276132583618164
EXP-1868-04-22-a-i0042,4077,4084,Môliers,NIL,LOC,NIL,Môliers,no,0
EXP-1868-04-22-a-i0042,4101,4108,jeune R,NIL,PER,NIL,jeune R,no,0
EXP-1878-02-14-a-i0050,29,35,Pie IX,Q43720,PER,Q43720,Pie IX,"Based on the provided text and the list of candidates, the entity mentioned between the [ENT] tags is likely ""Pie IX"". Here's the JSON response: ```json {""wikipedia_page"":""Pie IX"", ""wikidata_id"":""Q43720""} ```",29.378997802734375
EXP-1878-02-14-a-i0050,1348,1352,Rome,Q220,LOC,Q220,Rome,"```json { ""wikipedia_page"": ""Rome"", ""wikidata_id"": ""Q220"" } ```",22.217744827270508
EXP-1878-02-14-a-i0050,1406,1417,Saint-Siège,Q159583,ORG,Q159583,Saint-Siège,"```json { ""wikipedia_page"": ""Saint-Siège"", ""wikidata_id"": ""Q159583"" } ```",25.568601608276367
EXP-1878-02-14-a-i0050,1507,1516,St-Pierre,Q12512,LOC,Q12512,basilique Saint-Pierre,"```json { ""wikipedia_page"": ""basilique Saint-Pierre"", ""wikidata_id"": ""Q12512"" } ```",24.938756942749023
EXP-1878-02-14-a-i0050,1649,1655,Pie IX,Q43720,PER,Q43720,Pie IX,"```json { ""wikipedia_page"": ""Pie IX"", ""wikidata_id"": ""Q43720"" } ```",30.615703582763672
EXP-1878-02-14-a-i0050,2059,2075,chapelle Sixtine,Q2943,LOC,Q2943,chapelle Sixtine,"Based on the input text and the list of candidates, the entity tagged by [ENT] is ""chapelle Sixtine"". The most appropriate Wikidata entity from the given list is: ```json {""wikipedia_page"":""chapelle Sixtine"", ""wikidata_id"":""Q2943""} ```",31.379772186279297
EXP-1878-02-14-a-i0050,2077,2084,LONDRES,Q84,LOC,Q84,Londres,"```json {""wikipedia_page"":""Londres"", ""wikidata_id"":""Q84""} ```",25.439233779907227
EXP-1878-02-14-a-i0050,2169,2183,Constantinople,Q16869,LOC,Q16869,Constantinople,"Based on the analysis of the provided input text and the list of candidates, the entity mentioned between the [ENT] tags is ""Constantinople"". The most appropriate Wikidata entity from the given list of candidates is ""Constantinople"". ```json {""wikipedia_page"": ""Constantinople"", ""wikidata_id"": ""Q16869""} ```",26.758094787597656
EXP-1878-02-14-a-i0050,2201,2208,Turquie,Q43,LOC,Q43,Turquie,"```json { ""wikipedia_page"": ""Turquie"", ""wikidata_id"": ""Q43"" } ```",19.59908103942871
EXP-1878-02-14-a-i0050,2299,2313,Constantinople,Q16869,LOC,Q16869,Constantinople,"```json { ""wikipedia_page"": ""Constantinople"", ""wikidata_id"": ""Q16869"" } ```",25.956167221069336
EXP-1878-02-14-a-i0050,2318,2330,Morning-Post,Q1750567,PROD,Q1750567,Morning Post,"Based on the text provided, the entity mentioned between the [ENT] tags is ""Morning-Post"". The most appropriate Wikidata entity from the given list of candidates is: ```json {""wikipedia_page"":""Morning Post"", ""wikidata_id"":""Q1750567""} ```",21.491249084472656
EXP-1878-02-14-a-i0050,2342,2348,Berlin,Q64,LOC,Q64,Berlin,"```json { ""wikipedia_page"": ""Berlin"", ""wikidata_id"": ""Q64"" } ```",20.847864151000977
EXP-1878-02-14-a-i0050,2402,2411,Reichstag,Q160208,ORG,Q160208,Reichstag,"Based on the provided text and the list of candidates, the appropriate Wikidata entity for the term ""Reichstag"" is: ```json {""wikipedia_page"":""Reichstag"", ""wikidata_id"":""Q160208""} ``` This entity corresponds to the ""assemblée parlementaire sous l’Empire allemand,"" which is the most fitting description for the context given in the text.",21.587121963500977
EXP-1878-02-14-a-i0050,2699,2705,Russie,Q34266,LOC,Q34266,Empire russe,"{""wikipedia_page"":""Empire russe"", ""wikidata_id"":""Q34266""}",16.70232582092285
EXP-1878-02-14-a-i0050,2865,2874,Gibraltar,Q1410,LOC,Q1410,Gibraltar,"```json { ""wikipedia_page"": ""Gibraltar"", ""wikidata_id"": ""Q1410"" } ```",25.83039093017578
EXP-1878-02-14-a-i0050,3004,3010,Levant,Q81483,LOC,Q81483,Levant,"```json { ""wikipedia_page"": ""Levant"", ""wikidata_id"": ""Q81483"" } ```",17.40966796875
EXP-1878-02-14-a-i0050,3116,3130,ST-PéTEESBODEG,Q656,LOC,Q656,Saint-Pétersbourg,"```json { ""wikipedia_page"": ""Saint-Pétersbourg"", ""wikidata_id"": ""Q656"" } ```",12.505277633666992
EXP-1878-02-14-a-i0050,3149,3168,prince Gortschakoff,Q327020,PER,Q327020,Alexandre Gortchakov,"```json {""wikipedia_page"": ""Alexandre Gortchakov"", ""wikidata_id"": ""Q327020""} ```",24.85418128967285
EXP-1878-02-14-a-i0050,3220,3227,Londres,Q84,LOC,Q84,Londres,"```json {""wikipedia_page"":""Londres"", ""wikidata_id"":""Q84""} ```",22.00461196899414
EXP-1878-02-14-a-i0050,3238,3242,Rome,Q220,LOC,Q220,Rome,"Based on the given text, the entity mentioned between the [ENT] tags is ""Rome"". Among the provided candidates, the most appropriate Wikidata entity is: ```json { ""wikipedia_page"": ""Rome"", ""wikidata_id"": ""Q220"" } ```",19.81312370300293
EXP-1878-02-14-a-i0050,3695,3709,Constantinople,Q16869,LOC,Q16869,Constantinople,"```json { ""wikipedia_page"": ""Constantinople"", ""wikidata_id"": ""Q16869"" } ```",24.092004776000977
EXP-1918-09-10-a-i0035,234,251,canton de Schwytz,Q12433,LOC,Q12433,canton de Schwytz,"```json { ""wikipedia_page"": ""canton de Schwytz"", ""wikidata_id"": ""Q12433"" } ```",30.642745971679688
EXP-1918-09-10-a-i0035,531,537,Suisse,Q39,LOC,Q39,Suisse,"{ ""wikipedia_page"": ""Suisse"", ""wikidata_id"": ""Q39"" }",23.207263946533203
EXP-1918-09-10-a-i0035,1534,1539,Berne,Q70,LOC,Q70,Berne,"```json { ""wikipedia_page"": ""Berne"", ""wikidata_id"": ""Q70"" } ```",13.59479808807373
EXP-1918-09-10-a-i0035,1666,1689,Lo Journal des Hellènes,NIL,PROD,NIL,Lo Journal des Hellènes,no,0
EXP-1918-09-10-a-i0035,1827,1840,Echo de Grèce,NIL,PROD,NIL,Echo de Grèce,```json {} ```,0
EXP-1918-09-10-a-i0035,2289,2305,Conseil National,Q676078,ORG,Q676078,Conseil national,"```json {""wikipedia_page"":""Conseil national"", ""wikidata_id"":""Q676078""} ```",24.663129806518555
EXP-1918-09-10-a-i0035,2453,2469,Conseil national,Q676078,ORG,Q676078,Conseil national,"```json {""wikipedia_page"": ""Conseil national"", ""wikidata_id"": ""Q676078""} ```",26.909889221191406
EXP-1918-09-10-a-i0035,2499,2514,__ etall ___. —,NIL,ORG,NIL,__ etall ___. —,"```json { ""wikipedia_page"": """", ""wikidata_id"": """" } ```",0
EXP-1918-09-10-a-i0035,2629,2640,Jules Bloch,Q3188436,PER,Q3188436,Jules Bloch,"```json {""wikipedia_page"": ""Jules Bloch"", ""wikidata_id"": ""Q3188436""} ```",27.779747009277344
EXP-1918-09-10-a-i0035,2957,3001,"Metallum, société anonyme avec siège à Berne",NIL,ORG,NIL,"Metallum, société anonyme avec siège à Berne",```json {} ```,0
EXP-1918-09-10-a-i0035,3256,3267,Jules Bloch,Q3188436,PER,Q3188436,Jules Bloch,"Based on the provided input text, the entity mentioned between the [ENT] tags is ""Jules Bloch"". Among the provided candidates, the most appropriate Wikidata entity is: ```json { ""wikipedia_page"": ""Jules Bloch"", ""wikidata_id"": ""Q3188436"" } ``` This entity corresponds to the French Indianist of the same name.",31.000024795532227
EXP-1918-09-10-a-i0035,3361,3369,Metallum,NIL,ORG,NIL,Metallum,no,0
EXP-1918-09-10-a-i0035,3678,3688,outre-Rhin,NIL,LOC,NIL,outre-Rhin, no,0
EXP-1918-09-10-a-i0035,3762,3776,M. de Rathenau,Q135645,PER,Q135645,Walther Rathenau,"```json {""wikipedia_page"":""Walther Rathenau"", ""wikidata_id"":""Q135645""} ```",20.51226043701172
EXP-1918-09-10-a-i0035,3852,3860,Metallum,NIL,ORG,NIL,Metallum,no,0
EXP-1918-09-10-a-i0035,3877,3890,M. Schulthess,Q118243,PER,Q118243,Edmund Schulthess,"```json { ""wikipedia_page"": ""Edmund Schulthess"", ""wikidata_id"": ""Q118243"" } ```",22.484725952148438
EXP-1918-09-10-a-i0035,3930,3939,Démocrate,NIL,PROD,NIL,Démocrate,```json {} ```,0
EXP-1918-09-10-a-i0035,4118,4132,M. Jules Bloch,Q3188436,PER,Q3188436,Jules Bloch,"```json { ""wikipedia_page"": ""Jules Bloch"", ""wikidata_id"": ""Q3188436"" } ```",21.051189422607422
EXP-1918-09-10-a-i0035,4417,4487,"M. Achille Rossé, ancien employé du département de l'économie publique",NIL,PER,NIL,"M. Achille Rossé, ancien employé du département de l'économie publique",no,0
EXP-1918-09-10-a-i0035,4872,4880,C. F. F.,Q83835,ORG,Q83835,Chemins de fer fédéraux suisses,"```json { ""wikipedia_page"": ""Chemins de fer fédéraux suisses"", ""wikidata_id"": ""Q83835"" } ```",25.259326934814453
EXP-1918-09-10-a-i0035,5500,5508,Germanie,Q183,LOC,Q183,Allemagne,"```json { ""wikipedia_page"": ""Allemagne"", ""wikidata_id"": ""Q183"" } ```",18.02177619934082
EXP-1918-09-10-a-i0035,5544,5554,Decauville,Q240681,ORG,Q240681,Decauville,"Based on the provided text, the entity mentioned between the [ENT] tags is ""Decauville"". The most appropriate Wikidata entity from the given list of candidates is: ```json { ""wikipedia_page"": ""Decauville"", ""wikidata_id"": ""Q240681"" } ```",15.304821968078613
EXP-1918-09-10-a-i0035,5908,5918,Decauville,Q240681,ORG,Q240681,Decauville,"Given the input text and the list of candidates, the entity mentioned between the [ENT] tags is likely ""Decauville"". ```json {""wikipedia_page"":""Decauville"", ""wikidata_id"":""Q240681""} ```",19.039531707763672
EXP-1918-09-10-a-i0035,6471,6482,Schaffhouse,Q9009,LOC,Q9009,Schaffhouse,"```json {""wikipedia_page"":""Schaffhouse"", ""wikidata_id"":""Q9009""} ```",30.70684051513672
EXP-1918-09-10-a-i0035,6827,6832,BERNE,Q70,LOC,Q70,Berne,"```json {""wikipedia_page"": ""Berne"", ""wikidata_id"": ""Q70""} ```",29.39495086669922
EXP-1918-09-10-a-i0035,7056,7062,VALAIS,Q834,LOC,Q834,canton du Valais,"```json {""wikipedia_page"": ""canton du Valais"", ""wikidata_id"": ""Q834""} ```",21.168132781982422
EXP-1918-09-10-a-i0035,7146,7153,Monthey,Q64051,LOC,Q64051,Monthey,"Based on the provided input text and candidate list, the entity mentioned between the [ENT] tags is ""Monthey"". The most appropriate Wikidata entity from the list of candidates is: ```json { ""wikipedia_page"": ""Monthey"", ""wikidata_id"": ""Q64051"" } ```",23.372507095336914
EXP-1918-09-10-a-i0035,7543,7548,Bulle,Q68308,LOC,Q68308,Bulle,"```json {""wikipedia_page"":""Bulle"", ""wikidata_id"":""Q68308""} ```",28.854427337646484
EXP-1918-09-10-a-i0035,8067,8090,"Mme veuve Gremaud, Riaz",NIL,PER,NIL,"Mme veuve Gremaud, Riaz",No.,0
EXP-1918-09-10-a-i0035,8389,8415,"M. Musy, conseiller d'Etat",Q674180,PER,Q674180,Jean-Marie Musy,"Based on the provided text and the list of candidates, the entity mentioned between the [ENT] tags is ""M. Musy"". From the list of candidates, the most appropriate Wikidata entity is: ```json { ""wikipedia_page"": ""Jean-Marie Musy"", ""wikidata_id"": ""Q674180"" } ```",15.25015640258789
EXP-1918-09-10-a-i0035,8540,8546,GENÈVE,Q71,LOC,Q71,Genève,"```json { ""wikipedia_page"": ""Genève"", ""wikidata_id"": ""Q71"" } ```",27.060396194458008
EXP-1918-09-10-a-i0035,8724,8750,"M. Willemin, jeune radical",NIL,PER,NIL,"M. Willemin, jeune radical",```json {} ```,0
EXP-1918-09-10-a-i0035,8881,8908,réfractaire turc nommé Seni,NIL,PER,NIL,réfractaire turc nommé Seni,no,0
EXP-1918-09-10-a-i0035,9067,9073,Genève,Q71,LOC,Q71,Genève,"```json { ""wikipedia_page"": ""Genève"", ""wikidata_id"": ""Q71"" } ```",24.971099853515625
EXP-1918-12-13-a-i0061,78,83,Berne,Q70,LOC,Q70,Berne,"```json { ""wikipedia_page"": ""Berne"", ""wikidata_id"": ""Q70"" } ```",20.699567794799805
EXP-1918-12-13-a-i0061,111,126,Conseil fédéral,Q30917,ORG,Q30917,Conseil fédéral,"```json {""wikipedia_page"":""Conseil fédéral"", ""wikidata_id"":""Q30917""} ```",24.536279678344727
EXP-1918-12-13-a-i0061,144,162,Chambres fédérales,Q684719,ORG,Q684719,Assemblée fédérale suisse,"The entity mentioned between the [ENT] tags in the input text is ""Chambres fédérales"". The most appropriate Wikidata entity from the given list of candidates is ""Assemblée fédérale suisse"". ```json {""wikipedia_page"":""Assemblée fédérale suisse"", ""wikidata_id"":""Q684719""} ```",22.99169921875
EXP-1918-12-13-a-i0061,297,312,Conseil fédéral,Q30917,ORG,Q30917,Conseil fédéral,"Based on the input text and the provided list of candidates, the entity mentioned between the [ENT] tags is most likely the ""Conseil fédéral"" of Switzerland. This entity corresponds to the ""Conseil fédéral"" with Wikidata ID ""Q30917"" and Wikipedia page title ""Conseil fédéral"". Here is the JSON-formatted answer: ```json {""wikipedia_page"":""Conseil fédéral"", ""wikidata_id"":""Q30917""} ```",23.600011825561523
EXP-1918-12-13-a-i0061,344,362,Chambres fédérales,Q684719,ORG,Q684719,Assemblée fédérale suisse,"```json {""wikipedia_page"":""Assemblée fédérale suisse"", ""wikidata_id"":""Q684719""} ```",18.826814651489258
EXP-1918-12-13-a-i0061,874,880,Zurich,Q72,LOC,Q72,Zurich,"```json { ""wikipedia_page"": ""Zurich"", ""wikidata_id"": ""Q72"" } ```",22.419204711914062
EXP-1918-12-13-a-i0061,922,930,M. Ryser,Q18633299,PER,Q18633299,Émile Ryser,"```json {""wikipedia_page"":""Émile Ryser"", ""wikidata_id"":""Q18633299""} ```",19.95988655090332
EXP-1918-12-13-a-i0061,1092,1108,Conseil national,Q676078,ORG,Q676078,Conseil national,"Based on the input text, the entities between the [ENT] tags are ""Conseil national"" and ""Conseil national"". The most appropriate Wikidata entity from the given list of candidates is: ```json {""wikipedia_page"":""Conseil national"", ""wikidata_id"":""Q676078""} ```",23.665388107299805
EXP-1918-12-13-a-i0061,1178,1183,Berne,Q70,LOC,Q70,Berne," { ""wikipedia_page"": ""Berne"", ""wikidata_id"": ""Q70"" }",19.265188217163086
EXP-1918-12-13-a-i0061,1237,1242,Berne,Q70,LOC,Q70,Berne,"Based on the provided text, the entities mentioned within the [ENT] tags are ""Berne"". The list of candidates includes the following entries: 1. 'Berne': 'Q70' 2. 'canton de Berne': 'Q11911' 3. 'Université de Berne': 'Q659080' 4. 'Vernier': 'Q63922' 5. 'Berken': 'Q67803' 6. 'Bienne': 'Q1034' 7. 'Kunsthalle de Berne': 'Q612774' 8. 'centre historique de Berne': 'Q687973' The most appropriate Wikidata entity for the entity tagged with [ENT] in the given text is 'Berne' with Wikidata ID 'Q70'. Therefore, the JSON object is: ```json {""wikipedia_page"": ""Berne"", ""wikidata_id"": ""Q70""} ```",24.573266983032227
EXP-1918-12-13-a-i0061,2113,2123,M. Platten,Q124088,PER,Q124088,Fritz Platten,"Based on the provided text and the list of candidates, the entity mentioned between the [ENT] tags ""M. Platten (Zurich)"" is most likely Fritz Platten. Therefore, the corresponding Wikipedia page title and Wikidata ID are: ```json {""wikipedia_page"": ""Fritz Platten"", ""wikidata_id"": ""Q124088""} ```",18.84866714477539
EXP-1918-12-13-a-i0061,2125,2131,Zurich,Q72,LOC,Q72,Zurich,"Based on the provided text and the list of candidates, the entity mentioned within the [ENT] tags is ""Zurich"". This corresponds to the candidate with the following details: - Wikipedia page: ""Zurich"" - Wikidata ID: ""Q72"" The formatted JSON response is: ```json { ""wikipedia_page"": ""Zurich"", ""wikidata_id"": ""Q72"" } ```",21.511444091796875
EXP-1918-12-13-a-i0061,2268,2274,Muller,NIL,PER,NIL,Muller,```json {} ```,0
EXP-1918-12-13-a-i0061,2443,2460,M. Jacques Schmid,Q994148,PER,Q994148,Jacques Schmid,"```json {""wikipedia_page"":""Jacques Schmid"", ""wikidata_id"":""Q994148""} ```",21.48162078857422
EXP-1918-12-13-a-i0061,2462,2469,Soleure,Q68965,LOC,Q68965,Soleure,"```json {""wikipedia_page"":""Soleure"",""wikidata_id"":""Q68965""} ```",14.914682388305664
EXP-1918-12-13-a-i0061,2548,2555,Soleure,Q68965,LOC,Q68965,Soleure,"{ ""wikipedia_page"": ""Soleure"", ""wikidata_id"": ""Q68965"" }",14.30064868927002
EXP-1918-12-13-a-i0061,2725,2729,Vaud,Q12771,LOC,Q12771,canton de Vaud,"```json {""wikipedia_page"":""canton de Vaud"", ""wikidata_id"":""Q12771""} ```",18.94927978515625
EXP-1918-12-13-a-i0061,3118,3134,M. Robert Schmid,NIL,PER,NIL,M. Robert Schmid,```json {} ```,0
EXP-1918-12-13-a-i0061,3136,3142,Zurich,Q72,LOC,Q72,Zurich,"Based on the input text and the provided list of candidates, the entity mentioned between the [ENT] tags is ""Zurich"". The most appropriate Wikidata entity for this is: ```json {""wikipedia_page"":""Zurich"", ""wikidata_id"":""Q72""} ```",23.94639015197754
EXP-1918-12-13-a-i0061,3525,3533,Fribourg,Q36378,LOC,Q36378,Fribourg,"Based on the input text and the provided list of candidates, the most appropriate Wikidata entity for the entity mentioned between the [ENT] tags (""Fribourg"") is ""Fribourg, Switzerland."" ```json {""wikipedia_page"":""Fribourg"",""wikidata_id"":""Q36378""} ```",21.249217987060547
EXP-1918-12-13-a-i0061,3598,3605,Platten,Q124088,PER,Q124088,Fritz Platten,"```json { ""wikipedia_page"": ""Fritz Platten"", ""wikidata_id"": ""Q124088"" } ```",19.838687896728516
EXP-1918-12-13-a-i0061,3822,3837,Conseil fédéral,Q30917,ORG,Q30917,Conseil fédéral,"```json { ""wikipedia_page"": ""Conseil fédéral"", ""wikidata_id"": ""Q30917"" } ```",18.431076049804688
EXP-1928-05-29-a-i0007,96,103,Kellogg,Q193009,PER,Q193009,Frank Billings Kellogg,"Based on the provided text and the list of candidates, the most appropriate Wikidata entity corresponding to the entity tagged with [ENT] is: ```json {""wikipedia_page"": ""Frank Billings Kellogg"", ""wikidata_id"": ""Q193009""} ```",14.721471786499023
EXP-1928-05-29-a-i0007,141,150,New. York,Q60,LOC,Q60,New York,"```json {""wikipedia_page"": ""New York"", ""wikidata_id"": ""Q60""} ```",27.53464698791504
EXP-1928-05-29-a-i0007,156,170,Petit Parisien,Q831299,PROD,Q831299,Le Petit Parisien,"```json { ""wikipedia_page"": ""Le Petit Parisien"", ""wikidata_id"": ""Q831299"" } ```",24.795984268188477
EXP-1928-05-29-a-i0007,181,191,M. Kellogg,Q193009,PER,Q193009,Frank Billings Kellogg,"Based on the provided input text and candidate list, the most appropriate Wikidata entity for [ENT] M. Kellogg [ENT] is: ```json {""wikipedia_page"":""Frank Billings Kellogg"",""wikidata_id"":""Q193009""} ```",16.894975662231445
EXP-1928-05-29-a-i0007,1042,1054,M. Venizelos,Q205545,PER,Q205545,Elefthérios Venizélos,"```json {""wikipedia_page"": ""Elefthérios Venizélos"", ""wikidata_id"": ""Q205545""} ```",29.04703712463379
EXP-1928-05-29-a-i0007,1056,1063,LONDRES,Q84,LOC,Q84,Londres,"{ ""wikipedia_page"": ""Londres"", ""wikidata_id"": ""Q84"" }",18.629779815673828
EXP-1928-05-29-a-i0007,1069,1074,Havas,Q516033,ORG,Q516033,Havas,"```json { ""wikipedia_page"": ""Havas"", ""wikidata_id"": ""Q516033"" } ```",11.562906265258789
EXP-1928-05-29-a-i0007,1143,1148,Grèce,Q41,LOC,Q41,Grèce,"```json { ""wikipedia_page"": ""Grèce"", ""wikidata_id"": ""Q41"" } ```",23.97095489501953
EXP-1928-05-29-a-i0007,1188,1200,M. Venizelos,Q205545,PER,Q205545,Elefthérios Venizélos,"The entity mentioned is ""M. Venizelos"". Matching this with the provided list of candidates, the most appropriate Wikidata entity is: ```json {""wikipedia_page"": ""Elefthérios Venizélos"", ""wikidata_id"": ""Q205545""} ```",32.20077133178711
EXP-1928-05-29-a-i0007,1412,1424,M. Venizelos,Q205545,PER,Q205545,Elefthérios Venizélos,"```json {""wikipedia_page"":""Elefthérios Venizélos"", ""wikidata_id"":""Q205545""} ```",29.21418571472168
EXP-1928-05-29-a-i0007,1626,1638,M. Venizelos,Q205545,PER,Q205545,Elefthérios Venizélos,"```json { ""wikipedia_page"": ""Elefthérios Venizélos"", ""wikidata_id"": ""Q205545"" } ```",19.83231544494629
EXP-1928-05-29-a-i0007,1823,1831,BELGRADE,Q3711,LOC,Q3711,Belgrade,"Based on the input text, the entity mentioned between the [ENT] tags is ""Belgrade"". The most appropriate Wikidata entity from the given list of candidates is ""Belgrade"" with Wikidata ID Q3711. ```json {""wikipedia_page"":""Belgrade"", ""wikidata_id"":""Q3711""} ```",21.717632293701172
EXP-1928-05-29-a-i0007,2030,2038,Bulgarie,Q219,LOC,Q219,Bulgarie,"Based on the provided text, the entity between the [ENT] tags is ""Bulgarie"". The most appropriate Wikidata entity from the given list of candidates is the one with the Wikipedia page title ""Bulgarie"" and Wikidata ID ""Q219"". ```json {""wikipedia_page"":""Bulgarie"", ""wikidata_id"":""Q219""} ```",25.21068572998047
EXP-1928-05-29-a-i0007,2085,2090,Sofia,Q472,LOC,Q472,Sofia,"```json { ""wikipedia_page"": ""Sofia"", ""wikidata_id"": ""Q472"" } ```",25.322208404541016
EXP-1928-05-29-a-i0007,2461,2466,PARIS,Q90,LOC,Q90,Paris,"{ ""wikipedia_page"": ""Paris"", ""wikidata_id"": ""Q90"" }",23.157304763793945
EXP-1928-05-29-a-i0007,2493,2507,Petit Parisien,Q831299,PROD,Q831299,Le Petit Parisien,"```json {""wikipedia_page"":""Le Petit Parisien"", ""wikidata_id"":""Q831299""} ```",28.971080780029297
EXP-1928-05-29-a-i0007,2953,2970,Vossische Zeitung,Q675003,PROD,Q675003,Vossische Zeitung,"```json { ""wikipedia_page"": ""Vossische Zeitung"", ""wikidata_id"": ""Q675003"" } ```",25.043949127197266
EXP-1928-05-29-a-i0007,3367,3378,Reichenbach,Q157462,LOC,Q157462,Reichenbach,"```json { ""wikipedia_page"": ""Reichenbach"", ""wikidata_id"": ""Q157462"" } ```",17.02734375
EXP-1928-05-29-a-i0007,3723,3732,STOCKHOLM,Q1754,LOC,Q1754,Stockholm,"Based on the provided text and the list of candidates, the entity mentioned between the [ENT] tags, ""Stockholm,"" can be disambiguated to ""Stockholm"" with the Wikidata ID ""Q1754."" Here is the JSON response: ```json {""wikipedia_page"": ""Stockholm"", ""wikidata_id"": ""Q1754""} ```",26.611234664916992
EXP-1928-05-29-a-i0007,4697,4705,BELGRADE,Q3711,LOC,Q3711,Belgrade,"```json {""wikipedia_page"":""Belgrade"", ""wikidata_id"":""Q3711""} ```",26.6510066986084
EXP-1928-05-29-a-i0007,5119,5170,"M. César Aseltra, ancien lieutenant-colonel italien",NIL,PER,NIL,"M. César Aseltra, ancien lieutenant-colonel italien",```json {} ```,0
EXP-1928-05-29-a-i0007,5310,5320,Copenhague,Q1748,LOC,Q1748,Copenhague,"```json {""wikipedia_page"":""Copenhague"", ""wikidata_id"":""Q1748""} ```",21.919958114624023
EXP-1928-05-29-a-i0007,5322,5332,COPENHAGUE,Q1748,LOC,Q1748,Copenhague,"```json { ""wikipedia_page"": ""Copenhague"", ""wikidata_id"": ""Q1748"" } ```",26.75954246520996
EXP-1928-05-29-a-i0007,5435,5439,Oslo,Q585,LOC,Q585,Oslo,"```json {""wikipedia_page"":""Oslo"", ""wikidata_id"":""Q585""} ```",26.198101043701172
EXP-1928-05-29-a-i0007,5571,5584,Petit Journal,Q2115162,PROD,Q2115162,Le Petit Journal,"{""wikipedia_page"": ""Le Petit Journal"", ""wikidata_id"": ""Q2115162""}",15.868555068969727
EXP-1928-05-29-a-i0007,5620,5627,Londres,Q84,LOC,Q84,Londres,"```json {""wikipedia_page"":""Londres"", ""wikidata_id"":""Q84""} ```",20.898757934570312
EXP-1928-05-29-a-i0007,5644,5649,Tokio,Q1490,LOC,Q1490,Tokyo,"```json {""wikipedia_page"": ""Tokyo"", ""wikidata_id"": ""Q1490""} ```",20.6398868560791
EXP-1928-05-29-a-i0007,5779,5788,Chantoung,Q43407,LOC,Q43407,Shandong,"```json {""wikipedia_page"": ""Shandong"", ""wikidata_id"": ""Q43407""} ```",15.462849617004395
EXP-1928-08-15-a-i0065,129,136,Thalwil,Q68959,LOC,Q68959,Thalwil,"```json {""wikipedia_page"": ""Thalwil"", ""wikidata_id"": ""Q68959""} ```",30.061019897460938
EXP-1928-08-15-a-i0065,622,629,THALWIL,Q68959,LOC,Q68959,Thalwil,"```json { ""wikipedia_page"": ""Thalwil"", ""wikidata_id"": ""Q68959"" } ```",15.046777725219727
EXP-1928-08-15-a-i0065,663,671,Gattikon,Q22631161,LOC,Q22631161,Gattikon,"```json {""wikipedia_page"":""Gattikon"",""wikidata_id"":""Q22631161""} ```",12.859774589538574
EXP-1928-08-15-a-i0065,1039,1045,WAENGI,Q68177,LOC,Q68177,Wängi,"Based on the provided text, the entity mentioned between the [ENT] tags is ""Wängi"". The most appropriate Wikidata entity from the provided list of candidates is: ```json {""wikipedia_page"":""Wängi"", ""wikidata_id"":""Q68177""} ```",14.713866233825684
EXP-1928-08-15-a-i0065,1136,1179,"M. Meier-Bâr, menuisier et ébéniste à Wângi",NIL,PER,NIL,"M. Meier-Bâr, menuisier et ébéniste à Wângi",no,0
EXP-1928-08-15-a-i0065,1181,1190,Thurgovie,Q12713,LOC,Q12713,canton de Thurgovie,"```json { ""wikipedia_page"": ""canton de Thurgovie"", ""wikidata_id"": ""Q12713"" } ```",21.261165618896484
EXP-1928-08-15-a-i0065,1477,1484,Argovie,Q11972,LOC,Q11972,canton d'Argovie,"```json { ""wikipedia_page"": ""canton d'Argovie"", ""wikidata_id"": ""Q11972"" } ```",22.90679931640625
EXP-1928-08-15-a-i0065,1619,1626,LUCERNE,Q4191,LOC,Q4191,Lucerne,"Based on the provided text and the list of candidates, the entity within the [ENT] tags is ""Lucerne"". The most appropriate Wikidata entity from the given list is: ```json {""wikipedia_page"":""Lucerne"", ""wikidata_id"":""Q4191""} ``` This corresponds to the city of Lucerne in Switzerland.",20.579730987548828
EXP-1928-08-15-a-i0065,2024,2031,Argovie,Q11972,LOC,Q11972,canton d'Argovie,"Based on the provided input text and the list of candidates, the entity between the [ENT] tags in ""Argovie"" is best disambiguated to the ""canton d'Argovie"" with Wikidata ID ""Q11972"". Here is the JSON response: ```json {""wikipedia_page"":""canton d'Argovie"", ""wikidata_id"":""Q11972""} ```",25.04753875732422
EXP-1928-08-15-a-i0065,2230,2243,Sièrre SIERRE,Q68297,LOC,Q68297,Sierre,"Based on the input text, the entity mentioned between the [ENT] tags is ""Sierre"". From the list of candidates, the most appropriate entity is ""Sierre"" with the wikidata_id of Q68297. ```json {""wikipedia_page"":""Sierre"", ""wikidata_id"":""Q68297""} ```",19.205476760864258
EXP-1928-08-15-a-i0065,2709,2745,"M. Gard, avocat, commissaire général",NIL,PER,NIL,"M. Gard, avocat, commissaire général",no,0
EXP-1928-08-15-a-i0065,2788,2794,Sierre,Q68297,LOC,Q68297,Sierre,"```json { ""wikipedia_page"": ""Sierre"", ""wikidata_id"": ""Q68297"" } ```",22.825225830078125
EXP-1928-08-15-a-i0065,2949,2964,Val d'Anniviers,Q672472,LOC,Q672472,val d'Anniviers,"Based on the input text, the entity tagged with [ENT] is ""Val d'Anniviers"". From the list of candidates, the most appropriate Wikidata entity is: ```json {""wikipedia_page"":""val d'Anniviers"", ""wikidata_id"":""Q672472""} ```",28.75542640686035
EXP-1928-08-15-a-i0065,3044,3052,Grimentz,Q869551,LOC,Q869551,Grimentz,"Based on the input text and the list of candidates, the entity mentioned between the [ENT] tags is ""Grimentz"". Here is the JSON-formatted answer: ```json {""wikipedia_page"":""Grimentz"", ""wikidata_id"":""Q869551""} ```",24.95207977294922
GDL-1798-07-18-a-i0001,381,391,Directoire,Q219817,ORG,Q219817,Directoire,"Based on the provided text, the entity mentioned between the [ENT] tags is ""Directoire"". The most appropriate Wikidata entity from the given list of candidates is: ```json {""wikipedia_page"":""Directoire"", ""wikidata_id"":""Q219817""} ```",12.73110580444336
GDL-1798-07-18-a-i0001,1138,1148,Ca * rrard,NIL,PER,NIL,Ca * rrard,"Based on the provided text and the list of candidates, the entities marked with [ENT] tags do not match any of the provided candidates with high confidence. Therefore, the disambiguation results are as follows: ```json {} ```",0
GDL-1798-07-18-a-i0001,1150,1155,Huffi,NIL,PER,NIL,Huffi,"Based on the context and the provided list of candidates, the entities mentioned between the [ENT] tags are ""Huffi"" and ""Bourgeois & Haas"". However, none of the candidates match these entities. Therefore, the analysis returns an empty JSON object. ```json {} ```",0
GDL-1798-07-18-a-i0001,1169,1173,Haas,NIL,PER,NIL,Haas,"Based on the provided text and the list of candidates, the entity mentioned between the [ENT] tags, ""Haas,"" does not correspond to any of the candidates with high confidence. Therefore, the JSON response is: ```json {} ```",0
GDL-1818-03-13-a-i0005,23,52,S. A. le prince ds Metternich,Q45662,PER,Q45662,Klemens Wenzel von Metternich,"```json { ""wikipedia_page"": ""Klemens Wenzel von Metternich"", ""wikidata_id"": ""Q45662"" } ```",8.529834747314453
GDL-1818-03-13-a-i0005,1042,1047,Berne,Q70,LOC,Q70,Berne,"```json { ""wikipedia_page"": ""Berne"", ""wikidata_id"": ""Q70"" } ```",30.75849723815918
GDL-1818-03-13-a-i0005,1378,1385,Trieste,Q546,LOC,Q546,Trieste,"```json {""wikipedia_page"":""Trieste"", ""wikidata_id"":""Q546""} ```",25.647058486938477
GDL-1818-03-13-a-i0005,1387,1396,Marseille,Q23482,LOC,Q23482,Marseille,"```json {""wikipedia_page"":""Marseille"", ""wikidata_id"":""Q23482""} ```",22.276704788208008
GDL-1818-03-13-a-i0005,1676,1680,Bâle,Q78,LOC,Q78,Bâle,"```json { ""wikipedia_page"": ""Bâle"", ""wikidata_id"": ""Q78"" } ```",28.91655158996582
GDL-1818-03-13-a-i0005,1838,1852,canton de Bâle,Q660776,LOC,Q660776,canton de Bâle,"```json {""wikipedia_page"": ""canton de Bâle"", ""wikidata_id"": ""Q660776""} ```",23.578536987304688
GDL-1818-03-13-a-i0005,2647,2656,Thurgovie,Q12713,LOC,Q12713,canton de Thurgovie,"Based on the provided text and candidates, the most appropriate Wikidata entity for the entity marked with [ENT] is ""canton de Thurgovie"". ```json {""wikipedia_page"":""canton de Thurgovie"", ""wikidata_id"":""Q12713""} ```",17.390583038330078
GDL-1818-03-13-a-i0005,3901,3907,France,Q142,LOC,Q142,France,"```json {""wikipedia_page"":""France"", ""wikidata_id"":""Q142""} ```",22.39570426940918
GDL-1818-03-13-a-i0005,4699,4706,Soleure,Q68965,LOC,Q68965,Soleure,"```json {""wikipedia_page"": ""Soleure"", ""wikidata_id"": ""Q68965""} ```",18.823444366455078
GDL-1818-03-13-a-i0005,4754,4771,général Koskiusko,Q191479,PER,Q191479,Tadeusz Kościuszko,"```json { ""wikipedia_page"": ""Tadeusz Kościuszko"", ""wikidata_id"": ""Q191479"" } ```",18.732025146484375
GDL-1818-03-13-a-i0005,4787,4791,Bâle,Q78,LOC,Q78,Bâle,"```json {""wikipedia_page"":""Bâle"", ""wikidata_id"":""Q78""} ```",23.436359405517578
GDL-1818-03-13-a-i0005,4823,4828,Suède,Q34,LOC,Q34,Suède,"```json { ""wikipedia_page"": ""Suède"", ""wikidata_id"": ""Q34"" } ```",14.041007995605469
GDL-1818-03-13-a-i0005,5529,5537,Hambourg,Q1055,LOC,Q1055,Hambourg,"```json { ""wikipedia_page"": ""Hambourg"", ""wikidata_id"": ""Q1055"" } ```",18.4265079498291
GDL-1818-03-13-a-i0005,5565,5571,Genève,Q71,LOC,Q71,Genève,"Based on the provided text and the list of candidates, the most appropriate Wikidata entity for the entity tagged with [ENT] is ""Genève"". ```json {""wikipedia_page"": ""Genève"", ""wikidata_id"": ""Q71""} ```",15.965242385864258
GDL-1818-08-04-a-i0002,0,6,France,Q142,LOC,Q142,France,"Based on the provided text and the list of candidates, the most appropriate Wikidata entity for the entity marked by [ENT] is: ```json {""wikipedia_page"": ""France"", ""wikidata_id"": ""Q142""} ```",20.386178970336914
GDL-1818-08-04-a-i0002,8,13,PARIS,Q90,LOC,Q90,Paris,"```json {""wikipedia_page"":""Paris"", ""wikidata_id"":""Q90""} ```",16.42728614807129
GDL-1818-08-04-a-i0002,580,594,général Canuel,Q3484236,PER,Q3484236,Simon Canuel,"Based on the provided text and the list of candidates, the entity ""général Canuel"" mentioned within the [ENT] tags can be disambiguated as follows: ```json {""wikipedia_page"":""Simon Canuel"",""wikidata_id"":""Q3484236""} ```",23.67766571044922
GDL-1818-08-04-a-i0002,877,888,-jH. Canuel,Q3484236,PER,Q3484236,Simon Canuel,"Based on the provided input text and the list of candidates, the entity mentioned between the [ENT] tags, ""Canuel"", can be disambiguated to: ```json {""wikipedia_page"":""Simon Canuel"", ""wikidata_id"":""Q3484236""} ```",13.985579490661621
GDL-1818-08-04-a-i0002,2448,2468,commune- de Marsannè,Q659785,LOC,Q659785,Marsanne,"Given the input text and the list of candidates, the entities mentioned between the [ENT] tags are ""commune- de Marsannè"" and ""de Drôme"". The most appropriate Wikidata entity for ""commune- de Marsannè"" is ""Marsanne"". Here is the JSON output: ```json {""wikipedia_page"": ""Marsanne"", ""wikidata_id"": ""Q659785""} ```",15.754278182983398
GDL-1818-08-04-a-i0002,2738,2751,fille Bau-Mfd,NIL,PER,NIL,fille Bau-Mfd,No.,0
GDL-1818-08-04-a-i0002,3286,3294,St. Malo,Q163108,LOC,Q163108,Saint-Malo,"Based on the provided text and list of candidates, the entity mentioned between the [ENT] tags is ""Saint-Malo"". The most appropriate Wikidata entity from the given list of candidates is: - Wikipedia page title: Saint-Malo - Wikidata ID: Q163108 So, the JSON-formatted answer is: ```json { ""wikipedia_page"": ""Saint-Malo"", ""wikidata_id"": ""Q163108"" } ```",20.181198120117188
GDL-1818-08-04-a-i0002,3336,3346,% Domingue,Q861551,LOC,Q861551,Saint-Domingue,"```json { ""wikipedia_page"": ""Saint-Domingue"", ""wikidata_id"": ""Q861551"" } ```",7.95743465423584
GDL-1818-08-04-a-i0002,3527,3539,Chris-'tophe,Q353458,PER,Q353458,Henri Christophe,"Based on the input text and the provided list of candidates, the entity mentioned between the [ENT] tags is likely referring to Henri Christophe. Therefore, the selected Wikidata entity is: ```json {""wikipedia_page"": ""Henri Christophe"", ""wikidata_id"": ""Q353458""} ```",9.95346736907959
GDL-1818-08-04-a-i0002,3948,3955,Pie Vil,Q124754,PER,Q124754,Pie VII,"```json { ""wikipedia_page"": ""Pie VII"", ""wikidata_id"": ""Q124754"" } ```",16.364938735961914
GDL-1818-08-04-a-i0002,4097,4104,Aiaccio,Q40104,LOC,Q40104,Ajaccio,"```json {""wikipedia_page"":""Ajaccio"", ""wikidata_id"":""Q40104""} ```",20.538095474243164
GDL-1818-08-04-a-i0002,4360,4366,Italie,Q38,LOC,Q38,Italie,"Based on the provided text and candidates, the entity mentioned between the [ENT] tags is ""Italie"". The most appropriate Wikidata entity for this context is: ```json { ""wikipedia_page"": ""Italie"", ""wikidata_id"": ""Q38"" } ``` Please note that I used the candidate with the most relevant description and context (""pays d'Europe du Sud"") for the disambiguation.",19.027427673339844
GDL-1828-07-04-a-i0008,9,15,MADRID,Q2807,LOC,Q2807,Madrid,"{""wikipedia_page"":""Madrid"", ""wikidata_id"":""Q2807""}",13.579484939575195
GDL-1828-07-04-a-i0008,226,231,Beira,NIL,LOC,NIL,Beira,no.,0
GDL-1828-07-04-a-i0008,392,398,Oporto,Q36433,LOC,Q36433,Porto,"Based on the text provided and the list of candidates, the most appropriate Wikidata entity for the entity tagged with [ENT] is ""Porto"". Here is the JSON response: ```json {""wikipedia_page"":""Porto"", ""wikidata_id"":""Q36433""} ```",17.118087768554688
GDL-1828-07-04-a-i0008,406,413,Coïmbre,Q45412,LOC,Q45412,Coimbra,"{""wikipedia_page"":""Coimbra"", ""wikidata_id"":""Q45412""}",24.215421676635742
GDL-1828-07-04-a-i0008,556,568,général Fons,NIL,PER,NIL,général Fons,no,0
GDL-1828-07-04-a-i0008,607,614,Coïmbre,Q45412,LOC,Q45412,Coimbra,"Based on the context and the given candidates, the most appropriate Wikidata entity for the entity mentioned between the [ENT] tags is: ```json {""wikipedia_page"":""Coimbra"", ""wikidata_id"":""Q45412""} ```",26.793235778808594
GDL-1828-07-04-a-i0008,2606,2612,Suisse,Q39,LOC,Q39,Suisse,"{""wikipedia_page"":""Suisse"", ""wikidata_id"":""Q39""}",19.72646713256836
GDL-1828-07-04-a-i0008,4235,4242,Navarin,Q238440,LOC,Q238440,bataille de Navarin,"```json { ""wikipedia_page"": ""bataille de Navarin"", ""wikidata_id"": ""Q238440"" } ```",16.19606590270996
GDL-1828-07-04-a-i0008,4454,4461,Biserte,Q189546,LOC,Q189546,Bizerte,"Based on the provided text and the list of candidates, the most appropriate Wikidata entity for the entity mentioned between the [ENT] tags is ""Bizerte"". Therefore, the corresponding Wikipedia page title and Wikidata ID are: ```json {""wikipedia_page"":""Bizerte"", ""wikidata_id"":""Q189546""} ```",21.878061294555664
GDL-1828-07-04-a-i0008,4664,4680,M. Blanche .-nay,NIL,PER,NIL,M. Blanche .-nay,no,0
GDL-1838-05-15-a-i0002,0,7,AFRIQUE,Q15,LOC,Q15,Afrique,"```json { ""wikipedia_page"": ""Afrique"", ""wikidata_id"": ""Q15"" } ```",20.673463821411133
GDL-1838-05-15-a-i0002,52,61,deBelidah,Q216990,LOC,Q216990,Blida,"```json { ""wikipedia_page"": ""Blida"", ""wikidata_id"": ""Q216990"" } ```",16.945804595947266
GDL-1838-05-15-a-i0002,139,153,maréchal Valée,Q1743317,PER,Q1743317,Sylvain Charles Valée,"Based on the provided input text and the list of candidates, the most appropriate Wikidata entity for the entity tagged with [ENT] is: ```json {""wikipedia_page"": ""Sylvain Charles Valée"", ""wikidata_id"": ""Q1743317""} ```",23.884458541870117
GDL-1838-05-15-a-i0002,221,228,Bélidah,Q216990,LOC,Q216990,Blida,"```json {""wikipedia_page"":""Blida"", ""wikidata_id"":""Q216990""} ```",22.4615421295166
GDL-1838-05-15-a-i0002,895,901,France,Q142,LOC,Q142,France,"```json { ""wikipedia_page"": ""France"", ""wikidata_id"": ""Q142"" } ```",16.700347900390625
GDL-1838-05-15-a-i0002,969,989,plaine de la Melidja,NIL,LOC,NIL,plaine de la Melidja,```json {} ```,0
GDL-1848-07-04-a-i0001,0,20,CONFÉDÉRATION SUISSE,Q39,LOC,Q39,Suisse,"Based on the given input text and the list of candidates, the most appropriate Wikidata entity for the entity tagged with [ENT] is ""Confédération suisse"". The JSON output is: ```json {""wikipedia_page"":""Suisse"", ""wikidata_id"":""Q39""} ```",15.356769561767578
GDL-1848-07-04-a-i0001,1649,1669,Confédération Suisse,Q39,LOC,Q39,Suisse,"```json { ""wikipedia_page"": ""Suisse"", ""wikidata_id"": ""Q39"" } ```",31.944204330444336
GDL-1848-07-04-a-i0001,1873,1880,Argovie,Q11972,LOC,Q11972,canton d'Argovie,"Based on the input text, the entity mentioned between the [ENT] tags is ""Argovie"". From the given list of candidates, the corresponding Wikidata entity is: ```json {""wikipedia_page"": ""canton d'Argovie"", ""wikidata_id"": ""Q11972""} ```",23.93759536743164
GDL-1848-07-04-a-i0001,2127,2144,conseil des Etals,Q609037,ORG,Q609037,Conseil des États,"```json {""wikipedia_page"":""Conseil des États"", ""wikidata_id"":""Q609037""} ```",14.642696380615234
GDL-1848-07-04-a-i0001,3034,3040,Suisse,Q39,LOC,Q39,Suisse,"```json { ""wikipedia_page"": ""Suisse"", ""wikidata_id"": ""Q39"" } ```",19.64630126953125
GDL-1848-07-04-a-i0001,3668,3675,Grisons,Q11925,LOC,Q11925,canton des Grisons,"```json {""wikipedia_page"":""canton des Grisons"", ""wikidata_id"":""Q11925""} ```",18.799856185913086
GDL-1848-07-04-a-i0001,3777,3791,canton de Vaud,Q12771,LOC,Q12771,canton de Vaud,"Based on the input text and the provided list of candidates, the disambiguated entity between the [ENT] tags is ""canton de Vaud"". The corresponding Wikipedia page title and Wikidata ID are: ```json {""wikipedia_page"":""canton de Vaud"", ""wikidata_id"":""Q12771""} ```",27.503795623779297
GDL-1848-07-04-a-i0001,4084,4094,Sonderbund,Q672595,ORG,Q672595,Sonderbund,"```json {""wikipedia_page"": ""Sonderbund"", ""wikidata_id"": ""Q672595""} ```",20.393321990966797
GDL-1848-07-04-a-i0001,4333,4342,Thurgovie,Q12713,LOC,Q12713,canton de Thurgovie,"Based on the analysis of the input text, the entity [ENT] Thurgovie matches the candidate: ```json {""wikipedia_page"": ""canton de Thurgovie"", ""wikidata_id"": ""Q12713""} ```",21.12940788269043
GDL-1848-07-04-a-i0001,4741,4753,Schaff Iwtme,Q12697,LOC,Q12697,canton de Schaffhouse,"Based on the input text, the entities mentioned between the [ENT] tags are ""Schaffhouse"" and ""Vaud"". From the provided list of candidates, the most appropriate Wikidata entities are: - ""canton de Schaffhouse"" with Wikidata ID ""Q12697"" and Wikipedia page title ""canton de Schaffhouse"". - ""canton de Vaud"" with Wikidata ID ""Q12771"" and Wikipedia page title ""canton de Vaud"". Therefore, the JSON response is: ```json {""wikipedia_page"":""canton de Schaffhouse"", ""wikidata_id"":""Q12697""} {""wikipedia_page"":""canton de Vaud"", ""wikidata_id"":""Q12771""} ```",16.544391632080078
GDL-1848-07-04-a-i0001,4773,4779,Valais,Q834,LOC,Q834,canton du Valais,"Based on the input text and the list of candidates, the entity mentioned between the [ENT] tags is ""Valais"". The most appropriate Wikidata entity from the provided list of candidates is: ```json {""wikipedia_page"":""canton du Valais"", ""wikidata_id"":""Q834""} ```",21.229883193969727
GDL-1848-07-04-a-i0001,4790,4799,Thurgovie,Q12713,LOC,Q12713,canton de Thurgovie,"Based on the input text and candidates, the entity mentioned between the [ENT] tags is ""Thurgovie"". The most appropriate Wikidata entity from the given list of candidates is: ```json { ""wikipedia_page"": ""canton de Thurgovie"", ""wikidata_id"": ""Q12713"" } ```",23.923629760742188
GDL-1848-07-04-a-i0001,4801,4809,Gri sons,Q11925,LOC,Q11925,canton des Grisons,"```json { ""wikipedia_page"": ""canton des Grisons"", ""wikidata_id"": ""Q11925"" } ```",18.776296615600586
GDL-1848-07-04-a-i0001,4826,4834,Fribourg,Q12640,LOC,Q12640,canton de Fribourg,"{ ""wikipedia_page"": ""canton de Fribourg"", ""wikidata_id"": ""Q12640"" }",24.092350006103516
GDL-1848-07-04-a-i0001,4884,4888,Vaud,Q12771,LOC,Q12771,canton de Vaud,"Based on the given text and the list of candidates, the entity mentioned between the [ENT] tags is likely referring to the canton of Vaud. Here is the JSON response: ```json {""wikipedia_page"":""canton de Vaud"", ""wikidata_id"":""Q12771""} ```",21.830068588256836
GDL-1848-07-04-a-i0001,4913,4920,Schwylz,Q12433,LOC,Q12433,canton de Schwytz,"Based on the provided text and the list of candidates, the entity mentioned between the [ENT] tags is ""Schwytz"". The most appropriate Wikidata entity from the list of candidates is: ```json {""wikipedia_page"":""canton de Schwytz"", ""wikidata_id"":""Q12433""} ```",19.350990295410156
GDL-1848-07-04-a-i0001,4969,4988,Appenzell-intérieur,Q12094,LOC,Q12094,canton d'Appenzell Rhodes-Intérieures,"Based on the analysis of the provided text, the entity mentioned between the [ENT] tags is most likely to be the canton of Appenzell Rhodes-Intérieures. Therefore, the disambiguated entity is: ```json { ""wikipedia_page"": ""canton d'Appenzell Rhodes-Intérieures"", ""wikidata_id"": ""Q12094"" } ```",25.424104690551758
GDL-1848-07-04-a-i0001,5254,5264,Bàle-ville,Q12172,LOC,Q12172,canton de Bâle-Ville,"```json {""wikipedia_page"": ""canton de Bâle-Ville"", ""wikidata_id"": ""Q12172""} ``` The entity [ENT] Bàle-ville is disambiguated to the canton of Bâle-Ville, with a Wikipedia page title of ""canton de Bâle-Ville"" and a Wikidata ID of ""Q12172"".",19.871366500854492
GDL-1848-07-04-a-i0001,5666,5672,Suisse,Q39,LOC,Q39,Suisse,"```json { ""wikipedia_page"": ""Suisse"", ""wikidata_id"": ""Q39"" } ```",20.572437286376953
GDL-1848-07-04-a-i0001,5931,5938,GRISONS,Q11925,LOC,Q11925,canton des Grisons,"Based on the input text and the provided list of candidates, the entity tagged as [ENT] GRISONS likely refers to the canton of Grisons in Switzerland. Therefore, the appropriate Wikidata entity is the one with the Wikipedia page titled ""canton des Grisons"" and Wikidata ID ""Q11925"". ```json {""wikipedia_page"":""canton des Grisons"", ""wikidata_id"":""Q11925""} ```",15.217850685119629
GDL-1848-07-04-a-i0001,6491,6501,Luinbardie,Q1210,LOC,Q1210,Lombardie,"```json { ""wikipedia_page"": ""Lombardie"", ""wikidata_id"": ""Q1210"" } ```",14.177197456359863
GDL-1848-07-04-a-i0001,8050,8056,Suisse,Q39,LOC,Q39,Suisse,"```json { ""wikipedia_page"": ""Suisse"", ""wikidata_id"": ""Q39"" } ```",22.369667053222656
GDL-1848-07-04-a-i0001,8284,8294,M. Eénélon,NIL,PER,NIL,M. Eénélon,```json {} ```,0
GDL-1848-07-04-a-i0001,9717,9739,MM. le docleur Bussard,Q18683241,PER,Q18683241,Jean-François-Marcellin Bussard,"```json { ""wikipedia_page"": ""Jean-François-Marcellin Bussard"", ""wikidata_id"": ""Q18683241"" } ```",14.369217872619629
GDL-1848-07-04-a-i0001,9932,9959,"M. Chalonay, démissionnaire",NIL,PER,NIL,"M. Chalonay, démissionnaire",no,0
GDL-1848-07-04-a-i0001,9961,9978,M. Abram Fasnacht,NIL,PER,NIL,M. Abram Fasnacht,"Based on the provided text and the list of candidates, the entity mentioned between the [ENT] tags, ""M. Abram Fasnacht,"" corresponds to the Wikidata ID Q1808072 and the Wikipedia page title ""Abraham Fasnacht"". ```json { ""wikipedia_page"": ""Abraham Fasnacht"", ""wikidata_id"": ""Q1808072"" } ```",0
GDL-1848-07-04-a-i0001,10223,10245,district de la St-Gine,Q645585,LOC,Q645585,district de la Singine,"```json {""wikipedia_page"":""District de la Singine"", ""wikidata_id"":""Q645585""} ```",12.453654289245605
GDL-1848-07-04-a-i0001,11318,11362,"M. Jaquemot, imprimeur dé la Voix Catholique",NIL,PER,NIL,"M. Jaquemot, imprimeur dé la Voix Catholique",no,0
GDL-1848-07-04-a-i0001,11546,11556,Sonderbund,Q672595,ORG,Q672595,Sonderbund,"```json {""wikipedia_page"":""Sonderbund"", ""wikidata_id"":""Q672595""} ```",21.17871856689453
GDL-1848-07-04-a-i0001,11697,11703,Glaris,Q11922,LOC,Q11922,canton de Glaris,"Based on the input text and the provided list of candidates, the entity mentioned between the [ENT] tags, ""Glaris"", corresponds to the Wikidata entity with the ID Q11922 and the Wikipedia page title ""canton de Glaris"". Here is the JSON object with the selected entity: ```json {""wikipedia_page"": ""canton de Glaris"", ""wikidata_id"": ""Q11922""} ```",20.234533309936523
GDL-1848-07-04-a-i0001,11850,11856,Vienne,Q1741,LOC,Q1741,Vienne,"Based on the provided text and candidates, the entity mentioned between the [ENT] tags is likely referring to ""Vienne"" (the city in Austria). The most appropriate Wikidata entity from the list of candidates is: ```json { ""wikipedia_page"": ""Vienne"", ""wikidata_id"": ""Q1741"" } ```",17.26367950439453
GDL-1848-07-04-a-i0001,11862,11868,Zurich,Q11943,LOC,Q11943,canton de Zurich,"```json {""wikipedia_page"":""canton de Zurich"", ""wikidata_id"":""Q11943""} ```",19.273880004882812
GDL-1848-07-04-a-i0001,12343,12350,Argovie,Q11972,LOC,Q11972,canton d'Argovie,"```json {""wikipedia_page"":""canton d'Argovie"", ""wikidata_id"":""Q11972""} ```",16.45529556274414
GDL-1848-07-04-a-i0001,12430,12515,"Henri Zschokke, cet aimable et infatigable écrivain, l'ami et l'instituteur du peuple",Q66207,PER,Q66207,Johann Heinrich Daniel Zschokke,"Based on the provided input text and the list of candidates, the entity mentioned between the [ENT] tags is ""Henri Zschokke"". The most appropriate Wikidata entity from the given list of candidates is: ```json {""wikipedia_page"": ""Johann Heinrich Daniel Zschokke"", ""wikidata_id"": ""Q66207""} ```",16.0826358795166
GDL-1848-07-04-a-i0001,12759,12774,M. Guex-Gaudard,NIL,PER,NIL,M. Guex-Gaudard,```json {} ```,0
GDL-1848-07-04-a-i0001,13169,13175,France,Q142,LOC,Q142,France,"```json { ""wikipedia_page"": ""France"", ""wikidata_id"": ""Q142"" } ```",17.210206985473633
GDL-1848-10-03-a-i0001,0,20,CONFÉDÉRATION SUISSE,Q39,LOC,Q39,Suisse,"```json {""wikipedia_page"":""Suisse"", ""wikidata_id"":""Q39""} ```",19.770790100097656
GDL-1848-10-03-a-i0001,32,42,Directoire,Q219817,ORG,Q219817,Directoire,"{ ""wikipedia_page"": ""Directoire"", ""wikidata_id"": ""Q219817"" }",11.694982528686523
GDL-1848-10-03-a-i0001,1042,1049,Aarberg,Q64113,LOC,Q64113,Aarberg,"```json {""wikipedia_page"":""Aarberg"", ""wikidata_id"":""Q64113""} ```",28.74631118774414
GDL-1848-10-03-a-i0001,1128,1133,Berne,Q70,LOC,Q70,Berne,"Given the input text and the list of candidates, the entity mentioned between the [ENT] tags is ""Berne"". Among the candidates, the most appropriate entity is: - Wikidata ID: Q70 - Wikipedia Page Title: Berne Thus, the JSON-formatted answer is: ```json {""wikipedia_page"":""Berne"", ""wikidata_id"":""Q70""} ```",28.717924118041992
GDL-1848-10-03-a-i0001,1280,1297,conseil des Etats,Q609037,ORG,Q609037,Conseil des États,"Based on the provided text and the list of candidates, the entity mentioned between the [ENT] tags referring to the ""Conseil des États"" and ""Conseil fédéral"" can be disambiguated from the list of candidates. Here are the corresponding Wikipedia page titles and Wikidata IDs for these entities: ```json { ""wikipedia_page"": ""Conseil des États"", ""wikidata_id"": ""Q609037"" } ``` and ```json { ""wikipedia_page"": ""Conseil fédéral"", ""wikidata_id"": ""Q30917"" } ```",19.264921188354492
GDL-1848-10-03-a-i0001,1327,1342,conseil fédéral,Q30917,ORG,Q30917,Conseil fédéral,"```json {""wikipedia_page"":""Conseil fédéral"", ""wikidata_id"":""Q30917""} ```",20.400747299194336
GDL-1848-10-03-a-i0001,1419,1433,bataillon Fiih,NIL,ORG,NIL,bataillon Fiih,no,0
GDL-1848-10-03-a-i0001,1582,1592,Bellinzone,Q64044,LOC,Q64044,Bellinzone,"Based on the input text and the list of candidates, the most appropriate Wikidata entity for the [ENT] tag ""Bellinzone"" is: ```json {""wikipedia_page"":""Bellinzone"", ""wikidata_id"":""Q64044""} ```",23.313432693481445
GDL-1848-10-03-a-i0001,1634,1642,Holdener,Q21294690,PER,Q21294690,Fridolin Holdener,"```json {""wikipedia_page"": ""Fridolin Holdener"", ""wikidata_id"": ""Q21294690""} ```",12.082191467285156
GDL-1848-10-03-a-i0001,1759,1767,Inspruck,Q1735,LOC,Q1735,Innsbruck,"Here is the JSON-formatted response for the disambiguated entity: ```json {""wikipedia_page"": ""Innsbruck"", ""wikidata_id"": ""Q1735""} ```",20.07292938232422
GDL-1848-10-03-a-i0001,1850,1857,Messine,Q13666,LOC,Q13666,Messine,"{""wikipedia_page"":""Messine"", ""wikidata_id"":""Q13666""}",24.82447052001953
GDL-1848-10-03-a-i0001,2022,2029,Messine,Q13666,LOC,Q13666,Messine,"{""wikipedia_page"":""Messine"", ""wikidata_id"":""Q13666""}",23.59044075012207
GDL-1848-10-03-a-i0001,3324,3338,faubourg Zaera,NIL,LOC,NIL,faubourg Zaera,```json {} ```,0
GDL-1848-10-03-a-i0001,3658,3671,M. Gonzenbacb,NIL,PER,NIL,M. Gonzenbacb,no,0
GDL-1848-10-03-a-i0001,3759,3785,"M. Jacques Zwiki, brasseur",NIL,PER,NIL,"M. Jacques Zwiki, brasseur",```json {} ```,0
GDL-1848-10-03-a-i0001,3918,3930,MM. Colondre,NIL,PER,NIL,MM. Colondre,No,0
GDL-1848-10-03-a-i0001,3990,4009,M. Valenlin Schaber,NIL,PER,NIL,M. Valenlin Schaber,no,0
GDL-1848-10-03-a-i0001,4125,4144,MM. A. Diernwachter,NIL,PER,NIL,MM. A. Diernwachter,"Based on the provided text, the entity mentioned between the [ENT] tags is ""MM. A. Diernwachter [ENT] et Henri lirunner, possesseurs d'une fabrique"". Among the provided candidates, none directly match this entity. Therefore, the most appropriate response is an empty JSON object. ```json {} ```",0
GDL-1848-10-03-a-i0001,4148,4190,"Henri lirunner, possesseurs d'une fabrique",NIL,PER,NIL,"Henri lirunner, possesseurs d'une fabrique",No,0
GDL-1848-10-03-a-i0001,4253,4270,M. Jacques Signer,NIL,PER,NIL,M. Jacques Signer,```json {} ```,0
GDL-1848-10-03-a-i0001,4311,4327,M. Jacques Ruegg,NIL,PER,NIL,M. Jacques Ruegg,```json {} ```,0
GDL-1848-10-03-a-i0001,4829,4848,grand duché de Bade,Q186320,LOC,Q186320,grand-duché de Bade,"Based on the provided text and the list of candidates, the entity mentioned between the [ENT] tags is most likely the ""Grand-Duché de Bade"". This is the most fitting candidate based on the context and the historical period mentioned. The JSON response is: ```json {""wikipedia_page"": ""grand-duché de Bade"", ""wikidata_id"": ""Q186320""} ```",19.105384826660156
GDL-1848-10-03-a-i0001,4925,4931,Suisse,Q39,LOC,Q39,Suisse,"Based on the input text, the entity mentioned between the [ENT] tags is ""Suisse"". Among the provided list of candidates, the most appropriate Wikidata entity is: ```json {""wikipedia_page"":""Suisse"", ""wikidata_id"":""Q39""} ```",19.161113739013672
GDL-1848-10-03-a-i0001,5517,5523,Suisse,Q39,LOC,Q39,Suisse,"Based on the provided candidates, the text mentions ""la Suisse"". The most appropriate Wikidata entity from the list of candidates is: - Wikipedia Page: ""Suisse"" - Wikidata ID: ""Q39"" ```json {""wikipedia_page"": ""Suisse"", ""wikidata_id"": ""Q39""} ```",17.24568748474121
GDL-1848-10-03-a-i0001,5542,5551,Francfort,Q1794,LOC,Q1794,Francfort-sur-le-Main,"Given the input text and the list of candidates, the entity mentioned between the [ENT] tags is ""Francfort"". The most appropriate Wikidata entity from the given list of candidates that matches this entity is: ```json {""wikipedia_page"":""Francfort-sur-le-Main"", ""wikidata_id"":""Q1794""} ```",26.5224609375
GDL-1848-10-03-a-i0001,5562,5569,Cologne,Q365,LOC,Q365,Cologne,"```json {""wikipedia_page"": ""Cologne"", ""wikidata_id"": ""Q365""} ```",26.466739654541016
GDL-1848-10-03-a-i0001,5656,5661,Berne,Q70,LOC,Q70,Berne,"Based on the provided text and the candidate list, the most appropriate Wikidata entity for the entity tagged with [ENT] is 'Berne' with the Wikidata ID 'Q70'. This entity is the capital of Switzerland and a significant location mentioned in the context. Here is the JSON-formatted answer: ```json { ""wikipedia_page"": ""Berne"", ""wikidata_id"": ""Q70"" } ```",27.692712783813477
GDL-1848-10-03-a-i0001,7258,7264,Konitz,Q64058,LOC,Q64058,Köniz,"Based on the input text and the provided list of candidates, the entity mentioned between the [ENT] tags is 'Konitz'. The most appropriate Wikidata entity from the given list of candidates is: ```json {""wikipedia_page"": ""Köniz"", ""wikidata_id"": ""Q64058""} ``` Therefore, the final JSON answer is: ```json {""wikipedia_page"": ""Köniz"", ""wikidata_id"": ""Q64058""} ```",13.616630554199219
GDL-1848-10-03-a-i0001,7311,7321,Ochsenbein,Q558011,PER,Q558011,Ulrich Ochsenbein,"Based on the provided text, the entity mentioned between the [ENT] tags is ""Ochsenbein"". From the list of candidates, the most appropriate Wikidata entity is: ```json {""wikipedia_page"":""Ulrich Ochsenbein"", ""wikidata_id"":""Q558011""} ```",20.113889694213867
GDL-1848-10-03-a-i0001,7323,7328,Funek,NIL,PER,NIL,Funek,no,0
GDL-1848-10-03-a-i0001,7330,7340,Imobersteg,NIL,PER,NIL,Imobersteg,no,0
GDL-1848-10-03-a-i0001,7342,7353,D Schneider,NIL,PER,NIL,D Schneider,no,0
GDL-1848-10-03-a-i0001,8217,8303,"M. Migy, juge d'appel, ancien commissaire fédéral dans le canton d'Uri et de Neuchàtel",Q2061299,PER,Q2061299,Paul Migy,"```json {""wikipedia_page"":""Paul Migy"", ""wikidata_id"":""Q2061299""} ```",14.74843692779541
GDL-1858-07-12-a-i0002,356,370,reine Victoria,Q9439,PER,Q9439,Victoria,"```json {""wikipedia_page"":""Victoria"", ""wikidata_id"":""Q9439""} ```",23.695098876953125
GDL-1858-07-12-a-i0002,381,390,Cherbourg,Q3667188,LOC,Q3667188,Cherbourg,"```json { ""wikipedia_page"": ""Cherbourg"", ""wikidata_id"": ""Q3667188"" } ```",23.306324005126953
GDL-1858-07-12-a-i0002,428,442,M. de Persigny,Q3174556,PER,Q3174556,Victor de Persigny,"Based on the provided text and the list of candidates, the entity mentioned between the [ENT] tags is ""Victor de Persigny."" Using the provided list of candidates, we can confidently select this entity. ```json { ""wikipedia_page"": ""Victor de Persigny"", ""wikidata_id"": ""Q3174556"" } ```",18.147907257080078
GDL-1858-07-12-a-i0002,552,557,Paris,Q90,LOC,Q90,Paris,"Based on the input text and the list of candidates, the entity mentioned between the [ENT] tags appears to be ""Paris"". Therefore, the most appropriate Wikidata entity is: ```json {""wikipedia_page"":""Paris"", ""wikidata_id"":""Q90""} ```",20.198640823364258
GDL-1858-07-12-a-i0002,654,662,Moniteur,Q1410997,PROD,Q1410997,Le Moniteur universel,"```json {""wikipedia_page"": ""Le Moniteur universel"", ""wikidata_id"": ""Q1410997""} ```",15.518019676208496
GDL-1858-07-12-a-i0002,1435,1449,reine Victoria,Q9439,PER,Q9439,Victoria,"{ ""wikipedia_page"": ""Victoria"", ""wikidata_id"": ""Q9439"" }",26.058849334716797
GDL-1858-07-12-a-i0002,2038,2042,Nord,NIL,PROD,NIL,Nord,```json {} ```,0
GDL-1858-07-12-a-i0002,2755,2763,Valachie,Q171393,LOC,Q171393,Valachie,"```json { ""wikipedia_page"": ""Valachie"", ""wikidata_id"": ""Q171393"" } ```",21.88619613647461
GDL-1858-07-12-a-i0002,3116,3123,Limoges,Q45656,LOC,Q45656,Limoges,"```json { ""wikipedia_page"": ""Limoges"", ""wikidata_id"": ""Q45656"" } ```",24.26043701171875
GDL-1858-07-12-a-i0002,3847,3856,Jérusalem,Q1218,LOC,Q1218,Jérusalem,"Based on the input text and the list of candidates, the entity mentioned between the [ENT] tags is ""Jérusalem"". The most appropriate Wikidata entity from the given list of candidates is: ```json { ""wikipedia_page"": ""Jérusalem"", ""wikidata_id"": ""Q1218"" } ```",21.767784118652344
GDL-1858-07-12-a-i0002,4252,4267,Théâtre-lyrique,Q2601319,ORG,Q2601319,Théâtre-Lyrique,"Based on the input text and the provided list of candidates, the entity mentioned between the [ENT] tags is ""Théâtre-lyrique"". The most appropriate Wikidata entity from the list of candidates is: ```json {""wikipedia_page"":""Théâtre-Lyrique"", ""wikidata_id"":""Q2601319""} ```",20.13188362121582
GDL-1858-07-12-a-i0002,4282,4299,M. Van-den-Heusel,NIL,PER,NIL,M. Van-den-Heusel,no,0
GDL-1858-07-12-a-i0002,4830,4841,M. Delangle,Q329134,PER,Q329134,Claude Alphonse Delangle,"Based on the provided text and the list of candidates, the most appropriate Wikidata entity for the entity tagged with [ENT] is: ```json { ""wikipedia_page"": ""Claude Alphonse Delangle"", ""wikidata_id"": ""Q329134"" } ```",19.535226821899414
GDL-1868-10-24-a-i0010,65,70,Paris,Q90,LOC,Q90,Paris,"Based on the context of the input text and the candidates provided, the entity mentioned between the [ENT] tags is likely referring to the city of Paris. Given the historical context of the article (published in 1868), the most relevant candidate is: ```json { ""wikipedia_page"": ""Paris"", ""wikidata_id"": ""Q90"" } ```",21.598464965820312
GDL-1868-10-24-a-i0010,135,148,maréchal Niel,Q115701,PER,Q115701,Adolphe Niel,"```json {""wikipedia_page"": ""Adolphe Niel"", ""wikidata_id"": ""Q115701""} ```",25.19887924194336
GDL-1868-10-24-a-i0010,221,229,Biarritz,Q132790,LOC,Q132790,Biarritz,"```json {""wikipedia_page"": ""Biarritz"", ""wikidata_id"": ""Q132790""} ```",25.27704620361328
GDL-1868-10-24-a-i0010,476,489,maréchal Niel,Q115701,PER,Q115701,Adolphe Niel,"```json { ""wikipedia_page"": ""Adolphe Niel"", ""wikidata_id"": ""Q115701"" } ```",25.15833282470703
GDL-1868-10-24-a-i0010,1236,1249,maréchal Niel,Q115701,PER,Q115701,Adolphe Niel,"{""wikipedia_page"":""Adolphe Niel"", ""wikidata_id"":""Q115701""}",17.153196334838867
GDL-1868-10-24-a-i0010,2621,2626,Paris,Q90,LOC,Q90,Paris,"{ ""wikipedia_page"": ""Paris"", ""wikidata_id"": ""Q90"" }",26.040950775146484
GDL-1868-10-24-a-i0010,2735,2740,Paris,Q90,LOC,Q90,Paris,"Based on the input text and the provided list of candidates, the most appropriate Wikidata entity for the entity mentioned in the [ENT] tags is: ```json {""wikipedia_page"":""Paris"", ""wikidata_id"":""Q90""} ```",28.146774291992188
GDL-1868-10-24-a-i0010,2854,2871,général Cavaignac,Q379702,PER,Q379702,Eugène Cavaignac,"{""wikipedia_page"":""Eugène Cavaignac"", ""wikidata_id"":""Q379702""}",29.70932388305664
GDL-1868-10-24-a-i0010,3183,3191,Lanterne,Q3209961,PROD,Q3209961,La Lanterne,"```json {""wikipedia_page"":""La Lanterne"", ""wikidata_id"":""Q3209961""} ```",14.793608665466309
GDL-1868-10-24-a-i0010,3196,3214,M. Henri Rochefort,Q642060,PER,Q642060,Henri Rochefort,"```json {""wikipedia_page"": ""Henri Rochefort"", ""wikidata_id"": ""Q642060""} ```",25.154525756835938
GDL-1868-10-24-a-i0010,3364,3375,M. Walewski,Q435375,PER,Q435375,Alexandre Colonna Walewski,"```json { ""wikipedia_page"": ""Alexandre Colonna Walewski"", ""wikidata_id"": ""Q435375"" } ```",14.967931747436523
GDL-1868-10-24-a-i0010,3819,3828,M. Sarcey,Q1384953,PER,Q1384953,Francisque Sarcey,"```json {""wikipedia_page"": ""Francisque Sarcey"", ""wikidata_id"": ""Q1384953""} ```",20.932632446289062
GDL-1868-10-24-a-i0010,3919,3935,Journal de Paris,Q3186842,PROD,Q3186842,Journal de Paris,"```json { ""wikipedia_page"": ""Journal de Paris"", ""wikidata_id"": ""Q3186842"" } ```",34.631202697753906
GDL-1868-10-24-a-i0010,4572,4577,Paris,Q90,LOC,Q90,Paris,"Based on the provided input text and the list of candidates, the entity disambiguated within the [ENT] tags is most likely the city of Paris. The context suggests that the entity is related to a city, which is consistent with the description of the candidates. The corresponding Wikipedia page title and Wikidata ID are as follows: ```json {""wikipedia_page"": ""Paris"", ""wikidata_id"": ""Q90""} ```",16.756879806518555
GDL-1868-10-24-a-i0010,4590,4594,Nord,NIL,PROD,NIL,Nord,no,0
GDL-1868-10-24-a-i0010,5761,5769,Moniteur,Q1410997,PROD,Q1410997,Le Moniteur universel,"```json {""wikipedia_page"":""Le Moniteur universel"",""wikidata_id"":""Q1410997""} ```",14.320877075195312
GDL-1868-10-24-a-i0010,5825,5847,Bulletin international,NIL,PROD,NIL,Bulletin international,```json {} ```,0
GDL-1868-10-24-a-i0010,5984,5990,Landau,Q7052,LOC,Q7052,Landau in der Pfalz,"```json { ""wikipedia_page"": ""Landau in der Pfalz"", ""wikidata_id"": ""Q7052"" } ```",19.702625274658203
GDL-1868-10-24-a-i0010,6280,6287,Mayence,Q1720,LOC,Q1720,Mayence,"{ ""wikipedia_page"": ""Mayence"", ""wikidata_id"": ""Q1720"" }",22.71976661682129
GDL-1868-10-24-a-i0010,6356,6372,Journal de Paris,Q3186842,PROD,Q3186842,Journal de Paris," { ""wikipedia_page"": ""Journal de Paris"", ""wikidata_id"": ""Q3186842"" }",37.60979080200195
GDL-1868-10-24-a-i0010,6447,6453,Figaro,Q216047,PROD,Q216047,Le Figaro," { ""wikipedia_page"": ""Le Figaro"", ""wikidata_id"": ""Q216047"" }",25.60559844970703
GDL-1868-10-24-a-i0010,6601,6617,M. Jules Richard,Q4182026,PER,Q4182026,Thomas Jules Richard Maillot,"Based on the provided text and the list of candidates, the most likely Wikidata entity for the entity marked by [ENT] is: ```json {""wikipedia_page"": ""Thomas Jules Richard Maillot"", ""wikidata_id"": ""Q4182026""} ```",25.217798233032227
GDL-1868-10-24-a-i0010,6641,6655,Sainte-Pélagie,Q1641986,LOC,Q1641986,prison Sainte-Pélagie,"```json { ""wikipedia_page"": ""prison Sainte-Pélagie"", ""wikidata_id"": ""Q1641986"" } ```",24.169158935546875
GDL-1868-10-24-a-i0010,7085,7103,M. Edouard Lockroy,Q733836,PER,Q733836,Édouard Lockroy,"Given the input text and the list of candidates, the entity mentioned between the [ENT] tags is ""M. Edouard Lockroy"". The appropriate Wikidata entity from the list is: ```json {""wikipedia_page"":""Édouard Lockroy"", ""wikidata_id"":""Q733836""} ```",29.662450790405273
GDL-1868-10-24-a-i0010,7327,7342,Diable à Quatre,NIL,PROD,NIL,Diable à Quatre,no,0
GDL-1868-10-24-a-i0010,7529,7545,Diable à Qua tre,NIL,PROD,NIL,Diable à Qua tre,```json {} ```,0
GDL-1868-10-24-a-i0010,8248,8256,Florence,Q2044,LOC,Q2044,Florence,"{ ""wikipedia_page"": ""Florence"", ""wikidata_id"": ""Q2044"" }",22.472721099853516
GDL-1868-10-24-a-i0010,8330,8336,Berlin,Q64,LOC,Q64,Berlin,"```json {""wikipedia_page"": ""Berlin"", ""wikidata_id"": ""Q64""} ```",19.92082977294922
GDL-1868-10-24-a-i0010,8340,8344,Nord,NIL,PROD,NIL,Nord,no,0
GDL-1868-10-24-a-i0010,9010,9016,Berlin,Q64,LOC,Q64,Berlin,"```json { ""wikipedia_page"": ""Berlin"", ""wikidata_id"": ""Q64"" } ```",18.731569290161133
GDL-1868-10-24-a-i0010,9133,9139,Prague,Q1085,LOC,Q1085,Prague,"Based on the provided text and list of candidates, the entity mentioned between the [ENT] tags is likely referring to ""Prague"". Therefore, the most appropriate Wikidata entity from the given list of candidates is ""Prague"" with the Wikidata ID ""Q1085"" and Wikipedia page title ""Prague"". Here is the JSON-formatted answer: ```json { ""wikipedia_page"": ""Prague"", ""wikidata_id"": ""Q1085"" } ```",23.5421085357666
GDL-1868-10-24-a-i0010,9234,9240,Bohême,Q39193,LOC,Q39193,Bohême,"Based on the input text: > ""Autriche. — Le tribunal de première instance de Prague, siégeant comme tribunal de presse, a défendu la distribution de l'instruction des évêques de [ENT] Bohême [ENT],"" The most appropriate Wikidata entity from the given list of candidates is: - `Bohême` (Wikipedia page: ""Bohême"", Wikidata ID: ""Q39193"") Therefore, the JSON response is: ```json {""wikipedia_page"":""Bohême"", ""wikidata_id"":""Q39193""} ```",22.711973190307617
GDL-1868-10-24-a-i0010,9760,9775,comte de Taaffe,Q550748,PER,Q550748,Eduard Taaffe,"```json { ""wikipedia_page"": ""Eduard Taaffe"", ""wikidata_id"": ""Q550748"" } ```",12.445708274841309
GDL-1868-10-24-a-i0010,9790,9800,Reichsrath,Q697775,ORG,Q697775,Reichsrat,"```json { ""wikipedia_page"": ""Reichsrat"", ""wikidata_id"": ""Q697775"" } ```",22.102001190185547
GDL-1868-10-24-a-i0010,10311,10317,Europe,Q46,LOC,Q46,Europe,"```json { ""wikipedia_page"": ""Europe"", ""wikidata_id"": ""Q46"" } ```",19.285343170166016
GDL-1868-10-24-a-i0010,10462,10469,M. Deak,Q508823,PER,Q508823,Ferenc Deák,"```json {""wikipedia_page"":""Ferenc Deák"", ""wikidata_id"":""Q508823""} ```",17.58869743347168
GDL-1868-10-24-a-i0010,10590,10596,Vienne,Q1741,LOC,Q1741,Vienne,"Based on the provided text and list of candidates, the most appropriate Wikidata entity for the entity mentioned between the [ENT] tags is: ```json {""wikipedia_page"":""Vienne"", ""wikidata_id"":""Q1741""} ``` This entity corresponds to ""Vienne"" as the capital of Austria.",27.58653450012207
GDL-1868-10-24-a-i0010,11600,11611,île de Cuba,Q241,LOC,Q241,Cuba,"Based on the input text and the provided list of candidates, the entities mentioned between the [ENT] tags are ""Cuba"" and ""Cuba"". The most appropriate Wikidata entity for both entities is ""Cuba"" (Q241). Therefore, the JSON response is: ```json {""wikipedia_page"":""Cuba"", ""wikidata_id"":""Q241""} ```",18.217567443847656
GDL-1878-12-20-a-i0026,0,8,LAUSANNE,Q807,LOC,Q807,Lausanne,"```json { ""wikipedia_page"": ""Lausanne"", ""wikidata_id"": ""Q807"" } ```",25.447799682617188
GDL-1878-12-20-a-i0026,231,239,Lausanne,Q807,LOC,Q807,Lausanne,"```json { ""wikipedia_page"": ""Lausanne"", ""wikidata_id"": ""Q807"" } ```",27.632606506347656
GDL-1878-12-20-a-i0026,548,553,Berne,Q70,LOC,Q70,Berne,"```json { ""wikipedia_page"": ""Berne"", ""wikidata_id"": ""Q70"" } ```",25.342912673950195
GDL-1878-12-20-a-i0026,709,726,gare de Chexbi'es,NIL,LOC,NIL,gare de Chexbi'es,no,0
GDL-1878-12-20-a-i0026,880,896,gare de Chexbres,NIL,LOC,NIL,gare de Chexbres,no,0
GDL-1878-12-20-a-i0026,915,923,Lausanne,Q807,LOC,Q807,Lausanne,"Certainly! The entity tagged with [ENT] is related to Lausanne, and the most appropriate Wikidata entity from the list of candidates is: ```json { ""wikipedia_page"": ""Lausanne"", ""wikidata_id"": ""Q807"" } ```",25.750764846801758
GDL-1878-12-20-a-i0026,1004,1009,Berne,Q70,LOC,Q70,Berne,"```json {""wikipedia_page"": ""Berne"", ""wikidata_id"": ""Q70""} ```",23.747316360473633
GDL-1878-12-20-a-i0026,1103,1109,Moudon,Q70202,LOC,Q70202,Moudon,"```json { ""wikipedia_page"": ""Moudon"", ""wikidata_id"": ""Q70202"" } ```",25.429729461669922
GDL-1878-12-20-a-i0026,1423,1431,Lausanne,Q807,LOC,Q807,Lausanne,"```json { ""wikipedia_page"": ""Lausanne"", ""wikidata_id"": ""Q807"" } ```",26.478303909301758
GDL-1878-12-20-a-i0026,2617,2634,compagnie S .-O .,NIL,ORG,NIL,compagnie S .-O .,No,0
GDL-1888-12-07-a-i0003,55,60,Paris,Q90,LOC,Q90,Paris,"```json {""wikipedia_page"":""Paris"", ""wikidata_id"":""Q90""} ```",19.89336395263672
GDL-1888-12-07-a-i0003,176,192,boulevard Baudiu,NIL,LOC,NIL,boulevard Baudiu,no,0
GDL-1888-12-07-a-i0003,214,216,S.,NIL,PER,NIL,S.,no,0
GDL-1888-12-07-a-i0003,280,288,Ardennes,Q3164,LOC,Q3164,Ardennes,"{ ""wikipedia_page"": ""Ardennes"", ""wikidata_id"": ""Q3164"" }",19.7186336517334
GDL-1888-12-07-a-i0003,792,814,"M. Linard, républicain",NIL,PER,NIL,"M. Linard, républicain",no,0
GDL-1888-12-07-a-i0003,976,987,rue de Sèze,Q3451070,LOC,Q3451070,rue de Sèze,"{ ""wikipedia_page"": ""rue de Sèze"", ""wikidata_id"": ""Q3451070"" }",22.808666229248047
GDL-1888-12-07-a-i0003,1593,1610,général Boulanger,Q315747,PER,Q315747,Georges Boulanger,"```json { ""wikipedia_page"": ""Georges Boulanger"", ""wikidata_id"": ""Q315747"" } ```",27.23960304260254
GDL-1888-12-07-a-i0003,1951,1963,Arthur Meyer,Q2865261,PER,Q2865261,Arthur Meyer,"Based on the input text and the list of candidates, the entity mentioned between the [ENT] tags is ""Arthur Meyer"". The most appropriate Wikidata entity from the list is: ```json {""wikipedia_page"":""Arthur Meyer"", ""wikidata_id"":""Q2865261""} ```",30.62937355041504
GDL-1888-12-07-a-i0003,2055,2063,Michelin,Q3131641,PER,Q3131641,Henri Michelin,"```json {""wikipedia_page"":""Henri Michelin"", ""wikidata_id"":""Q3131641""} ```",21.082975387573242
GDL-1888-12-07-a-i0003,2074,2081,Vergoin,Q3301498,PER,Q3301498,Maurice Vergoin,"Based on the given input text and the list of candidates, the most appropriate Wikidata entity for the entity tagged with [ENT] is: ```json {""wikipedia_page"":""Maurice Vergoin"",""wikidata_id"":""Q3301498""} ``` This is because ""Maurice Vergoin"" is the only candidate with a relevant description for a personality involved in French politics and matches the context of the text.",22.387351989746094
GDL-1888-12-07-a-i0003,2516,2521,Somme,Q12770,LOC,Q12770,Somme,"```json { ""wikipedia_page"": ""Somme"", ""wikidata_id"": ""Q12770"" } ```",20.572404861450195
GDL-1888-12-07-a-i0003,3196,3204,M. Grévy,Q296083,PER,Q296083,Jules Grévy,"Based on the input text and the provided list of candidates, the entity mentioned between the [ENT] tags is likely ""Jules Grévy"". Therefore, the corresponding Wikipedia page title and Wikidata ID for this entity are: ```json {""wikipedia_page"":""Jules Grévy"", ""wikidata_id"":""Q296083""} ```",25.81700897216797
GDL-1888-12-07-a-i0003,3755,3774,boulevard Haussmann,Q895076,LOC,Q895076,boulevard Haussmann,"```json {""wikipedia_page"":""boulevard Haussmann"", ""wikidata_id"":""Q895076""} ```",25.324419021606445
GDL-1888-12-07-a-i0003,3983,3993,M. Floquet,Q471311,PER,Q471311,Charles Floquet,"Based on the provided text and the list of candidates, the entity mentioned between the [ENT] tags is ""Charles Floquet"". Therefore, the corresponding Wikipedia page title and Wikidata ID are: ```json {""wikipedia_page"": ""Charles Floquet"", ""wikidata_id"": ""Q471311""} ```",26.44628143310547
GDL-1898-06-27-a-i0011,22,27,BERNE,Q70,LOC,Q70,Berne,"```json { ""wikipedia_page"": ""Berne"", ""wikidata_id"": ""Q70"" } ```",27.152143478393555
GDL-1898-06-27-a-i0011,147,177,"M. Hirter, conseiller national",Q1641554,PER,Q1641554,Johann Daniel Hirter,"```json { ""wikipedia_page"": ""Johann Daniel Hirter"", ""wikidata_id"": ""Q1641554"" } ```",18.409610748291016
GDL-1898-06-27-a-i0011,765,775,Interlaken,Q68103,LOC,Q68103,Interlaken,"```json { ""wikipedia_page"": ""Interlaken"", ""wikidata_id"": ""Q68103"" } ```",34.440040588378906
GDL-1898-06-27-a-i0011,990,997,ARGOVIE,Q11972,LOC,Q11972,canton d'Argovie,"```json {""wikipedia_page"": ""canton d'Argovie"", ""wikidata_id"": ""Q11972""} ```",19.52440643310547
GDL-1898-06-27-a-i0011,1036,1067,Société des pontonniers de Bàle,NIL,ORG,NIL,Société des pontonniers de Bàle,```json {} ```,0
GDL-1898-06-27-a-i0011,1080,1091,Rheinfelden,Q269667,LOC,Q269667,Rheinfelden,"Based on the provided text and list of candidates, the most appropriate Wikidata entity for the entity [ENT] mentioned is: ```json {""wikipedia_page"":""Rheinfelden"", ""wikidata_id"":""Q269667""} ```",28.77021026611328
GDL-1898-06-27-a-i0011,1359,1365,VALAIS,Q834,LOC,Q834,canton du Valais,"```json { ""wikipedia_page"": ""canton du Valais"", ""wikidata_id"": ""Q834"" } ```",14.152616500854492
GDL-1898-06-27-a-i0011,1386,1390,Sion,Q68136,LOC,Q68136,Sion,"```json {""wikipedia_page"":""Sion"", ""wikidata_id"":""Q68136""} ```",19.772539138793945
GDL-1898-06-27-a-i0011,1766,1777,Tourtemagne,Q70054,LOC,Q70054,Tourtemagne,"Based on the provided text and the list of candidates, the most appropriate Wikidata entity for the entity mentioned between the [ENT] tags is ""Tourtemagne"". - Wikipedia Page Title: Tourtemagne - Wikidata ID: Q70054 Therefore, the JSON response is: ```json {""wikipedia_page"":""Tourtemagne"", ""wikidata_id"":""Q70054""} ```",20.911991119384766
GDL-1898-06-27-a-i0011,2326,2332,GENÈVE,Q71,LOC,Q71,Genève,"```json { ""wikipedia_page"": ""Genève"", ""wikidata_id"": ""Q71"" } ```",27.80327796936035
GDL-1898-06-27-a-i0011,2498,2504,Barret,NIL,PER,NIL,Barret,```json {} ```,0
GDL-1898-06-27-a-i0011,2563,2569,Genève,Q71,LOC,Q71,Genève,"```json {""wikipedia_page"":""Genève"", ""wikidata_id"":""Q71""} ```",23.490245819091797
GDL-1898-06-27-a-i0011,2591,2597,Genoud,NIL,PER,NIL,Genoud,no,0
GDL-1898-06-27-a-i0011,2599,2605,Genève,Q71,LOC,Q71,Genève,"Based on the input text and the provided list of candidates, the most appropriate Wikidata entity for the entity mentioned between the [ENT] tags is: ```json {""wikipedia_page"": ""Genève"", ""wikidata_id"": ""Q71""} ```",23.39668083190918
GDL-1898-06-27-a-i0011,2627,2634,Terrier,NIL,PER,NIL,Terrier,no,0
GDL-1898-06-27-a-i0011,2636,2644,Lausanne,Q807,LOC,Q807,Lausanne,"```json {""wikipedia_page"":""Lausanne"", ""wikidata_id"":""Q807""} ```",29.647836685180664
GDL-1908-06-09-a-i0014,38,51,éditeur Kreis,NIL,PER,NIL,éditeur Kreis,```json {} ```,0
GDL-1908-06-09-a-i0014,55,59,Bâle,Q78,LOC,Q78,Bâle,"```json { ""wikipedia_page"": ""Bâle"", ""wikidata_id"": ""Q78"" } ```",34.357810974121094
GDL-1908-06-09-a-i0014,160,166,D Wolf,NIL,PER,NIL,D Wolf,no,0
GDL-1908-06-09-a-i0014,363,369,Suisse,Q39,LOC,Q39,Suisse,"```json {""wikipedia_page"":""Suisse"", ""wikidata_id"":""Q39""} ```",29.928312301635742
GDL-1908-06-09-a-i0014,661,668,Bernina,Q277177,LOC,Q277177,ligne de la Bernina,"```json {""wikipedia_page"":""ligne de la Bernina"", ""wikidata_id"":""Q277177""} ```",19.389251708984375
GDL-1908-06-09-a-i0014,914,923,Poschiavo,Q69503,LOC,Q69503,Poschiavo,"The entity mentioned between the [ENT] tags is ""Poschiavo."" Based on the provided list of candidates, the most appropriate Wikidata entity is {""wikipedia_page"":""Poschiavo"", ""wikidata_id"":""Q69503""}. ```json { ""wikipedia_page"": ""Poschiavo"", ""wikidata_id"": ""Q69503"" } ```",23.97319221496582
GDL-1908-06-09-a-i0014,1172,1180,Lausanne,Q807,LOC,Q807,Lausanne,"Based on the provided input text and the given list of candidates, the entity mentioned between the [ENT] tags is ""Lausanne"". The most appropriate Wikidata entity from the list of candidates for this entity is: ```json { ""wikipedia_page"": ""Lausanne"", ""wikidata_id"": ""Q807"" } ```",31.971961975097656
GDL-1908-06-09-a-i0014,1251,1255,Bâle,Q78,LOC,Q78,Bâle,"```json {""wikipedia_page"":""Bâle"", ""wikidata_id"":""Q78""} ```",28.29046630859375
GDL-1908-06-09-a-i0014,1313,1324,Winterthour,Q9125,LOC,Q9125,Winterthour,"Based on the provided list of candidates and the input text, the most appropriate Wikidata entity for the term ""Winterthour"" is: ```json {""wikipedia_page"":""Winterthour"", ""wikidata_id"":""Q9125""} ```",29.996322631835938
GDL-1908-06-09-a-i0014,1671,1677,Sœntis,Q15224,LOC,Q15224,Säntis,"```json { ""wikipedia_page"": ""Säntis"", ""wikidata_id"": ""Q15224"" } ```",16.859037399291992
GDL-1908-06-09-a-i0014,1679,1686,Gothard,Q688549,LOC,Q688549,Massif du Saint-Gothard,"```json { ""wikipedia_page"": ""Massif du Saint-Gothard"", ""wikidata_id"": ""Q688549"" } ```",17.98053741455078
GDL-1908-06-09-a-i0014,1688,1694,Pilate,Q15265,LOC,Q15265,Pilatus,"```json {""wikipedia_page"": ""Pilatus"", ""wikidata_id"": ""Q15265""} ```",15.937485694885254
GDL-1908-06-09-a-i0014,1709,1723,Haute-Engadine,Q1789552,LOC,Q1789552,Haute-Engadine,"```json { ""wikipedia_page"": ""Haute-Engadine"", ""wikidata_id"": ""Q1789552"" } ```",19.597837448120117
GDL-1908-06-09-a-i0014,1823,1832,Allemagne,Q183,LOC,Q183,Allemagne,"```json {""wikipedia_page"":""Allemagne"", ""wikidata_id"":""Q183""} ```",22.270727157592773
GDL-1908-06-09-a-i0014,2277,2283,Suisse,Q39,LOC,Q39,Suisse,"```json {""wikipedia_page"":""Suisse"", ""wikidata_id"":""Q39""} ```",20.64540672302246
GDL-1908-06-09-a-i0014,3502,3506,Bâle,Q78,LOC,Q78,Bâle,"{ ""wikipedia_page"": ""Bâle"", ""wikidata_id"": ""Q78"" }",24.90456771850586
GDL-1908-06-09-a-i0014,3509,3517,Hambourg,Q1055,LOC,Q1055,Hambourg,"Given the context and the list of candidates, the entity ""Hambourg"" mentioned between the [ENT] tags in the text most likely refers to the city of Hamburg. Therefore, the appropriate Wikidata entity is: ```json { ""wikipedia_page"":""Hambourg"", ""wikidata_id"":""Q1055"" } ```",26.805465698242188
GDL-1918-05-16-a-i0086,255,260,Noyon,Q49831,LOC,Q49831,Noyon,"```json {""wikipedia_page"":""Noyon"", ""wikidata_id"":""Q49831""} ```",22.309242248535156
GDL-1918-05-16-a-i0086,1025,1033,Londires,Q84,LOC,Q84,Londres,"{ ""wikipedia_page"": ""Londres"", ""wikidata_id"": ""Q84"" }",17.24425506591797
GDL-1918-05-16-a-i0086,1265,1284,vallées de la Somme,NIL,LOC,NIL,vallées de la Somme,```json {} ```,0
GDL-1918-05-16-a-i0086,1293,1298,Ancre,Q489438,LOC,Q489438,Ancre,"```json {""wikipedia_page"":""Ancre"", ""wikidata_id"":""Q489438""} ```",18.1676025390625
GDL-1918-05-16-a-i0086,1330,1345,forêt de Nleppe,NIL,LOC,NIL,forêt de Nleppe,```json {} ```,0
GDL-1918-05-16-a-i0086,1411,1422,Morlancourt,Q639056,LOC,Q639056,Morlancourt,"```json {""wikipedia_page"":""Morlancourt"", ""wikidata_id"":""Q639056""} ```",28.044342041015625
GDL-1918-05-16-a-i0086,2858,2869,Mont Kemmel,Q209541,LOC,Q209541,mont Kemmel,"Based on the input text and the provided list of candidates, the entity mentioned between the [ENT] tags, ""Mont Kemmel"", can be disambiguated to the following Wikidata entity: ```json {""wikipedia_page"": ""mont Kemmel"", ""wikidata_id"": ""Q209541""} ```",20.87177276611328
GDL-1918-05-16-a-i0086,4450,4457,Bucquoy,Q995400,LOC,Q995400,Bucquoy,"```json {""wikipedia_page"":""Bucquoy"", ""wikidata_id"":""Q995400""} ```",25.358722686767578
GDL-1918-05-16-a-i0086,4625,4631,Conbie,Q71469,LOC,Q71469,Corbie,"Based on the provided text, the entity mentioned between the [ENT] tags is ""Conbie,"" which corresponds to ""Corbie"" in the list of candidates. Therefore, the JSON response will be: ```json {""wikipedia_page"": ""Corbie"", ""wikidata_id"": ""Q71469""} ```",18.068984985351562
GDL-1918-05-16-a-i0086,4835,4852,VJMers-Bretonneux,Q677163,LOC,Q677163,Villers-Bretonneux,"```json { ""wikipedia_page"": ""Villers-Bretonneux"", ""wikidata_id"": ""Q677163"" } ```",19.057340621948242
GDL-1918-05-16-a-i0086,4966,4970,Avre,Q739893,LOC,Q739893,Avre,"Based on the input text and the list of candidates, the entity mentioned between the [ENT] tags, ""Avre"", matches with the first candidate in the list. Here is the JSON object: ```json {""wikipedia_page"": ""Avre"", ""wikidata_id"": ""Q739893""} ```",22.76529312133789
GDL-1918-05-16-a-i0086,5257,5263,Calais,Q6454,LOC,Q6454,Calais,"{""wikipedia_page"":""Calais"", ""wikidata_id"":""Q6454""}",20.646480560302734
GDL-1918-05-16-a-i0086,5406,5412,Vienne,Q1741,LOC,Q1741,Vienne,"Based on the input text and the provided list of candidates, the most appropriate Wikidata entity for the [ENT] tags is ""Vienne"" (wikidata_id: Q1741), which corresponds to the capital of Austria. Here is the JSON object: ```json { ""wikipedia_page"": ""Vienne"", ""wikidata_id"": ""Q1741"" } ```",25.434284210205078
GDL-1918-05-16-a-i0086,6077,6095,gare de Pri molano,Q3970614,LOC,Q3970614,Primolano,"```json {""wikipedia_page"":""Primolano"", ""wikidata_id"":""Q3970614""} ```",16.78789710998535
GDL-1918-05-16-a-i0086,6147,6158,col Oaprile,NIL,LOC,NIL,col Oaprile,No,0
GDL-1918-05-16-a-i0086,6206,6211,Piave,Q213462,LOC,Q213462,Piave,"{""wikipedia_page"":""Piave"", ""wikidata_id"":""Q213462""}",24.537353515625
GDL-1918-05-16-a-i0086,6296,6315,région de Soreslano,NIL,LOC,NIL,région de Soreslano,no,0
GDL-1918-05-16-a-i0086,6500,6505,Piave,Q213462,LOC,Q213462,Piave,"```json {""wikipedia_page"": ""Piave"", ""wikidata_id"": ""Q213462""} ```",21.44315528869629
GDL-1918-05-16-a-i0086,6609,6615,Kemmel,Q1024880,LOC,Q1024880,Kemmel,"```json {""wikipedia_page"": ""Kemmel"", ""wikidata_id"": ""Q1024880""} ```",21.150066375732422
GDL-1918-05-16-a-i0086,6757,6764,Moreuil,Q115426,LOC,Q115426,Moreuil,"Based on the provided input text and the list of candidates, the entity mentioned between the [ENT] tags is ""Moreuil"". The most appropriate Wikidata entity from the given list is: ```json {""wikipedia_page"":""Moreuil"", ""wikidata_id"":""Q115426""} ```",20.235429763793945
GDL-1928-12-01-a-i0015,101,107,Moscou,Q649,LOC,Q649,Moscou,"Based on the provided text and the list of candidates, the entity mentioned between the [ENT] tags is most likely ""Moscou"" (Moscow). Therefore, the corresponding Wikipedia page title and Wikidata ID are: ```json {""wikipedia_page"":""Moscou"", ""wikidata_id"":""Q649""} ```",28.422605514526367
GDL-1928-12-01-a-i0015,332,340,Le Temps,Q639137,PROD,Q639137,Le Temps,"```json {""wikipedia_page"": ""Le Temps"", ""wikidata_id"": ""Q639137""} ```",22.321077346801758
GDL-1928-12-01-a-i0015,410,426,Union soviétique,Q15180,LOC,Q15180,Union soviétique,"```json { ""wikipedia_page"": ""Union soviétique"", ""wikidata_id"": ""Q15180"" } ```",24.77361488342285
GDL-1928-12-01-a-i0015,564,571,Balkans,Q23522,LOC,Q23522,Balkans,"```json { ""wikipedia_page"": ""Balkans"", ""wikidata_id"": ""Q23522"" } ```",19.193565368652344
GDL-1928-12-01-a-i0015,1059,1065,Berlin,Q64,LOC,Q64,Berlin,"```json { ""wikipedia_page"": ""Berlin"", ""wikidata_id"": ""Q64"" } ```",21.04273796081543
GDL-1928-12-01-a-i0015,1197,1203,Moscou,Q649,LOC,Q649,Moscou,"Based on the input text and the list of candidates, the entity mentioned between the [ENT] tags appears to refer to the city of Moscow (Moscou). Therefore, the most appropriate Wikidata entity from the given list of candidates is: ```json { ""wikipedia_page"": ""Moscou"", ""wikidata_id"": ""Q649"" } ```",22.350303649902344
GDL-1928-12-01-a-i0015,1704,1710,Moscou,Q649,LOC,Q649,Moscou,"```json { ""wikipedia_page"": ""Moscou"", ""wikidata_id"": ""Q649"" } ```",21.610172271728516
GDL-1928-12-01-a-i0015,1715,1721,Berlin,Q64,LOC,Q64,Berlin,"Based on the provided input text, the entity tagged with [ENT] is ""Berlin"". Among the provided candidates, the most appropriate Wikidata entity is: ```json {""wikipedia_page"":""Berlin"", ""wikidata_id"":""Q64""} ```",18.223155975341797
GDL-1928-12-01-a-i0015,1891,1908,VAction française,Q496011,PROD,Q496011,L'Action française,"```json { ""wikipedia_page"": ""L'Action française"", ""wikidata_id"": ""Q496011"" } ```",18.97140121459961
GDL-1928-12-01-a-i0015,1944,1958,M. 'Bain ville,Q966894,PER,Q966894,Jacques Bainville,"```json {""wikipedia_page"": ""Jacques Bainville"", ""wikidata_id"": ""Q966894""} ```",17.25246810913086
GDL-1928-12-01-a-i0015,2175,2193,président Coolidge,Q36023,PER,Q36023,Calvin Coolidge,"```json { ""wikipedia_page"": ""Calvin Coolidge"", ""wikidata_id"": ""Q36023"" } ```",22.152034759521484
GDL-1928-12-01-a-i0015,2216,2229,M. Streeemann,Q103955,PER,Q103955,Gustav Stresemann,"Based on the analysis of the input text, the entity mentioned between the [ENT] tags is ""Gustav Stresemann"". Therefore, the corresponding Wikidata ID and Wikipedia page title are: ```json {""wikipedia_page"":""Gustav Stresemann"", ""wikidata_id"":""Q103955""} ```",13.928208351135254
GDL-1928-12-01-a-i0015,2346,2355,Allemagne,Q183,LOC,Q183,Allemagne,"Based on the provided text and the list of candidates, the entity mentioned between the [ENT] tags is 'Allemagne'. The most appropriate Wikidata entity from the list of candidates is the one with the wikipedia_page 'Allemagne' and the wikidata_id 'Q183'. Here is the JSON object formatted as required: ```json {""wikipedia_page"":""Allemagne"", ""wikidata_id"":""Q183""} ```",17.87772560119629
GDL-1928-12-01-a-i0015,2565,2573,New-York,Q60,LOC,Q60,New York,"```json { ""wikipedia_page"": ""New York"", ""wikidata_id"": ""Q60"" } ```",28.963144302368164
GDL-1928-12-01-a-i0015,2576,2582,Berlin,Q64,LOC,Q64,Berlin,"```json { ""wikipedia_page"": ""Berlin"", ""wikidata_id"": ""Q64"" } ```",21.595256805419922
GDL-1928-12-01-a-i0015,2603,2610,Londres,Q84,LOC,Q84,Londres,"```json {""wikipedia_page"":""Londres"", ""wikidata_id"":""Q84""} ```",21.816946029663086
GDL-1928-12-01-a-i0015,2630,2638,New-York,Q60,LOC,Q60,New York,"```json { ""wikipedia_page"": ""New York"", ""wikidata_id"": ""Q60"" } ```",25.554513931274414
GDL-1928-12-01-a-i0015,2769,2777,New-York,Q60,LOC,Q60,New York,"Based on the input text and the provided list of candidates, the entity mentioned between the [ENT] tags is ""New York"". The most appropriate Wikidata entity from the given list of candidates is: ```json {""wikipedia_page"":""New York"", ""wikidata_id"":""Q60""} ```",22.846555709838867
GDL-1938-04-22-a-i0048,133,139,Italie,Q38,LOC,Q38,Italie,"Based on the provided text and candidate list, the most appropriate Wikidata entity for the [ENT] Italy [ENT] would be: ```json {""wikipedia_page"":""Italie"", ""wikidata_id"":""Q38""} ```",21.308414459228516
GDL-1938-04-22-a-i0048,608,614,France,Q142,LOC,Q142,France,"Based on the provided text and the list of candidates, the entity mentioned between the [ENT] tags is ""La [ENT] France [ENT]"". The most appropriate Wikidata entity from the given list of candidates is: - Wikidata ID: Q142 - Wikipedia Page Title: France Thus, the JSON response is: ```json {""wikipedia_page"": ""France"", ""wikidata_id"": ""Q142""} ```",19.105783462524414
GDL-1938-04-22-a-i0048,901,907,Italie,Q38,LOC,Q38,Italie,"```json { ""wikipedia_page"": ""Italie"", ""wikidata_id"": ""Q38"" } ```",22.884151458740234
GDL-1938-04-22-a-i0048,1362,1368,Italie,Q38,LOC,Q38,Italie,"```json { ""wikipedia_page"": ""Italie"", ""wikidata_id"": ""Q38"" } ```",23.212732315063477
GDL-1938-04-22-a-i0048,2585,2600,Italie fasciste,Q48742118,LOC,Q48742118,Italie fasciste,"Given the text and the list of candidates, the entity mentioned between the [ENT] tags is most likely related to the fascist period in Italy. The appropriate Wikidata entity from the given list of candidates is: - Wikipedia Page: Italie fasciste - Wikidata ID: Q48742118 Here is the JSON response: ```json {""wikipedia_page"":""Italie fasciste"", ""wikidata_id"":""Q48742118""} ```",21.141136169433594
GDL-1938-04-22-a-i0048,2974,2996,libéralisme économique,Q729119,PROD,Q729119,libéralisme économique,"Based on the given input text, I would select the entity mentioned between the [ENT] tags as ""libéralisme économique"". The corresponding Wikipedia page title and Wikidata ID are: ```json {""wikipedia_page"":""libéralisme économique"", ""wikidata_id"":""Q729119""} ```",23.46483039855957
GDL-1938-10-12-a-i0095,179,196,chancelier Hitler,Q352,PER,Q352,Adolf Hitler,"```json {""wikipedia_page"":""Adolf Hitler"", ""wikidata_id"":""Q352""} ```",15.461980819702148
GDL-1938-10-12-a-i0095,199,209,Sarrebruck,Q1724,LOC,Q1724,Sarrebruck,"```json {""wikipedia_page"":""Sarrebruck"", ""wikidata_id"":""Q1724""} ```",21.641429901123047
GDL-1938-10-12-a-i0095,294,303,Allemagne,Q183,LOC,Q183,Allemagne,"```json {""wikipedia_page"":""Allemagne"", ""wikidata_id"":""Q183""} ```",18.24689483642578
GDL-1938-10-12-a-i0095,498,504,Italie,Q38,LOC,Q38,Italie,"Based on the input text and the list of candidates, the entity mentioned between the [ENT] tags seems to be ""Italie"". Therefore, the most appropriate Wikidata entity is: ```json {""wikipedia_page"": ""Italie"", ""wikidata_id"": ""Q38""} ```",21.679765701293945
GDL-1938-10-12-a-i0095,559,565,Berlin,Q64,LOC,Q64,Berlin,"```json {""wikipedia_page"":""Berlin"", ""wikidata_id"":""Q64""} ```",17.423580169677734
GDL-1938-10-12-a-i0095,566,570,Rome,Q220,LOC,Q220,Rome,"Based on the provided text and the list of candidates, the entity mentioned between the [ENT] tags is likely to be ""Roma"", the city of Rome in Italy. The most appropriate Wikidata entity from the list of candidates is: ```json {""wikipedia_page"": ""Rome"", ""wikidata_id"": ""Q220""} ```",20.944501876831055
GDL-1938-10-12-a-i0095,622,631,Mussolini,Q23559,PER,Q23559,Benito Mussolini,"Based on the provided text, the entity tagged with [ENT] is ""Mussolini"". The most appropriate Wikidata entity from the provided list of candidates is ""Benito Mussolini"". Here is the JSON object: ```json {""wikipedia_page"":""Benito Mussolini"",""wikidata_id"":""Q23559""} ```",21.349685668945312
GDL-1938-10-12-a-i0095,912,916,Rome,Q220,LOC,Q220,Rome,"{ ""wikipedia_page"": ""Rome"", ""wikidata_id"": ""Q220"" }",21.18890953063965
GDL-1938-10-12-a-i0095,1029,1035,Berlin,Q64,LOC,Q64,Berlin,"{""wikipedia_page"":""Berlin"", ""wikidata_id"":""Q64""}",18.97810935974121
GDL-1938-10-12-a-i0095,1039,1043,Rome,Q220,LOC,Q220,Rome,"Based on the analysis of the input text and the list of candidates, the most appropriate Wikidata entity corresponding to the entities mentioned between the [ENT] tags is: ```json {""wikipedia_page"": ""Rome"", ""wikidata_id"": ""Q220""} ```",18.189651489257812
GDL-1938-10-12-a-i0095,1455,1467,Méditerranée,Q4918,LOC,Q4918,mer Méditerranée,"```json {""wikipedia_page"": ""mer Méditerranée"", ""wikidata_id"": ""Q4918""} ```",20.768360137939453
GDL-1948-07-15-a-i0035,53,58,AIGLE,Q43195,LOC,Q43195,Aigle,"```json {""wikipedia_page"":""Aigle"", ""wikidata_id"":""Q43195""} ```",25.627094268798828
GDL-1948-07-15-a-i0035,96,101,C. P.,NIL,PER,NIL,C. P.,```json {} ```,0
GDL-1948-07-15-a-i0035,105,110,Aigle,Q43195,LOC,Q43195,Aigle,"```json { ""wikipedia_page"": ""Aigle"", ""wikidata_id"": ""Q43195"" } ```",33.72715759277344
GDL-1948-07-15-a-i0035,703,720,Temple du Cloître,NIL,LOC,NIL,Temple du Cloître,```json {} ```,0
GDL-1948-07-15-a-i0035,1825,1836,R. Deladoey,NIL,PER,NIL,R. Deladoey,```json {} ```,0
GDL-1948-07-15-a-i0035,1946,1956,Chr. Rouge,NIL,PER,NIL,Chr. Rouge,no,0
GDL-1948-07-15-a-i0035,1974,1988,J. Oberhaensli,NIL,PER,NIL,J. Oberhaensli,```json {} ```,0
GDL-1948-07-15-a-i0035,2034,2039,C. P.,NIL,PER,NIL,C. P.,no,0
GDL-1948-07-15-a-i0035,2115,2125,MM. Sublel,NIL,PER,NIL,MM. Sublel, no,0
GDL-1948-07-15-a-i0035,2127,2135,Bralschi,NIL,PER,NIL,Bralschi,no,0
GDL-1948-07-15-a-i0035,2137,2147,Nicollerat,NIL,PER,NIL,Nicollerat,no,0
GDL-1948-07-15-a-i0035,2158,2164,Favrod,NIL,PER,NIL,Favrod,```json {} ```,0
GDL-1948-07-15-a-i0035,2168,2178,Zumbrunnen,NIL,PER,NIL,Zumbrunnen,```json {} ```,0
GDL-1948-07-15-a-i0035,2183,2215,"premier des candidats, M. Buitin",NIL,PER,NIL,"premier des candidats, M. Buitin","""no""",0
GDL-1948-07-15-a-i0035,2447,2466,Chapelle des Posses,NIL,LOC,NIL,Chapelle des Posses,no,0
GDL-1948-07-15-a-i0035,2490,2500,M. Reymond,NIL,PER,NIL,M. Reymond,no,0
GDL-1948-07-15-a-i0035,2696,2699,Bex,Q52261,LOC,Q52261,Bex,"```json {""wikipedia_page"":""Bex"", ""wikidata_id"":""Q52261""} ```",25.919130325317383
GDL-1948-07-15-a-i0035,2717,2757,Société des Forces motrices de l'Avançon,NIL,ORG,NIL,Société des Forces motrices de l'Avançon,```json {} ```,0
GDL-1948-07-15-a-i0035,2811,2817,RENENS,Q69745,LOC,Q69745,Renens,"```json { ""wikipedia_page"": ""Renens"", ""wikidata_id"": ""Q69745"" } ```",25.585636138916016
GDL-1948-07-15-a-i0035,2849,2854,C. P.,NIL,PER,NIL,C. P.,no,0
GDL-1948-07-15-a-i0035,2903,2920,"M. Ruedi, notaire",NIL,PER,NIL,"M. Ruedi, notaire",```json {} ```,0
GDL-1948-07-15-a-i0035,3008,3022,MM. D Dusserre,NIL,PER,NIL,MM. D Dusserre,No,0
GDL-1948-07-15-a-i0035,3036,3051,Clardon Antoine,NIL,PER,NIL,Clardon Antoine,no,0
GDL-1948-07-15-a-i0035,3071,3079,Crissier,Q57121,LOC,Q57121,Crissier,"Based on the input text and the list of candidates, the entity mentioned between the [ENT] tags is ""Crissier"". Therefore, the corresponding Wikipedia page title and Wikidata ID are: ```json {""wikipedia_page"":""Crissier"", ""wikidata_id"":""Q57121""} ```",19.8187313079834
GDL-1948-07-15-a-i0035,3082,3093,MM. Manriry,NIL,PER,NIL,MM. Manriry,no,0
GDL-1948-07-15-a-i0035,3095,3103,Christin,NIL,PER,NIL,Christin,no,0
GDL-1948-07-15-a-i0035,3105,3112,Clardon,NIL,PER,NIL,Clardon,```json {} ```,0
GDL-1948-07-15-a-i0035,3130,3137,Coderey,NIL,PER,NIL,Coderey,no,0
GDL-1948-07-15-a-i0035,3141,3156,Arthur Miéville,NIL,PER,NIL,Arthur Miéville,no,0
GDL-1948-07-15-a-i0035,3174,3180,Renens,Q69745,LOC,Q69745,Renens,"```json {""wikipedia_page"": ""Renens"", ""wikidata_id"": ""Q69745""} ```",28.58061408996582
GDL-1948-12-11-a-i0039,73,86,Mon- '' treux,Q69354,LOC,Q69354,Montreux," {""wikipedia_page"":""Montreux"", ""wikidata_id"":""Q69354""}",17.435861587524414
GDL-1948-12-11-a-i0039,266,270,Vaud,Q12771,LOC,Q12771,canton de Vaud,"Based on the input text and the list of candidates, we can see that the entities tagged with [ENT] are likely referring to the canton of Vaud. The text mentions ""la commune du Châtelard-Mon- '' treux se débat dans des difficultés financières nées-de la guerre de 1914-1918 ; elle a dû conclure un arrangement avec ses créanciers obligataires et a obtenu la garantie de l'Etat de [ENT] Vaud [ENT] pour ie paiement d'un intérêt de 2 A %."" Therefore, the most appropriate Wikidata entity for the first [ENT] is 'canton de Vaud' (Wikidata ID: Q12771) and for the second [ENT] is also 'canton de Vaud' (Wikidata ID: Q12771). ```json {""wikipedia_page"":""canton de Vaud"", ""wikidata_id"":""Q12771""} ```",28.547801971435547
GDL-1958-07-29-a-i0071,223,270,Département fédéral des finances et des douanes,Q662317,ORG,Q662317,Département fédéral des finances,"```json { ""wikipedia_page"": ""Département fédéral des finances"", ""wikidata_id"": ""Q662317"" } ```",37.86305618286133
GDL-1968-05-30-a-i0128,153,156,BRI,Q309195,ORG,Q309195,Banque des règlements internationaux,"```json { ""wikipedia_page"": ""Banque des règlements internationaux"", ""wikidata_id"": ""Q309195"" } ```",20.068815231323242
GDL-1968-05-30-a-i0128,158,194,Banque des Règlements Internationaux,Q309195,ORG,Q309195,Banque des règlements internationaux,"```json { ""wikipedia_page"": ""Banque des règlements internationaux"", ""wikidata_id"": ""Q309195"" } ```",26.355548858642578
GDL-1968-05-30-a-i0128,345,348,BRI,Q309195,ORG,Q309195,Banque des règlements internationaux,"```json { ""wikipedia_page"": ""Banque des règlements internationaux"", ""wikidata_id"": ""Q309195"" } ```",16.833768844604492
GDL-1968-05-30-a-i0128,368,384,Banque de France,Q806950,ORG,Q806950,Banque de France,"```json { ""wikipedia_page"": ""Banque de France"", ""wikidata_id"": ""Q806950"" } ```",37.943904876708984
GDL-1968-11-02-a-i0267,29,40,Paul Morand,Q272,PER,Q272,Paul Morand,"Based on the provided text and the list of candidates, the entity mentioned between the [ENT] tags ""Paul Morand"" is the most appropriate Wikidata entity. Here is the JSON-formatted response: ```json {""wikipedia_page"":""Paul Morand"", ""wikidata_id"":""Q272""} ```",45.914268493652344
GDL-1968-11-02-a-i0267,46,64,Académie française,Q161806,ORG,Q161806,Académie française,"Based on the analysis of the input text, the entity mentioned between the [ENT] tags is likely the ""Académie française"". The most appropriate Wikidata entity from the given list of candidates is: ```json { ""wikipedia_page"": ""Académie française"", ""wikidata_id"": ""Q161806"" } ```",32.67040252685547
GDL-1968-11-02-a-i0267,105,116,Paul Morand,Q272,PER,Q272,Paul Morand,"```json {""wikipedia_page"":""Paul Morand"", ""wikidata_id"":""Q272""} ```",33.23818588256836
GDL-1968-11-02-a-i0267,164,181,Jean Schlumberger,Q322520,PER,Q322520,Jean Schlumberger,"Based on the provided text and the list of candidates, the entity mentioned between the [ENT] tags is ""Jean Schlumberger"". The most appropriate Wikidata entity from the provided list is: ```json {""wikipedia_page"": ""Jean Schlumberger"", ""wikidata_id"": ""Q322520""} ```",36.74277114868164
GDL-1968-11-02-a-i0267,297,309,Schlumberger,Q322520,PER,Q322520,Jean Schlumberger,"```json {""wikipedia_page"":""Jean Schlumberger"", ""wikidata_id"":""Q322520""} ```",33.92173385620117
GDL-1968-11-02-a-i0267,327,351,Nouvelle Revue Française,Q616067,PROD,Q616067,La Nouvelle Revue française,"```json { ""wikipedia_page"": ""La Nouvelle Revue française"", ""wikidata_id"": ""Q616067"" } ```",35.222782135009766
GDL-1968-11-02-a-i0267,355,361,Morand,Q272,PER,Q272,Paul Morand,"```json {""wikipedia_page"":""Paul Morand"", ""wikidata_id"":""Q272""} ```",32.04509735107422
GDL-1968-11-02-a-i0267,456,462,Morand,Q272,PER,Q272,Paul Morand,"```json {""wikipedia_page"": ""Paul Morand"", ""wikidata_id"": ""Q272""} ```",27.852033615112305
GDL-1968-11-02-a-i0267,590,601,Tour Eiffel,Q243,LOC,Q243,tour Eiffel,"Based on the input text and the list of candidates, the entity mentioned between the [ENT] tags is ""Tour Eiffel"". The most appropriate Wikidata entity from the provided list of candidates is: ```json {""wikipedia_page"": ""tour Eiffel"", ""wikidata_id"": ""Q243""} ```",33.56620788574219
GDL-1968-11-02-a-i0267,1377,1384,Paulhan,Q470557,PER,Q470557,Jean Paulhan,"Based on the input text and the provided candidates, the entity mentioned between the [ENT] tags (""Paulhan"") is most likely Jean Paulhan, who is an ""écrivain, critique et éditeur français"". The corresponding Wikipedia page title and Wikidata ID are: ```json {""wikipedia_page"":""Jean Paulhan"", ""wikidata_id"":""Q470557""} ```",31.189067840576172
GDL-1968-11-02-a-i0267,1400,1406,Proust,Q7199,PER,Q7199,Marcel Proust,"**JSON Output:** ```json {""wikipedia_page"":""Marcel Proust"", ""wikidata_id"":""Q7199""} ```",29.081315994262695
GDL-1968-11-02-a-i0267,1799,1810,Paul Morand,Q272,PER,Q272,Paul Morand,"```json {""wikipedia_page"": ""Paul Morand"", ""wikidata_id"": ""Q272""} ```",36.45661926269531
GDL-1968-11-02-a-i0267,1826,1837,Tour Eiffel,Q243,LOC,Q243,tour Eiffel,"```json { ""wikipedia_page"": ""tour Eiffel"", ""wikidata_id"": ""Q243"" } ```",31.93376922607422
GDL-1968-11-02-a-i0267,2165,2182,Jean Schlumberger,Q322520,PER,Q322520,Jean Schlumberger,"```json {""wikipedia_page"":""Jean Schlumberger"", ""wikidata_id"":""Q322520""} ```",37.33860778808594
GDL-1968-11-02-a-i0267,2262,2279,Jean Schlumberger,Q322520,PER,Q322520,Jean Schlumberger,"```json {""wikipedia_page"":""Jean Schlumberger"", ""wikidata_id"":""Q322520""} ```",37.6270751953125
GDL-1968-11-02-a-i0267,2373,2382,Gallimard,Q273819,ORG,Q273819,Éditions Gallimard,"{""wikipedia_page"":""Éditions Gallimard"", ""wikidata_id"":""Q273819""}",30.818031311035156
GDL-1968-11-02-a-i0267,3260,3274,Martin du Gard,Q129155,PER,Q129155,Roger Martin du Gard,"The entity within the [ENT] tags is ""Martin du Gard"". The most suitable Wikidata entity from the given list of candidates is: ```json {""wikipedia_page"":""Roger Martin du Gard"", ""wikidata_id"":""Q129155""} ```",30.60562515258789
GDL-1968-11-02-a-i0267,3399,3414,Cahiers vaudois,Q15695408,PROD,Q15695408,Cahiers vaudois,"Based on the provided text and the context, the most appropriate Wikidata entity for the [ENT] tags is: ```json { ""wikipedia_page"": ""Cahiers vaudois"", ""wikidata_id"": ""Q15695408"" } ```",23.071489334106445
GDL-1968-11-02-a-i0267,3435,3440,Ramuz,Q123635,PER,Q123635,Charles Ferdinand Ramuz,"```json {""wikipedia_page"": ""Charles Ferdinand Ramuz"", ""wikidata_id"": ""Q123635""} ```",19.695552825927734
GDL-1968-11-02-a-i0267,3502,3526,avenida de Los Pacificos,NIL,LOC,NIL,avenida de Los Pacificos,no,0
GDL-1968-11-02-a-i0267,3553,3577,quartier de Pucnte Vjeja,NIL,LOC,NIL,quartier de Pucnte Vjeja,no,0
GDL-1968-11-02-a-i0267,3605,3615,Villacorte,NIL,LOC,NIL,Villacorte,no,0
GDL-1968-11-02-a-i0267,3681,3694,Gonzalo Arias,Q3699081,PER,Q3699081,Gonzalo Arias,"Based on the input text, the entity mentioned between the [ENT] tags is ""Gonzalo Arias"". From the provided list of candidates, the most appropriate Wikidata entity is: ```json { ""wikipedia_page"": ""Gonzalo Arias"", ""wikidata_id"": ""Q3699081"" } ```",31.19901466369629
GDL-1968-11-02-a-i0267,3839,3853,Euscbio Martin,NIL,PER,NIL,Euscbio Martin,no,0
GDL-1968-11-02-a-i0267,4087,4122,général Tranco sauveur de la patrie,NIL,PER,NIL,général Tranco sauveur de la patrie,no,0
GDL-1968-11-02-a-i0267,4376,4382,Martin,NIL,PER,NIL,Martin,No,0
GDL-1968-11-02-a-i0267,4413,4419,Martin,NIL,PER,NIL,Martin,"```json { ""wikipedia_page"": """", ""wikidata_id"": """" } ```",0
GDL-1968-11-02-a-i0267,4500,4514,Eusebio Martin,NIL,PER,NIL,Eusebio Martin,no,0
GDL-1968-11-02-a-i0267,4657,4665,Le Monde,Q12461,PROD,Q12461,Le Monde,"{""wikipedia_page"":""Le Monde"", ""wikidata_id"":""Q12461""}",27.75798797607422
GDL-1968-11-02-a-i0267,4761,4767,Madrid,Q2807,LOC,Q2807,Madrid,"Based on the input text, the entity mentioned between the [ENT] tags is ""Madrid"". Among the provided candidates, the most appropriate Wikidata entity is: ```json {""wikipedia_page"": ""Madrid"", ""wikidata_id"": ""Q2807""} ```",25.53717613220215
GDL-1968-11-02-a-i0267,4945,4964,Jean-Marie Domenach,Q3167641,PER,Q3167641,Jean-Marie Domenach,"```json { ""wikipedia_page"": ""Jean-Marie Domenach"", ""wikidata_id"": ""Q3167641"" } ```",46.43642807006836
GDL-1968-11-02-a-i0267,5872,5900,Armel Guerne. son adaptateur,Q2047594,PER,Q2047594,Armel Guerne,"```json { ""wikipedia_page"": ""Armel Guerne"", ""wikidata_id"": ""Q2047594"" } ```",22.186487197875977
GDL-1968-11-02-a-i0267,6190,6198,Kawabata,Q43736,PER,Q43736,Yasunari Kawabata,"```json {""wikipedia_page"":""Yasunari Kawabata"", ""wikidata_id"":""Q43736""} ```",21.858924865722656
GDL-1968-11-02-a-i0267,6361,6374,Robbe-Grillet,Q216266,PER,Q216266,Alain Robbe-Grillet,"```json { ""wikipedia_page"": ""Alain Robbe-Grillet"", ""wikidata_id"": ""Q216266"" } ```",30.783336639404297
GDL-1968-11-02-a-i0267,6517,6525,Kawabata,Q43736,PER,Q43736,Yasunari Kawabata,"```json {""wikipedia_page"":""Yasunari Kawabata"", ""wikidata_id"":""Q43736""} ```",25.465778350830078
GDL-1968-11-02-a-i0267,6633,6641,Kawabata,Q43736,PER,Q43736,Yasunari Kawabata,"Based on the input text and the provided list of candidates, the entity mentioned between the [ENT] tags is ""Kawabata"". The most appropriate Wikidata entity from the list of candidates is: ```json {""wikipedia_page"":""Yasunari Kawabata"", ""wikidata_id"":""Q43736""} ```",24.782663345336914
GDL-1968-11-02-a-i0267,6917,6932,Israélien Agnon,Q133042,PER,Q133042,Samuel Joseph Agnon,"```json {""wikipedia_page"":""Samuel Joseph Agnon"", ""wikidata_id"":""Q133042""} ```",15.716682434082031
GDL-1968-11-02-a-i0267,6982,7008,Japonais Yanusari Kawabata,Q43736,PER,Q43736,Yasunari Kawabata,"```json {""wikipedia_page"": ""Yasunari Kawabata"", ""wikidata_id"": ""Q43736""} ```",18.217063903808594
GDL-1968-11-02-a-i0267,7054,7067,André Malraux,Q151164,PER,Q151164,André Malraux,"```json { ""wikipedia_page"": ""André Malraux"", ""wikidata_id"": ""Q151164"" } ```",39.823936462402344
GDL-1968-11-02-a-i0267,7127,7133,Thonon,Q206165,LOC,Q206165,Thonon-les-Bains,"Based on the input text and the list of candidates, the entity mentioned between the [ENT] tags is ""Thonon"". ```json { ""wikipedia_page"": ""Thonon-les-Bains"", ""wikidata_id"": ""Q206165"" } ```",28.300098419189453
GDL-1968-11-02-a-i0267,7690,7714,Théâtre national de Caen,Q3527622,ORG,Q3527622,théâtre de Caen,"Based on the provided text and the list of candidates, the entity ""Théâtre national de Caen"" is most accurately represented by the candidate ""théâtre de Caen"" in the list. Here is the JSON response: ```json {""wikipedia_page"": ""théâtre de Caen"", ""wikidata_id"": ""Q3527622""} ```",40.698978424072266
GDL-1968-11-02-a-i0267,7770,7775,Paris,Q90,LOC,Q90,Paris,"```json {""wikipedia_page"": ""Paris"", ""wikidata_id"": ""Q90""} ```",19.060962677001953
GDL-1968-11-02-a-i0267,8103,8118,Opéra de Vienne,Q209937,ORG,Q209937,opéra d'État de Vienne,"```json { ""wikipedia_page"": ""opéra d'État de Vienne"", ""wikidata_id"": ""Q209937"" } ```",28.682567596435547
GDL-1968-11-02-a-i0267,8170,8175,Paris,Q90,LOC,Q90,Paris,"```json {""wikipedia_page"": ""Paris"", ""wikidata_id"": ""Q90""} ```",31.24517250061035
GDL-1968-11-02-a-i0267,8240,8254,Alwin Nikoldis,Q449880,PER,Q449880,Alwin Nikolais,"```json { ""wikipedia_page"": ""Alwin Nikolais"", ""wikidata_id"": ""Q449880"" } ```",27.339733123779297
GDL-1968-11-02-a-i0267,8569,8581,Rauschcnberg,Q164358,PER,Q164358,Robert Rauschenberg,"Here is the JSON-formatted answer: ```json {""wikipedia_page"": ""Robert Rauschenberg"", ""wikidata_id"": ""Q164358""} ```",26.13935089111328
GDL-1968-11-02-a-i0267,8755,8767,Rauschenberg,Q164358,PER,Q164358,Robert Rauschenberg,"```json { ""wikipedia_page"": ""Robert Rauschenberg"", ""wikidata_id"": ""Q164358"" } ```",26.289615631103516
GDL-1968-11-02-a-i0267,8899,8905,Calder,Q151580,PER,Q151580,Alexander Calder,"```json { ""wikipedia_page"": ""Alexander Calder"", ""wikidata_id"": ""Q151580"" } ```",25.403911590576172
GDL-1968-11-02-a-i0267,8921,8927,Stahly,Q468744,PER,Q468744,François Stahly,"Based on the provided text and the candidates, the entity between the [ENT] tags is likely ""Stahly."" Given the context, it is reasonable to assume that François Stahly, the sculptor, is the intended reference. Therefore, the most appropriate Wikidata entity is: ```json {""wikipedia_page"": ""François Stahly"", ""wikidata_id"": ""Q468744""} ```",26.03934097290039
GDL-1968-11-02-a-i0267,9087,9093,Jouvet,Q60801,PER,Q60801,Louis Jouvet,"```json { ""wikipedia_page"": ""Louis Jouvet"", ""wikidata_id"": ""Q60801"" } ```",23.461429595947266
GDL-1968-11-02-a-i0267,9216,9228,Raymond Asso,Q2552540,PER,Q2552540,Raymond Asso,"Based on the input text and the list of candidates, the most appropriate Wikidata entity for the tagged entity [ENT] Raymond Asso [ENT] is: ```json {""wikipedia_page"":""Raymond Asso"", ""wikidata_id"":""Q2552540""} ```",28.437204360961914
GDL-1968-11-02-a-i0267,9246,9258,Raymond Asso,Q2552540,PER,Q2552540,Raymond Asso,"Based on the analysis of the input text and the provided list of candidates, the entity mentioned between the [ENT] tags is ""Raymond Asso"". The most appropriate Wikidata entity from the given list is: ```json {""wikipedia_page"":""Raymond Asso"", ""wikidata_id"":""Q2552540""} ```",29.153392791748047
GDL-1968-11-02-a-i0267,9337,9344,Montand,Q106057,PER,Q106057,Yves Montand,"```json {""wikipedia_page"":""Yves Montand"", ""wikidata_id"":""Q106057""} ```",20.881399154663086
GDL-1968-11-02-a-i0267,9372,9377,Gréco,Q156485,PER,Q156485,Juliette Gréco,"Based on the input text and the list of candidates, the entity mentioned between the [ENT] tags is ""Gréco"". The most appropriate Wikidata entity from the given list of candidates is: ```json {""wikipedia_page"":""Juliette Gréco"", ""wikidata_id"":""Q156485""} ```",19.822086334228516
GDL-1968-11-02-a-i0267,9391,9397,Bobino,Q888776,ORG,Q888776,Bobino,"```json { ""wikipedia_page"": ""Bobino"", ""wikidata_id"": ""Q888776"" } ```",19.70426368713379
GDL-1968-11-02-a-i0267,9438,9451,Pierre Perret,Q2093776,PER,Q2093776,Pierre Perret,"Based on the provided text and the list of candidates, the entity mentioned between the [ENT] tags is ""Pierre Perret"". Here is the JSON-formatted answer: ```json {""wikipedia_page"": ""Pierre Perret"", ""wikidata_id"": ""Q2093776""} ``` This corresponds to ""auteur-compositeur-interprète français"" from the list of candidates.",38.141265869140625
GDL-1968-11-02-a-i0267,9469,9483,Georges Chelon,Q3102470,PER,Q3102470,Georges Chelon,"```json { ""wikipedia_page"": ""Georges Chelon"", ""wikidata_id"": ""Q3102470"" } ```",31.36763572692871
GDL-1978-06-23-a-i0197,342,349,Londres,Q84,LOC,Q84,Londres,"{""wikipedia_page"":""Londres"", ""wikidata_id"":""Q84""}",27.714637756347656
GDL-1978-06-23-a-i0197,356,370,M. Cyrus Vance,Q296661,PER,Q296661,Cyrus Vance,"Based on the input text and the list of candidates, the reference marked by [ENT] tags is ""M. Cyrus Vance"". The most appropriate Wikidata entity from the given list of candidates is: ```json {""wikipedia_page"":""Cyrus Vance"", ""wikidata_id"":""Q296661""} ```",29.671049118041992
GDL-1978-06-23-a-i0197,414,420,Israël,Q801,LOC,Q801,Israël,"```json {""wikipedia_page"":""Israël"", ""wikidata_id"":""Q801""} ```",20.60063362121582
GDL-1978-06-23-a-i0197,426,432,Egypte,Q79,LOC,Q79,Égypte,"```json { ""wikipedia_page"": ""Égypte"", ""wikidata_id"": ""Q79"" } ```",20.477436065673828
GDL-1978-06-23-a-i0197,595,603,Le Caire,Q85,LOC,Q85,Le Caire,"```json { ""wikipedia_page"": ""Le Caire"", ""wikidata_id"": ""Q85"" } ```",31.00568962097168
GDL-1978-06-23-a-i0197,752,767,Louis Wiznitzer,NIL,PER,NIL,Louis Wiznitzer,"{ ""wikipedia_page"": """", ""wikidata_id"": """" }",0
GDL-1978-06-23-a-i0197,940,950,Etats-Unis,Q30,LOC,Q30,États-Unis,"Here is the JSON answer based on the disambiguation of the entity mentioned between the [ENT] tags in the provided text: ```json { ""wikipedia_page"": ""États-Unis"", ""wikidata_id"": ""Q30"" } ```",24.662479400634766
GDL-1978-06-23-a-i0197,1046,1055,M. Sadate,Q42013,PER,Q42013,Anouar el-Sadate,"Based on the input text and the provided list of candidates, the entity mentioned between [ENT] tags is likely Anouar el-Sadate. Therefore, the corresponding Wikipedia page title and Wikidata ID are: ```json { ""wikipedia_page"": ""Anouar el-Sadate"", ""wikidata_id"": ""Q42013"" } ```",27.02715492248535
GDL-1978-06-23-a-i0197,1716,1769,"M. Javits, sénateur de New York juif et pro-israèlien",Q1875906,PER,Q1875906,Jacob K. Javits,"```json {""wikipedia_page"":""Jacob K. Javits"", ""wikidata_id"":""Q1875906""} ```",19.036746978759766
GDL-1978-06-23-a-i0197,1930,1936,Israël,Q801,LOC,Q801,Israël,"Based on the provided input text and candidate list, the most appropriate Wikidata entity for the entity mentioned between the [ENT] tags is: ```json {""wikipedia_page"":""Israël"", ""wikidata_id"":""Q801""} ```",22.30796241760254
GDL-1978-06-23-a-i0197,1993,2001,M. Begin,Q130873,PER,Q130873,Menahem Begin,"```json {""wikipedia_page"":""Menahem Begin"", ""wikidata_id"":""Q130873""} ```",25.10895538330078
GDL-1978-06-23-a-i0197,2250,2256,Israël,Q801,LOC,Q801,Israël,"```json {""wikipedia_page"":""Israël"", ""wikidata_id"":""Q801""} ```",24.219871520996094
GDL-1978-06-23-a-i0197,2701,2710,M. Sadate,Q42013,PER,Q42013,Anouar el-Sadate,"```json { ""wikipedia_page"": ""Anouar el-Sadate"", ""wikidata_id"": ""Q42013"" } ```",25.82731056213379
GDL-1978-06-23-a-i0197,2736,2747,roi Hussein,Q146906,PER,Q146906,Hussein Ier de Jordanie,"Based on the input text provided, the entity mentioned between the [ENT] tags is ""roi Hussein"". The most appropriate Wikidata entity from the given list of candidates is ""Hussein Ier de Jordanie"". The corresponding Wikipedia page title and Wikidata ID are: ```json {""wikipedia_page"": ""Hussein Ier de Jordanie"", ""wikidata_id"": ""Q146906""} ```",24.274028778076172
GDL-1988-07-08-a-i0186,0,26,J 3 ENÈVE Nastassia Kinski,Q76711,PER,Q76711,Nastassja Kinski,"Based on the provided text and candidates, the most appropriate Wikidata entity for [ENT] J 3 ENÈVE Nastassia Kinski [ENT] is: ```json {""wikipedia_page"": ""Nastassja Kinski"", ""wikidata_id"": ""Q76711""} ```",12.498323440551758
GDL-1988-07-08-a-i0186,63,87,actrice Nastassia Kinski,Q76711,PER,Q76711,Nastassja Kinski,"Based on the provided input text and the list of candidates, the entity mentioned between the [ENT] tags, Nastassia Kinski, matches with the Wikidata entity 'Q76711'. Here is the JSON-formatted answer: ```json {""wikipedia_page"":""Nastassja Kinski"", ""wikidata_id"":""Q76711""} ```",22.377103805541992
GDL-1988-07-08-a-i0186,114,120,Genève,Q71,LOC,Q71,Genève,"```json { ""wikipedia_page"": ""Genève"", ""wikidata_id"": ""Q71"" } ```",32.116790771484375
GDL-1988-07-08-a-i0186,234,275,"Henri Dunant, fondateur de la Croix-Rouge",Q12091,PER,Q12091,Henry Dunant,"Based on the given list of candidates, the most appropriate Wikidata entity for the entity tagged with [ENT] is: ```json {""wikipedia_page"": ""Henry Dunant"", ""wikidata_id"": ""Q12091""} ```",27.86024284362793
GDL-1988-07-08-a-i0186,280,303,Conseil d'Etat genevois,Q2546890,ORG,Q2546890,Conseil d'État du canton de Genève,"```json {""wikipedia_page"":""Conseil d'État du canton de Genève"", ""wikidata_id"":""Q2546890""} ```",37.552772521972656
GDL-1988-07-08-a-i0186,398,414,Nastassia Kinski,Q76711,PER,Q76711,Nastassja Kinski,"```json {""wikipedia_page"":""Nastassja Kinski"", ""wikidata_id"":""Q76711""} ```",37.460357666015625
GDL-1988-07-08-a-i0186,600,616,Nastassia Kinski,Q76711,PER,Q76711,Nastassja Kinski,"```json {""wikipedia_page"":""Nastassja Kinski"", ""wikidata_id"":""Q76711""} ```",37.790985107421875
GDL-1988-07-08-a-i0186,740,756,Nastassia Kinski,Q76711,PER,Q76711,Nastassja Kinski,"```json {""wikipedia_page"":""Nastassja Kinski"", ""wikidata_id"":""Q76711""} ```",35.10519027709961
GDL-1988-07-08-a-i0186,805,843,Comité International de la Croix-Rouge,Q5987345,ORG,Q5987345,Comité international de la Croix-Rouge,"```json {""wikipedia_page"":""Comité international de la Croix-Rouge"", ""wikidata_id"":""Q5987345""} ```",39.625057220458984
GDL-1988-07-08-a-i0186,845,849,CICR,Q5987345,ORG,Q5987345,Comité international de la Croix-Rouge,"```json { ""wikipedia_page"": ""Comité international de la Croix-Rouge"", ""wikidata_id"": ""Q5987345"" } ```",30.020132064819336
GDL-1988-07-08-a-i0186,855,869,Conseil d'Etat,Q2546890,ORG,Q2546890,Conseil d'État du canton de Genève,"```json {""wikipedia_page"":""Conseil d'État du canton de Genève"", ""wikidata_id"":""Q2546890""} ```",23.471294403076172
IMP-1908-10-03-a-i0027,22,28,FRANCE,Q142,LOC,Q142,France,"```json { ""wikipedia_page"": ""France"", ""wikidata_id"": ""Q142"" } ```",18.8038387298584
IMP-1908-10-03-a-i0027,444,463,hôpital Saint-Louis,Q1569396,ORG,Q1569396,hôpital Saint-Louis,"```json {""wikipedia_page"": ""hôpital Saint-Louis"", ""wikidata_id"": ""Q1569396""} ```",19.406652450561523
IMP-1908-10-03-a-i0027,752,827,"Paul Reindel, ancien exécuteur des hautes œuvres pour la Prusse occidentale",NIL,PER,NIL,"Paul Reindel, ancien exécuteur des hautes œuvres pour la Prusse occidentale",no,0
IMP-1908-10-03-a-i0027,994,1001,M. Paul,NIL,PER,NIL,M. Paul,no,0
IMP-1908-10-03-a-i0027,1408,1415,Reindel,NIL,PER,NIL,Reindel,```json {} ```,0
IMP-1908-10-03-a-i0027,1429,1444,femme _JVie & e,NIL,PER,NIL,femme _JVie & e,no,0
IMP-1908-10-03-a-i0027,1467,1476,Hambour'g,Q1055,LOC,Q1055,Hambourg,"```json {""wikipedia_page"":""Hambourg"", ""wikidata_id"":""Q1055""} ```",15.822410583496094
IMP-1908-10-03-a-i0027,1852,1859,Bosdani,NIL,LOC,NIL,Bosdani,```json {} ```,0
IMP-1908-10-03-a-i0027,3075,3080,Vilna,Q216,LOC,Q216,Vilnius,"```json { ""wikipedia_page"": ""Vilnius"", ""wikidata_id"": ""Q216"" } ```",23.718481063842773
IMP-1908-10-03-a-i0027,4703,4713,ANGLETERRE,Q21,LOC,Q21,Angleterre,"Based on the input text and the list of candidates, the entity mentioned between the [ENT] tags is ""Angleterre"". The most appropriate Wikidata entity from the list is: ```json {""wikipedia_page"":""Angleterre"", ""wikidata_id"":""Q21""} ```",20.084623336791992
IMP-1908-10-03-a-i0027,4762,4776,Daily _Express,Q610190,PROD,Q610190,Daily Express,"```json {""wikipedia_page"":""Daily Express"", ""wikidata_id"":""Q610190""} ```",28.703554153442383
IMP-1908-10-03-a-i0027,5028,5038,Angleterre,Q21,LOC,Q21,Angleterre,"{""wikipedia_page"":""Angleterre"", ""wikidata_id"":""Q21""}",26.15427017211914
IMP-1908-10-03-a-i0027,5568,5581,Daily Express,Q610190,PROD,Q610190,Daily Express,"```json { ""wikipedia_page"": ""Daily Express"", ""wikidata_id"": ""Q610190"" } ```",24.79207992553711
IMP-1908-10-03-a-i0027,6044,6063,Banque d'Angleterre,Q183231,ORG,Q183231,banque d'Angleterre,"Based on the input text, the entity mentioned between the [ENT] tags, ""Banque d'Angleterre"", has a high confidence match in the list of candidates. The corresponding Wikipedia page title and Wikidata ID are: ```json {""wikipedia_page"":""banque d'Angleterre"", ""wikidata_id"":""Q183231""} ```",35.66796112060547
IMP-1938-09-23-a-i0145,49,64,Tchécoslovaquie,Q33946,LOC,Q33946,Tchécoslovaquie,"Given the context and the list of candidates, the most appropriate Wikidata entity for the entity tagged with [ENT] in the input text is 'Tchécoslovaquie'. Therefore, the answer is: ```json {""wikipedia_page"":""Tchécoslovaquie"", ""wikidata_id"":""Q33946""} ```",23.412609100341797
IMP-1938-09-23-a-i0145,70,92,général tchèque Sirovy,Q974542,PER,Q974542,Jan Syrový,"Based on the provided input text, the entity marked by [ENT] tags is likely referring to ""Jan Syrový"". The most appropriate Wikidata entity from the provided list of candidates is: ```json {""wikipedia_page"":""Jan Syrový"", ""wikidata_id"":""Q974542""} ```",19.02265167236328
IMP-1938-09-23-a-i0145,203,212,Godesberg,Q153260,LOC,Q153260,Bad Godesberg,"```json { ""wikipedia_page"": ""Bad Godesberg"", ""wikidata_id"": ""Q153260"" } ```",20.8823184967041
IMP-1938-09-23-a-i0145,651,657,Prague,Q1085,LOC,Q1085,Prague,"```json { ""wikipedia_page"": ""Prague"", ""wikidata_id"": ""Q1085"" } ```",17.92154884338379
IMP-1938-09-23-a-i0145,763,777,général Sirovy,Q974542,PER,Q974542,Jan Syrový,"Based on the provided input text and the list of candidates, the entity mentioned between the [ENT] tags is 'Général Sirovy'. The most appropriate Wikidata entity from the list of candidates is 'Jan Syrový'. Here is the JSON-formatted answer: ```json { ""wikipedia_page"": ""Jan Syrový"", ""wikidata_id"": ""Q974542"" } ```",19.23908805847168
IMP-1938-09-23-a-i0145,1072,1078,Hitler,Q352,PER,Q352,Adolf Hitler,"```json { ""wikipedia_page"": ""Adolf Hitler"", ""wikidata_id"": ""Q352"" } ```",21.988252639770508
IMP-1938-09-23-a-i0145,1249,1258,Godesberg,Q153260,LOC,Q153260,Bad Godesberg,"Given the text and the list of candidates, the most appropriate Wikidata entity for the entity tagged as [ENT] Godesberg [ENT] from the text is: ```json {""wikipedia_page"":""Bad Godesberg"", ""wikidata_id"":""Q153260""} ```",20.246265411376953
IMP-1938-09-23-a-i0145,1439,1453,M. Chamberlain,Q10664,PER,Q10664,Neville Chamberlain,"```json {""wikipedia_page"":""Neville Chamberlain"", ""wikidata_id"":""Q10664""} ```",25.729209899902344
IMP-1938-09-23-a-i0145,1518,1535,chancelier Hitler,Q352,PER,Q352,Adolf Hitler,"Based on the provided input text, the entity mentioned between the [ENT] tags is ""chancelier Hitler."" The corresponding Wikipedia page title and Wikidata ID for the selected entity are: ```json { ""wikipedia_page"": ""Adolf Hitler"", ""wikidata_id"": ""Q352"" } ```",15.38963508605957
IMP-1938-09-23-a-i0145,1640,1655,Tchécoslovaquie,Q33946,LOC,Q33946,Tchécoslovaquie,"```json { ""wikipedia_page"": ""Tchécoslovaquie"", ""wikidata_id"": ""Q33946"" } ```",26.02703857421875
IMP-1938-09-23-a-i0145,1836,1842,Hitler,Q352,PER,Q352,Adolf Hitler,"```json { ""wikipedia_page"": ""Adolf Hitler"", ""wikidata_id"": ""Q352"" } ```",20.264606475830078
IMP-1938-09-23-a-i0145,2062,2068,Prague,Q1085,LOC,Q1085,Prague,"{ ""wikipedia_page"": ""Prague"", ""wikidata_id"": ""Q1085"" }",23.500057220458984
IMP-1938-09-23-a-i0145,2229,2237,Varsovie,Q270,LOC,Q270,Varsovie," { ""wikipedia_page"": ""Varsovie"", ""wikidata_id"": ""Q270"" }",21.57393455505371
IMP-1938-09-23-a-i0145,2490,2497,Londres,Q84,LOC,Q84,Londres,"```json { ""wikipedia_page"": ""Londres"", ""wikidata_id"": ""Q84"" } ```",23.60477066040039
IMP-1938-09-23-a-i0145,2552,2558,Prague,Q1085,LOC,Q1085,Prague,"```json { ""wikipedia_page"": ""Prague"", ""wikidata_id"": ""Q1085"" } ```",28.5759220123291
IMP-1938-09-23-a-i0145,3151,3157,Europe,Q46,LOC,Q46,Europe,"Given the input text and the list of candidates, the entity mentioned between the [ENT] tags is ""Europe"". The most appropriate Wikidata entity from the list is: - Wikipedia Page: ""Europe"" - Wikidata ID: ""Q46"" Thus, the JSON response is: ```json {""wikipedia_page"":""Europe"", ""wikidata_id"":""Q46""} ```",19.355194091796875
IMP-1938-09-23-a-i0145,3343,3350,Breslau,Q1799,LOC,Q1799,Wrocław,"Based on the input text and the provided list of candidates, the entity mentioned between the [ENT] tags is likely ""Breslau"". The corresponding Wikipedia page title is ""Wrocław"" and the Wikidata ID is ""Q1799"". ```json {""wikipedia_page"": ""Wrocław"", ""wikidata_id"": ""Q1799""} ```",21.787933349609375
IMP-1938-09-23-a-i0145,3486,3492,Europe,Q46,LOC,Q46,Europe,"Based on the input text and the list of candidates, the entity mentioned between the [ENT] tags is likely referring to the continent of Europe. The most appropriate Wikidata entity from the provided list of candidates is: ```json { ""wikipedia_page"": ""Europe"", ""wikidata_id"": ""Q46"" } ```",17.354230880737305
IMP-1938-09-23-a-i0145,3811,3815,Rome,Q220,LOC,Q220,Rome,"Based on the provided text and list of candidates, the entity mentioned between the [ENT] tags appears to refer to the city of Rome. Therefore, the most appropriate Wikidata entity from the given list of candidates is: ```json {""wikipedia_page"":""Rome"", ""wikidata_id"":""Q220""} ```",15.059070587158203
IMP-1938-09-23-a-i0145,3905,3910,Reich,Q7318,ORG,Q7318,Troisième Reich,"```json { ""wikipedia_page"": ""Troisième Reich"", ""wikidata_id"": ""Q7318"" } ```",12.748313903808594
IMP-1938-09-23-a-i0145,3929,3944,Tchécoslovaquie,Q33946,LOC,Q33946,Tchécoslovaquie,"Based on the input text provided, the entity mentioned between the [ENT] tags is ""Tchécoslovaquie"". The most appropriate Wikidata entity from the given list of candidates is: ```json {""wikipedia_page"": ""Tchécoslovaquie"", ""wikidata_id"": ""Q33946""} ```",26.58072853088379
IMP-1938-09-23-a-i0145,4003,4011,Roumanie,Q218,LOC,Q218,Roumanie,"Based on the provided text, the entity ""Roumanie"" is mentioned within the [ENT] tags. From the list of candidates, the most appropriate Wikidata entity is: ```json { ""wikipedia_page"": ""Roumanie"", ""wikidata_id"": ""Q218"" } ```",20.09908676147461
IMP-1938-09-23-a-i0145,4294,4297,P..,NIL,PER,NIL,P..,No,0
IMP-1958-02-28-a-i0106,12,46,M. Paul CHAUDET Conseiller fédéral,Q118284,PER,Q118284,Paul Chaudet,"```json {""wikipedia_page"":""Paul Chaudet"", ""wikidata_id"":""Q118284""} ```",14.166969299316406
IMP-1958-02-28-a-i0106,175,196,"Cërcîè ~""__-. "" Sapin",NIL,ORG,NIL,"Cërcîè ~""__-. "" Sapin",no,0
IMP-1958-02-28-a-i0106,476,493,Rodolphe Rubattel,Q661957,PER,Q661957,Rodolphe Rubattel,"```json { ""wikipedia_page"": ""Rodolphe Rubattel"", ""wikidata_id"": ""Q661957"" } ```",43.95488357543945
IMP-1958-02-28-a-i0106,497,514,Edmond Schulthess,Q118243,PER,Q118243,Edmund Schulthess,"```json { ""wikipedia_page"": ""Edmond Schulthess"", ""wikidata_id"": ""Q118243"" } ```",34.17112731933594
IMP-1958-02-28-a-i0106,517,533,Max _Petitnierre,Q664453,PER,Q664453,Max Petitpierre,"{""wikipedia_page"":""Max Petitpierre"", ""wikidata_id"":""Q664453""} To select the most appropriate Wikidata entity, I noticed that the name ""Max Petitpierre"" appears within the text between the [ENT] tags. Among the provided list of candidates, the one that matches this name with high confidence is: ```json {""wikipedia_page"":""Max Petitpierre"", ""wikidata_id"":""Q664453""} ```",33.03132629394531
IMP-1958-02-28-a-i0106,585,600,M. Paul Chaudet,Q118284,PER,Q118284,Paul Chaudet,"```json {""wikipedia_page"": ""Paul Chaudet"", ""wikidata_id"": ""Q118284""} ```",26.149860382080078
IMP-1958-02-28-a-i0106,684,713,Département militaire fédéral,NIL,ORG,NIL,Département militaire fédéral,no,0
IMP-1958-02-28-a-i0106,1004,1014,M. Chaudet,Q118284,PER,Q118284,Paul Chaudet,"```json {""wikipedia_page"":""Paul Chaudet"", ""wikidata_id"":""Q118284""} ```",21.655635833740234
IMP-1958-02-28-a-i0106,1288,1305,La Chaux-de-Fonds,Q68124,LOC,Q68124,La Chaux-de-Fonds,"```json {""wikipedia_page"":""La Chaux-de-Fonds"", ""wikidata_id"":""Q68124""} ```",38.86677169799805
IMP-1958-02-28-a-i0106,1573,1602,Département militaire fédéral,NIL,ORG,NIL,Département militaire fédéral,```json {} ```,0
IMP-1958-02-28-a-i0106,1680,1720,"M. Jules Favre, vice-président de l'ANEP",NIL,PER,NIL,"M. Jules Favre, vice-président de l'ANEP",```json {} ```,0
IMP-1958-02-28-a-i0106,1808,1819,L'IMPARTIAL,Q3204036,PROD,Q3204036,L'Impartial,"```json {""wikipedia_page"":""L'Impartial"", ""wikidata_id"":""Q3204036""} ```",8.00278377532959
IMP-1988-12-30-a-i0015,0,11,Marie-Laure,NIL,PER,NIL,Marie-Laure,no,0
IMP-1988-12-30-a-i0015,417,425,Benghazi,Q40816,LOC,Q40816,Benghazi,"```json { ""wikipedia_page"": ""Benghazi"", ""wikidata_id"": ""Q40816"" } ```",37.51707077026367
IMP-1988-12-30-a-i0015,471,490,père Pascal Bétille,NIL,PER,NIL,père Pascal Bétille,"Based on the provided text and the list of candidates, the entity mentioned between the [ENT] tags is ""Pascal Bétille"". The most appropriate Wikidata entity from the list of candidates is ""Pascal Perletto"". However, since ""Pascal Perletto"" does not match the name ""Pascal Bétille"", and there is no exact match in the provided list, the response will be an empty JSON. ```json {} ```",0
IMP-1988-12-30-a-i0015,493,500,Tripoli,Q3579,LOC,Q3579,Tripoli,"Based on the given input text, the text between the [ENT] tags is ""Tripoli"". From the list of candidates, the most appropriate Wikidata entity is: ```json {""wikipedia_page"":""Tripoli"", ""wikidata_id"":""Q3579""} ```",31.82394027709961
IMP-1988-12-30-a-i0015,531,564,ambassadeur français Léon Bouvier,Q3270771,PER,Q3270771,Léon Bouvier,"```json {""wikipedia_page"":""Léon Bouvier"", ""wikidata_id"":""Q3270771""} ```",26.377634048461914
IMP-1988-12-30-a-i0015,614,620,France,Q142,LOC,Q142,France,"Based on the provided text, the entity mentioned between the [ENT] tags is ""France"". ```json {""wikipedia_page"":""France"", ""wikidata_id"":""Q142""} ```",25.920188903808594
IMP-1988-12-30-a-i0015,688,694,Istres,Q203759,LOC,Q203759,Istres,"Based on the input text and the provided list of candidates, the entity between the [ENT] tags in the input text is ""Istres"". Among the list of candidates, the most appropriate Wikidata entity for ""Istres"" is: ```json {""wikipedia_page"":""Istres"", ""wikidata_id"":""Q203759""} ```",26.834611892700195
IMP-1988-12-30-a-i0015,966,976,M. Bouvier,Q3270771,PER,Q3270771,Léon Bouvier,"```json {""wikipedia_page"":""Léon Bouvier"", ""wikidata_id"":""Q3270771""} ```",15.640164375305176
IMP-1988-12-30-a-i0015,980,990,M. Bétille,NIL,PER,NIL,M. Bétille,No.,0
IMP-1988-12-30-a-i0015,1054,1061,Tripoli,Q3579,LOC,Q3579,Tripoli,"```json { ""wikipedia_page"": ""Tripoli"", ""wikidata_id"": ""Q3579"" } ```",30.910236358642578
IMP-1988-12-30-a-i0015,1205,1227,Jean-Charles Marchiani,Q3164674,PER,Q3164674,Jean-Charles Marchiani,"Based on the input text and the list of candidates, the entity [ENT] Jean-Charles Marchiani [ENT] can be confidently identified as the Wikidata entity with the ID ""Q3164674"" and the Wikipedia page title ""Jean-Charles Marchiani"". Here's the JSON response: ```json {""wikipedia_page"":""Jean-Charles Marchiani"", ""wikidata_id"":""Q3164674""} ```",37.30242156982422
IMP-1988-12-30-a-i0015,1472,1505,dirigeant libyen Mouammar Kadhafi,Q19878,PER,Q19878,Mouammar Kadhafi,"{ ""wikipedia_page"": ""Mouammar Kadhafi"", ""wikidata_id"": ""Q19878"" }",23.883071899414062
IMP-1988-12-30-a-i0015,1579,1587,Virginie,NIL,PER,NIL,Virginie,no,0
IMP-1988-12-30-a-i0015,1589,1609,Mme Brigitte Valente,NIL,PER,NIL,Mme Brigitte Valente,no,0
IMP-1988-12-30-a-i0015,1626,1649,"père, M. Pascal Bétille",NIL,PER,NIL,"père, M. Pascal Bétille",no,0
IMP-1988-12-30-a-i0015,1679,1687,Beyrouth,Q3820,LOC,Q3820,Beyrouth,"```json {""wikipedia_page"":""Beyrouth"", ""wikidata_id"":""Q3820""} ```",30.937641143798828
IMP-1998-07-23-a-i0080,0,13,Proche-Orient,Q48214,LOC,Q48214,Proche-Orient,"Based on the provided input text and the list of candidates, the most appropriate Wikidata entity for the entity mentioned between the [ENT] tags is: ```json { ""wikipedia_page"": ""Proche-Orient"", ""wikidata_id"": ""Q48214"" } ```",27.636159896850586
IMP-1998-07-23-a-i0080,109,145,"président palestinien, Yasser Arafat",Q34211,PER,Q34211,Yasser Arafat,"```json {""wikipedia_page"":""Yasser Arafat"", ""wikidata_id"":""Q34211""} ```",23.42710304260254
IMP-1998-07-23-a-i0080,198,204,Israël,Q801,LOC,Q801,Israël,"```json {""wikipedia_page"":""Israël"", ""wikidata_id"":""Q801""} ```",26.173086166381836
IMP-1998-07-23-a-i0080,351,356,Golan,Q83210,LOC,Q83210,plateau du Golan,"Based on the provided input text and the list of candidates, the entity mentioned between the [ENT] tags is the ""Golan Heights"". The most appropriate Wikidata entity from the list of candidates is the one with the following details: ```json {""wikipedia_page"":""plateau du Golan"", ""wikidata_id"":""Q83210""} ```",26.807764053344727
IMP-1998-07-23-a-i0080,362,367,Syrie,Q858,LOC,Q858,Syrie,"```json { ""wikipedia_page"": ""Syrie"", ""wikidata_id"": ""Q858"" } ```",23.828794479370117
IMP-1998-07-23-a-i0080,684,695,Cisjordanie,Q36678,LOC,Q36678,Cisjordanie,"```json { ""wikipedia_page"": ""Cisjordanie"", ""wikidata_id"": ""Q36678"" } ```",28.216079711914062
IMP-1998-07-23-a-i0080,871,884,Yasser Arafat,Q34211,PER,Q34211,Yasser Arafat,"```json { ""wikipedia_page"": ""Yasser Arafat"", ""wikidata_id"": ""Q34211"" } ```",41.60052490234375
IMP-1998-07-23-a-i0080,1037,1048,Cisjordanie,Q36678,LOC,Q36678,Cisjordanie,"```json { ""wikipedia_page"": ""Cisjordanie"", ""wikidata_id"": ""Q36678"" } ```",24.65081787109375
IMP-1998-07-23-a-i0080,1153,1158,Syrie,Q858,LOC,Q858,Syrie,"```json { ""wikipedia_page"": ""Syrie"", ""wikidata_id"": ""Q858"" } ```",21.847429275512695
IMP-1998-07-23-a-i0080,1162,1165,afp,Q40464,ORG,Q40464,Agence France-Presse,"Based on the provided input text, the entity [ENT] mentioned is ""afp-reuter"". Among the given candidates, the most appropriate Wikidata entity is ""Agence France-Presse"" with the corresponding Wikipedia page title and Wikidata ID: ```json {""wikipedia_page"":""Agence France-Presse"", ""wikidata_id"":""Q40464""} ```",26.092636108398438
IMP-1998-07-23-a-i0080,1166,1172,reuter,Q130879,ORG,Q130879,Reuters,"Based on the text and the list of candidates, the entity mentioned between the [ENT] tags is ""Reuters"". The most appropriate Wikidata entity from the list of candidates is: ```json {""wikipedia_page"":""Reuters"", ""wikidata_id"":""Q130879""} ```",21.906726837158203
IMP-2008-04-28-a-i0239,0,13,Stéphane Joly,Q2360344,PER,Q2360344,Stéphane Joly,"{""wikipedia_page"":""Stéphane Joly"", ""wikidata_id"":""Q2360344""} ""Stéphane Joly"" is the athlete from Switzerland mentioned in the text.",48.80122756958008
IMP-2008-04-28-a-i0239,104,110,Suisse,Q39,LOC,Q39,Suisse,"The entity mentioned between the [ENT] tags in the provided text is ""Suisse"". The most appropriate Wikidata entity from the given list of candidates is: ```json {""wikipedia_page"": ""Suisse"", ""wikidata_id"": ""Q39""} ``` This entity corresponds to the ""pays d'Europe centrale"" as described in the candidate list.",23.55880355834961
IMP-2008-04-28-a-i0239,168,176,Hambourg,Q1055,LOC,Q1055,Hambourg,"Given the context and the candidates provided, the most appropriate Wikidata entity for the entity mentioned between the [ENT] tags ""Hambourg"" and ""Hambourg"" is the one related to the city of Hamburg. The correct selection is: ```json {""wikipedia_page"":""Hambourg"", ""wikidata_id"":""Q1055""} ```",26.985544204711914
IMP-2008-04-28-a-i0239,386,394,Breuleux,Q68086,LOC,Q68086,Les Breuleux,"```json { ""wikipedia_page"": ""Les Breuleux"", ""wikidata_id"": ""Q68086"" } ```",18.592182159423828
IMP-2008-04-28-a-i0239,634,648,Patrick Wieser,Q87462075,PER,Q87462075,Patrick Wieser,"```json { ""wikipedia_page"": ""Patrick Wieser"", ""wikidata_id"": ""Q87462075"" } ```",49.85048294067383
IMP-2008-04-28-a-i0239,810,835,compatriote Wilfred Kigen,Q351451,PER,Q351451,Wilfred Kibet Kigen,"```json { ""wikipedia_page"": ""Wilfred Kibet Kigen"", ""wikidata_id"": ""Q351451"" } ```",17.942991256713867
IMP-2008-04-28-a-i0239,1005,1022,Kényan Abel Kirui,Q1704,PER,Q1704,Abel Kirui,"```json {""wikipedia_page"":""Abel Kirui"", ""wikidata_id"":""Q1704""} ```",21.806394577026367
IMP-2008-04-28-a-i0239,1147,1158,Paul Biwott,Q945837,PER,Q945837,Paul Biwott,"```json { ""wikipedia_page"": ""Paul Biwott"", ""wikidata_id"": ""Q945837"" } ```",33.95410919189453
IMP-2008-10-17-a-i0019,60,63,BNS,Q597394,ORG,Q597394,Banque nationale suisse,"Based on the given text and the list of candidates, the most appropriate Wikidata entity for the entity mentioned between the [ENT] tags is: ```json {""wikipedia_page"":""Banque nationale suisse"", ""wikidata_id"":""Q597394""} ```",34.669212341308594
IMP-2008-10-17-a-i0019,87,90,UBS,Q193199,ORG,Q193199,UBS,"```json { ""wikipedia_page"": ""UBS"", ""wikidata_id"": ""Q193199"" } ```",28.071863174438477
IMP-2008-10-17-a-i0019,225,248,Banque nationale suisse,Q597394,ORG,Q597394,Banque nationale suisse,"Based on the provided text and candidates, the most appropriate Wikidata entity is the ""Banque nationale suisse"" with the Wikidata ID ""Q597394"". Here is the JSON-formatted answer: ```json {""wikipedia_page"":""Banque nationale suisse"", ""wikidata_id"":""Q597394""} ```",47.54824447631836
IMP-2008-10-17-a-i0019,250,253,BNS,Q597394,ORG,Q597394,Banque nationale suisse,"```json { ""wikipedia_page"": ""Banque nationale suisse"", ""wikidata_id"": ""Q597394"" } ```",33.65906524658203
IMP-2008-10-17-a-i0019,258,261,UBS,Q193199,ORG,Q193199,UBS,"```json {""wikipedia_page"":""UBS"", ""wikidata_id"":""Q193199""} ```",27.357057571411133
IMP-2008-10-17-a-i0019,336,339,UBS,Q193199,ORG,Q193199,UBS,"Based on the provided text and the list of candidates, the most appropriate Wikidata entity for the entity tagged as [ENT] UBS [ENT] is: ```json {""wikipedia_page"":""UBS"", ""wikidata_id"":""Q193199""} ```",23.29743194580078
IMP-2008-10-17-a-i0019,441,454,Credit Suisse,Q372657,ORG,Q372657,Credit Suisse,"```json { ""wikipedia_page"": ""Credit Suisse"", ""wikidata_id"": ""Q372657"" } ```",40.90251922607422
IMP-2008-10-17-a-i0019,456,458,CS,Q372657,ORG,Q372657,Credit Suisse,"The entity mentioned between the [ENT] tags in the provided text is ""Credit Suisse"". The most appropriate Wikidata entity from the given list of candidates is: ```json {""wikipedia_page"":""Credit Suisse"", ""wikidata_id"":""Q372657""} ```",26.613006591796875
IMP-2008-10-17-a-i0019,585,588,BNS,Q597394,ORG,Q597394,Banque nationale suisse,"```json { ""wikipedia_page"": ""Banque nationale suisse"", ""wikidata_id"": ""Q597394"" } ```",31.762741088867188
IMP-2008-10-17-a-i0019,596,601,Berne,Q70,LOC,Q70,Berne,"Based on the provided text and the list of candidates, the entity mentioned between the [ENT] tags is likely to refer to the city of Berne. Among the candidates, the most appropriate Wikidata entity is the one with the Wikipedia page titled ""Berne"" and Wikidata ID ""Q70"". Here is the JSON object with the selected entity: ```json { ""wikipedia_page"": ""Berne"", ""wikidata_id"": ""Q70"" } ```",34.37822341918945
IMP-2008-10-17-a-i0019,743,762,Philippe Hildebrand,Q116927,PER,Q116927,Philipp Hildebrand,"```json {""wikipedia_page"":""Philipp Hildebrand"", ""wikidata_id"":""Q116927""} ```",39.74285888671875
IMP-2008-10-17-a-i0019,1139,1142,BNS,Q597394,ORG,Q597394,Banque nationale suisse,"```json { ""wikipedia_page"": ""Banque nationale suisse"", ""wikidata_id"": ""Q597394"" } ```",31.036231994628906
IMP-2008-10-17-a-i0019,1186,1189,UBS,Q193199,ORG,Q193199,UBS,"```json { ""wikipedia_page"": ""UBS"", ""wikidata_id"": ""Q193199"" } ```",21.709630966186523
IMP-2008-10-17-a-i0019,1336,1342,Suisse,Q39,LOC,Q39,Suisse,"{""wikipedia_page"": ""Suisse"", ""wikidata_id"": ""Q39""}",21.51963996887207
IMP-2008-10-17-a-i0019,1392,1429,"Jean-Pierre Roth, président de la BNS",Q120468,PER,Q120468,Jean-Pierre Roth,"Given the input text and the list of candidates, the entity [ENT] Jean-Pierre Roth, président de la BNS [ENT] can be disambiguated as follows: ```json {""wikipedia_page"": ""Jean-Pierre Roth"", ""wikidata_id"": ""Q120468""} ```",31.282926559448242
IMP-2008-10-17-a-i0019,1585,1598,Credit Suisse,Q372657,ORG,Q372657,Credit Suisse,"Based on the provided text and the list of candidates, the most appropriate Wikidata entity for the [ENT] Credit Suisse [ENT] is: ```json {""wikipedia_page"":""Credit Suisse"", ""wikidata_id"":""Q372657""} ```",35.78872299194336
IMP-2008-10-17-a-i0019,1637,1640,BNS,Q597394,ORG,Q597394,Banque nationale suisse,"```json { ""wikipedia_page"": ""Banque nationale suisse"", ""wikidata_id"": ""Q597394"" } ```",27.742340087890625
IMP-2008-10-17-a-i0019,2086,2089,BNS,Q597394,ORG,Q597394,Banque nationale suisse,"Based on the input text provided and the list of candidates, the entity mentioned between the [ENT] tags is ""Banque nationale suisse"" (BNS). Therefore, the most appropriate Wikidata entity from the given list of candidates is: ```json {""wikipedia_page"":""Banque nationale suisse"", ""wikidata_id"":""Q597394""} ```",21.445842742919922
IMP-2008-10-17-a-i0019,2322,2325,BNS,Q597394,ORG,Q597394,Banque nationale suisse,"Based on the given input text and the list of candidates, the most appropriate Wikidata entity for the entity tagged with [ENT] is: ```json {""wikipedia_page"":""Banque nationale suisse"", ""wikidata_id"":""Q597394""} ```",22.27582550048828
IMP-2008-10-17-a-i0019,2444,2447,ats,Q430109,ORG,Q430109,Agence télégraphique suisse,"```json {""wikipedia_page"":""Agence télégraphique suisse"", ""wikidata_id"":""Q430109""} ```",12.994951248168945
