doc_id,start_pos,end_pos,surface,gt_id,type,identifier,title,answer,score
hidden_test_de_1_sent2,215,224,Kramarsch,NIL,PER,Q159227,Karel Kramář,"```json { ""wikipedia_page"": ""Karel Kramář"", ""wikidata_id"": ""Q159227"" } ```",17.792062759399414
hidden_test_de_1_sent2,782,786,Thun,Q79181,PER,NIL,Thun,no,0
hidden_test_de_1_sent2,1417,1421,Thun,Q79181,PER,NIL,Thun,No.,0
hidden_test_de_1_sent2,1683,1688,"Thun,",Q79181,PER,NIL,"Thun,",no.,0
hidden_test_de_1_sent3,14,41,Klub der Vereinigten Linken,NIL,ORG,Q882305,Vereinigte Linke,,23.337562561035156
hidden_test_de_1_sent3,88,97,v. Plener,Q324918,PER,Q75186,Paul Verner,,21.501564025878906
hidden_test_de_1_sent3,162,171,v. Plener,Q324918,PER,Q2647610,Yuval Zellner,,22.765899658203125
hidden_test_de_1_sent3,413,422,v. Plener,Q324918,PER,NIL,v. Plener,no,0
hidden_test_de_1_sent5,876,880,Thun,Q79181,PER,Q635917,Thun und Hohenstein,"```json {""wikipedia_page"":""Thun und Hohenstein"", ""wikidata_id"":""Q635917""} ```",15.647997856140137
hidden_test_de_1_sent6,36,40,Thun,Q79181,PER,NIL,Thun,no,0
hidden_test_de_1_sent6,133,148,MariePospischil,NIL,PER,Q12035450,Maria Pospischil,,25.909624099731445
hidden_test_de_1_sent6,222,226,Thun,Q79181,PER,NIL,Thun,no,0
hidden_test_de_1_sent6,330,334,Thun,Q79181,PER,NIL,Thun,No.,0
hidden_test_de_1_sent6,450,459,Schamanek,NIL,PER,Q11721012,Jarosław Szymanek,,24.628053665161133
hidden_test_de_1_sent6,571,580,Schamanek,NIL,PER,Q11721012,Jarosław Szymanek,,23.70965576171875
hidden_test_de_1_sent6,627,631,Thun,Q79181,PER,Q79119,Franz von Thun und Hohenstein,"```json {""wikipedia_page"": ""Franz von Thun und Hohenstein"", ""wikidata_id"": ""Q79119""} ```",17.691675186157227
hidden_test_de_1_sent6,683,687,Thun,Q79181,PER,NIL,Thun,no.,0
hidden_test_de_1_sent6,922,926,Thun,Q79181,PER,Q79119,Franz von Thun und Hohenstein,"```json {""wikipedia_page"":""Franz von Thun und Hohenstein"", ""wikidata_id"":""Q79119""} ```",17.720199584960938
hidden_test_de_1_sent6,1166,1170,Thun,Q79181,PER,Q79119,Franz von Thun und Hohenstein,"```json {""wikipedia_page"":""Franz von Thun und Hohenstein"", ""wikidata_id"":""Q79119""} ```",16.203718185424805
hidden_test_de_1_sent9,23,44,Johann von Wildenradt,NIL,PER,Q10277579,Ryoichi Kano,,26.978660583496094
hidden_test_de_1_sent12,300,307,Golling,NIL,LOC,Q527800,Golling an der Salzach,"```json {""wikipedia_page"":""Golling an der Salzach"", ""wikidata_id"":""Q527800""} ```",15.994821548461914
hidden_test_de_1_sent12,710,725,Dietrichstein's,NIL,PER,Q688530,Dietrichstein,"```json {""wikipedia_page"": ""Dietrichstein"", ""wikidata_id"": ""Q688530""} ```",15.001810073852539
hidden_test_de_1_sent13,4,12,Radstatt,Q260950,LOC,NIL,Radstatt,no,0
hidden_test_de_1_sent14,123,136,Dietrichstein,NIL,PER,Q688530,Dietrichstein,"```json {""wikipedia_page"":""Dietrichstein"", ""wikidata_id"":""Q688530""} ```",18.437673568725586
hidden_test_de_1_sent14,263,280,Nikolaus von Salm,Q26486738,PER,Q77787,Niklas Graf Salm der Ältere,,29.831356048583984
hidden_test_de_1_sent15,110,127,"„Obersteierblatt""",NIL,PROD,Q218612,Zollern-Alb-Kurier,,35.262001037597656
hidden_test_de_1_sent15,1599,1612,Liechtenstein,Q78567,PER,Q698530,Haus Liechtenstein,"```json {""wikipedia_page"":""Haus Liechtenstein"", ""wikidata_id"":""Q698530""} ```",17.777223587036133
hidden_test_de_1_sent15,1616,1625,Liberalen,NIL,ORG,Q6216,Liberalismus,"```json {""wikipedia_page"":""Liberalismus"", ""wikidata_id"":""Q6216""} ```",17.86077117919922
hidden_test_de_1_sent73,0,6,London,NIL,LOC,Q84,London,"```json {""wikipedia_page"": ""London"", ""wikidata_id"": ""Q84""} ```",13.057632446289062
hidden_test_de_1_sent75,1,6,Paris,NIL,LOC,Q90,Paris,"```json {""wikipedia_page"":""Paris"", ""wikidata_id"":""Q90""} ```",15.2584810256958
hidden_test_de_1_sent87,15,19,Wien,NIL,LOC,Q1741,Wien,,26.689189910888672
hidden_test_de_1_sent91,15,25,Josefstadt,NIL,LOC,Q256778,Josefstadt,,21.830123901367188
hidden_test_de_1_sent92,16,27,Rudolfsheim,NIL,LOC,Q2174345,Rudolfsheim,,27.719615936279297
hidden_test_de_1_sent96,27,34,Amerika,NIL,LOC,Q828,Amerika,"```json {""wikipedia_page"":""Amerika"", ""wikidata_id"":""Q828""} ```",18.806991577148438
hidden_test_de_1_sent97,38,51,Bruno Zappert,NIL,PER,Q31794012,Bruno Zappert,,30.925952911376953
hidden_test_de_1_sent100,0,20,Aron MandelblühSarah,NIL,PER,Q64030672,,,21.71769142150879
hidden_test_de_1_sent100,32,59,Wenzel PawlizekCarl Schauer,NIL,PER,Q3168715,Jean-Paul Wenzel,,22.12939453125
hidden_test_de_1_sent100,61,72,Mitzi Bardi,NIL,PER,Q18025001,Marie Bardi,,30.148433685302734
hidden_test_de_1_sent101,5,10,Frank,NIL,PER,Q62243,Adolph Frank,"```json {""wikipedia_page"":""Adolph Frank"", ""wikidata_id"":""Q62243""} ```",8.526296615600586
hidden_test_de_1_sent102,0,13,Jos. Paulmann,NIL,PER,Q1698128,Johannes Paulmann,,27.077247619628906
hidden_test_de_1_sent103,0,14,Franz Graselli,NIL,PER,Q2001370,Francesco Raselli,,29.22170066833496
hidden_test_de_1_sent104,22,35,Gisela Magnus,NIL,PER,Q24050604,Gisela Graselli-Magnus,"```json {""wikipedia_page"":""Gisela Graselli-Magnus"", ""wikidata_id"":""Q24050604""} ```",18.883583068847656
hidden_test_de_1_sent106,20,31,Kathi Krenn,NIL,PER,Q1735925,Katharina Kern,,24.430673599243164
hidden_test_de_1_sent107,0,4,Sali,NIL,PER,Q2757170,Sali,,23.429784774780273
hidden_test_de_1_sent107,6,16,Ella Carlé,NIL,PER,Q5364562,Ella Schuler,,22.770286560058594
hidden_test_de_1_sent108,0,5,Kathi,NIL,PER,Q1561114,Kathy,"```json {""wikipedia_page"":""Kathy"", ""wikidata_id"":""Q1561114""} ```",17.109041213989258
hidden_test_de_1_sent108,7,19,Elsa Wernier,NIL,PER,Q453545,Els Aarne,,26.001197814941406
hidden_test_de_1_sent112,0,5,Jenny,NIL,PER,Q16164488,,"```json { ""wikipedia_page"": """", ""wikidata_id"": ""Q16164488"" } ```",15.456277847290039
hidden_test_de_1_sent112,21,30,Mitzi Bär,NIL,PER,Q23953,Maria Bard,,27.082212448120117
hidden_test_de_1_sent113,6,16,Lina Stöhr,NIL,PER,Q16596498,Martina Stöhr,,25.4241943359375
hidden_test_de_1_sent114,6,18,Mitzi Theser,NIL,PER,Q47460506,Mitzi Tesar,,23.8115291595459
hidden_test_de_1_sent115,0,8,Steffens,NIL,PER,Q28745166,Steffens,"```json {""wikipedia_page"":""Steffens"", ""wikidata_id"":""Q28745166""} ```",13.292136192321777
hidden_test_de_1_sent115,54,66,Gustav Marik,NIL,PER,Q78511,Gustav Meyrink,,24.31613540649414
hidden_test_de_1_sent116,7,18,Josef Frank,NIL,PER,Q1212284,Josef Frank,,23.24346160888672
hidden_test_de_1_sent117,53,67,Arthur Lorette,NIL,PER,Q110539251,,,22.541851043701172
hidden_test_de_1_sent118,23,37,Arthur Müllner,NIL,PER,Q4775920,Anton Müller,,32.412742614746094
hidden_test_de_1_sent119,19,34,Adolf Karlinger,NIL,PER,Q362939,Adolf Kissling,,22.101329803466797
hidden_test_de_1_sent120,0,7,Tschibe,NIL,PER,Q2967756,Chybie,"```json {""wikipedia_page"":""Chybie"", ""wikidata_id"":""Q2967756""} ```",16.773849487304688
hidden_test_de_1_sent120,20,32,Carl Haßmann,NIL,PER,Q15452248,Karl Haußmann,,30.419870376586914
hidden_test_de_1_sent122,20,32,Heinrich Baß,NIL,PER,Q1596656,Heinrich Bass,,24.37710952758789
hidden_test_de_1_sent123,0,18,Arthur Schanenburg,NIL,PER,Q38193,Arthur Schopenhauer,,26.31085205078125
hidden_test_de_1_sent123,21,32,Albert Reiß,NIL,PER,Q4711094,Albert Reiss,,28.62725067138672
hidden_test_de_1_sent124,62,69,Amerika,NIL,LOC,Q828,Amerika,"```json {""wikipedia_page"":""Amerika"", ""wikidata_id"":""Q828""} ```",17.456985473632812
hidden_test_de_1_sent128,165,169,Daun,NIL,PER,Q93365,Leopold Joseph von Daun,,21.986413955688477
hidden_test_de_1_sent132,12,16,Wien,NIL,LOC,Q1741,Wien,,22.460939407348633
hidden_test_de_1_sent144,109,117,Hainfeld,NIL,LOC,Q671275,Hainfeld,,25.61237335205078
hidden_test_de_1_sent147,8,22,Franz Lütgenau,NIL,PER,Q1448138,Franz Lütgenau,,29.214122772216797
hidden_test_de_1_sent152,4,14,Paul Kempe,NIL,PER,Q11814157,,,35.5950813293457
hidden_test_de_1_sent153,4,22,Wilhelm Liebknecht,NIL,PER,Q20127,Wilhelm Liebknecht,,31.197811126708984
hidden_test_de_1_sent154,80,94,Sigmund Weiler,NIL,PER,Q2284813,Sigismund Weier,,25.775020599365234
hidden_test_de_1_sent154,110,114,Wien,NIL,LOC,Q1741,Wien,,21.335025787353516
hidden_test_de_1_sent157,32,36,Wien,NIL,LOC,Q1741,Wien,"```json {""wikipedia_page"":""Wien"", ""wikidata_id"":""Q1741""} ```",10.530686378479004
hidden_test_de_1_sent163,65,81,Jacob Rothberger,NIL,PER,Q2549156,Warenhaus Rothberger,,21.661603927612305
hidden_test_de_1_sent163,229,245,Jakob Weinberger,NIL,PER,Q19668022,Jacob Weinberg,,24.885244369506836
hidden_test_de_1_sent163,268,272,Wien,NIL,LOC,Q1741,Wien,"```json {""wikipedia_page"": ""Wien"", ""wikidata_id"": ""Q1741""} ```",19.41323471069336
hidden_test_de_1_sent172,71,75,Wien,NIL,LOC,Q1741,Wien,,24.957683563232422
hidden_test_de_1_sent184,424,429,Brünn,NIL,LOC,Q14960,Brünn,,28.868803024291992
hidden_test_de_1_sent184,502,506,Wien,NIL,LOC,Q1741,Wien,,29.433149337768555
hidden_test_de_1_sent186,34,38,Wien,NIL,LOC,Q1741,Wien,"```json {""wikipedia_page"":""Wien"", ""wikidata_id"":""Q1741""} ```",12.480757713317871
hidden_test_de_1_sent187,18,22,Wien,NIL,LOC,Q1741,Wien,,27.811416625976562
hidden_test_de_1_sent192,29,33,Wien,NIL,LOC,Q1741,Wien,,27.92399024963379
hidden_test_de_1_sent194,59,63,Wien,NIL,LOC,Q1741,Wien,"```json {""wikipedia_page"":""Wien"", ""wikidata_id"":""Q1741""} ```",20.463869094848633
hidden_test_de_1_sent194,84,88,Wien,NIL,LOC,Q1741,Wien,"```json {""wikipedia_page"":""Wien"", ""wikidata_id"":""Q1741""} ```",15.640928268432617
hidden_test_de_1_sent194,97,110,Franzensfeste,NIL,LOC,Q16609207,Bahnhof Franzensfeste,"```json {""wikipedia_page"":""Bahnhof Franzensfeste"", ""wikidata_id"":""Q16609207""} ```",16.109262466430664
hidden_test_de_1_sent194,142,146,Wien,NIL,LOC,Q1741,Wien,"```json {""wikipedia_page"":""Wien"", ""wikidata_id"":""Q1741""} ```",15.446897506713867
hidden_test_de_1_sent194,164,168,Wien,NIL,LOC,Q1741,Wien,"```json {""wikipedia_page"":""Wien"", ""wikidata_id"":""Q1741""} ```",14.791068077087402
hidden_test_de_1_sent194,193,197,Wien,NIL,LOC,Q1741,Wien,"```json {""wikipedia_page"":""Wien"", ""wikidata_id"":""Q1741""} ```",15.773548126220703
hidden_test_de_1_sent194,209,215,Leoben,NIL,LOC,Q485294,Leoben,"```json {""wikipedia_page"": ""Leoben"", ""wikidata_id"": ""Q485294""} ```",18.384183883666992
hidden_test_de_1_sent195,14,18,Wien,NIL,LOC,Q519025,Wien Südbahnhof,"```json {""wikipedia_page"": ""Wien Südbahnhof"", ""wikidata_id"": ""Q519025""} ```",13.541555404663086
hidden_test_de_1_sent195,73,82,Payerbach,NIL,LOC,Q801311,Bahnhof Payerbach-Reichenau,"```json {""wikipedia_page"":""Bahnhof Payerbach-Reichenau"", ""wikidata_id"":""Q801311""} ```",14.564705848693848
hidden_test_de_1_sent195,108,117,Laxenburg,NIL,LOC,Q699437,Laxenburg,"```json {""wikipedia_page"":""Laxenburg"", ""wikidata_id"":""Q699437""} ```",19.600719451904297
hidden_test_de_1_sent195,119,125,Aspang,NIL,LOC,Q683242,Aspang-Markt,"```json {""wikipedia_page"":""Aspang-Markt"", ""wikidata_id"":""Q683242""} ```",15.776467323303223
hidden_test_de_1_sent195,137,148,Potten¬dorf,NIL,LOC,Q661912,Pottendorf,"```json {""wikipedia_page"":""Pottendorf"", ""wikidata_id"":""Q661912""} ```",14.109420776367188
hidden_test_de_1_sent195,192,203,Leobersdorf,NIL,LOC,Q695339,Leobersdorf,"```json {""wikipedia_page"":""Leobersdorf"", ""wikidata_id"":""Q695339""} ```",16.714895248413086
hidden_test_de_1_sent195,205,220,Kaltenleutgeben,NIL,LOC,Q665008,Kaltenleutgeben,"```json {""wikipedia_page"":""Kaltenleutgeben"", ""wikidata_id"":""Q665008""} ```",18.22284698486328
hidden_test_de_1_sent195,222,232,Laxen¬burg,NIL,LOC,Q699437,Laxenburg,"```json {""wikipedia_page"": ""Laxenburg"", ""wikidata_id"": ""Q699437""} ```",18.533357620239258
hidden_test_de_1_sent195,234,244,Gutenstein,NIL,LOC,Q663658,Gutenstein,"```json {""wikipedia_page"":""Gutenstein"", ""wikidata_id"":""Q663658""} ```",13.746191024780273
hidden_test_de_1_sent195,246,254,Hainfeld,NIL,LOC,Q671275,Hainfeld,"```json {""wikipedia_page"":""Hainfeld"", ""wikidata_id"":""Q671275""} ```",14.617313385009766
hidden_test_de_1_sent195,286,293,Mödling,NIL,LOC,Q277965,Mödling,"```json {""wikipedia_page"":""Mödling"", ""wikidata_id"":""Q277965""} ```",20.503368377685547
hidden_test_de_1_sent195,337,352,Kaltenleutgeben,NIL,LOC,Q665008,Kaltenleutgeben,"```json {""wikipedia_page"":""Kaltenleutgeben"", ""wikidata_id"":""Q665008""} ```",18.273935317993164
hidden_test_de_1_sent195,354,362,Laxenbug,NIL,LOC,Q699437,Laxenburg,"```json {""wikipedia_page"":""Laxenburg"", ""wikidata_id"":""Q699437""} ```",14.589487075805664
hidden_test_de_1_sent195,391,399,Neustadt,NIL,LOC,Q131612,Wiener Neustadt,"```json {""wikipedia_page"":""Wiener Neustadt"", ""wikidata_id"":""Q131612""} ```",16.012727737426758
hidden_test_de_1_sent195,456,462,Böslau,NIL,LOC,Q798800,Bad Vöslau,"```json {""wikipedia_page"":""Bad Vöslau"", ""wikidata_id"":""Q798800""} ```",14.446083068847656
hidden_test_de_1_sent195,499,514,Kaltenleutgeben,NIL,LOC,Q665008,Kaltenleutgeben,"```json {""wikipedia_page"":""Kaltenleutgeben"", ""wikidata_id"":""Q665008""} ```",17.90338134765625
hidden_test_de_1_sent195,516,525,Laxenburg,NIL,LOC,Q699437,Laxenburg,"```json {""wikipedia_page"": ""Laxenburg"", ""wikidata_id"": ""Q699437""} ```",20.01789093017578
hidden_test_de_1_sent195,569,584,Kaltenleutgeben,NIL,LOC,Q665008,Kaltenleutgeben,"```json {""wikipedia_page"":""Kaltenleutgeben"", ""wikidata_id"":""Q665008""} ```",18.4500789642334
hidden_test_de_1_sent195,586,595,Laxenburg,NIL,LOC,Q699437,Laxenburg,"```json {""wikipedia_page"": ""Laxenburg"", ""wikidata_id"": ""Q699437""} ```",16.915014266967773
hidden_test_de_1_sent195,665,677,Mürzzuschlag,NIL,LOC,Q492868,Mürzzuschlag,"```json {""wikipedia_page"":""Mürzzuschlag"", ""wikidata_id"":""Q492868""} ```",16.239152908325195
hidden_test_de_1_sent195,679,694,Kaltenleutgeben,NIL,LOC,Q665008,Kaltenleutgeben,"```json {""wikipedia_page"": ""Kaltenleutgeben"", ""wikidata_id"": ""Q665008""} ```",17.155651092529297
hidden_test_de_1_sent195,696,705,Laxenburg,NIL,LOC,Q699437,Laxenburg,"```json {""wikipedia_page"":""Laxenburg"", ""wikidata_id"":""Q699437""} ```",18.31803321838379
hidden_test_de_1_sent195,707,717,Gutenstein,NIL,LOC,Q663658,Gutenstein,"```json {""wikipedia_page"":""Gutenstein"", ""wikidata_id"":""Q663658""} ```",13.062313079833984
hidden_test_de_1_sent195,719,728,Hain¬feld,NIL,LOC,Q671275,Hainfeld,"```json {""wikipedia_page"":""Hainfeld"", ""wikidata_id"":""Q671275""} ```",13.375518798828125
hidden_test_de_1_sent195,764,771,Mödling,NIL,LOC,Q277965,Mödling,"```json {""wikipedia_page"":""Mödling"", ""wikidata_id"":""Q277965""} ```",16.40038299560547
hidden_test_de_1_sent195,805,820,Kaltenleutgeben,NIL,LOC,Q665008,Kaltenleutgeben,"```json { ""wikipedia_page"": ""Kaltenleutgeben"", ""wikidata_id"": ""Q665008"" } ```",16.101119995117188
hidden_test_de_1_sent195,822,831,Laxenburg,NIL,LOC,Q699437,Laxenburg,"```json {""wikipedia_page"": ""Laxenburg"", ""wikidata_id"": ""Q699437""} ```",18.52509880065918
hidden_test_de_1_sent195,865,876,Leobersdorf,NIL,LOC,Q695339,Leobersdorf,"```json {""wikipedia_page"":""Leobersdorf"", ""wikidata_id"":""Q695339""} ```",14.357826232910156
hidden_test_de_1_sent195,878,894,Kaltenleut¬geben,NIL,LOC,Q665008,Kaltenleutgeben,"```json {""wikipedia_page"":""Kaltenleutgeben"", ""wikidata_id"":""Q665008""} ```",14.083025932312012
hidden_test_de_1_sent195,896,905,Laxenburg,NIL,LOC,Q699437,Laxenburg,"```json {""wikipedia_page"":""Laxenburg"", ""wikidata_id"":""Q699437""} ```",18.670026779174805
hidden_test_de_1_sent195,980,987,Mödling,NIL,LOC,Q277965,Mödling,"```json {""wikipedia_page"":""Mödling"", ""wikidata_id"":""Q277965""} ```",15.235759735107422
hidden_test_de_1_sent195,989,1004,Kaltenleutgeben,NIL,LOC,Q665008,Kaltenleutgeben,"```json {""wikipedia_page"":""Kaltenleutgeben"", ""wikidata_id"":""Q665008""} ```",14.353500366210938
hidden_test_de_1_sent195,1006,1015,Laxenburg,NIL,LOC,Q699437,Laxenburg,"```json {""wikipedia_page"":""Laxenburg"", ""wikidata_id"":""Q699437""} ```",17.878013610839844
hidden_test_de_1_sent195,1073,1088,Kaltenleutgeben,NIL,LOC,Q665008,Kaltenleutgeben,"```json {""wikipedia_page"":""Kaltenleutgeben"", ""wikidata_id"":""Q665008""} ```",13.536161422729492
hidden_test_de_1_sent195,1090,1099,Laxenburg,NIL,LOC,Q699437,Laxenburg,"```json {""wikipedia_page"":""Laxenburg"", ""wikidata_id"":""Q699437""} ```",18.551246643066406
hidden_test_de_1_sent195,1127,1133,Böslau,NIL,LOC,Q798800,Bad Vöslau,"```json {""wikipedia_page"":""Bad Vöslau"", ""wikidata_id"":""Q798800""} ```",9.666847229003906
hidden_test_de_1_sent195,1175,1190,Kaltenleutgeben,NIL,LOC,Q665008,Kaltenleutgeben,"```json {""wikipedia_page"":""Kaltenleutgeben"", ""wikidata_id"":""Q665008""} ```",13.31446361541748
hidden_test_de_1_sent195,1192,1201,Laxenburg,NIL,LOC,Q699437,Laxenburg,"```json {""wikipedia_page"": ""Laxenburg"", ""wikidata_id"": ""Q699437""} ```",17.54595947265625
hidden_test_de_1_sent195,1237,1243,Rodaun,NIL,LOC,Q2160909,Rodaun,"```json {""wikipedia_page"": ""Rodaun"", ""wikidata_id"": ""Q2160909""} ```",17.2238712310791
hidden_test_de_1_sent197,0,11,Leobersdorf,NIL,LOC,Q695339,Leobersdorf,"```json {""wikipedia_page"":""Leobersdorf"", ""wikidata_id"":""Q695339""} ```",21.040422439575195
hidden_test_de_1_sent197,13,21,Hainfeld,NIL,LOC,Q671275,Hainfeld,"```json {""wikipedia_page"":""Hainfeld"", ""wikidata_id"":""Q671275""} ```",17.337507247924805
hidden_test_de_1_sent197,23,33,Gutenstein,NIL,LOC,Q663658,Gutenstein,"```json {""wikipedia_page"":""Gutenstein"", ""wikidata_id"":""Q663658""} ```",16.176166534423828
hidden_test_de_1_sent197,116,127,Leobersdorf,NIL,LOC,Q74426574,Bahnhof Leobersdorf,"```json {""wikipedia_page"":""Bahnhof Leobersdorf"", ""wikidata_id"":""Q74426574""} ```",15.402409553527832
hidden_test_de_1_sent197,129,137,Hainfeld,NIL,LOC,Q671275,Hainfeld,"```json {""wikipedia_page"":""Hainfeld"", ""wikidata_id"":""Q671275""} ```",16.0790958404541
hidden_test_de_1_sent197,139,149,Gutenstein,NIL,LOC,Q663658,Gutenstein,"```json {""wikipedia_page"":""Gutenstein"", ""wikidata_id"":""Q663658""} ```",15.36989974975586
hidden_test_de_1_sent197,187,202,Kaltenleutgeben,NIL,LOC,Q665008,Kaltenleutgeben,"```json {""wikipedia_page"":""Kaltenleutgeben"", ""wikidata_id"":""Q665008""} ```",21.16407012939453
hidden_test_de_1_sent197,204,213,Laxenburg,NIL,LOC,Q699437,Laxenburg,,23.632728576660156
hidden_test_de_1_sent197,225,232,Mödling,NIL,LOC,Q277965,Mödling,,22.302831649780273
hidden_test_de_1_sent197,242,248,Böslau,NIL,LOC,Q798800,Bad Vöslau,"```json {""wikipedia_page"": ""Bad Vöslau"", ""wikidata_id"": ""Q798800""} ```",16.796619415283203
hidden_test_de_1_sent197,280,284,Graz,NIL,LOC,Q13298,Graz,"```json {""wikipedia_page"":""Graz"", ""wikidata_id"":""Q13298""} ```",19.269227981567383
hidden_test_de_1_sent197,324,339,Kaltenleutgeben,NIL,LOC,Q665008,Kaltenleutgeben,"```json {""wikipedia_page"": ""Kaltenleutgeben"", ""wikidata_id"": ""Q665008""} ```",20.536815643310547
hidden_test_de_1_sent197,341,350,Laxenburg,NIL,LOC,Q699437,Laxenburg,,22.87691307067871
hidden_test_de_1_sent197,394,401,Mödling,NIL,LOC,Q277965,Mödling,"```json {""wikipedia_page"":""Mödling"", ""wikidata_id"":""Q277965""} ```",20.673542022705078
hidden_test_de_1_sent197,446,461,Kaltenleutgeben,NIL,LOC,Q665008,Kaltenleutgeben,"```json {""wikipedia_page"":""Kaltenleutgeben"", ""wikidata_id"":""Q665008""} ```",20.358882904052734
hidden_test_de_1_sent197,463,472,Laxenburg,NIL,LOC,Q699437,Laxenburg,,22.408477783203125
hidden_test_de_1_sent197,514,529,Kaltenleutgeben,NIL,LOC,Q665008,Kaltenleutgeben,"```json {""wikipedia_page"": ""Kaltenleutgeben"", ""wikidata_id"": ""Q665008""} ```",19.642967224121094
hidden_test_de_1_sent197,544,550,Böslau,NIL,LOC,Q798800,Bad Vöslau,"```json {""wikipedia_page"": ""Bad Vööslau"", ""wikidata_id"": ""Q798800""} ```",15.640681266784668
hidden_test_de_1_sent197,600,607,Mödling,NIL,LOC,Q277965,Mödling,"```json {""wikipedia_page"":""Mödling"", ""wikidata_id"":""Q277965""} ```",17.30052947998047
hidden_test_de_1_sent197,609,624,Kaltenleutgeben,NIL,LOC,Q665008,Kaltenleutgeben,"```json {""wikipedia_page"": ""Kaltenleutgeben"", ""wikidata_id"": ""Q665008""} ```",18.28366470336914
hidden_test_de_1_sent197,626,635,Laxenburg,NIL,LOC,Q699437,Laxenburg,"```json {""wikipedia_page"": ""Laxenburg"", ""wikidata_id"": ""Q699437""} ```",20.622018814086914
hidden_test_de_1_sent197,664,673,Payerbach,NIL,LOC,Q676675,Payerbach,"```json {""wikipedia_page"":""Payerbach"", ""wikidata_id"":""Q676675""} ```",15.451144218444824
hidden_test_de_1_sent197,675,690,Kaltenleutgeben,NIL,LOC,Q665008,Kaltenleutgeben,"```json {""wikipedia_page"": ""Kaltenleutgeben"", ""wikidata_id"": ""Q665008""} ```",17.967655181884766
hidden_test_de_1_sent197,692,701,Laxrnburg,NIL,LOC,Q699437,Laxenburg,"```json {""wikipedia_page"":""Laxenburg"", ""wikidata_id"":""Q699437""} ```",17.571481704711914
hidden_test_de_1_sent197,747,754,Mödling,NIL,LOC,Q277965,Mödling,"```json {""wikipedia_page"":""Mödling"", ""wikidata_id"":""Q277965""} ```",19.800472259521484
hidden_test_de_1_sent197,796,811,Kaltenleutgeben,NIL,LOC,Q665008,Kaltenleutgeben,"```json {""wikipedia_page"":""Kaltenleutgeben"", ""wikidata_id"":""Q665008""} ```",16.859683990478516
hidden_test_de_1_sent197,857,864,Mödling,NIL,LOC,Q277965,Mödling,"```json {""wikipedia_page"":""Mödling"", ""wikidata_id"":""Q277965""} ```",20.399784088134766
hidden_test_de_1_sent197,963,972,Laxenburg,NIL,LOC,Q699437,Laxenburg,"```json {""wikipedia_page"": ""Laxenburg"", ""wikidata_id"": ""Q699437""} ```",17.760114669799805
hidden_test_de_1_sent197,1001,1012,Leobersdorf,NIL,LOC,Q695339,Leobersdorf,"```json {""wikipedia_page"": ""Leobersdorf"", ""wikidata_id"": ""Q695339""} ```",14.035249710083008
hidden_test_de_1_sent197,1014,1024,Gutenstein,NIL,LOC,Q663658,Gutenstein,"```json {""wikipedia_page"":""Gutenstein"", ""wikidata_id"":""Q663658""} ```",11.755758285522461
hidden_test_de_1_sent197,1026,1034,Hainfeld,NIL,LOC,Q671275,Hainfeld,"```json {""wikipedia_page"":""Hainfeld"", ""wikidata_id"":""Q671275""} ```",12.318832397460938
hidden_test_de_1_sent197,1068,1077,Payerbach,NIL,LOC,Q676675,Payerbach,"```json {""wikipedia_page"":""Payerbach"", ""wikidata_id"":""Q676675""} ```",11.80629825592041
hidden_test_de_1_sent197,1079,1094,Kaltenleutgeben,NIL,LOC,Q665008,Kaltenleutgeben,"```json {""wikipedia_page"":""Kaltenleutgeben"", ""wikidata_id"":""Q665008""} ```",14.615208625793457
hidden_test_de_1_sent197,1096,1105,Laxenburg,NIL,LOC,Q699437,Laxenburg,"```json {""wikipedia_page"":""Laxenburg"", ""wikidata_id"":""Q699437""} ```",17.882877349853516
hidden_test_de_1_sent197,1107,1117,Gutenstein,NIL,LOC,Q663658,Gutenstein,"```json {""wikipedia_page"": ""Gutenstein"", ""wikidata_id"": ""Q663658""} ```",11.933552742004395
hidden_test_de_1_sent197,1119,1127,Hainfeld,NIL,LOC,Q671275,Hainfeld,"```json {""wikipedia_page"":""Hainfeld"", ""wikidata_id"":""Q671275""} ```",12.288896560668945
hidden_test_de_1_sent197,1156,1163,Mödling,NIL,LOC,Q277965,Mödling,"```json {""wikipedia_page"":""Mödling"", ""wikidata_id"":""Q277965""} ```",16.21088981628418
hidden_test_de_1_sent197,1197,1204,Mödling,NIL,LOC,Q277965,Mödling,"```json {""wikipedia_page"": ""Mödling"", ""wikidata_id"": ""Q277965""} ```",18.234203338623047
hidden_test_de_1_sent197,1229,1235,Böslau,NIL,LOC,Q798800,Bad Vöslau,"```json {""wikipedia_page"": ""Bad Vöslau"", ""wikidata_id"": ""Q798800""} ```",13.468209266662598
hidden_test_de_1_sent197,1238,1253,Kaltenleutgeben,NIL,LOC,Q665008,Kaltenleutgeben,"```json {""wikipedia_page"": ""Kaltenleutgeben"", ""wikidata_id"": ""Q665008""} ```",17.150436401367188
hidden_test_de_1_sent197,1255,1264,Laxenburg,NIL,LOC,Q699437,Laxenburg,"```json {""wikipedia_page"": ""Laxenburg"", ""wikidata_id"": ""Q699437""} ```",20.24990463256836
hidden_test_de_1_sent197,1294,1301,Mödling,NIL,LOC,Q277965,Mödling,"```json {""wikipedia_page"": ""Mödling"", ""wikidata_id"": ""Q277965""} ```",18.204185485839844
hidden_test_de_1_sent197,1303,1318,Kaltenleutgeben,NIL,LOC,Q665008,Kaltenleutgeben,"```json {""wikipedia_page"":""Kaltenleutgeben"", ""wikidata_id"":""Q665008""} ```",17.208715438842773
hidden_test_de_1_sent197,1351,1357,Triest,NIL,LOC,Q546,Triest,,23.52787208557129
hidden_test_de_1_sent197,1359,1374,Kaltenleutgeben,NIL,LOC,Q665008,Kaltenleutgeben,"```json {""wikipedia_page"":""Kaltenleutgeben"", ""wikidata_id"":""Q665008""} ```",17.25425910949707
hidden_test_de_1_sent198,344,348,Wien,NIL,LOC,Q1741,Wien,,24.03516960144043
hidden_test_de_1_sent199,31,35,Wien,NIL,LOC,Q1741,Wien,,25.108686447143555
hidden_test_de_1_sent201,3,8,Basel,NIL,LOC,Q78,Basel,,21.83570098876953
hidden_test_de_1_sent201,82,87,Basel,NIL,LOC,Q78,Basel,,23.73236846923828
hidden_test_de_1_sent201,389,394,Pense,NIL,PER,Q29033015,Bernhard Pensa,"```json { ""wikipedia_page"": ""Bernhard Pensa"", ""wikidata_id"": ""Q29033015"" } ```",12.841806411743164
hidden_test_de_1_sent204,0,6,Neapel,NIL,LOC,Q2634,Neapel,,24.707910537719727
hidden_test_de_1_sent204,100,106,Neapel,NIL,LOC,Q2634,Neapel,,23.81682014465332
hidden_test_de_1_sent206,177,187,Petersburg,NIL,LOC,Q656,Sankt Petersburg,,23.240652084350586
hidden_test_de_1_sent206,259,266,Rußland,NIL,LOC,Q159,Russland,,26.751623153686523
hidden_test_de_1_sent207,258,265,Rußland,NIL,LOC,Q159,Russland,,23.13937759399414
hidden_test_de_1_sent207,484,495,Deutschland,NIL,LOC,Q183,Deutschland,,23.29984474182129
hidden_test_de_1_sent208,3,10,Rußland,NIL,LOC,Q159,Russland,,24.473154067993164
hidden_test_de_1_sent215,36,47,Josef Scheu,NIL,PER,Q13103347,Jos Scheuer,"```json {""wikipedia_page"":""Jos Scheuer"", ""wikidata_id"":""Q13103347""} ```",12.991738319396973
hidden_test_de_1_sent221,58,64,Aussig,NIL,LOC,Q156974,Aussig,"```json {""wikipedia_page"":""Aussig"", ""wikidata_id"":""Q156974""} ```",10.318171501159668
hidden_test_de_1_sent223,14,20,Olmütz,NIL,LOC,Q81137,Olmütz,"``` { ""wikipedia_page"": ""Olmütz"", ""wikidata_id"": ""Q81137"" } ```",17.28805160522461
hidden_test_de_1_sent225,14,24,Brünn=Wien,NIL,LOC,Q1741,Wien,"```json { ""wikipedia_page"": ""Wien"", ""wikidata_id"": ""Q1741"" } ```",11.38432788848877
hidden_test_de_1_sent232,3,9,Olmütz,NIL,LOC,Q81137,Olmütz,"```json {""wikipedia_page"":""Olmütz"", ""wikidata_id"":""Q81137""} ```",19.499692916870117
hidden_test_de_1_sent237,37,41,Wien,NIL,LOC,Q1741,Wien,"```json {""wikipedia_page"":""Wien"", ""wikidata_id"":""Q1741""} ```",11.288046836853027
hidden_test_de_1_sent239,22,26,Wien,NIL,LOC,Q1741,Wien,"```json {""wikipedia_page"":""Wien"", ""wikidata_id"":""Q1741""} ```",14.042095184326172
hidden_test_de_1_sent241,31,35,Wien,NIL,LOC,Q1741,Wien,"```json {""wikipedia_page"":""Wien"", ""wikidata_id"":""Q1741""} ```",15.588979721069336
hidden_test_de_1_sent243,21,25,Wien,NIL,LOC,Q1741,Wien,"```json {""wikipedia_page"":""Wien"", ""wikidata_id"":""Q1741""} ```",11.210697174072266
hidden_test_de_1_sent245,20,24,Wien,NIL,LOC,Q1741,Wien,"```json {""wikipedia_page"": ""Wien"", ""wikidata_id"": ""Q1741""} ```",9.056818008422852
hidden_test_de_1_sent247,43,49,Triest,NIL,LOC,Q546,Triest,"```json {""wikipedia_page"":""Triest"", ""wikidata_id"":""Q546""} ```",11.00147533416748
hidden_test_de_1_sent249,23,29,Triest,NIL,LOC,Q546,Triest,"```json {""wikipedia_page"":""Triest"", ""wikidata_id"":""Q546""} ```",16.095195770263672
hidden_test_de_1_sent251,25,31,Triest,NIL,LOC,Q546,Triest,"```json {""wikipedia_page"":""Triest"", ""wikidata_id"":""Q546""} ```",11.258981704711914
hidden_test_de_1_sent254,35,39,Wien,NIL,LOC,Q1741,Wien,"```json {""wikipedia_page"":""Wien"", ""wikidata_id"":""Q1741""} ```",9.706374168395996
hidden_test_de_1_sent256,47,51,Wien,NIL,LOC,Q1741,Wien,"```json {""wikipedia_page"":""Wien"", ""wikidata_id"":""Q1741""} ```",17.204708099365234
hidden_test_de_1_sent258,52,56,Wien,NIL,LOC,Q1741,Wien,"```json {""wikipedia_page"":""Wien"", ""wikidata_id"":""Q1741""} ```",11.669941902160645
hidden_test_de_1_sent260,69,73,Wien,NIL,LOC,Q1741,Wien,"```json {""wikipedia_page"":""Wien"", ""wikidata_id"":""Q1741""} ```",13.195379257202148
hidden_test_de_1_sent262,50,56,Triest,NIL,LOC,Q546,Triest,,22.108280181884766
hidden_test_de_1_sent264,38,42,Wien,NIL,LOC,Q1741,Wien,"```json {""wikipedia_page"":""Wien"", ""wikidata_id"":""Q1741""} ```",13.006321907043457
hidden_test_de_1_sent266,51,55,Wien,NIL,LOC,Q1741,Wien,"```json {""wikipedia_page"":""Wien"", ""wikidata_id"":""Q1741""} ```",14.357688903808594
hidden_test_de_1_sent268,64,68,Wien,NIL,LOC,Q1741,Wien,,22.575855255126953
hidden_test_de_1_sent270,49,53,Wien,NIL,LOC,Q1741,Wien,"```json {""wikipedia_page"":""Wien"", ""wikidata_id"":""Q1741""} ```",13.683082580566406
hidden_test_de_1_sent272,37,41,Wien,NIL,LOC,Q1741,Wien,"```json {""wikipedia_page"":""Wien"",""wikidata_id"":""Q1741""} ```",13.363992691040039
hidden_test_de_1_sent273,52,56,Wien,NIL,LOC,Q1741,Wien,,23.5195255279541
hidden_test_de_1_sent275,36,40,Wien,NIL,LOC,Q1741,Wien,"```json {""wikipedia_page"":""Wien"", ""wikidata_id"":""Q1741""} ```",14.473271369934082
hidden_test_de_1_sent277,41,45,Wien,NIL,LOC,Q1741,Wien,"```json {""wikipedia_page"":""Wien"", ""wikidata_id"":""Q1741""} ```",13.67625904083252
hidden_test_de_1_sent279,37,41,Wien,NIL,LOC,Q1741,Wien,"```json {""wikipedia_page"": ""Wien"", ""wikidata_id"": ""Q1741""} ```",17.29375648498535
hidden_test_de_1_sent281,34,38,Wien,NIL,LOC,Q1741,Wien,"```json {""wikipedia_page"": ""Wien"", ""wikidata_id"": ""Q1741""} ```",14.863654136657715
hidden_test_de_1_sent285,36,40,Wien,NIL,LOC,Q1741,Wien,"```json {""wikipedia_page"":""Wien"", ""wikidata_id"":""Q1741""} ```",13.917428016662598
hidden_test_de_1_sent287,32,36,Wien,NIL,LOC,Q1741,Wien,"```json {""wikipedia_page"":""Wien"", ""wikidata_id"":""Q1741""} ```",17.213809967041016
hidden_test_de_1_sent289,42,46,Wien,NIL,LOC,Q1741,Wien,"```json {""wikipedia_page"":""Wien"", ""wikidata_id"":""Q1741""} ```",11.202685356140137
hidden_test_de_1_sent291,53,57,Wien,NIL,LOC,Q1741,Wien,"```json {""wikipedia_page"":""Wien"", ""wikidata_id"":""Q1741""} ```",6.499951362609863
hidden_test_de_1_sent293,99,103,Wien,NIL,LOC,Q1741,Wien,"```json {""wikipedia_page"":""Wien"", ""wikidata_id"":""Q1741""} ```",19.179269790649414
hidden_test_de_1_sent295,57,61,Wien,NIL,LOC,Q1741,Wien,,22.521194458007812
hidden_test_de_1_sent297,54,58,Wien,NIL,LOC,Q1741,Wien,"```json {""wikipedia_page"":""Wien"", ""wikidata_id"":""Q1741""} ```",12.666632652282715
hidden_test_de_1_sent322,41,47,Triest,NIL,LOC,Q546,Triest,"```json {""wikipedia_page"": ""Triest"", ""wikidata_id"": ""Q546""} ```",19.190645217895508
hidden_test_de_1_sent343,32,38,Triest,NIL,LOC,Q546,Triest,"```json {""wikipedia_page"":""Triest"", ""wikidata_id"":""Q546""} ```",14.102089881896973
hidden_test_de_1_sent462,41,45,Wien,NIL,LOC,Q1741,Wien,,23.548723220825195
hidden_test_de_2_sent1,0,12,Weiskirchner,Q2150882,PER,NIL,Weiskirchner,No.,0
hidden_test_de_2_sent1,18,26,Bilinski,Q688332,PER,NIL,Bilinski,no.,0
hidden_test_de_2_sent1,32,40,"Stürgkh,",Q78537,PER,NIL,"Stürgkh,",no.,0
hidden_test_de_2_sent2,486,494,Bienerth,Q79052,PER,Q477576,Richard Bienert,,23.83456039428711
hidden_test_de_2_sent2,503,515,Oester¬reich,Q533534,LOC,Q40,Österreich,,22.685653686523438
hidden_test_de_2_sent2,1196,1204,Bienerth,Q79052,PER,Q477576,Richard Bienert,,22.060762405395508
hidden_test_de_2_sent2,1544,1557,Weiskirchners,Q2150882,PER,NIL,Weiskirchners,no,0
hidden_test_de_2_sent2,1563,1571,Haerdtls,NIL,PER,Q12018502,Guido von Haerdtl,"```json {""wikipedia_page"": ""Guido von Haerdtl"", ""wikidata_id"": ""Q12018502""} ```",16.484214782714844
hidden_test_de_2_sent2,2307,2318,Oesterreich,Q533534,LOC,Q40,Österreich,,24.858278274536133
hidden_test_de_2_sent3,66,75,Dänemarks,Q35,LOC,Q2135333,Recht Dänemarks,"```json {""wikipedia_page"": ""Recht Dänemarks"", ""wikidata_id"": ""Q2135333""} ```",13.531816482543945
hidden_test_de_2_sent3,80,91,Frankreichs,Q70802,LOC,Q183,Deutschland,"```json {""wikipedia_page"": ""Deutschland"", ""wikidata_id"": ""Q183""} ```",8.68523120880127
hidden_test_de_2_sent3,235,248,Grafen Fersen,NIL,PER,Q1342895,Jacques d’Adelswärd-Fersen,"```json {""wikipedia_page"":""Jacques d’Adelswärd-Fersen"", ""wikidata_id"":""Q1342895""} ```",15.126816749572754
hidden_test_de_2_sent3,256,272,Avenue Friedland,NIL,LOC,Q2873916,Avenue de Friedland,"```json {""wikipedia_page"":""Avenue de Friedland"", ""wikidata_id"":""Q2873916""} ```",20.78434181213379
hidden_test_de_2_sent3,323,344,BoulevardMontparnasse,Q2922078,LOC,Q211604,Montparnasse,,22.239831924438477
hidden_test_de_2_sent3,1660,1680,GrafAdelswärd=Fersen,NIL,PER,Q1342895,Jacques d’Adelswärd-Fersen,"```json {""wikipedia_page"":""Jacques d’Adelswärd-Fersen"", ""wikidata_id"":""Q1342895""} ```",20.325468063354492
hidden_test_de_2_sent3,1796,1800,Gott,Q178885,PER,Q825,Gott im Christentum,"```json {""wikipedia_page"":""Gott im Christentum"", ""wikidata_id"":""Q825""} ```",14.461504936218262
hidden_test_de_2_sent3,1910,1918,Himmels.,Q5694585,LOC,NIL,Himmels.,No.,0
hidden_test_de_2_sent126,7,12,"Wien,",Q1741,LOC,Q6979,Singen (Hohentwiel),"```json {""wikipedia_page"":""Singen (Hohentwiel)"", ""wikidata_id"":""Q6979""} ```",7.230593204498291
hidden_test_de_2_sent126,20,36,Arbeiter-Zeitung,Q627083,PROD,NIL,Arbeiter-Zeitung,no,0
hidden_test_de_2_sent133,31,39,Pafitsch,Q313843,PER,NIL,Pafitsch,no.,0
hidden_test_de_2_sent134,147,156,Protitsch,NIL,PER,Q934196,Stojan Protić,,26.552200317382812
hidden_test_de_2_sent134,161,174,Prodanowitsch,NIL,PER,Q61134048,,,24.679033279418945
hidden_test_de_2_sent134,424,435,Skuptschina,NIL,ORG,Q25392289,Skupština,,23.96921157836914
hidden_test_de_2_sent137,0,7,Tirnowo,Q173474,LOC,NIL,Tirnowo,no.,0
hidden_test_de_2_sent137,19,68,Ministerpräsident und Minister desAeußern Geschow,Q523393,PER,NIL,Ministerpräsident und Minister desAeußern Geschow,No,0
hidden_test_de_2_sent137,803,813,Bulgariens,Q147909,LOC,Q219,Bulgarien,,23.23033332824707
hidden_test_de_2_sent138,29,36,Europas,Q46,LOC,NIL,Europas,no,0
hidden_test_de_2_sent151,0,8,New=York,Q1384,LOC,Q60,New York City,,30.17414665222168
hidden_test_de_2_sent153,24,43,Rudolf von Habsburg,Q76956,PER,Q1332128,Rudolf I.,,22.72557258605957
hidden_test_de_2_sent153,341,361,Rudolfs von Habsburg,Q76956,PER,Q152923,Rudolf von Österreich-Ungarn,,26.383169174194336
hidden_test_de_2_sent153,745,765,Rudolf von Habs¬burg,Q76956,PER,Q152923,Rudolf von Österreich-Ungarn,,24.431045532226562
hidden_test_de_2_sent156,259,286,Rudolf von Habsburg=Denkmal,Q76956,PER,Q152923,Rudolf von Österreich-Ungarn,,21.53131866455078
hidden_test_de_2_sent166,101,121,Arbeiterzeitung Wien,Q1741,LOC,Q627083,Arbeiter-Zeitung,,22.71623992919922
hidden_test_de_2_sent170,25,33,E. Braun,NIL,PER,Q1273462,E. Braun & Co.,,27.1563777923584
hidden_test_de_2_sent170,35,47,J. Danneberg,NIL,PER,Q1019020,Bärbel Danneberg,,28.585575103759766
hidden_test_de_2_sent170,49,57,M. Dukes,NIL,PER,Q1783267,Vok Dams,,23.81975746154785
hidden_test_de_2_sent170,58,78,Haa'eustein & Vogler,NIL,ORG,Q56322697,Haasenstein & Vogler,,22.317243576049805
hidden_test_de_2_sent170,80,88,R. Mosse,NIL,PER,Q108005109,Mosse-Verlag,,25.61941146850586
hidden_test_de_2_sent170,109,119,H. Schalek,NIL,PER,Q112264640,Henrich Schalck,,25.303123474121094
hidden_test_de_2_sent173,91,96,Wien:,Q1741,LOC,Q697173,Wiener Zeitung,"```json {""wikipedia_page"":""Wiener Zeitung"", ""wikidata_id"":""Q697173""} ```",13.4599027633667
hidden_test_de_2_sent185,0,12,Deutschland:,Q43287,LOC,Q183,Deutschland,"```json {""wikipedia_page"":""Deutschland"", ""wikidata_id"":""Q183""} ```",12.976785659790039
hidden_test_de_2_sent187,21,35,Weltpostverein,Q17495,ORG,NIL,Weltpostverein,no,0
hidden_test_de_2_sent189,164,181,X. Wielandplatz 5,Q2568689,LOC,Q61861578,Parkanlage Wielandplatz,"```json {""wikipedia_page"": ""Wielandplatz"", ""wikidata_id"": ""Q61861578""} ```",19.544204711914062
hidden_test_de_2_sent197,49,57,Bienerth,Q79052,PER,Q124272,Georg Heinrich von Berenhorst,,24.155536651611328
hidden_test_de_2_sent197,243,251,Bienerth,Q79052,PER,Q477576,Richard Bienert,,23.446447372436523
hidden_test_de_2_sent197,523,531,Bienerth,Q79052,PER,Q477576,Richard Bienert,,23.838315963745117
hidden_test_de_2_sent197,762,770,Bienerth,Q79052,PER,NIL,Bienerth,No.,0
hidden_test_de_2_sent198,160,169,Bienerths,Q79052,PER,NIL,Bienerths,No.,0
hidden_test_de_2_sent198,494,504,N. Fr. Pr.,Q2919142,PROD,NIL,N. Fr. Pr.,no,0
hidden_test_de_2_sent198,563,571,Bienerth,Q79052,PER,Q477576,Richard Bienert,,23.72203254699707
hidden_test_de_2_sent198,1055,1063,Bienerth,Q79052,PER,NIL,Bienerth,No.,0
hidden_test_de_2_sent198,1090,1106,Herr Steinwender,Q1680904,PER,Q18224247,Hans Steinwender,"```json {""wikipedia_page"": ""Hans Steinwender"", ""wikidata_id"": ""Q18224247""} ```",21.058917999267578
hidden_test_de_2_sent198,1150,1170,Handelsminister Pino,Q1403730,PER,NIL,Handelsminister Pino,No.,0
hidden_test_de_2_sent198,1355,1363,Bienerth,Q79052,PER,NIL,Bienerth,no,0
hidden_test_de_2_sent202,27,42,Madame de Staël,Q123041,PER,NIL,Madame de Staël,no,0
hidden_test_de_2_sent205,339,343,Gott,Q825,PER,Q190,Gott,"```json {""wikipedia_page"":""Gott"", ""wikidata_id"":""Q190""} ```",19.086938858032227
hidden_test_de_2_sent205,403,407,Gott,Q825,PER,Q190,Gott,"```json {""wikipedia_page"":""Gott"", ""wikidata_id"":""Q190""} ```",15.113923072814941
hidden_test_de_2_sent205,607,613,Gottes,Q825,PER,Q35230,Satan,"```json { ""wikipedia_page"": ""Satan"", ""wikidata_id"": ""Q35230"" } ```",13.119604110717773
hidden_test_de_2_sent205,1415,1427,Bienerthsche,Q79052,PER,NIL,Bienerthsche,no.,0
hidden_test_de_2_sent205,1724,1732,Bienerth,Q79052,PER,NIL,Bienerth,No.,0
hidden_test_de_2_sent205,2383,2388,Marek,NIL,PER,Q12028688,Karl Marek,"```json {""wikipedia_page"":""Karl Marek"", ""wikidata_id"":""Q12028688""} ```",13.483643531799316
hidden_test_de_2_sent205,2631,2647,Herrn v. Haerdtl,NIL,PER,Q12018502,Guido von Haerdtl,"```json {""wikipedia_page"":""Guido von Haerdtl"", ""wikidata_id"":""Q12018502""} ```",13.242809295654297
hidden_test_de_2_sent205,3091,3099,Bienerth,Q79052,PER,Q477576,Richard Bienert,,21.936542510986328
hidden_test_de_2_sent205,3605,3613,Bienerth,Q79052,PER,NIL,Bienerth,No.,0
hidden_test_de_2_sent206,25,57,Ersten Wiener Volks¬küchenverein,NIL,ORG,Q1362243,Erster Wiener Consum-Verein,,29.13176727294922
hidden_test_de_2_sent206,88,117,Erste WienerVolksküchenverein,NIL,ORG,Q16295420,Wiener öffentliche Küchenbetriebsgesellschaft,,30.155298233032227
hidden_test_de_2_sent208,239,256,Volksküchenverein,NIL,ORG,Q2142654,Suppenküche,,21.806663513183594
hidden_test_de_2_sent208,490,499,Favoriten,Q1398933,LOC,Q697548,Favoriten,"```json {""wikipedia_page"":""Favoriten"", ""wikidata_id"":""Q697548""} ```",20.290536880493164
hidden_test_de_2_sent211,179,197,Beköstigungsverein,NIL,ORG,Q18632371,Verpflegung,"```json {""wikipedia_page"":""Verpflegung"", ""wikidata_id"":""Q18632371""} ```",10.150110244750977
hidden_test_de_2_sent211,709,723,Direktor Salis,NIL,PER,Q962412,Rodolphe Salis,"```json {""wikipedia_page"":""Rodolphe Salis"", ""wikidata_id"":""Q962412""} ```",14.93598461151123
hidden_test_de_2_sent211,771,785,Maler Willette,NIL,PER,Q365874,Adolphe Willette,"```json {""wikipedia_page"":""Adolphe Willette"", ""wikidata_id"":""Q365874""} ```",13.691944122314453
hidden_test_de_2_sent212,7,17,Kahlenberg,Q697119,LOC,NIL,Kahlenberg,No,0
hidden_test_de_2_sent212,65,75,Kahlenberg,Q697119,LOC,NIL,Kahlenberg,no,0
hidden_test_de_2_sent212,155,165,Kahlenberg,Q697119,LOC,Q15822432,Kahlenbergbahn,"```json {""wikipedia_page"":""Kahlenbergbahn"", ""wikidata_id"":""Q15822432""} ```",13.825178146362305
hidden_test_de_2_sent213,398,408,Kahlenberg,Q697119,LOC,NIL,Kahlenberg,no,0
hidden_test_de_2_sent213,1165,1175,Kahlenberg,Q697119,LOC,Q1721185,Kahlengebirge,"```json {""wikipedia_page"":""Kahlenberg"", ""wikidata_id"":""Q1721185""} ```",13.391620635986328
hidden_test_de_2_sent213,1556,1566,Länderbank,Q1426044,ORG,NIL,Länderbank,no.,0
hidden_test_de_2_sent214,816,823,Rußland,Q34266,LOC,Q159,Russland,,27.584102630615234
hidden_test_de_2_sent214,1087,1094,Rußland,Q34266,LOC,Q159,Russland,,27.54322052001953
hidden_test_de_2_sent214,1209,1220,Deutschland,Q43287,LOC,Q183,Deutschland,,23.083662033081055
hidden_test_de_2_sent215,105,116,Oesterreich,Q533534,LOC,Q40,Österreich,,26.364681243896484
hidden_test_de_2_sent215,120,126,Ungarn,Q171150,LOC,Q28,Ungarn,,24.41059112548828
hidden_test_de_2_sent215,196,212,Deutschen Reiche,Q43287,LOC,Q1206012,Deutsches Reich,,24.42160415649414
hidden_test_de_2_sent215,233,243,Frankreich,Q70802,LOC,Q142,Frankreich,,25.613460540771484
hidden_test_de_2_sent215,575,581,Indien,Q129286,LOC,Q668,Indien,,23.494356155395508
hidden_test_de_2_sent215,642,649,Rußland,Q34266,LOC,Q159,Russland,,23.844093322753906
hidden_test_de_2_sent215,934,967,Rothschildschen Nervenheilanstalt,NIL,ORG,Q1715258,Nathaniel Freiherr von Rothschild’sche Stiftung für Nervenkranke – Neurologisches Zentrum der Stadt Wien – Rosenhügel,"```json {""wikipedia_page"": ""Nathaniel Freiherr von Rothschild’sche Stiftung für Nervenkranke – Neurologisches Zentrum der Stadt Wien – Rosenhügel"", ""wikidata_id"": ""Q1715258""} ```",18.82744598388672
hidden_test_de_2_sent215,987,1014,Maria Theresien=Schlößchens,Q1801194,LOC,Q15833864,Maria-Theresien-Schlössl,,21.765106201171875
hidden_test_de_2_sent215,1063,1096,Rothschildschen Nervenheilanstalt,NIL,ORG,Q1715258,Nathaniel Freiherr von Rothschild’sche Stiftung für Nervenkranke – Neurologisches Zentrum der Stadt Wien – Rosenhügel,"```json { ""wikipedia_page"": ""Nathaniel Freiherr von Rothschild’sche Stiftung für Nervenkranke – Neurologisches Zentrum der Stadt Wien – Rosenhügel"", ""wikidata_id"": ""Q1715258"" } ```",20.26991844177246
hidden_test_de_2_sent215,1212,1223,Heilanstalt,NIL,ORG,Q46124,Sanatorium,"```json {""wikipedia_page"":""Sanatorium"", ""wikidata_id"":""Q46124""} ```",19.019006729125977
hidden_test_de_2_sent215,1294,1302,Hofzeile,Q65238254,LOC,Q113255530,Hofzeile,,23.885534286499023
hidden_test_de_2_sent215,1493,1504,Kuratoriums,NIL,ORG,Q1651129,Kuratorium,"```json {""wikipedia_page"": ""Kuratorium"", ""wikidata_id"": ""Q1651129""} ```",14.04827880859375
hidden_test_de_2_sent215,1592,1603,Heilanstalt,NIL,ORG,Q46124,Sanatorium,"```json {""wikipedia_page"": ""Sanatorium"", ""wikidata_id"": ""Q46124""} ```",17.650196075439453
hidden_test_de_2_sent215,2075,2083,Hofzeile,Q65238254,LOC,Q113255530,Hofzeile,"```json {""wikipedia_page"":""Hofzeile"", ""wikidata_id"":""Q113255530""} ```",12.719062805175781
hidden_test_de_2_sent244,195,211,Jakob Rothberger,NIL,PER,Q1679315,Jakob Rosenberg,,22.645557403564453
hidden_test_de_2_sent245,215,231,Emilie Periather,NIL,PER,Q523225,Emil Preetorius,,24.423492431640625
hidden_test_de_2_sent251,39,43,Wien,NIL,LOC,Q1741,Wien,,29.82649803161621
hidden_test_de_2_sent254,39,43,WIEN,NIL,LOC,Q1741,Wien,"```json {""wikipedia_page"":""Wien"", ""wikidata_id"":""Q1741""} ```",15.218530654907227
hidden_test_de_2_sent260,0,16,Wilhelm MoikWien,NIL,LOC,Q18628854,Ludwig von Milewski,,25.424339294433594
hidden_test_de_2_sent269,12,16,Wien,NIL,LOC,Q1741,Wien,"```json {""wikipedia_page"": ""Wien"", ""wikidata_id"": ""Q1741""} ```",18.514728546142578
hidden_test_de_2_sent271,2,11,Payerbach,NIL,LOC,Q676675,Payerbach,"```json {""wikipedia_page"":""Payerbach"", ""wikidata_id"":""Q676675""} ```",17.165586471557617
hidden_test_de_2_sent271,13,20,Kanizsa,NIL,LOC,Q14424,Nagykanizsa,"```json {""wikipedia_page"": ""Nagykanizsa"", ""wikidata_id"": ""Q14424""} ```",16.31976890563965
hidden_test_de_2_sent271,21,29,Budapest,NIL,LOC,Q1781,Budapest,"```json {""wikipedia_page"": ""Budapest"", ""wikidata_id"": ""Q1781""} ```",16.98447036743164
hidden_test_de_2_sent271,31,35,Güns,NIL,LOC,Q279823,Güssing,"```json {""wikipedia_page"": ""Güssing"", ""wikidata_id"": ""Q279823""} ```",10.69057846069336
hidden_test_de_2_sent271,75,88,Pakrácz=Lipik,NIL,LOC,Q398115,Pakrac,"```json {""wikipedia_page"":""Pakrac"", ""wikidata_id"":""Q398115""} ```",13.837809562683105
hidden_test_de_2_sent271,89,95,Essegg,NIL,LOC,Q55375290,Ebersegg,"```json {""wikipedia_page"":""Ebersegg"", ""wikidata_id"":""Q55375290""} ```",12.282968521118164
hidden_test_de_2_sent271,97,105,Sarajevo,NIL,LOC,Q11194,Sarajevo,"```json {""wikipedia_page"":""Sarajevo"", ""wikidata_id"":""Q11194""} ```",15.850739479064941
hidden_test_de_2_sent271,107,112,Agram,NIL,LOC,Q1435,Zagreb,"``` {""wikipedia_page"":""Zagreb"", ""wikidata_id"":""Q1435""} ```",14.190096855163574
hidden_test_de_2_sent271,114,120,Aspang,NIL,LOC,Q683242,Aspang-Markt,"```json {""wikipedia_page"": ""Aspang-Markt"", ""wikidata_id"": ""Q683242""} ```",15.69129467010498
hidden_test_de_2_sent274,2,8,Leoben,NIL,LOC,Q485294,Leoben,,21.931703567504883
hidden_test_de_2_sent274,10,22,Vordern¬berg,NIL,LOC,Q38981,Vorarlberg,"```json {""wikipedia_page"":""Vorarlberg"", ""wikidata_id"":""Q38981""} ```",12.765678405761719
hidden_test_de_2_sent274,24,31,Venedig,NIL,LOC,Q641,Venedig,"```json { ""wikipedia_page"": ""Venedig"", ""wikidata_id"": ""Q641"" } ```",18.2791748046875
hidden_test_de_2_sent274,48,55,Kanizsa,NIL,LOC,Q14424,Nagykanizsa,"```json {""wikipedia_page"":""Nagykanizsa"", ""wikidata_id"":""Q14424""} ```",16.22197723388672
hidden_test_de_2_sent274,64,71,Sarjevo,NIL,LOC,Q11194,Sarajevo,"```json {""wikipedia_page"":""Sarajevo"", ""wikidata_id"":""Q11194""} ```",18.56981658935547
hidden_test_de_2_sent274,73,86,Pakrácz=Lipik,NIL,LOC,Q398115,Pakrac,"```json {""wikipedia_page"":""Pakrac"", ""wikidata_id"":""Q398115""} ```",15.510523796081543
hidden_test_de_2_sent274,87,92,Agram,NIL,LOC,Q1435,Zagreb,"```json {""wikipedia_page"":""Zagreb"", ""wikidata_id"":""Q1435""} ```",14.283074378967285
hidden_test_de_2_sent274,94,101,Neuberg,NIL,LOC,Q695342,Neuberg an der Mürz,"```json {""wikipedia_page"": ""Neuberg an der Mürz"", ""wikidata_id"": ""Q695342""} ```",13.712474822998047
hidden_test_de_2_sent277,2,8,Triest,NIL,LOC,Q546,Triest,,27.949615478515625
hidden_test_de_2_sent277,10,14,Görz,NIL,LOC,Q6596,Gorizia,,23.341672897338867
hidden_test_de_2_sent277,16,21,Fiume,NIL,LOC,Q1647,Rijeka,,21.896984100341797
hidden_test_de_2_sent277,22,26,Pola,NIL,LOC,Q4656,Pula,"```json {""wikipedia_page"":""Pula"", ""wikidata_id"":""Q4656""} ```",19.74738311767578
hidden_test_de_2_sent277,28,35,Rovigno,NIL,LOC,Q5316,Rovinj,,24.595645904541016
hidden_test_de_2_sent277,37,43,Sissek,NIL,LOC,Q1640,Osijek,"```json {""wikipedia_page"": ""Osijek"", ""wikidata_id"": ""Q1640""} ```",16.62956428527832
hidden_test_de_2_sent277,63,71,Gonobitz,NIL,LOC,Q853751,Bezirk Gonobitz,"```json {""wikipedia_page"":""Bezirk Gonobitz"", ""wikidata_id"":""Q853751""} ```",21.257652282714844
hidden_test_de_2_sent277,73,83,Klagenfurt,NIL,LOC,Q41753,Klagenfurt am Wörthersee,,25.680953979492188
hidden_test_de_2_sent277,85,92,Villach,NIL,LOC,Q483522,Villach,,25.259925842285156
hidden_test_de_2_sent277,93,98,Bozen,NIL,LOC,Q6526,Bozen,,22.990436553955078
hidden_test_de_2_sent277,100,105,Meran,NIL,LOC,Q131605,Meran,,27.300859451293945
hidden_test_de_2_sent277,107,111,Arco,NIL,LOC,Q138473,Arco,,21.66495704650879
hidden_test_de_2_sent277,113,122,Innsbruck,NIL,LOC,Q1735,Innsbruck,,23.068317413330078
hidden_test_de_2_sent277,127,134,Marburg,NIL,LOC,Q1010,Maribor,,24.56627655029297
hidden_test_de_2_sent277,137,146,Wolfsberg,NIL,LOC,Q487527,Wolfsberg,,25.824790954589844
hidden_test_de_2_sent277,159,171,Gleichenberg,NIL,LOC,Q693550,Bad Gleichenberg,"```json {""wikipedia_page"": ""Bad Gleichenberg"", ""wikidata_id"": ""Q693550""} ```",15.239805221557617
hidden_test_de_2_sent277,174,181,Köflach,NIL,LOC,Q550434,Köflach,,26.066509246826172
hidden_test_de_2_sent280,14,21,Köflach,NIL,LOC,Q550434,Köflach,,22.763092041015625
hidden_test_de_2_sent280,28,34,Stainz,NIL,LOC,Q685128,Stainz,,21.66957664489746
hidden_test_de_2_sent280,36,42,Leoben,NIL,LOC,Q485294,Leoben,"```json { ""wikipedia_page"": ""Leoben"", ""wikidata_id"": ""Q485294"" } ```",21.06351661682129
hidden_test_de_2_sent284,2,8,Triest,NIL,LOC,Q546,Triest,,22.897207260131836
hidden_test_de_2_sent284,10,14,Görz,NIL,LOC,Q6596,Gorizia,"```json {""wikipedia_page"":""Gorizia"", ""wikidata_id"":""Q6596""} ```",19.39244842529297
hidden_test_de_2_sent284,16,23,Venedig,NIL,LOC,Q641,Venedig,"```json {""wikipedia_page"":""Venedig"", ""wikidata_id"":""Q641""} ```",19.247291564941406
hidden_test_de_2_sent284,24,29,Fiume,NIL,LOC,Q1647,Rijeka,"```json {""wikipedia_page"":""Rijeka"", ""wikidata_id"":""Q1647""} ```",18.739368438720703
hidden_test_de_2_sent284,31,35,Pola,NIL,LOC,Q2661670,Bezirk Pola,"```json {""wikipedia_page"":""Bezirk Pola"", ""wikidata_id"":""Q2661670""} ```",11.130302429199219
hidden_test_de_2_sent284,37,44,Rovigno,NIL,LOC,Q5316,Rovinj,,23.679582595825195
hidden_test_de_2_sent284,46,52,Sissek,NIL,LOC,Q192119,Sisak,"```json {""wikipedia_page"":""Sisak"", ""wikidata_id"":""Q192119""} ```",20.3002986907959
hidden_test_de_2_sent284,54,58,Brod,NIL,LOC,Q4686,Slavonski Brod,"```json {""wikipedia_page"": ""Slavonski Brod"", ""wikidata_id"": ""Q4686""} ```",13.259288787841797
hidden_test_de_2_sent284,59,68,Banjaluka,NIL,LOC,Q131127,Banja Luka,"```json {""wikipedia_page"":""Banja Luka"", ""wikidata_id"":""Q131127""} ```",20.76891326904297
hidden_test_de_2_sent284,70,76,Leoben,NIL,LOC,Q485294,Leoben,,23.243162155151367
hidden_test_de_2_sent284,78,89,Vordernberg,NIL,LOC,Q876380,Vordernberg,"```json {""wikipedia_page"":""Vordernberg"", ""wikidata_id"":""Q876380""} ```",19.6921443939209
hidden_test_de_2_sent284,90,97,Neuberg,NIL,LOC,Q695342,Neuberg an der Mürz,"```json {""wikipedia_page"":""Neuberg an der Mürz"", ""wikidata_id"":""Q695342""} ```",12.190401077270508
hidden_test_de_2_sent288,13,20,Kanizsa,NIL,LOC,Q14424,Nagykanizsa,"```json {""wikipedia_page"":""Nagykanizsa"", ""wikidata_id"":""Q14424""} ```",14.736934661865234
hidden_test_de_2_sent288,21,25,Güns,NIL,LOC,Q279823,Güssing,"```json {""wikipedia_page"":""Güssing"", ""wikidata_id"":""Q279823""} ```",9.116825103759766
hidden_test_de_2_sent288,27,35,Budapest,NIL,LOC,Q1781,Budapest,"```json { ""wikipedia_page"": ""Budapest"", ""wikidata_id"": ""Q1781"" } ```",13.917219161987305
hidden_test_de_2_sent292,2,6,Graz,NIL,LOC,Q13298,Graz,"```json {""wikipedia_page"":""Graz"", ""wikidata_id"":""Q13298""} ```",13.904220581054688
hidden_test_de_2_sent292,8,14,Leoben,NIL,LOC,Q485294,Leoben,"```json {""wikipedia_page"": ""Leoben"", ""wikidata_id"": ""Q485294""} ```",18.29265785217285
hidden_test_de_2_sent301,2,9,Kanizsa,NIL,LOC,Q14424,Nagykanizsa,"```json {""wikipedia_page"":""Nagykanizsa"", ""wikidata_id"":""Q14424""} ```",19.625057220458984
hidden_test_de_2_sent301,11,19,Budapest,NIL,LOC,Q1781,Budapest,"```json {""wikipedia_page"":""Budapest"", ""wikidata_id"":""Q1781""} ```",18.327930450439453
hidden_test_de_2_sent301,20,33,Pakrácz=Lipik,NIL,LOC,Q398115,Pakrac,"```json {""wikipedia_page"":""Pakrac"", ""wikidata_id"":""Q398115""} ```",15.18918228149414
hidden_test_de_2_sent301,35,41,Essegg,NIL,LOC,Q2033437,Osječak,"```json {""wikipedia_page"":""Osječak"", ""wikidata_id"":""Q2033437""} ```",15.800914764404297
hidden_test_de_2_sent302,6,11,Agram,NIL,LOC,Q1435,Zagreb,"```json {""wikipedia_page"":""Zagreb"", ""wikidata_id"":""Q1435""} ```",9.918968200683594
hidden_test_de_2_sent302,13,19,Sissek,NIL,LOC,Q1640,Osijek,"```json {""wikipedia_page"":""Osijek"", ""wikidata_id"":""Q1640""} ```",10.701167106628418
hidden_test_de_2_sent302,21,30,Banjaluka,NIL,LOC,Q131127,Banja Luka,"```json {""wikipedia_page"":""Banja Luka"", ""wikidata_id"":""Q131127""} ```",18.16360092163086
hidden_test_de_2_sent306,2,8,Triest,NIL,LOC,Q546,Triest,,26.115182876586914
hidden_test_de_2_sent306,10,14,Görz,NIL,LOC,Q6596,Gorizia,"```json {""wikipedia_page"":""Gorizia"", ""wikidata_id"":""Q6596""} ```",20.531362533569336
hidden_test_de_2_sent306,16,24,Vene¬dig,NIL,LOC,Q641,Venedig,,22.7915096282959
hidden_test_de_2_sent306,26,29,Rom,NIL,LOC,Q220,Rom,,22.125879287719727
hidden_test_de_2_sent306,31,38,Mailand,NIL,LOC,Q490,Mailand,,23.027666091918945
hidden_test_de_2_sent306,47,51,Pola,NIL,LOC,Q4656,Pula,"```json {""wikipedia_page"": ""Pula"", ""wikidata_id"": ""Q4656""} ```",17.6845645904541
hidden_test_de_2_sent306,52,59,Rovigno,NIL,LOC,Q5316,Rovinj,,25.704193115234375
hidden_test_de_2_sent306,61,66,Fiume,NIL,LOC,Q1647,Rijeka,"```json {""wikipedia_page"":""Rijeka"", ""wikidata_id"":""Q1647""} ```",20.315650939941406
hidden_test_de_2_sent306,76,85,Banjaluka,NIL,LOC,Q131127,Banja Luka,,24.29081153869629
hidden_test_de_2_sent307,0,8,Budapest,NIL,LOC,Q1781,Budapest,"```json {""wikipedia_page"":""Budapest"", ""wikidata_id"":""Q1781""} ```",21.26036262512207
hidden_test_de_2_sent308,3,13,Klagenfurt,NIL,LOC,Q41753,Klagenfurt am Wörthersee,"```json {""wikipedia_page"":""Klagenfurt am Wörthersee"", ""wikidata_id"":""Q41753""} ```",20.87523651123047
hidden_test_de_2_sent308,14,27,Franzensfeste,NIL,LOC,Q381499,Franzensfeste,"```json {""wikipedia_page"": ""Franzensfeste"", ""wikidata_id"": ""Q381499""} ```",19.985185623168945
hidden_test_de_2_sent308,29,34,Meran,NIL,LOC,Q131605,Meran,,24.802642822265625
hidden_test_de_2_sent308,36,40,Arco,NIL,LOC,Q138473,Arco,"```json {""wikipedia_page"":""Arco"", ""wikidata_id"":""Q138473""} ```",14.570395469665527
hidden_test_de_2_sent308,42,52,Inns¬bruck,NIL,LOC,Q1735,Innsbruck,"```json {""wikipedia_page"":""Innsbruck"", ""wikidata_id"":""Q1735""} ```",19.540433883666992
hidden_test_de_2_sent308,58,65,Marburg,NIL,LOC,Q3869,Marburg,,21.368207931518555
hidden_test_de_2_sent312,2,8,Triest,NIL,LOC,Q546,Triest,,24.84090232849121
hidden_test_de_2_sent312,10,14,Görz,NIL,LOC,Q6596,Gorizia,"```json {""wikipedia_page"":""Gorizia"", ""wikidata_id"":""Q6596""} ```",19.97772789001465
hidden_test_de_2_sent312,16,23,Venedig,NIL,LOC,Q641,Venedig,,21.799625396728516
hidden_test_de_2_sent312,24,27,Rom,NIL,LOC,Q220,Rom,"```json {""wikipedia_page"":""Rom"", ""wikidata_id"":""Q220""} ```",19.977842330932617
hidden_test_de_2_sent312,29,36,Mailand,NIL,LOC,Q490,Mailand,"```json {""wikipedia_page"": ""Mailand"", ""wikidata_id"": ""Q490""} ```",20.674304962158203
hidden_test_de_2_sent312,38,42,Pola,NIL,LOC,Q4656,Pula,"```json {""wikipedia_page"": ""Pula"", ""wikidata_id"": ""Q4656""} ```",17.64760398864746
hidden_test_de_2_sent312,44,51,Rovigno,NIL,LOC,Q5316,Rovinj,,23.500646591186523
hidden_test_de_2_sent312,52,57,Agram,NIL,LOC,Q1435,Zagreb,"```json {""wikipedia_page"":""Zagreb"", ""wikidata_id"":""Q1435""} ```",15.198537826538086
hidden_test_de_2_sent312,69,77,Budapest,NIL,LOC,Q1781,Budapest,"```json {""wikipedia_page"": ""Budapest"", ""wikidata_id"": ""Q1781""} ```",21.14208984375
hidden_test_de_2_sent312,94,104,Klagenfurt,NIL,LOC,Q41753,Klagenfurt am Wörthersee,,22.982067108154297
hidden_test_de_2_sent312,106,115,Wolfsberg,NIL,LOC,Q487527,Wolfsberg,,23.28900718688965
hidden_test_de_2_sent312,116,121,Meran,NIL,LOC,Q131605,Meran,,23.976240158081055
hidden_test_de_2_sent312,123,127,Arco,NIL,LOC,Q138473,Arco,"```json {""wikipedia_page"":""Arco"", ""wikidata_id"":""Q138473""} ```",19.11382484436035
hidden_test_de_2_sent312,129,138,Innsbruck,NIL,LOC,Q1735,Innsbruck,"```json {""wikipedia_page"":""Innsbruck"", ""wikidata_id"":""Q1735""} ```",20.893190383911133
hidden_test_de_2_sent312,144,152,Mar¬burg,NIL,LOC,Q1010,Maribor,,21.695140838623047
hidden_test_de_2_sent312,167,174,Köflach,NIL,LOC,Q550434,Köflach,"```json {""wikipedia_page"":""Köflach"", ""wikidata_id"":""Q550434""} ```",21.172569274902344
hidden_test_de_2_sent312,176,180,Wies,NIL,LOC,Q672707,Wies,"```json {""wikipedia_page"": ""Wies"", ""wikidata_id"": ""Q672707""} ```",19.98579978942871
hidden_test_de_2_sent312,181,187,Stainz,NIL,LOC,Q685128,Stainz,"```json {""wikipedia_page"":""Stainz"", ""wikidata_id"":""Q685128""} ```",19.33163833618164
hidden_test_de_2_sent312,189,195,Leoben,NIL,LOC,Q485294,Leoben,,24.649215698242188
hidden_test_de_2_sent312,197,208,Vordernberg,NIL,LOC,Q876380,Vordernberg,,21.831438064575195
hidden_test_de_2_sent313,11,15,Wien,NIL,LOC,Q1741,Wien,"```json {""wikipedia_page"":""Wien"", ""wikidata_id"":""Q1741""} ```",12.87826919555664
hidden_test_de_2_sent315,2,8,Triest,NIL,LOC,Q546,Triest,"```json {""wikipedia_page"": ""Triest"", ""wikidata_id"": ""Q546""} ```",20.08344268798828
hidden_test_de_2_sent315,10,13,Rom,NIL,LOC,Q220,Rom,,22.689777374267578
hidden_test_de_2_sent315,15,23,Mai¬land,NIL,LOC,Q490,Mailand,,22.006851196289062
hidden_test_de_2_sent315,25,32,Venedig,NIL,LOC,Q641,Venedig,,25.172887802124023
hidden_test_de_2_sent315,34,38,Görz,NIL,LOC,Q98608774,Bezirk Görz,"```json {""wikipedia_page"":""Bezirk Görz"", ""wikidata_id"":""Q98608774""} ```",14.960023880004883
hidden_test_de_2_sent315,40,44,Pola,NIL,LOC,Q4656,Pula,"```json {""wikipedia_page"":""Pula"", ""wikidata_id"":""Q4656""} ```",15.161924362182617
hidden_test_de_2_sent315,46,51,Agram,NIL,LOC,Q1435,Zagreb,"```json {""wikipedia_page"":""Zagreb"", ""wikidata_id"":""Q1435""} ```",15.531113624572754
hidden_test_de_2_sent315,52,60,Budapest,NIL,LOC,Q1781,Budapest,,25.781999588012695
hidden_test_de_2_sent316,3,7,Arco,NIL,LOC,Q138473,Arco,"```json {""wikipedia_page"":""Arco"", ""wikidata_id"":""Q138473""} ```",17.593835830688477
hidden_test_de_2_sent316,9,19,Inns¬bruck,NIL,LOC,Q1735,Innsbruck,,23.46061134338379
hidden_test_de_2_sent316,21,31,Klagenfurt,NIL,LOC,Q41753,Klagenfurt am Wörthersee,,21.438159942626953
hidden_test_de_2_sent316,33,42,Wolfsberg,NIL,LOC,Q487527,Wolfsberg,,23.499919891357422
hidden_test_de_2_sent316,47,54,Marburg,NIL,LOC,Q3869,Marburg,,24.381052017211914
hidden_test_de_2_sent316,69,76,Köflach,NIL,LOC,Q550434,Köflach,,23.302875518798828
hidden_test_de_2_sent316,78,82,Wies,NIL,LOC,Q672707,Wies,,21.996400833129883
hidden_test_de_2_sent316,83,89,Stainz,NIL,LOC,Q685128,Stainz,"```json {""wikipedia_page"":""Stainz"", ""wikidata_id"":""Q685128""} ```",19.965476989746094
hidden_test_de_2_sent316,91,97,Leoben,NIL,LOC,Q485294,Leoben,,25.183338165283203
hidden_test_de_2_sent320,14,27,Pakrácz=Lipik,NIL,LOC,Q398115,Pakrac,"```json {""wikipedia_page"": ""Pakrac"", ""wikidata_id"": ""Q398115""} ```",10.408283233642578
hidden_test_de_2_sent320,29,34,Agram,NIL,LOC,Q1435,Zagreb,"```json {""wikipedia_page"":""Zagreb"", ""wikidata_id"":""Q1435""} ```",10.530628204345703
hidden_test_de_2_sent320,36,45,Buda¬pest,NIL,LOC,Q1781,Budapest,"```json {""wikipedia_page"":""Budapest"", ""wikidata_id"":""Q1781""} ```",21.03481674194336
hidden_test_de_2_sent320,51,60,Oedenburg,NIL,LOC,Q168648,Sopron,"```json {""wikipedia_page"": ""Sopron"", ""wikidata_id"": ""Q168648""} ```",17.915075302124023
hidden_test_de_2_sent328,2,8,Triest,NIL,LOC,Q546,Triest,,28.783220291137695
hidden_test_de_2_sent328,10,13,Rom,NIL,LOC,Q220,Rom,,22.94176483154297
hidden_test_de_2_sent328,15,23,Mai¬land,NIL,LOC,Q490,Mailand,,22.69379997253418
hidden_test_de_2_sent328,25,32,Venedig,NIL,LOC,Q641,Venedig,,25.507925033569336
hidden_test_de_2_sent328,34,38,Görz,NIL,LOC,Q6596,Gorizia,"```json {""wikipedia_page"": ""Gorizia"", ""wikidata_id"": ""Q6596""} ```",21.292377471923828
hidden_test_de_2_sent328,40,44,Pola,NIL,LOC,Q4656,Pula,"```json {""wikipedia_page"":""Pula"", ""wikidata_id"":""Q4656""} ```",18.529253005981445
hidden_test_de_2_sent328,46,53,Rovigno,NIL,LOC,Q5316,Rovinj,,26.141056060791016
hidden_test_de_2_sent328,54,59,Fiume,NIL,LOC,Q1647,Rijeka,,21.668792724609375
hidden_test_de_2_sent328,61,67,Sissek,NIL,LOC,Q192119,Sisak,"```json {""wikipedia_page"":""Sisak"", ""wikidata_id"":""Q192119""} ```",20.399978637695312
hidden_test_de_2_sent328,69,74,Agram,NIL,LOC,Q1435,Zagreb,"```json {""wikipedia_page"":""Zagreb"", ""wikidata_id"":""Q1435""} ```",17.867813110351562
hidden_test_de_2_sent328,76,84,Budapest,NIL,LOC,Q1781,Budapest,,22.862529754638672
hidden_test_de_2_sent328,101,105,Arco,NIL,LOC,Q138473,Arco,"```json {""wikipedia_page"": ""Arco"", ""wikidata_id"": ""Q138473""} ```",20.992603302001953
hidden_test_de_2_sent328,107,112,Meran,NIL,LOC,Q131605,Meran,,25.593557357788086
hidden_test_de_2_sent328,114,124,Inns¬bruck,NIL,LOC,Q1735,Innsbruck,,23.633808135986328
hidden_test_de_2_sent328,126,136,Klagenfurt,NIL,LOC,Q41753,Klagenfurt am Wörthersee,,24.834327697753906
hidden_test_de_2_sent328,142,149,Marburg,NIL,LOC,Q1010,Maribor,,22.173799514770508
hidden_test_de_2_sent328,151,157,Leoben,NIL,LOC,Q485294,Leoben,,23.7628116607666
hidden_test_de_2_sent332,2,6,Graz,NIL,LOC,Q13298,Graz,"```json {""wikipedia_page"":""Graz"", ""wikidata_id"":""Q13298""} ```",9.22567081451416
hidden_test_de_2_sent332,8,14,Leoben,NIL,LOC,Q485294,Leoben,"```json {""wikipedia_page"": ""Leoben"", ""wikidata_id"": ""Q485294""} ```",12.442173957824707
hidden_test_de_2_sent332,15,26,Vordernberg,NIL,LOC,Q876380,Vordernberg,"```json {""wikipedia_page"": ""Vordernberg"", ""wikidata_id"": ""Q876380""} ```",15.841586112976074
hidden_test_de_2_sent337,55,63,Hainfeld,NIL,LOC,Q671275,Hainfeld,"```json {""wikipedia_page"":""Hainfeld"", ""wikidata_id"":""Q671275""} ```",12.19050121307373
hidden_test_de_2_sent337,65,71,Aspang,NIL,LOC,Q683242,Aspang-Markt,"```json {""wikipedia_page"":""Aspang-Markt"", ""wikidata_id"":""Q683242""} ```",9.59693717956543
hidden_test_de_2_sent341,2,8,Triest,NIL,LOC,Q546,Triest,,22.762048721313477
hidden_test_de_2_sent341,10,14,Görz,NIL,LOC,Q6596,Gorizia,"```json {""wikipedia_page"": ""Gorizia"", ""wikidata_id"": ""Q6596""} ```",19.519498825073242
hidden_test_de_2_sent341,16,24,Vene¬dig,NIL,LOC,Q641,Venedig,"```json {""wikipedia_page"":""Venedig"", ""wikidata_id"":""Q641""} ```",18.37631607055664
hidden_test_de_2_sent341,26,30,Pola,NIL,LOC,Q4656,Pula,"```json {""wikipedia_page"": ""Pula"", ""wikidata_id"": ""Q4656""} ```",15.603029251098633
hidden_test_de_2_sent341,32,39,Rovigno,NIL,LOC,Q5316,Rovinj,"```json {""wikipedia_page"":""Rovinj"", ""wikidata_id"":""Q5316""} ```",20.845552444458008
hidden_test_de_2_sent341,48,54,Sissek,NIL,LOC,Q192119,Sisak,"```json {""wikipedia_page"":""Sisak"", ""wikidata_id"":""Q192119""} ```",17.919116973876953
hidden_test_de_2_sent341,55,60,Agram,NIL,LOC,Q1435,Zagreb,"```json {""wikipedia_page"": ""Zagreb"", ""wikidata_id"": ""Q1435""} ```",14.053536415100098
hidden_test_de_2_sent341,62,73,Radkersburg,NIL,LOC,Q698465,Bad Radkersburg,"```json {""wikipedia_page"": ""Bad Radkersburg"", ""wikidata_id"": ""Q698465""} ```",17.96122932434082
hidden_test_de_2_sent341,75,82,Köflach,NIL,LOC,Q550434,Köflach,"```json {""wikipedia_page"":""Köflach"", ""wikidata_id"":""Q550434""} ```",20.27684783935547
hidden_test_de_2_sent341,84,88,Wies,NIL,LOC,Q672707,Wies,"``` {""wikipedia_page"":""Wies"",""wikidata_id"":""Q672707""} ```",17.77642822265625
hidden_test_de_2_sent341,89,95,Stainz,NIL,LOC,Q685128,Stainz,"```json {""wikipedia_page"":""Stainz"", ""wikidata_id"":""Q685128""} ```",17.332807540893555
hidden_test_de_2_sent341,97,108,Vordernberg,NIL,LOC,Q876380,Vordernberg,"```json {""wikipedia_page"":""Vordernberg"", ""wikidata_id"":""Q876380""} ```",20.385650634765625
hidden_test_de_2_sent341,110,116,Leoben,NIL,LOC,Q485294,Leoben,,21.543161392211914
hidden_test_de_2_sent345,2,11,Oedenburg,NIL,LOC,Q293933,Ödenburg (Oberstetten),"```json {""wikipedia_page"":""Ödenburg (Oberstetten)"", ""wikidata_id"":""Q293933""} ```",12.513842582702637
hidden_test_de_2_sent349,14,18,Graz,NIL,LOC,Q13298,Graz,"```json {""wikipedia_page"":""Graz"", ""wikidata_id"":""Q13298""} ```",15.20573616027832
hidden_test_de_2_sent353,2,10,Sarajevo,NIL,LOC,Q11194,Sarajevo,"```json {""wikipedia_page"":""Sarajevo"", ""wikidata_id"":""Q11194""} ```",18.40764617919922
hidden_test_de_2_sent353,12,18,Essegg,NIL,LOC,Q1640,Osijek,"```json {""wikipedia_page"":""Osijek"", ""wikidata_id"":""Q1640""} ```",17.004180908203125
hidden_test_de_2_sent353,19,24,Agram,NIL,LOC,Q1435,Zagreb,"```json { ""wikipedia_page"": ""Zagreb"", ""wikidata_id"": ""Q1435"" } ```",17.698881149291992
hidden_test_de_2_sent353,26,34,Budapest,NIL,LOC,Q1781,Budapest,"```json {""wikipedia_page"":""Budapest"", ""wikidata_id"":""Q1781""} ```",19.94375991821289
hidden_test_de_2_sent353,36,43,Kanizsa,NIL,LOC,Q14424,Nagykanizsa,"```json {""wikipedia_page"":""Nagykanizsa"", ""wikidata_id"":""Q14424""} ```",18.754077911376953
hidden_test_de_2_sent353,45,58,Pakrácz=Lipik,NIL,LOC,Q398115,Pakrac,"```json {""wikipedia_page"":""Pakrac"", ""wikidata_id"":""Q398115""} ```",15.03923511505127
hidden_test_de_2_sent353,76,86,Gutenstein,NIL,LOC,Q663658,Gutenstein,"```json {""wikipedia_page"": ""Gutenstein"", ""wikidata_id"": ""Q663658""} ```",17.39333724975586
hidden_test_de_2_sent357,2,8,Triest,NIL,LOC,Q546,Triest,,24.554967880249023
hidden_test_de_2_sent357,16,20,Pola,NIL,LOC,Q2661670,Bezirk Pola,"```json {""wikipedia_page"":""Bezirk Pola"", ""wikidata_id"":""Q2661670""} ```",12.429890632629395
hidden_test_de_2_sent357,21,28,Rovigno,NIL,LOC,Q5316,Rovinj,,23.080717086791992
hidden_test_de_2_sent357,30,35,Fiume,NIL,LOC,Q1647,Rijeka,"```json {""wikipedia_page"": ""Rijeka"", ""wikidata_id"": ""Q1647""} ```",20.583404541015625
hidden_test_de_2_sent357,67,75,Gonobitz,NIL,LOC,Q853751,Bezirk Gonobitz,,21.70142364501953
hidden_test_de_2_sent357,77,84,Villach,NIL,LOC,Q483522,Villach,,23.169971466064453
hidden_test_de_2_sent357,85,95,Klagenfurt,NIL,LOC,Q41753,Klagenfurt am Wörthersee,,21.87468147277832
hidden_test_de_2_sent357,97,106,Wolfsberg,NIL,LOC,Q487527,Wolfsberg,,24.55306625366211
hidden_test_de_2_sent357,119,126,Köflach,NIL,LOC,Q550434,Köflach,,23.48804473876953
hidden_test_de_2_sent361,2,9,Venedig,NIL,LOC,Q641,Venedig,"```json {""wikipedia_page"":""Venedig"", ""wikidata_id"":""Q641""} ```",18.91777229309082
hidden_test_de_2_sent361,27,32,Bozen,NIL,LOC,Q6526,Bozen,"```json {""wikipedia_page"":""Bozen"", ""wikidata_id"":""Q6526""} ```",20.32007598876953
hidden_test_de_2_sent361,34,39,Meran,NIL,LOC,Q131605,Meran,,24.895639419555664
hidden_test_de_2_sent361,41,45,Arco,NIL,LOC,Q138473,Arco,"```json {""wikipedia_page"":""Arco"", ""wikidata_id"":""Q138473""} ```",20.74395179748535
hidden_test_de_2_sent361,47,57,Inns¬bruck,NIL,LOC,Q1735,Innsbruck,,23.701196670532227
hidden_test_de_2_sent361,59,65,Leoben,NIL,LOC,Q485294,Leoben,,26.056396484375
hidden_test_de_2_sent361,67,78,Vordernberg,NIL,LOC,Q876380,Vordernberg,,24.78035545349121
hidden_test_de_2_sent362,44,48,Wien,NIL,LOC,Q1741,Wien,"```json {""wikipedia_page"":""Wien"", ""wikidata_id"":""Q1741""} ```",19.427703857421875
hidden_test_de_2_sent362,64,68,Wien,NIL,LOC,Q1741,Wien,"```json {""wikipedia_page"":""Wien"", ""wikidata_id"":""Q1741""} ```",14.647109985351562
hidden_test_de_2_sent362,91,95,Wien,NIL,LOC,Q1741,Wien,"```json {""wikipedia_page"":""Wien"", ""wikidata_id"":""Q1741""} ```",18.453956604003906
hidden_test_de_2_sent362,104,108,Wien,NIL,LOC,Q1741,Wien,"```json {""wikipedia_page"": ""Wien"", ""wikidata_id"": ""Q1741""} ```",17.262901306152344
hidden_test_de_2_sent362,121,128,Cormons,NIL,LOC,Q53124,Cormòns,"```json {""wikipedia_page"":""Cormòns"", ""wikidata_id"":""Q53124""} ```",20.023805618286133
hidden_test_de_2_sent362,133,137,Wien,NIL,LOC,Q1741,Wien,"```json {""wikipedia_page"":""Wien"", ""wikidata_id"":""Q1741""} ```",14.487983703613281
hidden_test_de_2_sent363,523,531,Wien I/1,Q1741,LOC,Q267329,Innere Stadt,"```json {""wikipedia_page"":""Innere Stadt"", ""wikidata_id"":""Q267329""} ```",11.923124313354492
hidden_test_de_2_sent370,823,831,Vereines,Q1125001,ORG,Q988108,Verein,"```json {""wikipedia_page"": ""Verein"", ""wikidata_id"": ""Q988108""} ```",19.635555267333984
hidden_test_de_2_sent370,1012,1018,Verein,Q1125001,ORG,Q988108,Verein,,21.74264907836914
hidden_test_de_2_sent372,0,50,Druck= und Verlagsanstalt „Vorwärts“ Swoboda & Co.,NIL,ORG,Q1559059,Vorwärts-Verlag,"```json {""wikipedia_page"":""Vorwärts-Verlag"", ""wikidata_id"":""Q1559059""} ```",18.09994125366211
hidden_test_de_7_sent0,42,57,Neueste Zeitung,NIL,PROD,Q1258974,Neue Osnabrücker Zeitung,,35.246822357177734
hidden_test_de_7_sent1,34,72,Wagner'sche Universitäts=Buchdruckerei,NIL,ORG,Q105637357,Obere Druckerei (Bern),,24.49901008605957
hidden_test_de_7_sent1,74,87,Erlerstraße 5,NIL,LOC,Q1687527,Liste der Straßen in Innsbruck,,24.455028533935547
hidden_test_de_7_sent1,117,127,KarlPaulin,NIL,PER,Q111001,Carl Pauli,,25.634082794189453
hidden_test_de_7_sent1,129,142,Erlerstraße 5,NIL,LOC,Q674755,Arlbergstraße,,23.570919036865234
hidden_test_de_7_sent1,181,194,Rudolf Wagner,NIL,PER,Q1420438,Rudolf Wagner,,32.83477020263672
hidden_test_de_7_sent1,196,209,Erlerstraße 5,NIL,LOC,Q1687527,Liste der Straßen in Innsbruck,,24.59292984008789
hidden_test_de_7_sent2,8,41,illustr. Monatsschrift „Bergland“,NIL,PROD,Q1658930,Illustrirte Zeitung,"```json {""wikipedia_page"":""Illustrirte Zeitung"", ""wikidata_id"":""Q1658930""} ```",12.462911605834961
hidden_test_de_7_sent8,0,11,Deutschland,Q1206012,LOC,Q183,Deutschland,"```json {""wikipedia_page"":""Deutschland"", ""wikidata_id"":""Q183""} ```",14.504096031188965
hidden_test_de_7_sent15,41,84,Oesterreichische Anzeigen=Gesellschaft A.=G,NIL,ORG,Q2648769,Allgemeine Anzeigen GmbH,"```json {""wikipedia_page"": ""Allgemeine Anzeigen GmbH"", ""wikidata_id"": ""Q2648769""} ```",14.066290855407715
hidden_test_de_7_sent15,86,108,"Wien, I. Brandstätte 8",Q898311,LOC,NIL,"Wien, I. Brandstätte 8",no,0
hidden_test_de_7_sent15,118,127,U 22=5=95,NIL,LOC,Q876044,Telefonvorwahl,"```json {""wikipedia_page"": ""Telefonvorwahl"", ""wikidata_id"": ""Q876044""} ```",7.401000022888184
hidden_test_de_7_sent16,26,56,"Wien, I., Elisabethstraße 9/II",Q19279071,LOC,Q1741,Wien,"```json {""wikipedia_page"":""Wien"", ""wikidata_id"":""Q1741""} ```",19.426803588867188
hidden_test_de_7_sent20,25,36,Oesterreich,Q518101,LOC,Q40,Österreich,,26.88684844970703
hidden_test_de_7_sent22,999,1011,Oesterreichs,Q518101,LOC,Q40,Österreich,,25.282920837402344
hidden_test_de_7_sent23,172,184,Oester¬reich,Q518101,LOC,Q40,Österreich,,26.756351470947266
hidden_test_de_7_sent23,692,705,N. S. D. A. P,Q7320,ORG,Q62060558,Nationalsozialistische Deutsche Arbeiterpartei Österreichs – Hitlerbewegung,"```json {""wikipedia_page"": ""Nationalsozialistische Deutsche Arbeiterpartei Österreichs – Hitlerbewegung"", ""wikidata_id"": ""Q62060558""} ```",12.520051002502441
hidden_test_de_7_sent24,176,187,Oesterreich,Q518101,LOC,Q40,Österreich,,25.934207916259766
hidden_test_de_7_sent25,445,456,Oesterreich,Q518101,LOC,Q40,Österreich,,28.5512752532959
hidden_test_de_7_sent25,787,799,Oesterreichs,Q518101,LOC,Q40,Österreich,,22.75871467590332
hidden_test_de_7_sent25,971,983,Oesterreichs,Q518101,LOC,Q40,Österreich,,25.63895606994629
hidden_test_de_7_sent28,227,231,Wien,Q1741,LOC,NIL,Wien,no,0
hidden_test_de_7_sent29,42,67,BundeskanzlersDr. Dollfuß,Q11734,PER,Q1006398,Bundeskanzler,"```json {""wikipedia_page"": ""Bundeskanzler"", ""wikidata_id"": ""Q1006398""} ```",16.624635696411133
hidden_test_de_7_sent31,4,15,Ministerrat,NIL,ORG,Q7188,Regierung,"```json {""wikipedia_page"": ""Regierung"", ""wikidata_id"": ""Q7188""} ```",14.603994369506836
hidden_test_de_7_sent31,139,156,Heeresministerium,Q872173,ORG,Q1788820,Verteidigungsministerium,,23.636154174804688
hidden_test_de_7_sent31,248,259,Ministerrat,NIL,ORG,Q2139657,Reichsregierung,"```json {""wikipedia_page"":""Reichsregierung"", ""wikidata_id"":""Q2139657""} ```",13.299877166748047
hidden_test_de_7_sent31,397,422,frei¬willigen Schutzkorps,Q1454936,ORG,Q156611,Freikorps,,23.801570892333984
hidden_test_de_7_sent31,518,529,Schutzkorps,Q1454936,ORG,Q156611,Freikorps,,21.511035919189453
hidden_test_de_7_sent31,795,807,Schutz¬korps,Q1454936,ORG,Q15276646,,,21.450054168701172
hidden_test_de_7_sent34,420,447,Amtlichen Nachrichtenstelle,NIL,ORG,Q192283,Nachrichtenagentur,,21.962688446044922
hidden_test_de_7_sent34,971,982,Oesterreich,Q518101,LOC,Q40,Österreich,,26.918590545654297
hidden_test_de_7_sent35,91,102,Oesterreich,Q518101,LOC,Q40,Österreich,,29.396526336669922
hidden_test_de_7_sent35,491,502,Oesterreich,Q518101,LOC,Q40,Österreich,,26.498580932617188
hidden_test_de_7_sent83,76,105,"Innsbruck, Sterzingerstraße 6",NIL,LOC,Q1735,Innsbruck,,23.075674057006836
hidden_test_de_7_sent88,44,120,Grazer Waggon- und Maschinenfabriks - Actiengesellschaftvormals Joh. Weitzer,NIL,ORG,Q1544114,Grazer Maschinen- und Waggonbau-Aktiengesellschaft,,25.72484588623047
hidden_test_de_7_sent88,170,183,Viktor Stibal,NIL,PER,Q2524353,Viktor Pipal,,25.640750885009766
hidden_test_de_7_sent90,26,40,A. Sachsenheim,NIL,ORG,Q61920,Sachsenheim,,21.74439811706543
hidden_test_de_7_sent94,92,117,"Wien, VIII, Langegasse 65",NIL,LOC,Q1741,Wien,"```json {""wikipedia_page"":""Wien"", ""wikidata_id"":""Q1741""} ```",14.815176010131836
hidden_test_de_7_sent94,188,200,Stiftskeller,NIL,LOC,Q877651,St. Peter Stiftskeller,"```json {""wikipedia_page"":""St. Peter Stiftskeller"", ""wikidata_id"":""Q877651""} ```",11.67528247833252
hidden_test_de_7_sent94,298,309,R. Riedmann,NIL,PER,Q12354706,Rudolf Riemann,,23.728862762451172
hidden_test_de_8_sent5,0,7,"Krakau,",Q31487,LOC,NIL,"Krakau,",No.,0
hidden_test_de_8_sent6,686,694,Alvernia,NIL,LOC,Q983896,Alwernia,,24.587234497070312
hidden_test_de_8_sent14,42,79,"Il., Karmelitermarkt,Leopoldsgasse 51",Q1734069,LOC,NIL,"Il., Karmelitermarkt,Leopoldsgasse 51",no,0
hidden_test_de_8_sent17,50,58,Dürnbach,Q673446,LOC,Q108940707,Dürnbach,,27.229949951171875
hidden_test_de_8_sent17,82,91,Peisching,Q673446,LOC,Q60333836,Peisching,,27.49186134338379
hidden_test_de_8_sent17,320,328,Dürnbach,Q673446,LOC,Q108940707,Dürnbach,,25.561203002929688
hidden_test_de_8_sent19,239,263,2. Bezirk. Asperngasse 5,NIL,LOC,Q2122363,Quartier Belvedere,,21.517492294311523
hidden_test_de_8_sent19,319,340,"Wien, Nußdorferstraße",NIL,LOC,Q89779506,Nussdorfer Straße,"```json {""wikipedia_page"":""Nussdorfer Straße"", ""wikidata_id"":""Q89779506""} ```",17.64834976196289
hidden_test_de_8_sent26,38,53,Alexanderstraße,Q60457793,LOC,NIL,Alexanderstraße,no,0
hidden_test_de_8_sent33,395,410,Alexanderstraße,Q60457793,LOC,Q152783,Alexanderplatz,"```json {""wikipedia_page"":""Alexanderplatz"", ""wikidata_id"":""Q152783""} ```",14.864115715026855
hidden_test_de_8_sent47,75,91,Austro=Americana,Q609449,ORG,Q303344,Österreichische Handelsmarine,"```json {""wikipedia_page"":""Österreichische Handelsmarine"", ""wikidata_id"":""Q303344""} ```",17.76951026916504
hidden_test_de_8_sent48,179,195,Sankt Bartholomä,NIL,LOC,Q687561,Sankt Bartholomä,"```json {""wikipedia_page"": ""Sankt Bartholomä"", ""wikidata_id"": ""Q687561""} ```",11.407954216003418
hidden_test_de_8_sent54,67,74,Amerika,Q828,LOC,Q30,Vereinigte Staaten,"```json {""wikipedia_page"": ""Vereinigte Staaten"", ""wikidata_id"": ""Q30""} ```",19.72861099243164
hidden_test_de_8_sent56,116,138,„Feuerspritzenhauses“.,NIL,LOC,Q22616,Feuerbachhaus,"```json {""wikipedia_page"":""Feuerbachhaus"", ""wikidata_id"":""Q22616""} ```",7.534860134124756
hidden_test_de_8_sent57,160,198,Haus Nr. 31 der Unteren Augartenstraße,NIL,LOC,Q1644991,Liste der Straßennamen von Wien/Alsergrund,,26.67884063720703
hidden_test_de_8_sent57,215,235,"„Feuerspritzenhaus“,",NIL,LOC,Q57016005,Spritzenhaus Lübbenau,"```json {""wikipedia_page"":""Spritzenhaus Lübbenau"", ""wikidata_id"":""Q57016005""} ```",13.30392837524414
hidden_test_de_8_sent57,371,384,Leopoldsgasse,NIL,LOC,Q1852628,Liste der Straßennamen von Wien/Leopoldstadt,,30.48822021484375
hidden_test_de_8_sent58,185,203,Feuerspritzenhause,NIL,LOC,Q1195942,Feuerwehrhaus,"```json {""wikipedia_page"": ""Feuerwehrhaus"", ""wikidata_id"": ""Q1195942""} ```",16.477460861206055
hidden_test_de_8_sent58,238,255,Thekla Hegerhorst,NIL,PER,Q2416590,Thekla Skorra,,26.141246795654297
hidden_test_de_8_sent58,309,325,Johann Frauscher,NIL,PER,Q30086225,Johann Hinrich Köser,,27.213911056518555
hidden_test_de_8_sent336,74,79,4055.,NIL,LOC,Q62693,Telefonvorwahl,"```json {""wikipedia_page"":""Telefonvorwahl"", ""wikidata_id"":""Q62693""} ```",6.201870918273926
hidden_test_de_8_sent337,77,118,"S. SalzerI., Himmelpfortgasse 3,Mezzanin.",Q20796779,LOC,NIL,"S. SalzerI., Himmelpfortgasse 3,Mezzanin.",No.,0
hidden_test_de_8_sent341,72,78,Gisela,NIL,PER,Q231871,Gisela von Österreich,,26.505708694458008
hidden_test_de_8_sent341,83,94,Marie Locke,NIL,PER,Q18674126,,,26.20562744140625
hidden_test_de_8_sent344,0,14,Therese Gritti,NIL,PER,Q1052374,Dori Ghezzi,,25.711868286132812
hidden_test_de_8_sent345,160,171,Oesterreich,Q28513,LOC,Q40,Österreich,,28.036453247070312
hidden_test_de_8_sent346,6,17,Otto Trömel,NIL,PER,Q75898,Otto Krümmel,,26.326566696166992
hidden_test_de_8_sent347,54,78,TegernseerBauerntheaters,NIL,ORG,Q23787672,Tegernseer Volkstheater,,26.81485939025879
hidden_test_de_8_sent364,0,55,Raimund=Theater.Xaver Terofals SchlierscerBauerntheater,NIL,ORG,Q688568,Raimundtheater,"```json {""wikipedia_page"":""Raimundtheater"", ""wikidata_id"":""Q688568""} ```",10.538599014282227
hidden_test_de_8_sent370,10,29,Exl's Tiroler=Bühne,NIL,ORG,Q1383965,Exl-Bühne,,21.564231872558594
hidden_test_de_8_sent400,17,32,VerlagOtto & Co,NIL,ORG,Q1253828,Dr. C. Otto & Comp.,"```json {""wikipedia_page"":""Dr. C. Otto & Comp."", ""wikidata_id"":""Q1253828""} ```",17.207277297973633
hidden_test_de_8_sent403,0,43,Oesterreichische Waffenfabriks-Gesellschaft,NIL,ORG,Q306012,Österreichische Waffenfabriks-Gesellschaft,,23.204172134399414
hidden_test_de_8_sent403,47,76,Steyr.Auto-TechnikumStuttgart,Q1022,LOC,Q41358,Steiermark,,21.506208419799805
hidden_test_de_8_sent409,288,329,"Jakob Rothbergen1. Bez., Stephansplatz 9.",Q701662,LOC,NIL,"Jakob Rothbergen1. Bez., Stephansplatz 9.",no,0
hidden_test_de_8_sent413,9,349,"I., Wipplingerstr. 12.II., Taborstrasse 28.III., Hauptstrasse 36.IV., Margaretenstrasse 4.V., Schönbrunnerstr. 91.VI., Gumpendorferstr. 93.VII., Mariahilferstr. 74 b.VII., Neubaugasse 72.VII. , Lerchenfelderstr. VIII., Josefstädterstr. 73###VIII., Alserstrasse 45.IX., NussdorferstrasseXVIII., Währingerstr. 1###XX., Wallensteinstrasse 2###",Q24073580,LOC,NIL,"I., Wipplingerstr. 12.II., Taborstrasse 28.III., Hauptstrasse 36.IV., Margaretenstrasse 4.V., Schönbrunnerstr. 91.VI., Gumpendorferstr. 93.VII., Mariahilferstr. 74 b.VII., Neubaugasse 72.VII. , Lerchenfelderstr. VIII., Josefstädterstr. 73###VIII., Alserstrasse 45.IX., NussdorferstrasseXVIII., Währingerstr. 1###XX., Wallensteinstrasse 2###",no,0
hidden_test_de_8_sent422,34,49,Julius Hoitasch,NIL,PER,Q1712865,Julius Oldach,,24.32292938232422
hidden_test_de_8_sent422,51,74,"Göding Nr. 14, (Mähren)",Q321778,LOC,NIL,"Göding Nr. 14, (Mähren)",No.,0
hidden_test_de_8_sent435,8,22,Gottlieb Voith,NIL,PER,Q126944,Voith,,25.442798614501953
hidden_test_de_8_sent435,24,36,"Wien, III/1.",Q519552,LOC,Q267329,Innere Stadt,"```json {""wikipedia_page"": ""Innere Stadt"", ""wikidata_id"": ""Q267329""} ```",11.597732543945312
hidden_test_de_8_sent441,15,65,"Waldheim’s ApothelWien, I., Himmelpfortgasse 14 K.",Q20796779,LOC,NIL,"Waldheim’s ApothelWien, I., Himmelpfortgasse 14 K.",no.,0
hidden_test_de_8_sent441,93,107,N. Eisenmenger,NIL,PER,Q83562888,Einzinger,,26.69938850402832
hidden_test_de_8_sent441,109,155,"Buchdruckerei und Zeitungsverlag G, Davis & Co",NIL,ORG,Q25104576,,,21.369220733642578
hidden_test_de_10_sent0,66,99,"Kolowrat-Ring, Fichtegasse Nr. 11",NIL,LOC,Q1792117,Kundratstraße,"```json {""wikipedia_page"":""Kundratstraße"", ""wikidata_id"":""Q1792117""} ```",14.31402587890625
hidden_test_de_10_sent2,33,53,Haasenstein & Vogler,NIL,ORG,Q56322697,Haasenstein & Vogler,"```json {""wikipedia_page"":""Haasenstein & Vogler"", ""wikidata_id"":""Q56322697""} ```",17.529922485351562
hidden_test_de_10_sent16,6,14,Preussen,Q38872,LOC,Q27306,Königreich Preußen,"```json {""wikipedia_page"":""Königreich Preußen"", ""wikidata_id"":""Q27306""} ```",12.769682884216309
hidden_test_de_10_sent33,0,19,Donaufürstenthünmer,Q627527,LOC,NIL,Donaufürstenthünmer,no,0
hidden_test_de_10_sent35,5,12,Italien,Q172579,LOC,Q38,Italien,"```json {""wikipedia_page"":""Italien"", ""wikidata_id"":""Q38""} ```",6.324971675872803
hidden_test_de_10_sent38,5,15,Frankreich,Q70802,LOC,Q142,Frankreich,"```json {""wikipedia_page"":""Frankreich"", ""wikidata_id"":""Q142""} ```",17.9696102142334
hidden_test_de_10_sent40,5,18,Auguste Ammel,NIL,PER,Q28338349,Augustin Handle,,22.086139678955078
hidden_test_de_10_sent40,34,49,G. A. Alexandre,NIL,PER,Q2958374,Charles Alexandre,"```json {""wikipedia_page"": ""Charles Alexandre"", ""wikidata_id"": ""Q2958374""} ```",20.33896827697754
hidden_test_de_10_sent40,85,93,A. Havas,Q516033,ORG,Q2871217,Auguste Havas,"```json {""wikipedia_page"": ""Auguste Havas"", ""wikidata_id"": ""Q2871217""} ```",17.31191062927246
hidden_test_de_10_sent43,5,13,Spa¬nien,Q497777,LOC,Q29,Spanien,"```json {""wikipedia_page"":""Spanien"", ""wikidata_id"":""Q29""} ```",12.779439926147461
hidden_test_de_10_sent43,16,24,Portugal,Q45670,LOC,Q45,Portugal,"```json {""wikipedia_page"": ""Portugal"", ""wikidata_id"": ""Q45""} ```",10.210468292236328
hidden_test_de_10_sent46,5,12,England,Q21,LOC,Q179876,Königreich England,"```json {""wikipedia_page"":""Königreich England"", ""wikidata_id"":""Q179876""} ```",8.309083938598633
hidden_test_de_10_sent48,19,34,91. London-Wall,NIL,LOC,Q60308,London Wall,"```json {""wikipedia_page"":""London Wall"", ""wikidata_id"":""Q60308""} ```",8.791413307189941
hidden_test_de_10_sent49,16,52,"110 Leadenhall-Street E. C., Lon¬don",NIL,LOC,Q866797,Leadenhall Street,"```json {""wikipedia_page"": ""Leadenhall Street"", ""wikidata_id"": ""Q866797""} ```",11.689242362976074
hidden_test_de_10_sent50,68,79,Nordamerika,Q49,LOC,Q248452,Britisch-Nordamerika,"```json {""wikipedia_page"":""Britisch-Nordamerika"", ""wikidata_id"":""Q248452""} ```",9.124086380004883
hidden_test_de_10_sent53,5,15,E. Steiger,Q16059368,PER,NIL,E. Steiger,"```json {""wikipedia_page"":"""",""wikidata_id"":""""} ```",0
hidden_test_de_10_sent53,16,53,22 and 24 Frankfort Street in Newyork,NIL,LOC,Q769100,52nd Street,,22.095502853393555
hidden_test_de_10_sent54,55,61,Mexico,Q96,LOC,Q170603,Vizekönigreich Neuspanien,"```json {""wikipedia_page"": ""Vizekönigreich Neuspanien"", ""wikidata_id"": ""Q170603""} ```",11.094820022583008
hidden_test_de_10_sent54,111,118,Spanien,Q497777,LOC,Q80702,Spanisches Kolonialreich,"```json {""wikipedia_page"": ""Spanisches Kolonialreich"", ""wikidata_id"": ""Q80702""} ```",13.200821876525879
hidden_test_de_10_sent54,132,136,Köln,Q365,LOC,Q60960701,Hauptpost Köln,"```json {""wikipedia_page"":""Hauptpost Köln"", ""wikidata_id"":""Q60960701""} ```",11.855161666870117
hidden_test_de_10_sent55,10,16,Türkei,Q12560,LOC,NIL,Türkei,No.,0
hidden_test_de_10_sent55,18,30,Griechenland,Q209065,LOC,Q41,Griechenland,"```json {""wikipedia_page"": ""Griechenland"", ""wikidata_id"": ""Q41""} ```",16.011699676513672
hidden_test_de_10_sent55,31,38,Egypten,Q142913,LOC,NIL,Egypten,No,0
hidden_test_de_10_sent58,4,27,nordamerikanische Union,Q30,LOC,NIL,nordamerikanische Union,no.,0
hidden_test_de_10_sent59,63,70,England,Q21,LOC,NIL,England,no,0
hidden_test_de_10_sent59,434,440,Mexico,Q170603,LOC,Q96,Mexiko,"```json {""wikipedia_page"": ""Mexiko"", ""wikidata_id"": ""Q96""} ```",15.070045471191406
hidden_test_de_10_sent62,67,75,Richmond,Q43421,LOC,NIL,Richmond,No,0
hidden_test_de_10_sent62,133,139,Mexico,Q371334,LOC,Q96,Mexiko,"```json {""wikipedia_page"":""Mexiko"", ""wikidata_id"":""Q96""} ```",18.619916915893555
hidden_test_de_10_sent96,314,321,Alabama,Q173,LOC,Q591829,Alabamafrage,"```json {""wikipedia_page"": ""Alabamafrage"", ""wikidata_id"": ""Q591829""} ```",10.80192756652832
hidden_test_de_10_sent96,361,371,Washington,Q61,LOC,Q103495,Weltkrieg,"```json {""wikipedia_page"":""Weltkrieg"", ""wikidata_id"":""Q103495""} ```",13.799317359924316
hidden_test_de_10_sent97,275,285,Frankreich,Q58296,LOC,Q142,Frankreich,,22.35572052001953
hidden_test_de_10_sent99,466,477,Neu=England,Q18389,LOC,NIL,Neu=England,No.,0
hidden_test_de_10_sent100,119,126,Italien,Q170174,LOC,Q38,Italien,,21.478012084960938
hidden_test_de_10_sent100,253,256,Rom,Q170174,LOC,Q220,Rom,,22.478626251220703
hidden_test_de_10_sent100,625,633,St. Paul,Q231699,ORG,Q9200,Paulus von Tarsus,,21.644350051879883
hidden_test_de_10_sent100,867,876,Leo¬stadt,Q370350,LOC,NIL,Leo¬stadt,no,0
hidden_test_de_10_sent100,1021,1029,Veronica,Q196653,PER,NIL,Veronica,no.,0
hidden_test_de_10_sent101,55,58,Rom,Q170174,LOC,Q220,Rom,"```json {""wikipedia_page"":""Rom"", ""wikidata_id"":""Q220""} ```",18.43514633178711
hidden_test_de_10_sent104,288,315,nordamerikanischen Republik,Q30,LOC,NIL,nordamerikanischen Republik,no,0
hidden_test_de_10_sent104,687,697,Frankreich,Q70802,LOC,Q142,Frankreich,"```json {""wikipedia_page"": ""Frankreich"", ""wikidata_id"": ""Q142""} ```",21.29134178161621
hidden_test_de_10_sent104,705,712,Spanien,Q497777,LOC,Q29,Spanien,"```json {""wikipedia_page"":""Spanien"", ""wikidata_id"":""Q29""} ```",19.201583862304688
hidden_test_de_10_sent106,0,4,Wien,Q1741,LOC,NIL,Wien,No.,0
hidden_test_de_10_sent108,49,57,St. Paul,Q231699,LOC,NIL,St. Paul,no,0
hidden_test_de_10_sent108,508,511,Rom,Q170174,LOC,Q220,Rom,,24.214229583740234
hidden_test_de_10_sent108,517,527,v. Reumont,Q76150,PER,NIL,v. Reumont,no,0
hidden_test_de_10_sent108,818,867,"Nepot des Papstes, Peter Gae¬tani Graf v. Caserta",Q134646,PER,NIL,"Nepot des Papstes, Peter Gae¬tani Graf v. Caserta",No.,0
hidden_test_de_10_sent109,136,159,Basiliken von St. Peter,Q12512,ORG,Q231699,Sankt Paul vor den Mauern,"```json {""wikipedia_page"":""Sankt Paul vor den Mauern"", ""wikidata_id"":""Q231699""} ```",14.740985870361328
hidden_test_de_10_sent109,163,167,Paul,Q231699,ORG,Q1576990,St. Peter und Paul,"```json {""wikipedia_page"": ""St. Peter und Paul"", ""wikidata_id"": ""Q1576990""} ```",15.140070915222168
hidden_test_de_10_sent109,285,292,Gaetani,Q940238,PER,NIL,Gaetani,No.,0
hidden_test_de_10_sent109,629,649,Papst Bonifaz' VIII.,NIL,PER,Q134646,Bonifatius VIII.,,24.569042205810547
hidden_test_de_10_sent121,64,99,israelitischen Friedhofe zu Währing,Q872769,LOC,NIL,israelitischen Friedhofe zu Währing,no,0
hidden_test_de_10_sent123,111,153,"Medicus, 46 Königsstrasse, Jersey, England",NIL,LOC,Q785,Jersey,"```json {""wikipedia_page"":""Jersey"", ""wikidata_id"":""Q785""} ```",11.009759902954102
hidden_test_de_10_sent126,76,80,Köln,Q365,LOC,Q11805,Erzbistum Köln,"```json {""wikipedia_page"": ""Erzbistum Köln"", ""wikidata_id"": ""Q11805""} ```",16.946557998657227
hidden_test_de_10_sent126,89,94,Posen,Q268,LOC,Q690311,Erzbistum Posen,"```json {""wikipedia_page"":""Erzbistum Posen"", ""wikidata_id"":""Q690311""} ```",11.576936721801758
hidden_test_de_10_sent127,1788,1794,Luther,Q9554,PER,Q75809,Evangelisch-lutherische Kirchen,"```json {""wikipedia_page"": ""Evangelisch-lutherische Kirchen"", ""wikidata_id"": ""Q75809""} ```",15.535431861877441
hidden_test_de_10_sent127,3120,3126,Rochow,NIL,PER,Q1556657,Gustav von Rochow,"```json {""wikipedia_page"":""Gustav von Rochow"", ""wikidata_id"":""Q1556657""} ```",12.261208534240723
hidden_test_de_10_sent128,227,233,Rafael,Q5597,PER,Q6097514,Rafael Llorens Llorens,"```json { ""wikipedia_page"": ""Rafael Llorens Llorens"", ""wikidata_id"": ""Q6097514"" } ```",9.29543685913086
hidden_test_de_10_sent129,749,757,Christus,Q302,PER,NIL,Christus,No.,0
hidden_test_de_10_sent130,427,443,FriedrichWilhelm,NIL,PER,Q152727,Friedrich Wilhelm,,25.591562271118164
hidden_test_de_10_sent146,6,13,Amerika,Q30,LOC,NIL,Amerika,no,0
hidden_test_de_10_sent262,253,261,Lem¬berg,Q36036,LOC,NIL,Lem¬berg,no.,0
hidden_test_de_10_sent262,270,275,Lissa,Q203767,LOC,Q1787384,Kreis Lissa,"```json {""wikipedia_page"": ""Kreis Lissa"", ""wikidata_id"": ""Q1787384""} ```",14.591693878173828
hidden_test_de_10_sent262,363,367,Pola,Q4656,LOC,NIL,Pola,No.,0
hidden_test_de_10_sent262,437,442,Lissa,Q203767,LOC,Q22692636,Lissa,"```json {""wikipedia_page"": ""Lissa"", ""wikidata_id"": ""Q22692636""} ```",14.939467430114746
hidden_test_de_10_sent263,107,113,Irland,Q57695350,LOC,Q27,Irland,,21.541610717773438
hidden_test_de_10_sent263,418,425,Italien,Q172579,LOC,Q38,Italien,,26.041955947875977
hidden_test_de_10_sent263,516,530,Mittel=Italien,Q172579,LOC,Q1127320,Mittelitalien,"```json {""wikipedia_page"": ""Mittelitalien"", ""wikidata_id"": ""Q1127320""} ```",17.827211380004883
hidden_test_de_10_sent274,0,12,Nationalbank,Q670723,ORG,NIL,Nationalbank,no,0
hidden_test_de_10_sent275,4,14,Anglo=Bank,Q1418039,ORG,Q105886527,Anglo-Deutsche Bank,"```json {""wikipedia_page"":""Anglo-Deutsche Bank"", ""wikidata_id"":""Q105886527""} ```",13.224398612976074
hidden_test_de_10_sent276,4,14,Staatsbahn,NIL,ORG,Q2324835,Staatsbahn,"```json {""wikipedia_page"":""Staatsbahn"", ""wikidata_id"":""Q2324835""} ```",19.15839385986328
hidden_test_de_10_sent276,53,68,Karl=Ludwigbahn,Q554551,ORG,Q812251,Bayerische Ludwigsbahn,,23.56621742248535
hidden_test_de_10_sent277,29,40,Vereinsbank,NIL,ORG,Q15805546,Deutsche Vereinsbank,,22.263275146484375
hidden_test_de_10_sent278,33,59,Allgemeine Baugesellschaft,Q1770478,ORG,Q2494460,Union-Baugesellschaft,,24.4921817779541
hidden_test_de_10_sent278,76,98,Wiener Baugesellschaft,NIL,ORG,Q1685630,Wiener Brückenbau und Eisenkonstruktions A. G.,,32.07145690917969
hidden_test_de_10_sent279,12,21,Bauverein,NIL,ORG,Q4986589,Bauverein,"```json {""wikipedia_page"":""Bauverein"", ""wikidata_id"":""Q4986589""} ```",12.028000831604004
hidden_test_de_10_sent282,38,48,Anglo=Bank,Q1418039,ORG,Q105886527,Anglo-Deutsche Bank,"```json {""wikipedia_page"":""Anglo-Deutsche Bank"", ""wikidata_id"":""Q105886527""} ```",12.309303283691406
hidden_test_de_10_sent282,61,83,Hypothekar=Renten¬bank,NIL,ORG,Q1641457,Hypothekenbank,"```json {""wikipedia_page"": ""Hypothekenbank"", ""wikidata_id"": ""Q1641457""} ```",17.052392959594727
hidden_test_de_10_sent282,88,99,Vereinsbank,NIL,ORG,Q15805546,Deutsche Vereinsbank,"```json {""wikipedia_page"": ""Deutsche Vereinsbank"", ""wikidata_id"": ""Q15805546""} ```",17.07440185546875
hidden_test_de_10_sent282,119,129,Staatsbahn,NIL,ORG,Q2324835,Staatsbahn,"```json {""wikipedia_page"":""Staatsbahn"", ""wikidata_id"":""Q2324835""} ```",13.04248332977295
hidden_test_de_10_sent285,115,124,Unionbank,Q63437767,ORG,Q42965621,Böhmische Union-Bank,"```json { ""wikipedia_page"": ""Böhmische Union-Bank"", ""wikidata_id"": ""Q42965621"" } ```",16.82673454284668
hidden_test_de_10_sent285,145,166,Hypothekar=Rentenbank,NIL,ORG,Q16535095,,"```json {""wikipedia_page"": ""Hypotenarbank"", ""wikidata_id"": ""Q16535095""} ```",14.760746955871582
hidden_test_de_10_sent286,0,26,Allgemeine Baugesellschaft,Q1770478,ORG,NIL,Allgemeine Baugesellschaft,no,0
hidden_test_de_10_sent288,0,10,Staatsbahn,NIL,ORG,Q2324835,Staatsbahn,"```json {""wikipedia_page"":""Staatsbahn"", ""wikidata_id"":""Q2324835""} ```",15.327160835266113
hidden_test_de_10_sent289,153,163,Anglo=Bank,Q1418039,ORG,NIL,Anglo=Bank,no,0
hidden_test_de_10_sent290,3,12,Unionbank,Q63437767,ORG,NIL,Unionbank,No.,0
hidden_test_de_10_sent291,4,15,Vereinsbank,NIL,ORG,Q812300,Bayerische Vereinsbank,,24.406848907470703
hidden_test_de_10_sent291,20,41,Hypothekar=Rentenbank,NIL,ORG,Q1641457,Hypothekenbank,"```json {""wikipedia_page"": ""Hypothekenbank"", ""wikidata_id"": ""Q1641457""} ```",19.995746612548828
hidden_test_de_10_sent292,4,34,Italisch=Oesterreichische Bank,NIL,ORG,Q670723,Oesterreichische Nationalbank,,24.825714111328125
hidden_test_de_10_sent292,46,79,Allge¬meine Oesterreichische Bank,NIL,ORG,Q670723,Oesterreichische Nationalbank,,26.378965377807617
hidden_test_de_10_sent296,0,51,Donau=Dampfsch.TramwayVerkehrsbankAustro=Egyptische,NIL,ORG,Q697026,Erste Donau-Dampfschiffahrts-Gesellschaft,"```json {""wikipedia_page"": ""Erste Donau-Dampfschiffahrts-Gesellschaft"", ""wikidata_id"": ""Q697026""} ```",7.172652244567871
hidden_test_de_10_sent304,14,118,WechslerbankNordbahnStaatsbahnSüdbahnElisabethbahnKarl=LudwigbahnTheißbahnPardubitzerNordwestbahnFrankf.,Q1794,LOC,NIL,WechslerbankNordbahnStaatsbahnSüdbahnElisabethbahnKarl=LudwigbahnTheißbahnPardubitzerNordwestbahnFrankf.,no.,0
hidden_test_de_10_sent304,177,185,Napoleon,Q7721,PER,NIL,Napoleon,no,0
hidden_test_de_10_sent325,9,20,WienHambrg.,Q1055,LOC,NIL,WienHambrg.,No,0
hidden_test_de_10_sent327,81,90,Unionbank,Q63437767,ORG,Q6881495,,,27.654232025146484
hidden_test_de_10_sent327,95,106,Vereinsbank,NIL,ORG,Q1681315,Wiener Bankverein,,26.09568977355957
hidden_test_de_10_sent328,4,15,Franco=Bank,NIL,ORG,Q16039471,Banque Hypothécaire Franco-Argentine,"```json {""wikipedia_page"": ""Banque Hypothécaire Franco-Argentine"", ""wikidata_id"": ""Q16039471""} ```",11.511385917663574
hidden_test_de_10_sent330,4,30,Allgemeine Baugesellschaft,Q1770478,ORG,Q21036281,HANSA Baugenossenschaft,,23.433218002319336
hidden_test_de_10_sent330,35,57,Wiener Baugesellschaft,NIL,ORG,Q1779248,Wiener Stadtwerke,,28.14285659790039
hidden_test_de_10_sent332,71,81,Staatsbahn,NIL,ORG,Q2324835,Staatsbahn,"```json {""wikipedia_page"": ""Staatsbahn"", ""wikidata_id"": ""Q2324835""} ```",17.21818733215332
hidden_test_de_10_sent332,93,108,Karl=Ludwigbahn,Q554551,ORG,Q955270,Königslinie,,24.30156898498535
hidden_test_de_10_sent338,3,17,Konstantinopel,Q406,LOC,Q16869,Konstantinopel,"```json {""wikipedia_page"":""Konstantinopel"", ""wikidata_id"":""Q16869""} ```",19.825586318969727
hidden_test_de_10_sent343,3,11,Oesterr.,Q533534,LOC,NIL,Oesterr.,no,0
hidden_test_de_10_sent347,32,51,Anglo=Deutsche Bank,NIL,ORG,Q105886527,Anglo-Deutsche Bank,,23.136951446533203
hidden_test_de_10_sent348,3,19,Wiener Unionbank,Q63437767,ORG,Q1681315,Wiener Bankverein,,23.829853057861328
hidden_test_de_10_sent349,3,38,Deutsche Effecten= und Wechslerbank,Q1202320,ORG,NIL,Deutsche Effecten= und Wechslerbank,no,0
hidden_test_de_10_sent349,67,77,Staatsbahn,NIL,ORG,Q2324835,Staatsbahn,"```json { ""wikipedia_page"": ""Staatsbahn"", ""wikidata_id"": ""Q2324835"" } ```",20.603618621826172
hidden_test_de_10_sent352,1048,1058,österreich,Q533534,LOC,NIL,österreich,No.,0
hidden_test_de_10_sent352,1106,1116,österreich,Q533534,LOC,NIL,österreich,no.,0
hidden_test_de_10_sent352,1162,1172,Staatsbahn,NIL,ORG,Q2324835,Staatsbahn,"```json {""wikipedia_page"":""Staatsbahn"", ""wikidata_id"":""Q2324835""} ```",20.66705322265625
hidden_test_de_10_sent352,1353,1360,Amerika,Q30,LOC,Q828,Amerika,"```json {""wikipedia_page"": ""Amerika"", ""wikidata_id"": ""Q828""} ```",14.112105369567871
hidden_test_de_10_sent354,41,50,Frankfurt,Q1794,LOC,Q704300,Freie Stadt Frankfurt,"```json {""wikipedia_page"":""Freie Stadt Frankfurt"", ""wikidata_id"":""Q704300""} ```",6.891031265258789
hidden_test_de_10_sent355,0,5,Paris,Q90,LOC,NIL,Paris,no.,0
hidden_test_de_10_sent365,4,19,Banque de Paris,Q3365072,ORG,Q806950,Banque de France,,23.033573150634766
hidden_test_de_10_sent365,26,52,OesterreichischeStaatsbahn,NIL,ORG,Q298969,Österreichisch-ungarische Staatseisenbahngesellschaft,,31.455591201782227
hidden_test_de_10_sent380,72,78,Irland,Q57695350,LOC,Q27,Irland,,22.81463050842285
hidden_test_de_10_sent380,86,93,Italien,Q172579,LOC,Q38,Italien,,27.430191040039062
hidden_test_de_10_sent381,76,86,Hohe Warte,Q876564,LOC,NIL,Hohe Warte,No.,0
hidden_test_de_10_sent390,29,53,Kaiserin von Oesterreich,NIL,ORG,Q150782,Elisabeth von Österreich-Ungarn,"```json {""wikipedia_page"":""Elisabeth von Österreich-Ungarn"", ""wikidata_id"":""Q150782""} ```",13.739938735961914
hidden_test_de_10_sent392,0,21,K. k. Hofburg-Theater,Q45350189,LOC,Q308720,Burgtheater,"```json { ""wikipedia_page"": ""Burgtheater"", ""wikidata_id"": ""Q308720"" } ```",11.233560562133789
hidden_test_de_10_sent393,75,103,G. v. MoserEduard SternMarie,NIL,PER,Q122639,Heinrich Moser,,21.879467010498047
hidden_test_de_10_sent393,115,136,Joseph SommerfeldRose,NIL,PER,Q63165902,Rose Sommer-Leypold,,22.884849548339844
hidden_test_de_10_sent394,5,12,Heisler,NIL,PER,Q21450104,Heissler,"```json {""wikipedia_page"": ""Heissler"", ""wikidata_id"": ""Q21450104""} ```",11.28445053100586
hidden_test_de_10_sent397,4,8,Wüst,NIL,PER,Q105803,Eduard Wüst,"```json {""wikipedia_page"":""Eduard Wüst"", ""wikidata_id"":""Q105803""} ```",4.384851455688477
hidden_test_de_10_sent400,29,37,Lewinsky,Q1707508,PER,Q1822056,Lewinski,,21.899539947509766
hidden_test_de_10_sent401,4,14,Baumeister,NIL,PER,Q1340643,Baumeister,,24.612993240356445
hidden_test_de_10_sent403,4,10,Kupfer,NIL,PER,Q753,Kupfer,"```json {""wikipedia_page"":""Kupfer"", ""wikidata_id"":""Q753""} ```",8.032423973083496
hidden_test_de_10_sent405,1,23,K. k. Hof-Operntheater,Q209937,LOC,Q308720,Burgtheater,"```json {""wikipedia_page"":""Burgtheater"", ""wikidata_id"":""Q308720""} ```",13.016867637634277
hidden_test_de_10_sent407,46,56,F. Gumpert,Q91749,PER,Q87836,Friedrich Gumpert,,35.045814514160156
hidden_test_de_10_sent409,0,18,"Don Diego, Admiral",NIL,PER,Q452379,Diego Kolumbus,"```json {""wikipedia_page"": ""Diego Kolumbus"", ""wikidata_id"": ""Q452379""} ```",11.38885498046875
hidden_test_de_10_sent410,26,35,Siegstädt,Q5741589,PER,NIL,Siegstädt,No.,0
hidden_test_de_10_sent411,18,23,Adams,NIL,PER,Q20015,John Couch Adams,"```json {""wikipedia_page"": ""John Couch Adams"", ""wikidata_id"": ""Q20015""} ```",10.49915599822998
hidden_test_de_10_sent412,0,9,Don Alvar,NIL,PER,Q24008798,Don Álvaro,"```json {""wikipedia_page"":""Don Álvaro"", ""wikidata_id"":""Q24008798""} ```",9.081501007080078
hidden_test_de_10_sent412,14,18,Pirk,NIL,PER,Q61906655,Peter Pirker,"```json {""wikipedia_page"":""Peter Pirker"", ""wikidata_id"":""Q61906655""} ```",9.695719718933105
hidden_test_de_10_sent417,0,23,"=Materne.Anna, Dienerin",NIL,PER,Q2313151,Diener,"```json {""wikipedia_page"":""Diener"", ""wikidata_id"":""Q2313151""} ```",5.5505900382995605
hidden_test_de_10_sent419,20,23,Lay,NIL,PER,Q15825410,Lay,"```json {""wikipedia_page"":""Lay"", ""wikidata_id"":""Q15825410""} ```",13.668399810791016
hidden_test_de_10_sent421,0,20,Wiener Stadt-Theater,Q43436391,LOC,Q2569106,Wiener Stadttheater,,25.55173110961914
hidden_test_de_10_sent424,0,29,"Elisabeth, Königin vonEngland",Q179876,LOC,Q7207,Elisabeth I.,,28.14775276184082
hidden_test_de_10_sent428,70,80,A. Bittner,Q19501972,PER,Q2637657,Albert Bittner,,38.1441650390625
hidden_test_de_10_sent429,0,23,"Ritschler, FlötistLaura",NIL,PER,Q2150483,Richard Rössler,,26.014034271240234
hidden_test_de_10_sent430,4,10,Blasel,Q18221357,PER,NIL,Blasel,No,0
hidden_test_de_10_sent431,50,57,Pichler,NIL,PER,Q18629878,Pichler,,23.616422653198242
hidden_test_de_10_sent431,154,163,Bleibtreu,Q18221370,PER,NIL,Bleibtreu,no,0
hidden_test_de_10_sent433,4,11,Möhring,NIL,PER,Q21513047,Möhring,"```json {""wikipedia_page"":""Möhring"", ""wikidata_id"":""Q21513047""} ```",17.947214126586914
hidden_test_de_10_sent435,4,15,Braunmüller,Q19284507,PER,NIL,Braunmüller,no,0
hidden_test_de_10_sent435,19,26,Kracher,Q21033423,PER,Q28544669,Kraker,"```json {""wikipedia_page"": ""Kraker"", ""wikidata_id"": ""Q28544669""} ```",16.676408767700195
hidden_test_de_10_sent439,27,33,Matras,Q1705232,PER,Q756096,Mátra-Gebirge,"```json {""wikipedia_page"":""Mátra-Gebirge"", ""wikidata_id"":""Q756096""} ```",7.027583122253418
hidden_test_de_10_sent442,4,15,Braunmüller,Q19284507,PER,Q901619,,,21.851539611816406
hidden_test_de_10_sent442,19,26,Nöhring,NIL,PER,Q1698100,Johannes Nöhring,"```json {""wikipedia_page"":""Johannes Nöhring"", ""wikidata_id"":""Q1698100""} ```",17.275211334228516
hidden_test_de_10_sent443,0,13,Robert Dudley,NIL,PER,Q1764693,Robert Dudley,,23.263092041015625
hidden_test_de_10_sent444,0,12,Georg Talbot,NIL,PER,Q1506175,Georg Talbot,,26.413625717163086
hidden_test_de_10_sent444,17,22,Arnau,Q1725524,PER,NIL,Arnau,No.,0
hidden_test_de_10_sent446,0,12,Graf v. Kent,NIL,PER,Q1277321,Earl of Kent,"```json {""wikipedia_page"": ""Earl of Kent"", ""wikidata_id"": ""Q1277321""} ```",16.83004379272461
hidden_test_de_10_sent449,25,31,Senger,Q23061647,PER,Q18625800,Hugo de Senger,"```json {""wikipedia_page"":""Hugo de Senger"", ""wikidata_id"":""Q18625800""} ```",11.623610496520996
hidden_test_de_10_sent450,19,24,Greve,NIL,PER,Q28989,Graf,,25.106769561767578
hidden_test_de_10_sent451,19,23,Saar,NIL,PER,Q153972,Saar,"```json {""wikipedia_page"": ""Saar"", ""wikidata_id"": ""Q153972""} ```",16.950162887573242
hidden_test_de_10_sent457,23,34,Dr. K. Klug,NIL,PER,Q214001,Johann Christoph Friedrich Klug,,21.811704635620117
hidden_test_de_10_sent460,95,107,J. . Parisch,NIL,PER,Q108703758,Guillaume Alexis Paris,,21.53410530090332
hidden_test_de_10_sent461,0,23,Fürst-Theater im Prater,Q1703110,LOC,NIL,Fürst-Theater im Prater,no,0
hidden_test_de_10_sent465,76,86,KarlGörliz,NIL,PER,Q106673878,,,31.20097541809082
hidden_test_de_10_sent467,8,21,Tuchlauben 16,NIL,LOC,Q94395059,Tuchlauben,"```json {""wikipedia_page"":""Tuchlauben"", ""wikidata_id"":""Q94395059""} ```",11.524247169494629
hidden_test_de_10_sent469,1,30,Oesterreichischer Kunstverein,NIL,ORG,Q2011598,Oberösterreichischer Kunstverein,,29.178178787231445
hidden_test_de_10_sent469,38,54,Tuchlauben Nr. 8,NIL,LOC,Q94395059,Tuchlauben,"```json {""wikipedia_page"":""Tuchlauben"", ""wikidata_id"":""Q94395059""} ```",16.06230926513672
hidden_test_de_10_sent471,0,19,Lothringerstrasse 9,Q1852623,LOC,Q110254819,Liste der Baudenkmale in Lüneburg - Ohlingerstraße,,22.369693756103516
hidden_test_de_10_sent473,0,11,CIRCUS RENZ,Q60583150,LOC,Q1092984,Circus Renz,"```json {""wikipedia_page"":""Circus Renz"", ""wikidata_id"":""Q1092984""} ```",19.86553955078125
hidden_test_de_10_sent473,12,40,"Leopoldstadt, Circusgasse 44",NIL,LOC,Q259120,Leopoldstadt,"```json {""wikipedia_page"": ""Leopoldstadt"", ""wikidata_id"": ""Q259120""} ```",17.49321746826172
hidden_test_de_10_sent475,57,62,Hübel,NIL,PER,Q87403167,Nina Hümpel,,21.944019317626953
hidden_test_de_10_sent475,69,74,Heger,NIL,PER,Q40212381,Heger,,21.976177215576172
hidden_test_de_10_sent481,0,17,"E. Renz, Director",Q1359911,PER,NIL,"E. Renz, Director",No.,0
hidden_test_de_10_sent482,0,30,Schwender’sNeue Welt Colosseum,Q1752074,ORG,NIL,Schwender’sNeue Welt Colosseum,no,0
hidden_test_de_10_sent485,0,7,Strauss,Q13894,PER,NIL,Strauss,no,0
hidden_test_de_10_sent488,0,19,Pianoforte - Fabrik,Q697519,ORG,Q2707020,Piano,"```json {""wikipedia_page"":""Piano"", ""wikidata_id"":""Q2707020""} ```",13.410188674926758
hidden_test_de_10_sent488,22,31,J. Becker,Q4081370,PER,Q54199182,,,27.71474838256836
hidden_test_de_11_sent0,362,378,radicalen Partei,Q1282536,ORG,NIL,radicalen Partei,no,0
hidden_test_de_11_sent2,0,28,Oesterreichischer Reichsrath,Q697775,ORG,NIL,Oesterreichischer Reichsrath,no,0
hidden_test_de_11_sent4,75,97,Ministeriums desInnern,Q358589,ORG,Q530845,Reichsministerium des Innern,"```json {""wikipedia_page"":""Reichsministerium des Innern"", ""wikidata_id"":""Q530845""} ```",15.458812713623047
hidden_test_de_11_sent4,355,374,AbgeordneteRutowski,Q9354806,PER,NIL,AbgeordneteRutowski,no,0
hidden_test_de_11_sent4,482,490,Galizien,Q180086,LOC,Q2396442,Königreich Galizien und Lodomerien,"```json {""wikipedia_page"": ""Königreich Galizien und Lodomerien"", ""wikidata_id"": ""Q2396442""} ```",16.453861236572266
hidden_test_de_11_sent4,503,522,Abgeordneten Kaftan,Q13427235,PER,NIL,Abgeordneten Kaftan,No.,0
hidden_test_de_11_sent4,532,537,Funke,Q13423870,PER,NIL,Funke,no,0
hidden_test_de_11_sent4,832,855,Abgeordnete v. For¬cher,Q21685586,PER,NIL,Abgeordnete v. For¬cher,no,0
hidden_test_de_11_sent4,924,942,Abgeordnete Schorn,Q21685564,PER,NIL,Abgeordnete Schorn,No.,0
hidden_test_de_11_sent4,1003,1020,Tiroler Landtags¬,Q1668433,ORG,Q685307,Landtag,"```json {""wikipedia_page"": ""Landtag"", ""wikidata_id"": ""Q685307""} ```",16.10972023010254
hidden_test_de_11_sent7,20,29,Wilbrandt,Q67953,PER,Q120227,Robert Wilbrandt,,22.764514923095703
hidden_test_de_11_sent8,4,13,Wilbrandt,Q67953,PER,Q160714,Willibrord,,25.161954879760742
hidden_test_de_11_sent10,118,127,Wilbrandt,Q67953,PER,NIL,Wilbrandt,no.,0
hidden_test_de_11_sent12,1640,1644,Wien,NIL,LOC,Q1741,Wien,"```json {""wikipedia_page"":""Wien"", ""wikidata_id"":""Q1741""} ```",10.122308731079102
hidden_test_de_11_sent17,210,218,Galizien,NIL,LOC,Q180086,Galizien,"```json {""wikipedia_page"":""Galizien"", ""wikidata_id"":""Q180086""} ```",20.150697708129883
hidden_test_de_11_sent18,409,414,Polen,NIL,LOC,Q2102435,Polnische Fraktion,"```json {""wikipedia_page"": ""Polnische Fraktion"", ""wikidata_id"": ""Q2102435""} ```",8.414953231811523
hidden_test_de_11_sent20,297,303,Petrus,Q33923,PER,NIL,Petrus,No.,0
hidden_test_de_11_sent25,8,30,Dr. Ludwig Stettenheim,NIL,PER,Q98750,Julius Stettenheim,,24.83780288696289
hidden_test_de_11_sent25,149,198,SchlesischeBuchdruckerei vormals S. Schottlaender,NIL,ORG,Q108799485,Schlesische Buchdruckerei,,26.464128494262695
hidden_test_de_11_sent26,769,780,Wilh.Müller,NIL,PER,Q4309993,Wilhelm Müller,"```json {""wikipedia_page"":""Wilhelm Müller"", ""wikidata_id"":""Q4309993""} ```",19.194303512573242
hidden_test_de_11_sent27,43,57,Friedrich Beck,NIL,PER,Q109881335,Franz Beck,,31.757966995239258
hidden_test_de_11_sent27,61,83,"Wien, Augustinerstr. 8",NIL,LOC,Q768709,Augustinerstraße,,22.5540771484375
hidden_test_de_11_sent28,81,98,Bermann & Altmann,NIL,ORG,Q156913,Bertelsmann,,26.839445114135742
hidden_test_de_11_sent28,102,127,"Wien, I., Johannesgasse 2",NIL,LOC,Q1741,Wien,"```json {""wikipedia_page"":""Wien"", ""wikidata_id"":""Q1741""} ```",20.138656616210938
hidden_test_de_11_sent28,141,156,Adolph Werthner,NIL,PER,Q364523,Adolf Werthner,,41.60512161254883
hidden_test_de_11_sent28,220,237,Karl Felix Kohler,Q60815976,PER,Q16937745,Karl Franz Koehler,,34.301483154296875
hidden_test_de_11_sent28,275,289,Reinhold Geyer,NIL,PER,Q5754715,Reinhold Geijer,,29.949914932250977
hidden_test_de_11_sent28,298,340,Pittener Papierfabriks=Actien=Gesellschaft,NIL,ORG,Q686394,Pitten,"```json { ""wikipedia_page"": ""Pitten"", ""wikidata_id"": ""Q686394"" } ```",15.184075355529785
hidden_test_de_12_sent0,53,112,akademischen Medailleurs und Wappengraveurs Josef Klei¬nert,Q60815661,PER,NIL,akademischen Medailleurs und Wappengraveurs Josef Klei¬nert,no.,0
hidden_test_de_12_sent0,125,175,Redakteurs kaiserlichen Rates Karl ErasmusKleinert,Q55674268,PER,NIL,Redakteurs kaiserlichen Rates Karl ErasmusKleinert,No.,0
hidden_test_de_12_sent0,184,224,akademischen Malers Josef Edgar Kleinert,Q60815661,PER,NIL,akademischen Malers Josef Edgar Kleinert,No.,0
hidden_test_de_12_sent0,270,287,Kirche St. Othmar,Q1437098,ORG,Q2036972,Othmarkirche,,22.07982635498047
hidden_test_de_12_sent0,307,383,Chefredakteurstellvertreter der „WienerZeitung“ kaiserlicher Rat Dr. Sträßle,Q55681592,PER,Q589298,Chefredakteur,"```json {""wikipedia_page"": ""Chefredakteurstellvertreter"", ""wikidata_id"": ""Q589298""} ```",20.515356063842773
hidden_test_de_12_sent0,516,560,"SamiSeidl, Seniorchef der Firma Seidl & Back",NIL,PER,Q55095962,Seidel GmbH & Co. KG,,22.457536697387695
hidden_test_de_12_sent3,88,113,StatthaltersBaron Heinold,Q12028681,PER,Q18218259,Statthalterschaft (Schleswig-Holstein),"```json {""wikipedia_page"":""Statthalterschaft (Schleswig-Holstein)"", ""wikidata_id"":""Q18218259""} ```",11.889809608459473
hidden_test_de_12_sent10,0,18,Baronin Bettina N.,NIL,PER,Q57236,Bettina von Arnim,,22.396625518798828
hidden_test_de_12_sent10,69,85,Agenten Dedejan],NIL,PER,Q392651,Agent,"```json {""wikipedia_page"":""Agent"", ""wikidata_id"":""Q392651""} ```",15.751668930053711
hidden_test_de_12_sent10,90,109,WienerLandesgericht,NIL,ORG,Q15837274,Oberlandesgericht Wien,,30.636390686035156
hidden_test_de_12_sent10,212,233,Agenten Jakob Dedejan,NIL,PER,Q515857,Jack Agazarian,"```json { ""wikipedia_page"": ""Jack Agazarian"", ""wikidata_id"": ""Q515857"" } ```",19.18622398376465
hidden_test_de_12_sent10,326,351,Landesgerichtsrat Thauner,NIL,PER,Q1561960,Günther von Bünau,,23.62066650390625
hidden_test_de_12_sent10,370,403,Masseverwalter Dr. Isak Allerhand,NIL,PER,Q316697,Insolvenzverwaltung,"```json {""wikipedia_page"":""Insolvenzverwaltung"", ""wikidata_id"":""Q316697""} ```",17.577993392944336
hidden_test_de_12_sent12,94,101,Abbazia,Q223353,LOC,NIL,Abbazia,No.,0
hidden_test_de_12_sent13,17,22,Baden,Q486450,LOC,NIL,Baden,no,0
hidden_test_de_12_sent14,56,76,Eichwald bei Teplitz,Q186207,LOC,Q146342,Teplitz,,24.072011947631836
hidden_test_de_12_sent14,113,122,Gaiufahrn,NIL,LOC,Q5517275,Gainfarn,"```json {""wikipedia_page"":""Gainfarn"", ""wikidata_id"":""Q5517275""} ```",17.80828285217285
hidden_test_de_12_sent14,129,148,Gießhübl=Sauerbrunn,Q1019975,LOC,Q669527,Gießhübl,"```json {""wikipedia_page"": ""Gießhübl"", ""wikidata_id"": ""Q669527""} ```",19.09023666381836
hidden_test_de_12_sent14,184,191,Goisern,Q252674,LOC,NIL,Goisern,No.,0
hidden_test_de_12_sent14,197,219,Gräfenberg=Frei¬waldau,Q954611,LOC,Q502597,Gräfenberg,,22.135284423828125
hidden_test_de_12_sent15,5,15,Königswart,Q1000097,LOC,Q143018,Schloss Königswart,"```json {""wikipedia_page"": ""Schloss Königswart"", ""wikidata_id"": ""Q143018""} ```",15.314142227172852
hidden_test_de_12_sent15,20,35,Krapina=Töplitz,Q943679,LOC,NIL,Krapina=Töplitz,no,0
hidden_test_de_12_sent15,42,55,Luhatschowitz,Q933480,LOC,NIL,Luhatschowitz,no,0
hidden_test_de_12_sent16,18,43,"Reichenau (Edlach, Prein)",Q665243,LOC,Q156439,Reichenau,"```json { ""wikipedia_page"": ""Reichenau"", ""wikidata_id"": ""Q156439"" } ```",17.370603561401367
hidden_test_de_12_sent16,67,75,Römerbad,NIL,ORG,Q26036643,Römerbad Bonn,"```json {""wikipedia_page"":""Römerbad Bonn"", ""wikidata_id"":""Q26036643""} ```",15.983697891235352
hidden_test_de_12_sent16,81,102,Rohitsch = Sauerbrunn,Q3502521,LOC,Q645500,Bad Sauerbrunn,"```json {""wikipedia_page"":""Bad Sauerbrunn"",""wikidata_id"":""Q645500""} ```",15.800137519836426
hidden_test_de_12_sent16,123,135,Spindelmühle,Q392285,LOC,NIL,Spindelmühle,No.,0
hidden_test_de_12_sent16,185,191,Veldes,Q202852,LOC,Q660687,Velden am Wörther See,"```json {""wikipedia_page"": ""Velden am Wörther See"", ""wikidata_id"": ""Q660687""} ```",18.092266082763672
hidden_test_de_12_sent16,198,204,Vöslau,Q798800,LOC,NIL,Vöslau,no,0
hidden_test_de_12_sent16,211,221,Zuckmantel,Q207222,LOC,NIL,Zuckmantel,No.,0
hidden_test_de_12_sent18,75,97,"4. Bezirk,Karlsgasse 3",NIL,LOC,Q268001,Wieden,"```json {""wikipedia_page"": ""Wieden"", ""wikidata_id"": ""Q268001""} ```",16.38367462158203
hidden_test_de_12_sent19,320,330,Mitterdorf,Q696044,LOC,Q281814,Mitterdorf an der Raab,"```json {""wikipedia_page"": ""Mitterdorf an der Raab"", ""wikidata_id"": ""Q281814""} ```",16.423065185546875
hidden_test_de_12_sent19,408,426,Schloß Wolfpassing,NIL,LOC,Q37879889,Schloss Wolfpassing,,33.91237258911133
hidden_test_de_12_sent19,550,567,Erzherzogs Rainer,Q111971,LOC,Q16030095,,,23.9973201751709
hidden_test_de_12_sent20,27,80,Schreibmaschin=und Stenographieschule Glogowski & Co.,Q79671294,ORG,NIL,Schreibmaschin=und Stenographieschule Glogowski & Co.,No.,0
hidden_test_de_12_sent21,17,36,Professors Herzfeld,NIL,PER,Q58815630,,,22.299415588378906
hidden_test_de_12_sent21,39,63,Marienbader Aerzteverein,NIL,ORG,Q523469,Marienbad,"```json {""wikipedia_page"":""Marienbad"", ""wikidata_id"":""Q523469""} ```",20.434226989746094
hidden_test_de_12_sent21,102,138,Wiener Gynäkologe Professor Herzfeld,NIL,PER,Q1741,Wien,"```json {""wikipedia_page"":""Wien"", ""wikidata_id"":""Q1741""} ```",18.04652214050293
hidden_test_de_12_sent21,142,167,Marien¬bader Aerzteverein,NIL,ORG,Q523469,Marienbad,,23.04826545715332
hidden_test_de_12_sent24,180,194,Johann Diebold,NIL,PER,Q28916380,Johann Baptist Diebold,,31.74325180053711
hidden_test_de_12_sent25,7,41,altkatholischen St. Salvatorkirche,Q784184,ORG,NIL,altkatholischen St. Salvatorkirche,no,0
hidden_test_de_12_sent29,105,146,"amerikanischen Forscher, Professor Carrel",Q185777,PER,Q30,Vereinigte Staaten,"```json {""wikipedia_page"":""Vereinigte Staaten"", ""wikidata_id"":""Q30""} ```",13.993504524230957
hidden_test_de_12_sent30,37,57,Rockefeller=Institut,Q270272,ORG,Q862034,Rockefeller-Stiftung,,22.465167999267578
hidden_test_de_12_sent30,183,200,Speyer=Institutes,Q30281743,ORG,Q351857,Paul Scherrer Institut,,26.37544822692871
hidden_test_de_12_sent30,739,744,Unger,Q1360417,PER,NIL,Unger,no.,0
hidden_test_de_12_sent31,28,34,Carrel,Q185777,PER,NIL,Carrel,no,0
hidden_test_de_13_sent0,225,236,Deutschland,Q7318,LOC,Q183,Deutschland,"```json {""wikipedia_page"":""Deutschland"", ""wikidata_id"":""Q183""} ```",19.7362060546875
hidden_test_de_13_sent0,783,792,Reichstag,Q637829,ORG,Q160208,Reichstag,,22.22870635986328
hidden_test_de_13_sent0,928,943,v. Heydenbrandt,Q124506,PER,Q21637882,Fedor Giltebrandt,,25.574472427368164
hidden_test_de_13_sent1,4,21,Hugenberg-Konzern,Q1287475,ORG,NIL,Hugenberg-Konzern,No.,0
hidden_test_de_13_sent3,19,28,Hugenberg,Q65121,PER,NIL,Hugenberg,no,0
hidden_test_de_13_sent3,33,47,Scherl=Konzern,Q91318,ORG,NIL,Scherl=Konzern,no,0
hidden_test_de_13_sent3,50,63,Lokalanzeiger,Q821625,PROD,NIL,Lokalanzeiger,no.,0
hidden_test_de_13_sent3,67,79,Nachtausgabe,NIL,PROD,Q2632854,Abendpost/Nachtausgabe,"```json {""wikipedia_page"": ""Abendpost/Nachtausgabe"", ""wikidata_id"": ""Q2632854""} ```",12.628745079040527
hidden_test_de_13_sent3,83,88,Woche,Q1217599,PROD,NIL,Woche,No.,0
hidden_test_de_13_sent7,69,79,Treviranus,Q74221,PER,Q62277,Ludolf Christian Treviranus,,23.829126358032227
hidden_test_de_13_sent7,99,105,Klönne,Q1947969,PER,Q1039234,Carl Klönne,,22.182676315307617
hidden_test_de_13_sent7,149,174,altpreußische GrafWestarp,Q65782,PER,NIL,altpreußische GrafWestarp,No.,0
hidden_test_de_13_sent7,239,272,republikanisch=konservativePartei,Q548022,ORG,NIL,republikanisch=konservativePartei,no,0
hidden_test_de_13_sent7,406,430,deutschnationalen Partei,Q158227,ORG,NIL,deutschnationalen Partei,no,0
hidden_test_de_13_sent7,618,643,volkskonservative“ Partei,Q548022,ORG,NIL,volkskonservative“ Partei,No,0
hidden_test_de_13_sent12,4,28,Ernst Heinrich Schrenzel,NIL,PER,Q5394067,Ernest zu Hohenlohe,,27.565568923950195
hidden_test_de_13_sent13,127,133,Afrika,Q15,LOC,Q2253479,Schwarzafrikaner,"```json {""wikipedia_page"": ""Schwarzafrikaner"", ""wikidata_id"": ""Q2253479""} ```",16.7008056640625
hidden_test_de_13_sent20,10,26,Kabinett Brüning,Q449726,ORG,Q1716332,Präsidialkabinett,"```json {""wikipedia_page"":""Präsidialkabinett"",""wikidata_id"":""Q1716332""} ```",17.427356719970703
hidden_test_de_13_sent22,480,503,deutschnationalenPartei,Q158227,ORG,Q1206397,Deutschnationale Bewegung,,21.968036651611328
hidden_test_de_13_sent22,1161,1183,deutschnationale Front,Q158227,ORG,Q1202556,Deutsche Front,"```json {""wikipedia_page"": ""Deutsche Front"", ""wikidata_id"": ""Q1202556""} ```",21.115474700927734
hidden_test_de_13_sent24,663,687,Weltwirtschaftskonferenz,Q949820,ORG,NIL,Weltwirtschaftskonferenz,no.,0
hidden_test_de_13_sent24,773,784,Deutschland,Q7318,LOC,Q518617,Drittes Reich,"```json {""wikipedia_page"":""Drittes Reich"", ""wikidata_id"":""Q518617""} ```",12.652377128601074
hidden_test_de_13_sent24,837,844,England,Q21,LOC,Q145,Vereinigtes Königreich,"```json {""wikipedia_page"":""Vereinigtes Königreich"", ""wikidata_id"":""Q145""} ```",16.151399612426758
hidden_test_de_13_sent24,849,856,Rußland,Q15180,LOC,NIL,Rußland,no,0
hidden_test_de_13_sent25,308,315,Zentrum,Q157537,ORG,Q541230,Reichspartei des deutschen Mittelstandes,"```json {""wikipedia_page"":""Reichspartei des deutschen Mittelstandes"", ""wikidata_id"":""Q541230""} ```",10.099488258361816
hidden_test_de_13_sent29,102,111,Reichstag,NIL,ORG,Q160208,Reichstag,"```json {""wikipedia_page"":""Reichstag"", ""wikidata_id"":""Q160208""} ```",7.79237174987793
hidden_test_de_13_sent30,29,40,Jugoslawien,Q191077,LOC,Q36704,Jugoslawien,"```json {""wikipedia_page"": ""Jugoslawien"", ""wikidata_id"": ""Q36704""} ```",16.880558013916016
hidden_test_de_13_sent34,27,38,Jugoslawien,Q191077,LOC,Q36704,Jugoslawien,,26.759653091430664
hidden_test_de_13_sent36,322,333,Jugoslawien,Q191077,LOC,Q36704,Jugoslawien,,22.830860137939453
hidden_test_de_13_sent36,735,754,JugoslawischeAktion,NIL,ORG,Q12633859,,,25.767562866210938
hidden_test_de_13_sent36,820,845,jugoslawische Volkspartei,NIL,ORG,Q6590291,,,30.723966598510742
hidden_test_de_13_sent40,209,220,Jugoslawien,Q191077,LOC,Q36704,Jugoslawien,,25.774137496948242
hidden_test_de_13_sent40,513,543,radikal¬sozialistischen Partei,NIL,ORG,Q334410,Serbische Radikale Partei,,22.548805236816406
hidden_test_de_13_sent40,578,605,sozialdemokratischen Partei,NIL,ORG,Q15732720,,,22.4846248626709
hidden_test_de_13_sent41,60,71,Jugoslawien,Q191077,LOC,Q36704,Jugoslawien,,26.561983108520508
hidden_test_de_13_sent45,375,384,ostafrika,Q27407,LOC,Q153963,Deutsch-Ostafrika,"```json {""wikipedia_page"": ""Deutsch-Ostafrika"", ""wikidata_id"": ""Q153963""} ```",10.106459617614746
hidden_test_de_13_sent46,8,54,Oesterreichischen Hauptverband für Körpersport,Q306692,ORG,Q301419,Österreichische Bundes-Sportorganisation,,31.223173141479492
hidden_test_de_13_sent47,4,49,Oesterreichische Hauptverband für Körpersport,Q306692,ORG,Q306279,Österreichischer Heeressportverband,,29.26972198486328
hidden_test_de_13_sent47,422,439,Fritz=Lichtschein,Q31092103,PER,NIL,Fritz=Lichtschein,no,0
hidden_test_de_13_sent47,482,494,Hakoah=Platz,NIL,LOC,Q1622633,Hockeyanlage im Olympiapark München,"```json {""wikipedia_page"":""Hockeyanlage im Olympiapark München"", ""wikidata_id"":""Q1622633""} ```",10.00040054321289
hidden_test_de_13_sent47,504,512,V. f. B.,Q4512,ORG,NIL,V. f. B.,no,0
hidden_test_de_13_sent47,517,525,Allround,Q610547,ORG,NIL,Allround,no,0
hidden_test_de_13_sent48,4,10,Hakoah,Q255270,ORG,NIL,Hakoah,no.,0
hidden_test_de_13_sent49,68,78,österreich,Q518101,LOC,Q40,Österreich,,29.578855514526367
hidden_test_de_13_sent49,128,133,Krems,Q667328,LOC,Q131266,Krems,,25.54903793334961
hidden_test_de_13_sent51,0,21,Alpenverein Donauland,Q2267251,ORG,Q2267268,Sektion Oberland des Deutschen Alpenvereins,,33.712989807128906
hidden_test_de_13_sent51,159,167,Meidling,Q1917668,LOC,Q697557,Meidling,,25.81315040588379
hidden_test_de_13_sent52,29,53,Paulmauer=TürnitzerHöger,Q2465101,LOC,NIL,Paulmauer=TürnitzerHöger,no,0
hidden_test_de_13_sent53,52,61,Hohe Wand,Q21859871,LOC,Q475028,Hohe Wand,"```json {""wikipedia_page"":""Hohe Wand"", ""wikidata_id"":""Q475028""} ```",18.649234771728516
hidden_test_de_13_sent54,34,45,Eitelberger,NIL,PER,Q16524,Uetliberg,,22.123022079467773
hidden_test_de_13_sent54,49,60,Gerstenfeld,NIL,PER,Q37503294,Gerstenfeld,"```json {""wikipedia_page"":""Gerstenfeld"", ""wikidata_id"":""Q37503294""} ```",14.758642196655273
hidden_test_de_13_sent57,0,23,Kritzendorfer Sportklub,NIL,ORG,Q1789535,Kritzendorf,,29.18268394470215
hidden_test_de_13_sent57,114,137,Rudolfsheimer Sportklub,NIL,ORG,Q332551,SC Opel Rüsselsheim,,29.461881637573242
hidden_test_de_13_sent58,227,245,I. Kärntnerring 10,NIL,LOC,Q699947,Kärntner Straße,,23.6472225189209
hidden_test_de_13_sent59,1,5,Wien,Q1741,LOC,NIL,Wien,```json {} ```,0
hidden_test_de_13_sent63,16,37,Finanzminister Bonnet,Q1262453,PER,Q1416512,"Ministerium für Wirtschaft, Finanzen und Aufschwung",,21.972469329833984
hidden_test_de_13_sent68,22,37,Reichsregierung,Q2139657,ORG,Q16335122,Reichsregierung,"```json {""wikipedia_page"": ""Reichsregierung"", ""wikidata_id"": ""Q16335122""} ```",17.40428924560547
hidden_test_de_13_sent73,22,28,Ungarn,Q171150,LOC,Q28,Ungarn,"```json {""wikipedia_page"":""Ungarn"", ""wikidata_id"":""Q28""} ```",11.507688522338867
hidden_test_de_13_sent74,40,46,Ungarn,Q171150,LOC,Q28,Ungarn,,24.778427124023438
hidden_test_de_13_sent74,300,306,Ungarn,Q171150,LOC,Q28,Ungarn,,24.01475715637207
hidden_test_de_13_sent76,50,82,Austro=Ungarischen Handelskammer,NIL,ORG,Q28869573,Handelsverband Österreich,,35.644325256347656
hidden_test_de_13_sent76,287,298,öster¬reich,Q518101,LOC,Q28513,Österreich-Ungarn,,27.72138023376465
hidden_test_de_13_sent78,44,49,Ramus,Q89911,PER,NIL,Ramus,no,0
hidden_test_de_13_sent80,31,40,Dr. Tausk,NIL,PER,Q109896,Walter Tausk,,25.015615463256836
hidden_test_de_13_sent80,272,281,Dr. Spath,NIL,PER,Q21485915,Franz Spath,"```json {""wikipedia_page"":""Franz Spath"", ""wikidata_id"":""Q21485915""} ```",19.77649688720703
hidden_test_de_13_sent80,378,387,Dr. Spath,NIL,PER,Q21485915,Franz Spath,"```json {""wikipedia_page"": ""Franz Spath"", ""wikidata_id"": ""Q21485915""} ```",19.673805236816406
hidden_test_de_13_sent83,21,38,Oberlandesgericht,Q15837274,ORG,Q452543,Oberlandesgericht,"```json {""wikipedia_page"":""Oberlandesgericht"", ""wikidata_id"":""Q452543""} ```",5.794778347015381
hidden_test_de_13_sent85,65,90,Kreisgerichtes Korneuburg,Q66149329,ORG,Q1513245,Gerichtsbezirk Korneuburg,,34.40824890136719
hidden_test_de_13_sent85,204,216,Graf Hardegg,NIL,PER,Q593486,Hardegg,,27.312013626098633
hidden_test_de_13_sent85,469,486,Oberlandesgericht,Q15837274,ORG,Q452543,Oberlandesgericht,,30.546489715576172
hidden_test_de_13_sent85,634,646,Graf Hardegg,NIL,PER,Q593486,Hardegg,,25.825571060180664
hidden_test_de_13_sent87,57,79,Grazer Landesgerichtes,Q42341692,ORG,NIL,Grazer Landesgerichtes,no.,0
hidden_test_de_13_sent88,48,67,OberstenGerichtshof,Q876935,ORG,Q452543,Oberlandesgericht,,23.517526626586914
hidden_test_de_13_sent88,233,251,Landesgericht Graz,Q42341692,ORG,Q16268999,Oberlandesgericht Graz,,32.358314514160156
hidden_test_de_13_sent89,52,71,GrazerLandesgericht,Q42341692,ORG,Q16268999,Oberlandesgericht Graz,,35.823463439941406
hidden_test_de_13_sent89,102,121,LandesgerichtesGraz,Q42341692,ORG,Q23011414,Landesgericht für Zivilrechtssachen Graz,,33.95668029785156
hidden_test_de_13_sent89,358,381,Ver¬fassungsgerichtshof,Q873868,ORG,Q56025,Bundesverfassungsgericht,,35.404502868652344
hidden_test_de_13_sent91,168,188,Obersten Gerichtshof,NIL,ORG,Q452543,Oberlandesgericht,,24.900516510009766
hidden_test_de_13_sent91,279,310,Generalstaatsanwalt Dr. Pietsch,NIL,PER,Q3368517,Generalstaatsanwalt,"```json {""wikipedia_page"":""Generalstaatsanwalt"", ""wikidata_id"":""Q3368517""} ```",17.301738739013672
hidden_test_de_13_sent91,683,702,Oberste Gerichtshof,NIL,ORG,Q687323,Bundesgerichtshof,,26.587610244750977
hidden_test_de_13_sent91,849,868,Oberste Gerichtshof,NIL,ORG,Q190752,oberstes Gericht,,25.058156967163086
hidden_test_de_13_sent91,1022,1044,Verfassungsgerichtshof,Q873868,ORG,Q32766,Verfassungsgericht,,28.509370803833008
hidden_test_de_13_sent92,151,169,Landesgericht Graz,Q42341692,ORG,Q38044976,Landesgericht für Strafsachen Graz,,34.25669860839844
hidden_test_de_13_sent95,13,54,Domkapellmeister Professor FerdinandHabel,NIL,PER,Q767026,Domkapellmeister,,29.072376251220703
hidden_test_de_13_sent95,247,258,Franz Witt:,Q95918,PER,Q871050,Friedrich Witt,,31.190227508544922
hidden_test_de_13_sent95,286,313,A. Weirich.Augustinerkirche,Q693869,LOC,Q768482,Augustinerkirche (Zürich),,25.597278594970703
hidden_test_de_13_sent95,334,348,Christian Eder,Q55682907,PER,Q81316985,Christian Eder,,36.00892639160156
hidden_test_de_13_sent95,407,414,Stoiber,Q61268699,PER,NIL,Stoiber,no,0
hidden_test_de_13_sent95,419,427,Herrmann,Q1580203,PER,Q18359218,,,23.47383689880371
hidden_test_de_13_sent95,447,459,Steffi Habig,NIL,PER,Q20172451,Stefanie Hubig,,34.26039505004883
hidden_test_de_13_sent95,461,474,RoslRosenthal,NIL,PER,Q693521,Rosenthal,,23.34966278076172
hidden_test_de_13_sent95,476,487,Ria Benesch,NIL,PER,Q1683418,Jara Beneš,,26.91471290588379
hidden_test_de_13_sent95,510,524,Professor Eder,Q55682907,PER,Q1445994,Franz Albert Eder,,27.60237693786621
hidden_test_de_13_sent96,0,38,Altkatholische St. = Salvator = Kirche,Q784184,LOC,NIL,Altkatholische St. = Salvator = Kirche,no,0
hidden_test_de_13_sent96,174,182,Skalicky,NIL,PER,Q1289189,,,25.050979614257812
hidden_test_de_13_sent96,212,233,Ing. Reinhold Schultz,NIL,PER,Q1264463,Reinhold Schultz,,29.40889549255371
hidden_test_de_13_sent98,0,16,Budapester Börse,Q851259,ORG,Q698535,Wiener Börse,,25.823760986328125
hidden_test_de_13_sent109,0,16,Canadian Pacific,Q46974,ORG,Q1032324,Canadian Pacific Limited,,23.503286361694336
hidden_test_de_13_sent109,39,53,Central Mining,NIL,ORG,Q5060575,,,23.865556716918945
hidden_test_de_13_sent109,71,82,Premier Oil,NIL,ORG,Q7240331,Premier Oil,,26.574207305908203
hidden_test_de_13_sent122,17,22,Newag,Q766622,ORG,NIL,Newag,no,0
hidden_test_de_13_sent127,67,81,oberösterreich,Q41967,LOC,Q40,Österreich,,24.93310546875
hidden_test_de_13_sent131,20,30,österreich,Q518101,LOC,Q40,Österreich,"```json {""wikipedia_page"": ""Österreich"", ""wikidata_id"": ""Q40""} ```",18.97492027282715
hidden_test_de_13_sent132,47,57,österreich,Q518101,LOC,Q40,Österreich,,22.958282470703125
hidden_test_de_13_sent152,149,163,Großbritannien,Q23666,LOC,Q145,Vereinigtes Königreich,"```json {""wikipedia_page"":""Vereinigtes Königreich"", ""wikidata_id"":""Q145""} ```",20.603506088256836
hidden_test_de_13_sent152,183,193,Frankreich,Q70802,LOC,Q142,Frankreich,"```json {""wikipedia_page"":""Frankreich"", ""wikidata_id"":""Q142""} ```",20.41703224182129
hidden_test_de_13_sent152,248,253,China,Q13426199,LOC,Q29520,China,"```json {""wikipedia_page"":""China"", ""wikidata_id"":""Q29520""} ```",18.111404418945312
hidden_test_de_13_sent153,0,10,Neworleans,Q34404,LOC,NIL,Neworleans,No,0
hidden_test_de_13_sent154,0,10,Alexandria,Q87,LOC,NIL,Alexandria,no.,0
hidden_test_de_13_sent157,153,160,Newyork,Q60,LOC,Q22059120,New York,"```json {""wikipedia_page"":""New York"",""wikidata_id"":""Q22059120""} ```",12.394713401794434
hidden_test_de_13_sent158,16,23,Engalnd,Q21,LOC,NIL,Engalnd,no,0
hidden_test_de_13_sent161,18,28,Staatsoper,Q209937,LOC,Q50802251,Staatsoper,,24.32806968688965
hidden_test_de_13_sent163,0,20,Margaretner Orpheum:,Q1270177,LOC,NIL,Margaretner Orpheum:,no,0
hidden_test_de_13_sent163,43,67,Revuebühne Moulin Rouge:,Q1750632,LOC,Q151030,Moulin Rouge,,21.77993392944336
hidden_test_de_13_sent164,0,14,Wiener Urania:,Q33393971,LOC,Q259553,Urania,,27.39971923828125
hidden_test_de_13_sent164,76,87,Oesterreich,Q518101,LOC,Q40,Österreich,,27.5350399017334
hidden_test_de_13_sent165,0,10,Hofkirchen,Q693743,LOC,Q530456,Hofkirchen,,30.587495803833008
hidden_test_de_13_sent165,141,146,Traun,Q664341,LOC,Q260176,Traun,"```json {""wikipedia_page"": ""Traun"", ""wikidata_id"": ""Q260176""} ```",18.74962615966797
hidden_test_de_13_sent167,169,174,Ischl,Q250984,LOC,Q664330,Ischgl,,21.434396743774414
hidden_test_de_13_sent167,214,218,Graz,Q264201,LOC,Q13298,Graz,"```json {""wikipedia_page"":""Graz"", ""wikidata_id"":""Q13298""} ```",8.907346725463867
hidden_test_de_13_sent169,4,17,Edith Latzner,NIL,PER,Q143401,Zahna-Elster,,23.736038208007812
hidden_test_de_13_sent173,160,170,vanStraten,NIL,PER,Q2509946,Van der Straten-Ponthoz,"```json {""wikipedia_page"": ""Van der Straten-Ponthoz"", ""wikidata_id"": ""Q2509946""} ```",11.660178184509277
hidden_test_de_13_sent176,43,50,Swanson,NIL,PER,Q229232,Gloria Swanson,"```json {""wikipedia_page"":""Gloria Swanson"", ""wikidata_id"":""Q229232""} ```",12.119264602661133
hidden_test_de_13_sent176,111,118,Annette,NIL,PER,Q18071263,Annette,"```json { ""wikipedia_page"": ""Annette"", ""wikidata_id"": ""Q18071263"" } ```",15.293360710144043
hidden_test_de_13_sent177,81,87,Gaston,NIL,PER,Q18086818,Gaston,"```json {""wikipedia_page"":""Gaston"", ""wikidata_id"":""Q18086818""} ```",5.739427089691162
hidden_test_de_13_sent178,289,296,Annette,NIL,PER,Q18071263,Annette,"```json {""wikipedia_page"":""Annette"", ""wikidata_id"":""Q18071263""} ```",11.626198768615723
hidden_test_de_13_sent180,25,31,Gaston,NIL,PER,Q18086818,Gaston,"```json {""wikipedia_page"":""Gaston"", ""wikidata_id"":""Q18086818""} ```",6.436428070068359
hidden_test_de_13_sent188,546,567,Christine von Spanien,Q538125,PER,Q230566,Maria Christina von Neapel-Sizilien,,26.042720794677734
hidden_test_de_13_sent188,588,596,Alphonso,Q18363,PER,Q32347,Alfons XII.,,21.80027961730957
hidden_test_de_13_sent188,602,613,Oesterreich,Q131964,LOC,Q40,Österreich,,23.32591438293457
hidden_test_de_13_sent190,431,440,Christine,Q538125,PER,Q230566,Maria Christina von Neapel-Sizilien,,23.0394229888916
hidden_test_de_13_sent191,32,49,König Eduard VII.,NIL,PER,Q20875,Eduard VII.,"```json {""wikipedia_page"": ""Eduard VII."", ""wikidata_id"": ""Q20875""} ```",18.0430850982666
hidden_test_de_13_sent191,375,382,Rußland,Q34266,LOC,Q159,Russland,,25.328271865844727
hidden_test_de_13_sent191,866,872,Ziloty,NIL,PER,Q366536,Alexander Iljitsch Siloti,,23.757083892822266
hidden_test_de_13_sent191,926,932,Ziloty,NIL,PER,Q366536,Alexander Iljitsch Siloti,,26.810775756835938
hidden_test_de_13_sent192,0,6,Casals,Q208537,PER,NIL,Casals,no,0
hidden_test_de_13_sent193,141,156,Newsky=Prospekt,Q382500,LOC,NIL,Newsky=Prospekt,No.,0
hidden_test_de_13_sent211,138,142,Vogt,Q1582885,PER,NIL,Vogt,No.,0
hidden_test_de_13_sent211,157,162,Engel,Q19286649,PER,NIL,Engel,no,0
hidden_test_de_13_sent213,8,13,Tobis,Q2438131,ORG,NIL,Tobis,no.,0
hidden_test_de_13_sent214,52,68,Fritz v. Bothmer,NIL,PER,Q1464704,Fritz von Bothmer,"```json {""wikipedia_page"":""Fritz von Bothmer"", ""wikidata_id"":""Q1464704""} ```",14.724942207336426
hidden_test_de_13_sent218,378,385,Hayward,NIL,PER,Q5036665,Captain Hayward,"```json {""wikipedia_page"":""Captain Hayward"", ""wikidata_id"":""Q5036665""} ```",14.22087287902832
hidden_test_de_13_sent233,46,66,Star¬bridge Building,NIL,LOC,Q467043,American Surety Building,,21.69314956665039
hidden_test_de_13_sent233,148,159,Jake Bailey,NIL,PER,Q84753803,Jacob Bayley,,22.22762680053711
hidden_test_de_13_sent241,4,15,Jake Bailey,NIL,PER,Q544729,Jackie Baillie,,21.68939208984375
hidden_test_de_13_sent241,77,89,Harry Borden,NIL,PER,Q10960945,Harry Bordon,"```json { ""wikipedia_page"": ""Harry Bordon"", ""wikidata_id"": ""Q10960945"" } ```",14.697958946228027
hidden_test_de_13_sent242,72,86,Martha Manning,NIL,PER,Q108377753,,,24.845535278320312
hidden_test_de_13_sent252,0,11,Oesterreich,Q518101,LOC,Q40,Österreich,"```json {""wikipedia_page"":""Österreich"", ""wikidata_id"":""Q40""} ```",20.764606475830078
hidden_test_de_13_sent253,0,11,Oesterreich,Q518101,LOC,Q40,Österreich,,22.240442276000977
hidden_test_de_13_sent253,99,105,Vienna,Q686826,ORG,NIL,Vienna,no.,0
hidden_test_de_13_sent254,4,10,Vienna,Q686826,ORG,NIL,Vienna,No.,0
hidden_test_de_13_sent254,18,28,Ambrosiana,Q631,ORG,NIL,Ambrosiana,No,0
hidden_test_de_13_sent255,52,56,Wien,Q1741,LOC,Q131209,FK Austria Wien,"```json {""wikipedia_page"": ""FK Austria Wien"", ""wikidata_id"": ""Q131209""} ```",12.08076000213623
hidden_test_de_13_sent255,62,69,Italien,Q48742118,LOC,Q172579,Königreich Italien,"```json {""wikipedia_page"": ""Königreich Italien"", ""wikidata_id"": ""Q172579""} ```",10.205843925476074
hidden_test_de_13_sent255,186,192,Vienna,Q686826,ORG,Q1741,Wien,,21.551698684692383
hidden_test_de_13_sent255,227,239,Horeschofsky,Q81315700,PER,Q59220050,Franz Holeschofsky,,23.646358489990234
hidden_test_de_13_sent255,248,255,Schmaus,Q490374,PER,NIL,Schmaus,No.,0
hidden_test_de_13_sent255,275,280,Machu,Q6526300,PER,Q105433700,Viktor Mach,"```json {""wikipedia_page"":""Viktor Mach"", ""wikidata_id"":""Q105433700""} ```",16.972501754760742
hidden_test_de_13_sent255,317,322,Tögel,Q1556487,PER,NIL,Tögel,No,0
hidden_test_de_13_sent255,324,332,Wortmann,Q915696,PER,Q17376035,Dietrich Wortmann,,22.637378692626953
hidden_test_de_13_sent256,576,584,Planicka,Q379,PER,NIL,Planicka,no.,0
hidden_test_de_13_sent256,595,600,Fiala,Q5182977,PER,Q1188873,Jan Fiala,"```json {""wikipedia_page"": ""Jan Fiala"", ""wikidata_id"": ""Q1188873""} ```",16.600452423095703
hidden_test_de_13_sent256,610,616,Cambal,Q392388,PER,NIL,Cambal,no,0
hidden_test_de_13_sent256,618,627,Cimpersky,NIL,PER,Q364939,Adolf Šimperský,"```json {""wikipedia_page"":""Adolf Šimperský"", ""wikidata_id"":""Q364939""} ```",16.57098960876465
hidden_test_de_13_sent256,629,632,Puc,Q531382,PER,NIL,Puc,no,0
hidden_test_de_13_sent256,644,651,Sobotka,Q383293,PER,NIL,Sobotka,no,0
hidden_test_de_13_sent256,653,660,Swoboda,Q1336868,PER,Q683298,Franz Swoboda,"```json {""wikipedia_page"":""Franz Swoboda"", ""wikidata_id"":""Q683298""} ```",18.789936065673828
hidden_test_de_13_sent256,814,824,österreich,Q518101,LOC,Q40,Österreich,,22.807090759277344
hidden_test_de_13_sent257,23,30,Italien,Q48742118,LOC,NIL,Italien,no,0
hidden_test_de_13_sent257,33,43,Barlassina,Q1249246,PER,NIL,Barlassina,No.,0
hidden_test_de_13_sent259,95,105,österreich,Q518101,LOC,Q40,Österreich,,27.228742599487305
hidden_test_de_13_sent261,145,162,Landstraßer Platz,NIL,LOC,Q28922943,Landstraßer Hauptstraße,"```json {""wikipedia_page"":""Landstraßer Hauptstraße"", ""wikidata_id"":""Q28922943""} ```",9.569818496704102
hidden_test_de_13_sent262,31,36,Agram,Q1435,LOC,NIL,Agram,no,0
hidden_test_de_13_sent262,54,62,Viktoria,NIL,ORG,Q512476,FK Viktoria Žižkov,"```json {""wikipedia_page"":""FK Viktoria Žižkov"", ""wikidata_id"":""Q512476""} ```",15.225505828857422
hidden_test_de_13_sent262,80,90,Gradjanski,Q172803,ORG,Q1255013,HŠK Građanski Zagreb,"```json { ""wikipedia_page"": ""HŠK Građanski Zagreb"", ""wikidata_id"": ""Q1255013"" } ```",17.1052303314209
hidden_test_de_13_sent262,103,113,F. C. Wien,Q683981,ORG,Q266962,Wiener Sport-Club,,25.19306182861328
hidden_test_de_13_sent262,153,160,Kolding,Q1779108,ORG,Q27119,Kolding,,21.751340866088867
hidden_test_de_13_sent262,220,226,Admira,Q459929,ORG,Q698702,FC Admira Wacker Mödling,,23.81707763671875
hidden_test_de_13_sent262,334,342,B. A. C.,Q461162,ORG,Q163645,Berliner Sport-Club,"```json {""wikipedia_page"":""Berliner Sport-Club"", ""wikidata_id"":""Q163645""} ```",11.833433151245117
hidden_test_de_13_sent265,4,14,österreich,Q518101,LOC,Q40,Österreich,,32.48922348022461
hidden_test_de_13_sent265,102,114,Hakoah=Platz,NIL,LOC,Q17124251,FAC-Platz,,22.181503295898438
hidden_test_de_13_sent269,16,27,Oesterreich,Q518101,LOC,Q28513,Österreich-Ungarn,,25.574220657348633
hidden_test_de_13_sent269,28,34,Ungarn,Q600018,LOC,Q28,Ungarn,,28.01041030883789
hidden_test_de_13_sent270,59,70,Oesterreich,Q518101,LOC,Q40,Österreich,,22.083572387695312
hidden_test_de_13_sent270,77,83,Ungarn,Q600018,LOC,Q28,Ungarn,,21.863771438598633
hidden_test_de_13_sent273,105,115,Hauptallee,Q1248317,LOC,NIL,Hauptallee,no,0
hidden_test_de_13_sent275,92,97,stadt,Q131612,LOC,Q1741,Wien,"```json {""wikipedia_page"":""Wien"", ""wikidata_id"":""Q1741""} ```",14.348509788513184
hidden_test_de_13_sent277,15,24,Wimbledon,Q736742,LOC,Q41520,Wimbledon Championships,"```json {""wikipedia_page"":""Wimbledon Championships"", ""wikidata_id"":""Q41520""} ```",17.758399963378906
hidden_test_de_13_sent278,14,19,Satoh,Q3179267,PER,NIL,Satoh,no.,0
hidden_test_de_13_sent278,21,26,Japan,Q188712,LOC,Q17,Japan,,22.38753890991211
hidden_test_de_13_sent278,46,53,Italien,Q48742118,LOC,Q172579,Königreich Italien,"```json {""wikipedia_page"":""Königreich Italien"", ""wikidata_id"":""Q172579""} ```",16.637874603271484
hidden_test_de_13_sent278,113,121,Henrotin,Q3507351,PER,Q105734298,Claire-Lucile Henrotin,"```json {""wikipedia_page"":""Claire-Lucile Henrotin"", ""wikidata_id"":""Q105734298""} ```",15.876656532287598
hidden_test_de_13_sent278,123,133,Frankreich,Q70802,LOC,Q142,Frankreich,,23.380817413330078
hidden_test_de_13_sent278,159,166,Valerio,Q639768,PER,Q614257,Valerio Valeri,,23.210895538330078
hidden_test_de_13_sent278,167,174,Italien,Q48742118,LOC,Q38,Italien,,25.034868240356445
hidden_test_de_13_sent278,192,196,Horn,Q58048697,PER,Q17403857,,"```json {""wikipedia_page"":"""", ""wikidata_id"":""Q17403857""} ```",19.28102684020996
hidden_test_de_13_sent278,198,209,Deutschland,Q7318,LOC,Q183,Deutschland,,22.67936134338379
hidden_test_de_13_sent278,267,280,Whittingstall,Q299959,PER,Q61890209,Albert Whittingstall,,22.208284378051758
hidden_test_de_13_sent278,282,297,Groß¬britannien,Q23666,LOC,Q145,Vereinigtes Königreich,,25.174501419067383
hidden_test_de_13_sent278,328,342,Großbritannien,Q23666,LOC,Q145,Vereinigtes Königreich,"```json {""wikipedia_page"":""Vereinigtes Königreich"", ""wikidata_id"":""Q145""} ```",20.932601928710938
hidden_test_de_13_sent278,407,424,Tschecho¬slowakei,Q140359,LOC,Q33946,Tschechoslowakei,,24.429363250732422
hidden_test_de_13_sent279,0,8,Stoeffen,Q764024,PER,NIL,Stoeffen,no,0
hidden_test_de_13_sent279,10,27,Vereinigte Staten,Q30,LOC,Q7785,Commonwealth of Nations,"```json {""wikipedia_page"":""Commonwealth of Nations"", ""wikidata_id"":""Q7785""} ```",11.86784553527832
hidden_test_de_13_sent279,36,39,Lee,Q3127853,PER,NIL,Lee,No.,0
hidden_test_de_13_sent279,41,55,Großbritannien,Q23666,LOC,Q145,Vereinigtes Königreich,,25.3137264251709
hidden_test_de_13_sent280,4,12,Gaisberg,Q688441,LOC,NIL,Gaisberg,No.,0
hidden_test_de_13_sent282,71,79,Salzburg,Q43325,LOC,Q34713,Salzburg,"```json {""wikipedia_page"":""Salzburg"", ""wikidata_id"":""Q34713""} ```",11.234467506408691
hidden_test_de_13_sent287,80,87,Italien,Q48742118,LOC,Q38,Italien,,21.899946212768555
hidden_test_de_13_sent287,171,183,Conte Trossi,Q776091,PER,NIL,Conte Trossi,No.,0
hidden_test_de_13_sent287,200,210,GuidoLandi,NIL,PER,Q3764642,Gino Landi,,26.055927276611328
hidden_test_de_13_sent287,285,296,Ulrich Maag,NIL,PER,Q20002877,Hans Maag,,29.28312873840332
hidden_test_de_13_sent287,354,361,Bugatti,Q27401,ORG,Q2308012,Bugatti Automobiles,,24.565786361694336
hidden_test_de_13_sent287,455,462,Bugatti,Q27401,ORG,Q2308012,Bugatti Automobiles,,24.237764358520508
hidden_test_de_13_sent287,495,511,H. P. Widengreen,NIL,PER,Q18170996,Henken Widengren,,31.8178653717041
hidden_test_de_13_sent287,555,596,Tschechoslowakei Ing. Wilfried Proskowetz,Q55859180,PER,Q33946,Tschechoslowakei,,21.368289947509766
hidden_test_de_13_sent287,675,682,Bugatti,Q27401,ORG,Q2308012,Bugatti Automobiles,,25.841217041015625
hidden_test_de_13_sent287,688,715,Oesterreich Bern¬hard Kandl,NIL,PER,Q40,Österreich,"```json {""wikipedia_page"": ""Österreich"", ""wikidata_id"": ""Q40""} ```",16.162233352661133
hidden_test_de_13_sent287,723,730,Amilcar,Q471294,ORG,Q89463889,Amilcar Type M,"```json {""wikipedia_page"":""Amilcar Type M"", ""wikidata_id"":""Q89463889""} ```",16.342058181762695
hidden_test_de_13_sent287,743,764,Robert Fleisch¬anderl,NIL,PER,Q94855211,Walter Rössler,,25.774946212768555
hidden_test_de_13_sent287,766,775,Waidhofen,NIL,PER,Q427385,Waidhofen an der Ybbs,,22.93347930908203
hidden_test_de_13_sent287,777,784,Bugatti,Q27401,ORG,Q2308012,Bugatti Automobiles,,26.586475372314453
hidden_test_de_13_sent287,787,797,Hugo Roigk,NIL,PER,Q12020898,,,30.410737991333008
hidden_test_de_13_sent287,841,860,Walter (v.) Wustrow,NIL,PER,Q7966232,Walter Szurovy,,22.31495475769043
hidden_test_de_13_sent287,862,869,Bugatti,Q314419,PER,Q2308012,Bugatti Automobiles,,24.030521392822266
hidden_test_de_13_sent287,882,889,Italien,Q48742118,LOC,Q172579,Königreich Italien,"```json {""wikipedia_page"":""Königreich Italien"", ""wikidata_id"":""Q172579""} ```",13.434755325317383
hidden_test_de_13_sent287,897,912,Vittoria Orsini,NIL,PER,Q4015220,Vittoria Giorni,,25.353282928466797
hidden_test_de_13_sent288,33,41,Gaisberg,Q688441,LOC,Q1491355,Gaisbergrennen,,22.4433536529541
hidden_test_de_13_sent288,192,203,Oesterreich,Q518101,LOC,Q40,Österreich,,26.604196548461914
hidden_test_de_13_sent288,274,279,Gayer,NIL,PER,Q2772538,,,25.50133514404297
hidden_test_de_13_sent288,310,316,Reheis,NIL,PER,Q104163476,Klaus Reisch,"```json {""wikipedia_page"":""Klaus Reisch"", ""wikidata_id"":""Q104163476""} ``` The entity [ENT] Reheis [ENT] most likely refers to Klaus Reisch, an Austrian racing driver, given the context of the text which discusses motorcycling records and competitors.",16.968151092529297
hidden_test_de_13_sent288,397,408,Gyula Patho,NIL,PER,Q11703014,,,27.627721786499023
hidden_test_de_13_sent289,72,82,österreich,Q518101,LOC,Q40,Österreich,"```json {""wikipedia_page"":""Österreich"", ""wikidata_id"":""Q40""} ```",20.45552635192871
hidden_test_de_13_sent292,11,19,Kronfeld,Q86279,PER,NIL,Kronfeld,No.,0
hidden_test_de_13_sent293,4,14,österreich,Q518101,LOC,Q40,Österreich,,26.668476104736328
hidden_test_de_13_sent294,19,27,Kronfeld,Q86279,PER,NIL,Kronfeld,no.,0
hidden_test_de_13_sent295,203,213,österreich,Q518101,LOC,Q40,Österreich,,24.93267059326172
hidden_test_de_13_sent295,247,255,Kronfeld,Q86279,PER,NIL,Kronfeld,No.,0
hidden_test_de_13_sent296,167,178,Oesterreich,Q518101,LOC,Q40,Österreich,"```json {""wikipedia_page"":""Österreich"", ""wikidata_id"":""Q40""} ```",8.970602035522461
hidden_test_de_13_sent300,112,152,Verband der Jagd= und Wurftaubenschützen,NIL,ORG,Q15793041,Bund Österreichischer Jagdvereinigungen,,32.487274169921875
hidden_test_de_13_sent300,161,172,öster¬reich,Q518101,LOC,Q40,Österreich,,25.108911514282227
hidden_test_de_13_sent300,220,241,BundespräsidentMiklas,Q84263,PER,NIL,BundespräsidentMiklas,No,0
hidden_test_de_13_sent300,262,287,Bundeskanzler Dr. Dollfuß,Q11734,PER,Q1006398,Bundeskanzler,,24.30000877380371
hidden_test_de_13_sent300,357,381,Vizekanzler Ing. Winkler,Q1449511,PER,Q692110,Vizekanzler,,29.180574417114258
hidden_test_de_13_sent300,387,412,BundesministerDr. Buresch,Q84511,PER,NIL,BundesministerDr. Buresch,No,0
hidden_test_de_13_sent300,434,487,Staatssekretär fürFremdenverkehr Neustädter = Stürmer,Q2014639,PER,Q1636869,Staatssekretär für Integration,,21.532119750976562
hidden_test_de_13_sent300,593,603,Frankreich,Q70802,LOC,NIL,Frankreich,No.,0
hidden_test_de_13_sent300,636,643,Spanien,Q178038,LOC,Q29,Spanien,"```json {""wikipedia_page"":""Spanien"", ""wikidata_id"":""Q29""} ```",18.488977432250977
hidden_test_de_13_sent300,648,654,Ungarn,Q600018,LOC,Q28,Ungarn,,25.81543731689453
hidden_test_de_13_sent302,16,23,Carnera,Q325449,PER,NIL,Carnera,"```json {""wikipedia_page"":"""", ""wikidata_id"":""""} ```",0
hidden_test_de_13_sent302,26,33,Sharkey,Q427464,PER,NIL,Sharkey,No.,0
hidden_test_de_13_sent304,237,244,Italien,Q48742118,LOC,Q172579,Königreich Italien,"```json {""wikipedia_page"":""Königreich Italien"", ""wikidata_id"":""Q172579""} ```",12.557683944702148
hidden_test_de_13_sent305,22,29,Sharkey,Q427464,PER,NIL,Sharkey,no,0
hidden_test_de_13_sent307,36,43,Carnera,Q325449,PER,NIL,Carnera,No.,0
hidden_test_de_13_sent311,160,171,Oesterreich,Q518101,LOC,Q40,Österreich,,21.760278701782227
hidden_test_de_13_sent315,241,274,Bundesministerium für Heereswesen,Q872173,ORG,Q881116,Heeresamt,,27.901426315307617
hidden_test_de_13_sent315,276,317,Bundes¬ministerium für soziale Verwaltung,Q1006368,ORG,Q1006412,Bundesministerium für soziale Sicherheit und Generationen,,30.055816650390625
hidden_test_de_13_sent315,336,345,Wien Graz,Q13298,LOC,NIL,Wien Graz,no,0
hidden_test_de_13_sent315,370,437,Wirtschaftsverband der Bundes=Sicher¬heitswachebeamten Oesterreichs,NIL,ORG,Q1445277,Verband der Sicherheitsunternehmen Österreichs,,26.64011573791504
