doc_id,start_pos,end_pos,surface,gt_id,type,identifier,title,answer,score
document_000004.html,71,77,Busont,Q219551,PER,Q16647678,Giustino Boson,"```json { ""wikipedia_page"": ""Buson"", ""wikidata_id"": ""Q16647678"" } ```",10.47470474243164
document_000004.html,124,164,cia funebre dell’imperatore Massimiliano,NIL,MISC,Q150726,Massimiliano I d'Asburgo,"```json { ""wikipedia_page"": ""Massimiliano I d'Asburgo"", ""wikidata_id"": ""Q150726"" } ```",9.633642196655273
document_000005.html,72,92,gran maestro di Bonn,Q255,PER,Q586,Bonn,"```json { ""wikipedia_page"": ""Bonn"", ""wikidata_id"": ""Q586"" } ```",8.860270500183105
document_000005.html,137,147,Mengelbere,Q336725,PER,Q105237,Giacomo Meyerbeer,"```json { ""wikipedia_page"": ""Giacomo Meyerbeer"", ""wikidata_id"": ""Q105237"" } ```",19.01089096069336
document_000006.html,132,147,alla pera d’oro,NIL,LOC,Q20894779,Mela d'oro,"```json { ""wikipedia_page"": ""Mela d'oro"", ""wikidata_id"": ""Q20894779"" } ```",10.71803092956543
document_000006.html,208,217,Guarnieri,Q1165357,PER,Q453267,Giuseppe Guarneri del Gesù,"```json { ""wikipedia_page"": ""Giuseppe Guarneri del Gesù"", ""wikidata_id"": ""Q453267"" } ```",19.983779907226562
document_000006.html,249,258,Guarnieri,Q1165357,PER,Q453267,Giuseppe Guarneri del Gesù,"```json { ""wikipedia_page"": ""Giuseppe Guarneri del Gesù"", ""wikidata_id"": ""Q453267"" } ```",18.574989318847656
document_000006.html,224,230,Wendel,Q1303289,PER,Q45317,Joseph Wendel,"```json { ""wikipedia_page"": ""Joseph Wendel"", ""wikidata_id"": ""Q45317"" } ```",18.3637638092041
document_000007.html,36,51,Quinta sinfonia,Q188709,MISC,Q240289,Sinfonia n. 5,"```json { ""wikipedia_page"": ""Sinfonia n. 5"", ""wikidata_id"": ""Q240289"" } ```",17.71274185180664
document_000008.html,356,363,Cellini,Q277846,MISC,Q190116,Benvenuto Cellini,"```json { ""wikipedia_page"": ""Benvenuto Cellini"", ""wikidata_id"": ""Q190116"" } ```",19.094053268432617
document_000009.html,109,122,delVPAugusteo,Q3616668,LOC,Q3516747,Teatro Augusteo,"```json { ""wikipedia_page"": ""Teatro Augusteo"", ""wikidata_id"": ""Q3516747"" } ```",11.758094787597656
document_000010.html,84,96,all’Augusteo,Q3616668,LOC,Q16529855,Auditorium di Milano,"```json { ""wikipedia_page"": ""Auditorium di Milano"", ""wikidata_id"": ""Q16529855"" } ```",8.43500804901123
document_000011.html,358,364,Coates,Q1230717,PER,Q2595770,Albert Coates,"```json { ""wikipedia_page"": ""Albert Coates"", ""wikidata_id"": ""Q2595770"" } ```",18.717124938964844
document_000013.html,37,45,Juventus,Q109001794,MISC,Q1422,Juventus FC,"```json { ""wikipedia_page"": ""Juventus FC"", ""wikidata_id"": ""Q1422"" } ```",14.36769962310791
document_000013.html,52,60,DiSabata,Q464890,PER,Q3765411,Giorgio De Sabbata,"```json { ""wikipedia_page"": ""Giorgio De Sabbata"", ""wikidata_id"": ""Q3765411"" } ```",16.357219696044922
document_000013.html,662,674,all’Augusteo,Q3616668,LOC,Q3516747,Teatro Augusteo,"```json { ""wikipedia_page"": ""Teatro Augusteo"", ""wikidata_id"": ""Q3516747"" } ```",7.983017444610596
document_000014.html,71,77,Sorima,NIL,PER,Q982878,Sergio Sollima,"```json { ""wikipedia_page"": ""Sergio Sollima"", ""wikidata_id"": ""Q982878"" } ```",22.66240119934082
document_000014.html,83,92,Tarantini,NIL,PER,Q108555,Giuseppe Tartini,"```json { ""wikipedia_page"": ""Giuseppe Tartini"", ""wikidata_id"": ""Q108555"" } ```",29.174213409423828
document_000014.html,127,131,Fano,Q3779156,PER,Q13142,Fano,"```json { ""wikipedia_page"": ""Fano"", ""wikidata_id"": ""Q13142"" } ```",22.90514373779297
document_000014.html,133,146,dell’Agostini,Q3855836,PER,Q22583532,Augusto Agostini,"```json { ""wikipedia_page"": ""Augusto Agostini"", ""wikidata_id"": ""Q22583532"" } ```",24.947710037231445
document_000014.html,194,203,Marinuzzi,Q3106818,PER,Q3764660,Gino Marinuzzi,"```json { ""wikipedia_page"": ""Gino Marinuzzi"", ""wikidata_id"": ""Q3764660"" } ```",24.202754974365234
document_000015.html,129,162,Messa per coro a tre voci dispari,NIL,MISC,Q217295,messa,"```json { ""wikipedia_page"": ""messa"", ""wikidata_id"": ""Q217295"" } ```",18.428436279296875
document_000016.html,3,17,Inno trionfale,NIL,MISC,Q1093864,Inno al Re,"```json { ""wikipedia_page"": ""Inno al Re"", ""wikidata_id"": ""Q1093864"" } ```",14.338565826416016
document_000017.html,136,176,La Musica dell’Antichité e del Medio Evo,NIL,MISC,Q163775,musica medievale,"```json { ""wikipedia_page"": ""musica medievale"", ""wikidata_id"": ""Q163775"" } ```",15.636446952819824
document_000017.html,179,197,Tancredi Mantovani,NIL,PER,Q2392204,Tancredi Parmeggiani,"```json { ""wikipedia_page"": ""Tancredi Parmeggiani"", ""wikidata_id"": ""Q2392204"" } ```",21.500492095947266
document_000017.html,364,406,La Musica dal Rinascimento alepoca moderna,NIL,MISC,Q201405,musica rinascimentale,"```json { ""wikipedia_page"": ""musica rinascimentale"", ""wikidata_id"": ""Q201405"" } ```",15.197977066040039
document_000018.html,212,225,Nelia Rivalta,NIL,PER,Q4142425,Nuria Rial,"```json { ""wikipedia_page"": ""Nuria Rial"", ""wikidata_id"": ""Q4142425"" } ```",28.893600463867188
document_000018.html,263,270,Caccini,Q215308,PER,Q232035,Francesca Caccini,"```json { ""wikipedia_page"": ""Francesca Caccini"", ""wikidata_id"": ""Q232035"" } ```",27.525819778442383
document_000019.html,157,172,.Sfadio di Roma,NIL,LOC,Q3516766,Teatro Palladium,"```json { ""wikipedia_page"": ""Teatro Palladium"", ""wikidata_id"": ""Q3516766"" } ```",14.549137115478516
document_000019.html,376,384,Molinari,Q3725923,PER,Q2619703,Bernardino Molinari,"```json { ""wikipedia_page"": ""Bernardino Molinari"", ""wikidata_id"": ""Q2619703"" } ```",21.081418991088867
document_000019.html,396,405,Argentini,NIL,PER,Q3619192,Antonio Argenti,"```json { ""wikipedia_page"": ""Antonio Argenti"", ""wikidata_id"": ""Q3619192"" } ```",15.825563430786133
document_000019.html,412,419,Consoli,Q109860310,PER,NIL,Consoli,"```json { ""wikipedia_page"": ""NIL"", ""wikidata_id"": ""NIL"" } ```",18.534656524658203
document_000019.html,559,575,Sansone e Dalila,Q753152,MISC,Q3948606,Sansone e Dalila,"```json { ""wikipedia_page"": ""Sansone e Dalila"", ""wikidata_id"": ""Q3948606"" } ```",14.27752685546875
document_000022.html,42,50,Turandot,Q354748,MISC,Q207990,Turandot,"```json { ""wikipedia_page"": ""Turandot"", ""wikidata_id"": ""Q207990"" } ```",25.200380325317383
document_000022.html,166,176,Arlecchino,Q922043,MISC,Q17298,Arlecchino,"```json { ""wikipedia_page"": ""Arlecchino"", ""wikidata_id"": ""Q17298"" } ```",19.66366195678711
document_000024.html,107,114,Zabarro,Q468235,MISC,Q114053092,Tabarrino,"```json { ""wikipedia_page"": ""Zabarro"", ""wikidata_id"": ""Q114053092"" } ```",16.812515258789062
document_000024.html,217,223,Marini,Q6700083,PER,Q3107687,Girolamo Maria Marini,"```json { ""wikipedia_page"": ""Girolamo Maria Marini"", ""wikidata_id"": ""Q3107687"" } ```",26.143142700195312
document_000025.html,95,106,il /alsfaff,Q318455,MISC,Q1168413,Falstaff,"```json { ""wikipedia_page"": ""Falstaff"", ""wikidata_id"": ""Q1168413"" } ```",10.580349922180176
document_000025.html,332,342,De Hidalgo,Q465195,PER,Q730336,La Périchole,"```json { ""wikipedia_page"": ""La Périchole"", ""wikidata_id"": ""Q730336"" } ```",18.296314239501953
document_000025.html,355,362,Hackett,Q767676,PER,Q315811,Steve Hackett,"```json { ""wikipedia_page"": ""Steve Hackett"", ""wikidata_id"": ""Q315811"" } ```",21.90300750732422
document_000025.html,378,385,Galeffi,Q1154378,PER,Q64606974,Galeffi,"```json { ""wikipedia_page"": ""Galeffi"", ""wikidata_id"": ""Q64606974"" } ```",24.65132713317871
document_000025.html,412,420,Azzolini,Q16268143,PER,Q37034039,Azzolini,"```json { ""wikipedia_page"": ""Azzolini"", ""wikidata_id"": ""Q37034039"" } ```",21.61810302734375
document_000026.html,35,51,Maestrit Canfori,Q465540,MISC,Q3842950,Maestro degli angeli cantori,"```json { ""wikipedia_page"": ""Maestro degli angeli cantori"", ""wikidata_id"": ""Q3842950"" } ```",11.3538818359375
document_000026.html,213,222,Wildbrunn,Q89504,PER,Q1360496,Ernst Waldbrunn,"```json { ""wikipedia_page"": ""Ernst Waldbrunn"", ""wikidata_id"": ""Q1360496"" } ```",15.197793960571289
document_000026.html,239,249,De Angelis,Q2536286,PER,Q3870133,Nanni De Angelis,"```json { ""wikipedia_page"": ""Nanni De Angelis"", ""wikidata_id"": ""Q3870133"" } ```",20.408164978027344
document_000027.html,344,348,Rota,Q97571478,PER,Q214665,Nino Rota,"```json { ""wikipedia_page"": ""Nino Rota"", ""wikidata_id"": ""Q214665"" } ```",17.38121795654297
document_000027.html,350,360,Rovescalli,Q94288706,PER,Q3140638,Renzo Garlaschelli,"```json { ""wikipedia_page"": ""Renzo Garlaschelli"", ""wikidata_id"": ""Q3140638"" } ```",19.89806365966797
document_000027.html,362,371,Marchioro,NIL,PER,Q3770903,Giuseppe Marchioro,"```json { ""wikipedia_page"": ""Giuseppe Marchioro"", ""wikidata_id"": ""Q3770903"" } ```",20.605241775512695
document_000027.html,383,389,Grandi,NIL,PER,Q948575,Alessandro Grandi,"```json { ""wikipedia_page"": ""Alessandro Grandi"", ""wikidata_id"": ""Q948575"" } ```",16.97747802734375
document_000028.html,85,97,Maria Avezza,NIL,PER,Q105945228,Eva Avossa,"```json { ""wikipedia_page"": ""Maria Avezza"", ""wikidata_id"": ""Q105945228"" } ```",26.39767837524414
document_000028.html,199,216,Mafalda de Voltri,NIL,PER,Q7001879,Mafalda Antonelli,"```json { ""wikipedia_page"": ""Mafalda Antonelli"", ""wikidata_id"": ""Q7001879"" } ```",25.5786190032959
document_000028.html,218,227,Eva Didur,Q50356749,PER,Q4506718,Eva Todor,"```json { ""wikipedia_page"": ""Eva Didur"", ""wikidata_id"": ""Q4506718"" } ```",27.356380462646484
document_000028.html,245,258,Anna Gramegna,Q102075886,PER,Q3847303,Maria Gramegna,"```json { ""wikipedia_page"": ""Anna Gramegna"", ""wikidata_id"": ""Q3847303"" } ```",29.43396759033203
document_000028.html,274,292,Auna Masetti Bassi,NIL,PER,Q105836450,Ada Masotti,"```json { ""wikipedia_page"": ""Ada Masotti"", ""wikidata_id"": ""Q105836450"" } ```",22.737245559692383
document_000028.html,294,313,Margherita Sheridan,Q6759227,PER,Q535633,Margaret Sheridan,"```json { ""wikipedia_page"": ""Margaret Sheridan"", ""wikidata_id"": ""Q535633"" } ```",30.710647583007812
document_000028.html,315,326,Giulia Tess,Q63479708,PER,Q7705553,Tess,"```json { ""wikipedia_page"": ""Giulia Tess"", ""wikidata_id"": ""Q7705553"" } ```",29.69287109375
document_000028.html,358,372,Noretta Zonghi,NIL,PER,Q3876704,Nietta Zocchi,"```json { ""wikipedia_page"": ""Nietta Zocchi"", ""wikidata_id"": ""Q3876704"" } ```",27.532712936401367
document_000029.html,153,167,Mario Frigerio,NIL,PER,Q48814054,Maurilio Frigerio,"```json { ""wikipedia_page"": ""Mario Frigerio"", ""wikidata_id"": ""Q48814054"" } ```",30.180438995361328
document_000032.html,120,125,Longo,Q1934977,PER,Q3105065,Giacomo Longo,"```json { ""wikipedia_page"": ""Giacomo Longo"", ""wikidata_id"": ""Q3105065"" } ```",22.0330867767334
document_000032.html,127,134,Cantani,NIL,PER,Q26972339,Tiziano Cantatore,"```json { ""wikipedia_page"": ""Tiziano Cantatore"", ""wikidata_id"": ""Q26972339"" } ```",21.766286849975586
document_000032.html,136,145,Viterbini,NIL,PER,Q1528696,Giuseppe Valentini,"```json { ""wikipedia_page"": ""Giuseppe Valentini"", ""wikidata_id"": ""Q1528696"" } ```",21.06962776184082
document_000032.html,160,167,Scarano,NIL,PER,Q3886148,Oronzo Mario Scarano,"```json { ""wikipedia_page"": ""Oronzo Mario Scarano"", ""wikidata_id"": ""Q3886148"" } ```",23.9299373626709
document_000032.html,215,225,Olga Greco,NIL,PER,Q5973336,Leonid Greco,"```json { ""wikipedia_page"": ""Olga Greco"", ""wikidata_id"": ""Q5973336"" } ```",28.726552963256836
document_000032.html,228,238,Rina Rossi,NIL,PER,Q20016380,Rina Massardi,"```json { ""wikipedia_page"": ""Rina Massardi"", ""wikidata_id"": ""Q20016380"" } ```",30.147445678710938
document_000032.html,376,393,Sonata a Kreutzer,Q1154601,MISC,Q1214091,Sonata a Kreutzer,"```json { ""wikipedia_page"": ""Sonata a Kreutzer"", ""wikidata_id"": ""Q1214091"" } ```",18.796415328979492
document_000032.html,546,553,Consolo,Q16189778,PER,Q1371914,solista,"```json { ""wikipedia_page"": ""solista"", ""wikidata_id"": ""Q1371914"" } ```",12.27962589263916
document_000032.html,562,576,Tina Filipponi,NIL,PER,Q1247460,Titina De Filippo,"```json { ""wikipedia_page"": ""Tina Filipponi"", ""wikidata_id"": ""Q1247460"" } ```",29.097789764404297
document_000033.html,165,172,Riboldi,NIL,PER,Q20954174,Maria Riboldi,"```json { ""wikipedia_page"": ""Maria Riboldi"", ""wikidata_id"": ""Q20954174"" } ```",21.356130599975586
document_000033.html,177,189,Notargiacomo,NIL,PER,Q55281516,Gianfranco Notargiacomo,"```json { ""wikipedia_page"": ""Gianfranco Notargiacomo"", ""wikidata_id"": ""Q55281516"" } ```",17.51154899597168
document_000033.html,191,201,1’Agozzino,NIL,PER,Q1130986,Agostino Accorimboni,"```json { ""wikipedia_page"": ""Agostino Accorimboni"", ""wikidata_id"": ""Q1130986"" } ```",17.57693099975586
document_000033.html,215,224,Minghetti,NIL,PER,Q55087834,Minghetti,"```json { ""wikipedia_page"": ""Minghetti"", ""wikidata_id"": ""Q55087834"" } ```",28.45586395263672
document_000033.html,258,270,dall’America,Q828,LOC,Q30,Stati Uniti d'America,"```json { ""wikipedia_page"": ""Stati Uniti d'America"", ""wikidata_id"": ""Q30"" } ```",10.442381858825684
document_000033.html,334,343,Polveroni,NIL,PER,Q4016124,Volfango Polverelli,"```json { ""wikipedia_page"": ""Volfango Polverelli"", ""wikidata_id"": ""Q4016124"" } ```",21.67068099975586
document_000035.html,92,99,Ranuzzi,Q1442098,PER,Q3559951,Vincenzo Ranuzzi,"```json { ""wikipedia_page"": ""Vincenzo Ranuzzi"", ""wikidata_id"": ""Q3559951"" } ```",26.3033390045166
document_000035.html,233,238,Rella,NIL,PER,Q1248235,Gabriella Relle,"```json { ""wikipedia_page"": ""Gabriella Relle"", ""wikidata_id"": ""Q1248235"" } ```",18.131689071655273
document_000035.html,245,252,Sistina,Q1236085,ORG,Q2943,cappella Sistina,"```json { ""wikipedia_page"": ""cappella Sistina"", ""wikidata_id"": ""Q2943"" } ```",18.54104232788086
document_000035.html,259,264,Boezi,Q29646877,PER,Q279121,Antoine Boësset,"```json { ""wikipedia_page"": ""Antoine Boësset"", ""wikidata_id"": ""Q279121"" } ```",21.494447708129883
document_000038.html,96,100,Roma,NIL,LOC,Q220,Roma,"```json { ""wikipedia_page"": ""Roma"", ""wikidata_id"": ""Q220"" } ```",23.95549964904785
document_000038.html,210,218,Augusteo,Q3616668,LOC,Q3516747,Teatro Augusteo,"```json { ""wikipedia_page"": ""Teatro Augusteo"", ""wikidata_id"": ""Q3516747"" } ```",13.565208435058594
document_000038.html,229,237,Costanzi,Q1050350,LOC,Q1525849,Giovanni Battista Costanzi,"```json { ""wikipedia_page"": ""Giovanni Battista Costanzi"", ""wikidata_id"": ""Q1525849"" } ```",13.856538772583008
document_000041.html,415,433,Teatro dei Piccoli,NIL,LOC,Q3982093,Teatro Piccolo,"```json { ""wikipedia_page"": ""Teatro dei Piccoli"", ""wikidata_id"": ""Q3982093"" } ```",28.15589714050293
document_000041.html,510,520,Ciottolino,NIL,MISC,Q4516121,Cipollino,"```json { ""wikipedia_page"": ""Cipollino"", ""wikidata_id"": ""Q4516121"" } ```",18.628292083740234
document_000043.html,74,93,concerto gregoriano,Q11300734,MISC,Q26473,canto gregoriano,"```json { ""wikipedia_page"": ""canto gregoriano"", ""wikidata_id"": ""Q26473"" } ```",23.291358947753906
document_000043.html,111,129,/mpressioni pagane,NIL,MISC,Q283912,improperia,"```json { ""wikipedia_page"": ""improperia"", ""wikidata_id"": ""Q283912"" } ```",12.670408248901367
document_000043.html,168,175,Mantica,NIL,PER,Q2835617,Alfredo Mantica,"```json { ""wikipedia_page"": ""Alfredo Mantica"", ""wikidata_id"": ""Q2835617"" } ```",22.98163414001465
document_000044.html,354,361,Mantica,NIL,PER,Q3609247,Aldo Mantia,"```json { ""wikipedia_page"": ""Aldo Mantia"", ""wikidata_id"": ""Q3609247"" } ```",16.319026947021484
document_000044.html,430,440,l’Augusteo,Q3616668,LOC,Q3516747,Teatro Augusteo,"```json { ""wikipedia_page"": ""Teatro Augusteo"", ""wikidata_id"": ""Q3516747"" } ```",13.213252067565918
document_000045.html,451,458,Mantica,NIL,PER,Q2835617,Alfredo Mantica,"```json { ""wikipedia_page"": ""Alfredo Mantica"", ""wikidata_id"": ""Q2835617"" } ```",18.856924057006836
document_000046.html,41,57,Alberto Veggetti,NIL,PER,Q3724541,Emilio Veggetti,"```json { ""wikipedia_page"": ""Alberto Veggetti"", ""wikidata_id"": ""Q3724541"" } ```",30.630413055419922
document_000046.html,68,83,Riccardo Scozzi,NIL,PER,Q725818,Riccardo Broschi,"```json { ""wikipedia_page"": ""Riccardo Broschi"", ""wikidata_id"": ""Q725818"" } ```",34.52413558959961
document_000046.html,92,105,Carlo Luperti,NIL,PER,Q766389,Carlo Pedrotti,"```json { ""wikipedia_page"": ""Carlo Pedrotti"", ""wikidata_id"": ""Q766389"" } ```",30.94976806640625
document_000046.html,120,139,Marsilio Ceccarelli,Q102289005,PER,Q1610711,Giampiero Ceccarelli,"```json { ""wikipedia_page"": ""Giampiero Ceccarelli"", ""wikidata_id"": ""Q1610711"" } ```",27.253726959228516
document_000046.html,149,164,Gino Barabaschi,NIL,PER,Q15298499,Gino Burcovich,"```json { ""wikipedia_page"": ""Gino Barabaschi"", ""wikidata_id"": ""Q15298499"" } ```",32.33457565307617
document_000047.html,32,41,Ida Ricci,NIL,PER,Q112121032,Maria Irene Ricci,"```json { ""wikipedia_page"": ""Ida Ricci"", ""wikidata_id"": ""Q112121032"" } ```",34.27129364013672
document_000047.html,56,72,Giuditta Sartori,NIL,PER,Q3769162,Giuditta Saltarini,"```json { ""wikipedia_page"": ""Giuditta Sartori"", ""wikidata_id"": ""Q3769162"" } ```",35.4414176940918
document_000048.html,44,60,Sonata in Za mix,Q3073254,MISC,Q2031786,Sonata per pianoforte n. 9 (Skrjabin),"```json { ""wikipedia_page"": ""Sonata per pianoforte n. 9 (Skrjabin)"", ""wikidata_id"": ""Q2031786"" } ```",29.952178955078125
document_000049.html,105,110,Ricci,NIL,PER,Q17582684,Angela Ricci Lucchi,"```json { ""wikipedia_page"": ""Angela Ricci Lucchi"", ""wikidata_id"": ""Q17582684"" } ```",17.23401641845703
document_000049.html,121,128,Sartori,NIL,PER,Q28357738,Giacomo Sartori,"```json { ""wikipedia_page"": ""Giacomo Sartori"", ""wikidata_id"": ""Q28357738"" } ```",19.85422706604004
document_000050.html,106,132,Societa Amici della Musica,NIL,ORG,Q3963780,Società d'incoraggiamento d'arti e mestieri,"```json { ""wikipedia_page"": ""Società d'incoraggiamento d'arti e mestieri"", ""wikidata_id"": ""Q3963780"" } ```",24.61802864074707
document_000050.html,144,158,Eugenio Albini,Q124499318,PER,Q3734311,Eugenio Cavallini,"```json { ""wikipedia_page"": ""Eugenio Cavallini"", ""wikidata_id"": ""Q3734311"" } ```",28.3551025390625
document_000050.html,176,188,Augusta Coen,NIL,PER,Q21030405,Costanza Coen,"```json { ""wikipedia_page"": ""Augusta Coen"", ""wikidata_id"": ""Q21030405"" } ```",31.730207443237305
document_000050.html,227,247,Giornale della donna,Q3794191,ORG,Q61711801,Giornale delle donne,"```json { ""wikipedia_page"": ""Giornale delle donne"", ""wikidata_id"": ""Q61711801"" } ```",28.5606746673584
document_000051.html,0,29,Nell’oratorio di San Marcello,Q1165020,LOC,Q972881,chiesa di San Marcello al Corso,"```json { ""wikipedia_page"": ""chiesa di San Marcello al Corso"", ""wikidata_id"": ""Q972881"" } ```",19.113037109375
document_000051.html,92,99,Zuccari,NIL,PER,Q434058,Taddeo Zuccari,"```json { ""wikipedia_page"": ""Taddeo Zuccari"", ""wikidata_id"": ""Q434058"" } ```",17.13735580444336
document_000051.html,121,135,Cardenio Botti,Q100077371,PER,Q5527606,Gaudenzio Botti,"```json { ""wikipedia_page"": ""Cardenio Botti"", ""wikidata_id"": ""Q5527606"" } ```",33.07638931274414
document_000051.html,153,163,l’Alaleona,Q2262438,MISC,Q3607527,Al Rangone,"```json { ""wikipedia_page"": ""Al Rangone"", ""wikidata_id"": ""Q3607527"" } ```",12.103543281555176
document_000051.html,247,265,Casa degli Artisti,Q3661195,LOC,NIL,Casa degli Artisti,"```json { ""wikipedia_page"": ""NIL"", ""wikidata_id"": ""NIL"" } ```",20.83051300048828
document_000052.html,2,7,Botti,Q100077371,PER,Q1465407,Giovanni Botti,"```json { ""wikipedia_page"": ""Giovanni Botti"", ""wikidata_id"": ""Q1465407"" } ```",20.85201644897461
document_000052.html,576,581,Botti,Q100077371,PER,NIL,Botti,"```json { ""wikipedia_page"": ""NIL"", ""wikidata_id"": ""NIL"" } ```",18.003177642822266
document_000052.html,141,155,Libuje Bohmova,NIL,PER,Q12805749,,"```json { ""wikipedia_page"": ""Libuje Bohmova"", ""wikidata_id"": ""Q12805749"" } ```",29.04966926574707
document_000052.html,184,200,Amelia Catenacci,NIL,PER,Q16525848,Amelia Sarteschi Calani Carletti,"```json { ""wikipedia_page"": ""Amelia Catenacci"", ""wikidata_id"": ""Q16525848"" } ```",40.048065185546875
document_000052.html,400,411,Guido Guida,NIL,PER,Q18223603,Guido Maria Guida,"```json { ""wikipedia_page"": ""Guido Maria Guida"", ""wikidata_id"": ""Q18223603"" } ```",37.24453353881836
document_000052.html,713,732,Circole Marchigiano,NIL,ORG,Q3677532,Circoli,"```json { ""wikipedia_page"": ""Circolo Marchigiano"", ""wikidata_id"": ""Q3677532"" } ```",12.807293891906738
document_000052.html,733,749,Elena D’Ambrosio,NIL,PER,Q1346083,Enzo D'Ambrosio,"```json { ""wikipedia_page"": ""Elena D’Ambrosio"", ""wikidata_id"": ""Q1346083"" } ```",25.551088333129883
document_000052.html,854,865,La felicita,NIL,MISC,Q48319398,La felicità,"```json { ""wikipedia_page"": ""La felicità"", ""wikidata_id"": ""Q48319398"" } ```",17.7590389251709
document_000053.html,9,19,D’Ambrosio,NIL,PER,Q41007438,Domenico D'Ambrosio,"```json { ""wikipedia_page"": ""Domenico D'Ambrosio"", ""wikidata_id"": ""Q41007438"" } ```",14.408121109008789
document_000053.html,237,254,Dario Vayra Gallo,NIL,PER,Q3702674,Dario Vangeli,"```json { ""wikipedia_page"": ""Dario Vangeli"", ""wikidata_id"": ""Q3702674"" } ```",26.652599334716797
document_000053.html,243,248,Vayra,NIL,PER,Q3702681,Dario Villa,"```json { ""wikipedia_page"": ""Dario Villa"", ""wikidata_id"": ""Q3702681"" } ```",20.182811737060547
document_000053.html,404,418,Cardenio Botti,Q100077371,PER,Q3658438,Cardellini del fontanino,"```json { ""wikipedia_page"": ""Cardellini del fontanino"", ""wikidata_id"": ""Q3658438"" } ```",25.105693817138672
document_000054.html,12,28,Maria Capoccetti,NIL,PER,Q1895769,Maria Cocchetti,"```json { ""wikipedia_page"": ""Maria Cocchetti"", ""wikidata_id"": ""Q1895769"" } ```",31.36577606201172
document_000054.html,257,274,Emanuele Riadnoff,NIL,PER,Q28112211,Emanuele Aldrovandi,"```json { ""wikipedia_page"": ""Emanuele Aldrovandi"", ""wikidata_id"": ""Q28112211"" } ```",24.638019561767578
document_000054.html,323,337,Cirvcolo Russo,NIL,ORG,Q207808,Circo Massimo,"```json { ""wikipedia_page"": ""Circo Massimo"", ""wikidata_id"": ""Q207808"" } ```",13.396529197692871
document_000055.html,163,176,Sala Nazareno,NIL,LOC,Q3884431,oratorio dei Santi Nazario e Celso,"```json { ""wikipedia_page"": ""oratorio dei Santi Nazario e Celso"", ""wikidata_id"": ""Q3884431"" } ```",18.56513023376465
document_000057.html,75,91,Marcia trionfale,NIL,MISC,Q3774332,Gran Marcia Trionfale,"```json { ""wikipedia_page"": ""Gran Marcia Trionfale"", ""wikidata_id"": ""Q3774332"" } ```",13.63277530670166
document_000057.html,94,104,Vouverture,NIL,MISC,Q3887695,Overture,"```json { ""wikipedia_page"": ""Overture"", ""wikidata_id"": ""Q3887695"" } ```",12.964202880859375
document_000057.html,111,120,Cleopatra,NIL,MISC,Q635,Cleopatra,"```json { ""wikipedia_page"": ""Cleopatra"", ""wikidata_id"": ""Q635"" } ```",21.849864959716797
document_000057.html,122,141,I voti di S. Chiara,NIL,MISC,Q191107,Chiara d'Assisi,"```json { ""wikipedia_page"": ""Chiara d'Assisi"", ""wikidata_id"": ""Q191107"" } ```",12.185506820678711
document_000057.html,145,187,Lf Corteo imperiale nella valle di Spoleto,NIL,MISC,Q20571,Spoleto,"```json { ""wikipedia_page"": ""Spoleto"", ""wikidata_id"": ""Q20571"" } ```",12.767578125
document_000058.html,36,47,Ada La Face,NIL,PER,Q113482937,Ada Arca,"```json { ""wikipedia_page"": ""Ada La Face"", ""wikidata_id"": ""Q113482937"" } ```",30.058605194091797
document_000059.html,228,247,Don Filippo Caetani,NIL,PER,Q55226187,Filippo Caetani,"```json { ""wikipedia_page"": ""Filippo Caetani"", ""wikidata_id"": ""Q55226187"" } ```",18.302059173583984
document_000059.html,261,266,Peano,Q58905,LOC,Q191029,Giuseppe Peano,"```json { ""wikipedia_page"": ""Giuseppe Peano"", ""wikidata_id"": ""Q191029"" } ```",16.081436157226562
document_000059.html,284,295,Donna Elena,NIL,PER,Q260525,Elena d'Orléans,"```json { ""wikipedia_page"": ""Elena d'Orléans"", ""wikidata_id"": ""Q260525"" } ```",14.16893482208252
document_000059.html,364,379,Giunone placata,NIL,MISC,Q3769839,Giunone Sospita,"```json { ""wikipedia_page"": ""Giunone Sospita"", ""wikidata_id"": ""Q3769839"" } ```",15.68543529510498
document_000060.html,59,64,Pangi,Q90,LOC,Q5493356,François Pagi,"```json { ""wikipedia_page"": ""François Pagi"", ""wikidata_id"": ""Q5493356"" } ```",13.322647094726562
document_000061.html,37,44,Borroni,Q600955,PER,Q3742114,Felice Borroni,"```json { ""wikipedia_page"": ""Felice Borroni"", ""wikidata_id"": ""Q3742114"" } ```",23.134180068969727
document_000062.html,44,49,Monti,Q723643,PER,Q342543,Vittorio Monti,"```json { ""wikipedia_page"": ""Vittorio Monti"", ""wikidata_id"": ""Q342543"" } ```",20.09406280517578
document_000062.html,54,63,Laroberti,NIL,PER,Q3768006,Giovanni Rajberti,"```json { ""wikipedia_page"": ""Giovanni Rajberti"", ""wikidata_id"": ""Q3768006"" } ```",20.516616821289062
document_000062.html,68,78,Compagnoni,NIL,PER,Q3770345,Giuseppe Compagnoni,"```json { ""wikipedia_page"": ""Giuseppe Compagnoni"", ""wikidata_id"": ""Q3770345"" } ```",24.52332305908203
document_000062.html,84,94,Policastro,NIL,PER,Q63291536,Girolamo Polcastro,"```json { ""wikipedia_page"": ""Girolamo Polcastro"", ""wikidata_id"": ""Q63291536"" } ```",20.75926971435547
document_000062.html,244,252,Callizoe,NIL,MISC,Q5022753,Calliroe,"```json { ""wikipedia_page"": ""Calliroe"", ""wikidata_id"": ""Q5022753"" } ```",22.50124168395996
document_000062.html,311,327,Naso in pericolo,NIL,MISC,Q3793997,Il fischio al naso,"```json { ""wikipedia_page"": ""Il fischio al naso"", ""wikidata_id"": ""Q3793997"" } ```",18.17597770690918
document_000062.html,381,415,supplemento ai vocabolari italiani,NIL,MISC,Q19904357,Vocabolario Greco-Italiano,"```json { ""wikipedia_page"": ""Vocabolario Greco-Italiano"", ""wikidata_id"": ""Q19904357"" } ```",18.395389556884766
document_000063.html,2,12,Pitagorici,NIL,MISC,Q10261,Pitagora,"```json { ""wikipedia_page"": ""Pitagora"", ""wikidata_id"": ""Q10261"" } ```",18.738338470458984
document_000063.html,32,43,Pittagorici,NIL,MISC,Q10261,Pitagora,"```json { ""wikipedia_page"": ""Pitagora"", ""wikidata_id"": ""Q10261"" } ```",14.015694618225098
document_000064.html,33,61,La Scuola Musicale ai Napoli,NIL,MISC,Q1756140,Scuola musicale napoletana,"```json { ""wikipedia_page"": ""Scuola musicale napoletana"", ""wikidata_id"": ""Q1756140"" } ```",21.818553924560547
document_000064.html,84,97,Ferdinando IV,Q312325,PER,Q332717,Ferdinando II delle Due Sicilie,"```json { ""wikipedia_page"": ""Ferdinando II delle Due Sicilie"", ""wikidata_id"": ""Q332717"" } ```",23.88285255432129
document_000064.html,182,192,Pitagorici,NIL,MISC,Q10261,Pitagora,"```json { ""wikipedia_page"": ""Pitagora"", ""wikidata_id"": ""Q10261"" } ```",14.6542387008667
document_000066.html,94,104,Stratonica,NIL,MISC,Q7622229,Stratonice,"```json { ""wikipedia_page"": ""Stratonice"", ""wikidata_id"": ""Q7622229"" } ```",18.135757446289062
document_000066.html,174,182,Lamberti,Q22287284,PER,Q1801433,Lamberto Lambertini,"```json { ""wikipedia_page"": ""Lamberto Lambertini"", ""wikidata_id"": ""Q1801433"" } ```",23.4578800201416
document_000066.html,467,476,Jannicolo,NIL,PER,Q303001,Gianicolo,"```json { ""wikipedia_page"": ""Gianicolo"", ""wikidata_id"": ""Q303001"" } ```",9.768198013305664
document_000066.html,503,509,Gianni,Q1441051,PER,Q3763524,Gianni Giannini,"```json { ""wikipedia_page"": ""Gianni Giannini"", ""wikidata_id"": ""Q3763524"" } ```",11.203168869018555
document_000067.html,72,77,Rocca,Q3817438,PER,Q63524080,Rocco,"```json { ""wikipedia_page"": ""Rocco"", ""wikidata_id"": ""Q63524080"" } ```",13.001527786254883
document_000067.html,171,184,Cella azzurra,NIL,MISC,Q108713711,Palazzina Azzurra,"```json { ""wikipedia_page"": ""Palazzina Azzurra"", ""wikidata_id"": ""Q108713711"" } ```",11.667608261108398
document_000067.html,252,260,Augusteo,Q3616668,LOC,Q3516747,Teatro Augusteo,"```json { ""wikipedia_page"": ""Teatro Augusteo"", ""wikidata_id"": ""Q3516747"" } ```",16.152835845947266
document_000067.html,285,323,Mostra italiana del novecento musicale,NIL,MISC,Q3866168,Mostra Internazionale di Musica Leggera,"```json { ""wikipedia_page"": ""Mostra Internazionale di Musica Leggera"", ""wikidata_id"": ""Q3866168"" } ```",24.087160110473633
document_000068.html,176,197,R. Conserv.di Palermo,Q3687235,ORG,Q27961108,Seminario arcivescovile di Palermo,"```json { ""wikipedia_page"": ""Seminario arcivescovile di Palermo"", ""wikidata_id"": ""Q27961108"" } ```",19.240516662597656
document_000068.html,236,258,Vito Trasselli Varvaro,NIL,PER,Q4015134,Vito Santarsiero,"```json { ""wikipedia_page"": ""Vito Trasselli Varvaro"", ""wikidata_id"": ""Q4015134"" } ```",27.605348587036133
document_000069.html,219,229,Mercadante,Q313980,PER,Q3820083,La Vestale,"```json { ""wikipedia_page"": ""La Vestale"", ""wikidata_id"": ""Q3820083"" } ```",14.440218925476074
document_000070.html,70,77,Carelli,Q5372752,PER,Q1132533,Caterina Gabrielli,"```json { ""wikipedia_page"": ""Caterina Gabrielli"", ""wikidata_id"": ""Q1132533"" } ```",19.338964462280273
document_000070.html,168,182,Colonia libera,NIL,MISC,Q3683466,Colonia Firenze,"```json { ""wikipedia_page"": ""Colonia libera"", ""wikidata_id"": ""Q3683466"" } ```",14.879659652709961
document_000070.html,206,213,Lorenza,NIL,MISC,Q3836851,Lorenza Guerrieri,"```json { ""wikipedia_page"": ""Lorenza Guerrieri"", ""wikidata_id"": ""Q3836851"" } ```",19.786632537841797
document_000070.html,217,227,Mascheroni,Q3719624,PER,Q4015435,Vittorio Mascheroni,"```json { ""wikipedia_page"": ""Vittorio Mascheroni"", ""wikidata_id"": ""Q4015435"" } ```",25.270450592041016
document_000071.html,46,56,Margherita,NIL,PER,Q107972501,Margherita Malatesta di Rimini,"```json { ""wikipedia_page"": ""Margherita Malatesta di Rimini"", ""wikidata_id"": ""Q107972501"" } ```",14.259991645812988
document_000071.html,76,85,Desdemona,NIL,PER,Q3272719,Desdemona,"```json { ""wikipedia_page"": ""Desdemona"", ""wikidata_id"": ""Q3272719"" } ```",27.328922271728516
document_000071.html,86,98,nell’Ovtedlo,Q172324,MISC,Q26833,Otello,"```json { ""wikipedia_page"": ""Otello"", ""wikidata_id"": ""Q26833"" } ```",18.296186447143555
document_000071.html,103,111,Santuzza,NIL,PER,Q109188955,Sant'Audace,"```json { ""wikipedia_page"": ""Santuzza"", ""wikidata_id"": ""Q109188955"" } ```",11.430088996887207
document_000072.html,4,27,Giovane Lirica Italiana,NIL,ORG,Q1525676,Giovane Scuola,"```json { ""wikipedia_page"": ""Giovane Lirica Italiana"", ""wikidata_id"": ""Q1525676"" } ```",21.41927719116211
document_000072.html,106,120,Vicolo Morgana,NIL,LOC,Q28670523,via Borgognona,"```json { ""wikipedia_page"": ""via Borgognona"", ""wikidata_id"": ""Q28670523"" } ```",21.87881088256836
document_000072.html,139,149,via Tnbuna,NIL,LOC,Q4010786,via de' Tornabuoni,"```json { ""wikipedia_page"": ""via de' Tornabuoni"", ""wikidata_id"": ""Q4010786"" } ```",22.66506004333496
document_000073.html,14,21,Rizzoli,NIL,PER,Q524680,Anna Maria Rizzoli,"```json { ""wikipedia_page"": ""Anna Maria Rizzoli"", ""wikidata_id"": ""Q524680"" } ```",17.80649185180664
document_000073.html,144,155,Guglielmina,NIL,PER,Q572198,Guglielma di Milano,"```json { ""wikipedia_page"": ""Guglielma di Milano"", ""wikidata_id"": ""Q572198"" } ```",13.09601879119873
document_000073.html,162,173,Swor Teresa,NIL,MISC,Q377685,Maria Stuarda,"```json { ""wikipedia_page"": ""Maria Stuarda"", ""wikidata_id"": ""Q377685"" } ```",16.04867172241211
document_000073.html,177,199,Teatro Santa Radegonda,NIL,LOC,Q3982039,Teatro Lirico,"```json { ""wikipedia_page"": ""Teatro Santa Radegonda"", ""wikidata_id"": ""Q3982039"" } ```",24.544719696044922
document_000073.html,216,235,Compagnia Barracani,NIL,ORG,Q22683520,Barracco,"```json { ""wikipedia_page"": ""Barracco"", ""wikidata_id"": ""Q22683520"" } ```",23.921480178833008
document_000074.html,74,91,Ingenua di Parigi,NIL,MISC,Q117482,Ingenua,"```json { ""wikipedia_page"": ""Ingenua"", ""wikidata_id"": ""Q117482"" } ```",19.77163314819336
document_000074.html,98,115,Fuoco al Convento,NIL,MISC,Q1167837,Il fuoco,"```json { ""wikipedia_page"": ""Il fuoco"", ""wikidata_id"": ""Q1167837"" } ```",18.418174743652344
document_000074.html,123,146,Signora di Saint Tropez,NIL,MISC,Q3492149,Sous le soleil de Saint-Tropez,"```json { ""wikipedia_page"": ""Sous le soleil de Saint-Tropez"", ""wikidata_id"": ""Q3492149"" } ```",20.71161460876465
document_000074.html,154,160,Teresa,NIL,MISC,Q237987,Teresa di León,"```json { ""wikipedia_page"": ""Teresa di León"", ""wikidata_id"": ""Q237987"" } ```",17.681447982788086
document_000074.html,186,206,Biricchino di Parigi,NIL,MISC,Q3794244,Il giro del mondo di un birichino di Parigi,"```json { ""wikipedia_page"": ""Il giro del mondo di un birichino di Parigi"", ""wikidata_id"": ""Q3794244"" } ```",16.570598602294922
document_000075.html,6,25,compagnia Barracani,NIL,ORG,Q22683520,Barracco,"```json { ""wikipedia_page"": ""Barracco"", ""wikidata_id"": ""Q22683520"" } ```",19.7821102142334
document_000075.html,29,36,Rizzoli,NIL,PER,Q524680,Anna Maria Rizzoli,"```json { ""wikipedia_page"": ""Anna Maria Rizzoli"", ""wikidata_id"": ""Q524680"" } ```",22.795677185058594
document_000075.html,59,66,Arcelli,NIL,PER,Q24578756,Enrico Arcelli,"```json { ""wikipedia_page"": ""Enrico Arcelli"", ""wikidata_id"": ""Q24578756"" } ```",18.30902671813965
document_000075.html,165,172,Cazzola,Q3680481,PER,Q27571831,Gianni Cazzola,"```json { ""wikipedia_page"": ""Gianni Cazzola"", ""wikidata_id"": ""Q27571831"" } ```",24.1298828125
document_000076.html,90,97,Cazzola,Q3680481,PER,NIL,Cazzola,"```json { ""wikipedia_page"": ""NIL"", ""wikidata_id"": ""NIL"" } ```",23.234289169311523
document_000076.html,222,229,Firenze,Q2044,LOC,Q3982074,Teatro Niccolini,"```json { ""wikipedia_page"": ""Teatro Niccolini"", ""wikidata_id"": ""Q3982074"" } ```",18.0172061920166
document_000077.html,13,38,Compagnia dello Stacchini,Q3620241,ORG,Q3981990,teatro Fraschini,"```json { ""wikipedia_page"": ""teatro Fraschini"", ""wikidata_id"": ""Q3981990"" } ```",23.54985237121582
document_000077.html,87,93,Romani,NIL,PER,Q63025648,Romana Rompato,"```json { ""wikipedia_page"": ""Romana Rompato"", ""wikidata_id"": ""Q63025648"" } ```",12.844789505004883
document_000077.html,167,174,RizZoli,NIL,PER,Q524680,Anna Maria Rizzoli,"```json { ""wikipedia_page"": ""Anna Maria Rizzoli"", ""wikidata_id"": ""Q524680"" } ```",22.666868209838867
document_000078.html,8,25,Angelo Bartelloni,Q102284384,PER,NIL,Angelo Bartelloni,"```json { ""wikipedia_page"": ""NIL"", ""wikidata_id"": ""NIL"" } ```",34.60322189331055
document_000079.html,108,118,Frezzolini,Q451231,PER,Q1381618,Giuseppe Frezzolini,"```json { ""wikipedia_page"": ""Giuseppe Frezzolini"", ""wikidata_id"": ""Q1381618"" } ```",15.84151840209961
document_000080.html,93,100,La Maio,NIL,PER,Q13581225,Luigi Di Maio,"```json { ""wikipedia_page"": ""Luigi Di Maio"", ""wikidata_id"": ""Q13581225"" } ```",26.42946434020996
document_000080.html,112,124,Mariano Neri,NIL,PER,Q105397128,Mario Neri,"```json { ""wikipedia_page"": ""Mario Neri"", ""wikidata_id"": ""Q105397128"" } ```",37.4976806640625
document_000080.html,140,145,Proni,NIL,PER,Q64528069,Giovanni Proni,"```json { ""wikipedia_page"": ""Giovanni Proni"", ""wikidata_id"": ""Q64528069"" } ```",23.94422721862793
document_000081.html,123,130,Bellini,NIL,PER,Q170209,Vincenzo Bellini,"```json { ""wikipedia_page"": ""Vincenzo Bellini"", ""wikidata_id"": ""Q170209"" } ```",25.680654525756836
document_000081.html,166,175,Gaggiotti,NIL,PER,Q3734358,Eugenio Gaggiotti,"```json { ""wikipedia_page"": ""Eugenio Gaggiotti"", ""wikidata_id"": ""Q3734358"" } ```",26.82680892944336
document_000081.html,184,202,ValentiniCristiani,NIL,PER,Q1528696,Giuseppe Valentini,"```json { ""wikipedia_page"": ""Giuseppe Valentini"", ""wikidata_id"": ""Q1528696"" } ```",22.69026756286621
document_000082.html,59,64,Nigra,Q962574,PER,Q3107290,Giovanni Nigra,"```json { ""wikipedia_page"": ""Giovanni Nigra"", ""wikidata_id"": ""Q3107290"" } ```",15.865330696105957
document_000082.html,94,125,Societa italiana di beneficenza,NIL,ORG,Q1528836,Società San Vincenzo De Paoli,"```json { ""wikipedia_page"": ""Società San Vincenzo De Paoli"", ""wikidata_id"": ""Q1528836"" } ```",18.843835830688477
document_000083.html,61,72,Don Bartolo,NIL,PER,Q439050,Bartolo da Sassoferrato,"```json { ""wikipedia_page"": ""Bartolo da Sassoferrato"", ""wikidata_id"": ""Q439050"" } ```",10.662320137023926
document_000083.html,128,140,Enrico Topai,NIL,PER,Q3725656,Enrico Campi,"```json { ""wikipedia_page"": ""Enrico Campi"", ""wikidata_id"": ""Q3725656"" } ```",26.525543212890625
document_000083.html,260,266,Fagott,NIL,PER,Q159998,fagotto,"```json { ""wikipedia_page"": ""fagotto"", ""wikidata_id"": ""Q159998"" } ```",20.222261428833008
document_000083.html,287,294,Favoria,Q467394,MISC,Q186162,La traviata,"```json { ""wikipedia_page"": ""La traviata"", ""wikidata_id"": ""Q186162"" } ```",13.26092529296875
document_000084.html,211,225,PozziBranzanti,Q26196588,PER,Q93226477,Patrizia Pozzi,"```json { ""wikipedia_page"": ""Patrizia Pozzi"", ""wikidata_id"": ""Q93226477"" } ```",19.4954833984375
document_000084.html,237,244,Minetti,NIL,PER,Q3851365,Massimo Minetti,"```json { ""wikipedia_page"": ""Massimo Minetti"", ""wikidata_id"": ""Q3851365"" } ```",21.317184448242188
document_000084.html,248,257,Dal Negro,NIL,PER,Q2215682,Salvatore Dal Negro,"```json { ""wikipedia_page"": ""Salvatore Dal Negro"", ""wikidata_id"": ""Q2215682"" } ```",21.1573429107666
document_000084.html,264,271,Borella,NIL,PER,Q470123,Lyda Borelli,"```json { ""wikipedia_page"": ""Lyda Borelli"", ""wikidata_id"": ""Q470123"" } ```",17.97844696044922
document_000085.html,3,8,Pozzi,Q26196588,PER,Q14507260,Antonietta Pozzoni,"```json { ""wikipedia_page"": ""Antonietta Pozzoni"", ""wikidata_id"": ""Q14507260"" } ```",18.990537643432617
document_000085.html,136,141,Pozzi,Q26196588,PER,Q14507260,Antonietta Pozzoni,"```json { ""wikipedia_page"": ""Antonietta Pozzoni"", ""wikidata_id"": ""Q14507260"" } ```",18.864017486572266
document_000085.html,165,172,Minetti,NIL,PER,Q540791,Nicole Minetti,"```json { ""wikipedia_page"": ""Nicole Minetti"", ""wikidata_id"": ""Q540791"" } ```",23.119346618652344
document_000085.html,223,230,Steller,Q102288831,PER,Q78623,Anton Stadler,"```json { ""wikipedia_page"": ""Anton Stadler"", ""wikidata_id"": ""Q78623"" } ```",19.65943717956543
document_000085.html,232,238,Figaro,NIL,PER,Q2368973,Figaro,"```json { ""wikipedia_page"": ""Figaro"", ""wikidata_id"": ""Q2368973"" } ```",18.379648208618164
document_000085.html,274,281,Laterza,NIL,PER,Q16658021,Luigi Laterza,"```json { ""wikipedia_page"": ""Luigi Laterza"", ""wikidata_id"": ""Q16658021"" } ```",19.795785903930664
document_000086.html,22,30,Squarcia,Q102279050,PER,Q3875897,Niccolò Squarcina,"```json { ""wikipedia_page"": ""Niccolò Squarcina"", ""wikidata_id"": ""Q3875897"" } ```",17.22739028930664
document_000086.html,177,185,Squarcia,Q102279050,PER,Q18923595,Ferruccio Corradino Squarcia,"```json { ""wikipedia_page"": ""Ferruccio Corradino Squarcia"", ""wikidata_id"": ""Q18923595"" } ```",14.849082946777344
document_000086.html,117,139,il Barbiere di Sivigha,Q208659,MISC,Q632743,Il barbiere di Siviglia,"```json { ""wikipedia_page"": ""Il barbiere di Siviglia"", ""wikidata_id"": ""Q632743"" } ```",12.342535018920898
document_000087.html,61,72,Don Bartolo,NIL,PER,Q439050,Bartolo da Sassoferrato,"```json { ""wikipedia_page"": ""Don Bartolo"", ""wikidata_id"": ""Q439050"" } ```",10.474528312683105
document_000087.html,128,140,Enrico Topai,NIL,PER,Q3725656,Enrico Campi,"```json { ""wikipedia_page"": ""Enrico Campi"", ""wikidata_id"": ""Q3725656"" } ```",26.024147033691406
document_000087.html,260,266,Fagott,NIL,PER,Q159998,fagotto,"```json { ""wikipedia_page"": ""fagotto"", ""wikidata_id"": ""Q159998"" } ```",20.118799209594727
document_000087.html,287,294,Favoria,Q467394,MISC,Q186162,La traviata,"```json { ""wikipedia_page"": ""La traviata"", ""wikidata_id"": ""Q186162"" } ```",13.05303955078125
document_000088.html,213,227,PozziBranzanti,Q26196588,PER,NIL,PozziBranzanti,"```json { ""wikipedia_page"": ""NIL"", ""wikidata_id"": ""NIL"" } ```",19.976194381713867
document_000088.html,239,246,Minetti,NIL,PER,Q3851365,Massimo Minetti,"```json { ""wikipedia_page"": ""Massimo Minetti"", ""wikidata_id"": ""Q3851365"" } ```",21.02467918395996
document_000088.html,254,259,Negro,NIL,PER,Q2215682,Salvatore Dal Negro,"```json { ""wikipedia_page"": ""Salvatore Dal Negro"", ""wikidata_id"": ""Q2215682"" } ```",12.78554916381836
document_000089.html,20,25,Guidi,NIL,PER,Q3736385,Ezio Guidi,"```json { ""wikipedia_page"": ""Ezio Guidi"", ""wikidata_id"": ""Q3736385"" } ```",14.078086853027344
document_000089.html,394,399,Guidi,NIL,PER,Q63396798,Eva Guidi,"```json { ""wikipedia_page"": ""Eva Guidi"", ""wikidata_id"": ""Q63396798"" } ```",15.36491584777832
document_000089.html,114,120,Amelia,NIL,PER,Q461669,Amelia al ballo,"```json { ""wikipedia_page"": ""Amelia al ballo"", ""wikidata_id"": ""Q461669"" } ```",13.220977783203125
document_000089.html,235,243,Anastasi,NIL,PER,Q706235,Albert Anastasia,"```json { ""wikipedia_page"": ""Albert Anastasia"", ""wikidata_id"": ""Q706235"" } ```",14.363165855407715
document_000090.html,0,4,Grau,Q55720644,PER,Q53130,Grado,"```json { ""wikipedia_page"": ""Grado"", ""wikidata_id"": ""Q53130"" } ```",4.844487190246582
document_000090.html,132,137,Guidi,NIL,PER,Q4002811,Ugo Guidi,"```json { ""wikipedia_page"": ""Ugo Guidi"", ""wikidata_id"": ""Q4002811"" } ```",8.246679306030273
document_000090.html,293,302,Gazzaniga,Q1764831,PER,Q3762701,Gian Maria Gazzaniga,"```json { ""wikipedia_page"": ""Gian Maria Gazzaniga"", ""wikidata_id"": ""Q3762701"" } ```",10.870712280273438
document_000091.html,70,86,Aristide Gandrey,Q108614921,PER,Q13708767,Aristide Landi,"```json { ""wikipedia_page"": ""Aristide Landi"", ""wikidata_id"": ""Q13708767"" } ```",31.137399673461914
document_000091.html,292,301,Zanardini,Q3617278,PER,Q1959114,Giovanni Zanardini,"```json { ""wikipedia_page"": ""Giovanni Zanardini"", ""wikidata_id"": ""Q1959114"" } ```",27.131601333618164
document_000093.html,3,18,teatro Brunetti,Q3516753,LOC,Q523565,Teatro San Benedetto,"```json { ""wikipedia_page"": ""Teatro San Benedetto"", ""wikidata_id"": ""Q523565"" } ```",21.256908416748047
document_000093.html,130,137,Emanuel,Q3767166,PER,Q3778904,Guglielmo Emanuel,"```json { ""wikipedia_page"": ""Guglielmo Emanuel"", ""wikidata_id"": ""Q3778904"" } ```",17.917682647705078
document_000093.html,179,185,Odette,NIL,MISC,Q3880852,Odette,"```json { ""wikipedia_page"": ""Odette"", ""wikidata_id"": ""Q3880852"" } ```",17.378198623657227
document_000093.html,335,349,Stella Bonheur,Q102075957,PER,Q7607041,Stella Bonheur,"```json { ""wikipedia_page"": ""Stella Bonheur"", ""wikidata_id"": ""Q7607041"" } ```",36.424415588378906
document_000094.html,65,80,teatro Cemunale,NIL,LOC,Q3982220,Teatro comunale,"```json { ""wikipedia_page"": ""Teatro comunale"", ""wikidata_id"": ""Q3982220"" } ```",9.794412612915039
document_000096.html,0,8,Nouvelli,Q20006145,PER,Q47236,Nove,"```json { ""wikipedia_page"": ""Nove"", ""wikidata_id"": ""Q47236"" } ```",18.000946044921875
document_000096.html,360,370,Telramondo,Q55011259,PER,Q331327,Telamone,"```json { ""wikipedia_page"": ""Telamone"", ""wikidata_id"": ""Q331327"" } ```",9.564010620117188
document_000097.html,10,15,Zardo,NIL,PER,Q3659972,Carlo Zardo,"```json { ""wikipedia_page"": ""Carlo Zardo"", ""wikidata_id"": ""Q3659972"" } ```",11.774102210998535
document_000097.html,300,310,John Urich,NIL,PER,Q3193048,John Ulrich,"```json { ""wikipedia_page"": ""John Ulrich"", ""wikidata_id"": ""Q3193048"" } ```",15.468076705932617
document_000098.html,219,224,Urich,NIL,PER,Q253090,Robert Urich,"```json { ""wikipedia_page"": ""Robert Urich"", ""wikidata_id"": ""Q253090"" } ```",18.145580291748047
document_000098.html,400,409,MacDonald,NIL,MISC,Q4353485,Ballard MacDonald,"```json { ""wikipedia_page"": ""Ballard MacDonald"", ""wikidata_id"": ""Q4353485"" } ```",12.557100296020508
document_000099.html,80,98,Diario de Noticias,Q508252,ORG,Q3727782,Diario de Noticias,"```json { ""wikipedia_page"": ""Diario de Noticias"", ""wikidata_id"": ""Q3727782"" } ```",22.451974868774414
document_000099.html,276,281,Dotti,Q101499677,PER,Q3707908,Dino Dondi,"```json { ""wikipedia_page"": ""Dino Dondi"", ""wikidata_id"": ""Q3707908"" } ```",13.701126098632812
document_000100.html,10,20,Balzofiore,NIL,PER,Q18602234,Salvatore Bellafiore,"```json { ""wikipedia_page"": ""Salvatore Bellafiore"", ""wikidata_id"": ""Q18602234"" } ```",21.440500259399414
document_000100.html,86,111,Nuova Provincia di Molise,NIL,ORG,Q1443,Molise,"```json { ""wikipedia_page"": ""Molise"", ""wikidata_id"": ""Q1443"" } ```",22.343387603759766
document_000102.html,3,17,teatro Rossini,NIL,LOC,Q3982122,Teatro Rossini,"```json { ""wikipedia_page"": ""Teatro Rossini"", ""wikidata_id"": ""Q3982122"" } ```",25.08812713623047
document_000102.html,290,301,Catalanotti,NIL,PER,Q5051232,Catalanotto,"```json { ""wikipedia_page"": ""Catalanotto"", ""wikidata_id"": ""Q5051232"" } ```",20.136131286621094
document_000104.html,17,24,Guarany,Q2735143,MISC,Q1133475,Guarani Futebol Clube,"```json { ""wikipedia_page"": ""Guarani Futebol Clube"", ""wikidata_id"": ""Q1133475"" } ```",18.363916397094727
document_000104.html,157,162,Ebrea,Q339043,MISC,Q191787,Esdra,"```json { ""wikipedia_page"": ""Ebrea"", ""wikidata_id"": ""Q191787"" } ```",11.59210205078125
document_000105.html,61,65,casa,Q102286821,MISC,Q2085381,casa editrice,"```json { ""wikipedia_page"": ""casa editrice"", ""wikidata_id"": ""Q2085381"" } ```",20.424692153930664
document_000105.html,105,120,Adriano Colonna,NIL,PER,Q4228443,Antonio Colonna,"```json { ""wikipedia_page"": ""Adriano Colonna"", ""wikidata_id"": ""Q4228443"" } ```",16.593612670898438
document_000105.html,188,203,teatro Brunetti,Q3516753,LOC,Q3982244,Teatro d'Angennes,"```json { ""wikipedia_page"": ""Teatro d'Angennes"", ""wikidata_id"": ""Q3982244"" } ```",17.825061798095703
document_000105.html,315,322,Emanuel,Q3767166,PER,Q3723821,Emanuel Carnevali,"```json { ""wikipedia_page"": ""Emanuel Carnevali"", ""wikidata_id"": ""Q3723821"" } ```",18.048866271972656
document_000105.html,364,370,Odette,NIL,MISC,Q3880852,Odette,"```json { ""wikipedia_page"": ""Odette"", ""wikidata_id"": ""Q3880852"" } ```",17.43263053894043
document_000106.html,161,167,Borghi,Q3732024,PER,Q99935,Borghi,"```json { ""wikipedia_page"": ""Borghi"", ""wikidata_id"": ""Q99935"" } ```",20.63540267944336
document_000107.html,70,86,Giovanni Sirauss,Q83309,PER,Q105489763,Gianni Siragusa,"```json { ""wikipedia_page"": ""Gianni Siragusa"", ""wikidata_id"": ""Q105489763"" } ```",25.790700912475586
document_000107.html,181,188,G funou,NIL,PER,Q1351718,Gino Funaioli,"```json { ""wikipedia_page"": ""Gino Funaioli"", ""wikidata_id"": ""Q1351718"" } ```",13.375885009765625
document_000108.html,66,75,Politeama,Q3907408,LOC,Q1478356,teatro Politeama Garibaldi,"```json { ""wikipedia_page"": ""teatro Politeama Garibaldi"", ""wikidata_id"": ""Q1478356"" } ```",16.99359703063965
document_000108.html,115,124,Lablanche,NIL,PER,Q477681,Luigi Lablache,"```json { ""wikipedia_page"": ""Luigi Lablache"", ""wikidata_id"": ""Q477681"" } ```",15.754586219787598
document_000108.html,126,134,Delibers,Q98716472,PER,Q207951,Léo Delibes,"```json { ""wikipedia_page"": ""Léo Delibes"", ""wikidata_id"": ""Q207951"" } ```",14.764601707458496
document_000108.html,137,147,Vaniaiecni,NIL,PER,Q675768,János Vanicsek,"```json { ""wikipedia_page"": ""János Vanicsek"", ""wikidata_id"": ""Q675768"" } ```",15.618311882019043
document_000108.html,200,207,Fornari,NIL,PER,Q3743010,Ferrante Fornari,"```json { ""wikipedia_page"": ""Ferrante Fornari"", ""wikidata_id"": ""Q3743010"" } ```",16.38572120666504
document_000108.html,255,262,Gerster,Q450600,PER,Q896918,Ottmar Gerster,"```json { ""wikipedia_page"": ""Ottmar Gerster"", ""wikidata_id"": ""Q896918"" } ```",18.194242477416992
document_000109.html,2,16,teatro Rossini,Q523565,LOC,Q3982122,Teatro Rossini,"```json { ""wikipedia_page"": ""Teatro Rossini"", ""wikidata_id"": ""Q3982122"" } ```",24.10486602783203
document_000109.html,118,129,Marescalchi,Q30416690,PER,Q96937479,Enrico Marescalchi,"```json { ""wikipedia_page"": ""Enrico Marescalchi"", ""wikidata_id"": ""Q96937479"" } ```",26.050352096557617
document_000109.html,177,188,Marescalchi,Q30416690,PER,Q96937479,Enrico Marescalchi,"```json { ""wikipedia_page"": ""Enrico Marescalchi"", ""wikidata_id"": ""Q96937479"" } ```",23.82964515686035
document_000109.html,236,241,Gilda,NIL,PER,Q3824293,Gilda Dalla Rizza,"```json { ""wikipedia_page"": ""Gilda Dalla Rizza"", ""wikidata_id"": ""Q3824293"" } ```",17.90403175354004
document_000110.html,2,18,teatro Bellecour,Q4221,LOC,Q614,place Bellecour,"```json { ""wikipedia_page"": ""place Bellecour"", ""wikidata_id"": ""Q614"" } ```",18.773752212524414
document_000110.html,86,94,Violetti,NIL,PER,Q1767450,Violette,"```json { ""wikipedia_page"": ""Violetti"", ""wikidata_id"": ""Q1767450"" } ```",20.29599952697754
document_000110.html,170,175,Blasi,Q112161628,PER,Q2286436,Silvana Blasi,"```json { ""wikipedia_page"": ""Silvana Blasi"", ""wikidata_id"": ""Q2286436"" } ```",20.611778259277344
document_000110.html,181,191,San Pietro,Q18505526,LOC,Q104835776,chiesa di San Pietro Apostolo,"```json { ""wikipedia_page"": ""chiesa di San Pietro Apostolo"", ""wikidata_id"": ""Q104835776"" } ```",20.410865783691406
document_000110.html,195,202,Lavagna,Q48111,LOC,Q266794,Lavagna,"```json { ""wikipedia_page"": ""Lavagna"", ""wikidata_id"": ""Q266794"" } ```",27.037704467773438
document_000110.html,246,262,Vittorio Salmasi,NIL,PER,Q110611410,Salvatore Sassi,"```json { ""wikipedia_page"": ""Vittorio Salmasi"", ""wikidata_id"": ""Q110611410"" } ```",23.994775772094727
document_000111.html,0,8,Patrasso,Q133123,LOC,Q1098094,Leonardo Patrasso,"```json { ""wikipedia_page"": ""Leonardo Patrasso"", ""wikidata_id"": ""Q1098094"" } ```",13.921683311462402
document_000111.html,112,119,Magotti,NIL,PER,Q3848751,Mario Magotti,"```json { ""wikipedia_page"": ""Mario Magotti"", ""wikidata_id"": ""Q3848751"" } ```",21.542442321777344
document_000111.html,212,228,Carolina Caselli,NIL,PER,Q2963235,Chiara Caselli,"```json { ""wikipedia_page"": ""Carolina Caselli"", ""wikidata_id"": ""Q2963235"" } ```",30.511842727661133
document_000111.html,232,243,Emma Savini,NIL,PER,Q3622987,Armando Savini,"```json { ""wikipedia_page"": ""Emma Savini"", ""wikidata_id"": ""Q3622987"" } ```",26.50896644592285
document_000111.html,259,278,Margherita Fosohini,NIL,PER,Q19370145,Rosina Mantovani Gutti,"```json { ""wikipedia_page"": ""Rosina Mantovani Gutti"", ""wikidata_id"": ""Q19370145"" } ```",28.133480072021484
document_000111.html,287,301,Luigi Ranfagni,NIL,PER,Q3839765,Luigi Lanfranconi,"```json { ""wikipedia_page"": ""Luigi Ranfagni"", ""wikidata_id"": ""Q3839765"" } ```",32.349456787109375
document_000111.html,305,318,Ettore Marchi,NIL,PER,Q3733963,Ettore Marchi,"```json { ""wikipedia_page"": ""Ettore Marchi"", ""wikidata_id"": ""Q3733963"" } ```",40.61361312866211
document_000111.html,329,343,Enrico Massini,NIL,PER,Q769771,Angelo Masini,"```json { ""wikipedia_page"": ""Enrico Massini"", ""wikidata_id"": ""Q769771"" } ```",30.90285301208496
document_000111.html,352,365,Luigi Bergami,NIL,PER,Q3839328,Luigi Bergamaschi,"```json { ""wikipedia_page"": ""Luigi Bergami"", ""wikidata_id"": ""Q3839328"" } ```",29.365806579589844
document_000111.html,386,401,Nazzareno Marsi,NIL,PER,Q114515577,,"```json { ""wikipedia_page"": ""Nazzareno Marsi"", ""wikidata_id"": ""Q114515577"" } ```",26.453493118286133
document_000112.html,122,135,Augusta Fiano,NIL,PER,Q3840441,Luisa Castellani,"```json { ""wikipedia_page"": ""Luisa Castellani"", ""wikidata_id"": ""Q3840441"" } ```",27.956893920898438
document_000112.html,147,164,Enrico Battistini,NIL,PER,Q1368394,Ettore Bastianini,"```json { ""wikipedia_page"": ""Ettore Bastianini"", ""wikidata_id"": ""Q1368394"" } ```",31.42624282836914
document_000112.html,180,190,Gnaccarini,NIL,PER,Q3762819,Giancarlo Ceccarini,"```json { ""wikipedia_page"": ""Giancarlo Ceccarini"", ""wikidata_id"": ""Q3762819"" } ```",25.88655662536621
document_000113.html,19,36,Musique Populaire,NIL,ORG,Q6464063,La Musique Populaire,"```json { ""wikipedia_page"": ""La Musique Populaire"", ""wikidata_id"": ""Q6464063"" } ```",20.2243709564209
document_000113.html,190,195,Iacob,NIL,PER,Q25929560,Iacobus,"```json { ""wikipedia_page"": ""Iacobus"", ""wikidata_id"": ""Q25929560"" } ```",15.412154197692871
document_000113.html,301,305,Rene,NIL,PER,Q555826,Henri René,"```json { ""wikipedia_page"": ""Henri René"", ""wikidata_id"": ""Q555826"" } ```",14.94002628326416
document_000113.html,317,327,La Mitidja,NIL,MISC,Q2215728,Meridja,"```json { ""wikipedia_page"": ""La Mitidja"", ""wikidata_id"": ""Q2215728"" } ```",15.036224365234375
document_000114.html,221,236,Pietro Lombardi,NIL,PER,Q5962684,Pietro Lombardi,"```json { ""wikipedia_page"": ""Pietro Lombardi"", ""wikidata_id"": ""Q5962684"" } ```",34.2927131652832
document_000115.html,158,168,Via Durini,NIL,LOC,Q25841630,Palazzo Durini,"```json { ""wikipedia_page"": ""Palazzo Durini"", ""wikidata_id"": ""Q25841630"" } ```",23.43606185913086
document_000115.html,187,224,Calendario Universale per le famiglie,NIL,MISC,Q693436,Calendario mondiale,"```json { ""wikipedia_page"": ""Calendario mondiale"", ""wikidata_id"": ""Q693436"" } ```",17.395017623901367
document_000116.html,46,54,Ruy Blas,Q3453685,MISC,Q3085278,Ruy Blas,"```json { ""wikipedia_page"": ""Ruy Blas"", ""wikidata_id"": ""Q3085278"" } ```",19.347200393676758
document_000116.html,65,76,Cappelletti,NIL,PER,Q3770234,Giuseppe Cappelletti,"```json { ""wikipedia_page"": ""Giuseppe Cappelletti"", ""wikidata_id"": ""Q3770234"" } ```",26.935749053955078
document_000116.html,135,140,Lucia,Q244209,MISC,Q2783067,Lucia di Borbone-Due Sicilie,"```json { ""wikipedia_page"": ""Lucia di Borbone-Due Sicilie"", ""wikidata_id"": ""Q2783067"" } ```",10.719626426696777
document_000117.html,3,18,Musica Popolare,NIL,ORG,Q373342,musica popolare,"```json { ""wikipedia_page"": ""musica popolare"", ""wikidata_id"": ""Q373342"" } ```",22.074764251708984
document_000117.html,58,66,Sonzogno,Q534354,PER,Q3964929,Sonzogno,"```json { ""wikipedia_page"": ""Sonzogno"", ""wikidata_id"": ""Q3964929"" } ```",25.238630294799805
document_000117.html,140,154,Cecilia Ritter,Q104517733,PER,Q1133473,Cornelie Richter,"```json { ""wikipedia_page"": ""Cornelie Richter"", ""wikidata_id"": ""Q1133473"" } ```",30.314727783203125
document_000117.html,285,294,Cunimings,NIL,PER,Q101584158,Cathrine Meisingset,"```json { ""wikipedia_page"": ""Cathrine Meisingset"", ""wikidata_id"": ""Q101584158"" } ```",19.12843894958496
document_000118.html,1,8,Carboni,NIL,PER,Q3770243,Giuseppe Carboni,"```json { ""wikipedia_page"": ""Ferdinando Carboni"", ""wikidata_id"": ""Q3770243"" } ```",10.704571723937988
document_000118.html,144,155,Cappelletti,NIL,PER,Q15984015,Umberto Cappelletti,"```json { ""wikipedia_page"": ""Umberto Cappelletti"", ""wikidata_id"": ""Q15984015"" } ```",28.584369659423828
document_000119.html,23,34,Benfratelli,NIL,PER,Q5563773,Giovanni Benfratello,"```json { ""wikipedia_page"": ""Giovanni Benfratello"", ""wikidata_id"": ""Q5563773"" } ```",19.37209129333496
document_000119.html,184,194,Leawington,NIL,PER,Q10600,Ray Lewington,"```json { ""wikipedia_page"": ""Ray Lewington"", ""wikidata_id"": ""Q10600"" } ```",16.633304595947266
document_000119.html,206,216,Vicentelli,NIL,PER,Q17916858,Vincenzo Cantiello,"```json { ""wikipedia_page"": ""Vincenzo Cantiello"", ""wikidata_id"": ""Q17916858"" } ```",18.378618240356445
document_000119.html,233,241,Barbieri,Q3724335,PER,Q2055429,Niccolò Barbieri,"```json { ""wikipedia_page"": ""Niccolò Barbieri"", ""wikidata_id"": ""Q2055429"" } ```",19.357295989990234
document_000120.html,56,71,Felice Zoppegni,NIL,PER,Q3771643,Giuseppe Zacchini,"```json { ""wikipedia_page"": ""Giuseppe Zoppegni"", ""wikidata_id"": ""Q3771643"" } ```",28.17646598815918
document_000120.html,209,217,Costanzi,Q1050350,LOC,Q3695655,Costanzo Costantini,"```json { ""wikipedia_page"": ""Costanzo Costantini"", ""wikidata_id"": ""Q3695655"" } ```",10.481751441955566
document_000121.html,97,104,Cuttica,NIL,PER,Q106044678,Umberto Cuttica,"```json { ""wikipedia_page"": ""Umberto Cuttica"", ""wikidata_id"": ""Q106044678"" } ```",28.74884605407715
document_000121.html,291,298,Cuttica,NIL,PER,Q106044678,Umberto Cuttica,"```json { ""wikipedia_page"": ""Umberto Cuttica"", ""wikidata_id"": ""Q106044678"" } ```",22.241329193115234
document_000121.html,112,131,Rivista Settimanale,NIL,ORG,Q18288953,Rassegna settimanale,"```json { ""wikipedia_page"": ""Rassegna settimanale"", ""wikidata_id"": ""Q18288953"" } ```",22.300676345825195
document_000122.html,27,32,Urban,NIL,PER,Q6157351,Urbano,"```json { ""wikipedia_page"": ""Urbano"", ""wikidata_id"": ""Q6157351"" } ```",13.611900329589844
document_000122.html,37,43,Donati,NIL,PER,Q23010337,Donata D'Annunzio Lombardi,"```json { ""wikipedia_page"": ""Donata D'Annunzio Lombardi"", ""wikidata_id"": ""Q23010337"" } ```",16.554706573486328
document_000122.html,46,57,Caltagirone,NIL,PER,Q478258,Caltagirone,"```json { ""wikipedia_page"": ""Caltagirone"", ""wikidata_id"": ""Q478258"" } ```",19.830564498901367
document_000122.html,91,96,Saffo,Q7398751,MISC,Q17892,Saffo,"```json { ""wikipedia_page"": ""Saffo"", ""wikidata_id"": ""Q17892"" } ```",10.683260917663574
document_000122.html,176,184,Crosmond,NIL,PER,Q271821,Rosamund Clifford,"```json { ""wikipedia_page"": ""Rosamund Clifford"", ""wikidata_id"": ""Q271821"" } ```",16.09101676940918
document_000122.html,187,194,Terrigi,Q102281798,PER,Q7329515,Richard Torigi,"```json { ""wikipedia_page"": ""Richard Torigi"", ""wikidata_id"": ""Q7329515"" } ```",18.06907844543457
document_000122.html,232,240,Borgiani,NIL,PER,Q3897187,Pasquino Borghi,"```json { ""wikipedia_page"": ""Pasquino Borghi"", ""wikidata_id"": ""Q3897187"" } ```",18.468421936035156
document_000123.html,44,50,Stella,NIL,MISC,Q2342072,Stella,"```json { ""wikipedia_page"": ""Stella"", ""wikidata_id"": ""Q2342072"" } ```",16.71358299255371
document_000123.html,51,59,d’Auteri,Q3945947,PER,Q986805,Gaetano Auteri,"```json { ""wikipedia_page"": ""Gaetano Auteri"", ""wikidata_id"": ""Q986805"" } ```",14.208181381225586
document_000123.html,81,87,Halery,Q313917,PER,Q65648,Charles Hallé,"```json { ""wikipedia_page"": ""Charles Hallé"", ""wikidata_id"": ""Q65648"" } ```",16.967185974121094
document_000123.html,190,211,Enrichetta Leawington,NIL,PER,Q12702170,Enrichetta Di Lorenzo,"```json { ""wikipedia_page"": ""Enrichetta Di Lorenzo"", ""wikidata_id"": ""Q12702170"" } ```",22.63089370727539
document_000123.html,271,279,Barbieri,Q3724335,PER,Q1316949,Ottavio Barbieri,"```json { ""wikipedia_page"": ""Ottavio Barbieri"", ""wikidata_id"": ""Q1316949"" } ```",25.109127044677734
document_000124.html,106,110,Arpa,NIL,ORG,Q47369,arpa,"```json { ""wikipedia_page"": ""arpa"", ""wikidata_id"": ""Q47369"" } ```",16.321809768676758
document_000124.html,207,214,Amneris,Q50732179,PER,Q3614774,An'Neris,"```json { ""wikipedia_page"": ""An'Neris"", ""wikidata_id"": ""Q3614774"" } ```",15.041095733642578
document_000125.html,19,26,Bonheur,Q102075957,PER,Q2871069,Auguste Bonheur,"```json { ""wikipedia_page"": ""Auguste Bonheur"", ""wikidata_id"": ""Q2871069"" } ```",12.307513236999512
document_000125.html,238,245,Bonheur,Q102075957,PER,Q2871069,Auguste Bonheur,"```json { ""wikipedia_page"": ""Auguste Bonheur"", ""wikidata_id"": ""Q2871069"" } ```",12.503679275512695
document_000126.html,14,19,Gabbi,Q15057396,PER,Q11931365,Leonilde Gabbi,"```json { ""wikipedia_page"": ""Leonilde Gabbi"", ""wikidata_id"": ""Q11931365"" } ```",25.799177169799805
document_000126.html,24,32,Preziosi,NIL,PER,Q1117494,Carmine Preziosi,"```json { ""wikipedia_page"": ""Carmine Preziosi"", ""wikidata_id"": ""Q1117494"" } ```",17.8166561126709
document_000126.html,34,43,Petrovich,Q4229603,PER,Q1549265,Iván Petrovich,"```json { ""wikipedia_page"": ""Iván Petrovich"", ""wikidata_id"": ""Q1549265"" } ```",19.439407348632812
document_000126.html,46,54,Pogliani,NIL,PER,Q64432799,Luigi Pogliani,"```json { ""wikipedia_page"": ""Luigi Pogliani"", ""wikidata_id"": ""Q64432799"" } ```",24.91385269165039
document_000126.html,176,181,Engel,Q7192034,PER,Q1334639,Emanuel Engel,"```json { ""wikipedia_page"": ""Emanuel Engel"", ""wikidata_id"": ""Q1334639"" } ```",18.756671905517578
document_000127.html,100,105,Faust,Q745951,MISC,Q332885,Faust,"```json { ""wikipedia_page"": ""Faust"", ""wikidata_id"": ""Q332885"" } ```",14.759410858154297
document_000127.html,51,61,Margherita,NIL,PER,Q135631,Margherita di Savoia,"```json { ""wikipedia_page"": ""Margherita di Savoia"", ""wikidata_id"": ""Q135631"" } ```",9.421483039855957
document_000127.html,73,86,Elena Boronat,NIL,PER,Q7086879,Olimpia Boronat,"```json { ""wikipedia_page"": ""Olimpia Boronat"", ""wikidata_id"": ""Q7086879"" } ```",20.627214431762695
document_000127.html,131,146,Pietro Lombardi,NIL,PER,Q5962684,Pietro Lombardi,"```json { ""wikipedia_page"": ""Pietro Lombardi"", ""wikidata_id"": ""Q5962684"" } ```",32.32693862915039
document_000127.html,186,196,Barcellona,Q1492,LOC,Q7156,Futbol Club Barcelona,"```json { ""wikipedia_page"": ""Futbol Club Barcelona"", ""wikidata_id"": ""Q7156"" } ```",16.671812057495117
document_000128.html,2,19,Valenza di Spagna,Q8818,LOC,Q17689,Valenza,"```json { ""wikipedia_page"": ""Valenza"", ""wikidata_id"": ""Q17689"" } ```",22.731361389160156
document_000128.html,111,116,Ebreo,Q3202810,MISC,Q9288,ebraico,"```json { ""wikipedia_page"": ""ebraico"", ""wikidata_id"": ""Q9288"" } ```",16.686079025268555
document_000128.html,197,202,Faust,Q745951,MISC,Q29478,Faust,"```json { ""wikipedia_page"": ""Faust"", ""wikidata_id"": ""Q29478"" } ```",19.490253448486328
document_000129.html,34,40,Russel,Q435415,PER,Q1099022,Nathalie Roussel,"```json { ""wikipedia_page"": ""Nathalie Roussel"", ""wikidata_id"": ""Q1099022"" } ```",19.37415313720703
document_000129.html,74,79,Lucic,Q244209,MISC,Q2783067,Lucia di Borbone-Due Sicilie,"```json { ""wikipedia_page"": ""Lucia di Borbone-Due Sicilie"", ""wikidata_id"": ""Q2783067"" } ```",13.126060485839844
document_000129.html,122,128,Amleto,Q631016,MISC,Q1113779,Amleto,"```json { ""wikipedia_page"": ""Amleto"", ""wikidata_id"": ""Q1113779"" } ```",13.867048263549805
document_000129.html,143,147,Rapp,NIL,PER,Q39983,Anthony Rapp,"```json { ""wikipedia_page"": ""Anthony Rapp"", ""wikidata_id"": ""Q39983"" } ```",16.642620086669922
document_000129.html,149,155,Roveri,NIL,PER,Q642814,Roberto Roversi,"```json { ""wikipedia_page"": ""Roberto Roversi"", ""wikidata_id"": ""Q642814"" } ```",16.532642364501953
document_000129.html,158,165,Carrion,NIL,PER,Q5872197,Félix Carrión,"```json { ""wikipedia_page"": ""Félix Carrión"", ""wikidata_id"": ""Q5872197"" } ```",18.275903701782227
document_000129.html,183,197,Dolores Buireo,NIL,PER,Q238955,Dolores Ibárruri,"```json { ""wikipedia_page"": ""Dolores Ibárruri"", ""wikidata_id"": ""Q238955"" } ```",16.82769203186035
document_000129.html,211,216,Auton,NIL,PER,Q21418825,Léon Autonne,"```json { ""wikipedia_page"": ""Léon Autonne"", ""wikidata_id"": ""Q21418825"" } ```",13.680510520935059
document_000130.html,164,176,Lena Bordato,NIL,PER,Q727131,Lena Biolcati,"```json { ""wikipedia_page"": ""Lena Biolcati"", ""wikidata_id"": ""Q727131"" } ```",24.416521072387695
document_000130.html,200,209,Bertolasi,NIL,PER,Q3848332,Mario Bertolazzi,"```json { ""wikipedia_page"": ""Mario Bertolazzi"", ""wikidata_id"": ""Q3848332"" } ```",26.43556785583496
document_000130.html,307,323,Antonio Rossetti,NIL,PER,Q18416626,Antonio Rossetti,"```json { ""wikipedia_page"": ""Antonio Rossetti"", ""wikidata_id"": ""Q18416626"" } ```",39.31116485595703
document_000131.html,153,167,Antonino Cuzzo,NIL,PER,Q528521,Antonino Cuffaro,"```json { ""wikipedia_page"": ""Antonino Cuffaro"", ""wikidata_id"": ""Q528521"" } ```",24.653236389160156
document_000131.html,217,232,Mondo Artistico,NIL,ORG,Q3792807,Il Mondo,"```json { ""wikipedia_page"": ""Il Mondo"", ""wikidata_id"": ""Q3792807"" } ```",15.682151794433594
document_000132.html,68,86,Gustavo Ghivizzani,NIL,PER,Q1556779,Gustavo Giovannoni,"```json { ""wikipedia_page"": ""Gustavo Ghivizzani"", ""wikidata_id"": ""Q1556779"" } ```",32.89493179321289
document_000132.html,109,123,Irene Morpurgo,NIL,PER,Q3801898,Irene Ghergo,"```json { ""wikipedia_page"": ""Irene Morpurgo"", ""wikidata_id"": ""Q3801898"" } ```",25.691001892089844
document_000132.html,168,185,R. Teatro Salvini,NIL,LOC,Q3982191,Teatro Verdi,"```json { ""wikipedia_page"": ""Teatro Verdi"", ""wikidata_id"": ""Q3982191"" } ```",21.762832641601562
document_000133.html,4,23,Gazzetta di Messina,NIL,ORG,Q598457,Gazzetta del Sud,"```json { ""wikipedia_page"": ""Gazzetta del Sud"", ""wikidata_id"": ""Q598457"" } ```",28.43662452697754
document_000133.html,41,53,Re di Lahore,Q2456112,MISC,Q182921,Reza Pahlavi,"```json { ""wikipedia_page"": ""Reza Pahlavi"", ""wikidata_id"": ""Q182921"" } ```",10.784146308898926
document_000133.html,67,73,Runcio,NIL,PER,Q321379,Ranuccio Farnese il Vecchio,"```json { ""wikipedia_page"": ""Ranuccio Farnese il Vecchio"", ""wikidata_id"": ""Q321379"" } ```",8.998005867004395
document_000134.html,122,137,armomia Gallica,NIL,MISC,Q641203,Armorica,"```json { ""wikipedia_page"": ""Armorica"", ""wikidata_id"": ""Q641203"" } ```",10.964079856872559
document_000134.html,142,157,Musica Militare,NIL,MISC,Q6774721,musica militare,"```json { ""wikipedia_page"": ""musica militare"", ""wikidata_id"": ""Q6774721"" } ```",17.745105743408203
document_000134.html,174,185,Gran Teatro,Q223942,LOC,Q3774297,GranTeatro,"```json { ""wikipedia_page"": ""GranTeatro"", ""wikidata_id"": ""Q3774297"" } ```",15.826069831848145
document_000134.html,206,223,Hyacinthe Bedetti,NIL,PER,Q3308970,Michel Bedetti,"```json { ""wikipedia_page"": ""Michel Bedetti"", ""wikidata_id"": ""Q3308970"" } ```",19.260452270507812
document_000134.html,226,235,Forestier,Q98647240,PER,Q2425449,Louise Forestier,"```json { ""wikipedia_page"": ""Louise Forestier"", ""wikidata_id"": ""Q2425449"" } ```",14.7020902633667
document_000135.html,34,52,Pardon de Ploermel,Q470739,MISC,Q127775,Ploërmel,"```json { ""wikipedia_page"": ""Ploërmel"", ""wikidata_id"": ""Q127775"" } ```",16.382278442382812
document_000135.html,66,75,Hyacinthe,NIL,PER,Q3143564,Hyacinthe,"```json { ""wikipedia_page"": ""Hyacinthe"", ""wikidata_id"": ""Q3143564"" } ```",10.362863540649414
document_000135.html,90,98,Mireille,Q843042,MISC,Q2262935,Mireille Hartuch,"```json { ""wikipedia_page"": ""Mireille Hartuch"", ""wikidata_id"": ""Q2262935"" } ```",14.86746883392334
document_000136.html,122,137,armomia Gallica,NIL,MISC,Q641203,Armorica,"```json { ""wikipedia_page"": ""Armorica"", ""wikidata_id"": ""Q641203"" } ```",11.02633285522461
document_000136.html,142,157,Musica Militare,NIL,MISC,Q6774721,musica militare,"```json { ""wikipedia_page"": ""musica militare"", ""wikidata_id"": ""Q6774721"" } ```",17.79017448425293
document_000136.html,174,185,Gran Teatro,Q223942,LOC,Q3774297,GranTeatro,"```json { ""wikipedia_page"": ""GranTeatro"", ""wikidata_id"": ""Q3774297"" } ```",15.957237243652344
document_000136.html,206,223,Hyacinthe Bedetti,NIL,PER,Q3308970,Michel Bedetti,"```json { ""wikipedia_page"": ""Michel Bedetti"", ""wikidata_id"": ""Q3308970"" } ```",19.35426902770996
document_000136.html,226,235,Forestier,Q98647240,PER,Q2425449,Louise Forestier,"```json { ""wikipedia_page"": ""Louise Forestier"", ""wikidata_id"": ""Q2425449"" } ```",14.813216209411621
document_000137.html,297,302,Seine,NIL,PER,Q2751,Siena,"```json { ""wikipedia_page"": ""Siena"", ""wikidata_id"": ""Q2751"" } ```",9.61789321899414
document_000138.html,78,83,Savio,NIL,PER,Q318502,Domenico Savio,"```json { ""wikipedia_page"": ""Domenico Savio"", ""wikidata_id"": ""Q318502"" } ```",17.529300689697266
document_000138.html,95,102,Valenti,NIL,PER,Q4007723,Valentina Valente,"```json { ""wikipedia_page"": ""Valentina Valente"", ""wikidata_id"": ""Q4007723"" } ```",22.889617919921875
document_000138.html,118,125,Carnili,NIL,PER,Q89118670,Daniele Carnini,"```json { ""wikipedia_page"": ""Daniele Carnini"", ""wikidata_id"": ""Q89118670"" } ```",20.192142486572266
document_000138.html,144,156,Duca Alfonso,Q188346,PER,Q518846,Alfonso di Borbone-Spagna,"```json { ""wikipedia_page"": ""Alfonso di Borbone-Spagna"", ""wikidata_id"": ""Q518846"" } ```",15.001176834106445
document_000139.html,43,57,teatro Rossini,Q3516769,LOC,Q3982122,Teatro Rossini,"```json { ""wikipedia_page"": ""Teatro Rossini"", ""wikidata_id"": ""Q3982122"" } ```",25.187915802001953
document_000139.html,138,144,Rocchi,NIL,PER,Q3726034,Enrico Rocchi,"```json { ""wikipedia_page"": ""Enrico Rocchi"", ""wikidata_id"": ""Q3726034"" } ```",23.936824798583984
document_000139.html,160,167,Fontana,NIL,PER,Q94573770,Giuseppe Fontana,"```json { ""wikipedia_page"": ""Giuseppe Fontana"", ""wikidata_id"": ""Q94573770"" } ```",19.84771728515625
document_000139.html,205,211,Buireo,NIL,PER,Q24262934,Giuseppe Burei,"```json { ""wikipedia_page"": ""Giuseppe Burei"", ""wikidata_id"": ""Q24262934"" } ```",13.136137962341309
document_000140.html,233,240,Zerlina,NIL,PER,Q55759215,Zerlina,"```json { ""wikipedia_page"": ""Zerlina"", ""wikidata_id"": ""Q55759215"" } ```",10.909530639648438
document_000140.html,245,256,Fra Diavolo,Q1440309,PER,Q3749192,Fra Diavolo,"```json { ""wikipedia_page"": ""Fra Diavolo"", ""wikidata_id"": ""Q3749192"" } ```",21.300317764282227
document_000141.html,119,147,teatro Principale di Valenza,Q3329707,LOC,Q3982041,Teatro Manzoni,"```json { ""wikipedia_page"": ""Teatro Manzoni"", ""wikidata_id"": ""Q3982041"" } ```",24.266027450561523
document_000142.html,32,43,Ida Ricetti,NIL,PER,Q16066463,Ida Pinto-Sezzi,"```json { ""wikipedia_page"": ""Ida Pinto-Sezzi"", ""wikidata_id"": ""Q16066463"" } ```",23.19512176513672
document_000143.html,20,40,Musigue des Familles,NIL,ORG,Q3842899,Madrigale spirituale,"```json { ""wikipedia_page"": ""Madrigale spirituale"", ""wikidata_id"": ""Q3842899"" } ```",22.636524200439453
document_000143.html,129,159,Ouvertuve des Ruines è Atkenes,Q862609,MISC,Q1217412,La Consacrazione della Casa,"```json { ""wikipedia_page"": ""La Consacrazione della Casa"", ""wikidata_id"": ""Q1217412"" } ```",14.143440246582031
document_000143.html,178,184,Canier,NIL,PER,Q15967545,Samuel Canier,"```json { ""wikipedia_page"": ""Samuel Canier"", ""wikidata_id"": ""Q15967545"" } ```",21.158662796020508
document_000143.html,197,200,Hea,NIL,MISC,Q17525321,He,"```json { ""wikipedia_page"": ""He"", ""wikidata_id"": ""Q17525321"" } ```",13.26563835144043
document_000143.html,204,228,La madre di lord Parnell,Q75616553,PER,Q317436,Charles Stewart Parnell,"```json { ""wikipedia_page"": ""Charles Stewart Parnell"", ""wikidata_id"": ""Q317436"" } ```",12.748908996582031
document_000144.html,44,61,il signor Lorenzo,NIL,MISC,Q177854,Lorenzo de' Medici,"```json { ""wikipedia_page"": ""Lorenzo de' Medici"", ""wikidata_id"": ""Q177854"" } ```",15.884490966796875
document_000144.html,201,208,Cortini,NIL,PER,Q4007679,Valentina Corti,"```json { ""wikipedia_page"": ""Valentina Corti"", ""wikidata_id"": ""Q4007679"" } ```",16.980627059936523
document_000144.html,212,219,Liberia,NIL,ORG,Q1014,Liberia,"```json { ""wikipedia_page"": ""Liberia"", ""wikidata_id"": ""Q1014"" } ```",15.094649314880371
document_000144.html,223,228,Rouia,Q220,LOC,Q10364745,Rouya,"```json { ""wikipedia_page"": ""Rouya"", ""wikidata_id"": ""Q10364745"" } ```",14.480499267578125
document_000145.html,24,30,Apollo,Q3516772,LOC,Q3981909,Teatro Apollo,"```json { ""wikipedia_page"": ""Teatro Apollo"", ""wikidata_id"": ""Q3981909"" } ```",14.57556438446045
document_000145.html,174,179,Mirza,NIL,PER,Q12352726,Mirza Marchesi,"```json { ""wikipedia_page"": ""Mirza Marchesi"", ""wikidata_id"": ""Q12352726"" } ```",8.433185577392578
document_000145.html,192,198,Creola,Q109242578,MISC,Q1214025,La Créole,"```json { ""wikipedia_page"": ""La Créole"", ""wikidata_id"": ""Q1214025"" } ```",14.01236629486084
document_000146.html,14,21,Cortini,NIL,PER,Q23655842,Eleonora Cortini,"```json { ""wikipedia_page"": ""Eleonora Cortini"", ""wikidata_id"": ""Q23655842"" } ```",18.917226791381836
document_000146.html,143,150,Ortruda,Q33291883,PER,Q269691,Rotrude,"```json { ""wikipedia_page"": ""Rotrude"", ""wikidata_id"": ""Q269691"" } ```",10.322178840637207
document_000147.html,65,71,Creola,Q109242578,MISC,Q3696986,Creola,"```json { ""wikipedia_page"": ""Creola"", ""wikidata_id"": ""Q3696986"" } ```",15.592415809631348
document_000147.html,95,100,Cerne,NIL,PER,Q109627730,Argentina Cerne,"```json { ""wikipedia_page"": ""Argentina Cerne"", ""wikidata_id"": ""Q109627730"" } ```",17.710927963256836
document_000147.html,112,116,Duro,NIL,PER,Q3609192,Aldo Duro,"```json { ""wikipedia_page"": ""Aldo Duro"", ""wikidata_id"": ""Q3609192"" } ```",20.01940155029297
document_000147.html,130,137,Parboni,NIL,PER,Q59590122,Romolo Parboni,"```json { ""wikipedia_page"": ""Romolo Parboni"", ""wikidata_id"": ""Q59590122"" } ```",20.084848403930664
document_000147.html,152,158,Lovati,NIL,PER,Q3848731,Mario Lovati,"```json { ""wikipedia_page"": ""Mario Lovati"", ""wikidata_id"": ""Q3848731"" } ```",20.26808738708496
document_000148.html,3,9,Branca,Q3778880,PER,Q596854,Antonello Branca,"```json { ""wikipedia_page"": ""Antonello Branca"", ""wikidata_id"": ""Q596854"" } ```",15.81844425201416
document_000148.html,65,82,teatro di Catania,NIL,LOC,Q1429352,Teatro Massimo Vincenzo Bellini,"```json { ""wikipedia_page"": ""Teatro Massimo Vincenzo Bellini"", ""wikidata_id"": ""Q1429352"" } ```",23.192319869995117
document_000150.html,4,19,Musica Popolare,NIL,ORG,Q373342,musica popolare,"```json { ""wikipedia_page"": ""musica popolare"", ""wikidata_id"": ""Q373342"" } ```",19.97764778137207
document_000150.html,58,66,Sonzogno,Q528397,MISC,Q3964929,Sonzogno,"```json { ""wikipedia_page"": ""Sonzogno"", ""wikidata_id"": ""Q3964929"" } ```",22.544635772705078
document_000151.html,60,64,Vico,NIL,PER,Q178709,Giambattista Vico,"```json { ""wikipedia_page"": ""Giambattista Vico"", ""wikidata_id"": ""Q178709"" } ```",14.832027435302734
document_000151.html,77,83,Borghi,Q3732024,PER,Q99935,Borghi,"```json { ""wikipedia_page"": ""Borghi"", ""wikidata_id"": ""Q99935"" } ```",20.81171989440918
document_000151.html,294,301,Vergnet,Q5338932,PER,Q945943,Vergné,"```json { ""wikipedia_page"": ""Vergné"", ""wikidata_id"": ""Q945943"" } ```",18.472332000732422
document_000152.html,10,31,Societa del Quartetto,NIL,ORG,Q3963794,Società del quartetto di Milano,"```json { ""wikipedia_page"": ""Società del quartetto di Milano"", ""wikidata_id"": ""Q3963794"" } ```",24.624988555908203
document_000152.html,190,201,Crescentini,Q21548176,PER,Q552124,Girolamo Crescentini,"```json { ""wikipedia_page"": ""Girolamo Crescentini"", ""wikidata_id"": ""Q552124"" } ```",17.685672760009766
document_000153.html,26,31,Laban,NIL,PER,Q213712,Rudolf Laban,"```json { ""wikipedia_page"": ""Rudolf Laban"", ""wikidata_id"": ""Q213712"" } ```",19.253890991210938
document_000153.html,113,120,Paolina,NIL,PER,Q47548596,Paolina Giorgi,"```json { ""wikipedia_page"": ""Paolina Borghi"", ""wikidata_id"": ""Q47548596"" } ```",24.003936767578125
document_000153.html,125,131,Borghi,Q3732024,PER,Q110761412,Simone Borghi,"```json { ""wikipedia_page"": ""Paolina Borghi"", ""wikidata_id"": ""Q110761412"" } ```",21.439712524414062
document_000154.html,49,56,Foscari,Q468112,MISC,Q503874,Francesco Foscari,"```json { ""wikipedia_page"": ""Francesco Foscari"", ""wikidata_id"": ""Q503874"" } ```",21.701231002807617
document_000154.html,243,250,Foscari,Q468112,MISC,Q503874,Francesco Foscari,"```json { ""wikipedia_page"": ""Francesco Foscari"", ""wikidata_id"": ""Q503874"" } ```",18.99304962158203
document_000154.html,60,66,Avoldo,NIL,ORG,Q40674,Uboldo,"```json { ""wikipedia_page"": ""Uboldo"", ""wikidata_id"": ""Q40674"" } ```",17.330886840820312
document_000154.html,79,89,Scaramella,NIL,PER,Q1783211,Scaramuccia,"```json { ""wikipedia_page"": ""Scaramuccia"", ""wikidata_id"": ""Q1783211"" } ```",16.62660789489746
document_000155.html,0,8,Martucci,Q769966,PER,Q3665470,Cesare Martuzzi,"```json { ""wikipedia_page"": ""Cesare Martuzzi"", ""wikidata_id"": ""Q3665470"" } ```",12.468955039978027
document_000155.html,50,64,Alfredo Bajesi,NIL,PER,Q28358617,Alfredo Bigeschi,"```json { ""wikipedia_page"": ""Alfredo Bigeschi"", ""wikidata_id"": ""Q28358617"" } ```",30.40285301208496
document_000155.html,226,232,Boghen,Q55225713,PER,Q189766,Luigi Boccherini,"```json { ""wikipedia_page"": ""Luigi Boccherini"", ""wikidata_id"": ""Q189766"" } ```",14.250591278076172
document_000155.html,251,260,Ouverture,NIL,MISC,Q202287,ouverture,"```json { ""wikipedia_page"": ""Ouverture"", ""wikidata_id"": ""Q202287"" } ```",20.21702766418457
document_000156.html,47,55,Peritant,Q470886,MISC,Q12265927,Piarres Ibarrart,"```json { ""wikipedia_page"": ""Piarres Ibarrart"", ""wikidata_id"": ""Q12265927"" } ```",7.197027206420898
document_000156.html,153,160,Vaselli,NIL,PER,Q18758702,Romolo Vaselli,"```json { ""wikipedia_page"": ""Romolo Vaselli"", ""wikidata_id"": ""Q18758702"" } ```",12.122481346130371
document_000157.html,195,203,Cattaneo,Q16662306,PER,Q26834070,Arturo Cattaneo,"```json { ""wikipedia_page"": ""Arturo Cattaneo"", ""wikidata_id"": ""Q26834070"" } ```",24.916807174682617
document_000157.html,218,224,Stagni,NIL,PER,Q3796312,Ilaria Stagni,"```json { ""wikipedia_page"": ""Ilaria Stagni"", ""wikidata_id"": ""Q3796312"" } ```",23.60629653930664
document_000158.html,80,98,Giovanni Minuzzi.e,NIL,PER,Q3767754,Giovanni Minozzi,"```json { ""wikipedia_page"": ""Giovanni Minuzzi"", ""wikidata_id"": ""Q3767754"" } ```",27.123437881469727
document_000159.html,137,155,Tristano ed Isotta,Q1324254,MISC,Q335367,Tristano e Isotta,"```json { ""wikipedia_page"": ""Tristano e Isotta"", ""wikidata_id"": ""Q335367"" } ```",11.063987731933594
document_000159.html,265,273,~ermania,Q183,LOC,Q399,Armenia,"```json { ""wikipedia_page"": ""Armenia"", ""wikidata_id"": ""Q399"" } ```",10.128910064697266
document_000160.html,23,31,Volfrano,Q18821,PER,Q743830,Vulfranno di Sens,"```json { ""wikipedia_page"": ""Volfrano di Sens"", ""wikidata_id"": ""Q743830"" } ```",14.103055000305176
document_000160.html,88,104,Luigi Baldassari,NIL,PER,Q1751014,Luigi Bassi,"```json { ""wikipedia_page"": ""Luigi Baldassari"", ""wikidata_id"": ""Q1751014"" } ```",28.257492065429688
document_000160.html,151,176,ll mattino della domenica,NIL,MISC,Q132,domenica,"```json { ""wikipedia_page"": ""domenica"", ""wikidata_id"": ""Q132"" } ```",10.436705589294434
document_000161.html,10,23,Carlo Meluzzi,NIL,PER,Q3610141,Alessandro Meluzzi,"```json { ""wikipedia_page"": ""Carlo Meluzzi"", ""wikidata_id"": ""Q3610141"" } ```",29.498188018798828
document_000161.html,26,45,Alessandro Genesini,NIL,PER,Q3610039,Alessandro Gennari,"```json { ""wikipedia_page"": ""Alessandro Genesini"", ""wikidata_id"": ""Q3610039"" } ```",33.11992645263672
document_000161.html,37,45,Genesini,NIL,PER,Q19294289,Giancarlo Genesini,"```json { ""wikipedia_page"": ""Giancarlo Genesini"", ""wikidata_id"": ""Q19294289"" } ```",26.035655975341797
document_000161.html,206,214,Genesini,NIL,PER,Q19294289,Giancarlo Genesini,"```json { ""wikipedia_page"": ""Giancarlo Genesini"", ""wikidata_id"": ""Q19294289"" } ```",21.004850387573242
document_000162.html,63,74,Remo Ronchi,NIL,PER,Q3932492,Remo Ranieri,"```json { ""wikipedia_page"": ""Remo Ronchi"", ""wikidata_id"": ""Q3932492"" } ```",30.77741241455078
document_000162.html,167,175,Biancani,NIL,PER,Q501774,Giuseppe Biancani,"```json { ""wikipedia_page"": ""Giuseppe Biancani"", ""wikidata_id"": ""Q501774"" } ```",23.912519454956055
document_000163.html,163,169,Borghi,Q3732024,PER,Q15286252,Cristiana Borghi,"```json { ""wikipedia_page"": ""Cristiana Borghi"", ""wikidata_id"": ""Q15286252"" } ```",13.39512825012207
document_000165.html,44,53,Argentina,Q588377,LOC,Q414,Argentina,"```json { ""wikipedia_page"": ""Argentina"", ""wikidata_id"": ""Q414"" } ```",16.596677780151367
document_000165.html,87,97,Pandolfini,Q11922930,PER,Q3723070,Elio Pandolfi,"```json { ""wikipedia_page"": ""Elio Pandolfi"", ""wikidata_id"": ""Q3723070"" } ```",12.429697036743164
document_000168.html,144,159,S. M. la Regina,Q135631,PER,Q9682,Elisabetta II del Regno Unito,"```json { ""wikipedia_page"": ""Elisabetta II del Regno Unito"", ""wikidata_id"": ""Q9682"" } ```",10.764772415161133
document_000168.html,291,314,marchesa di Villamarina,Q27177923,PER,Q15401863,Isabella Villamarina,"```json { ""wikipedia_page"": ""Isabella Villamarina"", ""wikidata_id"": ""Q15401863"" } ```",11.974945068359375
document_000169.html,3,25,Ga:- ' zetta Nazionale,Q371338,ORG,Q3982323,Teatro Nazionale di Genova,"```json { ""wikipedia_page"": ""Teatro Nazionale di Genova"", ""wikidata_id"": ""Q3982323"" } ```",11.686765670776367
document_000169.html,62,67,Carpi,NIL,PER,Q3072743,Fiorenzo Carpi,"```json { ""wikipedia_page"": ""Fiorenzo Carpi"", ""wikidata_id"": ""Q3072743"" } ```",18.881746292114258
document_000169.html,303,308,Rieva,NIL,PER,Q1339427,Enrico Rava,"```json { ""wikipedia_page"": ""Enrico Rava"", ""wikidata_id"": ""Q1339427"" } ```",17.63825225830078
document_000170.html,3,21,giornale il Limone,NIL,ORG,Q1051115,il Giornale,"```json { ""wikipedia_page"": ""Il Giornale"", ""wikidata_id"": ""Q1051115"" } ```",17.255958557128906
document_000170.html,101,107,Nosari,NIL,PER,Q639156,Cesare Nosiglia,"```json { ""wikipedia_page"": ""Cesare Nosiglia"", ""wikidata_id"": ""Q639156"" } ```",20.465408325195312
document_000170.html,124,130,Selika,NIL,PER,Q3721500,Elena Sedlak,"```json { ""wikipedia_page"": ""Elena Sedlak"", ""wikidata_id"": ""Q3721500"" } ```",8.968778610229492
document_000170.html,137,146,Garagnani,NIL,PER,Q304229,Gianluca Grignani,"```json { ""wikipedia_page"": ""Gianluca Grignani"", ""wikidata_id"": ""Q304229"" } ```",26.186616897583008
document_000170.html,160,164,Ines,NIL,PER,Q56248027,Ines Negri,"```json { ""wikipedia_page"": ""Ines Negri"", ""wikidata_id"": ""Q56248027"" } ```",12.600045204162598
document_000170.html,176,181,Durot,NIL,PER,Q3609192,Aldo Duro,"```json { ""wikipedia_page"": ""Aldo Duro"", ""wikidata_id"": ""Q3609192"" } ```",18.14081382751465
document_000170.html,197,202,Pozzi,NIL,PER,Q3767973,Giovanni Pozzi,"```json { ""wikipedia_page"": ""Giovanni Pozzi"", ""wikidata_id"": ""Q3767973"" } ```",20.317655563354492
document_000171.html,24,32,Angeloni,NIL,PER,Q3266378,Luigi Angeloni,"```json { ""wikipedia_page"": ""Luigi Angeloni"", ""wikidata_id"": ""Q3266378"" } ```",15.822327613830566
document_000171.html,178,183,Laura,NIL,PER,Q3827822,Laura Olivari,"```json { ""wikipedia_page"": ""Laura Olivari"", ""wikidata_id"": ""Q3827822"" } ```",10.151616096496582
document_000171.html,313,322,Steinbach,Q61512819,PER,Q5371456,Emil Steinbach,"```json { ""wikipedia_page"": ""Emil Steinbach"", ""wikidata_id"": ""Q5371456"" } ```",17.457012176513672
document_000171.html,424,432,la Cieca,NIL,PER,Q3847514,Maria Scarpetta,"```json { ""wikipedia_page"": ""Maria Scarpetta"", ""wikidata_id"": ""Q3847514"" } ```",8.19289779663086
document_000172.html,10,17,Bazzani,NIL,PER,Q3839199,Lugano Bazzani,"```json { ""wikipedia_page"": ""Lugano Bazzani"", ""wikidata_id"": ""Q3839199"" } ```",23.78379249572754
document_000172.html,243,247,Enzo,NIL,PER,Q22583537,Enzo Zotti,"```json { ""wikipedia_page"": ""Enzo Zotti"", ""wikidata_id"": ""Q22583537"" } ```",15.940556526184082
document_000172.html,330,337,Rossato,NIL,PER,Q3941609,Rossano,"```json { ""wikipedia_page"": ""Rossano"", ""wikidata_id"": ""Q3941609"" } ```",16.795578002929688
document_000175.html,0,17,Odoardo Sottolana,Q102279709,PER,Q3880940,Odoardo Spadaro,"```json { ""wikipedia_page"": ""Odoardo Sottolana"", ""wikidata_id"": ""Q3880940"" } ```",26.03843879699707
document_000175.html,121,138,Odoardo Sottolana,Q102279709,PER,Q3880940,Odoardo Spadaro,"```json { ""wikipedia_page"": ""Odoardo Spadaro"", ""wikidata_id"": ""Q3880940"" } ```",29.122329711914062
document_000176.html,77,82,Ebrea,Q339043,MISC,Q3202810,L'ebreo,"```json { ""wikipedia_page"": ""L'ebreo"", ""wikidata_id"": ""Q3202810"" } ```",11.98034954071045
document_000176.html,85,92,Profeta,Q263297,MISC,Q3922602,Profeta,"```json { ""wikipedia_page"": ""Profeta"", ""wikidata_id"": ""Q3922602"" } ```",15.033207893371582
document_000176.html,215,223,De Negri,Q3766640,PER,Q20905318,Alberto De Negri,"```json { ""wikipedia_page"": ""Alberto De Negri"", ""wikidata_id"": ""Q20905318"" } ```",23.72423553466797
document_000177.html,0,12,Emilia Ciuti,NIL,PER,Q16551701,Elisa Sciuto,"```json { ""wikipedia_page"": ""Emilia Ciuti"", ""wikidata_id"": ""Q16551701"" } ```",25.72799301147461
document_000177.html,15,27,P. Lazzarini,NIL,PER,Q7192991,Pietro Lazzarini,"```json { ""wikipedia_page"": ""Pietro Lazzarini"", ""wikidata_id"": ""Q7192991"" } ```",22.48728370666504
document_000178.html,0,18,Arturo Marescaichi,Q30416690,PER,Q3624562,Arturo Marescalchi,"```json { ""wikipedia_page"": ""Arturo Marescalchi"", ""wikidata_id"": ""Q3624562"" } ```",32.3303108215332
document_000178.html,89,109,Arturo . Marescalchi,Q30416690,PER,Q3624562,Arturo Marescalchi,"```json { ""wikipedia_page"": ""Arturo Marescalchi"", ""wikidata_id"": ""Q3624562"" } ```",22.683935165405273
document_000179.html,1,16,Pietro Lombardi,NIL,PER,Q5962684,Pietro Lombardi,"```json { ""wikipedia_page"": ""Pietro Lombardi"", ""wikidata_id"": ""Q5962684"" } ```",28.81744384765625
document_000179.html,255,270,Pietro Lombardi,NIL,PER,Q5962684,Pietro Lombardi,"```json { ""wikipedia_page"": ""Pietro Lombardi"", ""wikidata_id"": ""Q5962684"" } ```",31.21702003479004
document_000179.html,142,148,Napoli,Q2634,LOC,Q628491,Teatro di San Carlo,"```json { ""wikipedia_page"": ""Teatro di San Carlo"", ""wikidata_id"": ""Q628491"" } ```",15.927788734436035
document_000179.html,167,173,Milano,Q490,LOC,Q5471,Teatro alla Scala,"```json { ""wikipedia_page"": ""Teatro alla Scala"", ""wikidata_id"": ""Q5471"" } ```",13.707831382751465
document_000180.html,82,90,acEmpyre,Q3724821,LOC,Q3010447,César Empereur,"```json { ""wikipedia_page"": ""César Empereur"", ""wikidata_id"": ""Q3010447"" } ```",8.907442092895508
document_000180.html,144,151,Bologna,Q1891,LOC,Q2306368,teatro comunale di Bologna,"```json { ""wikipedia_page"": ""teatro comunale di Bologna"", ""wikidata_id"": ""Q2306368"" } ```",18.460655212402344
document_000180.html,209,213,Roma,Q220,LOC,Q588377,Teatro Argentina,"```json { ""wikipedia_page"": ""Teatro Argentina"", ""wikidata_id"": ""Q588377"" } ```",15.831846237182617
document_000182.html,3,26,Loro Maesta del Brasile,NIL,PER,Q657176,Imperatriz Leopoldinense,"```json { ""wikipedia_page"": ""Imperatriz Leopoldinense"", ""wikidata_id"": ""Q657176"" } ```",14.284490585327148
document_000182.html,190,203,Antonio Cuzzo,NIL,PER,Q108752898,Antonio Cozzi,"```json { ""wikipedia_page"": ""Antonio Cozzi"", ""wikidata_id"": ""Q108752898"" } ```",22.746410369873047
document_000183.html,7,15,De Negri,Q3766640,PER,Q42597211,Vittorio Negri,"```json { ""wikipedia_page"": ""Vittorio Negri"", ""wikidata_id"": ""Q42597211"" } ```",24.254308700561523
document_000184.html,23,32,Mendioroz,Q102286504,PER,Q1406665,"Fernando Fernández de Córdova, 2nd Marquis of Mendigorría","```json { ""wikipedia_page"": ""Fernando Fernández de Córdova, 2nd Marquis of Mendigorría"", ""wikidata_id"": ""Q1406665"" } ```",14.39309024810791
document_000184.html,241,246,Ditta,Q1046463,MISC,Q18417453,Ditta Ing. Ippolito Cattaneo Genova,"```json { ""wikipedia_page"": ""Ditta Ing. Ippolito Cattaneo Genova"", ""wikidata_id"": ""Q18417453"" } ```",14.960448265075684
document_000185.html,96,110,Alfredo Bajesi,NIL,PER,Q28358617,Alfredo Bigeschi,"```json { ""wikipedia_page"": ""Alfredo Bigeschi"", ""wikidata_id"": ""Q28358617"" } ```",30.50013542175293
document_000185.html,272,278,Boghen,Q55225713,PER,Q189766,Luigi Boccherini,"```json { ""wikipedia_page"": ""Luigi Boccherini"", ""wikidata_id"": ""Q189766"" } ```",15.523359298706055
document_000186.html,0,11,Il Paganini,NIL,ORG,Q3888914,Paganino Paganini,"```json { ""wikipedia_page"": ""Paganino Paganini"", ""wikidata_id"": ""Q3888914"" } ```",30.877849578857422
document_000186.html,108,113,Faust,NIL,MISC,Q29478,Faust,"```json { ""wikipedia_page"": ""Faust"", ""wikidata_id"": ""Q29478"" } ```",21.473892211914062
document_000186.html,288,298,Margherita,NIL,PER,Q135631,Margherita di Savoia,"```json { ""wikipedia_page"": ""Margherita di Savoia"", ""wikidata_id"": ""Q135631"" } ```",16.327041625976562
document_000186.html,326,336,Margherita,NIL,PER,Q135631,Margherita di Savoia,"```json { ""wikipedia_page"": ""Margherita di Savoia"", ""wikidata_id"": ""Q135631"" } ```",15.506034851074219
document_000187.html,29,37,Montaldo,NIL,PER,Q53028,Giuliano Montaldo,"```json { ""wikipedia_page"": ""Giuliano Montaldo"", ""wikidata_id"": ""Q53028"" } ```",14.551795959472656
document_000187.html,133,142,Cardinali,Q61483965,PER,Q3770245,Giuseppe Cardinali,"```json { ""wikipedia_page"": ""Giuseppe Cardinali"", ""wikidata_id"": ""Q3770245"" } ```",17.54053497314453
document_000187.html,226,233,Liberté,NIL,ORG,Q2276427,Libertà,"```json { ""wikipedia_page"": ""Libertà"", ""wikidata_id"": ""Q2276427"" } ```",16.540681838989258
document_000187.html,270,275,Villa,NIL,PER,Q3845110,Manuela Villa,"```json { ""wikipedia_page"": ""Manuela Villa"", ""wikidata_id"": ""Q3845110"" } ```",10.509047508239746
document_000187.html,355,363,Ruy Blas,Q3453685,MISC,Q3085278,Ruy Blas,"```json { ""wikipedia_page"": ""Ruy Blas"", ""wikidata_id"": ""Q3085278"" } ```",21.90547752380371
document_000188.html,24,37,Ciampi Cellai,NIL,PER,Q1447032,Silvano Ciampi,"```json { ""wikipedia_page"": ""Silvano Ciampi"", ""wikidata_id"": ""Q1447032"" } ```",20.792922973632812
document_000188.html,73,82,Pie Jesus,Q11499275,MISC,Q2710688,Pie Jesu,"```json { ""wikipedia_page"": ""Pie Jesu"", ""wikidata_id"": ""Q2710688"" } ```",23.348121643066406
document_000188.html,86,95,Stradella,NIL,PER,Q314765,Alessandro Stradella,"```json { ""wikipedia_page"": ""Alessandro Stradella"", ""wikidata_id"": ""Q314765"" } ```",19.90323257446289
document_000188.html,136,150,Oreste Gennari,NIL,PER,Q3882743,Onofrio Maria Gennari,"```json { ""wikipedia_page"": ""Oreste Gennari"", ""wikidata_id"": ""Q3882743"" } ```",24.324871063232422
document_000188.html,177,200,teatro Principe Alfonso,Q15640791,LOC,Q5658141,Teatro Principal,"```json { ""wikipedia_page"": ""Teatro Principal"", ""wikidata_id"": ""Q5658141"" } ```",18.159862518310547
document_000189.html,47,61,teatro di Bari,NIL,LOC,Q845517,Teatro Piccinni,"```json { ""wikipedia_page"": ""Teatro Piccinni"", ""wikidata_id"": ""Q845517"" } ```",19.279937744140625
document_000189.html,85,99,Dolores Buireo,NIL,PER,Q238955,Dolores Ibárruri,"```json { ""wikipedia_page"": ""Dolores Ibárruri"", ""wikidata_id"": ""Q238955"" } ```",25.077939987182617
document_000189.html,179,195,Teatro Ilustrato,NIL,ORG,Q18420560,Teatro I,"```json { ""wikipedia_page"": ""Teatro I"", ""wikidata_id"": ""Q18420560"" } ```",17.546964645385742
document_000189.html,332,340,Seppilli,Q21081439,PER,Q4000350,Tullio Seppilli,"```json { ""wikipedia_page"": ""Tullio Seppilli"", ""wikidata_id"": ""Q4000350"" } ```",27.102230072021484
document_000189.html,353,369,Lasciami in pace,NIL,MISC,Q3827329,Lasciateci in pace,"```json { ""wikipedia_page"": ""Lasciateci in pace"", ""wikidata_id"": ""Q3827329"" } ```",16.9462833404541
document_000189.html,408,421,Vittorio Pepe,Q102076094,PER,Q4013457,Vincenzo Pepe,"```json { ""wikipedia_page"": ""Vittorio Pepe"", ""wikidata_id"": ""Q4013457"" } ```",33.2483024597168
document_000190.html,33,39,Attila,Q211460,MISC,Q36724,Attila,"```json { ""wikipedia_page"": ""Attila"", ""wikidata_id"": ""Q36724"" } ```",14.787019729614258
document_000190.html,214,239,S. M. la Regina di Spagna,Q538125,PER,Q229861,Maria Luisa di Savoia,"```json { ""wikipedia_page"": ""Maria Luisa di Savoia"", ""wikidata_id"": ""Q229861"" } ```",10.66969108581543
document_000191.html,11,18,Gargano,Q57239339,PER,Q16870116,Gargano,"```json { ""wikipedia_page"": ""Gargano"", ""wikidata_id"": ""Q16870116"" } ```",12.32561206817627
document_000191.html,19,26,Gargano,Q57239339,PER,Q763332,Gargano,"```json { ""wikipedia_page"": ""Gargano"", ""wikidata_id"": ""Q763332"" } ```",15.369953155517578
document_000192.html,342,357,Francesco Pozzi,NIL,PER,Q52835988,Francesco Pozzi,"```json { ""wikipedia_page"": ""Francesco Pozzi"", ""wikidata_id"": ""Q52835988"" } ```",36.0850944519043
document_000193.html,35,42,Verdini,NIL,PER,Q7317,Giuseppe Verdi,"```json { ""wikipedia_page"": ""Giuseppe Verdi"", ""wikidata_id"": ""Q7317"" } ```",16.465635299682617
document_000194.html,17,31,Oreste Gennari,NIL,PER,Q3885553,Oreste Leonardi,"```json { ""wikipedia_page"": ""Oreste Gennari"", ""wikidata_id"": ""Q3885553"" } ```",22.51382827758789
document_000194.html,58,81,teatro Principe Alfonso,Q15640791,LOC,Q211250,Teatro Real,"```json { ""wikipedia_page"": ""Teatro Real"", ""wikidata_id"": ""Q211250"" } ```",17.076187133789062
document_000194.html,142,156,teatro di Bari,NIL,LOC,Q845517,Teatro Piccinni,"```json { ""wikipedia_page"": ""Teatro Piccinni"", ""wikidata_id"": ""Q845517"" } ```",18.804861068725586
document_000194.html,180,194,Dolores Buireo,NIL,PER,Q238955,Dolores Ibárruri,"```json { ""wikipedia_page"": ""Dolores Ibárruri"", ""wikidata_id"": ""Q238955"" } ```",22.420753479003906
document_000195.html,23,39,Teatro Ilustrato,NIL,ORG,Q3982242,Teatro d'Agitazione,"```json { ""wikipedia_page"": ""Teatro d'Agitazione"", ""wikidata_id"": ""Q3982242"" } ```",18.499263763427734
document_000195.html,176,184,Seppilli,Q21081439,PER,Q4000350,Tullio Seppilli,"```json { ""wikipedia_page"": ""Tullio Seppilli"", ""wikidata_id"": ""Q4000350"" } ```",28.83833122253418
document_000195.html,197,213,Lasciami in pace,NIL,MISC,Q3827329,Lasciateci in pace,"```json { ""wikipedia_page"": ""Lasciami in pace"", ""wikidata_id"": ""Q3827329"" } ```",17.757556915283203
document_000195.html,252,265,Vittorio Pepe,Q102076094,PER,Q4013457,Vincenzo Pepe,"```json { ""wikipedia_page"": ""Vittorio Pepe"", ""wikidata_id"": ""Q4013457"" } ```",33.46510696411133
document_000196.html,72,85,Camera Gialla,NIL,MISC,Q3651240,Camera 22,"```json { ""wikipedia_page"": ""Camera 22"", ""wikidata_id"": ""Q3651240"" } ```",16.361509323120117
document_000196.html,108,117,Cammarota,NIL,PER,Q28946222,Carlo Cammarota,"```json { ""wikipedia_page"": ""Carlo Cammarota"", ""wikidata_id"": ""Q28946222"" } ```",16.494028091430664
document_000196.html,232,237,Agram,Q1435,LOC,Q13678,Agrigento,"```json { ""wikipedia_page"": ""Agrigento"", ""wikidata_id"": ""Q13678"" } ```",15.429045677185059
document_000197.html,16,23,Borelli,Q30077493,PER,Q15459469,Rosario Borelli,"```json { ""wikipedia_page"": ""Rosario Borelli"", ""wikidata_id"": ""Q15459469"" } ```",16.277284622192383
document_000197.html,26,35,Lucignani,NIL,PER,Q3838507,Luciana Savignano,"```json { ""wikipedia_page"": ""Luciana Savignano"", ""wikidata_id"": ""Q3838507"" } ```",17.704513549804688
document_000197.html,79,88,Rebuffini,NIL,PER,Q920573,Giorgio Rebuffi,"```json { ""wikipedia_page"": ""Giorgio Rebuffi"", ""wikidata_id"": ""Q920573"" } ```",16.66242218017578
document_000198.html,48,53,Zorzi,NIL,PER,Q3993130,Tonino Zorzi,"```json { ""wikipedia_page"": ""Tonino Zorzi"", ""wikidata_id"": ""Q3993130"" } ```",26.586278915405273
document_000198.html,157,168,Elisa Bassi,NIL,PER,Q3721387,Elena Bassi,"```json { ""wikipedia_page"": ""Elisa Bassi"", ""wikidata_id"": ""Q3721387"" } ```",22.84886932373047
document_000198.html,175,183,Gioconda,Q748840,MISC,Q12418,La Gioconda,"```json { ""wikipedia_page"": ""La Gioconda"", ""wikidata_id"": ""Q12418"" } ```",14.83797836303711
document_000199.html,71,79,Martucci,Q769966,PER,Q3665470,Cesare Martuzzi,"```json { ""wikipedia_page"": ""Cesare Martuzzi"", ""wikidata_id"": ""Q3665470"" } ```",14.677730560302734
document_000199.html,189,193,Busi,Q11904863,PER,Q16062989,Luigi Busi,"```json { ""wikipedia_page"": ""Luigi Busi"", ""wikidata_id"": ""Q16062989"" } ```",18.300933837890625
document_000199.html,244,262,responso dei fiori,NIL,MISC,Q604748,responsorio,"```json { ""wikipedia_page"": ""responsorio"", ""wikidata_id"": ""Q604748"" } ```",7.550172805786133
document_000201.html,9,18,Schneider,Q88791594,PER,NIL,Schneider,"```json { ""wikipedia_page"": ""NIL"", ""wikidata_id"": ""NIL"" } ```",11.989104270935059
document_000201.html,27,37,il Lamento,Q109244005,MISC,Q10371468,Silenzio,"```json { ""wikipedia_page"": ""Il Lamento di Fauno"", ""wikidata_id"": ""Q10371468"" } ```",10.451068878173828
document_000204.html,191,198,Miassin,Q359383,PER,Q404402,Ilya Musin,"```json { ""wikipedia_page"": ""Ilya Musin"", ""wikidata_id"": ""Q404402"" } ```",17.245792388916016
document_000212.html,113,118,Baden,Q486450,PER,Q4100,Baden-Baden,"```json { ""wikipedia_page"": ""Baden-Baden"", ""wikidata_id"": ""Q4100"" } ```",19.093711853027344
document_000212.html,125,148,caffé « alla pera d’oro,NIL,LOC,Q2739545,Caffè Pedrocchi,"```json { ""wikipedia_page"": ""Caffè Pedrocchi"", ""wikidata_id"": ""Q2739545"" } ```",11.645036697387695
document_000212.html,225,231,Wendel,Q1303289,PER,Q45317,Joseph Wendel,"```json { ""wikipedia_page"": ""Joseph Wendel"", ""wikidata_id"": ""Q45317"" } ```",18.756702423095703
document_000213.html,37,52,Quinta sinfonia,Q188709,MISC,Q224169,quinta,"```json { ""wikipedia_page"": ""Quinta sinfonia"", ""wikidata_id"": ""Q224169"" } ```",4.2837324142456055
document_000215.html,41,57,diterza Sinfonia,Q223538,MISC,Q210577,Sinfonia n. 2,"```json { ""wikipedia_page"": ""Sinfonia n. 2"", ""wikidata_id"": ""Q210577"" } ```",9.205001831054688
document_000216.html,108,127,sinfonia di sol min,Q231390,MISC,Q1831363,Sinfonia in Fa minore,"```json { ""wikipedia_page"": ""Sinfonia in Fa minore"", ""wikidata_id"": ""Q1831363"" } ```",16.09709930419922
document_000219.html,37,45,Juventus,Q109001794,MISC,Q1422,Juventus FC,"```json { ""wikipedia_page"": ""Juventus FC"", ""wikidata_id"": ""Q1422"" } ```",16.902996063232422
document_000219.html,52,60,DiSabata,Q464890,PER,Q3765411,Giorgio De Sabbata,"```json { ""wikipedia_page"": ""Giorgio De Sabbata"", ""wikidata_id"": ""Q3765411"" } ```",23.34672737121582
document_000221.html,88,98,Anacreonte,Q4750726,MISC,Q213484,Anacreonte,"```json { ""wikipedia_page"": ""Anacreonte"", ""wikidata_id"": ""Q213484"" } ```",17.18828582763672
document_000222.html,72,78,Sorima,NIL,PER,Q982878,Sergio Sollima,"```json { ""wikipedia_page"": ""Sergio Sollima"", ""wikidata_id"": ""Q982878"" } ```",22.79320526123047
document_000222.html,84,93,Tarantini,NIL,PER,Q108555,Giuseppe Tartini,"```json { ""wikipedia_page"": ""Giuseppe Tartini"", ""wikidata_id"": ""Q108555"" } ```",27.09954261779785
document_000222.html,128,132,Fano,Q3779156,PER,Q13142,Fano,"```json { ""wikipedia_page"": ""Fano"", ""wikidata_id"": ""Q13142"" } ```",22.392431259155273
document_000222.html,134,147,dell’Agostini,Q3855836,PER,Q22583532,Augusto Agostini,"```json { ""wikipedia_page"": ""Augusto Agostini"", ""wikidata_id"": ""Q22583532"" } ```",24.09284782409668
document_000222.html,195,204,Marinuzzi,Q3106818,PER,Q3764660,Gino Marinuzzi,"```json { ""wikipedia_page"": ""Gino Marinuzzi"", ""wikidata_id"": ""Q3764660"" } ```",24.052900314331055
document_000224.html,3,17,Inno trionfale,NIL,MISC,Q1093864,Inno al Re,"```json { ""wikipedia_page"": ""Inno trionfale"", ""wikidata_id"": ""Q1093864"" } ```",13.774696350097656
document_000224.html,72,87,Le sette parole,Q1219505,MISC,Q1314426,Sette parole di Cristo in croce,"```json { ""wikipedia_page"": ""Sette parole di Cristo in croce"", ""wikidata_id"": ""Q1314426"" } ```",22.724788665771484
document_000226.html,35,44,Opernhaus,NIL,LOC,Q702548,Konzerthaus Berlin,"```json { ""wikipedia_page"": ""Konzerthaus Berlin"", ""wikidata_id"": ""Q702548"" } ```",26.071725845336914
document_000226.html,45,55,difBerlino,Q64,LOC,Q637834,Deutsche Oper Berlin,"```json { ""wikipedia_page"": ""Deutsche Oper Berlin"", ""wikidata_id"": ""Q637834"" } ```",18.239194869995117
document_000229.html,0,5,A. T.,NIL,PER,Q3620260,Antonio Tatò,"```json { ""wikipedia_page"": ""Antonio Tatò"", ""wikidata_id"": ""Q3620260"" } ```",14.846527099609375
document_000229.html,12,23,Rivista ITT,NIL,ORG,Q2155659,Rivista storica italiana,"```json { ""wikipedia_page"": ""Rivista storica italiana"", ""wikidata_id"": ""Q2155659"" } ```",21.39912986755371
document_000230.html,187,196,do minore,Q146793,MISC,Q309994,Do minore,"```json { ""wikipedia_page"": ""Do minore"", ""wikidata_id"": ""Q309994"" } ```",20.15168571472168
document_000231.html,102,126,Liceo Benedetto Marcello,Q945776,ORG,Q3831916,Liceo Classico Marco Polo,"```json { ""wikipedia_page"": ""Liceo Classico Marco Polo"", ""wikidata_id"": ""Q3831916"" } ```",21.912267684936523
document_000235.html,44,54,Ukolebavke,Q6612905,MISC,Q193705,Lo Schiaccianoci,"```json { ""wikipedia_page"": ""Lo Schiaccianoci"", ""wikidata_id"": ""Q193705"" } ```",14.820863723754883
document_000236.html,35,40,Novak,Q347611,PER,Q12806858,Zvonko Novak,"```json { ""wikipedia_page"": ""Zvonko Novak"", ""wikidata_id"": ""Q12806858"" } ```",16.67043685913086
document_000240.html,79,87,M. Costa,Q1515576,PER,Q365012,Mario Costa,"```json { ""wikipedia_page"": ""Mario Costa"", ""wikidata_id"": ""Q365012"" } ```",22.009510040283203
document_000241.html,90,97,in Alto,Q109002192,MISC,Q30889356,In alto,"```json { ""wikipedia_page"": ""In alto"", ""wikidata_id"": ""Q30889356"" } ```",17.663026809692383
document_000242.html,37,46,M. Baroni,NIL,PER,Q1753344,Mario Baroni,"```json { ""wikipedia_page"": ""Mario Baroni"", ""wikidata_id"": ""Q1753344"" } ```",19.688018798828125
document_000242.html,109,116,Masetti,NIL,PER,Q3863019,Moris Masetti,"```json { ""wikipedia_page"": ""Moris Masetti"", ""wikidata_id"": ""Q3863019"" } ```",20.181018829345703
document_000242.html,121,128,Zappata,NIL,PER,Q325161,Filippo Zappata,"```json { ""wikipedia_page"": ""Filippo Zappata"", ""wikidata_id"": ""Q325161"" } ```",17.992023468017578
document_000242.html,133,142,Piccaluga,Q20006109,PER,Q3617158,Angelo Piccaluga,"```json { ""wikipedia_page"": ""Angelo Piccaluga"", ""wikidata_id"": ""Q3617158"" } ```",22.018911361694336
document_000242.html,155,162,Dilelio,Q33119369,PER,Q3767081,Nino D'Aurelio,"```json { ""wikipedia_page"": ""Nino D'Aurelio"", ""wikidata_id"": ""Q3767081"" } ```",15.670589447021484
document_000244.html,70,79,Scandiani,NIL,PER,Q3610297,Alessandro Scanziani,"```json { ""wikipedia_page"": ""Alessandro Scanziani"", ""wikidata_id"": ""Q3610297"" } ```",18.75302505493164
document_000244.html,134,152,dell’Ente Autonomo,Q5471,LOC,Q3726220,ente autonomo,"```json { ""wikipedia_page"": ""ente autonomo"", ""wikidata_id"": ""Q3726220"" } ```",4.500685691833496
document_000247.html,76,86,De Hidalgo,Q465195,PER,Q730336,La Périchole,"```json { ""wikipedia_page"": ""La Perrichole"", ""wikidata_id"": ""Q730336"" } ```",20.373910903930664
document_000249.html,216,235,Margherita Sheridan,Q6759227,PER,Q535633,Margaret Sheridan,"```json { ""wikipedia_page"": ""Margaret Sheridan"", ""wikidata_id"": ""Q535633"" } ```",29.500370025634766
document_000250.html,35,51,Maestrit Canfori,Q465540,MISC,Q3822417,La finta giardiniera,"```json { ""wikipedia_page"": ""La finta giardiniera"", ""wikidata_id"": ""Q3822417"" } ```",13.10937786102295
document_000250.html,213,222,Wildbrunn,Q89504,PER,Q1360496,Ernst Waldbrunn,"```json { ""wikipedia_page"": ""Ernst Waldbrunn"", ""wikidata_id"": ""Q1360496"" } ```",15.197793960571289
document_000250.html,239,249,De Angelis,Q2536286,PER,Q3870133,Nanni De Angelis,"```json { ""wikipedia_page"": ""Nanni De Angelis"", ""wikidata_id"": ""Q3870133"" } ```",20.408164978027344
document_000251.html,150,165,Maestri Cantort,Q465540,MISC,Q330679,cantore,"```json { ""wikipedia_page"": ""cantore"", ""wikidata_id"": ""Q330679"" } ```",15.546394348144531
document_000252.html,10,14,Rota,Q97571478,PER,Q15907,Rota,"```json { ""wikipedia_page"": ""Rota"", ""wikidata_id"": ""Q15907"" } ```",6.9597930908203125
document_000252.html,16,26,Rovescalli,Q94288706,PER,Q41011,Rovescala,"```json { ""wikipedia_page"": ""Rovescala"", ""wikidata_id"": ""Q41011"" } ```",7.599598407745361
document_000252.html,28,37,Marchioro,NIL,PER,Q3767638,Giovanni Marchioro,"```json { ""wikipedia_page"": ""Giovanni Marchioro"", ""wikidata_id"": ""Q3767638"" } ```",7.553352355957031
document_000252.html,39,46,Santoni,NIL,PER,Q3609313,Aldo Santoni,"```json { ""wikipedia_page"": ""Aldo Santoni"", ""wikidata_id"": ""Q3609313"" } ```",7.503734588623047
document_000252.html,49,55,Grandi,NIL,PER,Q948575,Alessandro Grandi,"```json { ""wikipedia_page"": ""Alessandro Grandi"", ""wikidata_id"": ""Q948575"" } ```",8.749650955200195
document_000254.html,44,59,Schola cantorum,NIL,ORG,Q675386,Schola cantorum,"```json { ""wikipedia_page"": ""Schola cantorum"", ""wikidata_id"": ""Q675386"" } ```",23.531925201416016
document_000254.html,104,112,Cappelle,Q1236085,LOC,Q51349,Cappelle sul Tavo,"```json { ""wikipedia_page"": ""Cappelle sul Tavo"", ""wikidata_id"": ""Q51349"" } ```",15.348523139953613
document_000255.html,5,27,Sala della Filarmonica,Q3982262,LOC,Q20008430,Auditorium San Francesco di Paola,"```json { ""wikipedia_page"": ""Auditorium San Francesco di Paola"", ""wikidata_id"": ""Q20008430"" } ```",26.30164909362793
document_000255.html,152,167,Arrigo Provvedi,NIL,PER,Q3623789,Arrigo Paladini,"```json { ""wikipedia_page"": ""Arrigo Provvedi"", ""wikidata_id"": ""Q3623789"" } ```",34.337158203125
document_000256.html,6,25,Liceo di S. Cecilia,Q181410,ORG,Q3687231,Conservatorio Santa Cecilia,"```json { ""wikipedia_page"": ""Conservatorio Santa Cecilia"", ""wikidata_id"": ""Q3687231"" } ```",18.969545364379883
document_000256.html,83,102,Marsilio Ceccarelli,Q102289005,PER,Q1610724,Giancarlo Ceccarelli,"```json { ""wikipedia_page"": ""Giancarlo Ceccarelli"", ""wikidata_id"": ""Q1610724"" } ```",27.354270935058594
document_000258.html,43,53,Olga Greco,NIL,PER,Q46992806,Olga Gori,"```json { ""wikipedia_page"": ""Olga Greco"", ""wikidata_id"": ""Q46992806"" } ```",36.341373443603516
document_000260.html,0,15,Filippo Vinardi,Q102280116,PER,NIL,Filippo Vinardi,"```json { ""wikipedia_page"": ""Filippo Vinardi"", ""wikidata_id"": ""NIL"" } ```",29.082168579101562
document_000261.html,98,105,A DANTE,NIL,MISC,Q1067,Dante Alighieri,"```json { ""wikipedia_page"": ""Dante Alighieri"", ""wikidata_id"": ""Q1067"" } ```",14.777595520019531
document_000262.html,9,17,Juventus,Q109001794,MISC,Q1422,Juventus FC,"```json { ""wikipedia_page"": ""Juventus FC"", ""wikidata_id"": ""Q1422"" } ```",17.938034057617188
document_000262.html,21,33,A. De Sabata,Q464890,PER,Q48638698,Sabata,"```json { ""wikipedia_page"": ""A. De Sabata"", ""wikidata_id"": ""Q48638698"" } ```",28.6600341796875
document_000262.html,37,56,Oriente immaginario,NIL,MISC,Q6455592,L'Armida immaginaria,"```json { ""wikipedia_page"": ""L'Armida immaginaria"", ""wikidata_id"": ""Q6455592"" } ```",14.077393531799316
document_000265.html,119,135,Cappella Sistina,Q1236085,ORG,Q2943,cappella Sistina,"```json { ""wikipedia_page"": ""cappella Sistina"", ""wikidata_id"": ""Q2943"" } ```",23.153057098388672
document_000266.html,45,53,Cappella,Q1236085,ORG,Q1034857,Cappella,"```json { ""wikipedia_page"": ""Cappella"", ""wikidata_id"": ""Q1034857"" } ```",15.758424758911133
document_000267.html,9,25,Cappella Sistina,Q1236085,ORG,Q2943,cappella Sistina,"```json { ""wikipedia_page"": ""cappella Sistina"", ""wikidata_id"": ""Q2943"" } ```",24.90302085876465
document_000267.html,115,120,Rella,NIL,PER,Q1248235,Gabriella Relle,"```json { ""wikipedia_page"": ""Gabriella Relle"", ""wikidata_id"": ""Q1248235"" } ```",21.537809371948242
document_000268.html,20,30,Scuola Pia,NIL,ORG,Q15056137,Scuola Pontificia Pio IX,"```json { ""wikipedia_page"": ""Scuola Pontificia Pio IX"", ""wikidata_id"": ""Q15056137"" } ```",22.656497955322266
document_000274.html,53,61,Schtmann,Q7351,PER,Q1745226,Klaus Hinrich Stahmer,"```json { ""wikipedia_page"": ""Klaus Hinrich Stahmer"", ""wikidata_id"": ""Q1745226"" } ```",21.983205795288086
document_000275.html,87,95,Augusteo,Q3616668,LOC,Q3516747,Teatro Augusteo,"```json { ""wikipedia_page"": ""Teatro Augusteo"", ""wikidata_id"": ""Q3516747"" } ```",12.766529083251953
document_000277.html,33,41,Molinari,Q2619703,PER,Q20683762,Caffè Molinari,"```json { ""wikipedia_page"": ""Caffè Molinari"", ""wikidata_id"": ""Q20683762"" } ```",19.606544494628906
document_000278.html,21,28,Mantica,NIL,PER,Q2835617,Alfredo Mantica,"```json { ""wikipedia_page"": ""Alfredo Mantica"", ""wikidata_id"": ""Q2835617"" } ```",21.75751495361328
document_000280.html,18,25,Mantica,NIL,PER,Q2835617,Alfredo Mantica,"```json { ""wikipedia_page"": ""Alfredo Mantica"", ""wikidata_id"": ""Q2835617"" } ```",16.679672241210938
document_000281.html,32,41,Ida Ricci,NIL,PER,Q112121032,Maria Irene Ricci,"```json { ""wikipedia_page"": ""Ida Ricci"", ""wikidata_id"": ""Q112121032"" } ```",34.27129364013672
document_000281.html,56,72,Giuditta Sartori,NIL,PER,Q3769162,Giuditta Saltarini,"```json { ""wikipedia_page"": ""Giuditta Sartori"", ""wikidata_id"": ""Q3769162"" } ```",35.4414176940918
document_000283.html,3,8,Vayra,NIL,PER,Q21209128,Giuseppe Vayra,"```json { ""wikipedia_page"": ""Giuseppe Vayra"", ""wikidata_id"": ""Q21209128"" } ```",16.063871383666992
document_000283.html,40,68,Scuola moderna di pianoforte,NIL,ORG,Q16543772,Conservatorio di Musica di Vibo Valentia,"```json { ""wikipedia_page"": ""Conservatorio di Musica di Vibo Valentia"", ""wikidata_id"": ""Q16543772"" } ```",28.28760528564453
document_000283.html,80,91,V. Ravicini,NIL,PER,Q4013471,Vincenzo Radicioni,"```json { ""wikipedia_page"": ""Vincenzo Radicioni"", ""wikidata_id"": ""Q4013471"" } ```",33.83900833129883
document_000284.html,12,28,Maria Capoccetti,NIL,PER,Q1895769,Maria Cocchetti,"```json { ""wikipedia_page"": ""Maria Cocchetti"", ""wikidata_id"": ""Q1895769"" } ```",36.366111755371094
document_000285.html,85,94,L. Refice,NIL,PER,Q2262579,Licinio Refice,"```json { ""wikipedia_page"": ""Licinio Refice"", ""wikidata_id"": ""Q2262579"" } ```",36.21808624267578
document_000285.html,163,176,Sala Nazareno,NIL,LOC,Q1109147,Collegio Nazareno,"```json { ""wikipedia_page"": ""Sala Nazareno"", ""wikidata_id"": ""Q1109147"" } ```",19.052000045776367
document_000286.html,6,18,Sala Smetana,Q15712623,LOC,Q6117096,,"```json { ""wikipedia_page"": ""Sala Smetana"", ""wikidata_id"": ""Q6117096"" } ```",31.72534942626953
document_000286.html,99,131,Sensifiva per canto ed orchestra,Q109242823,MISC,Q243837,Ottorino Respighi,"```json { ""wikipedia_page"": ""Ottorino Respighi"", ""wikidata_id"": ""Q243837"" } ```",20.88671875
document_000288.html,13,23,Papa Ratti,Q42323,PER,NIL,Papa Ratti,"```json { ""wikipedia_page"": ""NIL"", ""wikidata_id"": ""NIL"" } ```",18.72005844116211
document_000290.html,22,29,Arcadia,Q338478,ORG,Q170054,Arcadia,"```json { ""wikipedia_page"": ""Arcadia"", ""wikidata_id"": ""Q170054"" } ```",18.761451721191406
document_000292.html,6,11,Monti,Q723643,PER,Q3723745,Elvio Monti,"```json { ""wikipedia_page"": ""Elvio Monti"", ""wikidata_id"": ""Q3723745"" } ```",14.861069679260254
document_000292.html,99,106,Borroni,Q600955,PER,Q64800639,Siro Borrani,"```json { ""wikipedia_page"": ""Siro Borrani"", ""wikidata_id"": ""Q64800639"" } ```",11.76776123046875
document_000293.html,371,385,Gnea nel Lazio,NIL,MISC,Q386054,Enea nel Lazio,"```json { ""wikipedia_page"": ""Enea nel Lazio"", ""wikidata_id"": ""Q386054"" } ```",16.978858947753906
document_000294.html,37,44,Borroni,Q600955,PER,Q3660353,Carmine Borrino,"```json { ""wikipedia_page"": ""Carmine Borrino"", ""wikidata_id"": ""Q3660353"" } ```",12.988274574279785
document_000296.html,314,335,La Locandiera scaltra,NIL,MISC,Q1232053,La locandiera,"```json { ""wikipedia_page"": ""La locandiera"", ""wikidata_id"": ""Q1232053"" } ```",23.372533798217773
document_000297.html,32,45,Giorgi Belloc,Q3984271,PER,Q3772422,Gloria Bellicchi,"```json { ""wikipedia_page"": ""Giorgio Bellocchi"", ""wikidata_id"": ""Q3772422"" } ```",22.568824768066406
document_000297.html,51,61,Parlamagni,NIL,PER,Q3607527,Al Rangone,"```json { ""wikipedia_page"": ""Al Rangone"", ""wikidata_id"": ""Q3607527"" } ```",15.095450401306152
document_000299.html,71,106,La supplica di Melpomene e di Talia,NIL,MISC,Q3978074,Supplica alla Madonna di Pompei,"```json { ""wikipedia_page"": ""La supplica di Melpomene e di Talia"", ""wikidata_id"": ""Q3978074"" } ```",21.414278030395508
document_000300.html,44,49,Monti,Q723643,PER,Q315333,Luis Monti,"```json { ""wikipedia_page"": ""Luis Monti"", ""wikidata_id"": ""Q315333"" } ```",13.792656898498535
document_000300.html,54,63,Laroberti,NIL,PER,Q21587810,Romualdo Palberti,"```json { ""wikipedia_page"": ""Romualdo Palberti"", ""wikidata_id"": ""Q21587810"" } ```",16.1133975982666
document_000300.html,84,94,Policastro,NIL,PER,Q610420,Policastro Bussentino,"```json { ""wikipedia_page"": ""Policastro Bussentino"", ""wikidata_id"": ""Q610420"" } ```",12.809320449829102
document_000301.html,81,89,Callizoe,NIL,MISC,Q5022753,Calliroe,"```json { ""wikipedia_page"": ""Calliroe"", ""wikidata_id"": ""Q5022753"" } ```",24.30139923095703
document_000301.html,145,164,il Naso in pericolo,NIL,MISC,Q3793997,Il fischio al naso,"```json { ""wikipedia_page"": ""Il naso in pericolo"", ""wikidata_id"": ""Q3793997"" } ```",17.69754981994629
document_000302.html,92,119,Archivio del Reale Collegio,NIL,LOC,Q2860422,Archivio di Stato di Napoli,"```json { ""wikipedia_page"": ""Archivio di Stato di Napoli"", ""wikidata_id"": ""Q2860422"" } ```",19.740476608276367
document_000303.html,33,61,La Scuola Musicale ai Napoli,NIL,MISC,Q1756140,Scuola musicale napoletana,"```json { ""wikipedia_page"": ""Scuola musicale napoletana"", ""wikidata_id"": ""Q1756140"" } ```",21.636192321777344
document_000303.html,180,192,i Pitagorici,NIL,MISC,Q10261,Pitagora,"```json { ""wikipedia_page"": ""Pitagora"", ""wikidata_id"": ""Q10261"" } ```",12.457442283630371
document_000304.html,192,200,d'Italia,Q38,LOC,Q223936,Regno d'Italia (1805-1814),"```json { ""wikipedia_page"": ""Regno d'Italia (1805-1814)"", ""wikidata_id"": ""Q223936"" } ```",15.58642578125
document_000307.html,76,102,Mario Augusto Bruschettini,NIL,PER,Q63725147,Augusto Bruschettini,"```json { ""wikipedia_page"": ""Mario Augusto Bruschettini"", ""wikidata_id"": ""Q63725147"" } ```",31.054611206054688
document_000307.html,106,116,Alessandro,NIL,LOC,Q2832741,Alessandro Alberti,"```json { ""wikipedia_page"": ""Alessandro Alberti"", ""wikidata_id"": ""Q2832741"" } ```",21.816112518310547
document_000308.html,70,77,Carelli,Q5372752,PER,Q1132533,Caterina Gabrielli,"```json { ""wikipedia_page"": ""Caterina Gabrielli"", ""wikidata_id"": ""Q1132533"" } ```",24.942899703979492
document_000308.html,168,182,Colonia libera,NIL,MISC,Q22915669,Cuba Libre,"```json { ""wikipedia_page"": ""Colonia libera"", ""wikidata_id"": ""Q22915669"" } ```",16.156278610229492
document_000308.html,206,213,Lorenza,Q109002506,MISC,Q3836851,Lorenza Guerrieri,"```json { ""wikipedia_page"": ""Lorenza Guerrieri"", ""wikidata_id"": ""Q3836851"" } ```",19.786632537841797
document_000308.html,217,227,Mascheroni,Q3719624,PER,Q4015435,Vittorio Mascheroni,"```json { ""wikipedia_page"": ""Vittorio Mascheroni"", ""wikidata_id"": ""Q4015435"" } ```",25.270450592041016
document_000309.html,144,155,Guglielmina,NIL,PER,Q572198,Guglielma di Milano,"```json { ""wikipedia_page"": ""Guglielma di Milano"", ""wikidata_id"": ""Q572198"" } ```",13.531496047973633
document_000309.html,162,173,Swor Teresa,NIL,MISC,Q377685,Maria Stuarda,"```json { ""wikipedia_page"": ""Maria Stuarda"", ""wikidata_id"": ""Q377685"" } ```",16.04867172241211
document_000309.html,177,199,Teatro Santa Radegonda,NIL,LOC,Q3982039,Teatro Lirico,"```json { ""wikipedia_page"": ""Teatro Santa Radegonda"", ""wikidata_id"": ""Q3982039"" } ```",24.544719696044922
document_000309.html,216,235,Compagnia Barracani,NIL,ORG,Q22683520,Barracco,"```json { ""wikipedia_page"": ""Compagnia Barracani"", ""wikidata_id"": ""Q22683520"" } ```",23.556901931762695
document_000310.html,30,37,Cazzola,Q3680481,PER,Q27571831,Gianni Cazzola,"```json { ""wikipedia_page"": ""Gianni Cazzola"", ""wikidata_id"": ""Q27571831"" } ```",22.781253814697266
document_000310.html,162,169,Firenze,Q2044,LOC,Q3982074,Teatro Niccolini,"```json { ""wikipedia_page"": ""Teatro Niccolini"", ""wikidata_id"": ""Q3982074"" } ```",18.03203010559082
document_000311.html,25,31,Genova,Q1449,LOC,Q3982323,Teatro Nazionale di Genova,"```json { ""wikipedia_page"": ""Teatro Nazionale di Genova"", ""wikidata_id"": ""Q3982323"" } ```",17.808809280395508
document_000312.html,232,239,Rizzoli,NIL,PER,Q56777493,Rizzoli Libri,"```json { ""wikipedia_page"": ""Rizzoli Libri"", ""wikidata_id"": ""Q56777493"" } ```",18.819223403930664
document_000314.html,0,10,la Sonnand,Q753123,MISC,Q11314639,,"```json { ""wikipedia_page"": ""La Sonnambula"", ""wikidata_id"": ""Q11314639"" } ```",11.100503921508789
document_000314.html,14,29,Teatro Pagliano,Q3982191,LOC,Q3982199,Teatro Vincenzo Pagani,"```json { ""wikipedia_page"": ""Teatro Pagliano"", ""wikidata_id"": ""Q3982199"" } ```",25.501222610473633
document_000314.html,62,72,Frezzolini,Q451231,PER,Q1381618,Giuseppe Frezzolini,"```json { ""wikipedia_page"": ""Giuseppe Frezzolini"", ""wikidata_id"": ""Q1381618"" } ```",27.87776756286621
document_000314.html,87,92,Sarti,NIL,PER,Q455199,Giuseppe Sarti,"```json { ""wikipedia_page"": ""Giuseppe Sarti"", ""wikidata_id"": ""Q455199"" } ```",22.670244216918945
document_000314.html,108,116,Giannoli,NIL,PER,Q29018769,Gianni Mattioli,"```json { ""wikipedia_page"": ""Gianni Mattioli"", ""wikidata_id"": ""Q29018769"" } ```",26.204599380493164
document_000315.html,16,21,Patti,Q234166,PER,Q489948,Patti,"```json { ""wikipedia_page"": ""Patti"", ""wikidata_id"": ""Q489948"" } ```",8.768951416015625
document_000315.html,76,86,Frezzolini,Q451231,PER,Q1381618,Giuseppe Frezzolini,"```json { ""wikipedia_page"": ""Giuseppe Frezzolini"", ""wikidata_id"": ""Q1381618"" } ```",9.626219749450684
document_000317.html,103,110,La Maio,NIL,PER,Q17562201,Luigi de Maio,"```json { ""wikipedia_page"": ""Luigi de Maio"", ""wikidata_id"": ""Q17562201"" } ```",27.529470443725586
document_000317.html,122,134,Mariano Neri,NIL,PER,Q105397128,Mario Neri,"```json { ""wikipedia_page"": ""Mario Neri"", ""wikidata_id"": ""Q105397128"" } ```",37.4859504699707
document_000317.html,150,155,Proni,NIL,PER,Q64528069,Giovanni Proni,"```json { ""wikipedia_page"": ""Giovanni Proni"", ""wikidata_id"": ""Q64528069"" } ```",20.427764892578125
document_000318.html,164,171,Bellini,NIL,PER,Q170209,Vincenzo Bellini,"```json { ""wikipedia_page"": ""Vincenzo Bellini"", ""wikidata_id"": ""Q170209"" } ```",22.29182243347168
document_000318.html,207,216,Gaggiotti,NIL,PER,Q3734358,Eugenio Gaggiotti,"```json { ""wikipedia_page"": ""Eugenio Gaggiotti"", ""wikidata_id"": ""Q3734358"" } ```",23.851133346557617
document_000318.html,225,243,ValentiniCristiani,NIL,PER,Q1528696,Giuseppe Valentini,"```json { ""wikipedia_page"": ""Giuseppe Valentini"", ""wikidata_id"": ""Q1528696"" } ```",20.930809020996094
document_000318.html,262,266,Buti,NIL,PER,Q962487,Carlo Buti,"```json { ""wikipedia_page"": ""Carlo Buti"", ""wikidata_id"": ""Q962487"" } ```",21.529172897338867
document_000319.html,10,17,Ugolini,NIL,PER,Q108118011,Ugolino di Sabbioneta,"```json { ""wikipedia_page"": ""Ugolino di Sabbioneta"", ""wikidata_id"": ""Q108118011"" } ```",27.250078201293945
document_000319.html,24,30,Glauco,NIL,PER,Q20002641,Glauco di Reggio,"```json { ""wikipedia_page"": ""Glauco di Reggio"", ""wikidata_id"": ""Q20002641"" } ```",15.194150924682617
document_000320.html,50,58,Lombardi,Q468625,MISC,Q1210,Lombardia,"```json { ""wikipedia_page"": ""Lombardia"", ""wikidata_id"": ""Q1210"" } ```",19.813838958740234
document_000320.html,74,80,Dunord,NIL,PER,Q275970,Eleonora Duse,"```json { ""wikipedia_page"": ""Eleonora Duse"", ""wikidata_id"": ""Q275970"" } ```",19.90302085876465
document_000320.html,120,128,Graziani,Q291007,PER,Q4121399,Francesco Graziani,"```json { ""wikipedia_page"": ""Francesco Graziani"", ""wikidata_id"": ""Q4121399"" } ```",30.732831954956055
document_000321.html,72,77,Topai,NIL,PER,Q1873520,Lucio Topatigh,"```json { ""wikipedia_page"": ""Lucio Topatigh"", ""wikidata_id"": ""Q1873520"" } ```",17.743743896484375
document_000322.html,92,114,Francesco Maria Albini,Q98636701,PER,Q388683,Franco Albini,"```json { ""wikipedia_page"": ""Francesco Maria Albini"", ""wikidata_id"": ""Q388683"" } ```",40.30512619018555
document_000323.html,56,65,Pallerini,NIL,PER,Q1615033,Piero Ballerini,"```json { ""wikipedia_page"": ""Piero Ballerini"", ""wikidata_id"": ""Q1615033"" } ```",27.314149856567383
document_000324.html,3,10,Perelli,NIL,PER,Q19998312,Edoardo Perelli,"```json { ""wikipedia_page"": ""Edoardo Perelli"", ""wikidata_id"": ""Q19998312"" } ```",17.543804168701172
document_000324.html,93,107,Angelica Baldi,NIL,PER,Q23818767,Albertina Baldi,"```json { ""wikipedia_page"": ""Albertina Baldi"", ""wikidata_id"": ""Q23818767"" } ```",32.996551513671875
document_000324.html,168,179,Tarabocchia,NIL,PER,Q3724721,Emmerich Tarabocchia,"```json { ""wikipedia_page"": ""Emmerich Tarabocchia"", ""wikidata_id"": ""Q3724721"" } ```",20.647239685058594
document_000325.html,18,25,Massera,NIL,PER,Q23627,Masera,"```json { ""wikipedia_page"": ""Masera"", ""wikidata_id"": ""Q23627"" } ```",17.29360580444336
document_000326.html,115,138,Conservatorio di Musica,Q215539,ORG,Q2045972,Conservatorio di Musica Giuseppe Verdi,"```json { ""wikipedia_page"": ""Conservatorio di Musica Giuseppe Verdi"", ""wikidata_id"": ""Q2045972"" } ```",17.97935676574707
document_000327.html,3,19,Teatro del Corso,Q21077427,LOC,Q30898725,Cinema Corso,"```json { ""wikipedia_page"": ""Teatro del Corso"", ""wikidata_id"": ""Q30898725"" } ```",26.911779403686523
document_000327.html,34,53,Compagnia Pe.racchi,NIL,ORG,Q3685008,Compagnia della Rancia,"```json { ""wikipedia_page"": ""Compagnia della Rancia"", ""wikidata_id"": ""Q3685008"" } ```",23.383617401123047
document_000327.html,93,115,Un vizio di educazione,NIL,MISC,Q96734783,L'educazione della mente,"```json { ""wikipedia_page"": ""L'educazione della mente"", ""wikidata_id"": ""Q96734783"" } ```",24.504669189453125
document_000327.html,139,149,Montignani,NIL,PER,Q79883660,Felice Montagnini,"```json { ""wikipedia_page"": ""Felice Montagnini"", ""wikidata_id"": ""Q79883660"" } ```",21.60846710205078
document_000330.html,23,36,Nadina Dunord,NIL,PER,Q531387,Nadine de Rothschild,"```json { ""wikipedia_page"": ""Nadine de Rothschild"", ""wikidata_id"": ""Q531387"" } ```",25.655513763427734
document_000331.html,23,40,Teatro di Ferrara,Q321950,LOC,Q16612565,Teatro di via Laura,"```json { ""wikipedia_page"": ""Teatro di via Laura"", ""wikidata_id"": ""Q16612565"" } ```",29.428878784179688
document_000332.html,56,71,Giornale L’ARPA,NIL,ORG,Q1051115,il Giornale,"```json { ""wikipedia_page"": ""Il Giornale"", ""wikidata_id"": ""Q1051115"" } ```",23.227054595947266
document_000332.html,75,92,Piazza S. Martino,NIL,LOC,Q3671020,basilica di San Martino Maggiore,"```json { ""wikipedia_page"": ""basilica di San Martino Maggiore"", ""wikidata_id"": ""Q3671020"" } ```",31.15913200378418
document_000332.html,94,112,Palazzo Santinelli,NIL,LOC,Q3890827,Palazzo Sanguinetti,"```json { ""wikipedia_page"": ""Palazzo Sanguinetti"", ""wikidata_id"": ""Q3890827"" } ```",30.321762084960938
document_000334.html,94,104,John Urich,NIL,PER,Q3193048,John Ulrich,"```json { ""wikipedia_page"": ""John Ulrich"", ""wikidata_id"": ""Q3193048"" } ```",23.177600860595703
document_000335.html,9,18,Schneider,Q214659,PER,Q74556,Marius Schneider,"```json { ""wikipedia_page"": ""Marius Schneider"", ""wikidata_id"": ""Q74556"" } ```",16.042739868164062
document_000335.html,27,37,il Lamento,NIL,MISC,Q1229479,lamentazione,"```json { ""wikipedia_page"": ""Lamento"", ""wikidata_id"": ""Q1229479"" } ```",16.376405715942383
document_000336.html,109,116,Arianna,Q1880621,MISC,Q184874,Arianna,"```json { ""wikipedia_page"": ""Arianna"", ""wikidata_id"": ""Q184874"" } ```",8.582563400268555
document_000337.html,0,6,Busoni,Q21955,PER,Q219551,Ferruccio Busoni,"```json { ""wikipedia_page"": ""Ferruccio Busoni"", ""wikidata_id"": ""Q219551"" } ```",31.28950309753418
document_000338.html,50,56,Busoni,Q21955,PER,Q219551,Ferruccio Busoni,"```json { ""wikipedia_page"": ""Ferruccio Busoni"", ""wikidata_id"": ""Q219551"" } ```",23.859294891357422
document_000338.html,104,110,Busoni,Q21955,PER,Q219551,Ferruccio Busoni,"```json { ""wikipedia_page"": ""Ferruccio Busoni"", ""wikidata_id"": ""Q219551"" } ```",22.864011764526367
document_000340.html,33,46,dell’Augusteo,Q3616668,LOC,Q1405,Augusto,"```json { ""wikipedia_page"": ""Augusto"", ""wikidata_id"": ""Q1405"" } ```",6.49308967590332
document_000342.html,3,9,Coates,Q2595770,PER,Q6226441,John Coates (tenore),"```json { ""wikipedia_page"": ""John Coates (tenore)"", ""wikidata_id"": ""Q6226441"" } ```",15.9345703125
document_000343.html,63,79,fantasia indiana,Q6020282,MISC,Q831768,arte indiana,"```json { ""wikipedia_page"": ""arte indiana"", ""wikidata_id"": ""Q831768"" } ```",14.052478790283203
document_000347.html,171,188,Tristano e Isofta,Q1324254,MISC,Q335367,Tristano e Isotta,"```json { ""wikipedia_page"": ""Tristano e Isotta"", ""wikidata_id"": ""Q335367"" } ```",16.21550750732422
document_000348.html,127,141,Elena Rakowska,Q73665406,PER,Q25494264,Elena Lukauskienė,"```json { ""wikipedia_page"": ""Elena Lukauskienė"", ""wikidata_id"": ""Q25494264"" } ```",27.358070373535156
document_000348.html,172,185,Giuseppe Noto,NIL,PER,Q1121480,Giuseppe Nuoto,"```json { ""wikipedia_page"": ""Giuseppe Noto"", ""wikidata_id"": ""Q1121480"" } ```",34.784996032714844
document_000349.html,12,39,Congresso Haliano di Musica,NIL,MISC,Q3744030,Festival Organistico Santa Maria Nuova,"```json { ""wikipedia_page"": ""Festival Organistico Santa Maria Nuova"", ""wikidata_id"": ""Q3744030"" } ```",23.278900146484375
document_000350.html,79,98,Scuola Zaira Falchi,NIL,ORG,Q3953305,Scuola di mistica fascista Sandro Italico Mussolini,"```json { ""wikipedia_page"": ""Scuola Zaira Falchi"", ""wikidata_id"": ""Q3953305"" } ```",23.270023345947266
document_000351.html,207,215,A. Luise,NIL,PER,Q247694,Fabio Luisi,"```json { ""wikipedia_page"": ""Fabio Luisi"", ""wikidata_id"": ""Q247694"" } ```",23.100370407104492
document_000352.html,97,115,Alfredo . Visconti,NIL,PER,Q954559,Alfonso Visconti,"```json { ""wikipedia_page"": ""Alfonso Visconti"", ""wikidata_id"": ""Q954559"" } ```",15.42310619354248
document_000353.html,119,132,Flazto magico,Q5064,MISC,Q41491501,Il flauto magico,"```json { ""wikipedia_page"": ""Il flauto magico"", ""wikidata_id"": ""Q41491501"" } ```",14.618854522705078
document_000353.html,146,161,Arianna a Nasso,Q654633,MISC,Q3622528,Arianna,"```json { ""wikipedia_page"": ""Arianna"", ""wikidata_id"": ""Q3622528"" } ```",11.404779434204102
document_000354.html,26,40,Guglielmo Tell,Q729659,MISC,Q30908,Guglielmo Tell,"```json { ""wikipedia_page"": ""Guglielmo Tell"", ""wikidata_id"": ""Q30908"" } ```",21.894577026367188
document_000354.html,48,52,Aida,Q171277,MISC,Q2916884,Aída,"```json { ""wikipedia_page"": ""Aída"", ""wikidata_id"": ""Q2916884"" } ```",13.398970603942871
document_000354.html,58,69,Mefistofele,Q935669,MISC,Q272805,Mefistofele,"```json { ""wikipedia_page"": ""Mefistofele"", ""wikidata_id"": ""Q272805"" } ```",13.763628959655762
document_000354.html,77,86,Gtoconda/,Q748840,MISC,NIL,Gtoconda/,"```json { ""wikipedia_page"": ""Guglielmo Tell"", ""wikidata_id"": ""Q1044"" } ```",10.22827434539795
document_000357.html,78,84,Marnuf,Q3332020,MISC,NIL,Marnuf,"```json { ""wikipedia_page"": ""NIL"", ""wikidata_id"": ""NIL"" } ```",7.249161720275879
document_000358.html,151,166,Maestri Cantort,Q465540,MISC,NIL,Maestri Cantort,"```json { ""wikipedia_page"": ""NIL"", ""wikidata_id"": ""NIL"" } ```",15.737563133239746
document_000360.html,369,377,Augusteo,Q3616668,LOC,Q3516747,Teatro Augusteo,"```json { ""wikipedia_page"": ""Teatro Augusteo"", ""wikidata_id"": ""Q3516747"" } ```",21.595014572143555
document_000361.html,21,33,Nicola Utilo,NIL,PER,Q13197636,,"```json { ""wikipedia_page"": ""Nicola Utilo"", ""wikidata_id"": ""Q13197636"" } ```",19.3512020111084
document_000362.html,37,58,Florestano Rossomandi,Q20000564,PER,Q60836773,,"```json { ""wikipedia_page"": ""Florestano Rossomandi"", ""wikidata_id"": ""Q60836773"" } ```",33.586036682128906
document_000362.html,73,84,De Robertis,Q3770444,PER,Q3938751,Roberto De Robertis,"```json { ""wikipedia_page"": ""Roberto De Robertis"", ""wikidata_id"": ""Q3938751"" } ```",21.83470344543457
document_000362.html,149,162,Franco Tufaro,NIL,PER,Q3751619,Franco Tagliafierro,"```json { ""wikipedia_page"": ""Franco Tufaro"", ""wikidata_id"": ""Q3751619"" } ```",29.078655242919922
document_000362.html,239,254,Arnold Foldesky,Q695189,PER,Q4757039,Andrew Földi,"```json { ""wikipedia_page"": ""Arnold Földi"", ""wikidata_id"": ""Q4757039"" } ```",25.105079650878906
document_000362.html,260,268,Olivieri,Q447545,PER,Q42963310,Olivieri,"```json { ""wikipedia_page"": ""Olivieri"", ""wikidata_id"": ""Q42963310"" } ```",22.088088989257812
document_000363.html,2,21,Politeama di Napoli,NIL,LOC,Q3982100,Teatro Politeama,"```json { ""wikipedia_page"": ""Teatro Politeama"", ""wikidata_id"": ""Q3982100"" } ```",22.05842399597168
document_000364.html,16,38,Quartetti di Beethoven,NIL,MISC,Q2368340,Quartetto Beethoven,"```json { ""wikipedia_page"": ""Quartetto Beethoven"", ""wikidata_id"": ""Q2368340"" } ```",27.085304260253906
document_000364.html,162,169,M. Vico,NIL,PER,Q27961351,Mino Vignolo,"```json { ""wikipedia_page"": ""Mino Vignolo"", ""wikidata_id"": ""Q27961351"" } ```",20.668107986450195
document_000364.html,202,217,Virgilio Ubrico,NIL,PER,Q105152774,Virgilio Zuffi,"```json { ""wikipedia_page"": ""Virgilio Ubrico"", ""wikidata_id"": ""Q105152774"" } ```",25.81460952758789
document_000364.html,259,275,Marietta Amstadt,Q63486305,PER,Q1897406,Marie Leonhardt,"```json { ""wikipedia_page"": ""Marie Leonhardt"", ""wikidata_id"": ""Q1897406"" } ```",26.202077865600586
document_000368.html,149,166,Socteta Cectliana,Q1149943,ORG,Q3963787,Società dei Sacerdoti di San Giuseppe Benedetto Cottolengo,"```json { ""wikipedia_page"": ""Società dei Sacerdoti di San Giuseppe Benedetto Cottolengo"", ""wikidata_id"": ""Q3963787"" } ```",15.478957176208496
document_000368.html,183,187,Witt,NIL,PER,Q871050,Friedrich Witt,"```json { ""wikipedia_page"": ""Friedrich Witt"", ""wikidata_id"": ""Q871050"" } ```",16.422534942626953
document_000368.html,203,219,Cardinal De Luca,Q500774,PER,Q3638070,Benedetto De Luca,"```json { ""wikipedia_page"": ""Benedetto De Luca"", ""wikidata_id"": ""Q3638070"" } ```",21.97282600402832
document_000370.html,209,216,Venezia,NIL,LOC,Q740783,patriarcato di Venezia,"```json { ""wikipedia_page"": ""patriarcato di Venezia"", ""wikidata_id"": ""Q740783"" } ```",24.120559692382812
document_000370.html,252,288,Lettera pastorale sulla Musica Sacra,NIL,MISC,Q2310769,Tra le sollecitudini,"```json { ""wikipedia_page"": ""Tra le sollecitudini"", ""wikidata_id"": ""Q2310769"" } ```",21.552108764648438
document_000371.html,151,157,Pietro,Q6699740,PER,Q33923,Pietro,"```json { ""wikipedia_page"": ""Pietro"", ""wikidata_id"": ""Q33923"" } ```",21.448286056518555
document_000372.html,7,16,S. Flavio,NIL,PER,Q509569,Flaviano di Costantinopoli,"```json { ""wikipedia_page"": ""Flaviano di Costantinopoli"", ""wikidata_id"": ""Q509569"" } ```",13.514488220214844
document_000373.html,42,47,Zoppi,NIL,PER,Q3956344,Sergio Zoppi,"```json { ""wikipedia_page"": ""Sergio Zoppi"", ""wikidata_id"": ""Q3956344"" } ```",24.95566177368164
document_000373.html,49,53,Levi,NIL,PER,Q65953136,Nino Levi,"```json { ""wikipedia_page"": ""Nino Levi"", ""wikidata_id"": ""Q65953136"" } ```",20.741483688354492
document_000373.html,55,62,Manfrin,NIL,PER,Q38148709,Gianni Manfrin,"```json { ""wikipedia_page"": ""Gianni Manfrin"", ""wikidata_id"": ""Q38148709"" } ```",28.22804832458496
document_000373.html,65,72,Zacchia,NIL,PER,Q139281,Zacchia,"```json { ""wikipedia_page"": ""Zacchia"", ""wikidata_id"": ""Q139281"" } ```",27.018756866455078
document_000373.html,81,90,Sernicoli,NIL,PER,Q3720399,Egidio Sernicoli,"```json { ""wikipedia_page"": ""Egidio Sernicoli"", ""wikidata_id"": ""Q3720399"" } ```",29.043472290039062
document_000373.html,124,130,Boschi,NIL,PER,Q1528416,Giuseppe Maria Boschi,"```json { ""wikipedia_page"": ""Giuseppe Maria Boschi"", ""wikidata_id"": ""Q1528416"" } ```",26.386157989501953
document_000373.html,165,170,Gorno,NIL,PER,Q101148,Gorno,"```json { ""wikipedia_page"": ""Gorno"", ""wikidata_id"": ""Q101148"" } ```",19.284465789794922
document_000373.html,172,178,Burzio,NIL,PER,Q3734262,Eugenia Burzio,"```json { ""wikipedia_page"": ""Eugenia Burzio"", ""wikidata_id"": ""Q3734262"" } ```",25.68688201904297
document_000373.html,181,186,Corsi,NIL,PER,Q3992747,Tommaso Corsi,"```json { ""wikipedia_page"": ""Tommaso Corsi"", ""wikidata_id"": ""Q3992747"" } ```",19.969802856445312
document_000374.html,26,36,G. Zuccoli,NIL,PER,Q21187701,Gastone De Zuccoli,"```json { ""wikipedia_page"": ""Gastone De Zuccoli"", ""wikidata_id"": ""Q21187701"" } ```",27.16731834411621
document_000376.html,70,82,Bice De Vivo,NIL,PER,Q17354940,,"```json { ""wikipedia_page"": ""Bice De Vivo"", ""wikidata_id"": ""Q17354940"" } ```",23.553369522094727
document_000376.html,108,114,Scuola,NIL,ORG,Q3914,scuola,"```json { ""wikipedia_page"": ""Scuola"", ""wikidata_id"": ""Q3914"" } ```",19.852935791015625
document_000376.html,186,194,v. Piave,NIL,ORG,Q5528647,via San Giovanni in Laterano,"```json { ""wikipedia_page"": ""via San Giovanni in Laterano"", ""wikidata_id"": ""Q5528647"" } ```",15.756087303161621
document_000380.html,125,144,Genio della Francia,NIL,PER,Q654361,Genio,"```json { ""wikipedia_page"": ""Genio"", ""wikidata_id"": ""Q654361"" } ```",11.0557222366333
document_000380.html,170,188,Tempio del Delfino,NIL,LOC,Q682558,oracolo di Delfi,"```json { ""wikipedia_page"": ""oracolo di Delfi"", ""wikidata_id"": ""Q682558"" } ```",19.15201187133789
document_000382.html,29,34,Geseo,NIL,MISC,Q3771454,Giuseppe Sinesio,"```json { ""wikipedia_page"": ""Giuseppe Sinesio"", ""wikidata_id"": ""Q3771454"" } ```",7.285624027252197
document_000383.html,165,174,G. Pirola,NIL,PER,Q3771228,Giuseppe Piola,"```json { ""wikipedia_page"": ""Giuseppe Piola"", ""wikidata_id"": ""Q3771228"" } ```",22.42527198791504
document_000384.html,147,167,Giorgi Belloc Teresa,NIL,PER,Q3984271,Teresa Belloc-Giorgi,"```json { ""wikipedia_page"": ""Teresa Belloc-Giorgi"", ""wikidata_id"": ""Q3984271"" } ```",17.307214736938477
document_000384.html,178,189,dell’Attica,Q122443,LOC,Q780194,re di Atene,"```json { ""wikipedia_page"": ""re di Atene"", ""wikidata_id"": ""Q780194"" } ```",14.65684700012207
document_000384.html,199,217,Parlamagni Antonio,NIL,PER,Q3620050,Antonio Piromalli,"```json { ""wikipedia_page"": ""Antonio Piromalli"", ""wikidata_id"": ""Q3620050"" } ```",16.639192581176758
document_000384.html,218,225,PiRO1oc,Q502156,PER,Q94848,Pirro II,"```json { ""wikipedia_page"": ""Pirro II"", ""wikidata_id"": ""Q94848"" } ```",13.358163833618164
document_000384.html,234,246,Pacini Luigi,NIL,PER,Q20005289,Luigi Pacini,"```json { ""wikipedia_page"": ""Luigi Pacini"", ""wikidata_id"": ""Q20005289"" } ```",17.92869758605957
document_000384.html,247,254,DiMANTE,NIL,PER,Q3702408,Dante da Maiano,"```json { ""wikipedia_page"": ""Dante da Maiano"", ""wikidata_id"": ""Q3702408"" } ```",12.941817283630371
document_000384.html,264,279,Bianchi Gactano,NIL,PER,Q3094266,Gaetano Bianchi,"```json { ""wikipedia_page"": ""Gaetano Bianchi"", ""wikidata_id"": ""Q3094266"" } ```",23.166263580322266
document_000385.html,37,44,Trezene,Q11953081,LOC,Q581494,Trezene,"```json { ""wikipedia_page"": ""Trezene"", ""wikidata_id"": ""Q581494"" } ```",17.286561965942383
document_000386.html,51,61,Parlamagni,NIL,PER,Q79456855,Luigi Parmeggiani,"```json { ""wikipedia_page"": ""Luigi Parmeggiani"", ""wikidata_id"": ""Q79456855"" } ```",19.888418197631836
document_000388.html,0,4,Etra,Q11921121,PER,Q11921123,Etra,"```json { ""wikipedia_page"": ""Etra"", ""wikidata_id"": ""Q11921123"" } ```",8.768880844116211
document_000388.html,110,115,Tesco,Q1320718,PER,Q487494,Tesco,"```json { ""wikipedia_page"": ""Tesco"", ""wikidata_id"": ""Q487494"" } ```",7.809399127960205
document_000390.html,21,28,Dimante,NIL,PER,Q17486771,Dimante,"```json { ""wikipedia_page"": ""Dimante"", ""wikidata_id"": ""Q17486771"" } ```",18.455717086791992
document_000392.html,94,101,Pirotoo,NIL,PER,Q502156,Piritoo,"```json { ""wikipedia_page"": ""Piritoo"", ""wikidata_id"": ""Q502156"" } ```",8.106796264648438
document_000392.html,102,107,Desai,Q313196,PER,Q21502264,Desai,"```json { ""wikipedia_page"": ""Desai"", ""wikidata_id"": ""Q21502264"" } ```",9.397737503051758
document_000393.html,66,73,Trezene,Q11953081,LOC,Q581494,Trezene,"```json { ""wikipedia_page"": ""Trezene"", ""wikidata_id"": ""Q581494"" } ```",14.975398063659668
document_000393.html,158,165,Trezene,Q11953081,LOC,Q581494,Trezene,"```json { ""wikipedia_page"": ""Trezene"", ""wikidata_id"": ""Q581494"" } ```",12.792423248291016
document_000394.html,96,103,Dionigi,Q332750,PER,Q3708520,Dionigi di Milano,"```json { ""wikipedia_page"": ""Dionigi di Milano"", ""wikidata_id"": ""Q3708520"" } ```",16.60715103149414
document_000396.html,90,104,Astrea placata,NIL,MISC,Q19623961,Astrea placata,"```json { ""wikipedia_page"": ""Astrea placata"", ""wikidata_id"": ""Q19623961"" } ```",9.869006156921387
document_000397.html,16,29,Poeta Cesareo,Q29473,PER,Q2022,Cesare Pavese,"```json { ""wikipedia_page"": ""Cesare Pavese"", ""wikidata_id"": ""Q2022"" } ```",17.028745651245117
document_000397.html,119,124,Arato,Q180671,PER,Q317331,Arato di Sicione,"```json { ""wikipedia_page"": ""Arato di Sicione"", ""wikidata_id"": ""Q317331"" } ```",25.240663528442383
document_000397.html,129,137,Fenomeni,NIL,MISC,Q184742,Le metamorfosi,"```json { ""wikipedia_page"": ""Le metamorfosi"", ""wikidata_id"": ""Q184742"" } ```",17.400737762451172
document_000400.html,122,147,Dalla Reffa il disinganno,Q3252788,MISC,Q1051191,L'inganno felice,"```json { ""wikipedia_page"": ""L'inganno felice"", ""wikidata_id"": ""Q1051191"" } ```",15.418201446533203
document_000401.html,250,277,Socieia nazionale di musica,Q1749118,ORG,Q7552744,Società Italiana di Musica Moderna,"```json { ""wikipedia_page"": ""Società Italiana di Musica Moderna"", ""wikidata_id"": ""Q7552744"" } ```",22.31070327758789
document_000403.html,94,102,Passigli,NIL,PER,Q3972630,Stefano Passigli,"```json { ""wikipedia_page"": ""Stefano Passigli"", ""wikidata_id"": ""Q3972630"" } ```",17.05836296081543
document_000403.html,130,139,Albertint,NIL,PER,Q16524775,Albertino Ippoliti,"```json { ""wikipedia_page"": ""Albertino Ippoliti"", ""wikidata_id"": ""Q16524775"" } ```",10.823823928833008
document_000404.html,24,34,Guido Boni,NIL,PER,Q3779194,Guido Boni,"```json { ""wikipedia_page"": ""Guido Boni"", ""wikidata_id"": ""Q3779194"" } ```",41.67612838745117
document_000404.html,70,78,Michelli,NIL,PER,Q3771001,Giuseppe Micheli,"```json { ""wikipedia_page"": ""Giuseppe Micheli"", ""wikidata_id"": ""Q3771001"" } ```",22.291275024414062
document_000404.html,102,110,Baglioni,NIL,PER,Q3995088,Torquato Baglioni,"```json { ""wikipedia_page"": ""Torquato Baglioni"", ""wikidata_id"": ""Q3995088"" } ```",24.14223861694336
document_000405.html,10,38,Ernesto Duverger di Ganranne,NIL,PER,Q3056935,Ernest Duvergier de Hauranne,"```json { ""wikipedia_page"": ""Ernest Duvergier de Hauranne"", ""wikidata_id"": ""Q3056935"" } ```",22.533449172973633
document_000406.html,146,160,Cesare Rizzoli,NIL,PER,Q3665523,Cesare Rosaroll,"```json { ""wikipedia_page"": ""Cesare Rizzoli"", ""wikidata_id"": ""Q3665523"" } ```",29.244657516479492
document_000406.html,241,256,Compagnia Reale,NIL,ORG,Q3982334,Teatro di Torino,"```json { ""wikipedia_page"": ""Teatro di Torino"", ""wikidata_id"": ""Q3982334"" } ```",17.807193756103516
document_000406.html,292,297,Monti,NIL,PER,Q80978830,Tommaso Monti,"```json { ""wikipedia_page"": ""Tommaso Monti"", ""wikidata_id"": ""Q80978830"" } ```",22.491580963134766
document_000406.html,312,318,Borghi,NIL,PER,Q3770151,Giuseppe Borghi,"```json { ""wikipedia_page"": ""Giuseppe Borghi"", ""wikidata_id"": ""Q3770151"" } ```",20.356525421142578
document_000407.html,11,18,Rizzoli,NIL,PER,Q524680,Anna Maria Rizzoli,"```json { ""wikipedia_page"": ""Anna Maria Rizzoli"", ""wikidata_id"": ""Q524680"" } ```",23.248729705810547
document_000407.html,82,87,Bozzo,NIL,PER,Q3765310,Giorgio Bozzo,"```json { ""wikipedia_page"": ""Giorgio Bozzo"", ""wikidata_id"": ""Q3765310"" } ```",19.026945114135742
document_000408.html,71,85,Zeatro Brunett,Q3516753,LOC,NIL,Zeatro Brunett,"```json { ""wikipedia_page"": ""NIL"", ""wikidata_id"": ""NIL"" } ```",24.38055419921875
document_000409.html,108,118,Frezzolini,Q451231,PER,Q1381618,Giuseppe Frezzolini,"```json { ""wikipedia_page"": ""Giuseppe Frezzolini"", ""wikidata_id"": ""Q1381618"" } ```",8.552197456359863
document_000410.html,141,149,Giannoli,NIL,PER,Q315258,Giancarlo Giannini,"```json { ""wikipedia_page"": ""Giancarlo Giannini"", ""wikidata_id"": ""Q315258"" } ```",25.292911529541016
document_000410.html,256,261,Sarti,NIL,PER,Q455199,Giuseppe Sarti,"```json { ""wikipedia_page"": ""Giuseppe Sarti"", ""wikidata_id"": ""Q455199"" } ```",25.823577880859375
document_000411.html,0,6,Bogier,NIL,PER,Q17198004,Luis María Boffi Boggero,"```json { ""wikipedia_page"": ""Luis María Boffi Boggero"", ""wikidata_id"": ""Q17198004"" } ```",16.388874053955078
document_000411.html,91,98,Rossini,NIL,PER,Q9726,Gioachino Rossini,"```json { ""wikipedia_page"": ""Gioachino Rossini"", ""wikidata_id"": ""Q9726"" } ```",25.32889175415039
document_000412.html,39,47,Lagrange,Q4767645,PER,Q80222,Joseph-Louis Lagrange,"```json { ""wikipedia_page"": ""Joseph-Louis Lagrange"", ""wikidata_id"": ""Q80222"" } ```",24.516620635986328
document_000412.html,60,66,Vitali,Q104767293,PER,Q919789,Giovanni Battista Vitali,"```json { ""wikipedia_page"": ""Giovanni Battista Vitali"", ""wikidata_id"": ""Q919789"" } ```",20.48893165588379
document_000412.html,158,164,Vitali,Q104767293,PER,Q919789,Giovanni Battista Vitali,"```json { ""wikipedia_page"": ""Giovanni Battista Vitali"", ""wikidata_id"": ""Q919789"" } ```",19.556873321533203
document_000412.html,203,209,Vitali,Q104767293,PER,Q919789,Giovanni Battista Vitali,"```json { ""wikipedia_page"": ""Giovanni Battista Vitali"", ""wikidata_id"": ""Q919789"" } ```",18.3409423828125
document_000412.html,354,360,Vitali,Q104767293,PER,Q919789,Giovanni Battista Vitali,"```json { ""wikipedia_page"": ""Giovanni Battista Vitali"", ""wikidata_id"": ""Q919789"" } ```",20.41417121887207
document_000412.html,170,185,Irance Musicale,Q3209228,ORG,Q110663805,L'Italia Musicale,"```json { ""wikipedia_page"": ""L'Italia Musicale"", ""wikidata_id"": ""Q110663805"" } ```",11.472827911376953
document_000412.html,302,307,Verdi,Q7317,PER,Q203470,Il trovatore,"```json { ""wikipedia_page"": ""Il trovatore"", ""wikidata_id"": ""Q203470"" } ```",12.475543022155762
document_000413.html,140,148,Squarcia,NIL,PER,Q18923595,Ferruccio Corradino Squarcia,"```json { ""wikipedia_page"": ""Ferruccio Corradino Squarcia"", ""wikidata_id"": ""Q18923595"" } ```",21.2321720123291
document_000413.html,183,199,Re di Portogallo,Q156175,PER,Q45670,Regno del Portogallo,"```json { ""wikipedia_page"": ""Re di Portogallo"", ""wikidata_id"": ""Q45670"" } ```",15.25337028503418
document_000414.html,10,14,Sira,NIL,ORG,Q2625412,Sira,"```json { ""wikipedia_page"": ""Sira"", ""wikidata_id"": ""Q2625412"" } ```",13.476858139038086
document_000414.html,44,50,Bastia,NIL,PER,Q134698,Bastia,"```json { ""wikipedia_page"": ""Bastia"", ""wikidata_id"": ""Q134698"" } ```",16.346845626831055
document_000414.html,152,167,Teatro Pagliano,Q3982191,LOC,Q3982085,Teatro Tuscanyhall,"```json { ""wikipedia_page"": ""Teatro Tuscanyhall"", ""wikidata_id"": ""Q3982085"" } ```",23.851375579833984
document_000414.html,192,197,Borri,Q30077083,PER,Q3967448,Squarcino Borri,"```json { ""wikipedia_page"": ""Squarcino Borri"", ""wikidata_id"": ""Q3967448"" } ```",15.148420333862305
document_000414.html,199,224,Un avventura di carnevale,NIL,MISC,Q642130,Carnevale di Viareggio,"```json { ""wikipedia_page"": ""Carnevale di Viareggio"", ""wikidata_id"": ""Q642130"" } ```",17.29685401916504
document_000415.html,25,31,Cresei,NIL,PER,Q2022,Cesare Pavese,"```json { ""wikipedia_page"": ""Cesare Pavese"", ""wikidata_id"": ""Q2022"" } ```",21.866317749023438
document_000415.html,153,166,Gaspare Pieri,NIL,PER,Q6700037,Luigi Gaspare Peyri,"```json { ""wikipedia_page"": ""Gaspare Pieri"", ""wikidata_id"": ""Q6700037"" } ```",30.432613372802734
document_000416.html,2,16,Costantinopoli,Q16869,LOC,Q406,Istanbul,"```json { ""wikipedia_page"": ""Istanbul"", ""wikidata_id"": ""Q406"" } ```",19.324304580688477
document_000416.html,37,45,Barbiere,Q208659,MISC,Q632743,Il barbiere di Siviglia,"```json { ""wikipedia_page"": ""Il barbiere di Siviglia"", ""wikidata_id"": ""Q632743"" } ```",18.050199508666992
document_000416.html,49,58,Biavolini,NIL,PER,Q3766589,Giovanni Battista Bibolini,"```json { ""wikipedia_page"": ""Giovanni Battista Bibolini"", ""wikidata_id"": ""Q3766589"" } ```",22.067232131958008
document_000416.html,76,86,Pantaleoni,Q62063481,PER,Q17307,Pantalone,"```json { ""wikipedia_page"": ""Pantalone"", ""wikidata_id"": ""Q17307"" } ```",19.97236442565918
document_000416.html,126,145,Corriere di Firenze,Q3694491,ORG,Q3792833,Il Nuovo Corriere di Firenze,"```json { ""wikipedia_page"": ""Il Nuovo Corriere di Firenze"", ""wikidata_id"": ""Q3792833"" } ```",22.99736976623535
document_000417.html,15,19,Tati,NIL,PER,Q51549,Jacques Tati,"```json { ""wikipedia_page"": ""Jacques Tati"", ""wikidata_id"": ""Q51549"" } ```",18.499225616455078
document_000417.html,58,80,Teatro Santa Radegonda,NIL,LOC,Q3982043,Teatro Manzoni,"```json { ""wikipedia_page"": ""Teatro Santa Radegonda"", ""wikidata_id"": ""Q3982043"" } ```",26.833740234375
document_000417.html,135,142,Biasoli,NIL,PER,Q3635801,Basilio Basili,"```json { ""wikipedia_page"": ""Basilio Basili"", ""wikidata_id"": ""Q3635801"" } ```",22.71238136291504
document_000419.html,53,73,Ii Diavolo a quattro,NIL,MISC,Q3222294,Le Diable à quatre,"```json { ""wikipedia_page"": ""Le Diable à quatre"", ""wikidata_id"": ""Q3222294"" } ```",21.591644287109375
document_000420.html,105,111,Priora,NIL,PER,Q3941380,Rosario Priore,"```json { ""wikipedia_page"": ""Rosario Priore"", ""wikidata_id"": ""Q3941380"" } ```",9.681500434875488
document_000421.html,19,25,Torino,Q495,LOC,Q183202,Teatro Regio,"```json { ""wikipedia_page"": ""Teatro Regio"", ""wikidata_id"": ""Q183202"" } ```",24.692567825317383
document_000421.html,77,85,Tiberini,NIL,PER,Q3849145,Mario Tiberini,"```json { ""wikipedia_page"": ""Mario Tiberini"", ""wikidata_id"": ""Q3849145"" } ```",13.697673797607422
document_000422.html,0,17,Giuseppina Monset,NIL,PER,Q429400,Giuseppina Cobelli,"```json { ""wikipedia_page"": ""Giuseppina Cobelli"", ""wikidata_id"": ""Q429400"" } ```",21.483728408813477
document_000422.html,81,98,Giuseppina Monset,NIL,PER,Q28025728,Giuseppina Projetto,"```json { ""wikipedia_page"": ""Giuseppina Projetto"", ""wikidata_id"": ""Q28025728"" } ```",22.138090133666992
document_000423.html,17,33,Pompeo Colombati,NIL,PER,Q531893,Pompeo Aldrovandi,"```json { ""wikipedia_page"": ""Pompeo Aldrovandi"", ""wikidata_id"": ""Q531893"" } ```",23.45369529724121
document_000423.html,68,84,Pompeo CoJombati,NIL,PER,Q531893,Pompeo Aldrovandi,"```json { ""wikipedia_page"": ""Pompeo Aldrovandi"", ""wikidata_id"": ""Q531893"" } ```",26.207901000976562
document_000423.html,91,95,Sira,NIL,ORG,Q13670,Siracusa,"```json { ""wikipedia_page"": ""Siracusa"", ""wikidata_id"": ""Q13670"" } ```",6.938728332519531
document_000426.html,103,109,Moidar,Q24639586,LOC,Q202886,Mordor,"```json { ""wikipedia_page"": ""Mordor"", ""wikidata_id"": ""Q202886"" } ```",9.342355728149414
document_000426.html,244,258,padre di Flora,NIL,PER,Q7565,padre,"```json { ""wikipedia_page"": ""padre"", ""wikidata_id"": ""Q7565"" } ```",6.032497882843018
document_000426.html,275,281,Murray,Q348025,PER,Q1308329,Murray,"```json { ""wikipedia_page"": ""Murray"", ""wikidata_id"": ""Q1308329"" } ```",8.508637428283691
document_000426.html,287,299,lady Cameron,Q6171931,PER,Q1064680,Allison Cameron,"```json { ""wikipedia_page"": ""Allison Cameron"", ""wikidata_id"": ""Q1064680"" } ```",8.415007591247559
document_000427.html,70,87,Anneiia Caizoiari,NIL,PER,Q291249,Annamaria Cancellieri,"```json { ""wikipedia_page"": ""Annamaria Cancellieri"", ""wikidata_id"": ""Q291249"" } ```",27.69519805908203
document_000427.html,237,242,Byron,Q123509516,PER,Q5679,George Gordon Byron,"```json { ""wikipedia_page"": ""George Gordon Byron"", ""wikidata_id"": ""Q5679"" } ```",19.970012664794922
document_000428.html,0,15,Enrico Pogliani,NIL,PER,Q3725960,Enrico Pagani,"```json { ""wikipedia_page"": ""Enrico Pogliani"", ""wikidata_id"": ""Q3725960"" } ```",36.14882278442383
document_000428.html,7,15,Pogliani,NIL,PER,Q3713190,Domenico Pogliani,"```json { ""wikipedia_page"": ""Enrico Pogliani"", ""wikidata_id"": ""Q3713190"" } ```",28.501359939575195
document_000428.html,161,169,Pogliani,NIL,PER,Q3713190,Domenico Pogliani,"```json { ""wikipedia_page"": ""Enrico Pogliani"", ""wikidata_id"": ""Q3713190"" } ```",28.17349624633789
document_000430.html,15,21,Dottia,NIL,PER,Q13614852,Dottia,"```json { ""wikipedia_page"": ""Dottia"", ""wikidata_id"": ""Q13614852"" } ```",13.035784721374512
document_000435.html,80,94,Olimpia Trebbi,NIL,PER,Q6049946,Olimpia Torlonia,"```json { ""wikipedia_page"": ""Olimpia Torlonia"", ""wikidata_id"": ""Q6049946"" } ```",23.356815338134766
document_000435.html,100,112,Huenos Ayres,Q1486,LOC,Q43189,Juanes,"```json { ""wikipedia_page"": ""Juanes"", ""wikidata_id"": ""Q43189"" } ```",19.69562339782715
document_000436.html,3,30,teatro Nazionale di Firenze,Q3886710,LOC,Q3982067,Teatro Nazionale,"```json { ""wikipedia_page"": ""Teatro Nazionale"", ""wikidata_id"": ""Q3982067"" } ```",23.875574111938477
document_000436.html,105,118,Delfina Zauli,NIL,PER,Q94438418,Delfina Vezzoli,"```json { ""wikipedia_page"": ""Delfina Vezzoli"", ""wikidata_id"": ""Q94438418"" } ```",29.15561294555664
document_000437.html,56,76,Giacchino Zagoglioni,NIL,PER,Q3105055,Giacomo Gaglione,"```json { ""wikipedia_page"": ""Giacomo Gaglione"", ""wikidata_id"": ""Q3105055"" } ```",34.34693145751953
document_000437.html,107,120,Adele Garbini,NIL,PER,Q15057396,Adalgisa Gabbi,"```json { ""wikipedia_page"": ""Adalgisa Gabbi"", ""wikidata_id"": ""Q15057396"" } ```",34.441864013671875
document_000438.html,18,24,Russel,Q435415,PER,Q313376,Albert Roussel,"```json { ""wikipedia_page"": ""Albert Roussel"", ""wikidata_id"": ""Q313376"" } ```",14.860381126403809
document_000438.html,177,186,Cornaglia,Q1850396,PER,Q3893929,Paolo Cornaglia Ferraris,"```json { ""wikipedia_page"": ""Paolo Cornaglia Ferraris"", ""wikidata_id"": ""Q3893929"" } ```",24.470766067504883
document_000439.html,88,97,Buda Pest,Q1781,LOC,Q210205,Pest,"```json { ""wikipedia_page"": ""Pest"", ""wikidata_id"": ""Q210205"" } ```",23.32071876525879
document_000440.html,137,151,Stella Bonheur,Q102075957,PER,Q7607041,Stella Bonheur,"```json { ""wikipedia_page"": ""Stella Bonheur"", ""wikidata_id"": ""Q7607041"" } ```",39.35972595214844
document_000441.html,77,88,I. Burgmein,Q225820,PER,Q62075,Friedrich Burgmüller,"```json { ""wikipedia_page"": ""Friedrich Burgmüller"", ""wikidata_id"": ""Q62075"" } ```",22.021499633789062
document_000442.html,14,19,Faust,Q745951,MISC,Q29478,Faust,"```json { ""wikipedia_page"": ""Faust"", ""wikidata_id"": ""Q29478"" } ```",16.210817337036133
document_000442.html,54,70,Amelia Mellinger,NIL,PER,Q258727,Elly Ameling,"```json { ""wikipedia_page"": ""Amelia Mellinger"", ""wikidata_id"": ""Q258727"" } ```",32.57033157348633
document_000442.html,99,110,Sangiovanni,NIL,PER,Q56006866,Giovanni Maria Salvioni,"```json { ""wikipedia_page"": ""Giovanni Maria Salvioni"", ""wikidata_id"": ""Q56006866"" } ```",19.887989044189453
document_000443.html,72,89,Ernesto Cammarota,NIL,PER,Q3804384,Italo Cammarota,"```json { ""wikipedia_page"": ""Ernesto Cammarota"", ""wikidata_id"": ""Q3804384"" } ```",31.835872650146484
document_000444.html,49,56,Foscari,Q468112,MISC,Q503874,Francesco Foscari,"```json { ""wikipedia_page"": ""Francesco Foscari"", ""wikidata_id"": ""Q503874"" } ```",21.476770401000977
document_000444.html,243,250,Foscari,Q468112,MISC,Q503874,Francesco Foscari,"```json { ""wikipedia_page"": ""Francesco Foscari"", ""wikidata_id"": ""Q503874"" } ```",18.99304962158203
document_000444.html,60,66,Avoldo,NIL,ORG,Q40674,Uboldo,"```json { ""wikipedia_page"": ""Uboldo"", ""wikidata_id"": ""Q40674"" } ```",17.330886840820312
document_000444.html,79,89,Scaramella,NIL,PER,Q1783211,Scaramuccia,"```json { ""wikipedia_page"": ""Scaramuccia"", ""wikidata_id"": ""Q1783211"" } ```",17.550771713256836
document_000445.html,171,175,Aida,NIL,MISC,Q171277,Aida,"```json { ""wikipedia_page"": ""Aida"", ""wikidata_id"": ""Q171277"" } ```",15.193544387817383
document_000445.html,176,194,el Correo de Noite,NIL,ORG,Q9558312,A Noite,"```json { ""wikipedia_page"": ""A Noite"", ""wikidata_id"": ""Q9558312"" } ```",16.68058204650879
document_000445.html,234,241,Borelli,Q30077493,PER,Q470123,Lyda Borelli,"```json { ""wikipedia_page"": ""Lyda Borelli"", ""wikidata_id"": ""Q470123"" } ```",23.93501091003418
document_000446.html,3,18,teatro Vittorio,Q3629508,LOC,Q2398822,Teatro Vittorio Emanuele II,"```json { ""wikipedia_page"": ""Teatro Vittorio Emanuele II"", ""wikidata_id"": ""Q2398822"" } ```",18.323680877685547
document_000446.html,175,180,Norma,Q320353,MISC,Q3878442,Norma Mascellani,"```json { ""wikipedia_page"": ""Norma Mascellani"", ""wikidata_id"": ""Q3878442"" } ```",23.77092170715332
document_000446.html,166,173,Ravogli,NIL,PER,Q16591644,Rosella Masseglia Natali,"```json { ""wikipedia_page"": ""Rosella Masseglia Natali"", ""wikidata_id"": ""Q16591644"" } ```",21.435983657836914
document_000446.html,184,192,Adalgisa,NIL,PER,Q15057396,Adalgisa Gabbi,"```json { ""wikipedia_page"": ""Adalgisa Gabbi"", ""wikidata_id"": ""Q15057396"" } ```",25.324806213378906
document_000447.html,15,30,Fanny Torese!la,Q104384426,PER,Q996001,Fanny Targioni Tozzetti,"```json { ""wikipedia_page"": ""Fanny Targioni Tozzetti"", ""wikidata_id"": ""Q996001"" } ```",19.78928565979004
document_000447.html,37,42,Linda,Q669382,MISC,Q47638314,Linda Brambilla,"```json { ""wikipedia_page"": ""Linda Brambilla"", ""wikidata_id"": ""Q47638314"" } ```",12.245121002197266
document_000447.html,266,271,Linda,Q669382,MISC,Q6551350,Linda,"```json { ""wikipedia_page"": ""Linda"", ""wikidata_id"": ""Q6551350"" } ```",13.60358715057373
document_000447.html,191,206,Funay Toresella,Q104384426,PER,Q288040,Tonina Torrielli,"```json { ""wikipedia_page"": ""Tonina Torrielli"", ""wikidata_id"": ""Q288040"" } ```",23.959184646606445
document_000448.html,3,11,Ruy Blas,Q3453685,MISC,Q3085278,Ruy Blas,"```json { ""wikipedia_page"": ""Ruy Blas"", ""wikidata_id"": ""Q3085278"" } ```",18.059024810791016
document_000448.html,220,228,Papeschi,NIL,PER,Q87902980,Papareschi,"```json { ""wikipedia_page"": ""Papareschi"", ""wikidata_id"": ""Q87902980"" } ```",21.2736873626709
document_000449.html,35,42,Garhint,NIL,PER,Q55228577,Arnaldo Guerrini,"```json { ""wikipedia_page"": ""Arnaldo Guerrini"", ""wikidata_id"": ""Q55228577"" } ```",17.298355102539062
document_000449.html,91,104,Don Sallustio,NIL,PER,Q3945632,Sallustio,"```json { ""wikipedia_page"": ""Sallustio"", ""wikidata_id"": ""Q3945632"" } ```",12.569700241088867
document_000449.html,257,266,G. Giusti,NIL,PER,Q105945285,Giorgio Giusti,"```json { ""wikipedia_page"": ""Giorgio Giusti"", ""wikidata_id"": ""Q105945285"" } ```",25.420835494995117
document_000449.html,290,297,Casilde,NIL,PER,Q61678373,Casilde,"```json { ""wikipedia_page"": ""Casilde"", ""wikidata_id"": ""Q61678373"" } ```",15.2907133102417
document_000450.html,81,88,Carolli,NIL,PER,Q3701774,Daniela Caroli,"```json { ""wikipedia_page"": ""Daniela Caroli"", ""wikidata_id"": ""Q3701774"" } ```",19.463510513305664
document_000450.html,104,110,Elvira,NIL,PER,Q2250723,Elvira Notari,"```json { ""wikipedia_page"": ""Elvira Notari"", ""wikidata_id"": ""Q2250723"" } ```",14.754082679748535
document_000450.html,186,197,Baron‘ollie,NIL,PER,Q28470230,Eugenio Baroncelli,"```json { ""wikipedia_page"": ""Eugenio Baroncelli"", ""wikidata_id"": ""Q28470230"" } ```",16.25103187561035
document_000450.html,211,218,Cavazza,NIL,PER,Q16268267,Corrado Cavazza,"```json { ""wikipedia_page"": ""Corrado Cavazza"", ""wikidata_id"": ""Q16268267"" } ```",25.13730239868164
document_000450.html,247,256,Borucchia,NIL,PER,Q111725215,Nicola Buracchio,"```json { ""wikipedia_page"": ""Nicola Buracchio"", ""wikidata_id"": ""Q111725215"" } ```",21.559431076049805
document_000450.html,263,268,Silva,NIL,PER,Q3960633,Silvano Dalle Vacche,"```json { ""wikipedia_page"": ""Silvano Dalle Vacche"", ""wikidata_id"": ""Q3960633"" } ```",13.418782234191895
document_000452.html,76,85,Abigaiile,NIL,PER,Q54650017,Abigaille,"```json { ""wikipedia_page"": ""Abigaille"", ""wikidata_id"": ""Q54650017"" } ```",19.25027084350586
document_000452.html,126,138,Dio di Giuda,NIL,MISC,Q2155501,Dio,"```json { ""wikipedia_page"": ""Dio"", ""wikidata_id"": ""Q2155501"" } ```",10.525049209594727
document_000453.html,16,31,Eugenio Corsini,NIL,PER,Q59527192,Eugenio Corsini,"```json { ""wikipedia_page"": ""Eugenio Corsini"", ""wikidata_id"": ""Q59527192"" } ```",29.210268020629883
document_000453.html,66,74,Zaccaria,NIL,PER,Q21693179,Zaccaria Zacchi,"```json { ""wikipedia_page"": ""Zaccaria Zacchi"", ""wikidata_id"": ""Q21693179"" } ```",13.422965049743652
document_000454.html,16,31,Eugenio Corsini,NIL,PER,Q59527192,Eugenio Corsini,"```json { ""wikipedia_page"": ""Eugenio Corsini"", ""wikidata_id"": ""Q59527192"" } ```",34.56414031982422
document_000454.html,66,74,Zaccaria,NIL,PER,Q21693179,Zaccaria Zacchi,"```json { ""wikipedia_page"": ""Zaccaria Zacchi"", ""wikidata_id"": ""Q21693179"" } ```",17.94283103942871
document_000454.html,166,177,Noemi Venti,NIL,PER,Q35109,Noemi,"```json { ""wikipedia_page"": ""Noemi Venti"", ""wikidata_id"": ""Q35109"" } ```",25.987491607666016
document_000454.html,193,199,Fenena,NIL,PER,Q781463,Fenice,"```json { ""wikipedia_page"": ""Fenice"", ""wikidata_id"": ""Q781463"" } ```",10.324700355529785
document_000455.html,32,37,Akdos,NIL,MISC,Q171277,Aida,"```json { ""wikipedia_page"": ""Aida"", ""wikidata_id"": ""Q171277"" } ```",15.316631317138672
document_000455.html,50,57,Finotti,NIL,PER,Q270662,Gian Carlo Menotti,"```json { ""wikipedia_page"": ""Gian Carlo Menotti"", ""wikidata_id"": ""Q270662"" } ```",18.87894630432129
document_000457.html,14,21,Zerlina,NIL,PER,Q55759215,Zerlina,"```json { ""wikipedia_page"": ""Zerlina"", ""wikidata_id"": ""Q55759215"" } ```",12.668204307556152
document_000458.html,3,8,Adria,NIL,ORG,Q34615,Adria,"```json { ""wikipedia_page"": ""Adria"", ""wikidata_id"": ""Q34615"" } ```",21.992149353027344
document_000459.html,0,12,ll Cittadino,NIL,ORG,Q2259884,Il Cittadino,"```json { ""wikipedia_page"": ""Il Cittadino"", ""wikidata_id"": ""Q2259884"" } ```",21.486907958984375
document_000459.html,14,28,Y Indipendente,NIL,ORG,Q16569703,L'Indipendente (Trieste),"```json { ""wikipedia_page"": ""L'Indipendente (Trieste)"", ""wikidata_id"": ""Q16569703"" } ```",19.388256072998047
document_000459.html,32,50,Alabarda Triestina,NIL,ORG,Q1658246,Il Piccolo,"```json { ""wikipedia_page"": ""Il Piccolo"", ""wikidata_id"": ""Q1658246"" } ```",16.32190704345703
document_000459.html,64,72,il Soldo,NIL,ORG,Q1431762,soldo,"```json { ""wikipedia_page"": ""soldo"", ""wikidata_id"": ""Q1431762"" } ```",7.165126323699951
document_000461.html,91,96,Chili,NIL,LOC,Q298,Cile,"```json { ""wikipedia_page"": ""Cile"", ""wikidata_id"": ""Q298"" } ```",11.429057121276855
document_000461.html,98,114,Lodovico Fagotti,NIL,PER,Q95388731,Lodovico Bossi,"```json { ""wikipedia_page"": ""Lodovico Fagotti"", ""wikidata_id"": ""Q95388731"" } ```",20.75814437866211
document_000461.html,170,186,teatro del Corso,Q21077427,LOC,Q30898725,Cinema Corso,"```json { ""wikipedia_page"": ""Teatro Corso"", ""wikidata_id"": ""Q30898725"" } ```",16.05926513671875
document_000462.html,111,121,Aben Hamet,NIL,MISC,Q5645553,El Hammamet,"```json { ""wikipedia_page"": ""El Hammamet"", ""wikidata_id"": ""Q5645553"" } ```",17.092199325561523
document_000462.html,221,246,teatro italiano di Parigi,NIL,LOC,Q1581237,Théâtre de la comédie italienne,"```json { ""wikipedia_page"": ""Théâtre de la comédie italienne"", ""wikidata_id"": ""Q1581237"" } ```",23.982379913330078
document_000462.html,248,255,Teodora,NIL,MISC,Q1419033,Teodora,"```json { ""wikipedia_page"": ""Teodora"", ""wikidata_id"": ""Q1419033"" } ```",20.0459041595459
document_000462.html,347,371,La ronda del Commissario,NIL,MISC,Q566767,Der Kommissar,"```json { ""wikipedia_page"": ""Der Kommissar"", ""wikidata_id"": ""Q566767"" } ```",12.625101089477539
document_000462.html,411,422,H. Méilhade,NIL,PER,Q723648,Henri Meilhac,"```json { ""wikipedia_page"": ""Henri Meilhac"", ""wikidata_id"": ""Q723648"" } ```",23.512563705444336
document_000462.html,423,432,P. Gilles,Q610921,PER,Q3903448,Pierre Gilles,"```json { ""wikipedia_page"": ""Pierre Gilles"", ""wikidata_id"": ""Q3903448"" } ```",25.28250503540039
document_000462.html,436,453,Gymmase di Parigi,Q121635,LOC,Q1581237,Théâtre de la comédie italienne,"```json { ""wikipedia_page"": ""Théâtre de la comédie italienne"", ""wikidata_id"": ""Q1581237"" } ```",14.663141250610352
document_000463.html,137,146,Carnevale,Q4618,MISC,Q642130,Carnevale di Viareggio,"```json { ""wikipedia_page"": ""Carnevale di Viareggio"", ""wikidata_id"": ""Q642130"" } ```",10.840655326843262
document_000464.html,9,24,Arte di Trieste,NIL,ORG,Q546,Trieste,"```json { ""wikipedia_page"": ""Trieste"", ""wikidata_id"": ""Q546"" } ```",26.2093563079834
document_000465.html,45,60,Salvatore Pinto,NIL,PER,Q52157098,Salvatore Pinto,"```json { ""wikipedia_page"": ""Salvatore Pinto"", ""wikidata_id"": ""Q52157098"" } ```",31.85968017578125
document_000465.html,126,139,Conservatorio,NIL,ORG,Q368820,Conservatorio di San Pietro a Majella,"```json { ""wikipedia_page"": ""Conservatorio di San Pietro a Majella"", ""wikidata_id"": ""Q368820"" } ```",19.34187889099121
document_000466.html,18,24,Ricett,NIL,PER,Q219239,ricetta,"```json { ""wikipedia_page"": ""ricetta"", ""wikidata_id"": ""Q219239"" } ```",6.346809387207031
document_000467.html,3,10,Hermosa,NIL,MISC,Q902451,,"```json { ""wikipedia_page"": ""Hermosa"", ""wikidata_id"": ""Q902451"" } ```",16.012765884399414
document_000467.html,23,29,Branca,Q3778880,PER,Q90027583,Gerardo Branca,"```json { ""wikipedia_page"": ""Gerardo Branca"", ""wikidata_id"": ""Q90027583"" } ```",15.391212463378906
document_000468.html,33,44,Parravicini,NIL,PER,Q320534,Carlo Pallavicino,"```json { ""wikipedia_page"": ""Carlo Pallavicino"", ""wikidata_id"": ""Q320534"" } ```",24.501445770263672
document_000471.html,33,51,Rossini di Livorno,NIL,LOC,Q3982122,Teatro Rossini,"```json { ""wikipedia_page"": ""Teatro Rossini"", ""wikidata_id"": ""Q3982122"" } ```",16.621929168701172
document_000471.html,64,73,Haussmann,NIL,PER,Q3767462,Giovanni Haussmann,"```json { ""wikipedia_page"": ""Giovanni Haussmann"", ""wikidata_id"": ""Q3767462"" } ```",17.20148277282715
document_000471.html,115,120,Corso,NIL,PER,Q18086278,Pasquino Corso,"```json { ""wikipedia_page"": ""Pasquino Corso"", ""wikidata_id"": ""Q18086278"" } ```",12.980457305908203
document_000471.html,122,130,Del Papa,Q3702353,PER,Q18945490,Giuseppe Del Papa,"```json { ""wikipedia_page"": ""Giuseppe Del Papa"", ""wikidata_id"": ""Q18945490"" } ```",18.865638732910156
document_000471.html,132,139,Salasso,NIL,PER,Q26972035,Carlo Salmaso,"```json { ""wikipedia_page"": ""Carlo Salmaso"", ""wikidata_id"": ""Q26972035"" } ```",14.787703514099121
document_000471.html,142,153,Camarlinghi,NIL,PER,Q98533056,Carlo Camerlenghi,"```json { ""wikipedia_page"": ""Carlo Camerlenghi"", ""wikidata_id"": ""Q98533056"" } ```",19.35149574279785
document_000471.html,184,189,Faust,Q745951,MISC,Q29478,Faust,"```json { ""wikipedia_page"": ""Faust"", ""wikidata_id"": ""Q29478"" } ```",13.150800704956055
document_000472.html,2,6,Pisa,Q745951,LOC,Q13375,Pisa,"```json { ""wikipedia_page"": ""Pisa"", ""wikidata_id"": ""Q13375"" } ```",23.54966926574707
document_000472.html,33,39,Auteri,Q3945947,PER,Q986805,Gaetano Auteri,"```json { ""wikipedia_page"": ""Gaetano Auteri"", ""wikidata_id"": ""Q986805"" } ```",20.458784103393555
document_000472.html,72,81,Paoliceli,Q3847363,PER,Q167936,Paolo Pulici,"```json { ""wikipedia_page"": ""Paolo Pulici"", ""wikidata_id"": ""Q167936"" } ```",18.422842025756836
document_000472.html,86,93,Montery,NIL,PER,Q21503385,Ronny Montero,"```json { ""wikipedia_page"": ""Ronny Montero"", ""wikidata_id"": ""Q21503385"" } ```",16.245641708374023
document_000472.html,95,100,Forti,NIL,PER,Q3750001,Francesco Forti,"```json { ""wikipedia_page"": ""Francesco Forti"", ""wikidata_id"": ""Q3750001"" } ```",14.231011390686035
document_000472.html,102,110,Gautiero,NIL,PER,Q3778148,Gualtiero di Caltagirone,"```json { ""wikipedia_page"": ""Gualtiero di Caltagirone"", ""wikidata_id"": ""Q3778148"" } ```",19.529712677001953
document_000472.html,113,120,Massimi,NIL,PER,Q1907728,Massimo Massimi,"```json { ""wikipedia_page"": ""Massimo Massimi"", ""wikidata_id"": ""Q1907728"" } ```",16.01980209350586
document_000473.html,22,33,Ida Ricetti,NIL,PER,Q112148040,Ida Pilotto Sottini,"```json { ""wikipedia_page"": ""Ida Pilotto Sottini"", ""wikidata_id"": ""Q112148040"" } ```",27.03697967529297
document_000474.html,134,142,Ugonotti,Q466848,MISC,Q101935,ugonotti,"```json { ""wikipedia_page"": ""ugonotti"", ""wikidata_id"": ""Q101935"" } ```",11.171462059020996
document_000475.html,64,70,Panche,NIL,PER,Q8287805,Aldo Pancheri,"```json { ""wikipedia_page"": ""Aldo Pancheri"", ""wikidata_id"": ""Q8287805"" } ```",17.465679168701172
document_000476.html,64,68,Dadi,NIL,PER,Q110560446,Dennis,"```json { ""wikipedia_page"": ""Dennis"", ""wikidata_id"": ""Q110560446"" } ```",13.838541984558105
document_000477.html,49,54,Lucia,Q244209,MISC,Q183240,Santa Lucia,"```json { ""wikipedia_page"": ""Santa Lucia"", ""wikidata_id"": ""Q183240"" } ```",8.990568161010742
document_000477.html,83,89,Masini,Q769771,PER,Q3757796,Galliano Masini,"```json { ""wikipedia_page"": ""Galliano Masini"", ""wikidata_id"": ""Q3757796"" } ```",14.168977737426758
document_000477.html,103,112,Silvestri,NIL,PER,Q15429953,Giuseppe Silvestri,"```json { ""wikipedia_page"": ""Giuseppe Silvestri"", ""wikidata_id"": ""Q15429953"" } ```",18.97576141357422
document_000477.html,139,144,Faust,NIL,MISC,Q745951,Faust,"```json { ""wikipedia_page"": ""Faust"", ""wikidata_id"": ""Q745951"" } ```",16.01663589477539
document_000477.html,145,160,Doria di Genova,Q83471820,LOC,Q1528913,Società Ginnastica Andrea Doria,"```json { ""wikipedia_page"": ""Società Ginnastica Andrea Doria"", ""wikidata_id"": ""Q1528913"" } ```",15.42470645904541
document_000478.html,12,21,Teodorini,Q3050729,PER,Q181474,Teodorico Pedrini,"```json { ""wikipedia_page"": ""Teodorico Pedrini"", ""wikidata_id"": ""Q181474"" } ```",12.094764709472656
document_000478.html,26,32,Pasqua,Q3771689,PER,Q21196,Pasqua,"```json { ""wikipedia_page"": ""Pasqua"", ""wikidata_id"": ""Q21196"" } ```",11.182042121887207
document_000478.html,34,41,Signore,NIL,PER,Q2366336,signore,"```json { ""wikipedia_page"": ""signore"", ""wikidata_id"": ""Q2366336"" } ```",4.912506580352783
document_000478.html,45,52,Bianchi,NIL,PER,Q3770373,Giuseppe Cremonini Bianchi,"```json { ""wikipedia_page"": ""Giuseppe Cremonini Bianchi"", ""wikidata_id"": ""Q3770373"" } ```",11.048795700073242
document_000478.html,74,82,Giocondu,Q748840,MISC,Q12418,La Gioconda,"```json { ""wikipedia_page"": ""La Gioconda"", ""wikidata_id"": ""Q12418"" } ```",9.485614776611328
document_000478.html,97,114,Contessa è Amalfi,NIL,MISC,Q80563,Amalfi,"```json { ""wikipedia_page"": ""Amalfi"", ""wikidata_id"": ""Q80563"" } ```",7.396995544433594
document_000479.html,42,52,Calderazzi,Q47650427,PER,Q16539059,Cesare Caldonazzo,"```json { ""wikipedia_page"": ""Cesare Caldonazzo"", ""wikidata_id"": ""Q16539059"" } ```",17.039669036865234
document_000479.html,63,72,Signorini,NIL,PER,Q433838,Senesino,"```json { ""wikipedia_page"": ""Senesino"", ""wikidata_id"": ""Q433838"" } ```",23.642562866210938
document_000479.html,91,100,Marangolo,NIL,PER,Q3619812,Antonio Marangolo,"```json { ""wikipedia_page"": ""Antonio Marangolo"", ""wikidata_id"": ""Q3619812"" } ```",20.672698974609375
document_000479.html,165,170,Brogi,Q103024532,PER,Q16586814,Paolo Brogi,"```json { ""wikipedia_page"": ""Paolo Brogi"", ""wikidata_id"": ""Q16586814"" } ```",27.78450584411621
document_000480.html,56,63,Novelli,Q5565209,PER,Q3879056,Novello Novelli,"```json { ""wikipedia_page"": ""Novello Novelli"", ""wikidata_id"": ""Q3879056"" } ```",12.483407020568848
document_000481.html,48,55,Pierson,NIL,PER,Q63119688,Louise Pierson,"```json { ""wikipedia_page"": ""Louise Pierson"", ""wikidata_id"": ""Q63119688"" } ```",17.538860321044922
document_000481.html,71,79,Leonardi,NIL,PER,Q64745453,Lodovico Leonardi,"```json { ""wikipedia_page"": ""Lodovico Leonardi"", ""wikidata_id"": ""Q64745453"" } ```",20.333255767822266
document_000481.html,84,92,De \eeri,Q3766640,PER,Q16552091,Enrico Dall'Era,"```json { ""wikipedia_page"": ""Enrico Dall'Era"", ""wikidata_id"": ""Q16552091"" } ```",13.134259223937988
document_000481.html,125,133,Bengardi,NIL,PER,Q5565338,Giuseppe Bardari,"```json { ""wikipedia_page"": ""Giuseppe Bardari"", ""wikidata_id"": ""Q5565338"" } ```",19.93035316467285
document_000482.html,0,10,Semiramide,Q900744,MISC,Q103960,Semiramide,"```json { ""wikipedia_page"": ""Semiramide"", ""wikidata_id"": ""Q103960"" } ```",5.110445976257324
document_000483.html,48,56,Gtoconda,Q748840,MISC,Q7814,Giotto,"```json { ""wikipedia_page"": ""Giotto"", ""wikidata_id"": ""Q7814"" } ```",7.619689464569092
document_000483.html,91,104,Berta Pierson,NIL,PER,Q4972467,Berta Persson,"```json { ""wikipedia_page"": ""Berta Persson"", ""wikidata_id"": ""Q4972467"" } ```",17.06618881225586
document_000484.html,11,19,Leonardi,NIL,PER,Q28753317,Leonardi,"```json { ""wikipedia_page"": ""Leonardi"", ""wikidata_id"": ""Q28753317"" } ```",15.781014442443848
document_000484.html,21,26,Laura,NIL,PER,Q239404,Laura Antonelli,"```json { ""wikipedia_page"": ""Laura Antonelli"", ""wikidata_id"": ""Q239404"" } ```",12.057486534118652
document_000484.html,151,156,Laura,NIL,PER,Q429948,Laura,"```json { ""wikipedia_page"": ""Laura"", ""wikidata_id"": ""Q429948"" } ```",11.275579452514648
document_000486.html,115,124,Toresella,Q104384426,PER,Q81761,Tortorella,"```json { ""wikipedia_page"": ""Tortorella"", ""wikidata_id"": ""Q81761"" } ```",19.643362045288086
document_000486.html,139,147,Giordano,NIL,PER,Q294826,Umberto Giordano,"```json { ""wikipedia_page"": ""Umberto Giordano"", ""wikidata_id"": ""Q294826"" } ```",18.38998031616211
document_000486.html,150,158,Barbieri,Q3724335,PER,Q3938595,Roberto Barbieri,"```json { ""wikipedia_page"": ""Roberto Barbieri"", ""wikidata_id"": ""Q3938595"" } ```",22.269485473632812
document_000487.html,116,137,Ida Rappini Mattiuzzi,NIL,PER,Q112148040,Ida Pilotto Sottini,"```json { ""wikipedia_page"": ""Ida Pilotto Sottini"", ""wikidata_id"": ""Q112148040"" } ```",29.241228103637695
document_000487.html,174,178,Busi,Q11904863,PER,Q16062989,Luigi Busi,"```json { ""wikipedia_page"": ""Luigi Busi"", ""wikidata_id"": ""Q16062989"" } ```",22.454755783081055
document_000488.html,14,28,Federico Sarti,Q92207778,PER,Q455199,Giuseppe Sarti,"```json { ""wikipedia_page"": ""Federico Sarti"", ""wikidata_id"": ""Q455199"" } ```",34.47005844116211
document_000488.html,125,132,Vaselli,NIL,PER,Q18758702,Romolo Vaselli,"```json { ""wikipedia_page"": ""Romolo Vaselli"", ""wikidata_id"": ""Q18758702"" } ```",20.433433532714844
document_000488.html,145,155,Silvestri-,NIL,PER,Q15429953,Giuseppe Silvestri,"```json { ""wikipedia_page"": ""Giuseppe Silvestri"", ""wikidata_id"": ""Q15429953"" } ```",17.95536994934082
document_000489.html,2,16,tratelli Corti,NIL,ORG,Q326875,Toni Ortelli,"```json { ""wikipedia_page"": ""Toni Ortelli"", ""wikidata_id"": ""Q326875"" } ```",9.326748847961426
document_000489.html,174,180,Tofano,Q4461492,PER,Q3894516,Paolo Tofani,"```json { ""wikipedia_page"": ""Paolo Tofani"", ""wikidata_id"": ""Q3894516"" } ```",12.266002655029297
document_000490.html,86,102,Lorenzo Alberani,NIL,PER,Q3836865,Lorenzo Alberti,"```json { ""wikipedia_page"": ""Lorenzo Alberti"", ""wikidata_id"": ""Q3836865"" } ```",34.101375579833984
document_000490.html,104,116,Ettore Valla,NIL,PER,Q3734022,Ettore Viola,"```json { ""wikipedia_page"": ""Ettore Valla"", ""wikidata_id"": ""Q3734022"" } ```",30.372455596923828
document_000490.html,118,134,Antonio Campiani,NIL,PER,Q16851817,Antonio Capellani,"```json { ""wikipedia_page"": ""Antonio Campiani"", ""wikidata_id"": ""Q16851817"" } ```",36.029903411865234
document_000490.html,136,150,Felice ~Boghen,Q55225713,PER,Q1402955,Felice Bonomini,"```json { ""wikipedia_page"": ""Felice Bonomini"", ""wikidata_id"": ""Q1402955"" } ```",21.106754302978516
document_000490.html,153,168,Francesco Corsi,NIL,PER,Q2008053,Francesco Corti,"```json { ""wikipedia_page"": ""Francesco Corti"", ""wikidata_id"": ""Q2008053"" } ```",29.79962921142578
document_000491.html,47,62,teatro Pagliano,Q3982191,LOC,Q3981980,Teatro Flaiano,"```json { ""wikipedia_page"": ""Teatro Pagliano"", ""wikidata_id"": ""Q3981980"" } ```",22.709291458129883
document_000492.html,95,100,Gabbi,Q15057396,PER,Q11931365,Leonilde Gabbi,"```json { ""wikipedia_page"": ""Leonilde Gabbi"", ""wikidata_id"": ""Q11931365"" } ```",26.24827766418457
document_000493.html,45,51,Borgia,Q685501,MISC,Q3732024,Erminia Borghi-Mamo,"```json { ""wikipedia_page"": ""Erminia Borghi-Mamo"", ""wikidata_id"": ""Q3732024"" } ```",15.757933616638184
document_000494.html,0,14,Don Chisciotte,NIL,ORG,Q944201,don Chisciotte,"```json { ""wikipedia_page"": ""Don Chisciotte"", ""wikidata_id"": ""Q944201"" } ```",29.152807235717773
document_000495.html,20,25,Carpi,NIL,PER,Q3742889,Fernando Carpi,"```json { ""wikipedia_page"": ""Fernando Carpi"", ""wikidata_id"": ""Q3742889"" } ```",23.131555557250977
document_000495.html,89,94,Carpi,NIL,PER,Q3725656,Enrico Campi,"```json { ""wikipedia_page"": ""Enrico Campi"", ""wikidata_id"": ""Q3725656"" } ```",19.946264266967773
document_000495.html,32,37,Linda,Q669382,MISC,Q23014944,Linda Ferri,"```json { ""wikipedia_page"": ""Linda Ferri"", ""wikidata_id"": ""Q23014944"" } ```",12.189905166625977
document_000495.html,67,76,Commercio,NIL,ORG,Q601401,commercio,"```json { ""wikipedia_page"": ""commercio"", ""wikidata_id"": ""Q601401"" } ```",18.594921112060547
document_000496.html,52,57,Carpi,NIL,PER,Q3072743,Fiorenzo Carpi,"```json { ""wikipedia_page"": ""Fiorenzo Carpi"", ""wikidata_id"": ""Q3072743"" } ```",20.602558135986328
document_000496.html,245,250,Rieva,NIL,PER,Q1110961,Ezio Riva,"```json { ""wikipedia_page"": ""Ezio Riva"", ""wikidata_id"": ""Q1110961"" } ```",17.05727195739746
document_000497.html,118,127,Il Secolo,Q126586,ORG,Q3792935,Il Secolo,"```json { ""wikipedia_page"": ""Il Secolo"", ""wikidata_id"": ""Q3792935"" } ```",20.939268112182617
document_000498.html,0,10,Il Pungolo,NIL,ORG,Q1876239,Luigi Punzolo,"```json { ""wikipedia_page"": ""Luigi Punzolo"", ""wikidata_id"": ""Q1876239"" } ```",17.158435821533203
document_000498.html,121,126,Carpi,NIL,PER,Q3072743,Fiorenzo Carpi,"```json { ""wikipedia_page"": ""Fiorenzo Carpi"", ""wikidata_id"": ""Q3072743"" } ```",16.51909828186035
document_000498.html,335,340,Rieva,NIL,PER,Q1339427,Enrico Rava,"```json { ""wikipedia_page"": ""Enrico Rava"", ""wikidata_id"": ""Q1339427"" } ```",15.548893928527832
document_000499.html,9,22,De Franceschi,NIL,PER,Q3611390,Alfredo De Franceschini,"```json { ""wikipedia_page"": ""Alfredo De Franceschini"", ""wikidata_id"": ""Q3611390"" } ```",19.294496536254883
document_000499.html,206,219,De Franceschi,NIL,PER,Q3605722,Adriano Franceschini,"```json { ""wikipedia_page"": ""Adriano De Franceschi"", ""wikidata_id"": ""Q3605722"" } ```",22.82341766357422
document_000499.html,61,78,Patria del Friuli,NIL,ORG,Q160570,Friuli,"```json { ""wikipedia_page"": ""Friuli"", ""wikidata_id"": ""Q160570"" } ```",12.882170677185059
document_000499.html,161,172,Sparafucile,NIL,PER,Q48808132,Rocca di Sparafucile,"```json { ""wikipedia_page"": ""Rocca di Sparafucile"", ""wikidata_id"": ""Q48808132"" } ```",8.427260398864746
document_000501.html,154,167,Elena Cuceoli,NIL,PER,Q13455380,Elena Cucci,"```json { ""wikipedia_page"": ""Elena Cucci"", ""wikidata_id"": ""Q13455380"" } ```",25.948396682739258
document_000502.html,0,15,Fanny Toresella,Q104384426,PER,Q996001,Fanny Targioni Tozzetti,"```json { ""wikipedia_page"": ""Fanny Targioni Tozzetti"", ""wikidata_id"": ""Q996001"" } ```",12.549920082092285
document_000503.html,41,50,Toresella,Q104384426,PER,Q3356544,Tora Torbergsdatter,"```json { ""wikipedia_page"": ""Tora Torbergsdatter"", ""wikidata_id"": ""Q3356544"" } ```",15.303028106689453
document_000503.html,123,130,Falcone,NIL,PER,Q207073,Giovanni Falcone,"```json { ""wikipedia_page"": ""Giovanni Falcone"", ""wikidata_id"": ""Q207073"" } ```",14.850732803344727
document_000504.html,23,32,Toresella,Q104384426,PER,Q10318,Torre Pellice,"```json { ""wikipedia_page"": ""Torre Pellice"", ""wikidata_id"": ""Q10318"" } ```",16.47658920288086
document_000504.html,172,188,Circolo Barbieri,NIL,ORG,Q3677548,Circolo Culturale Carlo Perini ONLUS,"```json { ""wikipedia_page"": ""Circolo Culturale Carlo Perini ONLUS"", ""wikidata_id"": ""Q3677548"" } ```",16.296674728393555
document_000504.html,266,287,principessa Moliterno,NIL,PER,Q158229,Maria Carolina d'Asburgo-Lorena,"```json { ""wikipedia_page"": ""Maria Carolina d'Asburgo-Lorena"", ""wikidata_id"": ""Q158229"" } ```",10.553102493286133
document_000504.html,293,303,Lady Otway,NIL,PER,Q955217,Thomas Otway,"```json { ""wikipedia_page"": ""Thomas Otway"", ""wikidata_id"": ""Q955217"" } ```",13.030916213989258
document_000505.html,10,19,Toresella,Q104384426,PER,Q272513,Maria Teresa di Borbone-Due Sicilie,"```json { ""wikipedia_page"": ""Maria Teresa di Borbone-Due Sicilie"", ""wikidata_id"": ""Q272513"" } ```",17.779613494873047
document_000505.html,89,111,principessa di Cassero,NIL,PER,Q59657,Cesare d'Este,"```json { ""wikipedia_page"": ""Cesare d'Este"", ""wikidata_id"": ""Q59657"" } ```",9.155431747436523
document_000505.html,126,134,bresella,Q104384426,PER,Q6221,Brescia,"```json { ""wikipedia_page"": ""Brescia"", ""wikidata_id"": ""Q6221"" } ```",11.395149230957031
document_000506.html,0,14,Amelia Boriani,NIL,PER,Q16268203,Amalia Borisi,"```json { ""wikipedia_page"": ""Amelia Boriani"", ""wikidata_id"": ""Q16268203"" } ```",26.12226104736328
document_000506.html,208,222,Amelia Boriani,NIL,PER,Q16268203,Amalia Borisi,"```json { ""wikipedia_page"": ""Amelia Boriani"", ""wikidata_id"": ""Q16268203"" } ```",29.4978084564209
document_000506.html,36,47,teatro novo,Q3982081,LOC,Q3982084,Teatro Nuovo,"```json { ""wikipedia_page"": ""Teatro Nuovo"", ""wikidata_id"": ""Q3982084"" } ```",22.97572135925293
document_000506.html,134,138,Arte,NIL,ORG,Q735,arte,"```json { ""wikipedia_page"": ""arte"", ""wikidata_id"": ""Q735"" } ```",8.43681526184082
document_000507.html,82,91,Mirabilis,NIL,ORG,Q203015,Aqua Mirabilis,"```json { ""wikipedia_page"": ""Aqua Mirabilis"", ""wikidata_id"": ""Q203015"" } ```",13.508841514587402
document_000507.html,288,293,Borbe,Q3732024,PER,Q233196,Maria Isabella di Borbone-Spagna,"```json { ""wikipedia_page"": ""Maria Isabella di Borbone-Spagna"", ""wikidata_id"": ""Q233196"" } ```",11.92988109588623
document_000507.html,334,342,habanera,Q692648,MISC,Q835562,habanera,"```json { ""wikipedia_page"": ""habanera"", ""wikidata_id"": ""Q835562"" } ```",17.514739990234375
document_000507.html,350,360,seguidilla,NIL,MISC,Q1973457,seguidilla,"```json { ""wikipedia_page"": ""seguidilla"", ""wikidata_id"": ""Q1973457"" } ```",12.480905532836914
document_000507.html,361,372,dt Siviglia,NIL,MISC,Q8717,Siviglia,"```json { ""wikipedia_page"": ""Siviglia"", ""wikidata_id"": ""Q8717"" } ```",10.455585479736328
document_000508.html,55,64,Nagherita,Q83471820,LOC,Q3337163,Naucrate,"```json { ""wikipedia_page"": ""Naucrate"", ""wikidata_id"": ""Q3337163"" } ```",17.183753967285156
document_000509.html,22,29,Salassa,NIL,PER,Q10248,Salassa,"```json { ""wikipedia_page"": ""Salassa"", ""wikidata_id"": ""Q10248"" } ```",18.773887634277344
document_000509.html,56,65,Escamillo,NIL,PER,Q568745,Escamilla,"```json { ""wikipedia_page"": ""Escamillo"", ""wikidata_id"": ""Q568745"" } ```",16.19797134399414
document_000509.html,87,91,Rath,NIL,PER,Q19287676,Carlos Rath,"```json { ""wikipedia_page"": ""Carlos Rath"", ""wikidata_id"": ""Q19287676"" } ```",10.983078002929688
document_000509.html,106,112,Boasso,NIL,PER,Q5995733,Marcello Boasso,"```json { ""wikipedia_page"": ""Marcello Boasso"", ""wikidata_id"": ""Q5995733"" } ```",10.85917854309082
document_000509.html,117,123,Novari,NIL,PER,Q6046,Novara,"```json { ""wikipedia_page"": ""Novara"", ""wikidata_id"": ""Q6046"" } ```",12.03620719909668
document_000509.html,130,136,Sgarbi,NIL,PER,Q2426702,Vittorio Sgarbi,"```json { ""wikipedia_page"": ""Vittorio Sgarbi"", ""wikidata_id"": ""Q2426702"" } ```",12.007691383361816
document_000510.html,64,91,Politeama Regina Margherita,Q83471820,LOC,Q46499349,Teatro Regina Margherita,"```json { ""wikipedia_page"": ""Teatro Regina Margherita"", ""wikidata_id"": ""Q46499349"" } ```",21.553239822387695
document_000511.html,3,10,Caffaro,Q17632799,ORG,Q527738,Caffarelli,"```json { ""wikipedia_page"": ""Caffarelli"", ""wikidata_id"": ""Q527738"" } ```",12.825468063354492
document_000511.html,49,74,Giuseppina MusianiRizzoni,NIL,PER,Q11924305,Giuseppe Musiani,"```json { ""wikipedia_page"": ""Giuseppina MusianiRizzoni"", ""wikidata_id"": ""Q11924305"" } ```",28.855531692504883
document_000512.html,3,21,Gazzetta di Genova,NIL,ORG,Q63244069,Genova,"```json { ""wikipedia_page"": ""Gazzetta di Genova"", ""wikidata_id"": ""Q63244069"" } ```",30.168716430664062
document_000512.html,23,28,Epoca,NIL,ORG,Q3055838,Epoca,"```json { ""wikipedia_page"": ""Epoca"", ""wikidata_id"": ""Q3055838"" } ```",21.314781188964844
document_000512.html,109,116,Musiani,NIL,PER,Q11924305,Giuseppe Musiani,"```json { ""wikipedia_page"": ""Giuseppe Musiani"", ""wikidata_id"": ""Q11924305"" } ```",18.467966079711914
document_000513.html,34,41,Carobbi,NIL,PER,Q1541321,Stefano Carobbi,"```json { ""wikipedia_page"": ""Stefano Carobbi"", ""wikidata_id"": ""Q1541321"" } ```",18.202728271484375
document_000513.html,72,80,Barbiere,Q208659,MISC,Q632743,Il barbiere di Siviglia,"```json { ""wikipedia_page"": ""Il barbiere di Siviglia"", ""wikidata_id"": ""Q632743"" } ```",19.68226432800293
document_000513.html,123,131,Pogliani,NIL,PER,Q64432799,Luigi Pogliani,"```json { ""wikipedia_page"": ""Luigi Pogliani"", ""wikidata_id"": ""Q64432799"" } ```",31.301145553588867
document_000514.html,39,46,Cantori,NIL,PER,Q2936570,cantante lirica,"```json { ""wikipedia_page"": ""cantante lirica"", ""wikidata_id"": ""Q2936570"" } ```",15.956620216369629
document_000514.html,123,130,Torrigi,NIL,PER,Q7329515,Richard Torigi,"```json { ""wikipedia_page"": ""Richard Torigi"", ""wikidata_id"": ""Q7329515"" } ```",18.216257095336914
document_000515.html,58,67,Rebuffini,NIL,PER,Q3766739,Giovanni Battista Rebuffo,"```json { ""wikipedia_page"": ""Giovanni Battista Rebuffo"", ""wikidata_id"": ""Q3766739"" } ```",21.211084365844727
document_000515.html,104,119,Flora Mirabilis,NIL,ORG,Q3746654,Flora Carabella,"```json { ""wikipedia_page"": ""Flora Carabella"", ""wikidata_id"": ""Q3746654"" } ```",18.60268783569336
document_000516.html,79,89,Pantaleoni,NIL,PER,Q5563930,Giovanni Pantaleoni,"```json { ""wikipedia_page"": ""Giovanni Pantaleoni"", ""wikidata_id"": ""Q5563930"" } ```",19.564605712890625
document_000518.html,32,44,Mariano Neri,NIL,PER,Q1112761,Maino Neri,"```json { ""wikipedia_page"": ""Mariano Neri"", ""wikidata_id"": ""Q1112761"" } ```",45.67810821533203
document_000518.html,109,131,Margherita Delle Sedie,NIL,PER,Q1100966,Margherita de' Medici,"```json { ""wikipedia_page"": ""Margherita de' Medici"", ""wikidata_id"": ""Q1100966"" } ```",23.60052490234375
document_000519.html,40,79,dell’Ordine del merito civile di Savoia,Q206967,MISC,Q112387,Ordine al merito di Savoia,"```json { ""wikipedia_page"": ""Ordine al merito di Savoia"", ""wikidata_id"": ""Q112387"" } ```",25.937110900878906
document_000520.html,17,31,Capitale russa,Q656,LOC,Q649,Mosca,"```json { ""wikipedia_page"": ""Mosca"", ""wikidata_id"": ""Q649"" } ```",18.955303192138672
document_000520.html,93,101,Pogliani,NIL,PER,Q64432799,Luigi Pogliani,"```json { ""wikipedia_page"": ""Luigi Pogliani"", ""wikidata_id"": ""Q64432799"" } ```",28.30853271484375
document_000521.html,3,10,Garbini,NIL,PER,Q3622672,Aristide Garbini,"```json { ""wikipedia_page"": ""Aristide Garbini"", ""wikidata_id"": ""Q3622672"" } ```",17.670516967773438
document_000521.html,16,27,Bellincioni,Q289629,PER,Q170209,Vincenzo Bellini,"```json { ""wikipedia_page"": ""Vincenzo Bellini"", ""wikidata_id"": ""Q170209"" } ```",18.784526824951172
document_000521.html,29,37,Migliont,NIL,PER,Q3856708,Michele Miglionico,"```json { ""wikipedia_page"": ""Michele Miglionico"", ""wikidata_id"": ""Q3856708"" } ```",10.9051513671875
document_000521.html,39,45,Vigley,NIL,PER,Q67214259,Vittorio Vighi,"```json { ""wikipedia_page"": ""Vittorio Vighi"", ""wikidata_id"": ""Q67214259"" } ```",15.015790939331055
document_000521.html,46,52,Vivigy,NIL,PER,Q67214259,Vittorio Vighi,"```json { ""wikipedia_page"": ""Vittorio Vighi"", ""wikidata_id"": ""Q67214259"" } ```",16.466068267822266
document_000521.html,132,138,Agnila,Q3476,LOC,Q116404,Anagni,"```json { ""wikipedia_page"": ""Anagni"", ""wikidata_id"": ""Q116404"" } ```",11.662680625915527
document_000521.html,151,166,Romano Nannetti,NIL,PER,Q20056572,Francesco Nannetti,"```json { ""wikipedia_page"": ""Francesco Nannetti"", ""wikidata_id"": ""Q20056572"" } ```",17.0279541015625
document_000522.html,76,81,Lucia,Q244209,MISC,Q183240,Santa Lucia,"```json { ""wikipedia_page"": ""Santa Lucia"", ""wikidata_id"": ""Q183240"" } ```",7.718581676483154
document_000522.html,163,173,Sonnambuly,Q753123,MISC,Q388626,sonnambulismo,"```json { ""wikipedia_page"": ""sonnambulismo"", ""wikidata_id"": ""Q388626"" } ```",9.709280014038086
document_000522.html,181,206,Municipale di Alessandria,NIL,LOC,Q6088,Alessandria,"```json { ""wikipedia_page"": ""Alessandria"", ""wikidata_id"": ""Q6088"" } ```",18.322965621948242
document_000523.html,7,15,Martelli,NIL,PER,Q3629660,Augusto Martelli,"```json { ""wikipedia_page"": ""Augusto Martelli"", ""wikidata_id"": ""Q3629660"" } ```",19.222145080566406
document_000523.html,103,118,Elisa Mattiuzzi,NIL,PER,Q3732287,Ernesto Mattiuzzi,"```json { ""wikipedia_page"": ""Elisa Mattiuzzi"", ""wikidata_id"": ""Q3732287"" } ```",29.178730010986328
document_000523.html,183,189,Hmilia,NIL,PER,Q16985749,Immilla di Torino,"```json { ""wikipedia_page"": ""Hmilia"", ""wikidata_id"": ""Q16985749"" } ```",14.170348167419434
document_000524.html,13,19,Ravogl,Q75981316,PER,Q81427,Ravello,"```json { ""wikipedia_page"": ""Ravello"", ""wikidata_id"": ""Q81427"" } ```",12.978386878967285
document_000524.html,81,88,Carinen,Q185968,MISC,Q369765,Carnia,"```json { ""wikipedia_page"": ""Carnia"", ""wikidata_id"": ""Q369765"" } ```",10.338748931884766
document_000524.html,94,101,BudaPes,Q1781,LOC,Q210205,Pest,"```json { ""wikipedia_page"": ""Pest"", ""wikidata_id"": ""Q210205"" } ```",10.633206367492676
document_000524.html,120,127,Manzoni,Q3982043,LOC,Q1064,Alessandro Manzoni,"```json { ""wikipedia_page"": ""Alessandro Manzoni"", ""wikidata_id"": ""Q1064"" } ```",15.969023704528809
document_000524.html,155,169,Regina di Saba,Q1314372,MISC,Q159888,Regina di Saba,"```json { ""wikipedia_page"": ""Regina di Saba"", ""wikidata_id"": ""Q159888"" } ```",10.83886432647705
document_000524.html,178,184,Borgia,Q685501,MISC,Q191103,Lucrezia Borgia,"```json { ""wikipedia_page"": ""Lucrezia Borgia"", ""wikidata_id"": ""Q191103"" } ```",11.49534797668457
document_000524.html,213,224,Bellincioni,Q289629,PER,Q425969,Bernardo Bellincioni,"```json { ""wikipedia_page"": ""Bernardo Bellincioni"", ""wikidata_id"": ""Q425969"" } ```",14.272074699401855
document_000525.html,2,13,Pletroburgo,Q656,LOC,Q5542,Plettenberg,"```json { ""wikipedia_page"": ""Plettenberg"", ""wikidata_id"": ""Q5542"" } ```",13.007647514343262
document_000525.html,60,68,Pogliani,NIL,PER,Q98529022,Giuseppe Pogliani,"```json { ""wikipedia_page"": ""Giuseppe Pogliani"", ""wikidata_id"": ""Q98529022"" } ```",32.468650817871094
document_000525.html,93,103,Lina Cerne,NIL,PER,Q3832547,Lina Gennari,"```json { ""wikipedia_page"": ""Lina Cerne"", ""wikidata_id"": ""Q3832547"" } ```",21.58673095703125
document_000525.html,137,146,Piontelli,NIL,PER,Q3767934,Giovanni Piancastelli,"```json { ""wikipedia_page"": ""Giovanni Piancastelli"", ""wikidata_id"": ""Q3767934"" } ```",19.251314163208008
document_000526.html,109,116,Favotti,NIL,PER,Q56308459,Fabio Favilli,"```json { ""wikipedia_page"": ""Fabio Favilli"", ""wikidata_id"": ""Q56308459"" } ```",17.638166427612305
document_000527.html,24,32,Crosmond,NIL,PER,Q23022179,,"```json { ""wikipedia_page"": ""Crosmond"", ""wikidata_id"": ""Q23022179"" } ```",13.957695960998535
document_000527.html,83,95,CoveniGarden,Q55018,LOC,Q55019,Covent Garden,"```json { ""wikipedia_page"": ""Covent Garden"", ""wikidata_id"": ""Q55019"" } ```",18.957324981689453
document_000528.html,80,85,Carpi,NIL,PER,Q3742889,Fernando Carpi,"```json { ""wikipedia_page"": ""Fernando Carpi"", ""wikidata_id"": ""Q3742889"" } ```",18.279481887817383
document_000529.html,4,13,Argentina,Q588377,LOC,Q414,Argentina,"```json { ""wikipedia_page"": ""Argentina"", ""wikidata_id"": ""Q414"" } ```",16.066720962524414
document_000529.html,93,98,Gnone,NIL,PER,Q66181,Grono,"```json { ""wikipedia_page"": ""Grono"", ""wikidata_id"": ""Q66181"" } ```",10.274832725524902
document_000530.html,51,56,Gomes,Q1635210,PER,Q263855,Antônio Carlos Gomes,"```json { ""wikipedia_page"": ""Antônio Carlos Gomes"", ""wikidata_id"": ""Q263855"" } ```",26.651098251342773
document_000530.html,92,101,Carmosina,NIL,MISC,Q105297413,Carmosina,"```json { ""wikipedia_page"": ""Carmosina"", ""wikidata_id"": ""Q105297413"" } ```",22.252147674560547
document_000530.html,131,145,Alfredo Zonghi,NIL,PER,Q3840270,Luigi Zonghi,"```json { ""wikipedia_page"": ""Alfredo Zonghi"", ""wikidata_id"": ""Q3840270"" } ```",37.36113357543945
document_000530.html,163,177,Tile barotlint,NIL,PER,Q527420,Tilly Losch,"```json { ""wikipedia_page"": ""Tilly Losch"", ""wikidata_id"": ""Q527420"" } ```",22.05204963684082
document_000532.html,52,70,Municipio di Fermo,NIL,LOC,Q13139,Fermo,"```json { ""wikipedia_page"": ""Fermo"", ""wikidata_id"": ""Q13139"" } ```",28.98272132873535
