doc_id,start_pos,end_pos,surface,gt_id,type,identifier,title,answer,score
hidden_test_fi_1,102,120,valta-kunnanduuman,Q844793,ORG,Q1649453,Venäjän keisarikunnan valtakunnanduuma,"```json { ""wikipedia_page"": ""Venäjän keisarikunnan valtakunnanduuma"", ""wikidata_id"": ""Q1649453"" } ```",8.783946990966797
hidden_test_fi_1,617,626,Roosevelt,Q33866,PER,NIL,Roosevelt,"```json { ""wikipedia_page"": ""NIL"", ""wikidata_id"": ""NIL"" } ```",0
hidden_test_fi_1,638,647,Venäjällä,Q34266,LOC,Q159,Venäjä,"```json { ""wikipedia_page"": ""Venäjä"", ""wikidata_id"": ""Q159"" } ``` However, considering the context of the text, it seems more likely that the reference refers to ""Venäjän sosialistinen federatiivinen neuvostotasavalta"" or ""Neuvosto-Venäjä"" which existed between 1918 and 1923, or ""Neuvostoliitto"" which existed between 1922 and 1991. However, since none of the provided candidates exactly match the context of the text, which seems to refer to the Russian Empire or the Russian Federation, I will select the most fitting option based on the available candidates, which is ""Venäjä"" (Q159). If none of the candidates match with high confidence, the correct answer would be: ```json { ""wikipedia_page"": ""NIL"", ""wikidata_id"": ""NIL"" } ```",20.777759552001953
hidden_test_fi_1,743,771,duu- man jäsenen Vostrotinin,NIL,PER,NIL,duu- man jäsenen Vostrotinin,"```json { ""wikipedia_page"": ""NIL"", ""wikidata_id"": ""NIL"" } ```",0
hidden_test_fi_1,781,789,Poincaré,Q191974,PER,Q191974,Raymond Poincaré,"```json { ""wikipedia_page"": ""Raymond Poincaré"", ""wikidata_id"": ""Q191974"" } ```",20.70476531982422
hidden_test_fi_1,790,801,Toulousesta,Q7880,LOC,Q7880,Toulouse,"```json { ""wikipedia_page"": ""Toulouse"", ""wikidata_id"": ""Q7880"" } ```",23.24056053161621
hidden_test_fi_1,851,859,Poincaré,Q191974,PER,Q191974,Raymond Poincaré,"```json { ""wikipedia_page"": ""Raymond Poincaré"", ""wikidata_id"": ""Q191974"" } ```",22.36163330078125
hidden_test_fi_1,1005,1012,Ranskan,Q70802,LOC,Q70802,Ranskan kolmas tasavalta,"```json { ""wikipedia_page"": ""Ranskan kolmas tasavalta"", ""wikidata_id"": ""Q70802"" } ```",15.471284866333008
hidden_test_fi_1,1167,1175,Rans-kan,Q70802,LOC,Q7778,Ranskan historia,"```json { ""wikipedia_page"": ""Ranskan historia"", ""wikidata_id"": ""Q7778"" } ``` However, after re-evaluating the input text, I noticed that the most relevant entity is ""Ranska"" (France), but since the list of candidates does not include a separate entry for ""France"", I chose the next most relevant option, which is ""Ranskan historia"" (History of France) from the list. However, since this is not a precise match for the entity in the text, and given that ""Ranska"" is not listed, I will return a response with the next best available option from the list which is slightly related to the context. However, a better approach would be to return `NIL` as the Wikidata ID since none of the candidates directly match the entity tagged with [ENT]. ```json { ""wikidata_id"": ""NIL"" } ```",10.394996643066406
hidden_test_fi_1,1367,1377,Pietarissa,Q656,LOC,Q8479,Pietari Suuri,"```json { ""wikipedia_page"": ""Pietari Suuri"", ""wikidata_id"": ""Q8479"" } ```",15.695160865783691
hidden_test_fi_1,1407,1462,Moskovan yliopiston yksityisdo-sentti P. M. Golovatshev,NIL,PER,NIL,Moskovan yliopiston yksityisdo-sentti P. M. Golovatshev,"```json { ""wikipedia_page"": ""NIL"", ""wikidata_id"": ""NIL"" } ```",0
hidden_test_fi_1,1564,1575,Newyorkista,Q60,LOC,Q60,New York,"```json { ""wikipedia_page"": ""New York"", ""wikidata_id"": ""Q60"" } ```",25.4447078704834
hidden_test_fi_1,1589,1600,Rooseveltin,Q33866,PER,NIL,Rooseveltin,"```json { ""wikipedia_page"": ""NIL"", ""wikidata_id"": ""NIL"" } ```",0
hidden_test_fi_1,1647,1658,Rooseveltia,Q33866,PER,NIL,Rooseveltia,"```json { ""wikipedia_page"": ""NIL"", ""wikidata_id"": ""NIL"" } ```",0
hidden_test_fi_1,1682,1693,Englannissa,Q21,LOC,NIL,Englannissa,"```json { ""wikipedia_page"": ""NIL"", ""wikidata_id"": ""NIL"" } ```",0
hidden_test_fi_1,1694,1702,Saksassa,Q43287,LOC,Q159,Venäjä,"```json { ""wikipedia_page"": ""Venäjä"", ""wikidata_id"": ""Q159"" } ``` However, since none of the candidates directly match the context of [ENT] referring to a country that Roosevelt would visit, and given the broader context of the text mentioning other countries like England, Saksassa, and Venäjällä, it seems more likely that the correct disambiguation should focus on the country where Roosevelt would visit. In this case, since the text seems to be about international politics and the context around a visit to several countries, the best candidate is not among the provided list but Venäjä, as it fits the context of visiting countries like England and Saksassa mentioned earlier in the text. However, since Venäjä is not the most direct match from the provided list, and none of the other candidates directly relate to visiting countries as the main topic, I must default to the instruction to choose a value when highly confident or use ""NIL"" otherwise. Since the direct match is not available and Venäjä seems the most related to the context of international visits, I will select it, but please note that in a typical scenario, if Venäjä wasn't an",13.338385581970215
hidden_test_fi_1,1706,1715,Venäjällä,Q34266,LOC,Q159,Venäjä,"```json { ""wikipedia_page"": ""Venäjä"", ""wikidata_id"": ""Q159"" } ```",19.52863883972168
hidden_test_fi_1,1725,1739,San Franciscon,NIL,LOC,Q62,San Francisco,"```json { ""wikipedia_page"": ""San Francisco"", ""wikidata_id"": ""Q62"" } ```",23.248706817626953
hidden_test_fi_1,1759,1768,Roosevelt,Q33866,PER,NIL,Roosevelt,"```json { ""wikipedia_page"": """", ""wikidata_id"": ""NIL"" } ```",0
hidden_test_fi_1,1839,1867,Yhdysvaltain „Kupari-alueen“,Q387163,LOC,Q503577,Yhdysvaltain kauppaministeriö,"```json { ""wikipedia_page"": ""Yhdysvaltain kauppaministeriö"", ""wikidata_id"": ""Q503577"" } ``` However, after re-evaluating the text, I would like to provide another possible answer: ```json { ""wikipedia_page"": ""Yhdysvaltain työministeriö"", ""wikidata_id"": ""Q628807"" } ``` Or, considering the context of the text, another possible answer could be: ```json { ""wikipedia_page"": ""Yhdysvaltain hallitus"", ""wikidata_id"": ""Q220296"" } ``` But none of the candidates in the list directly match the context of the text. Therefore, I would also consider: ```json { ""wikipedia_page"": ""NIL"", ""wikidata_id"": ""NIL"" } ```",12.525779724121094
hidden_test_fi_1,1887,1899,Kuparisaaren,Q5168740,LOC,Q5168740,Kuparisaari,"```json { ""wikipedia_page"": ""Kuparisaari"", ""wikidata_id"": ""Q5168740"" } ```",17.429279327392578
hidden_test_fi_1,2048,2077,We-stern Federation of Miners,Q7987830,ORG,Q861042,Western Union,"```json { ""wikipedia_page"": ""Western Union"", ""wikidata_id"": ""Q861042"" } ```",13.507803916931152
hidden_test_fi_1,2097,2111,Kuparialueella,Q387163,LOC,Q5168740,Kuparisaari,"```json { ""wikipedia_page"": ""Kuparisaari"", ""wikidata_id"": ""Q5168740"" } ```",16.00477409362793
hidden_test_fi_1,2395,2411,Calumet & Heclan,Q5024102,ORG,Q5024063,Calumet & Hecla Band,"```json { ""wikipedia_page"": ""Calumet & Hecla"", ""wikidata_id"": ""Q5024063"" } ```",9.144261360168457
hidden_test_fi_1,2869,2883,Saksi-Weimarin,Q315667,LOC,Q168674,Sophie van Wurtemberg,"```json { ""wikipedia_page"": ""Saksi-Weimarin prinsessa Sofia"", ""wikidata_id"": ""Q168674"" } ```",14.284932136535645
hidden_test_fi_1,2909,2923,Heidelbergissä,Q2966,LOC,Q2966,Heidelberg,"```json { ""wikipedia_page"": ""Heidelberg"", ""wikidata_id"": ""Q2966"" } ```",24.734472274780273
hidden_test_fi_1,2960,2989,Saksi-Weimarinprinsessa Sofia,Q7244832,PER,Q241254,Sofia av Sverige,"```json { ""wikipedia_page"": ""Sofia av Sverige"", ""wikidata_id"": ""Q241254"" } ```",22.234813690185547
hidden_test_fi_1,3239,3287,berliniläisen Bleichröder-nimisen finanssimiehen,Q55848545,PER,NIL,berliniläisen Bleichröder-nimisen finanssimiehen,"```json { ""wikipedia_page"": ""Saksi-Weimarin prinsessa Sofia"", ""wikidata_id"": ""Q22179"" } ```",0
hidden_test_fi_1,3389,3397,Weimarin,Q3955,LOC,Q41304,Weimarin tasavalta,"```json { ""wikipedia_page"": ""Weimarin tasavalta"", ""wikidata_id"": ""Q41304"" } ``` However, after analyzing the text, I think the most appropriate entity is actually **Weimar** as the city where the event took place, not the Weimar Republic. But since the provided list of candidates includes both ""Weimar"" (as a city) and ""Weimarin tasavalta"" (Weimar Republic), I am returning the Wikidata ID of the Weimar Republic as it is more likely the context of the event. If none of the candidates match with high confidence the entity tagged with [ENT], the Wikidata ID should be set to ""NIL"". However, in this case, I can clearly disambiguate the reference, so the value of the ""wikidata_id"" key is not ""NIL"". However, considering the context and the list of candidates, I think a more appropriate answer would be: ```json { ""wikipedia_page"": ""Weimar"", ""wikidata_id"": ""Q3955"" } ```",15.53858470916748
hidden_test_fi_1,3490,3503,Bleichröderin,Q55848545,PER,Q1465740,,"```json { ""wikipedia_page"": ""Sofia of Saxe-Coburg and Gotha"", ""wikidata_id"": ""Q1465740"" } ```",17.612842559814453
hidden_test_fi_1,3650,3660,Berlinistä,Q64,LOC,NIL,Berlinistä,"```json { ""wikipedia_page"": ""Weimar"", ""wikidata_id"": ""Q7938"" } ```",0
hidden_test_fi_1,3676,3692,Na-tionalzeitung,NIL,PROD,Q2007134,,"```json { ""wikipedia_page"": ""Saksi-Weimarin prinsessa Sofia"", ""wikidata_id"": ""Q2007134"" } ```",17.197969436645508
hidden_test_fi_1,3707,3737,Saksi-Weimarin prinsessa Sofia,Q7244832,PER,Q241254,Sofia av Sverige,"```json { ""wikipedia_page"": ""Sofia av Sverige"", ""wikidata_id"": ""Q241254"" } ```",20.765605926513672
hidden_test_fi_1,3980,3998,Berliner Tageblatt,Q455014,PROD,NIL,Berliner Tageblatt,"```json {""wikipedia_page"": ""Bleichröder"", ""wikidata_id"": ""Q455013""} ```",0
hidden_test_fi_1,4053,4067,Heidelbergissä,Q2966,LOC,Q2966,Heidelberg,"```json { ""wikipedia_page"": ""Heidelberg"", ""wikidata_id"": ""Q2966"" } ```",27.255218505859375
hidden_test_fi_1,4099,4109,Wei-mariin,Q3955,LOC,Q3955,Weimar,"```json { ""wikidata_id"": ""NIL"", ""wikipedia_page"": """" } ``` However, after reviewing the text and the list of candidates, I can propose a more accurate disambiguation: The text mentions ""[ENT] Weimar [ENT]"". Weimar is a city in Thuringia, Germany. According to the list of candidates, there is a city named ""Weimar"" with Wikidata ID ""Q3955"" and Wikipedia page title ""Weimar"". So, the correct answer is: ```json { ""wikidata_id"": ""Q3955"", ""wikipedia_page"": ""Weimar"" } ```",21.12015724182129
hidden_test_fi_1,4380,4412,miljonääri Hans vonBleichröderin,Q55848545,PER,Q1075912,miljonääri,"```json { ""wikipedia_page"": ""Miljonääri"", ""wikidata_id"": ""Q1075912"" } ```",16.945037841796875
hidden_test_fi_1,4511,4524,Paul Sabatier,Q104575,PER,Q104575,Paul Sabatier,"```json { ""wikipedia_page"": ""Paul Sabatier"", ""wikidata_id"": ""Q104575"" } ```",26.06829071044922
hidden_test_fi_1,4531,4540,Toulousen,Q7880,LOC,NIL,Toulousen,"```json { ""wikipedia_page"": ""Paul Sabatier (kemisti)"", ""wikidata_id"": ""Q164787"" } ```",0
hidden_test_fi_1,4613,4697,"yliopiston professorin,Nobelin viimevuotisen kemianpalkin-non saajan Paul Sabatier’n",Q104575,PER,Q104575,Paul Sabatier,"```json { ""wikipedia_page"": ""Paul Sabatier"", ""wikidata_id"": ""Q104575"" } ```",15.037687301635742
hidden_test_fi_1,4710,4730,Presidentti Poincaré,Q191974,PER,Q191974,Raymond Poincaré,"```json { ""wikipedia_page"": ""Raymond Poincaré"", ""wikidata_id"": ""Q191974"" } ```",19.450685501098633
hidden_test_fi_1,4759,4768,Toulousea,Q7880,LOC,Q7880,Toulouse,"```json { ""wikipedia_page"": ""Toulouse"", ""wikidata_id"": ""Q7880"" } ```",22.86128807067871
hidden_test_fi_1,4877,4896,prof. Saba-tier’lle,Q104575,PER,Q104575,Paul Sabatier,"```json { ""wikipedia_page"": ""Paul Sabatier"", ""wikidata_id"": ""Q104575"" } ```",19.1950740814209
hidden_test_fi_1,4910,4918,Poincaré,Q191974,PER,Q81082,Henri Poincaré,"```json { ""wikipedia_page"": ""Henri Poincaré"", ""wikidata_id"": ""Q81082"" } ```",21.89718246459961
hidden_test_fi_2,29,45,Helsingin pörssi,Q581755,ORG,Q581755,Helsingin pörssi,"```json { ""wikipedia_page"": ""Helsingin pörssi"", ""wikidata_id"": ""Q581755"" } ```",32.79808807373047
hidden_test_fi_2,46,62,Arvopaperipörssi,Q581755,ORG,Q581755,Helsingin pörssi,"```json { ""wikipedia_page"": ""Helsingin pörssi"", ""wikidata_id"": ""Q581755"" } ```",23.31022834777832
hidden_test_fi_2,83,97,Pörssikomitean,NIL,ORG,Q581755,Helsingin pörssi,"```json { ""wikipedia_page"": ""Helsingin pörssi"", ""wikidata_id"": ""Q581755"" } ```",21.859878540039062
hidden_test_fi_2,132,148,arvopaperipörssi,Q581755,ORG,Q581755,Helsingin pörssi,"```json { ""wikipedia_page"": ""Helsingin pörssi"", ""wikidata_id"": ""Q581755"" } ```",26.751117706298828
hidden_test_fi_2,183,201,arvo-paperipörssiä,NIL,ORG,Q581755,Helsingin pörssi,"```json { ""wikipedia_page"": ""Helsingin pörssi"", ""wikidata_id"": ""Q581755"" } ```",20.890108108520508
hidden_test_fi_2,267,295,MerivakuutusosakeyhtiöTriton,NIL,ORG,Q97198894,Merivakuutus Oy Triton,"```json { ""wikipedia_page"": ""Merivakuutus Oy Triton"", ""wikidata_id"": ""Q97198894"" } ```",23.950424194335938
hidden_test_fi_2,351,380,merivakuutus-osakeyhtiöTriton,NIL,ORG,Q97198894,Merivakuutus Oy Triton,"```json { ""wikipedia_page"": ""Merivakuutus Oy Triton"", ""wikidata_id"": ""Q97198894"" } ```",22.256975173950195
hidden_test_fi_2,548,554,Triton,NIL,ORG,Q97198894,Merivakuutus Oy Triton,"```json { ""wikipedia_page"": ""Merivakuutus Oy Triton"", ""wikidata_id"": ""Q97198894"" } ```",16.16847801208496
hidden_test_fi_2,645,653,Tritonin,NIL,ORG,Q97198894,Merivakuutus Oy Triton,"```json { ""wikipedia_page"": ""Merivakuutus Oy Triton"", ""wikidata_id"": ""Q97198894"" } ```",17.742534637451172
hidden_test_fi_2,1322,1328,Triton,NIL,ORG,Q97198894,Merivakuutus Oy Triton,"```json { ""wikipedia_page"": ""Merivakuutus Oy Triton"", ""wikidata_id"": ""Q97198894"" } ```",18.575769424438477
hidden_test_fi_2,1545,1551,Triton,NIL,ORG,Q97198894,Merivakuutus Oy Triton,"```json { ""wikipedia_page"": ""Merivakuutus Oy Triton"", ""wikidata_id"": ""Q97198894"" } ```",17.92281723022461
hidden_test_fi_2,1825,1853,kauppaneuvosVictor Forselius,Q17380259,PER,Q1269192,kauppaneuvos,"``` { ""wikipedia_page"": ""Kauppaneuvos"", ""wikidata_id"": ""Q1269192"" } ``` However, after reevaluating the context of the input text, I noticed that the correct disambiguation would be Victor Forselius, not the general title ""Kauppaneuvos"". ``` { ""wikipedia_page"": ""Victor Forselius"", ""wikidata_id"": ""Q17380259"" } ``` This selection is made with high confidence based on the context provided in the input text.",20.265050888061523
hidden_test_fi_2,1866,1889,merikapt.G. E. Mattsson,Q17382504,PER,NIL,merikapt.G. E. Mattsson,"```json { ""wikipedia_page"": """", ""wikidata_id"": ""NIL"" } ```",0
hidden_test_fi_2,1893,1920,kauppaneuvos C. F.Junnelius,NIL,PER,Q11854981,Carl Fr. Junnelius,"```json { ""wikipedia_page"": ""Carl Fr. Junnelius"", ""wikidata_id"": ""Q11854981"" } ```",23.51113510131836
hidden_test_fi_2,1922,1947,Kauppaneuvos Forseliuksen,Q17380259,PER,Q17380259,Victor Forselius,"```json { ""wikipedia_page"": ""Victor Forselius"", ""wikidata_id"": ""Q17380259"" } ```",18.821277618408203
hidden_test_fi_2,1973,1992,kapt. G. E.Mattsson,Q17382504,PER,Q17382504,Gustaf Edvard Mattson,"```json { ""wikipedia_page"": ""Gustaf Edvard Mattson"", ""wikidata_id"": ""Q17382504"" } ```",23.054542541503906
hidden_test_fi_2,2114,2136,konsuli Alfr.Jacobsson,Q5404771,PER,Q5404771,Alfred Jacobsson,"```json { ""wikipedia_page"": ""Alfr. Jacobsson"", ""wikidata_id"": ""Q5404771"" } ```",15.563507080078125
hidden_test_fi_2,2149,2168,kaupp. C. M.Sjöblom,NIL,PER,Q11870611,Kauppaporvari,"```json { ""wikipedia_page"": ""Kauppaporvari"", ""wikidata_id"": ""Q11870611"" } ```",13.820846557617188
hidden_test_fi_2,2172,2202,vakuutusjoht. Lennart Törn-udd,NIL,PER,Q97198894,Merivakuutus Oy Triton,"```json {""wikipedia_page"": ""Merivakuutus Oy Triton"", ""wikidata_id"": ""Q97198894""} ```",16.32741928100586
hidden_test_fi_2,2222,2245,merikapt. JohnTengström,NIL,PER,Q5399287,Johan Robert Tengström,"```json { ""wikipedia_page"": ""Johan Robert Tengström"", ""wikidata_id"": ""Q5399287"" } ```",15.386857032775879
hidden_test_fi_2,2247,2271,varat. Herman Henriksson,NIL,PER,NIL,varat. Herman Henriksson,"```json { ""wikipedia_page"": """", ""wikidata_id"": ""NIL"" } ```",0
hidden_test_fi_2,2274,2296,tehtailija Edv. Åström,Q6256041,PER,Q6256041,Edvard Åström,"```json { ""wikipedia_page"": ""Edvard Åström"", ""wikidata_id"": ""Q6256041"" } ```",15.571858406066895
hidden_test_fi_2,2390,2406,hra Alex.Törnudd,NIL,PER,NIL,hra Alex.Törnudd,"```json { ""wikipedia_page"": """", ""wikidata_id"": ""NIL"" } ```",0
hidden_test_fi_2,2453,2472,hra Harry Wege-lius,Q11861659,PER,Q11861659,Harry Wegelius,"```json { ""wikipedia_page"": ""Harry Wegelius"", ""wikidata_id"": ""Q11861659"" } ```",14.643710136413574
hidden_test_fi_2,2487,2512,Suomen Meijeriyhdistyksen,NIL,ORG,Q11881980,Meijerialan Ammattilaiset MVL,"```json { ""wikipedia_page"": ""Meijerialan Ammattilaiset MVL"", ""wikidata_id"": ""Q11881980"" } ```",27.444625854492188
hidden_test_fi_2,2525,2541,Suurbritanniassa,Q145,LOC,Q23666,Iso-Britannia,"```json {""wikipedia_page"": ""Iso-Britannia"", ""wikidata_id"": ""Q23666""} ```",20.46757698059082
hidden_test_fi_2,2542,2556,Manchesterissa,Q18125,LOC,Q18125,Manchester,"```json { ""wikipedia_page"": ""Manchester"", ""wikidata_id"": ""Q18125"" } ```",23.353618621826172
hidden_test_fi_2,2982,2996,Manchesterissa,Q18125,LOC,Q18125,Manchester,"```json { ""wikipedia_page"": ""Manchester"", ""wikidata_id"": ""Q18125"" } ```",24.186124801635742
hidden_test_fi_2,3215,3253,Manchesterin tukkukauppiasyhdistyk-sen,NIL,ORG,Q18125,Manchester,"```json { ""wikipedia_page"": ""Manchester"", ""wikidata_id"": ""Q18125"" } ```",18.04720115661621
hidden_test_fi_2,3447,3458,Englannissa,Q21,LOC,NIL,Englannissa,"```json { ""wikipedia_page"": ""NIL"", ""wikidata_id"": ""NIL"" } ```",0
hidden_test_fi_2,3464,3472,Saksassa,Q43287,LOC,NIL,Saksassa,"```json { ""wikipedia_page"": ""NIL"", ""wikidata_id"": ""NIL"" } ```",0
hidden_test_fi_2,4282,4291,Tanskassa,Q35,LOC,Q35,Tanska,"```json { ""wikipedia_page"": ""Tanska"", ""wikidata_id"": ""Q35"" } ```",22.209341049194336
hidden_test_fi_2,4362,4372,Irlannissa,Q22890,LOC,NIL,Irlannissa,"```json { ""wikipedia_page"": ""NIL"", ""wikidata_id"": ""NIL"" } ```",0
hidden_test_fi_2,4555,4570,Alex von Becker,NIL,PER,Q107018411,Alexander von Becker,"```json { ""wikipedia_page"": ""Alexander von Becker"", ""wikidata_id"": ""Q107018411"" } ```",27.20917510986328
hidden_test_fi_2,4593,4609,Viipurinläänissä,Q1144791,ORG,Q1144791,Viipurin lääni,"```json { ""wikipedia_page"": ""Viipurin lääni"", ""wikidata_id"": ""Q1144791"" } ```",26.973430633544922
hidden_test_fi_2,4628,4642,Viipurinläänin,Q1144791,ORG,Q1144791,Viipurin lääni,"```json { ""wikipedia_page"": ""Viipurin lääni"", ""wikidata_id"": ""Q1144791"" } ```",25.209745407104492
hidden_test_fi_2,4821,4838,Viipurin läänissä,Q1144791,ORG,Q1144791,Viipurin lääni,"```json { ""wikipedia_page"": ""Viipurin lääni"", ""wikidata_id"": ""Q1144791"" } ```",30.830228805541992
hidden_test_fi_2,4850,4858,Suomessa,Q62633,LOC,Q62633,Suomen suuriruhtinaskunta,"```json { ""wikipedia_page"": ""Suomen suuriruhtinaskunta"", ""wikidata_id"": ""Q62633"" } ``` However, since none of the candidates exactly match the context provided in the text, I would like to suggest an alternative approach. A more appropriate selection would be: ```json { ""wikipedia_page"": ""Suomi"", ""wikidata_id"": ""Q33"" } ``` But, considering the context of the text, which mentions agricultural issues and prices, a better fit would actually be: ```json { ""wikipedia_page"": ""Suomen maatalous"", ""wikidata_id"": ""Q2382065"" } ``` However, considering the high confidence requirement, I will stick with the first suggestion as it is the most closely related to the context of historical texts about Finland during 1915. But, in accordance with the rules, if none of the candidates match with high confidence, the correct answer should be: ```json { ""wikidata_id"": ""NIL"" } ``` Given this context, none of the candidates match perfectly with high confidence, but based on the closest relation to the text's subject, I will choose one",16.67129898071289
hidden_test_fi_2,4933,4941,Viipurin,Q14657,LOC,Q1144791,Viipurin lääni,"```json { ""wikipedia_page"": ""Viipurin lääni"", ""wikidata_id"": ""Q1144791"" } ``` However, upon closer inspection of the text and the list of candidates, it appears that the text mentions the [ENT] ""Viipurin"" in the context of the city of Vyborg and its surrounding area, rather than the Viipurin lääni (Viipurin province). Therefore, a more suitable choice would be: ```json { ""wikipedia_page"": ""Viipuri"", ""wikidata_id"": ""Q14657"" } ```",18.203323364257812
hidden_test_fi_2,5032,5041,Venäjällä,Q34266,LOC,NIL,Venäjällä,"```json { ""wikipedia_page"": ""NIL"", ""wikidata_id"": ""NIL"" } ```",0
hidden_test_fi_2,5115,5123,Viipurin,Q14657,LOC,Q14657,Viipuri,"```json { ""wikipedia_page"": ""Viipuri"", ""wikidata_id"": ""Q14657"" } ```",25.64722442626953
hidden_test_fi_3,835,869,senaatinkanslisti Brynolf Jalasmaa,NIL,PER,Q1881775,Suomen senaatti,"```json { ""wikipedia_page"": ""Suomen senaatti"", ""wikidata_id"": ""Q1881775"" } ```",21.093196868896484
hidden_test_fi_3,875,899,va-ratuomarit Rob. Näkki,NIL,PER,Q108887962,vänrikki,"```json { ""wikipedia_page"": ""Näkki (sotilasarvo)"", ""wikidata_id"": ""Q108887962"" } ``` However, if none of the candidates match with high confidence the entity tagged with [ENT], the correct answer would be: ```json { ""wikidata_id"": ""NIL"" } ```",12.00191593170166
hidden_test_fi_3,901,917,Harry Nik-lander,NIL,PER,NIL,Harry Nik-lander,"```json { ""wikipedia_page"": ""NIL"", ""wikidata_id"": ""NIL"" } ```",0
hidden_test_fi_3,919,933,K. K. Järvinen,NIL,PER,Q5895555,Kyösti Järvinen,"```json { ""wikipedia_page"": ""Kyösti Järvinen (1869-03-31)"", ""wikidata_id"": ""Q5895555"" } ```",26.664875030517578
hidden_test_fi_3,937,950,Bror Carl-son,NIL,PER,Q109929513,,"```json { ""wikipedia_page"": ""Brynolf Jalasmaa"", ""wikidata_id"": ""Q109929513"" } ```",20.92349624633789
hidden_test_fi_3,1360,1409,Tuomarniemenmetsänvartijakoulun johtaja ArvidBorg,Q24287904,PER,Q20250564,Tuomarniemen metsäoppilaitos,"```json { ""wikipedia_page"": ""Tuomarniemen metsäoppilaitos"", ""wikidata_id"": ""Q20250564"" } ```",19.12252426147461
hidden_test_fi_3,1462,1492,metsänarvoste-lija S. U. Linko,NIL,PER,NIL,metsänarvoste-lija S. U. Linko,"```json { ""wikipedia_page"": ""metsänhoitaja"", ""wikidata_id"": ""Q11748134"" } ``` However, after reevaluating the context of the text, the most appropriate entity is actually not a Wikidata entity for ""metsänhoitaja"" (metsänhoitaja is a job title), but rather ""Metsänarvostelija"". From the list of candidates, none directly match ""Metsänarvostelija"" but the closest match is not available in the candidates. However, since ""S. U. Linko"" is mentioned as the person holding the ""[ENT]"" role, we can infer that the correct answer should be one of the job titles related to forestry. Yet, upon closer inspection, the correct answer is not directly available in the list of candidates. However, a more accurate interpretation would be that the correct answer is not exactly listed. Given the context, a more likely interpretation is that the correct answer is not directly listed but is closely related to the field of forestry. Since none of the candidates directly match the context and considering the instruction to return a ""NIL"" value if none of the candidates match with high confidence, the most appropriate response",0
hidden_test_fi_3,1989,1995,Suomen,Q33,LOC,Q8095230,Suomen kansalaisuus,"```json { ""wikipedia_page"": ""Suomen kansalaisuus"", ""wikidata_id"": ""Q8095230"" } ``` However, based on the context provided by the input text, a more appropriate disambiguation would be: ```json { ""wikipedia_page"": ""Kansalaisuus"", ""wikidata_id"": ""Q1727995"" } ``` But since a more specific candidate from the list is available and more relevant to the context: ```json { ""wikipedia_page"": ""Suomen kansalaisiksi"", ""wikidata_id"": ""NIL"" } ``` Or, if we were to select from the provided list: ```json { ""wikipedia_page"": ""suomalaiset"", ""wikidata_id"": ""Q170284"" } ``` However, the most accurate and contextually appropriate answer from the provided list of candidates is: ```json { ""wikipedia_page"": ""Suomi"", ""wikidata_id"": ""Q33"" } ``` But considering that the context is about the citizenship process and the text mentions citizens being granted Finnish citizenship, a more suitable answer would be based on the process of",16.788850784301758
hidden_test_fi_3,2031,2038,Venäjän,Q159,LOC,Q33,Suomi,"```json { ""wikipedia_page"": ""Suomi"", ""wikidata_id"": ""Q33"" } ```",14.83671760559082
hidden_test_fi_3,2062,2086,eversti Ivan Timirjaseff,NIL,PER,NIL,eversti Ivan Timirjaseff,"```json { ""wikipedia_page"": ""NIL"", ""wikidata_id"": ""NIL"" } ```",0
hidden_test_fi_3,2088,2118,liikemies Alek-sander Maximoff,NIL,PER,NIL,liikemies Alek-sander Maximoff,"```json { ""wikipedia_page"": """", ""wikidata_id"": ""NIL"" } ```",0
hidden_test_fi_3,2137,2166,kahvilanomistaja Mikail Kreso,NIL,PER,Q11884488,Nikolai Kiseleff,"```json { ""wikipedia_page"": ""Nikolai Kiseleff"", ""wikidata_id"": ""Q11884488"" } ```",12.347591400146484
hidden_test_fi_3,2168,2198,leskirou-va Jekaterina Vtorova,NIL,PER,NIL,leskirou-va Jekaterina Vtorova,"```json { ""wikipedia_page"": ""NIL"", ""wikidata_id"": ""NIL"" } ```",0
hidden_test_fi_3,2200,2223,renki Vasili Ak-sionoff,NIL,PER,NIL,renki Vasili Ak-sionoff,"```json { ""wikipedia_page"": ""NIL"", ""wikidata_id"": ""NIL"" } ``` However, after re-examining the input text and the list of candidates, I noticed that the names mentioned between the [ENT] tags do not match any of the provided candidates. Therefore, I have selected the ""NIL"" option as the correct answer. To disambiguate the entities mentioned between the [ENT] tags, I performed the following steps: 1. **Tokenization**: Split the input text into individual words or phrases. 2. **Named Entity Recognition (NER)**: Identify potential named entities in the text. 3. **Part-of-Speech (POS) Tagging**: Determine the grammatical category of each word. 4. **Context Analysis**: Analyze the context surrounding the [ENT] tags to determine the most likely entity. 5. **Candidate Evaluation**: Compare the analyzed entity with the provided list of candidates. However, none of the candidates match the names mentioned between the [ENT] tags. Therefore, I have selected the ""NIL"" option. If the text contained more context or specific details about the individuals, a more accurate disambiguation might be possible. To increase the accuracy of disambiguation",0
hidden_test_fi_3,2225,2260,kauppa-apulainen Vasili Veden-skoff,NIL,PER,NIL,kauppa-apulainen Vasili Veden-skoff,"```json { ""wikipedia_page"": ""Suomen kansalaisiksi otetut"", ""wikidata_id"": ""Q11933924"" } ``` However, given that the list of candidates does not include any direct references to the individuals mentioned in the text, I have selected the Wikidata entry for ""Suomen kansalaisiksi otetut"" which is the title of a table in the article listing the individuals granted Finnish citizenship. But since none of the provided candidates directly match the entities tagged with [ENT] in the text, and there's no clear match in the list, I would actually use the ""NIL"" value instead. ```json { ""wikidata_id"": ""NIL"" } ```",0
hidden_test_fi_3,2280,2314,hotellihovimes-tari Konstantin Lis,NIL,PER,Q926490,Michail Nikolajewitsch de Giers,"```json { ""wikipedia_page"": ""Michail Nikolajewitsch de Giers"", ""wikidata_id"": ""Q926490"" } ```",14.492040634155273
hidden_test_fi_3,2316,2340,ulkotyöntekijä JulianLis,NIL,PER,Q1713896,Juri Lysjanskyi,"```json { ""wikipedia_page"": ""Juri Lysjanskyi"", ""wikidata_id"": ""Q1713896"" } ```",11.722952842712402
hidden_test_fi_3,2342,2370,palvelijatar Alina Jürgenson,NIL,PER,NIL,palvelijatar Alina Jürgenson,"```json { ""wikipedia_page"": ""NIL"", ""wikidata_id"": ""NIL"" } ```",0
hidden_test_fi_3,2372,2401,proku-risti Georg Heinrichsen,NIL,PER,NIL,proku-risti Georg Heinrichsen,"```json { ""wikipedia_page"": ""NIL"", ""wikidata_id"": ""NIL"" } ```",0
hidden_test_fi_3,2403,2431,insinöörinleskiHilda Shapiro,NIL,PER,NIL,insinöörinleskiHilda Shapiro,"```json { ""wikipedia_page"": """", ""wikidata_id"": ""NIL"" } ```",0
hidden_test_fi_3,2433,2455,räätäli Edvard Behrsin,NIL,PER,Q242468,vaatturi,"```json { ""wikipedia_page"": ""vaatturi"", ""wikidata_id"": ""Q242468"" } ```",15.616350173950195
hidden_test_fi_3,2456,2486,sekatyöntekijä Feodor Semenoff,NIL,PER,Q5494351,sekatyömies,"```json { ""wikipedia_page"": ""sekatyömies"", ""wikidata_id"": ""Q5494351"" } ```",14.047863960266113
hidden_test_fi_3,2488,2511,räätäliNikolai Knjaseff,NIL,PER,Q242468,vaatturi,"```json { ""wikipedia_page"": ""vaatturi"", ""wikidata_id"": ""Q242468"" } ```",14.609779357910156
hidden_test_fi_3,2513,2543,lakintekijä AleksanderKrjukoff,NIL,PER,NIL,lakintekijä AleksanderKrjukoff,"```json { ""wikidata_id"": ""NIL"", ""wikipedia_page"": """" } ```",0
hidden_test_fi_3,2545,2577,kauppa-apulainen Dimitri Sho-lin,NIL,PER,Q215536,kauppias,"```json { ""wikipedia_page"": ""kauppias"", ""wikidata_id"": ""Q215536"" } ```",14.379974365234375
hidden_test_fi_3,2579,2607,kirjansitoja Johannes Arokas,NIL,PER,Q5398785,kirjatyöntekijä,"```json { ""wikipedia_page"": ""kirjatyöntekijä"", ""wikidata_id"": ""Q5398785"" } ``` However, considering the context of the input text, it seems more likely that the entity between the [ENT] tags is Johannes Arokas. Although he is not listed in the candidates, given the lack of high confidence matches and the need to select from the provided list, I must adhere to the instruction to use the ""NIL"" value if none of the candidates match with high confidence. However, since I have to choose from the list and Johannes Arokas is not in it, I will choose a closest match from the list which is ""kirjatyöntekijä"" or a more appropriate choice if available. But since there is no clear choice from the list that matches high confidence with the text context, I will choose the closest match which is ""kirjatyöntekijä"" as I cannot select a Wikidata ID directly from the text. However, upon a second thought, I should actually choose ""NIL"" as the closest match isn't available and I am not to create one. So, the correct answer is: ```json { """,12.894888877868652
hidden_test_fi_3,2609,2648,kaup-pa-apulainen August Karl Cederbaum,NIL,PER,NIL,kaup-pa-apulainen August Karl Cederbaum,"```json { ""wikipedia_page"": ""NIL"", ""wikidata_id"": ""NIL"" } ``` Since none of the candidates match with high confidence the entity mentioned between the [ENT] tags, the value of the ""wikidata_id"" key is set to ""NIL"".",0
hidden_test_fi_3,2649,2681,vasuntekijä Dimitri Podshivaloff,NIL,PER,Q20979382,Denis Shapovalov,"```json { ""wikipedia_page"": ""Podshivalow"", ""wikidata_id"": ""Q20979382"" } ``` However, given the context, the correct answer should be: ```json { ""wikipedia_page"": ""Anatoli Nikolajewitsch Podschiwalow"", ""wikidata_id"": ""Q20979382"" } ``` However, since ""Anatoli Nikolajewitsch Podschiwalow"" is not in the provided list of candidates, the most suitable option from the list is: ```json { ""wikipedia_page"": ""Denis Shapovalov"", ""wikidata_id"": ""Q20979382"" } ``` But since none of the provided names exactly match with high confidence, and given that ""Podschivalow"" is the closest surname in context, the best answer from the provided list of candidates is: ```json { ""wikidata_id"": ""Q12143039"" } ``` However, the best answer based on the context is: Since none of the candidates match with high confidence, return ""NIL"": ```json { ""wikidata_id"": ""NIL"" } ``` But, considering the closest match",10.817071914672852
hidden_test_fi_3,2683,2710,kaup-pias Aleksander Osokin,NIL,PER,NIL,kaup-pias Aleksander Osokin,"```json { ""wikipedia_page"": """", ""wikidata_id"": ""NIL"" } ```",0
hidden_test_fi_3,2712,2742,maalari RichardAleksander Espo,NIL,PER,Q4405219,Alpo Sailo,"```json { ""wikipedia_page"": ""Amos Anderson"", ""wikidata_id"": ""Q4405219"" } ``` However, after reviewing the input text and the list of candidates, I realized that the name ""Espo"" is likely referring to Richard Wilhelm Espo (also known as Richard Aleksander Espo in some sources) who was a Finnish painter, and not Amos Anderson who was a Finnish businessman and collector. Therefore, a more accurate answer would be: ```json { ""wikipedia_page"": ""Richard Wilhelm Espo"", ""wikidata_id"": ""Q57131447"" } However, the provided list of candidates does not include Richard Wilhelm Espo. Since none of the candidates match with high confidence, I will return the string ""NIL"" as the value of the ""wikidata_id"" key and the Wikipedia page title of the best matching candidate: ```json { ""wikipedia_page"": ""Amos Anderson"", ""wikidata_id"": ""NIL"" } ``` But considering the most accurate answer based on the text, the correct response should be: ```json { ""wikipedia_page"": ""Richard Aleksander Espo"", ""wikidata_id",15.983162879943848
hidden_test_fi_3,2744,2776,kauppa-apulainenAnastasia Rudska,NIL,PER,NIL,kauppa-apulainenAnastasia Rudska,"```json { ""wikipedia_page"": """", ""wikidata_id"": ""NIL"" } ```",0
hidden_test_fi_3,2778,2844,"kansakoulunopettaja-tar, leskirouva Hilja Maria Maleva (Am-sinoff)",NIL,PER,NIL,"kansakoulunopettaja-tar, leskirouva Hilja Maria Maleva (Am-sinoff)","```json { ""wikipedia_page"": """", ""wikidata_id"": ""NIL"" } ```",0
hidden_test_fi_3,2846,2869,filos. kand. Jüri Tilki,NIL,PER,NIL,filos. kand. Jüri Tilki,"```json { ""wikipedia_page"": ""NIL"", ""wikidata_id"": ""NIL"" } ```",0
hidden_test_fi_3,2871,2891,neiti MariaPolosuhin,NIL,PER,NIL,neiti MariaPolosuhin,"```json { ""wikipedia_page"": ""NIL"", ""wikidata_id"": ""NIL"" } ``` However, after analyzing the text and the list of candidates, I can find a match for the two names marked with [ENT]. The first name ""Georg Heinrichsen"" could match with ""Q109651"" which is for Georg Heinrich, but the most likely match is not found in the provided list. However, the second name ""Maria Polosuhin"" could match with ""Q107439494"" which is not the most likely match but it is the only name close to the provided name. But after a more thorough analysis, it seems none of the names provided in the list of candidates match the names marked with [ENT] with high confidence. Therefore, the best answer is to return ""NIL"" for both Wikipedia page and Wikidata ID. ```json { ""wikipedia_page"": ""NIL"", ""wikidata_id"": ""NIL"" } ```",0
hidden_test_fi_3,2893,2926,kaupanhoitaja Sergei Saha-roffsky,NIL,PER,NIL,kaupanhoitaja Sergei Saha-roffsky,"```json { ""wikipedia_page"": ""Nilsiä"", ""wikidata_id"": ""NIL"" } ``` However, after reviewing the list of candidates and the input text provided, I realized that none of the provided options directly match the names mentioned in the text. The names provided, such as Hilda Shapiro, Edvard Behrsin, Feodor Semenoff, etc., do not match any names in the list of candidates. Also, the description for one of the candidates mentions a date (1600-01-01) which is clearly too early to match any names in the text. Thus, the most appropriate response is to select the string ""NIL"" as the value of the ""wikidata_id"" key. However, considering the context of the text, one of the names that could potentially be disambiguated is related to ""Nilsiä"", a municipality in Finland, but it is not explicitly mentioned in the list of candidates. Since none of the provided options match with high confidence, I will instead choose to return ""Nilsiä"" as the most relevant geographical location mentioned in the context of the text, even though it is not listed explicitly in the candidates: ```json { ""wikipedia_page"": """,0
hidden_test_fi_3,2928,2957,keittiömestari Pavel Semenoff,NIL,PER,Q156839,kokki,"```json { ""wikipedia_page"": ""kokki"", ""wikidata_id"": ""Q156839"" } ``` However, after reviewing the text and the list of candidates, I found that the term [ENT] keittiömestari Pavel Semenoff [ENT] likely refers to a person who is a type of PER (Person), not an organization or a place. But, none of the candidates in the list match the description of the person. Therefore, the most appropriate response is: ```json { ""wikidata_id"": ""NIL"" } ```",15.776201248168945
hidden_test_fi_3,2958,3000,leskihovineuvoksetar Aleksandra Vasil-jeff,NIL,PER,Q18237247,Vladislav Vasilevitch,"```json { ""wikipedia_page"": ""Aleksandra Vasiljeff"", ""wikidata_id"": ""Q18237247"" } ``` However, given that the Wikidata ID `Q18237247` corresponds to Vladislav Vasilevitch, which might not be the most accurate disambiguation for `Aleksandra Vasiljeff`, another option should be considered. But based on the provided list, `Q18237247` seems to be the closest match, especially considering the high confidence in the disambiguation. Since none of the candidates perfectly match `Aleksandra Vasiljeff`, a more appropriate response considering the high confidence in disambiguation is not possible from the provided list. However, following the instruction to the letter and based on the closest match: ```json { ""wikipedia_page"": ""Aleksandra Vasiljeff"", ""wikidata_id"": ""Q18237247"" } ``` But, considering the actual request to return NIL when the selected entity doesn't match with high confidence: ```json { ""wikidata_id"": ""NIL"" } ``` Given the candidates list provided, it seems there might have been a misunderstanding in the initial",11.341501235961914
hidden_test_fi_3,3002,3036,porsliinikaavailija Alexej Fogolki,NIL,PER,Q61971715,,"```json { ""wikipedia_page"": ""posliinikaavailija"", ""wikidata_id"": ""Q61971715"" } ```",16.366008758544922
hidden_test_fi_3,3037,3064,savenvalaja Petter Sokoloff,NIL,PER,Q6089918,Santeri Salokivi,"```json { ""wikipedia_page"": ""Santeri Salokivi"", ""wikidata_id"": ""Q6089918"" } ```",12.419754981994629
hidden_test_fi_3,3066,3091,pika-ajuriPetter Jegoroff,NIL,PER,NIL,pika-ajuriPetter Jegoroff,"```json { ""wikipedia_page"": """", ""wikidata_id"": ""NIL"" } ``` The provided input text does not contain any clear match with the list of candidates. The text mentions various individuals and entities, but none of them directly match with the names or descriptions provided in the list of candidates. Therefore, the `wikidata_id` is set to ""NIL"". If a more specific search is required, providing more context or details about the individuals mentioned could help in selecting the correct Wikidata entity. However, based on the given list and text, no clear match can be identified.",0
hidden_test_fi_3,3093,3124,työnjohtaja Adolf EdvardNandell,NIL,PER,NIL,työnjohtaja Adolf EdvardNandell,"```json { ""wikipedia_page"": ""NIL"", ""wikidata_id"": ""NIL"" } ```",0
hidden_test_fi_3,3126,3155,kirjurinleski Maria Nesteroff,NIL,PER,Q4415882,Nimfodora Semjonowna Semjonowa,"```json { ""wikipedia_page"": ""Nimfodora Semjonowna Semjonowa"", ""wikidata_id"": ""Q4415882"" } ``` However, after a closer review of the text, it appears that none of the provided candidates match the entity ""[ENT] kirjurinleski Maria Nesteroff [ENT]"" with high confidence. Therefore, the correct answer should be: ```json { ""wikidata_id"": ""NIL"" } ```",14.801953315734863
hidden_test_fi_3,3156,3183,kirkkoherra Mikael Mihailov,NIL,PER,Q2468579,Mihail Mihailov,"```json { ""wikipedia_page"": ""Mihail Mihailov"", ""wikidata_id"": ""Q2468579"" } ```",19.27785301208496
hidden_test_fi_3,3185,3214,kauppa-apulainen Olga Majkoff,NIL,PER,Q753193,Venäläis-amerikkalainen kauppakomppania,"```json { ""wikipedia_page"": ""Venäläis-amerikkalainen kauppakomppania"", ""wikidata_id"": ""Q753193"" } ```",15.3872709274292
hidden_test_fi_3,3216,3252,kauppa-apulai-nen Aleksandra Majkoff,NIL,PER,NIL,kauppa-apulai-nen Aleksandra Majkoff,"```json { ""wikipedia_page"": """", ""wikidata_id"": ""NIL"" } ```",0
hidden_test_fi_3,3254,3283,maanviljelijäIgnati Rytshkoff,NIL,PER,Q838811,talonpoika,"```json { ""wikipedia_page"": ""talonpoika"", ""wikidata_id"": ""Q838811"" } ```",13.732712745666504
hidden_test_fi_3,3285,3311,työmies Vasili Hohrja-koff,NIL,PER,NIL,työmies Vasili Hohrja-koff,"```json { ""wikipedia_page"": """", ""wikidata_id"": ""NIL"" } ```",0
hidden_test_fi_3,3313,3340,agronoomi Nicolai Fabricius,NIL,PER,Q285338,Otto Fabricius,"```json { ""wikipedia_page"": ""Otto Fabricius"", ""wikidata_id"": ""Q285338"" } ```",13.237927436828613
hidden_test_fi_3,3342,3381,kaup-pias Carl Aleksander August Frantz,NIL,PER,Q7501153,kauppias,"```json { ""wikipedia_page"": ""kauppias"", ""wikidata_id"": ""Q7501153"" } ```",15.925808906555176
hidden_test_fi_3,3383,3419,les-kirouva Augusta Aurora Sergejeff,NIL,PER,NIL,les-kirouva Augusta Aurora Sergejeff,"```json { ""wikipedia_page"": """", ""wikidata_id"": ""NIL"" } ```",0
hidden_test_fi_3,3421,3450,kone-noulojatar Vera Antonoff,NIL,PER,NIL,kone-noulojatar Vera Antonoff,"```json { ""wikipedia_page"": """", ""wikidata_id"": ""NIL"" } ```",0
hidden_test_fi_3,3452,3500,"hierojatar, les-kirouva Maria Lovisa Tsheepanoff",NIL,PER,Q283654,Maria Pariisilainen,"```json { ""wikipedia_page"": ""Maria Pariisilainen"", ""wikidata_id"": ""Q283654"" } ```",13.566987991333008
hidden_test_fi_3,3502,3543,työn-johtaja Juho Merivaara (Prokoffjeff),NIL,PER,Q26244668,Juho Merivaara,"```json { ""wikipedia_page"": ""Juho Merivaara"", ""wikidata_id"": ""Q26244668"" } ```",12.554762840270996
hidden_test_fi_3,3545,3576,neitiElisabet Vilhelmina Waling,NIL,PER,NIL,neitiElisabet Vilhelmina Waling,"```json { ""wikipedia_page"": """", ""wikidata_id"": ""NIL"" } ```",0
hidden_test_fi_3,3578,3609,lihakaup-pias Vilhelm Bielevsky,NIL,PER,Q11626926,,"```json { ""wikipedia_page"": ""Vilhelm Bielevsky"", ""wikidata_id"": ""Q11626926"" } ```",14.51759147644043
hidden_test_fi_3,3611,3643,lakit. yliopp. Eu-gen Gaideborov,NIL,PER,NIL,lakit. yliopp. Eu-gen Gaideborov,"```json { ""wikipedia_page"": """", ""wikidata_id"": ""NIL"" } ```",0
hidden_test_fi_3,3645,3674,liikemies Constantin Va-gello,NIL,PER,Q107135154,,"```json { ""wikipedia_page"": ""NIL"", ""wikidata_id"": ""NIL"" } ``` However, after analyzing the context of the text, I found a more suitable candidate: Given the list of candidates and the text provided, none of the candidates directly match with high confidence the entity mentioned between the [ENT] tags. However, the text mentions ""liikemies Constantin Vagello"" which can be matched with the following candidate: ```json { ""wikipedia_page"": ""NIL"", ""wikidata_id"": ""Q107135154"" } ``` However, the correct match is not available in the list of candidates. A more appropriate match can be found in the following way: The closest match in the list of candidates is 'kärkkäinen' which is not correct, but it can be related to a person. However, a better match is not available in the list. Let's try another approach: The text mentions ""liikemies Constantin Vagello"", but it's not directly in the list of candidates. However, there is a similar name in the list, which is not exactly the same but can be considered a candidate: ```json { ""wikipedia_page"": ""NIL",13.555180549621582
hidden_test_fi_3,3676,3700,maalari Emeljan Morshoff,NIL,PER,NIL,maalari Emeljan Morshoff,"```json { ""wikipedia_page"": """", ""wikidata_id"": ""NIL"" } ```",0
hidden_test_fi_3,3702,3727,sorvariValentin Perkovsky,NIL,PER,NIL,sorvariValentin Perkovsky,"```json { ""wikipedia_page"": """", ""wikidata_id"": ""NIL"" } ```",0
hidden_test_fi_3,3729,3760,konttoristi MikaelGustaf Winter,NIL,PER,Q105756265,Karl Johan Winter,"```json { ""wikipedia_page"": ""Karl Johan Winter"", ""wikidata_id"": ""Q105756265"" } ```",12.27638053894043
hidden_test_fi_3,3762,3800,entinen midshipsmanniVladimir Koreneff,NIL,PER,NIL,entinen midshipsmanniVladimir Koreneff,"```json { ""wikipedia_page"": ""NIL"", ""wikidata_id"": ""NIL"" } ```",0
hidden_test_fi_3,3802,3832,vääpelinleski MariaSpiridonoff,NIL,PER,Q266745,Marija Spiridonova,"```json { ""wikidata_id"": ""NIL"", ""wikipedia_page"": """" } ``` However, after re-evaluating the text and the list of candidates, I found a potential match: Given the text mentions a ""vääpelinleski Maria Spiridonoff"", I found a potential match in the list of candidates: ```json { ""wikidata_id"": ""Q266745"", ""wikipedia_page"": ""Marija Spiridonova"" } ``` However, please note that Marija Spiridonova is a Russian revolutionary and feminist figure, and her Wikipedia page does not directly match with the context of the text provided. Upon further inspection, it seems that the correct match is more likely to be: ```json { ""wikidata_id"": ""Q4431272"", ""wikipedia_page"": ""Wadim Semjonowitsch Spiridonow"" } ``` But again, this seems to be a long shot and not a perfect match. After re-examining the text and the context, it seems that the most likely candidate is actually not present in the list of candidates. However, based on the context, I think the best option is to choose the closest match: ```json",14.446642875671387
hidden_test_fi_3,3834,3859,kauppias Nikolai Tusikoff,NIL,PER,Q6177279,Nikolai Sittkoff,"```json { ""wikipedia_page"": ""Nikolai Sittkoff"", ""wikidata_id"": ""Q6177279"" } ```",15.308978080749512
hidden_test_fi_3,3860,3895,entinen aliupseeri Feodor Sofronoff,NIL,PER,Q56399134,Feodor Kiseleff,"```json { ""wikipedia_page"": ""Feodor Kiseleff"", ""wikidata_id"": ""Q56399134"" } ```",17.438379287719727
hidden_test_fi_3,3897,3925,opet-taja Josef Jaakkimainen,NIL,PER,NIL,opet-taja Josef Jaakkimainen,"```json { ""wikipedia_page"": ""NIL"", ""wikidata_id"": ""NIL"" } ``` Since none of the candidates match the context of the text and the list does not include a clear and specific entity that could be disambiguated with high confidence, the result is set to ""NIL"".",0
hidden_test_fi_3,3927,3964,ylioppilas Hlel-mi Sofia Jaakkimainen,NIL,PER,NIL,ylioppilas Hlel-mi Sofia Jaakkimainen,"```json { ""wikipedia_page"": ""NIL"", ""wikidata_id"": ""NIL"" } ``` However, after analyzing the input text and the list of candidates, I found that the most likely entity mentioned between the [ENT] tags is likely related to a specific person or place mentioned before or after the tags. Unfortunately, none of the candidates directly match the context provided in the input text. Given the list of candidates and the input text, the closest match would be related to historical figures or locations mentioned, but none are directly provided in the candidates list. Therefore, I choose to return ""NIL"" as the answer. However, let's re-evaluate the input text to see if we can narrow down the possibilities further: - The text mentions ""Hlelmi Sofia Jaakkimainen"" before the second [ENT] tag. - Checking the list of candidates, we don't find an exact match for ""Hlelmi Sofia Jaakkimainen"", but we see ""Jakobstads gymnasium"" and other names that are not directly related. Upon closer inspection, none of the provided names directly match the text within the [ENT] tags, and without further context, it's challenging to select a candidate with",0
hidden_test_fi_3,3966,3989,viilaaja PeterDomazinko,NIL,PER,NIL,viilaaja PeterDomazinko,"```json { ""wikipedia_page"": ""NIL"", ""wikidata_id"": ""NIL"" } ```",0
hidden_test_fi_3,3991,4016,kauppias Peter Vetushenki,NIL,PER,Q215536,kauppias,"```json { ""wikipedia_page"": ""lihakauppias"", ""wikidata_id"": ""Q215536"" } ```",18.67528533935547
hidden_test_fi_3,4017,4044,maalkauppias Dimitri Suhoff,NIL,PER,Q2025752,Dymitr Samokwasow,"```json { ""wikipedia_page"": ""Dymitr Samokwasow"", ""wikidata_id"": ""Q2025752"" } ```",12.859076499938965
hidden_test_fi_3,4046,4076,tilanomis-taja Mark Gorbovitsy,NIL,PER,NIL,tilanomis-taja Mark Gorbovitsy,"```json { ""wikidata_id"": ""NIL"", ""wikipedia_page"": """" } ``` However, after analyzing the input text and the list of candidates, I noticed that the text mentions ""Mark Gorbovitsy"" and ""Maria Jakovleff"" as a couple, but there are no direct matches in the list of candidates. Given the context, it seems more likely that the entity mentioned is indeed related to ""Mark Gorbovitsy"" or a similar name. Upon further inspection, I found that the candidate ""Matvei Gorškov"" is a close match, but the name is slightly different. However, there is another candidate ""Matvei Gorškov"" in a different Wikidata ID, but that is not in the provided list. Nevertheless, there is a candidate ""Count Michael Mikhailovich of Torby"" and ""Mihail Gorbatšov"" that are not exact matches but are closer than others. After careful consideration and without a direct match, but noticing that the name ""Gorbovitsy"" is present in the text, I will choose the ""NIL"" value as the most appropriate choice because the provided list of candidates does not include a direct match that can be highly confident. ",0
hidden_test_fi_3,4097,4124,ompelijatar Maria Jakovleff,NIL,PER,NIL,ompelijatar Maria Jakovleff,"```json { ""wikipedia_page"": """", ""wikidata_id"": ""NIL"" } ```",0
hidden_test_fi_3,4126,4149,kauppiasPaavali Kosonen,NIL,PER,Q7121497,Paavali Halonen,"```json { ""wikipedia_page"": """", ""wikidata_id"": ""NIL"" } ``` The input text mentions several individuals, but none of the candidates provided match the names mentioned with high confidence. Therefore, the `wikidata_id` is set to ""NIL"". If a more specific list of candidates was provided that included one of the names mentioned in the text, the answer could be different. For instance, if ""Paavali Kosonen"" was included in the list with a descriptive ""descr"" field, the answer could be: ```json { ""wikipedia_page"": ""Paavali Halonen"", ""wikidata_id"": ""Q7121497"" } ``` However, without this specific information, the most accurate response is ""NIL"".",15.263919830322266
hidden_test_fi_3,4151,4179,tarjoilija Karl JohanWessert,NIL,PER,Q157195,tarjoilija,"```json { ""wikipedia_page"": ""tarjoilija"", ""wikidata_id"": ""Q157195"" } ```",17.13819694519043
hidden_test_fi_3,4181,4217,metallityöntokijä Dimitri Po-rinskin,NIL,PER,Q196721,koneistaja,"```json { ""wikipedia_page"": ""metallityöntekijä"", ""wikidata_id"": ""Q196721"" } ```",17.095090866088867
hidden_test_fi_3,4219,4247,palvelijatar Maria Heidemann,NIL,PER,Q54128,palvelija,"```json { ""wikipedia_page"": ""palvelija"", ""wikidata_id"": ""Q54128"" } ```",15.339132308959961
hidden_test_fi_3,4248,4283,taloudenhoitajatar Ljubov Balashoff,NIL,PER,Q11900474,varastonhoitaja,"```json { ""wikipedia_page"": ""varastonhoitaja"", ""wikidata_id"": ""Q11900474"" } ``` However, after analyzing the input text and the list of candidates, I believe that the most likely match for the entity marked with [ENT] is actually **Ljubov Balashoff**. But, she is not in the list of candidates. The closest match from the provided list is **varastonhoitaja**, but it is not a person. Since none of the candidates match with high confidence, the most appropriate response would be: ```json { ""wikidata_id"": ""NIL"" } ```",14.180697441101074
hidden_test_fi_3,4284,4318,maalarintyöntekijä Vasili Maltsoff,NIL,PER,NIL,maalarintyöntekijä Vasili Maltsoff,"```json { ""wikipedia_page"": """", ""wikidata_id"": ""NIL"" } ```",0
hidden_test_fi_3,4320,4344,talon-mies Vasili Basoff,NIL,PER,NIL,talon-mies Vasili Basoff,"```json { ""wikipedia_page"": """", ""wikidata_id"": ""NIL"" } ```",0
hidden_test_fi_3,4346,4380,koneenkäyttäjä Se-men Alexangdroff,NIL,PER,NIL,koneenkäyttäjä Se-men Alexangdroff,"```json { ""wikipedia_page"": """", ""wikidata_id"": ""NIL"" } ```",0
hidden_test_fi_3,4382,4406,etsivä Nikolai Zvetae-vi,NIL,PER,Q2493182,Nikolai Zatejev,"```json { ""wikipedia_page"": ""Nikolai Zatejev"", ""wikidata_id"": ""Q2493182"" } ```",16.054548263549805
hidden_test_fi_3,4408,4429,etsivä Georg Zvetaevi,NIL,PER,NIL,etsivä Georg Zvetaevi,"```json { ""wikipedia_page"": ""NIL"", ""wikidata_id"": ""NIL"" } ```",0
hidden_test_fi_3,4431,4466,entinen säh-köttäjä Maria Marguloff,NIL,PER,NIL,entinen säh-köttäjä Maria Marguloff,"```json { ""wikipedia_page"": ""NIL"", ""wikidata_id"": ""NIL"" } ```",0
hidden_test_fi_3,4468,4502,palvelijatar Ma-ria Charlotte Berg,NIL,PER,Q4938400,Charlotta Berger,"```json { ""wikipedia_page"": ""Maria Charlotte Berg"", ""wikidata_id"": ""Q4938400"" } ```",10.907953262329102
hidden_test_fi_3,4504,4537,kauppa-apulainenAleksei Povalihin,NIL,PER,NIL,kauppa-apulainenAleksei Povalihin,"```json { ""wikipedia_page"": """", ""wikidata_id"": ""NIL"" } ```",0
hidden_test_fi_3,4539,4576,kauppa-apulainen Eli-sabeth Povalihin,NIL,PER,NIL,kauppa-apulainen Eli-sabeth Povalihin,"```json { ""wikipedia_page"": """", ""wikidata_id"": ""NIL"" } ```",0
hidden_test_fi_3,4578,4610,lämmittää FransKrohn (Krimensky),NIL,PER,NIL,lämmittää FransKrohn (Krimensky),"```json { ""wikipedia_page"": """", ""wikidata_id"": ""NIL"" } ```",0
hidden_test_fi_3,4612,4636,kirjakauppias Jo-kiforov,NIL,PER,NIL,kirjakauppias Jo-kiforov,"```json { ""wikipedia_page"": """", ""wikidata_id"": ""NIL"" } ```",0
hidden_test_fi_3,4638,4663,kauppias Feodor Grigorjev,NIL,PER,Q18633697,Feodor Sergejeff,"```json { ""wikipedia_page"": ""Feodor Sergejeff"", ""wikidata_id"": ""Q18633697"" } ```",11.804983139038086
hidden_test_fi_3,4673,4680,Venäjän,Q159,LOC,Q2305208,Neuvosto-Venäjä,"```json { ""wikipedia_page"": ""Neuvosto-Venäjä"", ""wikidata_id"": ""Q2305208"" } ```",11.495176315307617
hidden_test_fi_3,4696,4709,Herman Pettay,NIL,PER,NIL,Herman Pettay,"```json { ""wikipedia_page"": ""NIL"", ""wikidata_id"": ""NIL"" } ```",0
hidden_test_fi_3,4711,4732,räätäh EvaldLukavitsh,NIL,PER,NIL,räätäh EvaldLukavitsh,"```json { ""wikipedia_page"": ""NIL"", ""wikidata_id"": ""NIL"" } ```",0
hidden_test_fi_3,4734,4762,kollegineuvos Konstantin Ni-,NIL,PER,NIL,kollegineuvos Konstantin Ni-,"```json { ""wikipedia_page"": ""NIL"", ""wikidata_id"": ""NIL"" } ```",0
hidden_test_fi_3,4784,4790,Suomen,Q33,LOC,Q33,Suomi,"```json { ""wikipedia_page"": ""Suomi"", ""wikidata_id"": ""Q33"" } ``` However, after re-evaluating the provided text and the list of candidates, it appears that the most suitable match for the context of the text is actually the disambiguation page for ""Suomi"" which refers to the country, as there are multiple meanings for the term ""Suomi"". Therefore, a more accurate response would be: ```json { ""wikipedia_page"": ""Suomi (disambiguation)"", ""wikidata_id"": ""Q33"" } ``` However, this is not among the options. Given the context and the list of candidates, the best match would be the entity ""Suomi"" (Q33) which refers to the country. Since none of the other options highly match the context of the text, I will provide the Wikidata ID and the Wikipedia page title of the selected entity as follows: ```json { ""wikipedia_page"": ""Suomi"", ""wikidata_id"": ""Q33"" } ``` If none of the candidates match with high confidence the entity tagged with [ENT], the string ""NIL"" should be used. However, in this",12.17208194732666
hidden_test_fi_3,4795,4811,Simo Kondratjeff,NIL,PER,Q312799,Nikolai Kondratjeff,"```json { ""wikipedia_page"": ""Nikolai Kondratjeff"", ""wikidata_id"": ""Q312799"" } ```",20.335084915161133
hidden_test_fi_3,4862,4880,Vasili Mitrofanoff,NIL,PER,Q23926440,Wladimir Mitrofanoff,"```json { ""wikipedia_page"": ""Wladimir Mitrofanoff"", ""wikidata_id"": ""Q23926440"" } ```",19.214685440063477
hidden_test_fi_3,4882,4902,kauppiaanleski Hulda,NIL,PER,NIL,kauppiaanleski Hulda,"```json { ""wikidata_id"": ""NIL"", ""wikipedia_page"": """" } ```",0
hidden_test_fi_3,4908,4918,Lehtovaara,NIL,PER,Q11875331,Lehtovaara,"```json { ""wikipedia_page"": ""Lehtovaara"", ""wikidata_id"": ""Q11875331"" } ```",13.575207710266113
hidden_test_fi_3,4920,4953,karamellttyöläinen AndrejPosiadlo,NIL,PER,NIL,karamellttyöläinen AndrejPosiadlo,"```json { ""wikipedia_page"": ""NIL"", ""wikidata_id"": ""NIL"" } ```",0
hidden_test_fi_3,4955,4980,työnjohtaja Ivan Jefimoff,NIL,PER,NIL,työnjohtaja Ivan Jefimoff,"```json { ""wikidata_id"": ""NIL"", ""wikipedia_page"": """" } ```",0
hidden_test_fi_3,5022,5041,Aleksandra Komaroff,NIL,PER,NIL,Aleksandra Komaroff,"```json { ""wikipedia_page"": """", ""wikidata_id"": ""NIL"" } ```",0
hidden_test_fi_3,5043,5075,taloudenhoitajatarMari Feodoroff,NIL,PER,NIL,taloudenhoitajatarMari Feodoroff,"```json { ""wikipedia_page"": """", ""wikidata_id"": ""NIL"" } ```",0
hidden_test_fi_3,5077,5102,kirjaltaja Alexei Ivanoff,NIL,PER,NIL,kirjaltaja Alexei Ivanoff,"```json { ""wikipedia_page"": ""NIL"", ""wikidata_id"": ""NIL"" } ```",0
hidden_test_fi_3,5103,5127,hierojatar Eleonora Berg,NIL,PER,NIL,hierojatar Eleonora Berg,"```json { ""wikipedia_page"": """", ""wikidata_id"": ""NIL"" } ```",0
hidden_test_fi_3,5129,5159,leskirouva Je-katerina Marusin,NIL,PER,NIL,leskirouva Je-katerina Marusin,"```json { ""wikipedia_page"": ""NIL"", ""wikidata_id"": ""NIL"" } ```",0
hidden_test_fi_3,5161,5184,myyjätär Tatjana Si-kov,NIL,PER,Q685433,myyjä,"```json { ""wikipedia_page"": ""Myyjätär"", ""wikidata_id"": ""Q685433"" } ```",12.073561668395996
hidden_test_fi_3,5186,5203,herra Peter Sikov,NIL,PER,NIL,herra Peter Sikov,"```json { ""wikipedia_page"": ""NIL"", ""wikidata_id"": ""NIL"" } ```",0
hidden_test_fi_3,5205,5223,herra NikolaiSikov,NIL,PER,NIL,herra NikolaiSikov,"```json { ""wikidata_id"": ""NIL"", ""wikipedia_page"": """" } ```",0
hidden_test_fi_3,5225,5242,herra Boris Sikov,NIL,PER,NIL,herra Boris Sikov,"```json { ""wikipedia_page"": ""NIL"", ""wikidata_id"": ""NIL"" } ```",0
hidden_test_fi_3,5244,5269,rääläli AdolfRastenberger,NIL,PER,Q16720957,,"```json { ""wikipedia_page"": ""Adolf Rastenberger"", ""wikidata_id"": ""Q16720957"" } ```",11.051373481750488
hidden_test_fi_3,5271,5307,kauppa-apulainen DimitriRastenberger,NIL,PER,NIL,kauppa-apulainen DimitriRastenberger,"```json { ""wikipedia_page"": ""Rastenberger"", ""wikidata_id"": ""Q6613442"" } ```",0
hidden_test_fi_3,5309,5351,"talonomistaja, leskirouvaEva Sofie Rubzoff",NIL,PER,NIL,"talonomistaja, leskirouvaEva Sofie Rubzoff","To disambiguate the entities mentioned in the text, I will carefully analyze the context and compare it with the provided list of candidates. After analysis, I found that the entities tagged with [ENT] are likely to refer to the following persons: - Eva Sofie Rubzoff and - Adam Malm From the list of candidates, **Eva Sofie Rubzoff** matches the given name ""Eva Sofie"" and **Adam Malm** can be associated with the surname ""Malm"" in the context. Eva Sofie Rubzoff corresponds to the Wikidata ID: `Q20983394` and the Wikipedia page title: `Eva Sofia Rubzoff`, however, a more precise match considering the context is not available in the provided list. However, based on the given name, the closest match in the list is: ```json {'wikipedia_page': '', 'wikidata_id': 'Q15071433'} ``` However, this ID does not match the name ""Eva Sofie"". Since none of the provided candidates match the name ""Eva Sofie Rubzoff"" with high confidence, I will use the string ""NIL"" as the value of the ""wikidata_id"" key",0
hidden_test_fi_3,5353,5384,palvelijatar Ale-xandra Rubzoff,NIL,PER,NIL,palvelijatar Ale-xandra Rubzoff,"```json { ""wikipedia_page"": """", ""wikidata_id"": ""NIL"" } ```",0
hidden_test_fi_3,5386,5410,insinööri Peter Iva-noff,NIL,PER,NIL,insinööri Peter Iva-noff,"To solve this task, we need to first identify the names or entities within the input text that correspond to the `[ENT]` tags. Based on that, we will then try to match these with the provided list of candidates, focusing on names that best fit grammatically and contextually. If a clear match is found, we return the corresponding Wikipedia page title and Wikidata ID; otherwise, we return `NIL` for the `wikidata_id`. Given the input text and the list of candidates, the entities between `[ENT]` tags are: * `[ENT] insinööri Peter Ivanoff [ENT]` Comparing the names, `Peter Ivanoff` in the text does not directly match any name provided in the candidates list. However, the closest match would be the candidate: * `Q1190083 - Nikolaj Ivanov` which does not match exactly but we can try to find a similar name. Another close match could be `Q4428054 - Konstantin Ivanoff` but it's not in the provided text. However, there is not an exact match for `Peter Ivanoff` in the list provided. Given that none of the names exactly match and considering the instruction to select a Wikidata entity from the list only",0
hidden_test_fi_3,5412,5437,kauppias Nikolai Smirnoff,NIL,PER,Q777721,Smirnoff,"```json { ""wikipedia_page"": ""Smirnoff"", ""wikidata_id"": ""Q777721"" } ```",14.242438316345215
hidden_test_fi_3,5439,5462,modistiMaria Finogenoff,NIL,PER,Q18199649,Modisti,"```json { ""wikipedia_page"": ""Modisti"", ""wikidata_id"": ""Q18199649"" } ```",12.094049453735352
hidden_test_fi_3,5464,5486,talonomistaja AdamMalm,NIL,PER,Q618532,vuokranantaja,"```json { ""wikipedia_page"": ""vuokranantaja"", ""wikidata_id"": ""Q618532"" } ```",12.055468559265137
hidden_test_fi_3,5488,5518,kulkukauppias Aleksej Bogdanov,NIL,PER,NIL,kulkukauppias Aleksej Bogdanov,"```json { ""wikipedia_page"": """", ""wikidata_id"": ""NIL"" } ``` The text does not contain any clear references to notable individuals or organizations that match the provided list of candidates. Therefore, the `wikidata_id` is set to ""NIL"". If the text had mentioned a specific individual or organization, I would have selected the most appropriate Wikidata entity from the list of candidates and provided the corresponding Wikipedia page title and Wikidata ID. However, in this case, no clear match is found, so the `wikidata_id` is set to ""NIL"".",0
hidden_test_fi_3,5519,5551,liikkeenjohtaja Feodor Gavriloff,NIL,PER,NIL,liikkeenjohtaja Feodor Gavriloff,"```json { ""wikipedia_page"": """", ""wikidata_id"": ""NIL"" } ```",0
hidden_test_fi_3,5553,5588,kauppa-apulainen Dimitri Fedosejeff,NIL,PER,Q11859487,Feodor Kiseleff,"```json { ""wikidata_id"": ""NIL"", ""wikipedia_page"": """" } ``` However, after re-evaluating the input text and the list of candidates, I can suggest a possible disambiguation: The name ""Feodoroff"" in the input text likely refers to Feodor Kiseleff. However, none of the provided candidates exactly match this name. The closest match is ""Feodor Kiseleff"" with two different Wikidata IDs: ""Q56399134"" and ""Q11859487"". However, considering the context of the text, which mentions ""suomenvenäläinen liikemies ja valtiopäivämies"" and ""suomenvenäläinen liikemies"", it seems more likely that the correct candidate is Feodor Kiseleff, but with a different date or a more specific description. Nevertheless, since none of the provided candidates exactly match the name ""Feodoroff"" with high confidence, and considering that ""Feodor Kiseleff"" is the closest possible match with two different IDs, I will choose the first match from the list: ```json { ""wikidata_id"": ""Q11859487"", ""wikipedia_page",14.486089706420898
hidden_test_fi_3,5590,5615,leskirouvaMaria Bjelusoff,NIL,PER,Q179115,leski,"```json { ""wikipedia_page"": ""leski"", ""wikidata_id"": ""Q179115"" } ```",14.003597259521484
hidden_test_fi_3,5617,5647,kauppa-apulainen VasiliMaligin,NIL,PER,NIL,kauppa-apulainen VasiliMaligin,"```json { ""wikipedia_page"": """", ""wikidata_id"": ""NIL"" } ```",0
hidden_test_fi_3,5649,5670,neiti Natalia Maligin,NIL,PER,NIL,neiti Natalia Maligin,"```json { ""wikipedia_page"": """", ""wikidata_id"": ""NIL"" } ```",0
hidden_test_fi_3,5672,5701,lihakaup-pias Artemi Hodareff,NIL,PER,NIL,lihakaup-pias Artemi Hodareff,"```json { ""wikipedia_page"": """", ""wikidata_id"": ""NIL"" } ``` Reason: None of the candidates match with high confidence to the entity tagged with [ENT]. The text mentions various people with surnames such as Sikov, Rastenberger, Rubzoff, Iva-noff, Smirnoff, Hodareff, and others, but none of these names exactly match any of the provided candidates. Therefore, the disambiguation result is set to ""NIL"". If a more specific list of candidates was available, a more accurate disambiguation could be performed.",0
hidden_test_fi_3,5703,5731,suutari Vasili Adu-shkevitsh,NIL,PER,Q152355,suutari,"```json { ""wikipedia_page"": ""suutari"", ""wikidata_id"": ""Q152355"" } ```",18.72907066345215
hidden_test_fi_3,5733,5771,liikeapulainen Anastasia Adu-shkevitsh,NIL,PER,NIL,liikeapulainen Anastasia Adu-shkevitsh,"```json { ""wikipedia_page"": """", ""wikidata_id"": ""NIL"" } ```",0
hidden_test_fi_3,5773,5807,hatuntekijä Antonina Adu-shkevitsh,NIL,PER,NIL,hatuntekijä Antonina Adu-shkevitsh,"```json { ""wikipedia_page"": """", ""wikidata_id"": ""NIL"" } ```",0
hidden_test_fi_3,5808,5815,Venäjän,Q159,LOC,Q492468,venäläiset,"```json { ""wikipedia_page"": ""Venäjän kansalaiset"", ""wikidata_id"": ""Q492468"" } ``` However, given the context and the presence of specific names like Rubzoff, Iva-noff, Smirnoff, etc., a more appropriate answer would be: ```json { ""wikipedia_page"": ""venäläiset"", ""wikidata_id"": ""Q49542"" } ``` However, since the entity marked with [ENT] refers to a group of people with a specific nationality (Russian), and there is no exact match in the list of candidates, the most appropriate answer would be to use the string ""NIL"" as the value of the ""wikidata_id"" key. ```json { ""wikipedia_page"": """", ""wikidata_id"": ""NIL"" } ```",11.993410110473633
hidden_test_fi_3,5851,5875,liikemies Mordhai Gorell,NIL,PER,Q215536,kauppias,"```json { ""wikipedia_page"": ""yrittäjä"", ""wikidata_id"": ""NIL"" } ``` However, given the context of the input text, a more appropriate answer would be: ```json { ""wikipedia_page"": ""liikemies"", ""wikidata_id"": ""NIL"" } ``` But since none of the candidates directly match the context, and considering the list of provided candidates does not contain a specific term that directly fits with ""liikemies"" or ""yrittäjä"" from the text, the most suitable choice based on the given list is: ```json { ""wikipedia_page"": ""yrittäjä"", ""wikidata_id"": ""NIL"" } ``` However, a more precise disambiguation considering the Finnish context and the list of candidates provided would be: ```json { ""wikipedia_page"": ""Kauppias"", ""wikidata_id"": ""Q215536"" } ``` But this doesn't match the context of the sentence provided where the mentioned names are more relevant. Therefore, considering the high confidence in selecting a Wikidata entity from the list of candidates and the context provided: Since none of the candidates",12.81020736694336
hidden_test_fi_3,5877,5910,kauppa-maikustaja Mosos Rosenthal,NIL,PER,Q948928,Samuel Rosenthal,"```json { ""wikipedia_page"": ""Rosenthal"", ""wikidata_id"": ""Q948928"" } ```",9.851252555847168
hidden_test_fi_3,5912,5934,neifi Es-ter Rosenthal,NIL,PER,NIL,neifi Es-ter Rosenthal,"```json { ""wikipedia_page"": ""NIL"", ""wikidata_id"": ""NIL"" } ``` However, after analyzing the provided text and the list of candidates, I found that the name ""Esther Rosenthal"" can be associated with a potential candidate. Among the provided candidates, there is no direct match for ""Esther Rosenthal"", but there is a candidate named ""Heinrich Rosenthal"" which is a different person. However, there is another candidate named ""neifi Esther Rosenthal"" which seems to be a direct match with the given name. But, upon closer inspection, there is no exact match for ""Esther Rosenthal"" in the list of candidates. Therefore, considering the instruction to return ""NIL"" when none of the candidates match with high confidence, the most appropriate response is: ```json { ""wikipedia_page"": ""NIL"", ""wikidata_id"": ""NIL"" } ``` However, I will try to provide a more detailed analysis. Among the provided candidates, I didn't find a direct match for ""Esther Rosenthal"". But, there is a female candidate named ""neiti Natalia Maligin"" which is not a match, and then there's also ""leskir",0
hidden_test_fi_3,5936,5964,lakintekijä Isak MeijerVogel,NIL,PER,NIL,lakintekijä Isak MeijerVogel,"```json { ""wikipedia_page"": ""NIL"", ""wikidata_id"": ""NIL"" } ```",0
hidden_test_fi_3,5984,6011,kauppias Ha-jim Leib Berman,NIL,PER,Q43845,liikehenkilö,"```json { ""wikipedia_page"": ""liikehenkilö"", ""wikidata_id"": ""Q43845"" } ```",13.382062911987305
hidden_test_fi_3,6013,6038,liikemies BenjaminKamtsan,NIL,PER,Q43845,liikehenkilö,"```json { ""wikipedia_page"": ""liikehenkilö"", ""wikidata_id"": ""Q43845"" } ``` However, given the text provided and the list of candidates, none of them directly match the context of the names listed such as Feodor Gavriloff, Dimitri Fedosejeff, etc. These names do not appear in the provided list of candidates. Since none of the candidates match the entities mentioned between the [ENT] tags with high confidence, the ""wikidata_id"" value is set to ""NIL"". ```json { ""wikipedia_page"": ""NIL"", ""wikidata_id"": ""NIL"" } ```",13.082659721374512
hidden_test_fi_3,6040,6071,tehtailija Haim Idsik Sverdloff,NIL,PER,NIL,tehtailija Haim Idsik Sverdloff,"```json { ""wikipedia_page"": ""NIL"", ""wikidata_id"": ""NIL"" } ```",0
hidden_test_fi_3,6072,6099,liikemies Salomon Rakovitsh,NIL,PER,NIL,liikemies Salomon Rakovitsh,"```json { ""wikipedia_page"": ""NIL"", ""wikidata_id"": ""NIL"" } ```",0
hidden_test_fi_3,6100,6107,Ruotsin,Q34,LOC,Q34,Ruotsi,"```json { ""wikipedia_page"": ""Ruotsi"", ""wikidata_id"": ""Q34"" } ```",22.745105743408203
hidden_test_fi_3,6119,6144,työmies Karl Jo-han Jysky,NIL,PER,Q10509039,,"```json { ""wikipedia_page"": ""Johan Röing"", ""wikidata_id"": ""Q10509039"" } ```",12.693262100219727
hidden_test_fi_3,6148,6168,kasööri Johan Röing:,NIL,PER,NIL,kasööri Johan Röing:,"```json { ""wikipedia_page"": """", ""wikidata_id"": ""NIL"" } ```",0
hidden_test_fi_3,6171,6177,Saksan,Q43287,LOC,Q43287,Saksan keisarikunta,"```json { ""wikipedia_page"": ""Saksan keisarikunta"", ""wikidata_id"": ""Q43287"" } ```",15.261149406433105
hidden_test_fi_3,6189,6209,kaivertaja KarlStein,NIL,PER,NIL,kaivertaja KarlStein,"```json { ""wikipedia_page"": ""Karl Stein (kaivertaja)"", ""wikidata_id"": ""Q39482146"" } ```",0
hidden_test_fi_3,6258,6291,sahatyömies Otto VilhelmHyvärinen,NIL,PER,NIL,sahatyömies Otto VilhelmHyvärinen,"```json { ""wikipedia_page"": ""Nil"", ""wikidata_id"": ""NIL"" } ```",0
hidden_test_fi_3,6334,6350,Pehjois-Suomessa,Q3745730,LOC,Q3745730,Pohjois-Suomi,"```json { ""wikipedia_page"": ""Pohjois-Suomi"", ""wikidata_id"": ""Q3745730"" } ```",21.549907684326172
hidden_test_fi_3,6362,6386,metsänhoitaja V.Roschier,NIL,PER,Q17383341,Rolf Roschier,"```json { ""wikipedia_page"": ""Rolf Roschier"", ""wikidata_id"": ""Q17383341"" } ```",13.533191680908203
hidden_test_fi_3,6406,6418,Kuolajär-ven,Q936067,LOC,Q2389263,Kuolemajärvi,"```json { ""wikipedia_page"": ""Kuolajärvi"", ""wikidata_id"": ""Q2389263"" } ```",23.233009338378906
hidden_test_fi_3,6422,6430,Kuusamon,Q207999,LOC,Q207999,Kuusamo,"```json { ""wikipedia_page"": ""Kuusamo"", ""wikidata_id"": ""Q207999"" } ```",26.12560272216797
hidden_test_fi_3,6921,6935,E. Köhle-rille,NIL,PER,NIL,E. Köhle-rille,"```json { ""wikipedia_page"": ""NIL"", ""wikidata_id"": ""NIL"" } ```",0
hidden_test_fi_3,6937,6947,G. Örnille,NIL,PER,Q6257257,Robert Isidor Örn,"```json { ""wikipedia_page"": ""Robert Isidor Örn"", ""wikidata_id"": ""Q6257257"" } ```",17.184711456298828
hidden_test_fi_3,6949,6966,A. Veledejeffille,NIL,PER,NIL,A. Veledejeffille,"```json { ""wikipedia_page"": ""NIL"", ""wikidata_id"": ""NIL"" } ```",0
hidden_test_fi_3,6968,6983,A.Anderssonille,NIL,PER,NIL,A.Anderssonille,"```json { ""wikidata_id"": ""NIL"", ""wikipedia_page"": """" } ```",0
hidden_test_fi_3,6987,7000,A. Palmenille,NIL,PER,Q11850628,Albin Palmén,"```json { ""wikipedia_page"": ""Albin Palmén"", ""wikidata_id"": ""Q11850628"" } ```",22.202346801757812
hidden_test_fi_3,7020,7036,J. A. Vuoriselle,NIL,PER,Q11866560,Johan Aleksander Auvinen,"```json { ""wikipedia_page"": ""J. A. Vuoriselle"", ""wikidata_id"": ""Q11866560"" } ```",23.363874435424805
hidden_test_fi_3,7040,7048,T.Mäelle,NIL,PER,Q1355353,Taisto Mäki,"```json { ""wikipedia_page"": ""Taisto Mäki"", ""wikidata_id"": ""Q1355353"" } ```",20.911102294921875
hidden_test_fi_3,7070,7084,P. Ryy-näselle,NIL,PER,Q11887185,Pekka Ryynänen,"```json { ""wikipedia_page"": ""Pekka Ryynänen"", ""wikidata_id"": ""Q11887185"" } ```",21.114694595336914
hidden_test_fi_3,7092,7106,J. Markkaselle,NIL,PER,NIL,J. Markkaselle,"```json { ""wikipedia_page"": ""NIL"", ""wikidata_id"": ""NIL"" } ```",0
hidden_test_fi_3,7115,7129,C. Vikman̄ille,NIL,PER,NIL,C. Vikman̄ille,"```json { ""wikipedia_page"": ""NIL"", ""wikidata_id"": ""NIL"" } ```",0
hidden_test_fi_3,7141,7157,T. V.Dammertille,NIL,PER,NIL,T. V.Dammertille,"```json { ""wikipedia_page"": """", ""wikidata_id"": ""NIL"" } ```",0
hidden_test_fi_3,7165,7171,Muolan,Q18681709,LOC,Q18681709,Muolaa,"```json { ""wikipedia_page"": ""Muolaa"", ""wikidata_id"": ""Q18681709"" } ```",22.330791473388672
hidden_test_fi_3,7231,7261,lääket. kand. P. J. Karppinen̄,NIL,PER,Q18677295,lääkintöneuvos,"```json { ""wikipedia_page"": ""lääkintöneuvos"", ""wikidata_id"": ""Q18677295"" } ```",15.073831558227539
hidden_test_fi_3,7264,7281,Karttulan̄ kunnan,Q1734675,LOC,Q1734675,Karttula,"```json { ""wikipedia_page"": ""Karttula"", ""wikidata_id"": ""Q1734675"" } ```",21.411794662475586
hidden_test_fi_3,7306,7331,eläinlääkäri T. P. Harald,NIL,PER,Q18694393,Valvontaeläinlääkäri,"```json { ""wikipedia_page"": ""Valvontaeläinlääkäri"", ""wikidata_id"": ""Q18694393"" } ``` However, after reviewing the text and the list of candidates, I believe the most suitable Wikipedia page title and Wikidata ID for the entity mentioned as [ENT] in the context of ""kunnanlääkäri"" or ""eläinlääkäri T. P. Harald"" would actually be: ```json { ""wikipedia_page"": ""Eläinlääkäri"", ""wikidata_id"": ""Q202883"" } ``` But, since T.P. Harald is a specific individual and not a general term, and he is not found in the provided list of candidates, the appropriate response is: If none of the candidates match with high confidence the entity tagged with [ENT], use the string ""NIL"" as value of the ""wikidata_id"" key. However, in this case, I found a match from the list, so the correct answer is: ```json { ""wikipedia_page"": ""Eläinlääkäri"", ""wikidata_id"": ""Q202",19.199655532836914
hidden_test_fi_3,7668,7674,Suomen,Q33,LOC,Q2867245,Suomi–Venäjä-Seura,"```json { ""wikipedia_page"": ""Suomi–Venäjä-Seura"", ""wikidata_id"": ""Q2867245"" } ``` However, none of the provided candidates perfectly match the context of the text which discusses international relations and transportation between Finland and Russia after the end of the war. Based on the context, a more suitable option would be: ```json { ""wikipedia_page"": ""Suomen ja Venäjän suhteet"", ""wikidata_id"": ""Q87399"" } ``` However, since none of the candidates directly match the text, and given the context involves Finland and Russia's international relations, the best choice based on the provided list and context is the ""Suomi–Venäjä-Seura"" association. However, the actual most fitting choice from the context is not directly listed, so the closest and most appropriate answer from the provided list is: ```json { ""wikipedia_page"": ""NIL"", ""wikidata_id"": ""NIL"" } ``` A more accurate answer could not be given without additional context or a more comprehensive list of candidates. However, the closest and most appropriate answer based on the provided instructions and list is to use ""NIL",15.342707633972168
hidden_test_fi_3,7678,7685,Venäjän,Q159,LOC,Q495735,Suomen ja Venäjän raja,"```json { ""wikipedia_page"": ""Suomen ja Venäjän raja"", ""wikidata_id"": ""Q495735"" } ```",15.688218116760254
hidden_test_fi_3,7902,7933,liikennetarkastaja J. V. Nyholm,NIL,PER,Q18677280,Liikennetarkastaja,"```json { ""wikipedia_page"": ""Liikennetarkastaja"", ""wikidata_id"": ""Q18677280"" } ```",20.481670379638672
hidden_test_fi_3,7950,7983,v.t. liikennetarkastajaF. Enkvist,NIL,PER,Q18677280,Liikennetarkastaja,"```json { ""wikipedia_page"": ""Liikennetarkastaja"", ""wikidata_id"": ""Q18677280"" } ``` However, a more appropriate answer based on the context would be: ```json { ""wikipedia_page"": ""J. V. Nyholm"", ""wikidata_id"": ""Q26037059"" } ``` But since J.V. Nyholm is not in the list of candidates, I will choose the closest match which is: ```json { ""wikipedia_page"": ""Liikennetarkastaja"", ""wikidata_id"": ""Q18677280"" } ``` However, it is not a perfect match. The correct answer should be one of the individuals mentioned in the input text: F. Enkvist or J.V. Nyholm. Since J.V. Nyholm is not in the list, but F. Enkvist is, I will select F. Enkvist as the closest match: ```json { ""wikipedia_page"": ""J. W. Enqvist"", ""wikidata_id"": ""Q20251460"" } No, the correct one should be: ```json { ""wikipedia_page",16.495683670043945
hidden_test_fi_3,7985,8017,ensimäinen kirjuri A. E.Anttonen,NIL,PER,NIL,ensimäinen kirjuri A. E.Anttonen,"```json { ""wikipedia_page"": ""NIL"", ""wikidata_id"": ""NIL"" } ```",0
hidden_test_fi_3,8021,8044,insin̄ööri M. Fran̄zell,NIL,PER,NIL,insin̄ööri M. Fran̄zell,"```json { ""wikipedia_page"": ""Nil"", ""wikidata_id"": ""NIL"" } ```",0
hidden_test_fi_3,8293,8302,Venäjälle,Q159,LOC,Q62633,Suomen suuriruhtinaskunta,"```json { ""wikipedia_page"": ""Suomen suuriruhtinaskunta"", ""wikidata_id"": ""Q62633"" } ```",13.272101402282715
hidden_test_fi_3,8410,8418,Suomesta,Q33,LOC,Q495735,Suomen ja Venäjän raja,"```json { ""wikipedia_page"": ""Suomen ja Venäjän raja"", ""wikidata_id"": ""Q495735"" } ```",13.90898609161377
hidden_test_fi_3,8427,8436,Pietariin,Q656,LOC,Q656,Pietari,"```json { ""wikipedia_page"": ""Pietari"", ""wikidata_id"": ""Q656"" } ```",22.7823486328125
hidden_test_fi_3,8601,8617,VenäjältäSuomeen,Q33,LOC,Q495735,Suomen ja Venäjän raja,"```json { ""wikipedia_page"": ""Suomen ja Venäjän raja"", ""wikidata_id"": ""Q495735"" } ``` However, upon reviewing the input text more closely and the list of candidates, the text does not clearly reference ""Suomen ja Venäjän raja"" as the most appropriate entity. Instead, it seems to be referencing trade routes or cargo transportation between Finland and Russia. Considering this, none of the provided candidates match the entity tagged with [ENT] with high confidence. Therefore, the most appropriate response is to return a NIL value. ```json { ""wikidata_id"": ""NIL"" } ```",14.817354202270508
hidden_test_fi_3,8652,8659,Ber-nin,Q70,LOC,Q45823,Barentsinmeri,"```json { ""wikipedia_page"": ""Barentsinmeri"", ""wikidata_id"": ""Q45823"" } ```",13.68028450012207
hidden_test_fi_3,8716,8740,Helsingin luotsipiirissä,NIL,ORG,Q4303247,Merenkulkulaitos,"```json { ""wikipedia_page"": ""Merenkulkulaitos"", ""wikidata_id"": ""Q4303247"" } ```",21.473724365234375
hidden_test_fi_3,8829,8850,Vaasan lääninvankilan,Q18662700,ORG,Q18662700,Vaasan vankila,"```json { ""wikipedia_page"": ""Vaasan vankila"", ""wikidata_id"": ""Q18662700"" } ```",32.05845642089844
hidden_test_fi_3,8915,8968,Helsingin kuritushuo-neen v.t. johtaja J. K. Tuominen,NIL,PER,NIL,Helsingin kuritushuo-neen v.t. johtaja J. K. Tuominen,"```json { ""wikipedia_page"": ""NIL"", ""wikidata_id"": ""NIL"" } ```",0
hidden_test_fi_3,8970,9040,Hämeenlinnan kuritushuoneen ja työvan-kilan kirjanpitäjä E. A. Pesonen,NIL,PER,Q19818278,Hämeenlinnan vankila,"```json { ""wikipedia_page"": ""Hämeenlinnan kuritushuone"", ""wikidata_id"": ""Q19818278"" } ```",22.06682014465332
hidden_test_fi_3,9044,9078,kruu-nunnimismies Br. Rosenbröijer,NIL,PER,Q106989471,Karl Hjalmar Rosenbröijer,"```json { ""wikipedia_page"": ""Karl Hjalmar Rosenbröijer"", ""wikidata_id"": ""Q106989471"" } ```",14.569573402404785
hidden_test_fi_3,9105,9120,Uudenmaanläänin,Q1372937,LOC,Q1372937,Uudenmaan lääni,"```json { ""wikipedia_page"": ""Uudenmaan lääni"", ""wikidata_id"": ""Q1372937"" } ```",27.95648193359375
hidden_test_fi_3,9145,9214,Porvoonmakkaiskunnan kunnanlääkärin A. Guli-nin Porvoon maalaiskunnan,Q3432834,LOC,Q3432834,Porvoon maalaiskunta,"```json { ""wikipedia_page"": ""Porvoon maalaiskunta"", ""wikidata_id"": ""Q3432834"" } ```",23.688034057617188
hidden_test_fi_3,9248,9275,Porvoon työväenyh-distyksen,NIL,ORG,Q3432834,Porvoon maalaiskunta,"```json { ""wikipedia_page"": ""Porvoon maalaiskunta"", ""wikidata_id"": ""Q3432834"" } ```",20.277816772460938
hidden_test_fi_3,9530,9558,Nurmijärven kunnanvaltuuston,NIL,ORG,Q597156,Nurmijärvi,"```json { ""wikipedia_page"": ""Nurmijärvi"", ""wikidata_id"": ""Q597156"" } ```",32.693397521972656
hidden_test_fi_3,9589,9610,Nurmijärven kun-nassa,Q597156,LOC,Q597156,Nurmijärvi,"```json { ""wikipedia_page"": ""Nurmijärvi"", ""wikidata_id"": ""Q597156"" } ```",28.485429763793945
hidden_test_fi_3,9613,9665,Metsän̄omistajain KeskinäisenMetsäpaloapuyhdistyksen,NIL,ORG,NIL,Metsän̄omistajain KeskinäisenMetsäpaloapuyhdistyksen,"```json { ""wikipedia_page"": """", ""wikidata_id"": ""NIL"" } ```",0
hidden_test_fi_3,9723,9754,nuorempi maanmittariL. A. Tenho,NIL,PER,Q18694287,nuorempi konstaapeli,"```json { ""wikipedia_page"": ""Nuorempi maanmittari"", ""wikidata_id"": ""Q18694287"" } ```",13.600519180297852
hidden_test_fi_4,57,72,J. Gripenbergin,NIL,PER,NIL,J. Gripenbergin,"```json { ""wikipedia_page"": ""NIL"", ""wikidata_id"": ""NIL"" } ``` However, after re-examining the input text and the list of candidates, I notice that the entity ""Gripenberg"" is likely referring to one of the multiple individuals with the last name ""Gripenberg"" mentioned. However, none of the provided candidates match the context perfectly. A more likely candidate could be ""Aleksandra Gripenberg"", but she is not in the provided list. However, based on the given list, none of the candidates have a high confidence match with the context. Therefore, I will return: ```json { ""wikipedia_page"": ""NIL"", ""wikidata_id"": ""NIL"" } ```",0
hidden_test_fi_4,99,143,maanviljelysneuvok-setar Helena Hergbomiltal,NIL,PER,Q4946676,,"```json { ""wikipedia_page"": ""Helena Hergstedt"", ""wikidata_id"": ""Q4946676"" } ```",14.489856719970703
hidden_test_fi_4,212,229,F. M. Franzenilta,Q333297,PER,Q333297,Frans Mikael Franzén,"```json { ""wikipedia_page"": ""Frans Mikael Franzén"", ""wikidata_id"": ""Q333297"" } ```",30.226131439208984
hidden_test_fi_4,234,255,Charlotta Franzenilta,NIL,PER,NIL,Charlotta Franzenilta,"```json { ""wikipedia_page"": """", ""wikidata_id"": ""NIL"" } ```",0
hidden_test_fi_4,264,285,J. F. Valle-niukselta,NIL,PER,Q11866018,Janne Vilkuna,"```json { ""wikipedia_page"": ""NIL"", ""wikidata_id"": ""NIL"" } ``` However, after re-evaluating the input text and the list of candidates, I found that the name ""J. F. Valle-nius"" likely corresponds to ""Janne Vilkuna"" or possibly another profile but none of the exact matches are found in the list. Given the lack of a direct match and the string ""NIL"" is used when none of the candidates match with high confidence, the most appropriate response would be: ```json { ""wikipedia_page"": ""NIL"", ""wikidata_id"": ""Q11866018"" } ``` However, this would be incorrect as it assigns a Wikidata ID to the disambiguation instead of choosing the most appropriate one from the list of candidates when possible. Given that none of the provided names exactly match and the string ""NIL"" is intended for cases where no high confidence match is found, the correct approach is to return: ```json { ""wikipedia_page"": ""NIL"", ""wikidata_id"": ""NIL"" } ``` But since the task requires returning both the Wikipedia page title and Wikidata ID when possible, and given that none",23.53380584716797
hidden_test_fi_4,289,306,F. M. Franzenilta,Q333297,PER,Q333297,Frans Mikael Franzén,"```json { ""wikipedia_page"": ""Frans Mikael Franzén"", ""wikidata_id"": ""Q333297"" } ```",27.14868927001953
hidden_test_fi_4,324,355,vuorineuvoksetar Emilia Julinin,NIL,PER,Q10716791,Julin,"```json { ""wikipedia_page"": ""Julinin suku"", ""wikidata_id"": ""Q10716791"" } ```",17.3455867767334
hidden_test_fi_4,405,417,Oulun läänin,Q202112,LOC,Q202112,Oulun lääni,"```json { ""wikipedia_page"": ""Oulun lääni"", ""wikidata_id"": ""Q202112"" } ```",33.248687744140625
hidden_test_fi_4,471,484,Oulun lääniin,Q202112,LOC,Q202112,Oulun lääni,"```json { ""wikipedia_page"": ""Oulun lääni"", ""wikidata_id"": ""Q202112"" } ```",34.86170959472656
hidden_test_fi_4,508,525,Franzenin suvusta,NIL,PER,Q33093162,Franzen,"```json { ""wikipedia_page"": ""Franzen (sukunimi)"", ""wikidata_id"": ""Q33093162"" } ```",21.61278533935547
hidden_test_fi_4,555,575,Frosterukaen suvusta,NIL,PER,NIL,Frosterukaen suvusta,"```json { ""wikipedia_page"": ""Frosterus-suku"", ""wikidata_id"": ""Q17380308"" } ```",0
hidden_test_fi_4,608,613,Kemin,Q203619,LOC,Q203619,Kemi,"```json { ""wikipedia_page"": ""Kemi"", ""wikidata_id"": ""Q203619"" } ```",23.477298736572266
hidden_test_fi_4,615,625,Rovaniemen,Q103717,LOC,Q18690815,Rovaniemi-Koillismaan rovastikunta,"```json { ""wikipedia_page"": ""Rovaniemi-Koillismaan rovastikunta"", ""wikidata_id"": ""Q18690815"" } ``` However, after re-examining the text and candidates, I realize that a more accurate choice is: ```json { ""wikipedia_page"": ""Rovaniemen maalaiskunta"", ""wikidata_id"": ""Q970512"" } ``` But upon further analysis, the best match for ""[ENT] Rovaniemen [ENT]"" is actually: ```json { ""wikipedia_page"": ""Rovaniemi"", ""wikidata_id"": ""Q103717"" } ``` Given the context of the text, which mentions ""Kemin, Rovaniemen ja Kemijärven pitäjissä 1795"", I am highly confident that the intended disambiguation is for the city of Rovaniemi. If none of these match with high confidence, the correct response would be: ```json { ""wikidata_id"": ""NIL"" } ```",20.7613525390625
hidden_test_fi_4,628,648,Kemijärven pitäjissä,Q744704,LOC,Q744704,Kemijärvi,"```json { ""wikipedia_page"": ""Kemijärvi"", ""wikidata_id"": ""Q744704"" } ```",25.580232620239258
hidden_test_fi_4,965,980,K. H. Tuiskunen,NIL,PER,NIL,K. H. Tuiskunen,"```json { ""wikipedia_page"": ""NIL"", ""wikidata_id"": ""NIL"" } ```",0
hidden_test_fi_4,983,996,O. R. Sjöberg,NIL,PER,NIL,O. R. Sjöberg,"```json { ""wikipedia_page"": ""NIL"", ""wikidata_id"": ""NIL"" } ```",0
hidden_test_fi_4,1008,1017,Tuiskusen,NIL,PER,Q1953218,Huvi Tuiskunen,"```json { ""wikipedia_page"": ""Huvi Tuiskunen"", ""wikidata_id"": ""Q1953218"" } ```",21.709505081176758
hidden_test_fi_4,1095,1129,Hollolan pi-täjän Miekkilän maalta,NIL,LOC,Q990578,Hollola,"```json { ""wikipedia_page"": ""Hollola"", ""wikidata_id"": ""Q990578"" } ```",19.142715454101562
hidden_test_fi_4,1133,1168,Asikkalan pi-täjän Yrjälän metsästä,NIL,LOC,Q11853116,Asikkalan kirkonkylä,"```json { ""wikipedia_page"": ""Asikkalan kirkonkylä"", ""wikidata_id"": ""Q11853116"" } ```",23.46906852722168
hidden_test_fi_4,1172,1201,JalkarannanJaakkolan metsästä,NIL,LOC,Q18659455,Jalkaranta,"```json { ""wikipedia_page"": ""Jalkaranta"", ""wikidata_id"": ""Q18659455"" } ```",19.91008949279785
hidden_test_fi_4,1205,1231,Nakkolan Alastalonmetsästä,NIL,LOC,Q1009109,Nakkila,"```json { ""wikipedia_page"": ""Nakkila"", ""wikidata_id"": ""Q1009109"" } ```",21.755281448364258
hidden_test_fi_4,1237,1264,Nakkolan Hannulan met-sästä,NIL,LOC,NIL,Nakkolan Hannulan met-sästä,"```json { ""wikipedia_page"": ""NIL"", ""wikidata_id"": ""NIL"" } ```",0
hidden_test_fi_4,1266,1273,Sjöberg,NIL,PER,NIL,Sjöberg,"```json { ""wikipedia_page"": ""NIL"", ""wikidata_id"": ""NIL"" } ```",0
hidden_test_fi_4,1278,1331,Raippaluodolta Halm-backenilta Wallgrundin ylikylästä,NIL,LOC,Q56401759,Ragvaldsin museoalue,"```json { ""wikipedia_page"": ""Halm-backen"", ""wikidata_id"": ""Q56401759"" } ```",17.199983596801758
hidden_test_fi_4,1773,1819,Yhdistyksen stipendiaateilta S. Paula-harjulta,Q6037597,PER,Q11889008,Pukaron kartano,"```json { ""wikipedia_page"": ""Pukaron kartano"", ""wikidata_id"": ""Q11889008"" } ```",13.504900932312012
hidden_test_fi_4,1823,1834,M. Tuokolta,NIL,PER,NIL,M. Tuokolta,"```json { ""wikipedia_page"": """", ""wikidata_id"": ""NIL"" } ```",0
hidden_test_fi_4,1888,1897,Aunnuksen,Q49583,LOC,Q49583,Aunus,"```json { ""wikipedia_page"": ""Aunus"", ""wikidata_id"": ""Q49583"" } ```",12.35084342956543
hidden_test_fi_4,1921,1937,Onta-reen kylään,NIL,LOC,Q16022254,Ontajärvi,"```json { ""wikipedia_page"": ""Ontajärvi"", ""wikidata_id"": ""Q16022254"" } ```",14.769486427307129
hidden_test_fi_4,1958,1974,Maanse-länkylään,NIL,LOC,Q11880386,Maanselkä,"```json { ""wikipedia_page"": ""Maanselkä"", ""wikidata_id"": ""Q11880386"" } ```",21.500991821289062
hidden_test_fi_4,2257,2294,Jaalan kirkkoherran F. V. Holmingilta,NIL,PER,Q12364788,Jaalan kirkonkylä,"```json { ""wikipedia_page"": ""Jaalan kylä"", ""wikidata_id"": ""Q12364788"" } ``` However, after reviewing the input text and the list of candidates, I found that Jaalan kylä is not the most appropriate entity mentioned in the text. The text mentions Jaalan kirkkoherra F. V. Holming and Jaalan kirkko. A more suitable choice is Jaala, which refers to the municipality where Jaalan kylä is located. However, Jaala is not available in the list of candidates. The closest match in the list is Jaalan kylä, but it seems to refer to a specific village rather than the municipality. The next best match would be Jaala, but it is not in the list. Given the list of candidates, the best choice I can make is Jaalan kylä, but it's important to note that this might not be the most accurate disambiguation. However, since Jaala is not in the list and none of the other candidates clearly match, I will provide the answer with Jaalan kylä. If none of the candidates match with high confidence, I could return ""NIL"" as the",19.442031860351562
hidden_test_fi_4,2307,2313,Jaalan,Q1011082,LOC,Q18659446,Jaalan kirkko,"```json { ""wikipedia_page"": ""Jaalan kirkko"", ""wikidata_id"": ""Q18659446"" } ```",16.264667510986328
hidden_test_fi_4,2494,2521,SchweizerischenLandesmuseum,Q691896,ORG,Q2256718,Sveitsin kansallismuseo,"```json { ""wikipedia_page"": ""Sveitsin kansallismuseo"", ""wikidata_id"": ""Q2256718"" } ```",22.95088005065918
hidden_test_fi_4,2821,2841,tohtori Ilmari Krohn,Q1253064,PER,Q1253064,Ilmari Krohn,"```json { ""wikipedia_page"": ""Ilmari Krohn"", ""wikidata_id"": ""Q1253064"" } ```",19.088197708129883
hidden_test_fi_4,2843,2867,maisteritArthur Leinberg,NIL,PER,NIL,maisteritArthur Leinberg,"```json { ""wikipedia_page"": """", ""wikidata_id"": ""NIL"" } ```",0
hidden_test_fi_4,2869,2881,Yrjö Jansson,NIL,PER,NIL,Yrjö Jansson,"```json { ""wikipedia_page"": ""NIL"", ""wikidata_id"": ""NIL"" } ```",0
hidden_test_fi_4,2883,2896,Uno Si-relius,NIL,PER,Q6177077,Uuno Taavi Sirelius,"```json { ""wikipedia_page"": ""Uuno Taavi Sirelius"", ""wikidata_id"": ""Q6177077"" } ```",32.10401916503906
hidden_test_fi_4,2898,2914,Invald Sourander,NIL,PER,Q85979876,Ingwald Sourander,"```json { ""wikipedia_page"": ""Ingvald Sourander"", ""wikidata_id"": ""Q85979876"" } ```",33.40087890625
hidden_test_fi_4,2918,2928,Arvid Göös,NIL,PER,NIL,Arvid Göös,"```json { ""wikipedia_page"": """", ""wikidata_id"": ""NIL"" } ```",0
hidden_test_fi_4,2929,2954,Professori J. J. Tikkanen,Q6210955,PER,Q6210955,Johan Jakob Tikkanen,"```json { ""wikipedia_page"": ""Johan Jakob Tikkanen"", ""wikidata_id"": ""Q6210955"" } ```",22.781827926635742
hidden_test_fi_4,3661,3697,Ruotsalaisella kirjalli-suusseuralla,NIL,ORG,Q769544,Svenska litteratursällskapet i Finland,"```json { ""wikipedia_page"": ""Svenska litteratursällskapet i Finland"", ""wikidata_id"": ""Q769544"" } ```",23.601028442382812
hidden_test_fi_4,3838,3859,Prof. C. v. Bonsdorff,Q5581962,PER,Q5581962,Carl Gabriel von Bonsdorff,"```json { ""wikipedia_page"": ""Carl Gabriel von Bonsdorff"", ""wikidata_id"": ""Q5581962"" } ```",21.09993553161621
hidden_test_fi_4,3884,3909,taitellija Th. Vaenerberg,NIL,PER,NIL,taitellija Th. Vaenerberg,"```json { ""wikipedia_page"": ""NIL"", ""wikidata_id"": ""NIL"" } ```",0
hidden_test_fi_4,3914,3923,Ru-neberg,Q215339,PER,Q933290,Runeberg-projekti,"```json { ""wikipedia_page"": ""Runeberg-projekti"", ""wikidata_id"": ""Q933290"" } ```",8.761241912841797
hidden_test_fi_4,3938,3945,Holland,Q55,LOC,Q12822538,,"```json { ""wikipedia_page"": ""De Gids"", ""wikidata_id"": ""Q12822538"" } ```",12.96063232421875
hidden_test_fi_4,3947,3956,C. Honigh,NIL,PER,NIL,C. Honigh,"```json { ""wikidata_id"": ""NIL"", ""wikipedia_page"": """" } ```",0
hidden_test_fi_4,3958,3985,valtionarkkivario R. Hausen,NIL,PER,NIL,valtionarkkivario R. Hausen,"```json { ""wikipedia_page"": ""NIL"", ""wikidata_id"": ""NIL"" } ```",0
hidden_test_fi_4,4002,4016,auditör Ekmans,NIL,PER,NIL,auditör Ekmans,"```json { ""wikipedia_page"": ""NIL"", ""wikidata_id"": ""NIL"" } ```",0
hidden_test_fi_4,4025,4043,rehtori M. Brenner,Q4096302,PER,Q3431614,Elias Brenner,"```json { ""wikipedia_page"": ""Elias Brenner"", ""wikidata_id"": ""Q3431614"" } ```",12.37093734741211
hidden_test_fi_4,4095,4103,Fin-land,Q62633,LOC,Q40606,suomalainen keittiö,"```json { ""wikipedia_page"": ""suomalainen keittiö"", ""wikidata_id"": ""Q40606"" } ```",13.29737663269043
hidden_test_fi_4,4125,4132,Finland,Q62633,LOC,NIL,Finland,"```json { ""wikipedia_page"": ""Ruotsalaisella kirjallisuusseuralla"", ""wikidata_id"": ""Q1043272"" } ``` However, since the correct candidate from the list is ""Ruotsalainen kirjallisuusseura"", the Wikidata ID and the Wikipedia page should correspond to it. The correct answer is: ```json { ""wikipedia_page"": ""Ruotsalainen kirjallisuusseura"", ""wikidata_id"": ""Q1043272"" } ```",0
hidden_test_fi_4,4134,4160,vapahra Magnus Stackelberg,NIL,PER,Q6186403,Magnus Stackelberg,"```json { ""wikipedia_page"": ""Magnus Stackelberg"", ""wikidata_id"": ""Q6186403"" } ```",12.662848472595215
hidden_test_fi_4,4197,4211,Ra-pattilagärd,NIL,LOC,NIL,Ra-pattilagärd,"```json { ""wikipedia_page"": """", ""wikidata_id"": ""NIL"" } ```",0
hidden_test_fi_4,4214,4228,Viborgs socken,Q3433707,LOC,Q14657,Viipuri,"```json { ""wikipedia_page"": ""Viipuri"", ""wikidata_id"": ""Q14657"" } ```",20.520009994506836
hidden_test_fi_4,4237,4245,Runeberg,Q215339,PER,Q215339,Johan Ludvig Runeberg,"```json { ""wikipedia_page"": ""Johan Ludvig Runeberg"", ""wikidata_id"": ""Q215339"" } ```",20.705373764038086
hidden_test_fi_4,4260,4276,rva M.Kiseleffin,NIL,PER,NIL,rva M.Kiseleffin,"```json { ""wikipedia_page"": ""NIL"", ""wikidata_id"": ""NIL"" } ```",0
hidden_test_fi_4,4301,4312,Rune-bergin,Q215339,PER,Q215339,Johan Ludvig Runeberg,"```json { ""wikipedia_page"": ""Johan Ludvig Runeberg"", ""wikidata_id"": ""Q215339"" } ```",23.97885513305664
hidden_test_fi_4,4362,4387,taiteilija Th. Vaenerberg,NIL,PER,Q6228261,Thorsten Waenerberg,"```json { ""wikipedia_page"": ""Th. Vaenerberg"", ""wikidata_id"": ""Q6228261"" } ```",18.94156265258789
hidden_test_fi_4,4393,4433,hollantilaisessa aikakauskirjassa DeGids,Q1816042,PROD,Q105208121,,"```json { ""wikipedia_page"": ""De Gids"", ""wikidata_id"": ""Q105208121"" } ```",12.8552827835083
hidden_test_fi_4,4476,4487,C. Honighin,NIL,PER,Q4684797,Adriaen Honich,"```json { ""wikipedia_page"": ""Cornelis Honich"", ""wikidata_id"": ""Q4684797"" } ```",21.19438934326172
hidden_test_fi_4,4500,4519,J. L. Ru-nebergistä,Q215339,PER,Q215339,Johan Ludvig Runeberg,"```json { ""wikipedia_page"": ""Johan Ludvig Runeberg"", ""wikidata_id"": ""Q215339"" } ```",35.08110046386719
hidden_test_fi_4,4521,4541,lehtori F. V. Inberg,NIL,PER,Q106120,Johannes Ilberg,"```json { ""wikipedia_page"": ""Johannes Ilberg"", ""wikidata_id"": ""Q106120"" } ```",13.89080810546875
hidden_test_fi_4,4568,4578,Runebergin,Q215339,PER,Q215339,Johan Ludvig Runeberg,"```json { ""wikipedia_page"": ""Johan Ludvig Runeberg"", ""wikidata_id"": ""Q215339"" } ```",24.885591506958008
hidden_test_fi_4,4589,4611,Ottovon Nordenskjöldin,NIL,PER,NIL,Ottovon Nordenskjöldin,"```json { ""wikipedia_page"": ""NIL"", ""wikidata_id"": ""NIL"" } ```",0
hidden_test_fi_4,4639,4649,Runebergin,Q215339,PER,Q215339,Johan Ludvig Runeberg,"```json { ""wikipedia_page"": ""Johan Ludvig Runeberg"", ""wikidata_id"": ""Q215339"" } ```",20.76178550720215
hidden_test_fi_4,4667,4709,toh-torinna Juslin rva Fredrika Runebergin,Q465687,PER,Q215339,Johan Ludvig Runeberg,"```json { ""wikipedia_page"": ""Johan Ludvig Runeberg"", ""wikidata_id"": ""Q215339"" } ```",12.143656730651855
hidden_test_fi_4,4720,4744,Valtionarkkivario Hausen,NIL,PER,Q3431655,Reinhold Hausen,"```json { ""wikipedia_page"": ""Reinhold Hausen"", ""wikidata_id"": ""Q3431655"" } ```",17.832199096679688
hidden_test_fi_4,4753,4791,Tukholman kusinkaallisessa kirjastossa,Q953058,ORG,Q18660047,Turun yliopiston kirjasto,"```json { ""wikipedia_page"": ""Turun yliopiston kirjasto"", ""wikidata_id"": ""Q18660047"" } ``` However, after re-examining the text, it seems more likely that the entity being disambiguated is actually related to the national library or the census, which is not present in the list of candidates. Therefore, the most appropriate response is to use the string ""NIL"" as the value of the ""wikidata_id"" key: ```json { ""wikipedia_page"": """", ""wikidata_id"": ""NIL"" } ```",25.883399963378906
hidden_test_fi_4,4800,4822,kapt. E. G. Henschenin,NIL,PER,NIL,kapt. E. G. Henschenin,"```json { ""wikipedia_page"": ""NIL"", ""wikidata_id"": ""NIL"" } ```",0
hidden_test_fi_4,4866,4875,Fin-lande,Q33,LOC,Q202808,Suomen historia,"```json { ""wikipedia_page"": ""Suomen historia"", ""wikidata_id"": ""Q202808"" } ``` However, based on the provided text, a more accurate answer would be: Since the text does not clearly match any of the provided candidates, but mentions ""Suomi"" which refers to Finland, I would select the ""Suomi"" wikipedia page as the most relevant match, which corresponds to the Wikidata ID ""Q33"". ```json { ""wikipedia_page"": ""Suomi"", ""wikidata_id"": ""Q33"" } ``` Alternatively, if none of the candidates match with high confidence, the string ""NIL"" would be used as the value of the ""wikidata_id"" key. ```json { ""wikipedia_page"": """", ""wikidata_id"": ""NIL"" } ``` However, given the context of the text, I believe the first two options are more appropriate.",14.795698165893555
hidden_test_fi_4,4954,4962,Pariisin,Q90,LOC,Q142,Ranska,"```json { ""wikipedia_page"": ""Ranska"", ""wikidata_id"": ""Q142"" } ```",12.53833293914795
hidden_test_fi_4,4976,4998,professori A. Donnerin,NIL,PER,Q16170461,J. O. E. Donner,"```json { ""wikipedia_page"": ""J. O. E. Donner"", ""wikidata_id"": ""Q16170461"" } ```",18.883283615112305
hidden_test_fi_4,5084,5113,Pa-riisin kansalliskirjastoon,Q193563,ORG,Q420747,Kansalliskirjasto,"```json { ""wikipedia_page"": ""Kansalliskirjasto"", ""wikidata_id"": ""Q420747"" } ```",22.945341110229492
hidden_test_fi_4,5215,5226,Helsingissä,Q1757,LOC,Q1757,Helsinki,"```json { ""wikipedia_page"": ""Helsinki"", ""wikidata_id"": ""Q1757"" } ```",25.340761184692383
hidden_test_fi_4,5228,5235,Turussa,Q38511,LOC,Q38511,Turku,"```json { ""wikipedia_page"": ""Turku"", ""wikidata_id"": ""Q38511"" } ```",22.849788665771484
hidden_test_fi_4,5237,5248,Tampereella,Q40840,LOC,Q40840,Tampere,"```json { ""wikipedia_page"": ""Tampere"", ""wikidata_id"": ""Q40840"" } ```",24.65380859375
hidden_test_fi_4,5251,5261,Viipurissa,Q14657,LOC,Q2272243,Viipurin linna,"```json { ""wikipedia_page"": ""Viipurin linna"", ""wikidata_id"": ""Q2272243"" } ```",15.411293983459473
hidden_test_fi_5,188,203,Herra Kanniston,Q1101841,PER,Q1101841,Artturi Kannisto,"```json { ""wikipedia_page"": ""Artturi Kannisto"", ""wikidata_id"": ""Q1101841"" } ```",20.92179298400879
hidden_test_fi_5,437,446,Englannin,Q21,LOC,NIL,Englannin,"```json { ""wikipedia_page"": ""Etelä-Afrikan politiikka"", ""wikidata_id"": ""Q79314"" } ``` However, since ""Etelä-Afrikan politiikka"" is not available in the provided list of candidates, I will select the next most relevant option which is ""Etelä-Afrikka"" with Wikidata ID ""Q258"". But since the context clearly indicates that the focus is on political matters related to the British Empire and its colonies, and given that ""Etelä-Afrikan politiikka"" is not in the list, I will select the next best available option which is not perfect, but the most contextually relevant: ```json { ""wikipedia_page"": ""Brittiläinen imperiumi"", ""wikidata_id"": ""Q8680"" } ``` However, a more appropriate choice based on the text's context would be: ```json { ""wikipedia_page"": ""Etelä-Afrikan politiikka"", ""wikidata_id"": ""NIL"" } ``` Or alternatively, considering the context: ```json { ""wikipedia_page"": ""Y",0
hidden_test_fi_5,586,598,Englannis-sa,Q21,LOC,Q222595,Britannian armeija,"```json { ""wikipedia_page"": ""Britannian armeija"", ""wikidata_id"": ""Q222595"" } ``` However, based on the context provided in the input text, a more accurate disambiguation would be: ```json { ""wikipedia_page"": ""Englanti"", ""wikidata_id"": ""Q21"" } ``` This choice is more appropriate as the text primarily discusses the ""alituisesta painajaisesta"" and ""kompastusten vaarasta"" faced by ""kirjailijat"" and refers to the ""koko tämän onnettomman sodan aikana"" which suggests an event related to a conflict, likely the Second Boer War. The term ""Englannin"" is used to refer to England, which was a participant in the war. Alternatively, if none of the provided candidates match with high confidence, the result should be: ```json { ""wikidata_id"": ""NIL"" } ```",12.509588241577148
hidden_test_fi_5,626,639,Vlakfonteinin,Q7939001,LOC,Q37701,Bloemfontein,"```json { ""wikipedia_page"": ""Bloemfontein"", ""wikidata_id"": ""Q37701"" } ```",11.902854919433594
hidden_test_fi_5,737,746,Englannin,Q21,LOC,Q21,Englanti,"```json { ""wikipedia_page"": ""Englanti"", ""wikidata_id"": ""Q21"" } ```",21.134124755859375
hidden_test_fi_5,856,861,Jobin,Q179962,PER,Q4577,Jobin kirja,"```json { ""wikipedia_page"": ""Jobin kirja"", ""wikidata_id"": ""Q4577"" } ```",12.274683952331543
hidden_test_fi_5,908,932,Buueriken-raalien Kempin,Q3161690,PER,Q188201,buurit,"```json { ""wikipedia_page"": ""Etelä-Afrikan buurit"", ""wikidata_id"": ""Q188201"" } ```",13.058597564697266
hidden_test_fi_5,936,949,Kruitzingerin,Q7192784,PER,Q71024,Klaus von Klitzing,"```json { ""wikipedia_page"": ""Klaus von Klitzing"", ""wikidata_id"": ""Q71024"" } ```",16.477861404418945
hidden_test_fi_5,975,985,Kap-maassa,Q370736,LOC,Q370736,Kapmaa,"```json { ""wikipedia_page"": ""Kapmaa"", ""wikidata_id"": ""Q370736"" } ```",20.245676040649414
hidden_test_fi_5,1042,1057,kenraali French,Q335059,PER,Q63715,Hermann von François,"```json { ""wikipedia_page"": ""Hermann von François"", ""wikidata_id"": ""Q63715"" } ```",14.493200302124023
hidden_test_fi_5,1101,1111,Kapmaas-sa,Q370736,LOC,Q370736,Kapmaa,"```json { ""wikipedia_page"": ""Kapmaa"", ""wikidata_id"": ""Q370736"" } ```",16.94459342956543
hidden_test_fi_5,1169,1183,Johannesburgin,Q34647,LOC,Q34647,Johannesburg,"```json { ""wikipedia_page"": ""Johannesburg"", ""wikidata_id"": ""Q34647"" } ```",19.48702621459961
hidden_test_fi_5,1215,1224,Englannin,Q21,LOC,Q21,Englanti,"```json { ""wikipedia_page"": ""Englanti"", ""wikidata_id"": ""Q21"" } ```",21.0914306640625
hidden_test_fi_6,149,164,kapteeni Ruthin,Q6084483,PER,Q91312978,Knut Henrik Albert Ruth,"```json { ""wikipedia_page"": ""Knut Henrik Albert Ruth"", ""wikidata_id"": ""Q91312978"" } ```",12.311220169067383
hidden_test_fi_6,374,389,kapteeni Ruthin,Q6084483,PER,Q91312978,Knut Henrik Albert Ruth,"```json { ""wikipedia_page"": ""Knut Henrik Albert Ruth"", ""wikidata_id"": ""Q91312978"" } ```",10.619532585144043
hidden_test_fi_6,423,429,Suomen,Q62633,LOC,Q62633,Suomen suuriruhtinaskunta,"```json { ""wikipedia_page"": ""Suomen suuriruhtinaskunta"", ""wikidata_id"": ""Q62633"" } ```",13.751874923706055
hidden_test_fi_6,476,489,kapteeni Ruth,Q6084483,PER,Q91312978,Knut Henrik Albert Ruth,"```json { ""wikipedia_page"": ""Knut Henrik Albert Ruth"", ""wikidata_id"": ""Q91312978"" } ```",10.28080940246582
hidden_test_fi_6,534,546,kapteeniRuth,Q6084483,PER,Q91312978,Knut Henrik Albert Ruth,"```json { ""wikipedia_page"": ""Knut Henrik Albert Ruth"", ""wikidata_id"": ""Q91312978"" } ```",12.218887329101562
hidden_test_fi_6,726,741,kapteeni Ruthin,Q6084483,PER,Q91312978,Knut Henrik Albert Ruth,"```json { ""wikipedia_page"": ""Knut Henrik Albert Ruth"", ""wikidata_id"": ""Q91312978"" } ```",11.940317153930664
hidden_test_fi_6,850,866,Wilhelm Wendelin,NIL,PER,NIL,Wilhelm Wendelin,"```json { ""wikipedia_page"": """", ""wikidata_id"": ""NIL"" } ```",0
hidden_test_fi_6,867,880,Juho Lehtinen,NIL,PER,NIL,Juho Lehtinen,"```json { ""wikipedia_page"": ""NIL"", ""wikidata_id"": ""NIL"" } ```",0
hidden_test_fi_6,881,897,Asiamies Castrén,Q5604855,PER,Q106323714,Johannes Castrén,"```json { ""wikipedia_page"": ""Johan Castrén"", ""wikidata_id"": ""Q106323714"" } ```",11.568258285522461
hidden_test_fi_6,1175,1191,Asiamies Karsten,NIL,PER,NIL,Asiamies Karsten,"```json { ""wikipedia_page"": ""NIL"", ""wikidata_id"": ""NIL"" } ```",0
hidden_test_fi_6,1304,1326,Hufvud-stadsbladetissa,Q613979,PROD,Q613979,Hufvudstadsbladet,"```json { ""wikipedia_page"": ""Hufvudstadsbladet"", ""wikidata_id"": ""Q613979"" } ```",22.0159969329834
hidden_test_fi_6,1626,1642,kap-teeni Ruthin,Q6084483,PER,NIL,kap-teeni Ruthin,"```json { ""wikipedia_page"": ""NIL"", ""wikidata_id"": ""NIL"" } ```",0
hidden_test_fi_6,1956,1968,Kapt. Ruthin,Q6084483,PER,Q91312978,Knut Henrik Albert Ruth,"```json { ""wikipedia_page"": ""Knut Henrik Albert Ruth"", ""wikidata_id"": ""Q91312978"" } ```",11.709744453430176
hidden_test_fi_6,2048,2081,Rouwa Aino Ackté=Renwal=lin Tosca,Q64005751,PER,Q259161,Aino Ackté,"```json { ""wikipedia_page"": ""Aino Ackté"", ""wikidata_id"": ""Q259161"" } ```",15.389588356018066
hidden_test_fi_6,2254,2262,Scarpian,Q64005719,PER,NIL,Scarpian,"```json { ""wikidata_id"": ""NIL"", ""wikipedia_page"": """" } ```",0
hidden_test_fi_6,2335,2345,rwa Acktén,Q259161,PER,Q259161,Aino Ackté,"```json { ""wikipedia_page"": ""Aino Ackté"", ""wikidata_id"": ""Q259161"" } ```",8.447105407714844
hidden_test_fi_6,2434,2447,Ca=waradossin,Q64005951,PER,NIL,Ca=waradossin,"```json { ""wikipedia_page"": ""Tosca (ooppera)"", ""wikidata_id"": ""Q12612"" } ```",0
hidden_test_fi_6,2600,2614,rouwa Acktélla,Q259161,PER,Q259161,Aino Ackté,"```json { ""wikipedia_page"": ""Aino Ackté"", ""wikidata_id"": ""Q259161"" } ```",15.827691078186035
hidden_test_fi_6,2710,2722,rouwa Acktén,Q259161,PER,Q259161,Aino Ackté,"```json { ""wikipedia_page"": ""Aino Ackté"", ""wikidata_id"": ""Q259161"" } ```",15.667986869812012
hidden_test_fi_6,2742,2764,Nti Signe Liljeqwistin,Q4962176,PER,Q4962176,Signe Liljequist,"```json { ""wikipedia_page"": ""Signe Liljequist"", ""wikidata_id"": ""Q4962176"" } ```",14.268980026245117
hidden_test_fi_6,2876,2883,neitiL.,Q4962176,PER,Q4962176,Signe Liljequist,"```json { ""wikipedia_page"": ""Signe Liljequist"", ""wikidata_id"": ""Q4962176"" } ```",10.974559783935547
hidden_test_fi_6,3140,3148,Puccinin,Q7311,PER,Q7311,Giacomo Puccini,"```json { ""wikipedia_page"": ""Giacomo Puccini"", ""wikidata_id"": ""Q7311"" } ```",21.782419204711914
hidden_test_fi_6,3463,3468,O. M.,NIL,PER,Q4115482,Otto Manninen,"```json { ""wikipedia_page"": ""Otto Manninen"", ""wikidata_id"": ""Q4115482"" } ```",8.463664054870605
hidden_test_fi_6,3470,3490,Kansallisteatterissa,Q1200969,LOC,Q108560166,Suomen Kansallisteatteri,"```json { ""wikipedia_page"": ""Suomen Kansallisteatteri"", ""wikidata_id"": ""Q108560166"" } ```",30.515840530395508
hidden_test_fi_7,269,280,Kol=pinjoen,NIL,LOC,NIL,Kol=pinjoen,"```json { ""wikipedia_page"": """", ""wikidata_id"": ""NIL"" } ```",0
hidden_test_fi_7,308,342,her=rojen Sposabin=Koltinin tehdas,NIL,ORG,Q18689031,Oravaisten tehdas,"```json { ""wikipedia_page"": ""Oravaisen tehdas"", ""wikidata_id"": ""Q18689031"" } ```",10.093441009521484
hidden_test_fi_7,565,588,Eräs talonpojista Uhlow,NIL,PER,NIL,Eräs talonpojista Uhlow,"```json { ""wikipedia_page"": ""NIL"", ""wikidata_id"": ""NIL"" } ```",0
hidden_test_fi_7,777,782,Uhlow,NIL,PER,Q18682765,Uhlu,"```json { ""wikipedia_page"": ""Uhlu"", ""wikidata_id"": ""Q18682765"" } ```",11.782774925231934
hidden_test_fi_7,936,946,Sposobinta,NIL,PER,NIL,Sposobinta,"```json { ""wikipedia_page"": """", ""wikidata_id"": ""NIL"" } ```",0
hidden_test_fi_7,950,958,Koltinia,NIL,PER,Q1673765,koltat,"```json { ""wikipedia_page"": ""koltat"", ""wikidata_id"": ""Q1673765"" } ```",7.7783660888671875
hidden_test_fi_7,1025,1030,Uhlow,NIL,PER,Q18682765,Uhlu,"```json { ""wikipedia_page"": ""Uhlo"", ""wikidata_id"": ""Q18682765"" } ```",7.957452774047852
hidden_test_fi_7,1220,1225,Uhlow,NIL,PER,Q18682765,Uhlu,"```json { ""wikipedia_page"": ""Uhlw"", ""wikidata_id"": ""Q18682765"" } ```",10.885941505432129
hidden_test_fi_7,1422,1435,Tschernikowin,NIL,LOC,NIL,Tschernikowin,"```json { ""wikipedia_page"": ""NIL"", ""wikidata_id"": ""NIL"" } ```",0
hidden_test_fi_7,1713,1720,Soljkow,NIL,PER,NIL,Soljkow,"```json { ""wikipedia_page"": ""NIL"", ""wikidata_id"": ""NIL"" } ```",0
hidden_test_fi_7,1857,1864,Ongista,NIL,LOC,Q41602,Ohotanmeri,"```json { ""wikipedia_page"": ""Ohotanmeri"", ""wikidata_id"": ""Q41602"" } ```",7.3688178062438965
hidden_test_fi_7,2012,2021,Ottawista,Q1930,LOC,Q1490,Tokio,"```json { ""wikipedia_page"": ""Tokio"", ""wikidata_id"": ""Q1490"" } ```",15.220638275146484
hidden_test_fi_7,2038,2055,Ka=nadan hallitus,NIL,ORG,Q2458227,Kanadan hallitus,"```json { ""wikipedia_page"": ""Kanadan hallitus"", ""wikidata_id"": ""Q2458227"" } ```",8.413396835327148
hidden_test_fi_7,2082,2092,Lontooseen,Q84,LOC,Q1490,Tokio,"```json { ""wikipedia_page"": ""Tokio"", ""wikidata_id"": ""Q1490"" } ```",14.77276611328125
hidden_test_fi_7,2251,2262,Sahalinille,Q7792,LOC,Q7792,Sahalin,"```json { ""wikipedia_page"": ""Sahalin"", ""wikidata_id"": ""Q7792"" } ```",17.28543472290039
hidden_test_fi_7,2263,2268,Witte,NIL,PER,Q155329,Sergei Witte,"```json { ""wikipedia_page"": ""Sergei Witte"", ""wikidata_id"": ""Q155329"" } ```",4.6247968673706055
hidden_test_fi_7,2278,2287,Parisista,Q90,LOC,Q90,Pariisi,"```json { ""wikipedia_page"": ""Pariisi"", ""wikidata_id"": ""Q90"" } ```",25.052448272705078
hidden_test_fi_7,2305,2310,Witte,NIL,PER,NIL,Witte,"```json { ""wikipedia_page"": """", ""wikidata_id"": ""NIL"" } ```",0
hidden_test_fi_7,2324,2332,Parisiin,Q90,LOC,Q167646,Paris,"```json { ""wikipedia_page"": ""Paris"", ""wikidata_id"": ""Q167646"" } ``` However, after re-evaluating the input text and the list of candidates, I believe the most appropriate selection is the city of Paris as the reference to [ENT] is likely referring to the city itself, rather than the mythological character. But given the context, the closest match from the list is not directly related to the city of Paris, which is `Q167646` (a Greek mythological character named Paris). However, considering the list and context, the correct interpretation might be the city of Pisa which is not in the list, or the city of Paris Texas which is also not in the list. But since the exact match is not found in the list and considering the context, the best possible match is `Q167646` but this is not the city of Paris. But since the city of Paris is not directly listed and the correct interpretation is not clear from the context and the list, the correct answer would be to use the string ""NIL"" as value of the ""wikidata_id"" key, because none of the candidates match with high confidence the entity tagged with [ENT]. So the correct answer",18.64153480529785
hidden_test_fi_7,2333,2342,Nebogatow,Q967806,PER,Q967806,Nikolai Nebogatov,"```json {""wikipedia_page"": ""Nikolai Nebogatov"", ""wikidata_id"": ""Q967806""} ```",22.4340877532959
hidden_test_fi_7,2356,2364,Tokiosta,Q1490,LOC,Q1490,Tokio,"```json { ""wikipedia_page"": ""Tokio"", ""wikidata_id"": ""Q1490"" } ```",27.62131118774414
hidden_test_fi_7,2381,2399,Amiraali Nebogatow,Q967806,PER,Q967806,Nikolai Nebogatov,"```json { ""wikipedia_page"": ""Nikolai Nebogatov"", ""wikidata_id"": ""Q967806"" } ```",18.42957878112793
hidden_test_fi_7,2405,2421,kapteenitSmirnow,NIL,PER,Q2495789,Miinafregatti Ladoga,"```json { ""wikipedia_page"": ""Miinafregatti Ladoga"", ""wikidata_id"": ""Q2495789"" } ```",12.392719268798828
hidden_test_fi_7,2423,2432,Grigoriew,NIL,PER,Q540752,Grigori Orlov,"```json { ""wikipedia_page"": ""Grigori Orlov"", ""wikidata_id"": ""Q540752"" } ```",12.606769561767578
hidden_test_fi_7,2434,2440,Lishin,NIL,PER,Q167828,Lev Jašin,"```json { ""wikipedia_page"": ""Lev Jašin"", ""wikidata_id"": ""Q167828"" } ```",10.170374870300293
hidden_test_fi_7,2506,2520,Roshestwenskin,Q453702,PER,Q453702,Zinovi Rožestvenski,"```json { ""wikipedia_page"": ""Zinovi Rožestvenski"", ""wikidata_id"": ""Q453702"" } ```",19.564586639404297
hidden_test_fi_7,2529,2537,Tokiosta,Q1490,LOC,Q1490,Tokio,"```json { ""wikipedia_page"": ""Tokio"", ""wikidata_id"": ""Q1490"" } ```",22.216228485107422
hidden_test_fi_7,2556,2578,Amiraali Roshestwenski,Q453702,PER,Q453702,Zinovi Rožestvenski,"```json { ""wikipedia_page"": ""Zinovi Rožestvenski"", ""wikidata_id"": ""Q453702"" } ```",17.885801315307617
hidden_test_fi_7,2634,2644,Fushimassa,NIL,LOC,Q161176,Fukushima,"```json { ""wikipedia_page"": ""Fushimi"", ""wikidata_id"": ""Q161176"" } ```",20.87755584716797
hidden_test_fi_7,2653,2661,Tokiosta,Q1490,LOC,Q1490,Tokio,"```json { ""wikipedia_page"": ""Tokio"", ""wikidata_id"": ""Q1490"" } ```",21.181316375732422
hidden_test_fi_7,2693,2710,komentaja Boisman,NIL,PER,NIL,komentaja Boisman,"```json { ""wikipedia_page"": ""NIL"", ""wikidata_id"": ""NIL"" } ```",0
hidden_test_fi_7,2721,2733,Matsujamassa,Q200022,LOC,Q774952,Matsubara,"```json { ""wikipedia_page"": ""Matsubara, Chiba"", ""wikidata_id"": ""Q774952"" } ``` However, note that the provided list of candidates does not contain any information that directly links to a Matsubara in Japan that matches the context of the sentence. Given the context and available candidates, the most fitting answer is the Matsubara, Chiba, but it's crucial to note that the confidence in this selection is relatively low. A more accurate disambiguation might require additional context or sources. However, following the instructions strictly and based on the given candidates, this is the best possible answer. Alternatively, if we cannot find a good candidate based on the given list, we would return: ```json { ""wikidata_id"": ""NIL"" } ```",17.018386840820312
hidden_test_fi_7,2896,2902,Saksan,Q43287,LOC,Q49768,Saksan sosiaalidemokraattinen puolue,"```json { ""wikipedia_page"": ""Saksan sosiaalidemokratien puoluepäivät"", ""wikidata_id"": ""Q49768"" } ```",14.760085105895996
hidden_test_fi_7,2936,2942,Saksan,Q43287,LOC,Q49768,Saksan sosiaalidemokraattinen puolue,"```json { ""wikipedia_page"": ""Saksan sosiaalidemokraattinen puolue"", ""wikidata_id"": ""Q49768"" } ```",14.63757038116455
hidden_test_fi_7,2979,2986,Jenassa,Q32063050,LOC,Q3150,Jena,"```json { ""wikipedia_page"": ""Jena"", ""wikidata_id"": ""Q3150"" } ```",29.08159065246582
hidden_test_fi_7,3306,3317,Ellen=bogen,NIL,PER,NIL,Ellen=bogen,"```json { ""wikipedia_page"": """", ""wikidata_id"": ""NIL"" } ```",0
hidden_test_fi_7,3319,3327,Itäwalta,Q28513,LOC,Q28513,Itävalta-Unkari,"```json { ""wikipedia_page"": ""Itävalta-Unkari"", ""wikidata_id"": ""Q28513"" } ```",11.752352714538574
hidden_test_fi_7,3330,3335,Askew,NIL,PER,Q21504728,Askew,"```json { ""wikipedia_page"": ""Askew (surname)"", ""wikidata_id"": ""Q21504728"" } ```",12.932875633239746
hidden_test_fi_7,3337,3345,Englanti,Q21,LOC,Q21,Englanti,"```json { ""wikipedia_page"": ""Englanti"", ""wikidata_id"": ""Q21"" } ```",24.262203216552734
hidden_test_fi_7,3347,3353,Mendel,NIL,PER,NIL,Mendel,"```json { ""wikipedia_page"": """", ""wikidata_id"": ""NIL"" } ```",0
hidden_test_fi_7,3355,3363,Hollanti,Q55,LOC,NIL,Hollanti,"```json { ""wikipedia_page"": ""NIL"", ""wikidata_id"": ""NIL"" } ```",0
hidden_test_fi_7,3368,3374,Johann,NIL,PER,Q1608924,Johann Hofmann,"```json { ""wikipedia_page"": ""Johann Hofmann (täsmennyssivu)"", ""wikidata_id"": ""Q1608924"" } ``` However, given the context and the list of candidates, a more plausible answer would be: ```json { ""wikipedia_page"": ""Johann Wannyn"", ""wikidata_id"": ""Q19850540"" } ``` But if none of the candidates match with high confidence, a more appropriate answer would be: ```json { ""wikidata_id"": ""NIL"" } ```",10.229683876037598
hidden_test_fi_7,3376,3383,We=näjä,Q34266,LOC,Q217321,Venstre,"```json { ""wikipedia_page"": ""Venstre (Denmark)"", ""wikidata_id"": ""Q217321"" } ```",10.819911003112793
hidden_test_fi_7,3385,3392,Wollmar,NIL,PER,NIL,Wollmar,"```json { ""wikipedia_page"": """", ""wikidata_id"": ""NIL"" } ```",0
hidden_test_fi_7,3506,3514,Vaijerin,Q154195,LOC,Q159631,Württembergin kuningaskunta,"```json { ""wikipedia_page"": ""Württemberg"", ""wikidata_id"": ""Q159631"" } ```",10.276792526245117
hidden_test_fi_7,3518,3532,Württem=bergin,NIL,LOC,NIL,Württem=bergin,"```json { ""wikipedia_page"": """", ""wikidata_id"": ""NIL"" } ```",0
hidden_test_fi_7,3620,3627,Wollmar,NIL,PER,NIL,Wollmar,"```json { ""wikipedia_page"": """", ""wikidata_id"": ""NIL"" } ```",0
hidden_test_fi_7,3755,3765,Molkenbuhr,NIL,PER,Q1612159,Hermann Molkenbuhr,"```json { ""wikipedia_page"": ""Hermann Molkenbuhr"", ""wikidata_id"": ""Q1612159"" } ```",23.501853942871094
hidden_test_fi_7,3883,3898,Junkkeripuo=lue,NIL,ORG,Q161168,Junkers,"```json { ""wikipedia_page"": ""Junkers"", ""wikidata_id"": ""Q161168"" } ```",7.202203750610352
hidden_test_fi_7,3944,3951,Gerisch,NIL,PER,NIL,Gerisch,"```json { ""wikipedia_page"": """", ""wikidata_id"": ""NIL"" } ```",0
hidden_test_fi_7,3997,4003,Saksan,Q43287,LOC,Q49768,Saksan sosiaalidemokraattinen puolue,"```json { ""wikipedia_page"": ""Saksan sosiaalidemokraattinen puolue"", ""wikidata_id"": ""Q49768"" } ```",12.742773056030273
hidden_test_fi_7,4224,4233,Englannin,Q21,LOC,Q145,Yhdistynyt kuningaskunta,"```json { ""wikipedia_page"": ""Yhdistynyt kuningaskunta"", ""wikidata_id"": ""Q145"" } ```",21.235923767089844
hidden_test_fi_7,5071,5088,Pohjois=Belfastin,NIL,LOC,Q10686,Belfast,"```json { ""wikipedia_page"": ""Belfast"", ""wikidata_id"": ""Q10686"" } ```",20.648143768310547
hidden_test_fi_7,5153,5160,Marokon,Q1028,LOC,Q907234,Ranskan Marokko,"```json { ""wikipedia_page"": ""Marokon kysymys"", ""wikidata_id"": ""Q907234"" } ```",12.671932220458984
hidden_test_fi_7,5208,5214,Saksan,Q43287,LOC,Q43287,Saksan keisarikunta,"```json { ""wikipedia_page"": ""Saksan keisarikunta"", ""wikidata_id"": ""Q43287"" } ```",8.099080085754395
hidden_test_fi_7,5217,5224,Ranskan,Q70802,LOC,NIL,Ranskan,"```json { ""wikipedia_page"": ""Marokko"", ""wikidata_id"": ""Q3394"" } ```",0
hidden_test_fi_7,5239,5244,Rosen,NIL,PER,Q370226,Nathan Rosen,"```json { ""wikipedia_page"": ""Nathan Rosen"", ""wikidata_id"": ""Q370226"" } ``` However, after reviewing the text and the list of candidates, neither of the names matches the context of the sentence where the word ""Rosen"" is mentioned. The context discusses diplomatic negotiations and the Marokko question, which seems unrelated to the provided list of candidates with surnames ""Rosen"". Given this, the most appropriate answer is to return ""NIL"" for the `wikidata_id` key, indicating that none of the candidates match with high confidence. ```json { ""wikipedia_page"": """", ""wikidata_id"": ""NIL"" } ```",13.442904472351074
hidden_test_fi_7,5247,5253,Rewoil,NIL,PER,NIL,Rewoil,"```json { ""wikipedia_page"": """", ""wikidata_id"": ""NIL"" } ```",0
hidden_test_fi_7,5289,5296,Marokon,Q1028,LOC,Q1028,Marokko,"```json { ""wikipedia_page"": ""Marokko"", ""wikidata_id"": ""Q1028"" } ```",19.59313201904297
hidden_test_fi_7,5345,5357,TohtoriRosen,NIL,PER,NIL,TohtoriRosen,"```json { ""wikipedia_page"": """", ""wikidata_id"": ""NIL"" } ```",0
hidden_test_fi_7,5552,5561,Ranskassa,Q70802,LOC,NIL,Ranskassa,"```json { ""wikipedia_page"": ""NIL"", ""wikidata_id"": ""NIL"" } ```",0
hidden_test_fi_7,5594,5600,Saksan,Q43287,LOC,NIL,Saksan,"```json { ""wikipedia_page"": ""Marokon kysymys"", ""wikidata_id"": ""Q20633681"" } ``` However, since ""Marokon kysymys"" does not have a Wikidata ID directly, I found the most relevant entity that matches the context of the input text, which is the event ""Maroccan Crisis"". The correct Wikidata ID for this event is Q20633681, which corresponds to the Moroccan Crisis of 1905-1906. Note: If none of the candidates match the entity tagged with [ENT] with high confidence, the string ""NIL"" can be used as the value for the ""wikidata_id"" key. However, in this case, a high-confidence match was found.",0
hidden_test_fi_7,5717,5724,Marokon,Q1028,LOC,Q1028,Marokko,"```json { ""wikipedia_page"": ""Marokko"", ""wikidata_id"": ""Q1028"" } ```",23.566123962402344
hidden_test_fi_7,5774,5787,Harry Maclean,NIL,PER,Q1225338,Harry MacLean,"```json { ""wikipedia_page"": ""Harry MacLean"", ""wikidata_id"": ""Q1225338"" } ```",16.17344856262207
hidden_test_fi_7,5976,5983,Marokon,Q1028,LOC,Q1028,Marokko,"```json { ""wikipedia_page"": ""Marokko"", ""wikidata_id"": ""Q1028"" } ```",22.042253494262695
hidden_test_fi_7,6502,6521,Saksan Etelä-Afrika,Q153665,LOC,Q153665,Saksan Lounais-Afrikka,"```json { ""wikipedia_page"": ""Saksan Lounais-Afrikka"", ""wikidata_id"": ""Q153665"" } ```",12.065314292907715
hidden_test_fi_7,6523,6528,Saksa,Q43287,LOC,Q183,Saksa,"```json { ""wikipedia_page"": ""Saksa"", ""wikidata_id"": ""Q183"" } ```",17.173112869262695
hidden_test_fi_7,6643,6666,kuwernööri Lindeqwistin,Q106081,PER,NIL,kuwernööri Lindeqwistin,"```json { ""wikipedia_page"": """", ""wikidata_id"": ""NIL"" } ```",0
hidden_test_fi_7,6715,6723,Morengan,Q315748,PER,NIL,Morengan,"```json { ""wikidata_id"": ""NIL"", ""wikipedia_page"": """" } ```",0
hidden_test_fi_7,6744,6754,Wit=boista,Q705564,PER,Q27870091,Witbooi,"```json { ""wikipedia_page"": ""Witbooi"", ""wikidata_id"": ""Q27870091"" } ```",13.023335456848145
hidden_test_fi_7,6903,6927,ent. kuwernööri Leutwein,Q68882,PER,Q68882,Theodor Leutwein,"```json { ""wikipedia_page"": ""Theodor Leutwein"", ""wikidata_id"": ""Q68882"" } ```",11.609281539916992
hidden_test_fi_7,7137,7145,Saksalla,Q43287,LOC,Q43287,Saksan keisarikunta,"```json { ""wikipedia_page"": ""Saksan keisarikunta"", ""wikidata_id"": ""Q43287"" } ``` However, the closest match for the context provided is the `Saksan valtakunta` which is also referred to in historical contexts as the 'German Empire' and 'Deutsches Reich'. So, the correct answer would be: ```json { ""wikipedia_page"": ""Saksan valtakunta"", ""wikidata_id"": ""Q1206012"" } ```",10.693421363830566
hidden_test_fi_7,7254,7268,Majuri Meister,NIL,PER,Q1598291,Heinrich Meister,"```json { ""wikipedia_page"": ""Heinrich Meister"", ""wikidata_id"": ""Q1598291"" } ```",11.8565034866333
hidden_test_fi_8,312,317,T. S.,Q2616090,PROD,NIL,T. S.,"```json { ""wikipedia_page"": ""NIL"", ""wikidata_id"": ""NIL"" } ```",0
hidden_test_fi_8,344,354,Ilmajoella,Q5985,LOC,NIL,Ilmajoella,"```json { ""wikipedia_page"": ""Mustalaiset"", ""wikidata_id"": ""Q194244"" } ``` However, considering the context of the text, a more suitable answer would be: ```json { ""wikipedia_page"": ""Mustalaislähetyksen työ"", ""wikidata_id"": ""Q11312211"" } ``` But since ""Mustalaislähetyksen työ"" is not in the candidate list, I will choose the closest match: ```json { ""wikipedia_page"": ""Mustalaiset"", ""wikidata_id"": ""Q194244"" } ``` If none of the candidates match with high confidence, I would use the string ""NIL"" as value of the ""wikidata_id"" key: ```json { ""wikipedia_page"": """", ""wikidata_id"": ""NIL"" } ``` However, in this case, I have selected a match from the list with high confidence. If there were no match, the answer would be: ```json { ""wikipedia_page"": ""NIL"", ""wikidata_id"": """" } ``` But since I have made a selection, the final answer is: ",0
hidden_test_fi_8,748,754,Aamul.,Q301000,PROD,Q48199,saamelaiset,"```json { ""wikipedia_page"": ""saamelaiset"", ""wikidata_id"": ""Q48199"" } ```",6.813188552856445
hidden_test_fi_8,777,792,Lappeenrannassa,Q181854,LOC,Q181854,Lappeenranta,"```json { ""wikipedia_page"": ""Lappeenranta"", ""wikidata_id"": ""Q181854"" } ``` The entity mentioned between the [ENT] tags is likely referring to the city of Lappeenranta, which can be confirmed by the provided context. The Wikipedia page title and Wikidata ID from the list of candidates match the most appropriate entity, which is the city of Lappeenranta with ID Q181854.",26.53801727294922
hidden_test_fi_8,1000,1012,Halkosaareen,NIL,LOC,Q18681749,Halkosaari,"```json { ""wikipedia_page"": ""Halkosaari"", ""wikidata_id"": ""Q18681749"" } ```",25.38885498046875
hidden_test_fi_8,1169,1193,Raittiusseura Yritys 2:n,NIL,ORG,NIL,Raittiusseura Yritys 2:n,"```json { ""wikipedia_page"": """", ""wikidata_id"": ""NIL"" } ```",0
hidden_test_fi_8,1206,1221,Tyysterniemellä,NIL,LOC,Q11899020,Pallo–Tyysterniemi,"```json { ""wikipedia_page"": ""Tyysterniemi"", ""wikidata_id"": ""Q11899020"" } ```",14.212480545043945
hidden_test_fi_8,1331,1340,T. W. Y:n,NIL,ORG,Q18675404,Työväen Sivistysliitto,"```json { ""wikipedia_page"": ""Työväen Sivistysliitto"", ""wikidata_id"": ""Q18675404"" } ```",12.355462074279785
hidden_test_fi_8,1850,1872,monttööri G. Lindström,NIL,PER,Q11860604,Gottfrid Lindström,"```json { ""wikipedia_page"": ""Gottfrid Lindström"", ""wikidata_id"": ""Q11860604"" } ```",13.686058044433594
hidden_test_fi_8,1919,1930,Siiwolahden,NIL,LOC,NIL,Siiwolahden,"```json { ""wikipedia_page"": """", ""wikidata_id"": ""NIL"" } ```",0
hidden_test_fi_8,1982,2002,kaupp. I. Wolkof=fin,NIL,PER,Q55024924,Wolkoffin talomuseo,"```json { ""wikipedia_page"": ""Wolkoffin talomuseo"", ""wikidata_id"": ""Q55024924"" } ```",12.92087459564209
hidden_test_fi_8,2097,2104,Hra L:n,NIL,PER,NIL,Hra L:n,"```json { ""wikipedia_page"": ""NIL"", ""wikidata_id"": ""NIL"" } ```",0
hidden_test_fi_8,2232,2239,hra L:n,NIL,PER,NIL,hra L:n,"```json { ""wikipedia_page"": ""NIL"", ""wikidata_id"": ""NIL"" } ```",0
hidden_test_fi_8,2303,2309,hra L.,NIL,PER,NIL,hra L.,"```json { ""wikipedia_page"": ""NIL"", ""wikidata_id"": ""NIL"" } ```",0
hidden_test_fi_8,2418,2445,Pu=dasjärwen Jongun kylässä,Q11866880,LOC,NIL,Pu=dasjärwen Jongun kylässä,"```json { ""wikipedia_page"": ""NIL"", ""wikidata_id"": ""NIL"" } ```",0
hidden_test_fi_8,2804,2810,Louhen,Q11876276,PROD,NIL,Louhen,"```json { ""wikipedia_page"": """", ""wikidata_id"": ""NIL"" } ```",0
hidden_test_fi_8,2901,2909,Suomessa,Q62633,LOC,Q78417548,,"```json { ""wikipedia_page"": ""Haihunkoski"", ""wikidata_id"": ""Q78417548"" } ``` However, upon reevaluation, I noticed that Q78417548 appears to be a Wikidata ID with no corresponding Wikipedia page title in the provided list of candidates. Given the context of the input text, a more suitable candidate could be ""Tuulimylly"" or ""Haihuluoto"", but neither of these options is present in the list. Considering the task requires selecting from the provided list and given that none of the candidates directly match the text, I will default to the ""NIL"" value as instructed for high confidence disambiguation. ```json { ""wikidata_id"": ""NIL"" } ```",18.62664222717285
hidden_test_fi_8,2921,2930,Hai=luoto,Q1569280,LOC,Q1569280,Hailuoto,"```json { ""wikipedia_page"": ""Hailuoto"", ""wikidata_id"": ""Q1569280"" } ```",26.78602409362793
hidden_test_fi_8,3181,3186,Oulun,Q47048,LOC,Q47048,Oulu,"```json { ""wikipedia_page"": ""Oulu"", ""wikidata_id"": ""Q47048"" } ```",21.70096778869629
hidden_test_fi_8,3200,3205,Louhi,Q11876276,PROD,Q214777,Lohja,"```json { ""wikipedia_page"": ""Lohja"", ""wikidata_id"": ""Q214777"" } ```",6.05437707901001
hidden_test_fi_8,3237,3246,Ruotsissa,Q34,LOC,Q999193,Ruotsinpyhtää,"```json { ""wikipedia_page"": ""Ruotsinpyhtää"", ""wikidata_id"": ""Q999193"" } ```",15.925655364990234
hidden_test_fi_8,3248,3255,Ruotsin,Q34,LOC,Q34,Ruotsi,"```json { ""wikipedia_page"": ""Ruotsi"", ""wikidata_id"": ""Q34"" } ```",24.512758255004883
hidden_test_fi_8,3524,3547,Olawin kylpylaitoksessa,NIL,ORG,NIL,Olawin kylpylaitoksessa,"```json { ""wikipedia_page"": ""NIL"", ""wikidata_id"": ""NIL"" } ```",0
hidden_test_fi_8,3653,3696,"Felser, ihmelapsi soittimensa kä=sittelyssä",NIL,PER,NIL,"Felser, ihmelapsi soittimensa kä=sittelyssä","```json { ""wikipedia_page"": """", ""wikidata_id"": ""NIL"" } ```",0
hidden_test_fi_8,3715,3737,laulajatar ElliWeckman,NIL,PER,Q18633344,Ursula Länsman,"```json { ""wikipedia_page"": ""Ursula Länsman"", ""wikidata_id"": ""Q18633344"" } ```",18.206453323364258
hidden_test_fi_8,3741,3753,neiti Aström,NIL,PER,Q4121238,Anna Åström,"```json { ""wikipedia_page"": ""Anna Åström"", ""wikidata_id"": ""Q4121238"" } ```",18.235382080078125
hidden_test_fi_8,3785,3800,August Blanchen,Q764239,PER,Q764239,August Blanche,"```json { ""wikipedia_page"": ""August Blanche"", ""wikidata_id"": ""Q764239"" } ```",27.438304901123047
hidden_test_fi_8,4012,4022,MrSampbell,NIL,PER,NIL,MrSampbell,"```json { ""wikipedia_page"": ""NIL"", ""wikidata_id"": ""NIL"" } ```",0
hidden_test_fi_9,0,16,Ruhtinas Bülowin,NIL,PER,Q5475457,Wilhelm Bolin,"```json { ""wikipedia_page"": ""Wilhelm Bolin"", ""wikidata_id"": ""Q5475457"" } ```",5.6248016357421875
hidden_test_fi_9,451,461,Bü=lowille,NIL,PER,Q60113,Bernhard von Bülow,"```json { ""wikipedia_page"": ""Bernhard von Bülow"", ""wikidata_id"": ""Q60113"" } ```",19.308359146118164
hidden_test_fi_9,808,815,Bülowia,NIL,PER,Q60113,Bernhard von Bülow,"```json { ""wikipedia_page"": ""Bernhard von Bülow"", ""wikidata_id"": ""Q60113"" } ```",18.463077545166016
hidden_test_fi_9,842,851,Bülowilla,NIL,PER,Q60113,Bernhard von Bülow,"```json { ""wikipedia_page"": ""Bernhard von Bülow"", ""wikidata_id"": ""Q60113"" } ```",22.40033721923828
hidden_test_fi_9,1028,1050,Potsda=mista Berliniin,Q64,LOC,Q160899,Unter den Linden,"```json { ""wikipedia_page"": ""Unter den Linden"", ""wikidata_id"": ""Q160899"" } ``` However, considering the context of the text and the provided list of candidates, a more suitable answer would be: ```json { ""wikipedia_page"": ""Potsdam"", ""wikidata_id"": ""Q1711"" } ```",11.746288299560547
hidden_test_fi_9,1168,1203,Berlinin ku=ninkaallisessa linnassa,NIL,LOC,Q64,Berliini,"```json { ""wikipedia_page"": ""Berliini"", ""wikidata_id"": ""Q64"" } ```",18.027721405029297
hidden_test_fi_9,1243,1257,keisariWilhelm,Q2677,PER,Q2677,Vilhelm II,"```json { ""wikipedia_page"": ""Vilhelm II"", ""wikidata_id"": ""Q2677"" } ```",20.678955078125
hidden_test_fi_9,1290,1296,Saksan,Q43287,LOC,Q43287,Saksan keisarikunta,"```json { ""wikipedia_page"": ""Saksan keisarikunta"", ""wikidata_id"": ""Q43287"" } ```",16.342708587646484
hidden_test_fi_9,1627,1633,Saksan,Q43287,LOC,Q43287,Saksan keisarikunta,"```json { ""wikipedia_page"": ""Saksan keisarikunta"", ""wikidata_id"": ""Q43287"" } ```",12.371654510498047
hidden_test_fi_10,51,70,edustajaL. Ingmanin,Q440166,PER,Q440166,Lauri Ingman,"```json { ""wikipedia_page"": ""Lauri Ingman"", ""wikidata_id"": ""Q440166"" } ```",22.64732551574707
hidden_test_fi_10,98,116,edustaja S. Alkion,Q2319774,PER,Q2319774,Santeri Alkio,"```json { ""wikipedia_page"": ""Santeri Alkio"", ""wikidata_id"": ""Q2319774"" } ```",18.05309295654297
hidden_test_fi_10,188,196,Suomessa,Q33,LOC,Q33,Suomi,"```json { ""wikipedia_page"": ""Suomi"", ""wikidata_id"": ""Q33"" } ```",18.937305450439453
hidden_test_fi_10,2509,2518,Wenäjällä,Q159,LOC,Q159,Venäjä,"```json { ""wikipedia_page"": ""Venäjä"", ""wikidata_id"": ""Q159"" } ``` However, after analyzing the context of the text, I must conclude that the most appropriate Wikidata entity for the given text is actually ""Russian Revolution"" which is not listed in the candidates. But since none of the candidates matches with high confidence, I select the closest one which is ""Venäjä"" (Russia) with Wikidata ID ""Q159"". If I were to follow the instructions strictly, I should choose ""NIL"" as the entity does not exactly match any of the provided candidates. However, the closest match is ""Venäjä"" which can be associated with the Russian Revolution mentioned in the text. So, the final answer is: ```json { ""wikipedia_page"": ""Venäjä"", ""wikidata_id"": ""Q159"" } ``` But please note, this does not exactly match the context and the correct answer would be more appropriate as ""NIL"" or ""Russian Revolution"" which is not in the list of candidates.",17.00153923034668
hidden_test_fi_10,4043,4049,Suomen,Q33,LOC,Q27916528,Suomen itsenäistyminen,"```json { ""wikipedia_page"": ""Suomen itsenäistyminen"", ""wikidata_id"": ""Q27916528"" } ```",15.75391674041748
hidden_test_fi_11,217,224,Jumalan,Q825,PER,Q825,Jumala,"```json { ""wikipedia_page"": ""Jumala"", ""wikidata_id"": ""Q825"" } ```",14.78506851196289
hidden_test_fi_12,409,419,Mer=kurius,Q308,LOC,Q308,Merkurius,"```json { ""wikipedia_page"": ""Merkurius"", ""wikidata_id"": ""Q308"" } ```",26.408597946166992
hidden_test_fi_12,421,426,Venus,Q313,LOC,Q313,Venus,"```json { ""wikipedia_page"": ""Venus"", ""wikidata_id"": ""Q313"" } ```",27.902456283569336
hidden_test_fi_12,428,431,Maa,Q2,LOC,Q2,Maa,"```json { ""wikipedia_page"": ""Maa"", ""wikidata_id"": ""Q2"" } ```",24.586301803588867
hidden_test_fi_12,435,439,Mars,Q111,LOC,Q111,Mars,"```json { ""wikipedia_page"": ""Mars"", ""wikidata_id"": ""Q111"" } ```",28.90626335144043
hidden_test_fi_12,495,502,Jupiter,Q319,LOC,Q193,Saturnus,"```json { ""wikipedia_page"": ""Saturnus"", ""wikidata_id"": ""Q193"" } ```",18.09920883178711
hidden_test_fi_12,504,512,Saturnus,Q193,LOC,Q193,Saturnus,"```json { ""wikipedia_page"": ""Saturnus"", ""wikidata_id"": ""Q193"" } ```",27.320432662963867
hidden_test_fi_12,514,520,Uranus,Q324,LOC,NIL,Uranus,"```json { ""wikipedia_page"": ""NIL"", ""wikidata_id"": ""NIL"" } ```",0
hidden_test_fi_12,523,531,Neptunus,Q332,LOC,Q332,Neptunus,"```json { ""wikipedia_page"": ""Neptunus"", ""wikidata_id"": ""Q332"" } ```",30.256214141845703
hidden_test_fi_12,567,573,Marsin,Q111,LOC,NIL,Marsin,"```json { ""wikipedia_page"": ""NIL"", ""wikidata_id"": ""NIL"" } ``` The text does not clearly reference a single Wikidata entity from the provided candidates that can be disambiguated with high confidence. The text mentions various astronomical terms and concepts, including Mars, Jupiter, Mercury, and other celestial bodies, but does not provide sufficient context to select a single entity from the list of candidates. Therefore, the output is set to ""NIL"".",0
hidden_test_fi_12,577,586,Jupiterin,Q319,LOC,NIL,Jupiterin,"```json { ""wikipedia_page"": ""planeetta"", ""wikidata_id"": ""NIL"" } ```",0
hidden_test_fi_12,624,634,Merku=rius,Q308,LOC,Q308,Merkurius,"```json { ""wikipedia_page"": ""Merkurius"", ""wikidata_id"": ""Q308"" } ```",26.663925170898438
hidden_test_fi_12,718,726,Neptunus,Q332,LOC,Q332,Neptunus,"```json { ""wikipedia_page"": ""Neptunus"", ""wikidata_id"": ""Q332"" } ```",27.705657958984375
hidden_test_fi_12,1027,1036,Lewerrier,Q104154,PER,Q358800,Antoine Labeyrie,"```json { ""wikipedia_page"": ""Antoine Labeyrie"", ""wikidata_id"": ""Q358800"" } ```",7.751446723937988
hidden_test_fi_13,525,552,Bergen kaupungissa Norjassa,Q20,LOC,Q26793,Bergen,"```json { ""wikipedia_page"": ""Bergen"", ""wikidata_id"": ""Q26793"" } ```",18.1048641204834
hidden_test_fi_13,606,612,Suomen,Q62633,LOC,NIL,Suomen,"```json { ""wikipedia_page"": """", ""wikidata_id"": ""NIL"" } ```",0
hidden_test_fi_13,651,658,Ruotsin,Q34,LOC,Q62589,Ruotsi-Norja,"```json { ""wikipedia_page"": ""Ruotsi-Norja"", ""wikidata_id"": ""Q62589"" } ```",14.351967811584473
hidden_test_fi_13,697,705,Malmössä,Q2211,LOC,Q2211,Malmö,"```json {""wikipedia_page"": ""Malmö"", ""wikidata_id"": ""Q2211""} ```",24.749942779541016
hidden_test_fi_14,0,9,Säkylästä,Q780914,LOC,Q780914,Säkylä,"```json { ""wikipedia_page"": ""Säkylä"", ""wikidata_id"": ""Q780914"" } ```",17.18438720703125
hidden_test_fi_14,1172,1193,I. F. S.Taiwassalosta,Q807904,LOC,Q807904,Taivassalo,"```json { ""wikipedia_page"": ""Taivassalo"", ""wikidata_id"": ""Q807904"" } ```",15.665294647216797
hidden_test_fi_14,1931,1947,Koi-wiston kylän,NIL,LOC,Q18682037,Koiviston kauppala,"```json { ""wikipedia_page"": ""Koiviston kauppala"", ""wikidata_id"": ""Q18682037"" } ```",11.92306137084961
hidden_test_fi_17,70,77,Jumalan,Q825,PER,Q190,Jumala,"```json { ""wikipedia_page"": ""Jumala"", ""wikidata_id"": ""Q190"" } ```",20.23206901550293
hidden_test_fi_17,122,146,Jumalan Pyhältä Hengeltä,Q825,PER,Q37302,Pyhä Henki,"```json { ""wikipedia_page"": ""Pyhä Henki"", ""wikidata_id"": ""Q37302"" } ```",19.965946197509766
hidden_test_fi_17,228,234,Jumala,Q825,PER,Q190,Jumala,"```json { ""wikipedia_page"": ""Jumala"", ""wikidata_id"": ""Q190"" } ```",19.329416275024414
hidden_test_fi_18,50,57,Jumalan,Q825,PER,Q190,Jumala,"```json { ""wikipedia_page"": ""Jumala"", ""wikidata_id"": ""Q190"" } ``` However, after reevaluating the context and the list of candidates, I believe the most appropriate choice is: ```json { ""wikipedia_page"": ""Jumala (uskonto)"", ""wikidata_id"": ""Q2095353"" } ``` But since ""Jumala (uskonto)"" is not in the list of candidates, I'll choose the next best option which is ""Jumala"" with Wikidata ID ""Q190"" from the initial list of candidates. If none of the candidates match with high confidence, the entity tagged with [ENT] should be classified with a NIL value. However, in this case, I believe I have found a suitable Wikidata ID from the list of candidates. Note: After further analysis, I realize that the correct answer should indeed refer to the Christian concept of God. However, ""Jumala (uskonto)"" is not in the list, and ""Jumala"" with Wikidata ID ""Q190"" is too broad. The closest match from the list is ""Jumala"" with Wikidata ID ""Q825"", which refers",16.987289428710938
hidden_test_fi_19,11,31,Jumala kaikkiwaltias,Q825,PER,Q190,Jumala,"```json { ""wikipedia_page"": ""Jumala"", ""wikidata_id"": ""Q190"" } ```",10.970582962036133
hidden_test_fi_19,680,691,C. M. W—dén,NIL,PER,NIL,C. M. W—dén,"```json { ""wikipedia_page"": ""NIL"", ""wikidata_id"": ""NIL"" } ```",0
hidden_test_fi_19,1826,1843,Wiipurin läänissä,Q1144791,LOC,Q1144791,Viipurin lääni,"```json { ""wikipedia_page"": ""Viipurin lääni"", ""wikidata_id"": ""Q1144791"" } ```",27.05396270751953
hidden_test_fi_19,1861,1877,Mikke=lin lääniä,Q1200972,LOC,Q3272186,Kymenkartanon lääni,"```json { ""wikipedia_page"": ""Kymenkartanon lääni"", ""wikidata_id"": ""Q3272186"" } ```",18.031415939331055
hidden_test_fi_19,1903,1935,Wiipurin entiseenkuwernementtiin,Q440068,LOC,Q1144791,Viipurin lääni,"```json { ""wikipedia_page"": ""Viipurin lääni"", ""wikidata_id"": ""Q1144791"" } ```",16.331439971923828
hidden_test_fi_19,2581,2588,Lappeen,Q3434042,LOC,Q3434042,Lappee,"```json { ""wikipedia_page"": ""Lappeenranta"", ""wikidata_id"": ""Q3434042"" } ``` However, after reevaluating the context of the input text, I noticed that the entity [ENT] could refer not only to Lappeenranta but also to the historical term Lappeen. Given the information available in the candidates list, the most likely match for the historical term Lappeen would be the disambiguated entity: ```json { ""wikipedia_page"": ""Lappee"", ""wikidata_id"": ""Q48848"" } ``` However, this Wikidata ID corresponds to a municipality in Finnmark, Norway, which does not match the Finnish context. Therefore, the most probable interpretation of [ENT] Lappeen is actually related to the Lappeen kihlakunta (Lappeen district) or Lappeenranta, but since there is no direct match with high confidence in the provided list, the correct answer is: ```json { ""wikidata_id"": ""NIL"" } ``` However, considering the context of the input text and the provided list of candidates, the closest match for the term Lappeen would be",20.408039093017578
hidden_test_fi_19,2592,2611,Joutsenon pitäjissä,Q829851,LOC,Q829851,Joutseno,"```json { ""wikipedia_page"": ""Joutseno"", ""wikidata_id"": ""Q829851"" } ```",19.31006622314453
hidden_test_fi_19,2659,2688,Ruo=kolahden naapuripitäjässä,Q1009622,LOC,Q1009622,Ruokolahti,"```json { ""wikipedia_page"": ""Ruokolahti"", ""wikidata_id"": ""Q1009622"" } ```",20.09053611755371
hidden_test_fi_19,2726,2736,Wiipurissa,Q14657,LOC,Q14657,Viipuri,"```json { ""wikipedia_page"": ""Viipuri"", ""wikidata_id"": ""Q14657"" } ```",26.462284088134766
hidden_test_fi_19,2851,2871,WiipuristaHelsinkiin,Q1757,LOC,Q2272243,Viipurin linna,"```json { ""wikipedia_page"": ""Viipurin linna"", ""wikidata_id"": ""Q2272243"" } ```",13.728095054626465
hidden_test_fi_20,2,34,Yläjärwestä Pyhäjärwen pitäjässä,Q4514438,LOC,Q545559,Pyhäjärvi,"```json { ""wikipedia_page"": ""Pyhäjärvi (Pirkanmaa)"", ""wikidata_id"": ""Q545559"" } ```",20.17439079284668
hidden_test_fi_20,130,141,Lapuan joen,Q1351274,LOC,Q1351274,Lapuanjoki,"```json { ""wikipedia_page"": ""Lapuanjoki"", ""wikidata_id"": ""Q1351274"" } ```",27.761138916015625
hidden_test_fi_20,369,382,Waasan lääniä,Q1337549,LOC,Q1337549,Vaasan lääni,"```json { ""wikipedia_page"": ""Vaasan lääni"", ""wikidata_id"": ""Q1337549"" } ```",21.476776123046875
hidden_test_fi_20,558,566,Oulunkin,Q47048,LOC,Q47048,Oulu,"```json { ""wikipedia_page"": ""Oulu"", ""wikidata_id"": ""Q47048"" } ```",19.96237564086914
hidden_test_fi_20,713,721,O. W. S.,Q18661135,PROD,NIL,O. W. S.,"```json { ""wikipedia_page"": ""NIL"", ""wikidata_id"": ""NIL"" } ```",0
hidden_test_fi_20,724,737,Saarijärweltä,Q984858,LOC,Q984858,Saarijärvi,"```json { ""wikipedia_page"": ""Saarijärvi"", ""wikidata_id"": ""Q984858"" } ```",26.762834548950195
hidden_test_fi_20,753,770,Lähettäjä J.W:nen,NIL,PER,NIL,Lähettäjä J.W:nen,"To disambiguate the entity within the text, I will analyze the context and content surrounding the [ENT] tags. The text describes various events and mentions several names, including a sender's name ""J.W:nen"" from Saarijärvi. After careful examination, I found that ""J.W:nen"" is likely an abbreviation of a full name, and the most plausible candidate from the provided list is **J.W. Suominen**. However, there is also **J.W. Lähde** and **J.W. Eloheimo**, but neither of them directly matches the context of the sender from Saarijärvi. However, given the information provided and after evaluating the context, I am not completely confident that any of the provided candidates exactly match the sender ""J.W:nen"" from Saarijärvi. Since none of the candidates exactly match and I cannot select a highly confident Wikidata entity, I will return a NIL value for the Wikidata ID. ```json { ""wikipedia_page"": """", ""wikidata_id"": ""NIL"" } ```",0
hidden_test_fi_20,1522,1530,Kikeeltä,Q491603,LOC,NIL,Kikeeltä,"```json { ""wikipedia_page"": """", ""wikidata_id"": ""NIL"" } ```",0
hidden_test_fi_20,2085,2095,Suometarta,Q21483135,PROD,NIL,Suometarta,"```json { ""wikipedia_page"": ""NIL"", ""wikidata_id"": ""NIL"" } ```",0
hidden_test_fi_20,2175,2180,S:ren,Q21483135,PROD,NIL,S:ren,"```json { ""wikipedia_page"": ""NIL"", ""wikidata_id"": ""NIL"" } ```",0
hidden_test_fi_21,5,24,Alastaron pitäjässä,Q206601,LOC,Q206601,Alastaro,"```json { ""wikipedia_page"": ""Alastaro"", ""wikidata_id"": ""Q206601"" } ```",29.980165481567383
hidden_test_fi_21,37,62,talolliset Kalle Jussilan,NIL,PER,Q17381220,Kalle Jussila,"```json { ""wikipedia_page"": ""Kalle Jussila"", ""wikidata_id"": ""Q17381220"" } ```",12.803691864013672
hidden_test_fi_21,66,79,Kalle Tätilän,NIL,PER,Q63213334,Tilta Killinen,"```json { ""wikipedia_page"": ""Kalle Tätilän"", ""wikidata_id"": ""Q63213334"" } ```",21.723676681518555
hidden_test_fi_21,698,735,Jus-silan talossa Tammiaisten kylässä,NIL,LOC,Q17381249,Gabriel Jussilainen,"```json { ""wikipedia_page"": ""Gabriel Jussilainen"", ""wikidata_id"": ""Q17381249"" } ```",11.60511302947998
hidden_test_fi_21,2292,2310,Alastaron pi-täjän,Q206601,LOC,Q206601,Alastaro,"```json { ""wikipedia_page"": ""Alastaro"", ""wikidata_id"": ""Q206601"" } ```",11.90078067779541
hidden_test_fi_21,2510,2519,Suomenkin,Q62633,LOC,Q202808,Suomen historia,"```json { ""wikipedia_page"": ""Suomen historia"", ""wikidata_id"": ""Q202808"" } ``` However, considering the context of the text and the content of the candidates, I must admit that the entity ""[ENT] Suomenkin [ENT] kansa"" more closely relates to ""Suomen kansa"" or ""suomalaiset"" rather than ""Suomen historia"". However, since ""Suomen historia"" is present in the list of candidates and is the closest choice that could be considered relevant to the broader context of the text, I have selected it. However, I must note that I am not highly confident in this selection. A more appropriate answer would be: ```json { ""wikidata_id"": ""NIL"" } ``` Given the complexity of disambiguating historical text entities, especially when the context is not clear, and when the list of candidates does not directly match the context, the best choice is to assign a ""NIL"" value when confidence is not high enough to select from the provided list.",15.265329360961914
hidden_test_fi_21,2640,2647,Dawidin,Q41370,PER,Q41370,Daavid,"```json { ""wikipedia_page"": ""Daavid"", ""wikidata_id"": ""Q41370"" } ```",20.703468322753906
hidden_test_fi_21,2694,2704,Ju-malamme,Q825,PER,NIL,Ju-malamme,"```json { ""wikipedia_page"": """", ""wikidata_id"": ""NIL"" } ```",0
hidden_test_fi_21,2756,2762,Jumala,Q825,PER,Q190,Jumala,"```json { ""wikipedia_page"": ""Jumala"", ""wikidata_id"": ""Q190"" } ```",18.876712799072266
hidden_test_fi_21,2862,2873,Alastarolta,Q206601,LOC,Q206601,Alastaro,"```json { ""wikipedia_page"": ""Alastaro"", ""wikidata_id"": ""Q206601"" } ```",17.410079956054688
hidden_test_fi_21,2907,2941,"I. Brusila,entinen waltiopäiwämies",NIL,PER,Q105037587,Juho Brusila,"```json { ""wikipedia_page"": ""Juho Brusila"", ""wikidata_id"": ""Q105037587"" } ```",15.34194278717041
hidden_test_fi_21,2965,2983,Ruskealanpappilaan,NIL,LOC,Q13107356,Ruskeala,"```json { ""wikidata_id"": ""Q13107356"", ""wikipedia_page"": ""Ruskeala"" } ```",22.294092178344727
hidden_test_fi_21,3111,3123,Käkisal-meen,Q7977,LOC,Q7977,Käkisalmi,"```json { ""wikipedia_page"": ""Käkisalmi"", ""wikidata_id"": ""Q7977"" } ```",26.888147354125977
hidden_test_fi_21,3255,3261,Suomen,Q62633,LOC,Q62633,Suomen suuriruhtinaskunta,"```json { ""wikipedia_page"": ""Suomen suuriruhtinaskunta"", ""wikidata_id"": ""Q62633"" } ```",18.31940269470215
hidden_test_fi_21,3272,3286,Saima dosentti,NIL,PER,Q414422,Suomen Akatemia,"```json { ""wikipedia_page"": ""Suomen Akatemia"", ""wikidata_id"": ""Q414422"" } ```",8.878030776977539
hidden_test_fi_21,3459,3470,Kurkijoelle,Q15839066,LOC,Q15839066,Kurkijoki,"```json { ""wikipedia_page"": ""Kurkijoki"", ""wikidata_id"": ""Q15839066"" } ```",25.87610626220703
hidden_test_fi_21,3626,3640,Beth-lehemiksi,Q29376012,LOC,NIL,Beth-lehemiksi,"```json { ""wikipedia_page"": """", ""wikidata_id"": ""NIL"" } ```",0
hidden_test_fi_21,3648,3654,Suomen,Q62633,LOC,Q62633,Suomen suuriruhtinaskunta,"```json { ""wikipedia_page"": ""Suomen suuriruhtinaskunta"", ""wikidata_id"": ""Q62633"" } ```",18.3872013092041
hidden_test_fi_21,3727,3738,Kurkijoelta,Q15839066,LOC,Q15839066,Kurkijoki,"```json { ""wikipedia_page"": ""Kurkijoki"", ""wikidata_id"": ""Q15839066"" } ```",21.981285095214844
hidden_test_fi_21,3752,3798,Itä-Karjalan pulskaan pääkaupunkiinSortawalaan,Q196397,LOC,Q196397,Sortavala,"```json { ""wikipedia_page"": ""Sortavala"", ""wikidata_id"": ""Q196397"" } ```",17.128347396850586
hidden_test_fi_21,3916,3939,Laatokka nimisen lehden,Q18680151,PROD,Q18680151,Laatokka,"```json { ""wikipedia_page"": ""Laatokka"", ""wikidata_id"": ""Q18680151"" } ```",19.47849464416504
hidden_test_fi_21,4115,4123,Suomessa,Q62633,LOC,Q62633,Suomen suuriruhtinaskunta,"```json { ""wikipedia_page"": ""Suomen suuriruhtinaskunta"", ""wikidata_id"": ""Q62633"" } ```",15.847769737243652
hidden_test_fi_21,4230,4243,Suomettarella,NIL,PROD,Q18680151,Laatokka,"```json { ""wikipedia_page"": ""Laatokka"", ""wikidata_id"": ""Q18680151"" } ```",20.02158546447754
hidden_test_fi_21,4247,4254,Auralla,NIL,PROD,Q663607,Aurajoki,"```json { ""wikipedia_page"": ""Aurajoki"", ""wikidata_id"": ""Q663607"" } ```",19.675870895385742
hidden_test_fi_21,4408,4423,Laatokka lehden,Q18680151,PROD,Q18680151,Laatokka,"```json { ""wikipedia_page"": ""Laatokka"", ""wikidata_id"": ""Q18680151"" } ```",19.327720642089844
hidden_test_fi_21,4455,4476,Sortawalan se-minarin,Q56400432,ORG,Q56400432,Sortavalan seminaari,"```json { ""wikipedia_page"": ""Sortavalan seminaari"", ""wikidata_id"": ""Q56400432"" } ```",12.595195770263672
hidden_test_fi_22,67,89,Weh=maan kihlakunnassa,Q10713929,LOC,Q10713929,Vehmaan kihlakunta,"```json { ""wikipedia_page"": ""Vehmaan kihlakunta"", ""wikidata_id"": ""Q10713929"" } ```",10.087882041931152
hidden_test_fi_22,138,152,Kustaawin pit.,Q807900,LOC,Q807900,Kustavi,"```json { ""wikipedia_page"": ""Kustavi"", ""wikidata_id"": ""Q807900"" } ```",11.70665454864502
hidden_test_fi_22,154,162,Welku=an,NIL,LOC,Q939276,Velkua,"```json { ""wikipedia_page"": ""Velkua"", ""wikidata_id"": ""Q939276"" } ```",14.080589294433594
hidden_test_fi_22,166,176,Iniön kapp,NIL,ORG,Q1025692,Iniö,"```json { ""wikipedia_page"": ""Iniö"", ""wikidata_id"": ""Q1025692"" } ```",12.64728832244873
hidden_test_fi_22,198,215,Tai=wassalon pit.,Q807904,LOC,Q807904,Taivassalo,"```json { ""wikipedia_page"": ""Taivassalo"", ""wikidata_id"": ""Q807904"" } ```",13.151895523071289
hidden_test_fi_22,244,256,Wehmaan pit.,Q807905,LOC,Q10713929,Vehmaan kihlakunta,"```json { ""wikipedia_page"": ""Vehmaan kihlakunta"", ""wikidata_id"": ""Q10713929"" } ```",14.718984603881836
hidden_test_fi_22,272,288,Lokalahden kapp.,NIL,ORG,Q3366495,Lokalahti,"```json { ""wikipedia_page"": ""Lokalahti"", ""wikidata_id"": ""Q3366495"" } ```",20.197107315063477
hidden_test_fi_22,291,316,Uudenkaupungin maaseurak.,NIL,ORG,Q60427398,Uudenkaupungin seurakunta,"```json { ""wikipedia_page"": ""Uudenkaupungin seurakunta"", ""wikidata_id"": ""Q60427398"" } ```",16.155841827392578
hidden_test_fi_22,339,355,Uudenkirkon pit.,Q3366114,LOC,Q3434047,Uudenkaupungin maalaiskunta,"```json { ""wikipedia_page"": ""Uudenkaupungin maalaiskunta"", ""wikidata_id"": ""Q3434047"" } ``` However, considering the context and the list of candidates, it seems more likely that the dates provided suggest the location is actually within the Uusikirkko (now part of Virolahti in Kymenlaakso, Finland) rather than Uudenkaupungin maalaiskunta. Thus, a more appropriate answer could be: ```json { ""wikipedia_page"": ""Uusikirkko"", ""wikidata_id"": ""Q2387342"" } ```",12.519536972045898
hidden_test_fi_22,375,388,Pyhämaan pit.,NIL,LOC,Q3432816,Pyhämaa,"```json { ""wikipedia_page"": ""Pyhämaa"", ""wikidata_id"": ""Q3432816"" } ```",13.290014266967773
hidden_test_fi_22,416,429,Laitilan pit.,Q807901,LOC,Q807901,Laitila,"```json { ""wikipedia_page"": ""Laitila"", ""wikidata_id"": ""Q807901"" } ```",16.755117416381836
hidden_test_fi_22,455,483,RäätäliKaarle Henrik Lundahn,NIL,PER,Q14763378,Pehr Henrik Lundgren,"```json { ""wikipedia_page"": ""Pehr Henrik Lundgren"", ""wikidata_id"": ""Q14763378"" } ```",17.932723999023438
hidden_test_fi_22,530,543,K. H. Lundahn,NIL,ORG,NIL,K. H. Lundahn,"```json { ""wikipedia_page"": """", ""wikidata_id"": ""NIL"" } ```",0
hidden_test_fi_22,665,681,Maarianhaminasta,Q48329,LOC,NIL,Maarianhaminasta,"```json { ""wikipedia_page"": ""Turku"", ""wikidata_id"": ""Q27427"" } ``` However, none of the provided candidates directly match the context of the input text, which mentions several locations and events unrelated to Turku. Since none of the candidates match with high confidence, the value of the ""wikidata_id"" key is set to ""NIL"". A better choice would be to select ""Maarianhamina"" as the most likely location for the context of the text, but since the text does not directly mention Maarianhamina as a city, I stick to the provided instructions and select ""NIL"" for high confidence disambiguation. However, a more appropriate answer would be: ```json { ""wikipedia_page"": ""Maarianhamina"", ""wikidata_id"": ""Q48329"" } ``` Given that Maarianhamina is the most relevant location mentioned in the context of the provided list of candidates.",0
hidden_test_fi_22,739,747,Tu=rusta,Q38511,LOC,Q38511,Turku,"```json { ""wikipedia_page"": ""Turku"", ""wikidata_id"": ""Q38511"" } ```",13.05880355834961
hidden_test_fi_22,813,827,Ahwenanmeressä,Q271043,LOC,Q271043,Ahvenanmeri,"```json { ""wikipedia_page"": ""Ahvenanmeri"", ""wikidata_id"": ""Q271043"" } ```",22.542280197143555
hidden_test_fi_22,1225,1230,Wätin,Q3926509,LOC,Q3926509,Vätti,"```json { ""wikipedia_page"": ""Vätin"", ""wikidata_id"": ""Q3926509"" } ```",10.83893871307373
hidden_test_fi_22,1240,1287,Anningaistentullissa leipoja F. H. Henrikssonin,NIL,PER,Q11852031,Antskogin ruukki,"```json { ""wikipedia_page"": ""Antskogin ruukki"", ""wikidata_id"": ""Q11852031"" } ```",12.659667015075684
hidden_test_fi_22,1573,1604,Huittis=ten torwisoittokunnalle,NIL,ORG,Q11888338,Pitäjänyhdistys,"```json { ""wikipedia_page"": ""Huittisten pitäjänyhdistys"", ""wikidata_id"": ""Q11888338"" } ``` However, upon closer inspection of the list and the context provided, it appears that a better match is ""Huittisten pitäjäyhdistys"" which is not listed here, but in the context of the text, the correct disambiguation would be more accurately described by a term directly related to the event or context provided. Since ""Huittisten pitäjänyhdistys"" is the closest match from the given list, I will provide that; however, it's crucial to note the actual entity mentioned in the text is ""torwisoittokunnalle"", which refers to a band or musical ensemble, but this is not listed among the candidates. Given the provided options and the need to select from the list of candidates, the choice of ""Huittisten pitäjänyhdistys"" is informed by the context of organizing events and the absence of a direct match for ""Huittisten torwisoittokunta"" in the list. However, to strictly adhere to the instruction for returning a response when none of the",20.763662338256836
hidden_test_fi_22,1656,1677,Huittisten pitä=jässä,Q165285,LOC,Q165285,Huittinen,"```json { ""wikipedia_page"": ""Huittinen"", ""wikidata_id"": ""Q165285"" } ```",28.056100845336914
hidden_test_fi_22,1764,1789,Turun kaupunkilähe=tyksen,NIL,ORG,Q18691016,Tampereen Kaupunkilähetys,"```json { ""wikipedia_page"": ""Turun Kaupunkilähetys"", ""wikidata_id"": ""Q18691016"" } ```",20.266586303710938
hidden_test_fi_22,2205,2219,Linnankentällä,NIL,LOC,NIL,Linnankentällä,"```json { ""wikipedia_page"": ""NIL"", ""wikidata_id"": ""NIL"" } ```",0
hidden_test_fi_22,2239,2253,Rau=nistulassa,Q3926797,LOC,Q3926797,Raunistula,"```json { ""wikipedia_page"": ""Raunistula"", ""wikidata_id"": ""Q3926797"" } ```",6.705574989318848
hidden_test_fi_23,7,18,Wjetsh. Wr.,NIL,PROD,Q21196,pääsiäinen,"```json { ""wikipedia_page"": ""pääsiäinen"", ""wikidata_id"": ""Q21196"" } ```",6.967487335205078
hidden_test_fi_23,20,40,National Tiden=delle,Q10594813,PROD,Q1130275,Ruotsalainen kalenteri,"```json { ""wikipedia_page"": ""Ruotsalainen kalenteri"", ""wikidata_id"": ""Q1130275"" } ``` However, after reevaluating the input text, I realize that ""Ruotsalainen kalenteri"" doesn't fit well with the context provided in the input text. Given that the most probable candidate without considering the context is not explicitly clear among the provided candidates, and none of the candidates seem to match with high confidence, I will return a NIL value. ```json { ""wikidata_id"": ""NIL"" } ```",8.953165054321289
hidden_test_fi_23,88,107,kenraali Hindenburg,Q2667,PER,Q2667,Paul von Hindenburg,"```json { ""wikipedia_page"": ""Paul von Hindenburg"", ""wikidata_id"": ""Q2667"" } ```",15.788492202758789
hidden_test_fi_23,1844,1861,Hampurin kaupunki,Q1055,LOC,Q1055,Hampuri,"```json { ""wikipedia_page"": ""Hampuri"", ""wikidata_id"": ""Q1055"" } ```",20.99799156188965
hidden_test_fi_23,1876,1885,Ruotsille,Q34,LOC,Q62589,Ruotsi-Norja,"```json { ""wikipedia_page"": ""Ruotsi-Norja"", ""wikidata_id"": ""Q62589"" } ``` However, considering the context provided in the input text, the most relevant candidate would be ""Ruotsi"" (with `wikidata_id` ""Q34""). Since ""Ruotsi-Norja"" is the personaaliunioni, it does not make sense in this context. Therefore, the correct answer focusing on the context would be: ```json { ""wikipedia_page"": ""Ruotsi"", ""wikidata_id"": ""Q34"" } ```",12.847243309020996
hidden_test_fi_23,1913,1927,Köpenhaminasta,Q1748,LOC,Q1748,Kööpenhamina,"```json { ""wikipedia_page"": ""Köpenhamina"", ""wikidata_id"": ""Q1748"" } ```",21.890302658081055
hidden_test_fi_23,1943,1954,Wjetsh. Wr.,NIL,PROD,NIL,Wjetsh. Wr.,"```json { ""wikipedia_page"": ""Nil"", ""wikidata_id"": ""NIL"" } ```",0
hidden_test_fi_23,1956,1974,Hampurin kau=punki,Q1055,LOC,Q1055,Hampuri,"```json { ""wikipedia_page"": ""Hampuri"", ""wikidata_id"": ""Q1055"" } ```",20.892250061035156
hidden_test_fi_23,1991,2000,Ruotsille,Q34,LOC,Q34,Ruotsi,"```json { ""wikipedia_page"": ""Ruotsi"", ""wikidata_id"": ""Q34"" } ```",21.44810676574707
hidden_test_fi_23,2010,2016,Saksan,Q183,LOC,Q183,Saksa,"```json { ""wikipedia_page"": ""Saksa"", ""wikidata_id"": ""Q183"" } ```",20.11880111694336
hidden_test_fi_23,2151,2158,Ruotsin,Q34,LOC,Q34,Ruotsi,"```json { ""wikipedia_page"": ""Ruotsi"", ""wikidata_id"": ""Q34"" } ```",21.338062286376953
hidden_test_fi_23,2258,2277,Ruot=sin hallitusta,Q930729,ORG,Q930729,Ruotsin hallitus,"```json { ""wikipedia_page"": ""Ruotsin hallitus"", ""wikidata_id"": ""Q930729"" } ```",18.84322738647461
hidden_test_fi_23,2446,2451,Times,Q50008,PROD,Q50008,The Times,"```json { ""wikipedia_page"": ""Times"", ""wikidata_id"": ""Q50008"" } ```",19.14728355407715
hidden_test_fi_23,2452,2461,Lontoosta,Q84,LOC,NIL,Lontoosta,"```json { ""wikipedia_page"": ""Hampurin kau=punki"", ""wikidata_id"": ""Q110170"" } ``` However, the exact city of Hamburg is not listed in the candidates. Given that none of the candidates match with high confidence to the entity tagged with [ENT], I will return the string ""NIL"" as the value of the ""wikidata_id"" key for the first candidate that could be related to the context, but since it's not a direct match, it's more appropriate to return ""NIL"" as the final answer. ```json { ""wikidata_id"": ""NIL"" } ```",0
hidden_test_fi_23,2478,2485,Rjetsch,Q1419486,PROD,Q312985,Richard Réti,"```json { ""wikipedia_page"": ""Richard Réti"", ""wikidata_id"": ""Q312985"" } ```",9.145792961120605
hidden_test_fi_23,2486,2493,Timesin,Q50008,PROD,Q50008,The Times,"```json { ""wikipedia_page"": ""Times"", ""wikidata_id"": ""Q50008"" } ```",20.059566497802734
hidden_test_fi_23,2537,2546,Unkarissa,Q171150,LOC,Q28,Unkari,"```json { ""wikipedia_page"": ""Unkari"", ""wikidata_id"": ""Q28"" } ```",23.627471923828125
