doc_id,start_pos,end_pos,surface,gt_id,type,identifier,title,answer,score
hidden_test_de_1_sent1,0,4,Wien,NIL,LOC,NIL,Wien,"```json {""wikipedia_page"":""NIL"", ""wikidata_id"":""NIL""} ```",0
hidden_test_de_1_sent2,215,224,Kramarsch,NIL,PER,NIL,Kramarsch,"```json {""wikipedia_page"":"""",""wikidata_id"":""NIL""} ```",0
hidden_test_de_1_sent2,356,360,Prag,Q1085,LOC,Q1085,Prag,,0
hidden_test_de_1_sent2,475,479,Prag,Q1085,LOC,Q1085,Prag,,0
hidden_test_de_1_sent2,950,956,Böhmen,Q39193,LOC,Q39193,Böhmen,,0
hidden_test_de_1_sent2,1353,1357,Prag,Q1085,LOC,Q1085,Prag,,0
hidden_test_de_1_sent2,1478,1482,Prag,Q1085,LOC,Q1085,Prag,"```json {""wikipedia_page"":""Prag"", ""wikidata_id"":""Q1085""} ```",20.728410720825195
hidden_test_de_1_sent3,413,422,v. Plener,Q324918,PER,Q324918,Ernst von Plener,"```json {""wikipedia_page"":""Ernst von Plener"", ""wikidata_id"":""Q324918""} ```",21.232524871826172
hidden_test_de_1_sent4,138,147,v. Plener,Q324918,PER,Q324918,Ernst von Plener,,0
hidden_test_de_1_sent4,583,592,v. Plener,Q324918,PER,Q324918,Ernst von Plener,"```json { ""wikipedia_page"": ""Ernst von Plener"", ""wikidata_id"": ""Q324918"" } ```",19.267915725708008
hidden_test_de_1_sent4,727,736,v. Plener,Q324918,PER,Q324918,Ernst von Plener,"```json {""wikipedia_page"":""Ernst von Plener"", ""wikidata_id"":""Q324918""} ```",18.682601928710938
hidden_test_de_1_sent5,187,196,v. Plener,Q324918,PER,Q324918,Ernst von Plener,"```json { ""wikipedia_page"": ""Ernst von Plener"", ""wikidata_id"": ""Q324918"" } ```",21.241228103637695
hidden_test_de_1_sent5,246,255,v. Plener,Q324918,PER,Q324918,Ernst von Plener,"```json { ""wikipedia_page"": ""Ernst von Plener"", ""wikidata_id"": ""Q324918"" } ```",21.073528289794922
hidden_test_de_1_sent5,289,298,v. Plener,Q324918,PER,Q324918,Ernst von Plener,,0
hidden_test_de_1_sent5,555,564,v. Plener,Q324918,PER,Q324918,Ernst von Plener,,0
hidden_test_de_1_sent5,774,783,v. Plener,Q324918,PER,Q324918,Ernst von Plener,"```json {""wikipedia_page"":""Ernst von Plener"", ""wikidata_id"":""Q324918""} ```",20.422639846801758
hidden_test_de_1_sent6,91,100,Kramarsch,NIL,PER,NIL,Kramarsch,"```json {""wikipedia_page"":""Karl Kramarsch"", ""wikidata_id"":""NIL""} ```",0
hidden_test_de_1_sent6,199,203,Prag,Q1085,LOC,Q1085,Prag,,0
hidden_test_de_1_sent6,278,285,Brzorad,Q14971052,PER,Q14971052,Josef Brzorád,"```json {""wikipedia_page"":""Josef Brzorád"", ""wikidata_id"":""Q14971052""} ```",11.115403175354004
hidden_test_de_1_sent6,664,668,Prag,Q1085,LOC,Q1085,Prag,,0
hidden_test_de_1_sent8,19,26,Klausen,Q378095,LOC,Q378095,Klausen,"```json {""wikipedia_page"":""Klausen"", ""wikidata_id"":""Q378095""} ```",10.878780364990234
hidden_test_de_1_sent10,381,389,Matthäus,NIL,PER,NIL,Matthäus,"```json {""wikipedia_page"":""NIL"", ""wikidata_id"":""NIL""} ```",0
hidden_test_de_1_sent11,68,81,Michel Gruber,NIL,PER,NIL,Michel Gruber,"```json {""wikipedia_page"":"""",""wikidata_id"":""NIL""} ```",0
hidden_test_de_1_sent14,123,136,Dietrichstein,NIL,PER,NIL,Dietrichstein,"```json {""wikipedia_page"":""NIL"", ""wikidata_id"":""NIL""} ```",0
hidden_test_de_1_sent15,0,3,Mur,Q259893,LOC,Q259893,Bruck an der Mur,,0
hidden_test_de_1_sent15,80,95,Bruck an derMur,Q259893,LOC,Q259893,Bruck an der Mur,,0
hidden_test_de_1_sent72,0,9,Amsterdam,NIL,LOC,NIL,Amsterdam,"```json {""wikipedia_page"":""NIL"", ""wikidata_id"":""NIL""} ```",0
hidden_test_de_1_sent99,0,29,William BoltonMarie Geiringer,NIL,PER,NIL,William BoltonMarie Geiringer,"```json {""wikipedia_page"":"""", ""wikidata_id"":""NIL""} ```",0
hidden_test_de_1_sent101,5,10,Frank,NIL,PER,NIL,Frank,"```json {""wikipedia_page"":""NIL"", ""wikidata_id"":""NIL""} ```",0
hidden_test_de_1_sent104,0,8,Marianka,NIL,PER,NIL,Marianka,"```json {""wikipedia_page"":"""", ""wikidata_id"":""NIL""} ```",0
hidden_test_de_1_sent105,0,28,Johann Degelmeier Ed. Lunzer,NIL,PER,NIL,Johann Degelmeier Ed. Lunzer,"```json {""wikipedia_page"":"""", ""wikidata_id"":""NIL""} ```",0
hidden_test_de_1_sent106,0,4,Mali,NIL,PER,NIL,Mali,"```json {""wikipedia_page"":""NIL"", ""wikidata_id"":""NIL""} ```",0
hidden_test_de_1_sent109,0,18,Tini Käthi Wernier,NIL,PER,NIL,Tini Käthi Wernier,"```json {""wikipedia_page"":""NIL"", ""wikidata_id"":""NIL""} ```",0
hidden_test_de_1_sent110,0,4,Susi,NIL,PER,NIL,Susi,"```json {""wikipedia_page"":""NIL"", ""wikidata_id"":""NIL""} ```",0
hidden_test_de_1_sent110,6,18,Mitzi Ganser,NIL,PER,NIL,Mitzi Ganser,"```json {""wikipedia_page"":""NIL"", ""wikidata_id"":""NIL""} ```",0
hidden_test_de_1_sent111,0,18,Thildi Käthi Hanke,NIL,PER,NIL,Thildi Käthi Hanke,"```json {""wikipedia_page"":"""", ""wikidata_id"":""NIL""} ```",0
hidden_test_de_1_sent115,0,8,Steffens,NIL,PER,NIL,Steffens,"```json {""wikipedia_page"":"""", ""wikidata_id"":""NIL""} ```",0
hidden_test_de_1_sent115,21,43,Carl OesterreicherJohn,NIL,PER,NIL,Carl OesterreicherJohn,"```json {""wikipedia_page"":"""", ""wikidata_id"":""NIL""} ```",0
hidden_test_de_1_sent116,0,5,Willy,NIL,PER,NIL,Willy,"```json {""wikipedia_page"":""Willy"", ""wikidata_id"":""NIL""} ```",0
hidden_test_de_1_sent117,18,36,Julius KnaackKnoll,NIL,PER,NIL,Julius KnaackKnoll,"```json { ""wikipedia_page"": ""NIL"", ""wikidata_id"": ""NIL"" } ```",0
hidden_test_de_1_sent118,0,5,Maier,NIL,PER,NIL,Maier,"```json {""wikipedia_page"":""NIL"", ""wikidata_id"":""NIL""} ```",0
hidden_test_de_1_sent119,0,7,Tschibi,NIL,PER,NIL,Tschibi,"```json {""wikipedia_page"":""NIL"", ""wikidata_id"":""NIL""} ```",0
hidden_test_de_1_sent120,0,7,Tschibe,NIL,PER,NIL,Tschibe,"```json {""wikipedia_page"":""NIL"", ""wikidata_id"":""NIL""} ```",0
hidden_test_de_1_sent121,22,34,Esther Stein,NIL,PER,NIL,Esther Stein,"```json {""wikipedia_page"":""NIL"", ""wikidata_id"":""NIL""} ```",0
hidden_test_de_1_sent142,57,68,Anton Schey,NIL,PER,NIL,Anton Schey,"```json {""wikipedia_page"":""NIL"", ""wikidata_id"":""NIL""} ```",0
hidden_test_de_1_sent184,490,501,Ignaz Brand,NIL,PER,NIL,Ignaz Brand,"```json { ""wikipedia_page"": ""NIL"", ""wikidata_id"": ""NIL"" } ```",0
hidden_test_de_1_sent195,805,820,Kaltenleutgeben,NIL,LOC,NIL,Kaltenleutgeben,"```json { ""wikipedia_page"": ""NIL"", ""wikidata_id"": ""NIL"" } ```",0
hidden_test_de_1_sent195,1065,1071,Böslau,NIL,LOC,NIL,Böslau,"```json {""wikipedia_page"":""NIL"", ""wikidata_id"":""NIL""} ```",0
hidden_test_de_1_sent195,1229,1235,Böslau,NIL,LOC,NIL,Böslau,"```json {""wikipedia_page"": ""NIL"", ""wikidata_id"": ""NIL""} ```",0
hidden_test_de_1_sent197,946,961,Kaltenleutgeben,NIL,LOC,NIL,Kaltenleutgeben,"```json {""wikipedia_page"":""Wr. Neustadt"", ""wikidata_id"":""NIL""} ```",0
hidden_test_de_1_sent201,389,394,Pense,NIL,PER,NIL,Pense,"```json { ""wikipedia_page"": """", ""wikidata_id"": ""NIL"" } ```",0
hidden_test_de_1_sent215,0,9,G. Arnold,NIL,PER,NIL,G. Arnold,"```json {""wikipedia_page"":""NIL"", ""wikidata_id"":""NIL""} ```",0
hidden_test_de_1_sent215,36,47,Josef Scheu,NIL,PER,NIL,Josef Scheu,"```json {""wikipedia_page"":""NIL"", ""wikidata_id"":""NIL""} ```",0
hidden_test_de_2_sent0,297,308,Ludwig XIV.,Q7742,PER,Q7742,Ludwig XIV.,,0
hidden_test_de_2_sent0,344,351,Europas,Q46,LOC,Q46,Europa,"```json {""wikipedia_page"":""Europa"", ""wikidata_id"":""Q46""} ```",16.635156631469727
hidden_test_de_2_sent0,452,467,Marquis de Sade,Q123867,PER,Q123867,Donatien Alphonse François de Sade,,0
hidden_test_de_2_sent1,45,52,Haerdtl,NIL,PER,NIL,Haerdtl,"```json {""wikipedia_page"":"""",""wikidata_id"":""NIL""} ```",0
hidden_test_de_2_sent2,1383,1391,Bienerth,Q79052,PER,Q79052,Richard von Bienerth-Schmerling,"```json {""wikipedia_page"": ""Richard von Bienerth-Schmerling"", ""wikidata_id"": ""Q79052""} ```",20.271656036376953
hidden_test_de_2_sent2,1493,1503,"Bilinskis,",Q688332,PER,Q688332,Leon Biliński,"```json { ""wikipedia_page"": ""Leon Biliński"", ""wikidata_id"": ""Q688332"" } ```",18.861825942993164
hidden_test_de_2_sent2,1520,1525,Ritts,Q7064476,PER,Q7064476,August von Ritt,"```json {""wikipedia_page"":""August von Ritt"", ""wikidata_id"":""Q7064476""} ```",16.776031494140625
hidden_test_de_2_sent2,1544,1557,Weiskirchners,Q2150882,PER,Q2150882,Richard Weiskirchner,"```json {""wikipedia_page"": ""Richard Weiskirchner"", ""wikidata_id"": ""Q2150882""} ```",20.056291580200195
hidden_test_de_2_sent2,1586,1594,Stürgkhs,Q78537,PER,Q78537,Karl Stürgkh,"```json {""wikipedia_page"":""Karl Stürgkh"", ""wikidata_id"":""Q78537""} ```",16.58940887451172
hidden_test_de_2_sent2,1809,1824,Herrv. Bienerth,Q79052,PER,Q79052,Richard von Bienerth-Schmerling,"```json {""wikipedia_page"":""Richard von Bienerth-Schmerling"", ""wikidata_id"":""Q79052""} ```",18.5325984954834
hidden_test_de_2_sent2,2063,2072,Bienerths,Q79052,PER,Q79052,Richard von Bienerth-Schmerling,,0
hidden_test_de_2_sent2,2483,2490,Europas,Q46,LOC,Q46,Europa,"```json {""wikipedia_page"":""Europa"", ""wikidata_id"":""Q46""} ```",18.14162254333496
hidden_test_de_2_sent2,2585,2590,Satan,Q35230,PER,Q35230,Satan,,0
hidden_test_de_2_sent3,165,170,Paris,Q90,LOC,Q90,Paris,,0
hidden_test_de_2_sent3,420,428,New=York,Q60,LOC,Q60,New York City,,0
hidden_test_de_2_sent3,755,768,Rue Vaugirard,Q2707132,LOC,Q2707132,Rue de Vaugirard,,0
hidden_test_de_2_sent3,771,776,Paris,Q90,LOC,Q90,Paris,,0
hidden_test_de_2_sent3,1910,1918,Himmels.,Q5694585,LOC,Q5694585,Himmel im Christentum,"```json {""wikipedia_page"":""Himmel im Christentum"", ""wikidata_id"":""Q5694585""} ```",10.463347434997559
hidden_test_de_2_sent129,0,6,Berlin,Q64,LOC,Q64,Berlin,"```json {""wikipedia_page"":""Berlin"", ""wikidata_id"":""Q64""} ```",19.56902503967285
hidden_test_de_2_sent129,32,38,Berlin,Q64,LOC,Q64,Berlin,,0
hidden_test_de_2_sent132,0,7,Leipzig,Q2079,LOC,Q2079,Leipzig,,0
hidden_test_de_2_sent132,19,30,Kapitän Lux,NIL,PER,NIL,Kapitän Lux,"```json { ""wikipedia_page"": ""NIL"", ""wikidata_id"": ""NIL"" } ```",0
hidden_test_de_2_sent132,195,202,Belfort,Q171545,LOC,Q171545,Belfort,,0
hidden_test_de_2_sent132,271,282,Deutschland,Q43287,LOC,Q43287,Deutsches Kaiserreich,"```json {""wikipedia_page"": ""Deutsches Kaiserreich"", ""wikidata_id"": ""Q43287""} ```",16.477827072143555
hidden_test_de_2_sent134,0,7,Belgrad,Q3711,LOC,Q3711,Belgrad,,0
hidden_test_de_2_sent134,32,40,Pasitsch,Q313843,PER,Q313843,Nikola Pašić,,0
hidden_test_de_2_sent135,0,7,Belgrad,Q3711,LOC,Q3711,Belgrad,,0
hidden_test_de_2_sent135,160,188,Skuptschina Andra Nikolitsch,NIL,PER,NIL,Skuptschina Andra Nikolitsch,"```json {""wikipedia_page"":""NIL"", ""wikidata_id"":""NIL""} ```",0
hidden_test_de_2_sent139,0,29,Minister des Innern Ludskanow,NIL,PER,NIL,Minister des Innern Ludskanow,"``` {""wikipedia_page"":""NIL"", ""wikidata_id"":""NIL""} ```",0
hidden_test_de_2_sent143,0,6,Madrid,Q2807,LOC,Q2807,Madrid,,0
hidden_test_de_2_sent143,77,88,Calle Mayor,Q1149052,LOC,Q1149052,,,0
hidden_test_de_2_sent145,0,6,London,Q84,LOC,Q84,London,,0
hidden_test_de_2_sent146,11,15,Hull,Q128147,LOC,Q128147,Kingston upon Hull,"```json {""wikipedia_page"":""Kingston upon Hull"", ""wikidata_id"":""Q128147""} ```",8.235857009887695
hidden_test_de_2_sent147,0,6,London,Q84,LOC,Q84,London,,0
hidden_test_de_2_sent147,63,67,Hull,Q128147,LOC,Q128147,Kingston upon Hull,,0
hidden_test_de_2_sent148,0,6,London,Q84,LOC,Q84,London,,0
hidden_test_de_2_sent148,83,87,Hull,Q128147,LOC,Q128147,Kingston upon Hull,,0
hidden_test_de_2_sent149,0,4,Hull,Q128147,LOC,Q128147,Kingston upon Hull,,0
hidden_test_de_2_sent153,284,307,Maria Theresia=Monument,Q21234884,LOC,Q21234884,Maria-Theresien-Denkmal,,0
hidden_test_de_2_sent158,37,46,Kohlmarkt,Q695132,LOC,Q695132,Kohlmarkt,"```json {""wikipedia_page"":""Kohlmarkt"", ""wikidata_id"":""Q695132""} ```",13.549921035766602
hidden_test_de_2_sent158,58,75,Mariahilferstraße,Q699930,LOC,Q699930,Mariahilfer Straße,"```json {""wikipedia_page"":""Mariahilfer Straße"", ""wikidata_id"":""Q699930""} ```",16.334070205688477
hidden_test_de_2_sent164,71,87,Arbeiter=Zeitung,Q627083,PROD,Q627083,Arbeiter-Zeitung,"```json {""wikipedia_page"":""Arbeiter-Zeitung"", ""wikidata_id"":""Q627083""} ```",9.686832427978516
hidden_test_de_2_sent164,124,148,l. Schulerstrasse Nr. 13,NIL,LOC,NIL,l. Schulerstrasse Nr. 13,"```json { ""wikipedia_page"": ""NIL"", ""wikidata_id"": ""NIL"" } ```",0
hidden_test_de_2_sent170,89,104,Rarael & Witžek,NIL,ORG,NIL,Rarael & Witžek,"```json {""wikipedia_page"":"""",""wikidata_id"":""NIL""} ```",0
hidden_test_de_2_sent172,34,50,Sozialdemokratie,Q121254,ORG,Q121254,Sozialdemokratie,,0
hidden_test_de_2_sent189,93,112,I. Schulerstraße 13,NIL,LOC,NIL,I. Schulerstraße 13,"```json {""wikipedia_page"":""NIL"", ""wikidata_id"":""NIL""} ```",0
hidden_test_de_2_sent189,123,127,9191,NIL,LOC,NIL,9191,"```json {""wikipedia_page"": ""NIL"", ""wikidata_id"": ""NIL""} ```",0
hidden_test_de_2_sent189,230,252,4942XVI. Klausgasse 34,NIL,LOC,NIL,4942XVI. Klausgasse 34,"```json { ""wikipedia_page"":"""", ""wikidata_id"":""NIL"" } ```",0
hidden_test_de_2_sent189,269,290,XVII. Lacknergasse 22,NIL,LOC,NIL,XVII. Lacknergasse 22,"```json { ""wikipedia_page"": ""NIL"", ""wikidata_id"": ""NIL"" } ```",0
hidden_test_de_2_sent193,0,4,Wien,Q1741,LOC,Q1741,Wien,,0
hidden_test_de_2_sent196,0,4,Wien,Q1741,LOC,Q1741,Wien,,0
hidden_test_de_2_sent197,352,369,Herrn v. Bienerth,Q79052,PER,Q79052,Richard von Bienerth-Schmerling,"```json {""wikipedia_page"":""Richard von Bienerth-Schmerling"", ""wikidata_id"":""Q79052""} ```",21.264305114746094
hidden_test_de_2_sent197,693,701,Bienerth,Q79052,PER,Q79052,Richard von Bienerth-Schmerling,"```json {""wikipedia_page"": ""Richard von Bienerth-Schmerling"", ""wikidata_id"": ""Q79052""} ```",18.1513671875
hidden_test_de_2_sent198,160,169,Bienerths,Q79052,PER,Q79052,Richard von Bienerth-Schmerling,"```json {""wikipedia_page"":""Richard von Bienerth-Schmerling"", ""wikidata_id"":""Q79052""} ```",13.8614501953125
hidden_test_de_2_sent198,239,247,Bienerth,Q79052,PER,Q79052,Richard von Bienerth-Schmerling,"```json { ""wikipedia_page"": ""Richard von Bienerth-Schmerling"", ""wikidata_id"": ""Q79052"" } ```",15.700206756591797
hidden_test_de_2_sent198,885,892,Serbien,Q241748,LOC,Q241748,Königreich Serbien,"```json {""wikipedia_page"":""Königreich Serbien"", ""wikidata_id"":""Q241748""} ```",15.934005737304688
hidden_test_de_2_sent198,1055,1063,Bienerth,Q79052,PER,Q79052,Richard von Bienerth-Schmerling,"```json {""wikipedia_page"":""Richard von Bienerth-Schmerling"", ""wikidata_id"":""Q79052""} ```",19.100494384765625
hidden_test_de_2_sent198,1296,1304,Bienerth,Q79052,PER,Q79052,Richard von Bienerth-Schmerling,"```json { ""wikipedia_page"": ""Richard von Bienerth-Schmerling"", ""wikidata_id"": ""Q79052"" } ```",17.16181755065918
hidden_test_de_2_sent198,1355,1363,Bienerth,Q79052,PER,Q79052,Richard von Bienerth-Schmerling,"```json { ""wikipedia_page"": ""Richard von Bienerth-Schmerling"", ""wikidata_id"": ""Q79052"" } ```",15.13060188293457
hidden_test_de_2_sent205,403,407,Gott,Q825,PER,Q825,Gott im Christentum,"```json { ""wikipedia_page"": ""Gott im Christentum"", ""wikidata_id"": ""Q825"" } ```",12.039987564086914
hidden_test_de_2_sent205,682,687,Satan,Q35230,PER,Q35230,Satan,,0
hidden_test_de_2_sent205,1019,1025,Mondes,Q405,LOC,Q405,Mond,"```json {""wikipedia_page"": ""Mond"", ""wikidata_id"": ""Q405""} ```",17.179540634155273
hidden_test_de_2_sent205,1135,1139,Gott,Q190,PER,Q190,Gott,"```json {""wikipedia_page"":""Gott"", ""wikidata_id"":""Q190""} ```",15.582895278930664
hidden_test_de_2_sent205,1499,1507,Stürgkhs,Q78537,PER,Q78537,Karl Stürgkh,"```json {""wikipedia_page"":""Karl Stürgkh"", ""wikidata_id"":""Q78537""} ```",15.742409706115723
hidden_test_de_2_sent205,1650,1659,Bienerths,Q79052,PER,Q79052,Richard von Bienerth-Schmerling,"```json {""wikipedia_page"": ""Richard von Bienerth-Schmerling"", ""wikidata_id"": ""Q79052""} ```",14.470966339111328
hidden_test_de_2_sent205,1724,1732,Bienerth,Q79052,PER,Q79052,Richard von Bienerth-Schmerling,"```json { ""wikipedia_page"": ""Richard von Bienerth-Schmerling"", ""wikidata_id"": ""Q79052"" } ```",18.22351837158203
hidden_test_de_2_sent205,1787,1800,Bienerthschen,Q79052,PER,Q79052,Richard von Bienerth-Schmerling,"```json { ""wikipedia_page"": ""Richard von Bienerth-Schmerling"", ""wikidata_id"": ""Q79052"" } ```",12.03255558013916
hidden_test_de_2_sent205,1834,1850,Herr v. Bilinski,Q688332,PER,Q688332,Leon Biliński,"```json {""wikipedia_page"":""Leon Biliński"", ""wikidata_id"":""Q688332""} ```",15.132270812988281
hidden_test_de_2_sent205,1946,1954,Bienerth,Q79052,PER,Q79052,Richard von Bienerth-Schmerling,"```json {""wikipedia_page"": ""Richard von Bienerth-Schmerling"", ""wikidata_id"": ""Q79052""} ```",17.46802520751953
hidden_test_de_2_sent205,1989,1997,Bilinski,Q688332,PER,Q688332,Leon Biliński,"```json { ""wikipedia_page"": ""Leon Biliński"", ""wikidata_id"": ""Q688332"" } ```",19.99855613708496
hidden_test_de_2_sent205,2097,2111,Stapinski=Bank,NIL,ORG,NIL,Stapinski=Bank,"```json {""wikipedia_page"":""NIL"", ""wikidata_id"":""NIL""} ```",0
hidden_test_de_2_sent205,2184,2193,Bienerths,Q79052,PER,Q79052,Richard von Bienerth-Schmerling,"```json {""wikipedia_page"":""Richard von Bienerth-Schmerling"", ""wikidata_id"":""Q79052""} ```",16.431825637817383
hidden_test_de_2_sent205,2374,2378,Ritt,Q7064476,PER,Q7064476,August von Ritt,"```json {""wikipedia_page"":""August von Ritt"", ""wikidata_id"":""Q7064476""} ```",14.102746963500977
hidden_test_de_2_sent205,2471,2479,Bienerth,Q79052,PER,Q79052,Richard von Bienerth-Schmerling,"```json { ""wikipedia_page"": ""Richard von Bienerth-Schmerling"", ""wikidata_id"": ""Q79052"" } ```",16.38180160522461
hidden_test_de_2_sent205,2570,2579,Bienerths,Q79052,PER,Q79052,Richard von Bienerth-Schmerling,"```json { ""wikipedia_page"": ""Richard von Bienerth-Schmerling"", ""wikidata_id"": ""Q79052"" } ```",14.809488296508789
hidden_test_de_2_sent205,2748,2764,Herr v. Bienerth,Q79052,PER,Q79052,Richard von Bienerth-Schmerling,"```json {""wikipedia_page"":""Richard von Bienerth-Schmerling"", ""wikidata_id"":""Q79052""} ```",18.019306182861328
hidden_test_de_2_sent205,3010,3018,Bienerth,Q79052,PER,Q79052,Richard von Bienerth-Schmerling,"```json {""wikipedia_page"": ""Richard von Bienerth-Schmerling"", ""wikidata_id"": ""Q79052""} ```",18.886579513549805
hidden_test_de_2_sent205,3261,3270,Bienerths,Q79052,PER,Q79052,Richard von Bienerth-Schmerling,"```json {""wikipedia_page"":""Richard von Bienerth-Schmerling"", ""wikidata_id"":""Q79052""} ```",20.182945251464844
hidden_test_de_2_sent205,3330,3346,Herr v. Bienerth,Q79052,PER,Q79052,Richard von Bienerth-Schmerling,"```json {""wikipedia_page"":""Richard von Bienerth-Schmerling"", ""wikidata_id"":""Q79052""} ```",16.74756622314453
hidden_test_de_2_sent205,3605,3613,Bienerth,Q79052,PER,Q79052,Richard von Bienerth-Schmerling,"```json {""wikipedia_page"":""Richard von Bienerth-Schmerling"", ""wikidata_id"":""Q79052""} ```",16.305503845214844
hidden_test_de_2_sent205,4040,4045,Satan,Q35230,PER,Q35230,Satan,,0
hidden_test_de_2_sent205,4255,4260,Hölle,Q564,LOC,Q564,Hölle,"```json {""wikipedia_page"":""Hölle"", ""wikidata_id"":""Q564""} ```",20.95979881286621
hidden_test_de_2_sent205,4335,4340,Satan,Q35230,PER,Q35230,Satan,,0
hidden_test_de_2_sent205,4453,4457,Mond,Q405,LOC,Q405,Mond,,0
hidden_test_de_2_sent205,4643,4648,Satan,Q35230,PER,Q35230,Satan,,0
hidden_test_de_2_sent207,110,128,Beköstigungsverein,NIL,ORG,NIL,Beköstigungsverein,"```json {""wikipedia_page"": ""NIL"", ""wikidata_id"": ""NIL""} ```",0
hidden_test_de_2_sent210,52,70,Beköstigungsverein,NIL,ORG,NIL,Beköstigungsverein,"```json {""wikipedia_page"":""NIL"", ""wikidata_id"":""NIL""} ```",0
hidden_test_de_2_sent211,306,311,Paris,Q90,LOC,Q90,Paris,"```json {""wikipedia_page"":""Paris"", ""wikidata_id"":""Q90""} ```",20.820711135864258
hidden_test_de_2_sent211,414,436,Landelsminister Conyba,NIL,PER,NIL,Landelsminister Conyba,"```json {""wikipedia_page"":""NIL"", ""wikidata_id"":""NIL""} ```",0
hidden_test_de_2_sent211,643,654,„Chat Noir“,Q1138922,LOC,Q1138922,Le Chat Noir,"```json {""wikipedia_page"":""Le Chat Noir"", ""wikidata_id"":""Q1138922""} ```",18.597028732299805
hidden_test_de_2_sent211,806,820,Maurice Donnay,Q1251496,PER,Q1251496,Maurice Donnay,,0
hidden_test_de_2_sent211,960,971,MarcelLegay,Q7126330,PER,Q7126330,Marcel Legay,,0
hidden_test_de_2_sent212,111,127,Arbeiter=Zeitung,Q627083,PROD,Q627083,Arbeiter-Zeitung,"```json {""wikipedia_page"":""Arbeiter-Zeitung"", ""wikidata_id"":""Q627083""} ```",17.886659622192383
hidden_test_de_2_sent213,282,286,Wien,Q1741,LOC,Q1741,Wien,,0
hidden_test_de_2_sent213,1556,1566,Länderbank,Q1426044,ORG,Q1426044,Länderbank,"```json {""wikipedia_page"":""Länderbank"", ""wikidata_id"":""Q1426044""} ```",16.853548049926758
hidden_test_de_2_sent214,28,34,Europa,Q46,LOC,Q46,Europa,,0
hidden_test_de_2_sent214,333,340,Amerika,Q828,LOC,Q828,Amerika,"```json {""wikipedia_page"":""Amerika"", ""wikidata_id"":""Q828""} ```",21.08591079711914
hidden_test_de_2_sent214,346,352,Europa,Q46,LOC,Q46,Europa,,0
hidden_test_de_2_sent214,425,436,Dr. Clerget,NIL,PER,NIL,Dr. Clerget,"```json { ""wikipedia_page"":"""", ""wikidata_id"":""NIL"" } ```",0
hidden_test_de_2_sent214,518,524,Kanada,Q16,LOC,Q16,Kanada,,0
hidden_test_de_2_sent214,827,839,Skandinavien,Q21195,LOC,Q21195,Skandinavien,,0
hidden_test_de_2_sent214,890,897,Europas,Q46,LOC,Q46,Europa,,0
hidden_test_de_2_sent214,935,941,Europa,Q46,LOC,Q46,Europa,,0
hidden_test_de_2_sent214,945,953,Finnland,Q33,LOC,Q33,Finnland,,0
hidden_test_de_2_sent214,1054,1061,Bosnien,Q188736,LOC,Q188736,Bosnien,,0
hidden_test_de_2_sent214,1069,1080,Herzegowina,Q189863,LOC,Q189863,Herzegowina,,0
hidden_test_de_2_sent214,1135,1147,Skandinavien,Q21195,LOC,Q21195,Skandinavien,,0
hidden_test_de_2_sent215,58,65,Europas,Q46,LOC,Q46,Europa,"```json {""wikipedia_page"":""Europa"", ""wikidata_id"":""Q46""} ```",20.278940200805664
hidden_test_de_2_sent215,423,429,Kanada,Q16,LOC,Q16,Kanada,,0
hidden_test_de_2_sent215,435,454,Vereinigten Staaten,Q30,LOC,Q30,Vereinigte Staaten,,0
hidden_test_de_2_sent215,687,692,Japan,Q17,LOC,Q17,Japan,,0
hidden_test_de_2_sent215,1018,1025,Döbling,Q267360,LOC,Q267360,Döbling,,0
hidden_test_de_2_sent215,1100,1107,Döbling,Q267360,LOC,Q267360,Döbling,,0
hidden_test_de_2_sent215,1178,1185,Döbling,Q267360,LOC,Q267360,Döbling,,0
hidden_test_de_2_sent215,1254,1281,Maria Theresien=Schlößchens,Q1801194,LOC,Q1801194,Maria-Theresien-Schlössel,,0
hidden_test_de_2_sent215,1919,1923,Wien,Q1741,LOC,Q1741,Wien,,0
hidden_test_de_2_sent253,65,72,H. Palm,NIL,PER,NIL,H. Palm,"```json {""wikipedia_page"":""NIL"", ""wikidata_id"":""NIL""} ```",0
hidden_test_de_2_sent253,73,83,Michalecki,NIL,PER,NIL,Michalecki,"```json {""wikipedia_page"":""NIL"", ""wikidata_id"":""NIL""} ```",0
hidden_test_de_2_sent271,89,95,Essegg,NIL,LOC,NIL,Essegg,"```json {""wikipedia_page"":"""", ""wikidata_id"":""NIL""} ```",0
hidden_test_de_2_sent280,2,12,Steinbrück,NIL,LOC,NIL,Steinbrück,"```json {""wikipedia_page"":""NIL"", ""wikidata_id"":""NIL""} ```",0
hidden_test_de_2_sent288,2,11,Oedenburg,NIL,LOC,NIL,Oedenburg,"```json {""wikipedia_page"":"""",""wikidata_id"":""NIL""} ```",0
hidden_test_de_2_sent297,11,24,Stein¬amanger,NIL,LOC,NIL,Stein¬amanger,"```json {""wikipedia_page"":""NIL"", ""wikidata_id"":""NIL""} ```",0
hidden_test_de_2_sent312,82,91,Pragerhof,NIL,LOC,NIL,Pragerhof,"```json {""wikipedia_page"":""NIL"", ""wikidata_id"":""NIL""} ```",0
hidden_test_de_2_sent324,2,14,Steinamanger,NIL,LOC,NIL,Steinamanger,"```json {""wikipedia_page"":""NIL"", ""wikidata_id"":""NIL""} ```",0
hidden_test_de_2_sent324,16,20,Güns,NIL,LOC,NIL,Güns,"```json {""wikipedia_page"":"""", ""wikidata_id"":""NIL""} ```",0
hidden_test_de_2_sent349,2,12,Steinbrück,NIL,LOC,NIL,Steinbrück,"```json { ""wikipedia_page"": ""NIL"", ""wikidata_id"": ""NIL"" } ```",0
hidden_test_de_2_sent353,64,73,Oedenburg,NIL,LOC,NIL,Oedenburg,"```json { ""wikipedia_page"": """", ""wikidata_id"": ""NIL"" } ```",0
hidden_test_de_2_sent353,76,86,Gutenstein,NIL,LOC,NIL,Gutenstein,"```json { ""wikipedia_page"": ""NIL"", ""wikidata_id"": ""NIL"" } ```",0
hidden_test_de_2_sent357,43,49,Sissek,NIL,LOC,NIL,Sissek,"```json {""wikipedia_page"":""NIL"", ""wikidata_id"":""NIL""} ```",0
hidden_test_de_2_sent363,484,497,M. DukesNachf,NIL,ORG,NIL,M. DukesNachf,"```json {""wikipedia_page"": ""NIL"", ""wikidata_id"": ""NIL""} ```",0
hidden_test_de_2_sent364,53,112,"DRUCK- UND VERLAGSANSTALT„VORWÄRTS“Wien, V. Wienstrasse 89A",NIL,LOC,NIL,"DRUCK- UND VERLAGSANSTALT„VORWÄRTS“Wien, V. Wienstrasse 89A","```json {""wikipedia_page"":""NIL"", ""wikidata_id"":""NIL""} ```",0
hidden_test_de_2_sent364,154,158,9453,NIL,LOC,NIL,9453,"```json { ""wikipedia_page"": ""NIL"", ""wikidata_id"": ""NIL"" } ```",0
hidden_test_de_2_sent371,11,48,Arbeiter=Zeitung: Dr. Adler=Emmerling,NIL,PER,NIL,Arbeiter=Zeitung: Dr. Adler=Emmerling,"```json {""wikipedia_page"": ""NIL"", ""wikidata_id"": ""NIL""} ```",0
hidden_test_de_2_sent371,65,81,Dr. Viktor Adler,Q366845,PER,Q366845,Victor Adler,,0
hidden_test_de_2_sent371,113,123,Max Winter,Q214678,PER,Q214678,Max Winter,,0
hidden_test_de_7_sent1,224,233,Innsbruck,Q1735,LOC,Q1735,Innsbruck,,0
hidden_test_de_7_sent15,41,84,Oesterreichische Anzeigen=Gesellschaft A.=G,NIL,ORG,NIL,Oesterreichische Anzeigen=Gesellschaft A.=G,"```json {""wikipedia_page"":""NIL"", ""wikidata_id"":""NIL""} ```",0
hidden_test_de_7_sent21,0,9,Innsbruck,Q1735,LOC,Q1735,Innsbruck,"```json {""wikipedia_page"":""Innsbruck"", ""wikidata_id"":""Q1735""} ```",13.673955917358398
hidden_test_de_7_sent22,84,104,Vaterländische Front,Q695482,ORG,Q695482,Vaterländische Front,,0
hidden_test_de_7_sent22,159,178,VaterländischeFront,Q695482,ORG,Q695482,Vaterländische Front,,0
hidden_test_de_7_sent22,443,464,Vaterländischen Front,Q695482,ORG,Q695482,Vaterländische Front,,0
hidden_test_de_7_sent22,546,555,Innsbruck,Q1735,LOC,Q1735,Innsbruck,,0
hidden_test_de_7_sent22,623,643,Vaterländische Front,Q695482,ORG,Q695482,Vaterländische Front,,0
hidden_test_de_7_sent22,801,826,christlichsozialen Partei,Q692131,ORG,Q692131,Christlichsoziale Partei,,0
hidden_test_de_7_sent22,840,851,Oesterreich,Q40,LOC,Q40,Österreich,,0
hidden_test_de_7_sent22,920,941,Vaterländischen Front,Q695482,ORG,Q695482,Vaterländische Front,,0
hidden_test_de_7_sent23,139,152,N. S. D. A. P,Q7320,ORG,Q7320,Nationalsozialistische Deutsche Arbeiterpartei,"```json {""wikipedia_page"": ""Nationalsozialistische Deutsche Arbeiterpartei"", ""wikidata_id"": ""Q7320""} ```",18.007837295532227
hidden_test_de_7_sent23,213,233,Vaterländische Front,Q695482,ORG,Q695482,Vaterländische Front,,0
hidden_test_de_7_sent23,542,553,Oesterreich,Q40,LOC,Q40,Österreich,,0
hidden_test_de_7_sent23,692,705,N. S. D. A. P,Q7320,ORG,Q7320,Nationalsozialistische Deutsche Arbeiterpartei,"```json { ""wikipedia_page"": ""Nationalsozialistische Deutsche Arbeiterpartei"", ""wikidata_id"": ""Q7320"" } ```",12.910133361816406
hidden_test_de_7_sent24,200,220,VaterländischenFront,Q695482,ORG,Q695482,Vaterländische Front,"```json {""wikipedia_page"":""Vaterländische Front"", ""wikidata_id"":""Q695482""} ```",18.66771125793457
hidden_test_de_7_sent25,715,730,Deutschen Reich,Q1206012,LOC,Q1206012,Deutsches Reich,,0
hidden_test_de_7_sent26,171,187,Deutschen Reiche,Q1206012,LOC,Q1206012,Deutsches Reich,,0
hidden_test_de_7_sent28,60,81,Vaterländischen Front,Q695482,ORG,Q695482,Vaterländische Front,"```json { ""wikipedia_page"": ""Vaterländische Front"", ""wikidata_id"": ""Q695482"" } ```",14.388225555419922
hidden_test_de_7_sent31,50,79,militärischen Assistenzkörper,Q55694738,ORG,Q55694738,Militärassistenzkorps,"```json {""wikipedia_page"":""Militärassistenzkorps"", ""wikidata_id"":""Q55694738""} ```",20.109018325805664
hidden_test_de_7_sent31,330,358,militärischenAssistenzkörper,Q55694738,ORG,Q55694738,Militärassistenzkorps,"```json {""wikipedia_page"":""Militärassistenzkorps"", ""wikidata_id"":""Q55694738""} ```",20.607797622680664
hidden_test_de_7_sent32,24,35,Ministerrat,NIL,ORG,NIL,Ministerrat,"```json {""wikipedia_page"":"""", ""wikidata_id"":""NIL""} ```",0
hidden_test_de_7_sent34,545,563,Bundeskanzleramtes,Q668916,ORG,Q668916,Bundeskanzleramt,,0
hidden_test_de_7_sent34,839,861,Bundes¬kanzler Dollfuß,Q11734,PER,Q11734,Engelbert Dollfuß,"```json {""wikipedia_page"":""Engelbert Dollfuß"", ""wikidata_id"":""Q11734""} ```",20.79640007019043
hidden_test_de_7_sent34,897,906,Innsbruck,Q1735,LOC,Q1735,Innsbruck,,0
hidden_test_de_7_sent37,20,38,Bundeskanzleramtes,Q668916,ORG,Q668916,Bundeskanzleramt,"```json {""wikipedia_page"":""Bundeskanzleramt"", ""wikidata_id"":""Q668916""} ```",9.06496524810791
hidden_test_de_7_sent83,16,29,VINZENZ AHRER,NIL,ORG,NIL,VINZENZ AHRER,"```json {""wikipedia_page"":"""", ""wikidata_id"":""NIL""} ```",0
hidden_test_de_7_sent87,142,153,Moden-Pasch,NIL,ORG,NIL,Moden-Pasch,"```json {""wikipedia_page"":""NIL"", ""wikidata_id"":""NIL""} ```",0
hidden_test_de_7_sent87,176,212,"Innsbruck, Maria-Theresien-Straße 21",Q647485,LOC,Q647485,Maria-Theresien-Straße,"```json { ""wikipedia_page"": ""Maria-Theresien-Straße"", ""wikidata_id"": ""Q647485"" } ```",13.570475578308105
hidden_test_de_7_sent88,122,126,Graz,Q13298,LOC,Q13298,Graz,,0
hidden_test_de_7_sent93,136,151,A. Sachsenheims,NIL,ORG,NIL,A. Sachsenheims,"```json {""wikipedia_page"": ""NIL"", ""wikidata_id"": ""NIL""} ```",0
hidden_test_de_7_sent94,246,254,Hofgasse,NIL,LOC,NIL,Hofgasse,"```json { ""wikipedia_page"":"""", ""wikidata_id"":""NIL"" } ```",0
hidden_test_de_7_sent95,0,40,"P. Marr, GraveurInnsbruck.Erlerstraße 15",NIL,LOC,NIL,"P. Marr, GraveurInnsbruck.Erlerstraße 15","```json {""wikipedia_page"":""NIL"", ""wikidata_id"":""NIL""} ```",0
hidden_test_de_7_sent95,44,68,Maria=Threresien=Str. 25,Q647485,LOC,Q647485,Maria-Theresien-Straße,"```json {""wikipedia_page"":""Maria-Theresien-Straße"", ""wikidata_id"":""Q647485""} ```",15.234850883483887
hidden_test_de_7_sent196,80,128,"A. Weissberg, Spezialhaus für Motor¬radindustrie",NIL,ORG,NIL,"A. Weissberg, Spezialhaus für Motor¬radindustrie","```json {""wikipedia_page"":""NIL"", ""wikidata_id"":""NIL""} ```",0
hidden_test_de_8_sent3,82,107,"Neustadta. Mettan, Böhmen",NIL,LOC,NIL,"Neustadta. Mettan, Böhmen","```json {""wikipedia_page"": ""NIL"", ""wikidata_id"": ""NIL""} ```",0
hidden_test_de_8_sent6,47,55,Oswiecim,Q7342,LOC,Q7342,Oświęcim,,0
hidden_test_de_8_sent6,61,67,Krakau,Q31487,LOC,Q31487,Krakau,,0
hidden_test_de_8_sent6,482,490,Oswiecim,Q7342,LOC,Q7342,Oświęcim,,0
hidden_test_de_8_sent6,496,502,Krakau,Q31487,LOC,Q31487,Krakau,,0
hidden_test_de_8_sent6,619,646,Landesadvokaten Dr. Schlank,NIL,PER,NIL,Landesadvokaten Dr. Schlank,"```json { ""wikipedia_page"": """", ""wikidata_id"": ""NIL"" } ```",0
hidden_test_de_8_sent7,0,24,Landesingenieur Bugeiski,NIL,PER,NIL,Landesingenieur Bugeiski,"```json {""wikipedia_page"":"""", ""wikidata_id"":""NIL""} ```",0
hidden_test_de_8_sent8,0,11,Dr. Schlank,NIL,PER,NIL,Dr. Schlank,"```json {""wikipedia_page"":"""", ""wikidata_id"":""NIL""} ```",0
hidden_test_de_8_sent10,208,215,"Krakau,",Q31487,LOC,Q31487,Krakau,,0
hidden_test_de_8_sent17,310,314,Wien,Q1741,LOC,Q1741,Wien,,0
hidden_test_de_8_sent18,0,12,Frau Pottner,NIL,PER,NIL,Frau Pottner,"```json {""wikipedia_page"":"""",""wikidata_id"":""NIL""} ```",0
hidden_test_de_8_sent19,210,237,Feinputzerei ErnestineGeher,NIL,PER,NIL,Feinputzerei ErnestineGeher,"```json {""wikipedia_page"":"""",""wikidata_id"":""NIL""} ```",0
hidden_test_de_8_sent19,298,317,Firma Anton Schwarz,NIL,ORG,NIL,Firma Anton Schwarz,"```json {""wikipedia_page"":""NIL"", ""wikidata_id"":""NIL""} ```",0
hidden_test_de_8_sent20,1,18,Franz Leibetzeder,NIL,PER,NIL,Franz Leibetzeder,"```json {""wikipedia_page"":""NIL"", ""wikidata_id"":""NIL""} ```",0
hidden_test_de_8_sent21,37,45,Zeillern,Q184939,LOC,Q184939,Zeillern,,0
hidden_test_de_8_sent21,332,337,Linz.,Q41329,LOC,Q41329,Linz,,0
hidden_test_de_8_sent21,526,543,Franz Leibetzeder,NIL,PER,NIL,Franz Leibetzeder,"```json {""wikipedia_page"":"""", ""wikidata_id"":""NIL""} ```",0
hidden_test_de_8_sent24,16,23,Berlin.,Q64,LOC,Q64,Berlin,"```json {""wikipedia_page"":""Berlin"", ""wikidata_id"":""Q64""} ```",12.728565216064453
hidden_test_de_8_sent25,60,77,Alexander=Kaserne,NIL,LOC,NIL,Alexander=Kaserne,"```json {""wikipedia_page"":""NIL"", ""wikidata_id"":""NIL""} ```",0
hidden_test_de_8_sent25,81,87,Berlin,Q64,LOC,Q64,Berlin,"```json {""wikipedia_page"": ""Berlin"", ""wikidata_id"": ""Q64""} ```",16.605613708496094
hidden_test_de_8_sent26,14,30,Alexanderkaserne,NIL,PER,NIL,Alexanderkaserne,"```json {""wikipedia_page"":""NIL"", ""wikidata_id"":""NIL""} ```",0
hidden_test_de_8_sent47,32,38,Triest,Q546,LOC,Q546,Triest,,0
hidden_test_de_8_sent47,180,186,Triest,Q546,LOC,Q546,Triest,,0
hidden_test_de_8_sent47,264,277,Maria Brenner,NIL,PER,NIL,Maria Brenner,"```json {""wikipedia_page"":"""", ""wikidata_id"":""NIL""} ```",0
hidden_test_de_8_sent48,313,325,Marie Soldan,NIL,PER,NIL,Marie Soldan,"```json {""wikipedia_page"":""NIL"", ""wikidata_id"":""NIL""} ```",0
hidden_test_de_8_sent51,32,41,Debrezin.,Q79880,LOC,Q79880,Debrecen,"```json {""wikipedia_page"":""Debrecen"", ""wikidata_id"":""Q79880""} ```",17.393569946289062
hidden_test_de_8_sent51,44,52,Debrezin,Q79880,LOC,Q79880,Debrecen,"```json {""wikipedia_page"":""Debrecen"", ""wikidata_id"":""Q79880""} ```",20.711669921875
hidden_test_de_8_sent51,80,120,Staats¬bahnlokomotivführer Georg Megyery,NIL,PER,NIL,Staats¬bahnlokomotivführer Georg Megyery,"```json {""wikipedia_page"":""NIL"", ""wikidata_id"":""NIL""} ```",0
hidden_test_de_8_sent53,17,28,Niagarafall,Q34221,LOC,Q34221,Niagarafälle,"```json {""wikipedia_page"":""Niagarafälle"", ""wikidata_id"":""Q34221""} ```",19.049760818481445
hidden_test_de_8_sent56,76,86,Herr Leach,NIL,PER,NIL,Herr Leach,"```json {""wikipedia_page"":""NIL"", ""wikidata_id"":""NIL""} ```",0
hidden_test_de_8_sent59,30,42,Niagarafälle,Q34221,LOC,Q34221,Niagarafälle,,0
hidden_test_de_8_sent60,58,63,Leach,NIL,PER,NIL,Leach,"```json { ""wikipedia_page"": ""NIL"", ""wikidata_id"": ""NIL"" } ```",0
hidden_test_de_8_sent61,148,161,Kurrentgasse.,NIL,LOC,NIL,Kurrentgasse.,"```json {""wikipedia_page"":""Kurfürstendamm"", ""wikidata_id"":""NIL""} ```",0
hidden_test_de_8_sent336,0,65,"Jac. WeinbergerI., Weihburggasse 5Parterre, Mezzanin u. 1. Stock.",NIL,LOC,NIL,"Jac. WeinbergerI., Weihburggasse 5Parterre, Mezzanin u. 1. Stock.","```json {""wikipedia_page"":""NIL"", ""wikidata_id"":""NIL""} ```",0
hidden_test_de_8_sent337,127,136,1007/VIII,NIL,LOC,NIL,1007/VIII,"```json {""wikipedia_page"":"""", ""wikidata_id"":""NIL""} ```",0
hidden_test_de_8_sent342,238,244,Gisela,NIL,PER,NIL,Gisela,"```json {""wikipedia_page"":""NIL"", ""wikidata_id"":""NIL""} ```",0
hidden_test_de_8_sent343,0,5,"Wien,",Q1741,LOC,Q1741,Wien,,0
hidden_test_de_8_sent345,114,125,Deutschland,Q43287,LOC,Q43287,Deutsches Kaiserreich,"```json {""wikipedia_page"": ""Deutsches Kaiserreich"", ""wikidata_id"": ""Q43287""} ```",15.095643997192383
hidden_test_de_8_sent346,18,37,Glauchau in Sachsen,Q20071,LOC,Q20071,Glauchau,"```json {""wikipedia_page"":""Glauchau"", ""wikidata_id"":""Q20071""} ```",16.333799362182617
hidden_test_de_8_sent352,15,28,Ober¬ammergau,Q503757,LOC,Q503757,Oberammergau,,0
hidden_test_de_8_sent359,0,24,Theater i. d. Josefstadt,Q167619,LOC,Q167619,Theater in der Josefstadt,,0
hidden_test_de_8_sent369,0,19,Theater an der Wien,Q374336,ORG,Q374336,Theater an der Wien,,0
hidden_test_de_8_sent380,0,35,Heinr. WeinbergerI. Singerstraße 10,NIL,LOC,NIL,Heinr. WeinbergerI. Singerstraße 10,"```json {""wikipedia_page"":""NIL"", ""wikidata_id"":""NIL""} ```",0
hidden_test_de_8_sent382,12,50,9101.Sommertheaterin „Venedig in Wien“,NIL,LOC,NIL,9101.Sommertheaterin „Venedig in Wien“,"```json {""wikipedia_page"":"""", ""wikidata_id"":""NIL""} ```",0
hidden_test_de_8_sent390,0,28,OrnsteinVI. Theobaldgasse 13,NIL,LOC,NIL,OrnsteinVI. Theobaldgasse 13,"```json {""wikipedia_page"":"""",""wikidata_id"":""NIL""} ```",0
hidden_test_de_8_sent391,46,76,Dr. med. u.chlr. Josef Hermann,NIL,PER,NIL,Dr. med. u.chlr. Josef Hermann,"```json {""wikipedia_page"":"""",""wikidata_id"":""NIL""} ```",0
hidden_test_de_8_sent392,0,14,Wieden in Wien,Q268001,LOC,Q268001,Wieden,"```json {""wikipedia_page"": ""Wieden"", ""wikidata_id"": ""Q268001""} ```",11.345494270324707
hidden_test_de_8_sent401,2,9,Leipzig,Q2079,LOC,Q2079,Leipzig,"```json {""wikipedia_page"": ""Leipzig"", ""wikidata_id"": ""Q2079""} ```",20.067007064819336
hidden_test_de_8_sent425,51,78,Illustrierte Kronen=Zeitung,Q644103,PROD,Q644103,Kronen Zeitung,"```json { ""wikipedia_page"": ""Kronen Zeitung"", ""wikidata_id"": ""Q644103"" } ```",10.685101509094238
hidden_test_de_8_sent433,84,107,IV. Schleifmühlgasse 1.,NIL,LOC,NIL,IV. Schleifmühlgasse 1.,"```json { ""wikipedia_page"": ""Schleifmühlgasse"", ""wikidata_id"": ""NIL"" } ```",0
hidden_test_de_8_sent441,182,197,N. Eisenmenger.,NIL,PER,NIL,N. Eisenmenger.,"```json {""wikipedia_page"": ""NIL"", ""wikidata_id"": ""NIL""} ```",0
hidden_test_de_10_sent1,73,86,Havas Laffite,Q516033,ORG,Q516033,Havas,"```json {""wikipedia_page"":""Havas"",""wikidata_id"":""Q516033""} ```",15.292401313781738
hidden_test_de_10_sent1,101,106,Paris,Q90,LOC,Q90,Paris,"```json {""wikipedia_page"":""Paris"", ""wikidata_id"":""Q90""} ```",20.897871017456055
hidden_test_de_10_sent2,7,31,"98 London-Wall,in London",NIL,LOC,NIL,"98 London-Wall,in London","```json {""wikipedia_page"":""NIL"", ""wikidata_id"":""NIL""} ```",0
hidden_test_de_10_sent2,57,64,Hamburg,Q1055,LOC,Q1055,Hamburg,,0
hidden_test_de_10_sent2,65,71,Berlin,Q64,LOC,Q64,Berlin,,0
hidden_test_de_10_sent2,73,84,Frankf.a.M.,Q1794,LOC,Q1794,Frankfurt am Main,"```json {""wikipedia_page"":""Frankfurt am Main"", ""wikidata_id"":""Q1794""} ```",16.046932220458984
hidden_test_de_10_sent2,88,93,Basel,Q78,LOC,Q78,Basel,"```json {""wikipedia_page"":""Basel"", ""wikidata_id"":""Q78""} ```",18.04197883605957
hidden_test_de_10_sent4,8,17,Stuttgart,Q1022,LOC,Q1022,Stuttgart,,0
hidden_test_de_10_sent4,19,35,G.L. Daube & Co.,NIL,ORG,NIL,G.L. Daube & Co.,"```json {""wikipedia_page"":""NIL"", ""wikidata_id"":""NIL""} ```",0
hidden_test_de_10_sent4,39,47,Ham¬burg,Q1055,LOC,Q1055,Hamburg,,0
hidden_test_de_10_sent4,51,62,Frankf.a.M.,Q1794,LOC,Q1794,Frankfurt am Main,,0
hidden_test_de_10_sent4,105,116,Frankf.a.M.,Q1794,LOC,Q1794,Frankfurt am Main,,0
hidden_test_de_10_sent4,124,132,Hannover,Q1715,LOC,Q1715,Hannover,,0
hidden_test_de_10_sent4,134,155,Stahel's Annonc.-Bur.,NIL,ORG,NIL,Stahel's Annonc.-Bur.,"```json {""wikipedia_page"":"""", ""wikidata_id"":""NIL""} ```",0
hidden_test_de_10_sent4,159,168,Würz¬burg,Q2999,LOC,Q2999,Würzburg,,0
hidden_test_de_10_sent4,197,204,Leipzig,Q2079,LOC,Q2079,Leipzig,,0
hidden_test_de_10_sent5,3,10,Dresden,Q1731,LOC,Q1731,Dresden,"```json {""wikipedia_page"":""Dresden"", ""wikidata_id"":""Q1731""} ```",18.893775939941406
hidden_test_de_10_sent5,21,28,Breslau,Q1799,LOC,Q1799,Breslau,,0
hidden_test_de_10_sent5,67,79,Rudolf Mosse,Q71476,PER,Q71476,Rudolf Mosse,,0
hidden_test_de_10_sent5,82,88,Berlin,Q64,LOC,Q64,Berlin,,0
hidden_test_de_10_sent5,108,115,Florenz,Q2044,LOC,Q2044,Florenz,,0
hidden_test_de_10_sent6,15,19,Wien,Q1741,LOC,Q1741,Wien,,0
hidden_test_de_10_sent6,37,49,Wollzelle 20,NIL,LOC,NIL,Wollzelle 20,"```json {""wikipedia_page"":"""",""wikidata_id"":""NIL""} ```",0
hidden_test_de_10_sent15,2,6,Wien,Q1741,LOC,Q1741,Wien,"```json {""wikipedia_page"":""Wien"", ""wikidata_id"":""Q1741""} ```",17.080291748046875
hidden_test_de_10_sent16,6,14,Preussen,Q38872,LOC,Q38872,Preußen,"```json {""wikipedia_page"":""Preußen"", ""wikidata_id"":""Q38872""} ```",14.209914207458496
hidden_test_de_10_sent27,0,8,Preussen,Q38872,LOC,Q38872,Preußen,"```json {""wikipedia_page"":""Preußen"", ""wikidata_id"":""Q38872""} ```",14.6336088180542
hidden_test_de_10_sent36,4,13,G. Edhard,NIL,PER,NIL,G. Edhard,"```json {""wikipedia_page"":"""",""wikidata_id"":""NIL""} ```",0
hidden_test_de_10_sent36,17,24,Venedig,Q641,LOC,Q641,Venedig,"```json {""wikipedia_page"":""Venedig"", ""wikidata_id"":""Q641""} ```",17.68631362915039
hidden_test_de_10_sent36,40,46,Verona,Q2028,LOC,Q2028,Verona,"```json {""wikipedia_page"":""Verona"", ""wikidata_id"":""Q2028""} ```",17.72857666015625
hidden_test_de_10_sent36,67,74,Florenz,Q2044,LOC,Q2044,Florenz,"```json {""wikipedia_page"":""Florenz"", ""wikidata_id"":""Q2044""} ```",13.389167785644531
hidden_test_de_10_sent37,5,36,"S.Liechtl, Chef d.Zeitungs¬bur.",NIL,PER,NIL,"S.Liechtl, Chef d.Zeitungs¬bur.","```json {""wikipedia_page"":""NIL"", ""wikidata_id"":""NIL""} ```",0
hidden_test_de_10_sent37,40,44,Bern,Q70,LOC,Q70,Bern,"```json {""wikipedia_page"":""Bern"", ""wikidata_id"":""Q70""} ```",13.89620590209961
hidden_test_de_10_sent38,5,15,Frankreich,Q70802,LOC,Q70802,Dritte Französische Republik,"```json {""wikipedia_page"":""Dritte Französische Republik"", ""wikidata_id"":""Q70802""} ```",11.535930633544922
hidden_test_de_10_sent39,13,17,Köln,Q365,LOC,Q365,Köln,"```json {""wikipedia_page"":""Köln"", ""wikidata_id"":""Q365""} ```",15.320735931396484
hidden_test_de_10_sent40,34,49,G. A. Alexandre,NIL,PER,NIL,G. A. Alexandre,"```json {""wikipedia_page"":"""", ""wikidata_id"":""NIL""} ```",0
hidden_test_de_10_sent40,53,58,Paris,Q90,LOC,Q90,Paris,"```json {""wikipedia_page"": ""Paris"", ""wikidata_id"": ""Q90""} ```",18.233856201171875
hidden_test_de_10_sent40,62,72,Strassburg,Q6602,LOC,Q6602,Straßburg,,0
hidden_test_de_10_sent40,97,102,Paris,Q90,LOC,Q90,Paris,"```json {""wikipedia_page"":""Paris"", ""wikidata_id"":""Q90""} ```",16.83543586730957
hidden_test_de_10_sent41,8,15,Schweiz,Q39,LOC,Q39,Schweiz,"```json {""wikipedia_page"": ""Schweiz"", ""wikidata_id"": ""Q39""} ```",9.061721801757812
hidden_test_de_10_sent44,14,18,Köln,Q365,LOC,Q365,Köln,"```json {""wikipedia_page"":""Köln"", ""wikidata_id"":""Q365""} ```",15.107654571533203
hidden_test_de_10_sent45,5,37,"S. Liechtl, Chef d. Zeitungsbur.",NIL,PER,NIL,"S. Liechtl, Chef d. Zeitungsbur.","```json {""wikipedia_page"":""NIL"", ""wikidata_id"":""NIL""} ```",0
hidden_test_de_10_sent45,40,44,Bern,Q70,LOC,Q70,Bern,,0
hidden_test_de_10_sent47,15,19,Köln,Q365,LOC,Q365,Köln,"```json {""wikipedia_page"":""Köln"", ""wikidata_id"":""Q365""} ```",11.238207817077637
hidden_test_de_10_sent48,5,17,H. C. Panzer,NIL,PER,NIL,H. C. Panzer,"```json {""wikipedia_page"":""NIL"", ""wikidata_id"":""NIL""} ```",0
hidden_test_de_10_sent49,5,14,A. Siegle,NIL,PER,NIL,A. Siegle,"```json { ""wikipedia_page"": """", ""wikidata_id"": ""NIL"" } ```",0
hidden_test_de_10_sent52,14,18,Köln,Q365,LOC,Q365,Köln,"```json {""wikipedia_page"": ""Köln"", ""wikidata_id"": ""Q365""} ```",16.966388702392578
hidden_test_de_10_sent53,5,15,E. Steiger,Q16059368,PER,Q16059368,Ernst Steiger,"```json { ""wikipedia_page"": ""Ernst Steiger"", ""wikidata_id"": ""Q16059368"" } ```",15.256354331970215
hidden_test_de_10_sent54,29,51,Brasilien Buenos-Ayres,Q1486,LOC,Q1486,Buenos Aires,"```json {""wikipedia_page"":""Buenos Aires"", ""wikidata_id"":""Q1486""} ```",13.546804428100586
hidden_test_de_10_sent54,55,61,Mexico,Q96,LOC,Q96,Mexiko,"```json {""wikipedia_page"":""Mexiko"", ""wikidata_id"":""Q96""} ```",15.666068077087402
hidden_test_de_10_sent54,132,136,Köln,Q365,LOC,Q365,Köln,"```json {""wikipedia_page"": ""Köln"", ""wikidata_id"": ""Q365""} ```",16.961668014526367
hidden_test_de_10_sent55,10,16,Türkei,Q12560,LOC,Q12560,Osmanisches Reich,"```json {""wikipedia_page"": ""Osmanisches Reich"", ""wikidata_id"": ""Q12560""} ```",14.374837875366211
hidden_test_de_10_sent55,55,59,Wien,Q1741,LOC,Q1741,Wien,"```json {""wikipedia_page"":""Wien"", ""wikidata_id"":""Q1741""} ```",19.776968002319336
hidden_test_de_10_sent57,0,4,Wien,Q1741,LOC,Q1741,Wien,,0
hidden_test_de_10_sent59,202,208,Albion,Q674040,LOC,Q674040,Albion,"```json {""wikipedia_page"": ""Albion"", ""wikidata_id"": ""Q674040""} ```",12.5938138961792
hidden_test_de_10_sent59,892,910,VereinigtenStaaten,Q30,LOC,Q30,Vereinigte Staaten,,0
hidden_test_de_10_sent59,1087,1093,Europa,Q46,LOC,Q46,Europa,"```json {""wikipedia_page"":""Europa"", ""wikidata_id"":""Q46""} ```",17.208024978637695
hidden_test_de_10_sent60,63,82,Vereinigten Staaten,Q30,LOC,Q30,Vereinigte Staaten,,0
hidden_test_de_10_sent60,601,613,Forts Sumter,Q737517,LOC,Q737517,Fort Sumter,"```json {""wikipedia_page"":""Fort Sumter"", ""wikidata_id"":""Q737517""} ```",20.300857543945312
hidden_test_de_10_sent62,20,34,Louis Napoleon,Q7721,PER,Q7721,Napoleon III.,,0
hidden_test_de_10_sent62,133,139,Mexico,Q371334,LOC,Q371334,Kaiserreich Mexiko,"```json {""wikipedia_page"": ""Kaiserreich Mexiko"", ""wikidata_id"": ""Q371334""} ```",12.83872127532959
hidden_test_de_10_sent63,58,64,Europa,Q46,LOC,Q46,Europa,,0
hidden_test_de_10_sent95,605,617,Niagarafälle,Q34221,LOC,Q34221,Niagarafälle,,0
hidden_test_de_10_sent95,630,639,Rheinfall,Q214924,LOC,Q214924,Rheinfall,,0
hidden_test_de_10_sent97,31,42,Nordamerika,Q49,LOC,Q49,Nordamerika,,0
hidden_test_de_10_sent97,147,169,Alexis de Tocque¬ville,Q140694,PER,Q140694,Alexis de Tocqueville,,0
hidden_test_de_10_sent97,650,669,Vereinigten Staaten,Q30,LOC,Q30,Vereinigte Staaten,,0
hidden_test_de_10_sent97,1048,1061,Weißen Hauses,Q35525,LOC,Q35525,Weißes Haus,"```json {""wikipedia_page"": ""Weißes Haus"", ""wikidata_id"": ""Q35525""} ```",20.431331634521484
hidden_test_de_10_sent98,61,80,Vereinigten Staaten,Q30,LOC,Q30,Vereinigte Staaten,,0
hidden_test_de_10_sent98,213,224,Nordamerika,Q49,LOC,Q49,Nordamerika,,0
hidden_test_de_10_sent99,466,477,Neu=England,Q18389,LOC,Q18389,Neuengland,"```json {""wikipedia_page"":""Neuengland"", ""wikidata_id"":""Q18389""} ```",21.1785945892334
hidden_test_de_10_sent100,103,106,Rom,Q220,LOC,Q220,Rom,"```json {""wikipedia_page"": ""Rom"", ""wikidata_id"": ""Q220""} ```",14.597667694091797
hidden_test_de_10_sent100,510,523,Bonifaz VIII.,Q134646,PER,Q134646,Bonifatius VIII.,,0
hidden_test_de_10_sent100,598,620,Basilikenvon St. Peter,Q12512,ORG,Q12512,Petersdom,"```json {""wikipedia_page"":""Petersdom"", ""wikidata_id"":""Q12512""} ```",16.750131607055664
hidden_test_de_10_sent100,1067,1076,St. Peter,Q12512,LOC,Q12512,Petersdom,"```json {""wikipedia_page"": ""Petersdom"", ""wikidata_id"": ""Q12512""} ```",14.746788024902344
hidden_test_de_10_sent101,96,112,Giovanni Villani,Q704179,PER,Q704179,Giovanni Villani,,0
hidden_test_de_10_sent104,288,315,nordamerikanischen Republik,Q30,LOC,Q30,Vereinigte Staaten,"```json { ""wikipedia_page"": ""Vereinigte Staaten"", ""wikidata_id"": ""Q30"" } ```",13.60290813446045
hidden_test_de_10_sent104,330,346,GeorgeWashington,Q23,PER,Q23,George Washington,,0
hidden_test_de_10_sent104,729,739,Washington,Q23,PER,Q23,George Washington,"```json {""wikipedia_page"":""George Washington"", ""wikidata_id"":""Q23""} ```",17.26049041748047
hidden_test_de_10_sent108,32,41,St. Peter,Q12512,LOC,Q12512,Petersdom,"```json {""wikipedia_page"":""Petersdom"", ""wikidata_id"":""Q12512""} ```",13.564610481262207
hidden_test_de_10_sent108,517,527,v. Reumont,Q76150,PER,Q76150,Alfred von Reumont,"```json {""wikipedia_page"":""Alfred von Reumont"", ""wikidata_id"":""Q76150""} ```",14.162163734436035
hidden_test_de_10_sent108,717,738,Ferdinand Gregorovius,Q61425,PER,Q61425,Ferdinand Gregorovius,,0
hidden_test_de_10_sent108,757,782,Familie Gaetani=Sermoneta,Q940238,PER,Q940238,Caetani,"```json {""wikipedia_page"":""Caetani"", ""wikidata_id"":""Q940238""} ```",17.49939727783203
hidden_test_de_10_sent109,285,292,Gaetani,Q940238,PER,Q940238,Caetani,"```json {""wikipedia_page"": ""Caetani"", ""wikidata_id"": ""Q940238""} ```",19.61319351196289
hidden_test_de_10_sent109,873,886,Bonifaz VIII.,Q134646,PER,Q134646,Bonifatius VIII.,,0
hidden_test_de_10_sent120,190,202,Moriz Löwner,NIL,PER,NIL,Moriz Löwner,"```json {""wikipedia_page"": ""NIL"", ""wikidata_id"": ""NIL""} ```",0
hidden_test_de_10_sent123,172,187,Michael Etienne,Q94052,PER,Q94052,Michael Etienne,,0
hidden_test_de_10_sent123,189,204,Adolph Werthner,Q364523,PER,Q364523,Adolf Werthner,,0
hidden_test_de_10_sent125,38,55,Christoph Reisser,Q1085695,PER,Q1085695,Christoph Reisser,,0
hidden_test_de_10_sent127,1533,1539,Luther,Q9554,PER,Q9554,Martin Luther,"```json {""wikipedia_page"":""Martin Luther"", ""wikidata_id"":""Q9554""} ```",14.075666427612305
hidden_test_de_10_sent127,2840,2854,Jesus Christus,Q302,PER,Q302,Jesus Christus,,0
hidden_test_de_10_sent127,3060,3067,Preußen,Q27306,LOC,Q27306,Königreich Preußen,"```json {""wikipedia_page"":""Königreich Preußen"", ""wikidata_id"":""Q27306""} ```",17.660606384277344
hidden_test_de_10_sent127,3191,3198,Christo,Q302,PER,Q302,Jesus Christus,"```json {""wikipedia_page"":""Jesus Christus"", ""wikidata_id"":""Q302""} ```",18.659502029418945
hidden_test_de_10_sent129,164,172,Christus,Q302,PER,Q302,Jesus Christus,"```json {""wikipedia_page"":""Jesus Christus"", ""wikidata_id"":""Q302""} ```",18.449474334716797
hidden_test_de_10_sent129,452,460,Christus,Q302,PER,Q302,Jesus Christus,"```json {""wikipedia_page"":""Jesus Christus"", ""wikidata_id"":""Q302""} ```",16.366666793823242
hidden_test_de_10_sent129,749,757,Christus,Q302,PER,Q302,Jesus Christus,"```json {""wikipedia_page"": ""Jesus Christus"", ""wikidata_id"": ""Q302""} ```",17.225751876831055
hidden_test_de_10_sent130,157,165,Christus,Q302,PER,Q302,Jesus Christus,"```json { ""wikipedia_page"": ""Jesus Christus"", ""wikidata_id"": ""Q302"" } ```",14.825994491577148
hidden_test_de_10_sent134,1158,1164,Rochow,NIL,PER,NIL,Rochow,"```json {""wikipedia_page"":""NIL"", ""wikidata_id"":""NIL""} ```",0
hidden_test_de_10_sent139,0,9,Frankfurt,Q1794,LOC,Q1794,Frankfurt am Main,"```json { ""wikipedia_page"":""Frankfurt am Main"", ""wikidata_id"":""Q1794"" } ```",15.675317764282227
hidden_test_de_10_sent141,0,7,Leipzig,Q2079,LOC,Q2079,Leipzig,,0
hidden_test_de_10_sent146,36,40,Wien,Q1741,LOC,Q1741,Wien,"```json {""wikipedia_page"":""Wien"", ""wikidata_id"":""Q1741""} ```",12.24001407623291
hidden_test_de_10_sent262,180,184,Wien,Q1741,LOC,Q1741,Wien,"```json {""wikipedia_page"": ""Wien"", ""wikidata_id"": ""Q1741""} ```",15.198710441589355
hidden_test_de_10_sent262,233,240,Bludenz,Q494504,LOC,Q494504,Bludenz,,0
hidden_test_de_10_sent262,242,251,Debreczin,Q79880,LOC,Q79880,Debrecen,"```json {""wikipedia_page"":""Debrecen"", ""wikidata_id"":""Q79880""} ```",21.03591537475586
hidden_test_de_10_sent262,253,261,Lem¬berg,Q36036,LOC,Q36036,Lemberg,"```json {""wikipedia_page"": ""Lemberg"", ""wikidata_id"": ""Q36036""} ```",19.73221206665039
hidden_test_de_10_sent262,280,288,Szegedin,Q81581,LOC,Q81581,Szeged,"```json { ""wikipedia_page"": ""Szeged"", ""wikidata_id"": ""Q81581"" } ```",21.054855346679688
hidden_test_de_10_sent262,330,334,Prag,Q1085,LOC,Q1085,Prag,"```json { ""wikipedia_page"":""Prag"", ""wikidata_id"":""Q1085""} ```",21.251380920410156
hidden_test_de_10_sent262,363,367,Pola,Q4656,LOC,Q4656,Pula,"```json {""wikipedia_page"":""Pula"", ""wikidata_id"":""Q4656""} ```",16.644315719604492
hidden_test_de_10_sent263,19,41,Pariser Observatoriums,Q461340,ORG,Q461340,Pariser Observatorium,,0
hidden_test_de_10_sent263,85,91,Europa,Q46,LOC,Q46,Europa,,0
hidden_test_de_10_sent263,169,176,Schweiz,Q39,LOC,Q39,Schweiz,,0
hidden_test_de_10_sent263,302,313,Greencastle,Q2247517,LOC,Q2247517,Greencastle,"```json {""wikipedia_page"": ""Greencastle"", ""wikidata_id"": ""Q2247517""} ```",14.82223892211914
hidden_test_de_10_sent263,344,348,Lyon,Q456,LOC,Q456,Lyon,,0
hidden_test_de_10_sent263,365,372,Florenz,Q2044,LOC,Q2044,Florenz,,0
hidden_test_de_10_sent265,55,92,k. k. Central=Anstalt fürMeteorologie,Q190033,ORG,Q190033,Zentralanstalt für Meteorologie und Geodynamik,"```json {""wikipedia_page"":""Zentralanstalt für Meteorologie und Geodynamik"", ""wikidata_id"":""Q190033""} ```",14.60722541809082
hidden_test_de_10_sent265,94,104,Hohe Warte,Q876564,LOC,Q876564,Hohe Warte,"```json {""wikipedia_page"":""Hohe Warte (Wien)"", ""wikidata_id"":""Q876564""} ```",15.568113327026367
hidden_test_de_10_sent271,0,12,Wiener Börse,Q698535,ORG,Q698535,Wiener Börse,,0
hidden_test_de_10_sent279,34,63,Parcellirungs=Baugesellschaft,NIL,ORG,NIL,Parcellirungs=Baugesellschaft,"```json {""wikipedia_page"":""NIL"", ""wikidata_id"":""NIL""} ```",0
hidden_test_de_10_sent280,11,40,Brigittenauer Baugesellschaft,NIL,ORG,NIL,Brigittenauer Baugesellschaft,"```json {""wikipedia_page"":""NIL"", ""wikidata_id"":""NIL""} ```",0
hidden_test_de_10_sent282,88,99,Vereinsbank,NIL,ORG,NIL,Vereinsbank,"```json {""wikipedia_page"":""NIL"", ""wikidata_id"":""NIL""} ```",0
hidden_test_de_10_sent285,130,141,Franco=Bank,NIL,ORG,NIL,Franco=Bank,"```json {""wikipedia_page"":"""", ""wikidata_id"":""NIL""} ```",0
hidden_test_de_10_sent287,4,25,Union=Baugesellschaft,Q2494460,ORG,Q2494460,Union-Baugesellschaft,"```json { ""wikipedia_page"": ""Union-Baugesellschaft"", ""wikidata_id"": ""Q2494460"" } ```",16.914953231811523
hidden_test_de_10_sent304,128,134,London,Q84,LOC,Q84,London,"```json {""wikipedia_page"":""London"", ""wikidata_id"":""Q84""} ```",18.350643157958984
hidden_test_de_10_sent304,144,149,Paris,Q90,LOC,Q90,Paris,"```json {""wikipedia_page"":""Paris"", ""wikidata_id"":""Q90""} ```",19.006643295288086
hidden_test_de_10_sent322,0,6,Berlin,Q64,LOC,Q64,Berlin,"```json {""wikipedia_page"":""Berlin"", ""wikidata_id"":""Q64""} ```",13.160013198852539
hidden_test_de_10_sent327,13,25,Wiener Börse,Q698535,ORG,Q698535,Wiener Börse,,0
hidden_test_de_10_sent327,65,75,Anglo=Bank,Q1418039,ORG,Q1418039,Anglo-Österreichische Bank,,0
hidden_test_de_10_sent328,4,15,Franco=Bank,NIL,ORG,NIL,Franco=Bank,"```json {""wikipedia_page"": ""NIL"", ""wikidata_id"": ""NIL""} ```",0
hidden_test_de_10_sent331,4,25,Union=Baugesellschaft,Q2494460,ORG,Q2494460,Union-Baugesellschaft,"```json {""wikipedia_page"":""Union-Baugesellschaft"", ""wikidata_id"":""Q2494460""} ```",20.491369247436523
hidden_test_de_10_sent331,30,40,Bau¬verein,NIL,ORG,NIL,Bau¬verein,"```json {""wikipedia_page"":""NIL"", ""wikidata_id"":""NIL""} ```",0
hidden_test_de_10_sent332,4,33,Parcellirungs=Baugesellschaft,NIL,ORG,NIL,Parcellirungs=Baugesellschaft,"```json {""wikipedia_page"":""NIL"", ""wikidata_id"":""NIL""} ```",0
hidden_test_de_10_sent334,3,7,Pest,Q210205,LOC,Q210205,Pest,"```json {""wikipedia_page"":""Pest"", ""wikidata_id"":""Q210205""} ```",21.023101806640625
hidden_test_de_10_sent336,3,7,Pest,Q210205,LOC,Q210205,Pest,"```json {""wikipedia_page"":""Pest"", ""wikidata_id"":""Q210205""} ```",15.382397651672363
hidden_test_de_10_sent342,0,7,Hamburg,Q1055,LOC,Q1055,Hamburg,,0
hidden_test_de_10_sent349,3,38,Deutsche Effecten= und Wechslerbank,Q1202320,ORG,Q1202320,Deutsche Effecten- und Wechsel-Beteiligungsgesellschaft,"```json {""wikipedia_page"": ""Deutsche Effecten- und Wechsel-Beteiligungsgesellschaft"", ""wikidata_id"": ""Q1202320""} ```",14.440178871154785
hidden_test_de_10_sent350,0,6,Berlin,Q64,LOC,Q64,Berlin,,0
hidden_test_de_10_sent351,0,23,[Berliner Börsenbericht,NIL,ORG,NIL,[Berliner Börsenbericht,"```json { ""wikipedia_page"": ""NIL"", ""wikidata_id"": ""NIL"" } ```",0
hidden_test_de_10_sent352,228,243,Frankfurt a. M.,Q1794,LOC,Q1794,Frankfurt am Main,,0
hidden_test_de_10_sent352,621,631,Staatsbahn,NIL,ORG,NIL,Staatsbahn,"```json {""wikipedia_page"":""NIL"", ""wikidata_id"":""NIL""} ```",0
hidden_test_de_10_sent352,636,663,Galizischen Karl=Ludwigbahn,Q554551,ORG,Q554551,Galizische Carl Ludwig-Bahn,,0
hidden_test_de_10_sent352,981,985,Wien,Q1741,LOC,Q1741,Wien,"```json {""wikipedia_page"":""Wien"", ""wikidata_id"":""Q1741""} ```",17.770862579345703
hidden_test_de_10_sent352,1353,1360,Amerika,Q30,LOC,Q30,Vereinigte Staaten,"```json {""wikipedia_page"": ""Vereinigte Staaten"", ""wikidata_id"": ""Q30""} ```",15.171706199645996
hidden_test_de_10_sent361,0,16,Banque de France,Q806950,ORG,Q806950,Banque de France,,0
hidden_test_de_10_sent365,168,204,Oesterreichische Bodencredit=Anstalt,Q889479,ORG,Q889479,Allgemeine Bodencreditanstalt,,0
hidden_test_de_10_sent366,0,4,Wien,Q1741,LOC,Q1741,Wien,,0
hidden_test_de_10_sent367,0,31,[Lemberg=Czernowitz=Jassy Bahn.,Q772253,ORG,Q772253,Lemberg-Czernowitz-Jassy-Eisenbahn,"```json { ""wikipedia_page"": ""Lemberg-Czernowitz-Jassy-Eisenbahn"", ""wikidata_id"": ""Q772253"" } ```",18.58294677734375
hidden_test_de_10_sent367,61,90,Lemberg=Czernowitz=Jassy Bahn,Q772253,ORG,Q772253,Lemberg-Czernowitz-Jassy-Eisenbahn,,0
hidden_test_de_10_sent370,0,4,Köln,Q365,LOC,Q365,Köln,,0
hidden_test_de_10_sent371,0,6,Zürich,Q72,LOC,Q72,Zürich,,0
hidden_test_de_10_sent372,65,71,Zürich,Q72,LOC,Q72,Zürich,"```json { ""wikipedia_page"": ""Zürich"", ""wikidata_id"": ""Q72"" } ```",19.093767166137695
hidden_test_de_10_sent373,0,9,Liverpool,Q24826,LOC,Q24826,Liverpool,"```json {""wikipedia_page"":""Liverpool"", ""wikidata_id"":""Q24826""} ```",18.598636627197266
hidden_test_de_10_sent377,0,4,Köln,Q365,LOC,Q365,Köln,,0
hidden_test_de_10_sent378,0,6,Zürich,Q72,LOC,Q72,Zürich,,0
hidden_test_de_10_sent378,236,244,Amsterd.,Q727,LOC,Q727,Amsterdam,"```json {""wikipedia_page"":""Amsterdam"", ""wikidata_id"":""Q727""} ```",15.519582748413086
hidden_test_de_10_sent378,309,315,London,Q84,LOC,Q84,London,"```json {""wikipedia_page"":""London"", ""wikidata_id"":""Q84""} ```",18.00876235961914
hidden_test_de_10_sent378,326,330,Wien,Q1741,LOC,Q1741,Wien,"```json {""wikipedia_page"":""Wien"", ""wikidata_id"":""Q1741""} ```",20.335031509399414
hidden_test_de_10_sent380,19,41,Pariser Observatoriums,Q461340,ORG,Q461340,Pariser Observatorium,,0
hidden_test_de_10_sent380,60,66,Europa,Q46,LOC,Q46,Europa,,0
hidden_test_de_10_sent380,263,270,Florenz,Q2044,LOC,Q2044,Florenz,,0
hidden_test_de_10_sent381,37,74,k. k. Central=Austalt fürMeteorologie,Q190033,ORG,Q190033,Zentralanstalt für Meteorologie und Geodynamik,"```json {""wikipedia_page"":""Zentralanstalt für Meteorologie und Geodynamik"", ""wikidata_id"":""Q190033""} ```",10.84438705444336
hidden_test_de_10_sent381,76,86,Hohe Warte,Q876564,LOC,Q876564,Hohe Warte,"```json {""wikipedia_page"":""Hohe Warte"", ""wikidata_id"":""Q876564""} ```",16.167043685913086
hidden_test_de_10_sent390,6,11,J. F.,NIL,PER,NIL,J. F.,"```json {""wikipedia_page"": ""NIL"", ""wikidata_id"": ""NIL""} ```",0
hidden_test_de_10_sent390,72,78,Türkei,Q12560,LOC,Q12560,Osmanisches Reich,"```json {""wikipedia_page"":""Osmanisches Reich"", ""wikidata_id"":""Q12560""} ```",15.354501724243164
hidden_test_de_10_sent391,28,32,Wien,Q1741,LOC,Q1741,Wien,,0
hidden_test_de_10_sent393,186,191,Broda,NIL,PER,NIL,Broda,"```json {""wikipedia_page"":"""",""wikidata_id"":""NIL""} ```",0
hidden_test_de_10_sent395,15,23,Brückner,NIL,PER,NIL,Brückner,"```json {""wikipedia_page"":"""", ""wikidata_id"":""NIL""} ```",0
hidden_test_de_10_sent396,4,11,v. Hell,NIL,PER,NIL,v. Hell,"```json {""wikipedia_page"":""NIL"", ""wikidata_id"":""NIL""} ```",0
hidden_test_de_10_sent399,26,40,von Bauernfeld,Q78865,PER,Q78865,Eduard von Bauernfeld,"```json {""wikipedia_page"":""Eduard von Bauernfeld"", ""wikidata_id"":""Q78865""} ```",18.85137176513672
hidden_test_de_10_sent400,0,25,RüdigerArnoldMarieGertrud,NIL,PER,NIL,RüdigerArnoldMarieGertrud,"```json {""wikipedia_page"":"""", ""wikidata_id"":""NIL""} ```",0
hidden_test_de_10_sent402,5,12,Zanisch,NIL,PER,NIL,Zanisch,"```json {""wikipedia_page"":"""", ""wikidata_id"":""NIL""} ```",0
hidden_test_de_10_sent406,5,11,Afrika,Q15,LOC,Q15,Afrika,"```json {""wikipedia_page"":""Afrika"", ""wikidata_id"":""Q15""} ```",12.58277702331543
hidden_test_de_10_sent407,24,33,E. Scribe,Q319261,PER,Q319261,Eugène Scribe,,0
hidden_test_de_10_sent407,68,77,Meyerbeer,Q105237,PER,Q105237,Giacomo Meyerbeer,,0
hidden_test_de_10_sent408,0,20,Don Pedro. Präsident,NIL,PER,NIL,Don Pedro. Präsident,"```json {""wikipedia_page"":"""", ""wikidata_id"":""NIL""} ```",0
hidden_test_de_10_sent409,23,30,Neumann,NIL,PER,NIL,Neumann,"```json { ""wikipedia_page"": ""NIL"", ""wikidata_id"": ""NIL"" } ```",0
hidden_test_de_10_sent410,0,4,Jeus,NIL,PER,NIL,Jeus,"```json {""wikipedia_page"":""NIL"", ""wikidata_id"":""NIL""} ```",0
hidden_test_de_10_sent410,26,35,Siegstädt,Q5741589,PER,Q5741589,Hermine von Siegstädt,"```json {""wikipedia_page"":""Hermine von Siegstädt"", ""wikidata_id"":""Q5741589""} ```",12.194694519042969
hidden_test_de_10_sent411,0,13,Vasco de Gama,Q7328,PER,Q7328,Vasco da Gama,,0
hidden_test_de_10_sent411,18,23,Adams,NIL,PER,NIL,Adams,"```json {""wikipedia_page"": ""NIL"", ""wikidata_id"": ""NIL""} ```",0
hidden_test_de_10_sent412,14,18,Pirk,NIL,PER,NIL,Pirk,"```json {""wikipedia_page"":"""",""wikidata_id"":""NIL""} ```",0
hidden_test_de_10_sent413,24,31,Draxler,NIL,PER,NIL,Draxler,"```json {""wikipedia_page"":"""",""wikidata_id"":""NIL""} ```",0
hidden_test_de_10_sent414,21,26,Krauß,NIL,PER,NIL,Krauß,"```json { ""wikipedia_page"": ""NIL"", ""wikidata_id"": ""NIL"" } ```",0
hidden_test_de_10_sent415,24,28,Peck,NIL,PER,NIL,Peck,"```json {""wikipedia_page"": """",""wikidata_id"":""NIL""} ```",0
hidden_test_de_10_sent418,24,29,Evers,NIL,PER,NIL,Evers,"```json {""wikipedia_page"":"""", ""wikidata_id"":""NIL""} ```",0
hidden_test_de_10_sent419,20,23,Lay,NIL,PER,NIL,Lay,"```json {""wikipedia_page"":"""",""wikidata_id"":""NIL""} ```",0
hidden_test_de_10_sent422,1,13,Maria Stuart,Q131412,PER,Q131412,Maria I. von Schottland,,0
hidden_test_de_10_sent423,34,42,Schiller,Q22670,PER,Q22670,Friedrich Schiller,,0
hidden_test_de_10_sent424,35,42,Charles,NIL,PER,NIL,Charles,"```json {""wikipedia_page"":""NIL"", ""wikidata_id"":""NIL""} ```",0
hidden_test_de_10_sent425,0,35,"Marie Stuart, Königin vonSchottland",Q131412,PER,Q131412,Maria I. von Schottland,,0
hidden_test_de_10_sent425,41,46,Frank,NIL,PER,NIL,Frank,"```json {""wikipedia_page"":""NIL"", ""wikidata_id"":""NIL""} ```",0
hidden_test_de_10_sent427,1,19,FrisTheodorWilhelm,NIL,PER,NIL,FrisTheodorWilhelm,"```json {""wikipedia_page"": ""NIL"", ""wikidata_id"": ""NIL""} ```",0
hidden_test_de_10_sent427,50,54,Guhn,NIL,PER,NIL,Guhn,"```json {""wikipedia_page"":"""", ""wikidata_id"":""NIL""} ```",0
hidden_test_de_10_sent429,39,45,Blasel,Q1730504,PER,Q1730504,Karl Blasel,,0
hidden_test_de_10_sent431,0,27,"Bauschperger, Hausherr Resi",NIL,PER,NIL,"Bauschperger, Hausherr Resi","```json {""wikipedia_page"":"""", ""wikidata_id"":""NIL""} ```",0
hidden_test_de_10_sent431,76,99,August HolbrichMaschler,NIL,PER,NIL,August HolbrichMaschler,"```json {""wikipedia_page"":""NIL"", ""wikidata_id"":""NIL""} ```",0
hidden_test_de_10_sent432,5,13,Brückner,NIL,PER,NIL,Brückner,"```json {""wikipedia_page"":"""", ""wikidata_id"":""NIL""} ```",0
hidden_test_de_10_sent433,4,11,Möhring,NIL,PER,NIL,Möhring,"```json {""wikipedia_page"":"""", ""wikidata_id"":""NIL""} ```",0
hidden_test_de_10_sent434,4,17,Mettenleitner,NIL,PER,NIL,Mettenleitner,"```json {""wikipedia_page"":""NIL"", ""wikidata_id"":""NIL""} ```",0
hidden_test_de_10_sent437,4,10,Zelend,NIL,PER,NIL,Zelend,"``` {""wikipedia_page"":""NIL"", ""wikidata_id"":""NIL""} ```",0
hidden_test_de_10_sent439,1,23,"Sebastian Tostl, Weber",NIL,PER,NIL,"Sebastian Tostl, Weber","```json {""wikipedia_page"":"""", ""wikidata_id"":""NIL""} ```",0
hidden_test_de_10_sent440,15,19,Nazl,NIL,PER,NIL,Nazl,"```json {""wikipedia_page"":""NIL"", ""wikidata_id"":""NIL""} ```",0
hidden_test_de_10_sent440,62,69,Mansche,NIL,PER,NIL,Mansche,"```json {""wikipedia_page"": ""NIL"", ""wikidata_id"": ""NIL""} ```",0
hidden_test_de_10_sent441,4,15,Nunzenhofer,NIL,PER,NIL,Nunzenhofer,"```json {""wikipedia_page"":""NIL"", ""wikidata_id"":""NIL""} ```",0
hidden_test_de_10_sent442,19,26,Nöhring,NIL,PER,NIL,Nöhring,"```json {""wikipedia_page"":"""", ""wikidata_id"":""NIL""} ```",0
hidden_test_de_10_sent445,0,13,Wilhelm Cecil,NIL,PER,NIL,Wilhelm Cecil,"```json {""wikipedia_page"":""NIL"", ""wikidata_id"":""NIL""} ```",0
hidden_test_de_10_sent446,0,12,Graf v. Kent,NIL,PER,NIL,Graf v. Kent,"```json {""wikipedia_page"":""NIL"",""wikidata_id"":""NIL""} ```",0
hidden_test_de_10_sent446,17,22,Klang,NIL,PER,NIL,Klang,"```json {""wikipedia_page"":""NIL"", ""wikidata_id"":""NIL""} ```",0
hidden_test_de_10_sent447,0,15,Wilhelm Davison,NIL,PER,NIL,Wilhelm Davison,"```json { ""wikipedia_page"": ""NIL"", ""wikidata_id"": ""NIL"" } ```",0
hidden_test_de_10_sent448,17,25,Baillant,NIL,PER,NIL,Baillant,"```json {""wikipedia_page"":"""", ""wikidata_id"":""NIL""} ```",0
hidden_test_de_10_sent449,0,8,Mortimer,NIL,PER,NIL,Mortimer,"```json {""wikipedia_page"":"""", ""wikidata_id"":""NIL""} ```",0
hidden_test_de_10_sent450,0,14,Graf Aubespine,NIL,PER,NIL,Graf Aubespine,"```json {""wikipedia_page"":""NIL"", ""wikidata_id"":""NIL""} ```",0
hidden_test_de_10_sent451,0,14,Graf Bellievre,NIL,PER,NIL,Graf Bellievre,"```json {""wikipedia_page"":"""", ""wikidata_id"":""NIL""} ```",0
hidden_test_de_10_sent452,0,6,Okelin,NIL,PER,NIL,Okelin,"```json { ""wikipedia_page"": ""NIL"", ""wikidata_id"": ""NIL"" } ```",0
hidden_test_de_10_sent453,27,34,Pertera,NIL,PER,NIL,Pertera,"```json { ""wikipedia_page"":"""", ""wikidata_id"":""NIL"" } ```",0
hidden_test_de_10_sent454,0,13,Hanna Kennedy,NIL,PER,NIL,Hanna Kennedy,"```json {""wikipedia_page"":""NIL"", ""wikidata_id"":""NIL""} ```",0
hidden_test_de_10_sent455,0,15,Margarethe Kurl,NIL,PER,NIL,Margarethe Kurl,"```json {""wikipedia_page"":""NIL"", ""wikidata_id"":""NIL""} ```",0
hidden_test_de_10_sent455,21,28,Balberg,NIL,PER,NIL,Balberg,"```json {""wikipedia_page"":""NIL"", ""wikidata_id"":""NIL""} ```",0
hidden_test_de_10_sent456,0,26,Theater in der Josephstadt,Q167619,LOC,Q167619,Theater in der Josefstadt,"```json {""wikipedia_page"":""Theater in der Josefstadt"", ""wikidata_id"":""Q167619""} ```",14.355545043945312
hidden_test_de_10_sent463,1,20,Theater an der Wien,Q374336,LOC,Q374336,Theater an der Wien,,0
hidden_test_de_10_sent465,118,126,A. Berla,Q15432075,PER,Q15432075,Alois Berla,,0
hidden_test_de_10_sent465,152,165,KarlMillöcker,Q456099,PER,Q456099,Carl Millöcker,,0
hidden_test_de_10_sent466,0,17,Strampfer-Theater,Q1795803,LOC,Q1795803,Strampfer-Theater,"```json {""wikipedia_page"": ""Strampfer-Theater"", ""wikidata_id"": ""Q1795803""} ```",19.56855010986328
hidden_test_de_10_sent472,19,30,Hans Makart,Q511444,PER,Q511444,Hans Makart,,0
hidden_test_de_10_sent472,50,58,Vene¬dig,Q641,LOC,Q641,Venedig,"```json {""wikipedia_page"":""Venedig"", ""wikidata_id"":""Q641""} ```",13.332610130310059
hidden_test_de_10_sent472,71,88,Katharina Cornaro,Q149192,PER,Q149192,Caterina Cornaro,,0
hidden_test_de_10_sent474,105,121,Director E. Renz,Q1359911,PER,Q1359911,Ernst Renz,"```json {""wikipedia_page"":""Ernst Renz"", ""wikidata_id"":""Q1359911""} ```",18.572553634643555
hidden_test_de_10_sent475,79,89,Semmelhock,NIL,PER,NIL,Semmelhock,"```json {""wikipedia_page"":""NIL"", ""wikidata_id"":""NIL""} ```",0
hidden_test_de_10_sent476,52,68,Direktor E. Renz,Q1359911,PER,Q1359911,Ernst Renz,"```json { ""wikipedia_page"": ""Ernst Renz"", ""wikidata_id"": ""Q1359911"" } ```",14.940475463867188
hidden_test_de_10_sent478,35,50,komiker Belling,NIL,PER,NIL,komiker Belling,"```json {""wikipedia_page"":"""", ""wikidata_id"":""NIL""} ```",0
hidden_test_de_10_sent481,0,17,"E. Renz, Director",Q1359911,PER,Q1359911,Ernst Renz,"```json {""wikipedia_page"":""Ernst Renz"", ""wikidata_id"":""Q1359911""} ```",16.42040252685547
hidden_test_de_10_sent482,33,59,Hietzing nächst Schönbrunn,Q636910,LOC,Q636910,Hietzing,"```json {""wikipedia_page"":""Hietzing"", ""wikidata_id"":""Q636910""} ```",20.913198471069336
hidden_test_de_10_sent487,0,7,Rußland,Q34266,LOC,Q34266,Russisches Kaiserreich,"```json { ""wikipedia_page"": ""Russisches Kaiserreich"", ""wikidata_id"": ""Q34266"" } ```",17.129131317138672
hidden_test_de_10_sent488,35,49,St. Petersburg,Q656,LOC,Q656,Sankt Petersburg,,0
hidden_test_de_10_sent488,93,100,Rußland,Q34266,LOC,Q34266,Russisches Kaiserreich,"```json {""wikipedia_page"":""Russisches Kaiserreich"", ""wikidata_id"":""Q34266""} ```",19.44228172302246
hidden_test_de_10_sent489,29,44,Bäckerstraße 20,Q1018939,LOC,Q1018939,Bäckerstraße,"```json {""wikipedia_page"":""Bäckerstraße"", ""wikidata_id"":""Q1018939""} ```",18.72873306274414
hidden_test_de_10_sent489,50,65,Wiener Aquarium,NIL,ORG,NIL,Wiener Aquarium,"```json {""wikipedia_page"":"""", ""wikidata_id"":""NIL""} ```",0
hidden_test_de_10_sent490,0,24,"Prater, Hauptallee Nr. 1",NIL,LOC,NIL,"Prater, Hauptallee Nr. 1","```json {""wikipedia_page"":""NIL"", ""wikidata_id"":""NIL""} ```",0
hidden_test_de_11_sent0,36,65,radicalen FührersNikola Pasic,Q313843,PER,Q313843,Nikola Pašić,"```json {""wikipedia_page"":""Nikola Pašić"", ""wikidata_id"":""Q313843""} ```",13.443991661071777
hidden_test_de_11_sent0,104,120,radicalen Partei,Q1282536,ORG,Q1282536,Radikale Volkspartei,"```json {""wikipedia_page"":""Radikale Volkspartei"", ""wikidata_id"":""Q1282536""} ```",14.473580360412598
hidden_test_de_11_sent0,362,378,radicalen Partei,Q1282536,ORG,Q1282536,Radikale Volkspartei,"```json { ""wikipedia_page"": ""Radikale Volkspartei"", ""wikidata_id"": ""Q1282536"" } ```",15.044473648071289
hidden_test_de_11_sent0,716,723,Kristic,Q2072720,PER,Q2072720,Nikola Hristić,"```json {""wikipedia_page"":""Nikola Hristić"", ""wikidata_id"":""Q2072720""} ```",10.942731857299805
hidden_test_de_11_sent0,757,766,Novakovic,Q1276512,PER,Q1276512,Stojan Novaković,"```json {""wikipedia_page"":""Stojan Novaković"", ""wikidata_id"":""Q1276512""} ```",15.412656784057617
hidden_test_de_11_sent3,0,4,Wien,Q1741,LOC,Q1741,Wien,"```json {""wikipedia_page"":""Wien"", ""wikidata_id"":""Q1741""} ```",17.992202758789062
hidden_test_de_11_sent4,355,374,AbgeordneteRutowski,Q9354806,PER,Q9354806,Tadeusz Rutowski,"```json {""wikipedia_page"":""Tadeusz Rutowski"", ""wikidata_id"":""Q9354806""} ```",12.028237342834473
hidden_test_de_11_sent4,482,490,Galizien,Q180086,LOC,Q180086,Galizien,"```json {""wikipedia_page"": ""Galizien"", ""wikidata_id"": ""Q180086""} ```",20.714101791381836
hidden_test_de_11_sent4,503,522,Abgeordneten Kaftan,Q13427235,PER,Q13427235,Jan Kaftan,"```json {""wikipedia_page"":""Jan Kaftan"", ""wikidata_id"":""Q13427235""} ```",13.300993919372559
hidden_test_de_11_sent4,582,586,Prag,Q1085,LOC,Q1085,Prag,"```json {""wikipedia_page"": ""Prag"", ""wikidata_id"": ""Q1085""} ```",18.71309471130371
hidden_test_de_11_sent4,654,659,Donau,Q1653,LOC,Q1653,Donau,,0
hidden_test_de_11_sent4,695,712,Abgeordnete Morre,Q1686542,PER,Q1686542,Karl Morré,"```json { ""wikipedia_page"": ""Karl Morré"", ""wikidata_id"": ""Q1686542"" } ```",13.961132049560547
hidden_test_de_11_sent4,736,747,Radkersburg,Q698465,LOC,Q698465,Bad Radkersburg,"```json {""wikipedia_page"":""Bad Radkersburg"", ""wikidata_id"":""Q698465""} ```",15.07884693145752
hidden_test_de_11_sent4,802,805,Mur,Q204040,LOC,Q204040,Mur,"```json {""wikipedia_page"": ""Mur"", ""wikidata_id"": ""Q204040""} ```",12.058752059936523
hidden_test_de_11_sent4,904,912,Eisenerz,Q284596,LOC,Q284596,Eisenerz,"```json {""wikipedia_page"":""Eisenerz"", ""wikidata_id"":""Q284596""} ```",17.673307418823242
hidden_test_de_11_sent4,1160,1166,Schorn,Q21685564,PER,Q21685564,Johann Schorn,,0
hidden_test_de_11_sent5,0,17,Adolph Wilbrandt:,Q67953,PER,Q67953,Adolf von Wilbrandt,"```json { ""wikipedia_page"": ""Adolf von Wilbrandt"", ""wikidata_id"": ""Q67953"" } ```",19.006174087524414
hidden_test_de_11_sent6,13,29,Adolph Wilbrandt,Q67953,PER,Q67953,Adolf von Wilbrandt,,0
hidden_test_de_11_sent6,101,117,Alfred v. Berger,Q88890,PER,Q88890,Alfred von Berger,,0
hidden_test_de_11_sent6,253,272,Friedrich Nietzsche,Q9358,PER,Q9358,Friedrich Nietzsche,,0
hidden_test_de_11_sent6,414,430,Alfred v. Berger,Q88890,PER,Q88890,Alfred von Berger,,0
hidden_test_de_11_sent6,446,455,Wilbrandt,Q67953,PER,Q67953,Adolf von Wilbrandt,,0
hidden_test_de_11_sent7,4,13,Nietzsche,Q9358,PER,Q9358,Friedrich Nietzsche,,0
hidden_test_de_11_sent8,149,165,Gottfried Keller,Q122370,PER,Q122370,Gottfried Keller,,0
hidden_test_de_11_sent8,169,179,Paul Heyse,Q76487,PER,Q76487,Paul Heyse,,0
hidden_test_de_11_sent9,328,337,Wilbrandt,Q67953,PER,Q67953,Adolf von Wilbrandt,,0
hidden_test_de_11_sent9,691,701,Wil¬brandt,Q67953,PER,Q67953,Adolf von Wilbrandt,,0
hidden_test_de_11_sent9,811,820,Stuttgart,Q1022,LOC,Q1022,Stuttgart,"```json { ""wikipedia_page"": ""Stuttgart"", ""wikidata_id"": ""Q1022"" } ```",16.29026985168457
hidden_test_de_11_sent10,118,127,Wilbrandt,Q67953,PER,Q67953,Adolf von Wilbrandt,"```json {""wikipedia_page"": ""Adolf von Wilbrandt"", ""wikidata_id"":""Q67953""} ```",20.749588012695312
hidden_test_de_11_sent10,643,652,Wilbrandt,Q67953,PER,Q67953,Adolf von Wilbrandt,"```json {""wikipedia_page"":""Adolf von Wilbrandt"", ""wikidata_id"":""Q67953""} ```",19.565296173095703
hidden_test_de_11_sent10,737,751,Iwan Turgenjew,Q42831,PER,Q42831,Iwan Sergejewitsch Turgenew,,0
hidden_test_de_11_sent10,941,973,Niederdeutschen Adolph Wilbrandt,Q67953,PER,Q67953,Adolf von Wilbrandt,,0
hidden_test_de_11_sent10,1055,1064,Turgenjew,Q42831,PER,Q42831,Iwan Sergejewitsch Turgenew,,0
hidden_test_de_11_sent11,421,430,Wilbrandt,Q67953,PER,Q67953,Adolf von Wilbrandt,,0
hidden_test_de_11_sent11,672,681,Wilbrandt,Q67953,PER,Q67953,Adolf von Wilbrandt,,0
hidden_test_de_11_sent11,858,867,Wilbrandt,Q67953,PER,Q67953,Adolf von Wilbrandt,,0
hidden_test_de_11_sent12,33,52,Friedrich Nietzsche,Q9358,PER,Q9358,Friedrich Nietzsche,,0
hidden_test_de_11_sent12,521,540,Friedrich Nietzsche,Q9358,PER,Q9358,Friedrich Nietzsche,,0
hidden_test_de_11_sent12,547,556,Wilbrandt,Q67953,PER,Q67953,Adolf von Wilbrandt,"```json {""wikipedia_page"":""Adolf von Wilbrandt"", ""wikidata_id"":""Q67953""} ```",21.2896671295166
hidden_test_de_11_sent12,1221,1230,Nietzsche,Q9358,PER,Q9358,Friedrich Nietzsche,,0
hidden_test_de_11_sent12,1237,1246,Wilbrandt,Q67953,PER,Q67953,Adolf von Wilbrandt,,0
hidden_test_de_11_sent12,1339,1355,Baronin Pillnitz,NIL,PER,NIL,Baronin Pillnitz,"```json {""wikipedia_page"":""NIL"", ""wikidata_id"":""NIL""} ```",0
hidden_test_de_11_sent15,10,17,Laginja,NIL,PER,NIL,Laginja,"```json {""wikipedia_page"":""NIL"", ""wikidata_id"":""NIL""} ```",0
hidden_test_de_11_sent17,11,19,Rutowski,NIL,PER,NIL,Rutowski,"```json {""wikipedia_page"": ""NIL"", ""wikidata_id"": ""NIL""} ```",0
hidden_test_de_11_sent20,297,303,Petrus,Q33923,PER,Q33923,Petrus,"```json {""wikipedia_page"":""Petrus"", ""wikidata_id"":""Q33923""} ```",18.422672271728516
hidden_test_de_11_sent20,392,398,Petrus,Q33923,PER,Q33923,Petrus,"```json {""wikipedia_page"":""Petrus"", ""wikidata_id"":""Q33923""} ```",17.052597045898438
hidden_test_de_11_sent24,236,249,Brü¬der Grimm,Q2793,PER,Q2793,Brüder Grimm,,0
hidden_test_de_11_sent25,0,6,Berlin,Q64,LOC,Q64,Berlin,"```json {""wikipedia_page"": ""Berlin"", ""wikidata_id"": ""Q64""} ```",20.626873016357422
hidden_test_de_11_sent25,127,138,Elise Polko,Q87487,PER,Q87487,Elise Polko,,0
hidden_test_de_11_sent25,140,147,Breslau,Q1799,LOC,Q1799,Breslau,,0
hidden_test_de_11_sent25,207,218,Elise Polko,Q87487,PER,Q87487,Elise Polko,,0
hidden_test_de_11_sent26,728,767,R. Lechner's k. k. Hof- u. Univ.-Buchh.,NIL,ORG,NIL,R. Lechner's k. k. Hof- u. Univ.-Buchh.,"```json {""wikipedia_page"":"""",""wikidata_id"":""NIL""} ```",0
hidden_test_de_11_sent26,769,780,Wilh.Müller,NIL,PER,NIL,Wilh.Müller,"```json {""wikipedia_page"":"""",""wikidata_id"":""NIL""} ```",0
hidden_test_de_11_sent26,782,795,"l., Graben 31",NIL,LOC,NIL,"l., Graben 31","```json {""wikipedia_page"":""NIL"", ""wikidata_id"":""NIL""} ```",0
hidden_test_de_11_sent27,84,137,"W. Braumüller & Sohn, k. u. k. Hof- u. Univ.-Buchdlg.",Q2572062,ORG,Q2572062,Wilhelm Braumüller Universitäts-Verlagsbuchhandlung,"```json {""wikipedia_page"":""Wilhelm Braumüller Universitäts-Verlagsbuchhandlung"", ""wikidata_id"":""Q2572062""} ```",21.033647537231445
hidden_test_de_11_sent27,139,151,"Wien, Graben",Q699937,LOC,Q699937,Graben,"```json {""wikipedia_page"":""Graben"", ""wikidata_id"":""Q699937""} ```",19.508758544921875
hidden_test_de_11_sent28,158,175,Dr. Eduard Bacher,Q89426,PER,Q89426,Eduard Bacher,,0
hidden_test_de_11_sent28,177,191,Moriz Benedikt,Q877165,PER,Q877165,Moriz Benedikt,,0
hidden_test_de_12_sent0,468,483,Zentralfriedhof,Q240744,LOC,Q240744,Wiener Zentralfriedhof,,0
hidden_test_de_12_sent1,7,58,"Moritz Koralek, Fabrikant in Topko¬witz an der Elbe",NIL,PER,NIL,"Moritz Koralek, Fabrikant in Topko¬witz an der Elbe","```json {""wikipedia_page"":"""", ""wikidata_id"":""NIL""} ```",0
hidden_test_de_12_sent3,6,12,Olmütz,Q81137,LOC,Q81137,Olmütz,,0
hidden_test_de_12_sent3,161,181,Grafen Jaroslaw Thun,Q15735108,PER,Q15735108,Jaroslav Thun-Hohenstein,"```json {""wikipedia_page"": ""Jaroslav Thun-Hohenstein"", ""wikidata_id"": ""Q15735108""} ```",17.733009338378906
hidden_test_de_12_sent6,10,27,Grillparzerstraße,Q1145991,LOC,Q1145991,Grillparzerstraße,"```json {""wikipedia_page"":""Grillparzerstraße"", ""wikidata_id"":""Q1145991""} ```",14.842010498046875
hidden_test_de_12_sent6,38,48,Ringstraße,Q46232,LOC,Q46232,Wiener Ringstraße,"```json {""wikipedia_page"":""Wiener Ringstraße"", ""wikidata_id"":""Q46232""} ```",11.762372970581055
hidden_test_de_12_sent9,60,74,Klosterneuburg,Q487522,LOC,Q487522,Klosterneuburg,,0
hidden_test_de_12_sent9,131,144,Hermannskogel,Q873943,LOC,Q873943,Hermannskogel,,0
hidden_test_de_12_sent9,155,164,Bisamberg,Q866020,LOC,Q866020,Bisamberg,,0
hidden_test_de_12_sent10,212,233,Agenten Jakob Dedejan,NIL,PER,NIL,Agenten Jakob Dedejan,"```json {""wikipedia_page"":"""", ""wikidata_id"":""NIL""} ```",0
hidden_test_de_12_sent10,237,274,"Wien, 20. Bezirk,Greiseneckergasse 11",NIL,LOC,NIL,"Wien, 20. Bezirk,Greiseneckergasse 11","```json {""wikipedia_page"":""NIL"", ""wikidata_id"":""NIL""} ```",0
hidden_test_de_12_sent13,5,11,Aussee,Q251065,LOC,Q251065,Bad Aussee,"```json {""wikipedia_page"":""Bad Aussee"", ""wikidata_id"":""Q251065""} ```",13.828835487365723
hidden_test_de_12_sent14,5,13,Bad Hall,Q259086,LOC,Q259086,Bad Hall,,0
hidden_test_de_12_sent14,20,27,Balaton,Q6383,LOC,Q6383,Balaton,"```json {""wikipedia_page"":""Balaton"", ""wikidata_id"":""Q6383""} ```",19.60588836669922
hidden_test_de_12_sent14,37,50,Constantinbad,Q186207,LOC,Q186207,Konstantinovy Lázně,,0
hidden_test_de_12_sent14,82,91,Faakersee,Q595522,LOC,Q595522,Faaker See,,0
hidden_test_de_12_sent14,95,106,Franzensbad,Q756581,LOC,Q756581,Františkovy Lázně,,0
hidden_test_de_12_sent14,152,164,Gleichenberg,Q693550,LOC,Q693550,Bad Gleichenberg,"```json { ""wikipedia_page"": ""Bad Gleichenberg"", ""wikidata_id"": ""Q693550"" } ```",16.539209365844727
hidden_test_de_12_sent14,171,178,Gmunden,Q430449,LOC,Q430449,Gmunden,,0
hidden_test_de_12_sent14,184,191,Goisern,Q252674,LOC,Q252674,Bad Goisern am Hallstättersee,"```json {""wikipedia_page"":""Bad Goisern am Hallstättersee"", ""wikidata_id"":""Q252674""} ```",20.933883666992188
hidden_test_de_12_sent14,226,236,Hofgastein,Q671445,LOC,Q671445,Bad Hofgastein,,0
hidden_test_de_12_sent14,243,251,Karlsbad,Q384544,LOC,Q384544,Karlsbad,,0
hidden_test_de_12_sent15,20,35,Krapina=Töplitz,Q943679,LOC,Q943679,Krapinske toplice,"```json {""wikipedia_page"":""Krapinske toplice"", ""wikidata_id"":""Q943679""} ```",16.312803268432617
hidden_test_de_12_sent15,62,71,Marienbad,Q523469,LOC,Q523469,Marienbad,"```json {""wikipedia_page"":""Marienbad"", ""wikidata_id"":""Q523469""} ```",14.911978721618652
hidden_test_de_12_sent16,4,11,Pistyan,Q321074,LOC,Q321074,Piešťany,,0
hidden_test_de_12_sent16,50,61,Reichenhall,Q487971,LOC,Q487971,Bad Reichenhall,,0
hidden_test_de_12_sent16,108,117,Semmering,Q659891,LOC,Q659891,Semmering,,0
hidden_test_de_12_sent16,141,156,Teplitz=Schönau,Q146342,LOC,Q146342,Teplitz,,0
hidden_test_de_12_sent16,163,179,Trencsin=Teplicz,Q532555,LOC,Q532555,Trenčianske Teplice,"```json {""wikipedia_page"":""Trenčianske Teplice"", ""wikidata_id"":""Q532555""} ```",19.131145477294922
hidden_test_de_12_sent16,198,204,Vöslau,Q798800,LOC,Q798800,Bad Vöslau,"```json {""wikipedia_page"":""Bad Vöslau"", ""wikidata_id"":""Q798800""} ```",19.030292510986328
hidden_test_de_12_sent16,211,221,Zuckmantel,Q207222,LOC,Q207222,Zlaté Hory,"```json {""wikipedia_page"":""Zlaté Hory"", ""wikidata_id"":""Q207222""} ```",14.739387512207031
hidden_test_de_12_sent16,227,237,Bad Elster,Q46856,LOC,Q46856,Bad Elster,,0
hidden_test_de_12_sent16,244,254,BadNauheim,Q16105,LOC,Q16105,Bad Nauheim,,0
hidden_test_de_12_sent17,5,14,Helgoland,Q3038,LOC,Q3038,Helgoland,,0
hidden_test_de_12_sent19,153,192,Fürsten Johann von und zu Liechtenstein,Q317016,PER,Q317016,Johann II.,,0
hidden_test_de_12_sent19,309,319,Steiermark,Q41358,LOC,Q41358,Steiermark,,0
hidden_test_de_12_sent19,335,343,Kindberg,Q695227,LOC,Q695227,Kindberg,,0
hidden_test_de_12_sent19,434,444,Langenwang,Q695639,LOC,Q695639,Langenwang,,0
hidden_test_de_12_sent19,448,473,Lu###schaun in Steiermark,NIL,LOC,NIL,Lu###schaun in Steiermark,"```json {""wikipedia_page"": ""NIL"", ""wikidata_id"": ""NIL""} ```",0
hidden_test_de_12_sent19,920,943,"4. Bezirk, Karlsgasse 3",NIL,LOC,NIL,"4. Bezirk, Karlsgasse 3","```json {""wikipedia_page"":""Karlsgasse"", ""wikidata_id"":""NIL""} ```",0
hidden_test_de_12_sent20,82,111,"1. Bezirk, Franz Josefskai 15",NIL,LOC,NIL,"1. Bezirk, Franz Josefskai 15","```json {""wikipedia_page"":""NIL"", ""wikidata_id"":""NIL""} ```",0
hidden_test_de_12_sent22,110,119,Marienbad,Q523469,LOC,Q523469,Marienbad,,0
hidden_test_de_12_sent24,7,18,Votivkirche,Q254476,ORG,Q254476,Votivkirche,"```json {""wikipedia_page"":""Votivkirche"", ""wikidata_id"":""Q254476""} ```",16.137638092041016
hidden_test_de_12_sent24,90,104,Vinzenz Goller,Q2527262,PER,Q2527262,Vinzenz Goller,,0
hidden_test_de_12_sent24,132,147,J. Singenberger,Q6215625,PER,Q6215625,Johann Baptist Singenberger,,0
hidden_test_de_12_sent29,1,7,Berlin,Q64,LOC,Q64,Berlin,,0
hidden_test_de_12_sent29,82,88,Berlin,Q64,LOC,Q64,Berlin,,0
hidden_test_de_12_sent29,151,171,Rockefeller=Institut,Q270272,ORG,Q270272,Rockefeller University,,0
hidden_test_de_12_sent29,175,182,Newyork,Q60,LOC,Q60,New York City,,0
hidden_test_de_12_sent30,60,67,Newyork,Q60,LOC,Q60,New York City,,0
hidden_test_de_12_sent30,144,151,Ehrlich,Q57089,PER,Q57089,Paul Ehrlich,,0
hidden_test_de_12_sent30,155,171,Frankfurt amMain,Q1794,LOC,Q1794,Frankfurt am Main,,0
hidden_test_de_12_sent30,428,458,38jährige ChirurgAlexis Carrel,Q185777,PER,Q185777,Alexis Carrel,"```json {""wikipedia_page"":""Alexis Carrel"", ""wikidata_id"":""Q185777""} ```",13.261171340942383
hidden_test_de_12_sent30,463,467,Lyon,Q456,LOC,Q456,Lyon,,0
hidden_test_de_12_sent30,748,754,Berlin,Q64,LOC,Q64,Berlin,,0
hidden_test_de_12_sent33,0,6,Carrel,Q185777,PER,Q185777,Alexis Carrel,"```json { ""wikipedia_page"": ""Alexis Carrel"", ""wikidata_id"": ""Q185777"" } ```",7.770402908325195
hidden_test_de_12_sent34,4,15,Robert Koch,Q37193,PER,Q37193,Robert Koch,,0
hidden_test_de_13_sent0,475,484,Hugenberg,Q65121,PER,Q65121,Alfred Hugenberg,,0
hidden_test_de_13_sent0,541,547,Berlin,Q64,LOC,Q64,Berlin,,0
hidden_test_de_13_sent0,676,695,Otto ErichHartleben,Q76279,PER,Q76279,Otto Erich Hartleben,,0
hidden_test_de_13_sent0,770,779,Hugenberg,Q65121,PER,Q65121,Alfred Hugenberg,,0
hidden_test_de_13_sent0,1280,1289,Hugenberg,Q65121,PER,Q65121,Alfred Hugenberg,"```json {""wikipedia_page"": ""Alfred Hugenberg"", ""wikidata_id"": ""Q65121""} ```",19.05100440979004
hidden_test_de_13_sent2,16,40,deutschnationalen Partei,Q158227,ORG,Q158227,Deutschnationale Volkspartei,"```json {""wikipedia_page"":""Deutschnationale Volkspartei"", ""wikidata_id"":""Q158227""} ```",15.686466217041016
hidden_test_de_13_sent2,45,54,Hugenberg,Q65121,PER,Q65121,Alfred Hugenberg,"```json {""wikipedia_page"":""Alfred Hugenberg"", ""wikidata_id"":""Q65121""} ```",18.647422790527344
hidden_test_de_13_sent2,135,144,Hugenberg,Q65121,PER,Q65121,Alfred Hugenberg,,0
hidden_test_de_13_sent2,183,188,Krupp,Q679201,ORG,Q679201,Krupp,"```json {""wikipedia_page"":""Krupp"", ""wikidata_id"":""Q679201""} ```",19.47661781311035
hidden_test_de_13_sent2,318,327,Westfalen,Q8614,LOC,Q8614,Westfalen,,0
hidden_test_de_13_sent2,332,341,Rheinland,Q152243,LOC,Q152243,Rheinland,,0
hidden_test_de_13_sent2,569,578,Hugenberg,Q65121,PER,Q65121,Alfred Hugenberg,,0
hidden_test_de_13_sent3,50,63,Lokalanzeiger,Q821625,PROD,Q821625,Berliner Lokal-Anzeiger,"```json {""wikipedia_page"":""Berliner Lokal-Anzeiger"", ""wikidata_id"":""Q821625""} ```",14.76647663116455
hidden_test_de_13_sent4,68,85,Hugenberg=Konzern,Q1287475,ORG,Q1287475,Hugenberg-Konzern,,0
hidden_test_de_13_sent4,97,106,Hugenberg,Q65121,PER,Q65121,Alfred Hugenberg,"```json { ""wikipedia_page"": ""Alfred Hugenberg"", ""wikidata_id"": ""Q65121"" } ```",17.204221725463867
hidden_test_de_13_sent4,167,184,Hugenberg=Konzern,Q1287475,ORG,Q1287475,Hugenberg-Konzern,,0
hidden_test_de_13_sent4,254,257,Ufa,Q41468,ORG,Q41468,UFA,,0
hidden_test_de_13_sent6,60,84,deutschnationalen Partei,Q158227,ORG,Q158227,Deutschnationale Volkspartei,,0
hidden_test_de_13_sent6,317,342,deutsch¬nationalen Partei,Q158227,ORG,Q158227,Deutschnationale Volkspartei,,0
hidden_test_de_13_sent6,431,440,Hugenberg,Q65121,PER,Q65121,Alfred Hugenberg,,0
hidden_test_de_13_sent7,81,97,Lindeiner=Wildau,Q1576937,PER,Q1576937,Hans-Erdmann von Lindeiner genannt von Wildau,,0
hidden_test_de_13_sent7,109,116,Hötzsch,Q95352,PER,Q95352,Otto Hoetzsch,,0
hidden_test_de_13_sent7,239,272,republikanisch=konservativePartei,Q548022,ORG,Q548022,Konservative Volkspartei,"```json {""wikipedia_page"":""Konservative Volkspartei"", ""wikidata_id"":""Q548022""} ```",14.579238891601562
hidden_test_de_13_sent7,296,302,Weimar,Q3955,LOC,Q3955,Weimar,,0
hidden_test_de_13_sent7,444,453,Hugenberg,Q65121,PER,Q65121,Alfred Hugenberg,,0
hidden_test_de_13_sent7,521,530,Hugenberg,Q65121,PER,Q65121,Alfred Hugenberg,,0
hidden_test_de_13_sent8,19,28,Hugenberg,Q65121,PER,Q65121,Alfred Hugenberg,"```json {""wikipedia_page"":""Alfred Hugenberg"", ""wikidata_id"":""Q65121""} ```",18.933839797973633
hidden_test_de_13_sent8,108,131,deutschnationale Partei,Q158227,ORG,Q158227,Deutschnationale Volkspartei,"```json {""wikipedia_page"":""Deutschnationale Volkspartei"", ""wikidata_id"":""Q158227""} ```",18.323604583740234
hidden_test_de_13_sent8,211,218,Zentrum,Q157537,ORG,Q157537,Deutsche Zentrumspartei,"```json {""wikipedia_page"":""Deutsche Zentrumspartei"", ""wikidata_id"":""Q157537""} ```",16.26036262512207
hidden_test_de_13_sent13,127,133,Afrika,Q15,LOC,Q15,Afrika,"```json {""wikipedia_page"": ""Afrika"", ""wikidata_id"": ""Q15""} ```",18.069772720336914
hidden_test_de_13_sent19,1,5,Wien,Q1741,LOC,Q1741,Wien,,0
hidden_test_de_13_sent19,60,67,Zentrum,Q157537,ORG,Q157537,Deutsche Zentrumspartei,"```json {""wikipedia_page"":""Deutsche Zentrumspartei"",""wikidata_id"":""Q157537""} ```",20.381250381469727
hidden_test_de_13_sent19,95,128,konservativenStaatsmannes Brüning,Q155398,PER,Q155398,Heinrich Brüning,"```json {""wikipedia_page"":""Heinrich Brüning"", ""wikidata_id"":""Q155398""} ```",17.594608306884766
hidden_test_de_13_sent19,354,363,Hugenberg,Q65121,PER,Q65121,Alfred Hugenberg,,0
hidden_test_de_13_sent20,355,365,Hugen¬berg,Q65121,PER,Q65121,Alfred Hugenberg,,0
hidden_test_de_13_sent22,88,97,Hugenberg,Q65121,PER,Q65121,Alfred Hugenberg,,0
hidden_test_de_13_sent22,995,1004,Hugenberg,Q65121,PER,Q65121,Alfred Hugenberg,,0
hidden_test_de_13_sent22,1161,1183,deutschnationale Front,Q158227,ORG,Q158227,Deutschnationale Volkspartei,"```json {""wikipedia_page"":""Deutschnationale Volkspartei"", ""wikidata_id"":""Q158227""} ```",17.006328582763672
hidden_test_de_13_sent24,71,86,Kabinett Hitler,Q159196,ORG,Q159196,Kabinett Hitler,,0
hidden_test_de_13_sent24,663,687,Weltwirtschaftskonferenz,Q949820,ORG,Q949820,Londoner Konferenz,"```json { ""wikipedia_page"": ""Londoner Konferenz"", ""wikidata_id"": ""Q949820"" } ```",17.54789924621582
hidden_test_de_13_sent24,864,875,Deutschland,Q7318,LOC,Q7318,NS-Staat,"```json {""wikipedia_page"":""NS-Staat"", ""wikidata_id"":""Q7318""} ```",15.105928421020508
hidden_test_de_13_sent25,113,136,deutschnationale Partei,Q158227,ORG,Q158227,Deutschnationale Volkspartei,,0
hidden_test_de_13_sent25,157,164,Zentrum,Q157537,ORG,Q157537,Deutsche Zentrumspartei,"```json {""wikipedia_page"":""Deutsche Zentrumspartei"", ""wikidata_id"":""Q157537""} ```",17.53905487060547
hidden_test_de_13_sent25,308,315,Zentrum,Q157537,ORG,Q157537,Deutsche Zentrumspartei,"```json {""wikipedia_page"":""Deutsche Zentrumspartei"", ""wikidata_id"":""Q157537""} ```",15.552742004394531
hidden_test_de_13_sent25,662,667,P. G.,NIL,PER,NIL,P. G.,"```json {""wikipedia_page"":""NIL"", ""wikidata_id"":""NIL""} ```",0
hidden_test_de_13_sent28,0,8,Budapest,Q1781,LOC,Q1781,Budapest,"```json {""wikipedia_page"":""Budapest"", ""wikidata_id"":""Q1781""} ```",21.289005279541016
hidden_test_de_13_sent33,0,7,Belgrad,Q3711,LOC,Q3711,Belgrad,"```json {""wikipedia_page"":""Belgrad"", ""wikidata_id"":""Q3711""} ```",9.902132034301758
hidden_test_de_13_sent34,428,471,jugosla¬wischeradikal=bäuerliche Demokratie,NIL,ORG,NIL,jugosla¬wischeradikal=bäuerliche Demokratie,"```json {""wikipedia_page"":""NIL"", ""wikidata_id"":""NIL""} ```",0
hidden_test_de_13_sent41,631,637,Europa,Q46,LOC,Q46,Europa,,0
hidden_test_de_13_sent41,810,816,Afrika,Q15,LOC,Q15,Afrika,,0
hidden_test_de_13_sent47,143,165,Dr. Alexander Hartwich,NIL,PER,NIL,Dr. Alexander Hartwich,"```json { ""wikipedia_page"": ""NIL"", ""wikidata_id"": ""NIL"" } ```",0
hidden_test_de_13_sent47,482,494,Hakoah=Platz,NIL,LOC,NIL,Hakoah=Platz,"```json {""wikipedia_page"":""NIL"", ""wikidata_id"":""NIL""} ```",0
hidden_test_de_13_sent48,38,43,Brünn,Q14960,LOC,Q14960,Brünn,,0
hidden_test_de_13_sent48,95,105,Bar Kochba,NIL,ORG,NIL,Bar Kochba,"```json { ""wikipedia_page"": ""NIL"", ""wikidata_id"": ""NIL"" } ```",0
hidden_test_de_13_sent49,27,35,W. A. C.,Q581990,ORG,Q581990,Wiener AC,"```json { ""wikipedia_page"": ""Wiener AC"", ""wikidata_id"": ""Q581990"" } ```",19.903398513793945
hidden_test_de_13_sent49,148,154,Urfahr,Q1322586,LOC,Q1322586,Urfahr,,0
hidden_test_de_13_sent51,23,43,VIII. Langegasse 76:,NIL,LOC,NIL,VIII. Langegasse 76:,"```json {""wikipedia_page"":""NIL"", ""wikidata_id"":""NIL""} ```",0
hidden_test_de_13_sent51,96,115,SüdlicherWienerwald,Q251246,LOC,Q251246,Wienerwald,,0
hidden_test_de_13_sent52,29,53,Paulmauer=TürnitzerHöger,Q2465101,LOC,Q2465101,Türnitzer Höger,"```json {""wikipedia_page"": ""Türnitzer Höger"", ""wikidata_id"":""Q2465101""} ```",17.730751037597656
hidden_test_de_13_sent52,63,73,Hütteldorf,Q1423660,LOC,Q1423660,Hütteldorf,"```json {""wikipedia_page"":""Hütteldorf"", ""wikidata_id"":""Q1423660""} ```",18.168943405151367
hidden_test_de_13_sent53,13,28,St. Aegyd a. N.,Q676688,LOC,Q676688,St. Aegyd am Neuwalde,"```json { ""wikipedia_page"": ""St. Aegyd am Neuwalde"", ""wikidata_id"": ""Q676688"" } ```",15.319034576416016
hidden_test_de_13_sent53,37,47,Dr. Weiler,NIL,PER,NIL,Dr. Weiler,"```json {""wikipedia_page"":"""",""wikidata_id"":""NIL""} ```",0
hidden_test_de_13_sent53,98,111,Aspangbahnhof,Q2568785,LOC,Q2568785,Wien Aspangbahnhof,,0
hidden_test_de_13_sent54,13,23,Winzendorf,Q672292,LOC,Q672292,Winzendorf-Muthmannsdorf,"```json {""wikipedia_page"":""Winzendorf-Muthmannsdorf"", ""wikidata_id"":""Q672292""} ```",15.309802055358887
hidden_test_de_13_sent54,65,72,Gesäuse,Q1519873,LOC,Q1519873,Gesäuse,"```json {""wikipedia_page"":""Gesäuse"", ""wikidata_id"":""Q1519873""} ```",21.122949600219727
hidden_test_de_13_sent54,74,84,Planspitze,Q455208,LOC,Q455208,Planspitze,,0
hidden_test_de_13_sent54,145,156,Westbahnhof,Q698145,LOC,Q698145,Wien Westbahnhof,"```json {""wikipedia_page"":""Wien Westbahnhof"", ""wikidata_id"":""Q698145""} ```",16.43387794494629
hidden_test_de_13_sent55,38,42,Reif,NIL,PER,NIL,Reif,"```json {""wikipedia_page"":"""", ""wikidata_id"":""NIL""} ```",0
hidden_test_de_13_sent55,47,55,Jellinek,NIL,PER,NIL,Jellinek,"```json {""wikipedia_page"":""NIL"", ""wikidata_id"":""NIL""} ```",0
hidden_test_de_13_sent56,10,17,Gesäuse,Q1519873,LOC,Q1519873,Gesäuse,"```json {""wikipedia_page"": ""Gesäuse"", ""wikidata_id"": ""Q1519873""} ```",20.481176376342773
hidden_test_de_13_sent58,50,81,Oesterreichischen Automobilklub,Q306059,ORG,Q306059,Österreichischer Automobil-Club,,0
hidden_test_de_13_sent58,173,178,Donau,Q1653,LOC,Q1653,Donau,,0
hidden_test_de_13_sent63,0,5,Paris,Q90,LOC,Q90,Paris,,0
hidden_test_de_13_sent63,60,66,London,Q84,LOC,Q84,London,,0
hidden_test_de_13_sent63,123,145,französische Parlament,Q632552,ORG,Q632552,Französisches Parlament,,0
hidden_test_de_13_sent68,0,6,Berlin,Q64,LOC,Q64,Berlin,,0
hidden_test_de_13_sent75,0,31,Austro-Ungarische Handelskammer,NIL,ORG,NIL,Austro-Ungarische Handelskammer,"```json {""wikipedia_page"":""NIL"", ""wikidata_id"":""NIL""} ```",0
hidden_test_de_13_sent76,114,160,Präsidenten Oberregierungsrates Alfred Gergely,NIL,PER,NIL,Präsidenten Oberregierungsrates Alfred Gergely,"```json {""wikipedia_page"":""NIL"", ""wikidata_id"":""NIL""} ```",0
hidden_test_de_13_sent76,378,401,Direktors Desider Vitez,NIL,PER,NIL,Direktors Desider Vitez,"```json {""wikipedia_page"":"""",""wikidata_id"":""NIL""} ```",0
hidden_test_de_13_sent76,533,604,"Präsi¬denten, der Reichraminger Holzindustrie=A.=G., Eugen v. Stir¬ling",NIL,PER,NIL,"Präsi¬denten, der Reichraminger Holzindustrie=A.=G., Eugen v. Stir¬ling","```json {""wikipedia_page"":""NIL"", ""wikidata_id"":""NIL""} ```",0
hidden_test_de_13_sent76,616,631,Paul v. Zsolnay,Q1805034,PER,Q1805034,Paul Zsolnay,,0
hidden_test_de_13_sent80,0,4,Graz,Q13298,LOC,Q13298,Graz,,0
hidden_test_de_13_sent80,48,53,Ramus,Q89911,PER,Q89911,Pierre Ramus,"```json {""wikipedia_page"":""Pierre Ramus"", ""wikidata_id"":""Q89911""} ```",11.333154678344727
hidden_test_de_13_sent80,647,660,Grazer Klinik,Q1798169,ORG,Q1798169,LKH-Universitätsklinikum Graz,,0
hidden_test_de_13_sent80,669,673,Graz,Q13298,LOC,Q13298,Graz,,0
hidden_test_de_13_sent81,35,62,Staatsanwalt DoktorNeupauer,NIL,PER,NIL,Staatsanwalt DoktorNeupauer,"```json {""wikipedia_page"":"""",""wikidata_id"":""NIL""} ```",0
hidden_test_de_13_sent82,30,42,Graf Hardegg,NIL,PER,NIL,Graf Hardegg,"```json {""wikipedia_page"":"""", ""wikidata_id"":""NIL""} ```",0
hidden_test_de_13_sent85,0,10,Korneuburg,Q659841,LOC,Q659841,Korneuburg,,0
hidden_test_de_13_sent85,218,228,FranzJuder,NIL,PER,NIL,FranzJuder,"```json {""wikipedia_page"":""NIL"", ""wikidata_id"":""NIL""} ```",0
hidden_test_de_13_sent85,342,352,Korneuburg,Q659841,LOC,Q659841,Korneuburg,,0
hidden_test_de_13_sent85,424,446,Oberlandesgericht Wien,Q15837274,ORG,Q15837274,Oberlandesgericht Wien,,0
hidden_test_de_13_sent85,515,526,Kor¬neuburg,Q659841,LOC,Q659841,Korneuburg,,0
hidden_test_de_13_sent89,253,282,Bundesministeriums für Justiz,Q872203,ORG,Q872203,Bundesministerium für Justiz,,0
hidden_test_de_13_sent89,512,534,Verfassungsgerichtshof,Q873868,ORG,Q873868,Verfassungsgerichtshof,,0
hidden_test_de_13_sent91,74,78,Graz,Q13298,LOC,Q13298,Graz,,0
hidden_test_de_13_sent92,500,522,Verfassungsgerichtshof,Q873868,ORG,Q873868,Verfassungsgerichtshof,,0
hidden_test_de_13_sent93,4,23,Oberste Gerichtshof,NIL,ORG,NIL,Oberste Gerichtshof,"```json {""wikipedia_page"":"""",""wikidata_id"":""NIL""} ```",0
hidden_test_de_13_sent95,0,11,Stephansdom,Q5943,LOC,Q5943,Stephansdom,,0
hidden_test_de_13_sent95,112,117,Maria,Q345,PER,Q345,Maria,,0
hidden_test_de_13_sent95,171,185,August Weirich,Q28112720,PER,Q28112720,August Weirich,,0
hidden_test_de_13_sent95,210,222,I. Mitterer:,Q1657490,PER,Q1657490,Ignaz Mitterer,,0
hidden_test_de_13_sent95,387,393,Gounod,Q180278,PER,Q180278,Charles Gounod,,0
hidden_test_de_13_sent95,395,406,Weingartner,Q316920,PER,Q316920,Felix Weingartner,,0
hidden_test_de_13_sent96,40,82,DirigentProfessor Josef Ferdinand Skalicky,NIL,PER,NIL,DirigentProfessor Josef Ferdinand Skalicky,"```json {""wikipedia_page"":""NIL"", ""wikidata_id"":""NIL""} ```",0
hidden_test_de_13_sent96,123,158,Konzertsängerin Frau Dr. Anna Beran,NIL,PER,NIL,Konzertsängerin Frau Dr. Anna Beran,"```json { ""wikipedia_page"": ""NIL"", ""wikidata_id"": ""NIL"" } ```",0
hidden_test_de_13_sent107,0,6,London,Q84,LOC,Q84,London,"```json {""wikipedia_page"":""London"", ""wikidata_id"":""Q84""} ```",18.559419631958008
hidden_test_de_13_sent109,22,34,United Steel,Q72539,ORG,Q72539,US Steel,,0
hidden_test_de_13_sent109,57,66,Rio Tinto,Q821293,ORG,Q821293,Rio Tinto Group,,0
hidden_test_de_13_sent110,0,7,Newyork,Q60,LOC,Q60,New York City,,0
hidden_test_de_13_sent113,16,20,Graz,Q13298,LOC,Q13298,Graz,,0
hidden_test_de_13_sent115,16,30,oberösterreich,Q41967,LOC,Q41967,Oberösterreich,,0
hidden_test_de_13_sent116,18,32,oberösterreich,Q41967,LOC,Q41967,Oberösterreich,,0
hidden_test_de_13_sent118,17,22,Newag,Q766622,ORG,Q766622,Newag,"```json {""wikipedia_page"":""Newag"", ""wikidata_id"":""Q766622""} ```",11.237476348876953
hidden_test_de_13_sent120,15,20,Tiwag,Q1271744,ORG,Q1271744,TIWAG,"```json {""wikipedia_page"":""TIWAG"", ""wikidata_id"":""Q1271744""} ```",12.464548110961914
hidden_test_de_13_sent120,58,63,Tiwag,Q1271744,ORG,Q1271744,TIWAG,"```json {""wikipedia_page"":""TIWAG"", ""wikidata_id"":""Q1271744""} ```",13.01345443725586
hidden_test_de_13_sent125,16,32,niederösterreich,Q42497,LOC,Q42497,Niederösterreich,,0
hidden_test_de_13_sent127,17,30,Alpine=Montan,Q298821,ORG,Q298821,Oesterreichisch-Alpine Montangesellschaft,"```json {""wikipedia_page"":""Oesterreichisch-Alpine Montangesellschaft"", ""wikidata_id"":""Q298821""} ```",16.49824333190918
hidden_test_de_13_sent130,0,4,Wien,Q1741,LOC,Q1741,Wien,,0
hidden_test_de_13_sent150,0,6,Bremen,Q24879,LOC,Q24879,Bremen,,0
hidden_test_de_13_sent151,0,9,Liverpool,Q24826,LOC,Q24826,Liverpool,,0
hidden_test_de_13_sent152,0,7,Newyork,Q60,LOC,Q60,New York City,,0
hidden_test_de_13_sent153,0,10,Neworleans,Q34404,LOC,Q34404,New Orleans,"```json { ""wikipedia_page"": ""New Orleans"", ""wikidata_id"": ""Q34404"" } ```",17.888853073120117
hidden_test_de_13_sent154,296,303,Chicago,Q1297,LOC,Q1297,Chicago,,0
hidden_test_de_13_sent157,0,7,Newyork,Q60,LOC,Q60,New York City,"```json {""wikipedia_page"":""New York City"", ""wikidata_id"":""Q60""} ```",19.53498077392578
hidden_test_de_13_sent157,27,35,Manitoba,Q1948,LOC,Q1948,Manitoba,"```json {""wikipedia_page"":""Manitoba"", ""wikidata_id"":""Q1948""} ```",19.808670043945312
hidden_test_de_13_sent159,34,42,Winnipeg,Q2135,LOC,Q2135,Winnipeg,"```json {""wikipedia_page"":""Winnipeg"", ""wikidata_id"":""Q2135""} ```",15.884769439697266
hidden_test_de_13_sent162,2,15,Johann=Strauß,Q83309,PER,Q83309,Johann Strauss (Sohn),,0
hidden_test_de_13_sent162,32,55,Deutsches Volkstheater:,Q688555,LOC,Q688555,Volkstheater,,0
hidden_test_de_13_sent162,93,119,Theater in der Josefstadt:,Q167619,LOC,Q167619,Theater in der Josefstadt,,0
hidden_test_de_13_sent162,156,175,Theater ander Wien:,Q374336,LOC,Q374336,Theater an der Wien,,0
hidden_test_de_13_sent163,69,73,Wien,Q1741,LOC,Q1741,Wien,"```json {""wikipedia_page"":""Wien"", ""wikidata_id"":""Q1741""} ```",16.832767486572266
hidden_test_de_13_sent165,12,17,Donau,Q1653,LOC,Q1653,Donau,"```json {""wikipedia_page"":""Donau"", ""wikidata_id"":""Q1653""} ```",20.430402755737305
hidden_test_de_13_sent165,52,61,Schärding,Q255012,LOC,Q255012,Schärding,,0
hidden_test_de_13_sent165,63,66,Inn,Q14369,LOC,Q14369,Inn,,0
hidden_test_de_13_sent165,78,92,Engelhartszell,Q660958,LOC,Q660958,Engelhartszell,,0
hidden_test_de_13_sent165,94,99,Donau,Q1653,LOC,Q1653,Donau,"```json {""wikipedia_page"":""Donau"", ""wikidata_id"":""Q1653""} ```",20.924774169921875
hidden_test_de_13_sent165,111,115,Linz,Q41329,LOC,Q41329,Linz,,0
hidden_test_de_13_sent165,117,122,Donau,Q1653,LOC,Q1653,Donau,"```json {""wikipedia_page"":""Donau"", ""wikidata_id"":""Q1653""} ```",20.839370727539062
hidden_test_de_13_sent165,135,139,Wels,Q178582,LOC,Q178582,Wels,,0
hidden_test_de_13_sent165,160,170,Mauthausen,Q658855,LOC,Q658855,Mauthausen,,0
hidden_test_de_13_sent165,172,177,Donau,Q1653,LOC,Q1653,Donau,,0
hidden_test_de_13_sent165,191,196,Steyr,Q260320,LOC,Q260320,Steyr,,0
hidden_test_de_13_sent165,198,202,Enns,Q217524,LOC,Q217524,Enns,,0
hidden_test_de_13_sent165,214,219,Stein,Q18631130,LOC,Q18631130,Stein an der Donau,"```json {""wikipedia_page"":""Stein an der Donau"", ""wikidata_id"":""Q18631130""} ```",20.21047592163086
hidden_test_de_13_sent165,220,225,Donau,Q1653,LOC,Q1653,Donau,"```json {""wikipedia_page"":""Donau"", ""wikidata_id"":""Q1653""} ```",21.251249313354492
hidden_test_de_13_sent165,239,257,"Wien, Reichsbrücke",Q684821,LOC,Q684821,Reichsbrücke,,0
hidden_test_de_13_sent165,269,288,"Wien,Schwedenbrücke",Q2254658,LOC,Q2254658,Schwedenbrücke,,0
hidden_test_de_13_sent165,299,306,Hohenau,Q660761,LOC,Q660761,Hohenau an der March,"```json {""wikipedia_page"":""Hohenau an der March"", ""wikidata_id"":""Q660761""} ```",19.700580596923828
hidden_test_de_13_sent165,308,313,March,Q179251,LOC,Q179251,March,"```json {""wikipedia_page"":""March"", ""wikidata_id"":""Q179251""} ```",15.862555503845215
hidden_test_de_13_sent165,324,330,Angern,Q538297,LOC,Q538297,Angern an der March,"```json {""wikipedia_page"":""Angern an der March"", ""wikidata_id"":""Q538297""} ```",15.65570068359375
hidden_test_de_13_sent165,331,336,March,Q179251,LOC,Q179251,March,"```json {""wikipedia_page"": ""March"", ""wikidata_id"": ""Q179251""} ```",10.688159942626953
hidden_test_de_13_sent165,366,384,Wien. Reichsbrücke,Q684821,LOC,Q684821,Reichsbrücke,,0
hidden_test_de_13_sent166,13,31,Dr. Ernst Benedikt,Q1348810,PER,Q1348810,Ernst Benedikt,,0
hidden_test_de_13_sent166,132,176,"Dr. Julian Sternberg Wien, III. Lagergasse 1",NIL,LOC,NIL,"Dr. Julian Sternberg Wien, III. Lagergasse 1","```json {""wikipedia_page"":""NIL"", ""wikidata_id"":""NIL""} ```",0
hidden_test_de_13_sent167,20,24,Wien,Q1741,LOC,Q1741,Wien,,0
hidden_test_de_13_sent167,40,49,Semmering,Q659891,LOC,Q659891,Semmering,,0
hidden_test_de_13_sent167,59,68,Innsbruck,Q1735,LOC,Q1735,Innsbruck,,0
hidden_test_de_13_sent167,87,98,Zell a. See,Q187572,LOC,Q187572,Zell am See,,0
hidden_test_de_13_sent167,112,122,Klagenfurt,Q41753,LOC,Q41753,Klagenfurt am Wörthersee,"```json {""wikipedia_page"":""Klagenfurt am Wörthersee"", ""wikidata_id"":""Q41753""} ```",20.850021362304688
hidden_test_de_13_sent167,137,145,Salzburg,Q34713,LOC,Q34713,Salzburg,,0
hidden_test_de_13_sent167,152,157,Lienz,Q336250,LOC,Q336250,Lienz,,0
hidden_test_de_13_sent167,184,193,Gargellen,Q1494233,LOC,Q1494233,Gargellen,,0
hidden_test_de_13_sent167,194,203,Mariazell,Q264201,LOC,Q264201,Mariazell,,0
hidden_test_de_13_sent170,74,80,Gaston,NIL,PER,NIL,Gaston,"```json {""wikipedia_page"":"""", ""wikidata_id"":""NIL""} ```",0
hidden_test_de_13_sent170,126,133,Annette,NIL,PER,NIL,Annette,"```json {""wikipedia_page"":"""", ""wikidata_id"":""NIL""} ```",0
hidden_test_de_13_sent170,355,361,Gaston,NIL,PER,NIL,Gaston,"```json {""wikipedia_page"":"""", ""wikidata_id"":""NIL""} ```",0
hidden_test_de_13_sent171,256,262,Gaston,NIL,PER,NIL,Gaston,"```json {""wikipedia_page"":"""",""wikidata_id"":""NIL""} ``` The entity [ENT] Gaston [ENT] is a name with no further information provided in the text. None of the provided candidates can be confidently mapped to the entity mentioned.",0
hidden_test_de_13_sent172,28,34,Gaston,NIL,PER,NIL,Gaston,"```json {""wikipedia_page"":"""", ""wikidata_id"":""NIL""} ```",0
hidden_test_de_13_sent172,39,46,Annette,NIL,PER,NIL,Annette,"```json { ""wikipedia_page"":"""", ""wikidata_id"":""NIL"" } ```",0
hidden_test_de_13_sent174,208,214,Gaston,NIL,PER,NIL,Gaston,"```json {""wikipedia_page"":""Gast"", ""wikidata_id"":""NIL""} ```",0
hidden_test_de_13_sent175,684,690,Gaston,NIL,PER,NIL,Gaston,"```json {""wikipedia_page"":"""", ""wikidata_id"":""NIL""} ```",0
hidden_test_de_13_sent177,81,87,Gaston,NIL,PER,NIL,Gaston,"```json {""wikipedia_page"":"""",""wikidata_id"":""NIL""} ```",0
hidden_test_de_13_sent178,113,120,Annette,NIL,PER,NIL,Annette,"```json {""wikipedia_page"":"""",""wikidata_id"":""NIL""} ```",0
hidden_test_de_13_sent179,93,99,Gaston,NIL,PER,NIL,Gaston,"```json {""wikipedia_page"":"""", ""wikidata_id"":""NIL""} ```",0
hidden_test_de_13_sent180,117,124,Annette,NIL,PER,NIL,Annette,"```json {""wikipedia_page"":"""", ""wikidata_id"":""NIL""} ```",0
hidden_test_de_13_sent181,161,167,Gaston,NIL,PER,NIL,Gaston,"```json {""wikipedia_page"":"""", ""wikidata_id"":""NIL""} ```",0
hidden_test_de_13_sent182,303,310,Annette,NIL,PER,NIL,Annette,"```json { ""wikipedia_page"": ""NIL"", ""wikidata_id"": ""NIL"" } ```",0
hidden_test_de_13_sent184,90,97,Annette,NIL,PER,NIL,Annette,"```json { ""wikipedia_page"": """", ""wikidata_id"": ""NIL"" } ```",0
hidden_test_de_13_sent186,0,12,Pablo Casals,Q208537,PER,Q208537,Pau Casals,,0
hidden_test_de_13_sent187,102,113,PabloCasals,Q208537,PER,Q208537,Pau Casals,,0
hidden_test_de_13_sent188,48,66,Albert von Belgien,Q55008046,PER,Q55008046,Albert I. von Belgien,,0
hidden_test_de_13_sent188,102,108,Casals,Q208537,PER,Q208537,Pau Casals,,0
hidden_test_de_13_sent188,339,344,Ysaye,Q312857,PER,Q312857,Eugène Ysaÿe,,0
hidden_test_de_13_sent188,379,383,Wien,Q1741,LOC,Q1741,Wien,,0
hidden_test_de_13_sent188,515,521,Casals,Q208537,PER,Q208537,Pau Casals,,0
hidden_test_de_13_sent188,717,729,Pablo Casals,Q208537,PER,Q208537,Pau Casals,,0
hidden_test_de_13_sent188,959,968,Beethoven,Q255,PER,Q255,Ludwig van Beethoven,,0
hidden_test_de_13_sent188,973,977,Bach,Q1339,PER,Q1339,Johann Sebastian Bach,"```json {""wikipedia_page"":""Johann Sebastian Bach"", ""wikidata_id"":""Q1339""} ```",20.980438232421875
hidden_test_de_13_sent188,1112,1118,Casals,Q208537,PER,Q208537,Pau Casals,,0
hidden_test_de_13_sent188,1142,1152,Barce¬lona,Q1492,PER,Q1492,Barcelona,,0
hidden_test_de_13_sent188,1241,1247,Casals,Q208537,PER,Q208537,Pau Casals,,0
hidden_test_de_13_sent188,1278,1284,Madrid,Q2807,LOC,Q2807,Madrid,,0
hidden_test_de_13_sent190,8,36,Königin Viktoria von England,Q9439,PER,Q9439,Victoria,,0
hidden_test_de_13_sent190,59,65,Casals,Q208537,PER,Q208537,Pau Casals,,0
hidden_test_de_13_sent190,164,175,Insel Wight,Q9679,LOC,Q9679,Wight,,0
hidden_test_de_13_sent190,191,197,Casals,Q208537,PER,Q208537,Pau Casals,,0
hidden_test_de_13_sent190,364,370,Casals,Q208537,PER,Q208537,Pau Casals,"```json {""wikipedia_page"":""Pau Casals"", ""wikidata_id"":""Q208537""} ```",17.607301712036133
hidden_test_de_13_sent190,387,393,Madrid,Q2807,LOC,Q2807,Madrid,,0
hidden_test_de_13_sent190,491,507,Königin Viktoria,Q9439,PER,Q9439,Victoria,,0
hidden_test_de_13_sent190,651,655,Bach,Q1339,PER,Q1339,Johann Sebastian Bach,"```json {""wikipedia_page"":""Johann Sebastian Bach"", ""wikidata_id"":""Q1339""} ```",18.811946868896484
hidden_test_de_13_sent191,0,6,Casals,Q208537,PER,Q208537,Pau Casals,"```json {""wikipedia_page"":""Pau Casals"", ""wikidata_id"":""Q208537""} ```",19.05274200439453
hidden_test_de_13_sent191,276,289,Johann Strauß,Q83309,PER,Q83309,Johann Strauss (Sohn),,0
hidden_test_de_13_sent191,348,354,Casals,Q208537,PER,Q208537,Pau Casals,,0
hidden_test_de_13_sent191,442,448,Moskau,Q649,LOC,Q649,Moskau,,0
hidden_test_de_13_sent191,508,513,Pskow,Q2214,LOC,Q2214,Pskow,,0
hidden_test_de_13_sent191,613,619,Casals,Q208537,PER,Q208537,Pau Casals,,0
hidden_test_de_13_sent191,714,724,Petersburg,Q656,LOC,Q656,Sankt Petersburg,,0
hidden_test_de_13_sent191,741,747,Casals,Q208537,PER,Q208537,Pau Casals,,0
hidden_test_de_13_sent191,844,849,Liszt,Q41309,PER,Q41309,Franz Liszt,,0
hidden_test_de_13_sent194,49,55,Casals,Q208537,PER,Q208537,Pau Casals,,0
hidden_test_de_13_sent194,78,88,Südamerika,Q18,LOC,Q18,Südamerika,,0
hidden_test_de_13_sent194,279,285,Casals,Q208537,PER,Q208537,Pau Casals,,0
hidden_test_de_13_sent194,432,438,Casals,Q208537,PER,Q208537,Pau Casals,,0
hidden_test_de_13_sent195,185,190,F. F.,NIL,PER,NIL,F. F.,"```json {""wikipedia_page"":""NIL"", ""wikidata_id"":""NIL""} ```",0
hidden_test_de_13_sent196,4,18,Fritz Eckhardt,Q86663,PER,Q86663,Fritz Eckhardt,,0
hidden_test_de_13_sent201,77,80,Ufa,Q41468,ORG,Q41468,UFA,,0
hidden_test_de_13_sent201,84,97,Neubabelsberg,Q1979246,LOC,Q1979246,Neubabelsberg,,0
hidden_test_de_13_sent202,190,203,Neubabelsberg,Q1979246,LOC,Q1979246,Neubabelsberg,,0
hidden_test_de_13_sent211,18,23,Tobis,Q2438131,ORG,Q2438131,Tobis-Tonbild-Syndikat,"```json {""wikipedia_page"": ""Tobis-Tonbild-Syndikat"", ""wikidata_id"": ""Q2438131""} ```",16.49515724182129
hidden_test_de_13_sent211,144,152,Massolle,Q1707591,PER,Q1707591,Joseph Massolle,"```json {""wikipedia_page"":""Joseph Massolle"", ""wikidata_id"":""Q1707591""} ```",17.403369903564453
hidden_test_de_13_sent211,482,487,Tobis,Q2438131,ORG,Q2438131,Tobis-Tonbild-Syndikat,"```json { ""wikipedia_page"": ""Tobis-Tonbild-Syndikat"", ""wikidata_id"": ""Q2438131"" } ```",17.255075454711914
hidden_test_de_13_sent213,8,13,Tobis,Q2438131,ORG,Q2438131,Tobis-Tonbild-Syndikat,"```json {""wikipedia_page"":""Tobis-Tonbild-Syndikat"", ""wikidata_id"":""Q2438131""} ```",9.984418869018555
hidden_test_de_13_sent216,10,21,Anne Austin,Q19606547,PER,Q19606547,Anne Austin,,0
hidden_test_de_13_sent218,1,12,Ruth Lester,NIL,PER,NIL,Ruth Lester,"```json {""wikipedia_page"":"""", ""wikidata_id"":""NIL""} ```",0
hidden_test_de_13_sent218,47,62,HenryP. Bordens,NIL,PER,NIL,HenryP. Bordens,"```json {""wikipedia_page"":""NIL"", ""wikidata_id"":""NIL""} ```",0
hidden_test_de_13_sent218,117,140,Jack Carrington Hayward,NIL,PER,NIL,Jack Carrington Hayward,"```json {""wikipedia_page"":"""", ""wikidata_id"":""NIL""} ```",0
hidden_test_de_13_sent218,268,272,Jack,NIL,PER,NIL,Jack,"```json {""wikipedia_page"":"""", ""wikidata_id"":""NIL""} ```",0
hidden_test_de_13_sent218,354,359,Weeks,NIL,PER,NIL,Weeks,"```json {""wikipedia_page"":""NIL"", ""wikidata_id"":""NIL""} ```",0
hidden_test_de_13_sent218,700,709,Pendennis,NIL,LOC,NIL,Pendennis,"```json {""wikipedia_page"":"""", ""wikidata_id"":""NIL""} ```",0
hidden_test_de_13_sent220,81,88,Manning,NIL,PER,NIL,Manning,"```json { ""wikipedia_page"": ""NIL"", ""wikidata_id"": ""NIL"" } ```",0
hidden_test_de_13_sent231,39,45,McMann,NIL,PER,NIL,McMann,"```json {""wikipedia_page"":"""",""wikidata_id"":""NIL""} ```",0
hidden_test_de_13_sent232,12,19,Manning,NIL,PER,NIL,Manning,"```json {""wikipedia_page"":"""", ""wikidata_id"":""NIL""} ```",0
hidden_test_de_13_sent233,120,126,Borden,NIL,PER,NIL,Borden,"```json {""wikipedia_page"":"""", ""wikidata_id"":""NIL""} ```",0
hidden_test_de_13_sent237,8,22,Martha Manning,NIL,PER,NIL,Martha Manning,"```json {""wikipedia_page"":"""", ""wikidata_id"":""NIL""} ```",0
hidden_test_de_13_sent237,112,116,Jack,NIL,PER,NIL,Jack,"```json {""wikipedia_page"":""NIL"", ""wikidata_id"":""NIL""} ```",0
hidden_test_de_13_sent237,167,171,Ruth,NIL,PER,NIL,Ruth,"```json {""wikipedia_page"":""NIL"", ""wikidata_id"":""NIL""} ```",0
hidden_test_de_13_sent241,77,89,Harry Borden,NIL,PER,NIL,Harry Borden,"```json {""wikipedia_page"":"""",""wikidata_id"":""NIL""} ```",0
hidden_test_de_13_sent243,142,146,Jake,NIL,PER,NIL,Jake,"```json {""wikipedia_page"":""NIL"", ""wikidata_id"":""NIL""} ```",0
hidden_test_de_13_sent243,266,272,Bailey,NIL,PER,NIL,Bailey,"```json {""wikipedia_page"":""NIL"", ""wikidata_id"":""NIL""} ```",0
hidden_test_de_13_sent243,366,379,Harrys Kontor,NIL,PER,NIL,Harrys Kontor,"```json {""wikipedia_page"":""NIL"", ""wikidata_id"":""NIL""} ```",0
hidden_test_de_13_sent244,69,75,McMann,NIL,PER,NIL,McMann,"```json {""wikipedia_page"":""NIL"", ""wikidata_id"":""NIL""} ```",0
hidden_test_de_13_sent249,146,151,Harry,NIL,PER,NIL,Harry,"```json {""wikipedia_page"":""NIL"", ""wikidata_id"":""NIL""} ```",0
hidden_test_de_13_sent250,190,195,Harry,NIL,PER,NIL,Harry,"```json {""wikipedia_page"":""NIL"", ""wikidata_id"":""NIL""} ```",0
hidden_test_de_13_sent250,202,208,Borden,NIL,PER,NIL,Borden,"```json {""wikipedia_page"":""NIL"", ""wikidata_id"":""NIL""} ```",0
hidden_test_de_13_sent251,29,33,Wien,Q1741,LOC,Q1741,Wien,"```json {""wikipedia_page"":""Wien"", ""wikidata_id"":""Q1741""} ```",13.266583442687988
hidden_test_de_13_sent253,116,123,Mailand,Q490,LOC,Q490,Mailand,,0
hidden_test_de_13_sent253,160,164,Wien,Q1741,LOC,Q1741,Wien,,0
hidden_test_de_13_sent253,187,193,Slavia,Q194393,ORG,Q194393,Slavia Prag,,0
hidden_test_de_13_sent254,44,48,Wien,Q1741,LOC,Q1741,Wien,"```json {""wikipedia_page"":""Wien"", ""wikidata_id"":""Q1741""} ```",17.776906967163086
hidden_test_de_13_sent254,139,146,Mailand,Q490,LOC,Q490,Mailand,"```json {""wikipedia_page"":""Mailand"", ""wikidata_id"":""Q490""} ```",18.102218627929688
hidden_test_de_13_sent255,131,137,Vienna,Q686826,ORG,Q686826,First Vienna FC 1894,"```json {""wikipedia_page"":""First Vienna FC 1894"", ""wikidata_id"":""Q686826""} ```",18.333511352539062
hidden_test_de_13_sent255,241,247,Rainer,Q1732657,PER,Q1732657,Karl Rainer,"```json {""wikipedia_page"":""Karl Rainer"", ""wikidata_id"":""Q1732657""} ```",15.355310440063477
hidden_test_de_13_sent255,248,255,Schmaus,Q490374,PER,Q490374,Willibald Schmaus,"```json { ""wikipedia_page"": ""Willibald Schmaus"", ""wikidata_id"": ""Q490374"" } ```",17.580305099487305
hidden_test_de_13_sent255,257,263,Kaller,Q2039444,PER,Q2039444,Otto Kaller,"```json {""wikipedia_page"":""Otto Kaller"", ""wikidata_id"":""Q2039444""} ```",18.409875869750977
hidden_test_de_13_sent255,265,273,Hoffmann,Q256792,PER,Q256792,Leopold Hofmann,"```json {""wikipedia_page"": ""Leopold Hoffmann"", ""wikidata_id"": ""Q256792""} ```",17.26361656188965
hidden_test_de_13_sent255,282,293,Brosenbauer,Q588446,PER,Q588446,Anton Brosenbauer,"```json {""wikipedia_page"":""Anton Brosenbauer"", ""wikidata_id"":""Q588446""} ```",20.328746795654297
hidden_test_de_13_sent255,295,305,Adelbrecht,Q323714,PER,Q323714,Josef Adelbrecht,"```json { ""wikipedia_page"": ""Josef Adelbrecht"", ""wikidata_id"": ""Q323714"" } ```",20.016483306884766
hidden_test_de_13_sent255,306,315,Gschweidl,Q1459395,PER,Q1459395,Friedrich Gschweidl,,0
hidden_test_de_13_sent255,337,341,Erdl,Q5492752,PER,Q5492752,Franz Erdl,"```json {""wikipedia_page"":""Franz Erdl"", ""wikidata_id"":""Q5492752""} ```",17.907211303710938
hidden_test_de_13_sent255,364,368,Wien,Q1741,LOC,Q1741,Wien,,0
hidden_test_de_13_sent256,74,81,Austria,Q131209,ORG,Q131209,FK Austria Wien,"```json {""wikipedia_page"":""FK Austria Wien"", ""wikidata_id"":""Q131209""} ```",20.480220794677734
hidden_test_de_13_sent256,94,98,Prag,Q1085,LOC,Q1085,Prag,"```json {""wikipedia_page"": ""Prag"", ""wikidata_id"": ""Q1085""} ```",20.594764709472656
hidden_test_de_13_sent256,103,109,Slavia,Q194393,ORG,Q194393,Slavia Prag,,0
hidden_test_de_13_sent256,131,137,Slavia,Q194393,ORG,Q194393,Slavia Prag,"```json {""wikipedia_page"":""Slavia Prag"", ""wikidata_id"":""Q194393""} ```",21.076698303222656
hidden_test_de_13_sent256,187,194,Austria,Q131209,ORG,Q131209,FK Austria Wien,"```json { ""wikipedia_page"": ""FK Austria Wien"", ""wikidata_id"": ""Q131209"" } ```",20.297863006591797
hidden_test_de_13_sent256,275,282,Austria,Q131209,ORG,Q131209,FK Austria Wien,"```json {""wikipedia_page"":""FK Austria Wien"", ""wikidata_id"":""Q131209""} ```",15.85605239868164
hidden_test_de_13_sent256,529,535,Slavia,Q194393,ORG,Q194393,Slavia Prag,,0
hidden_test_de_13_sent256,576,584,Planicka,Q379,PER,Q379,František Plánička,"```json {""wikipedia_page"": ""František Plánička"", ""wikidata_id"": ""Q379""} ```",18.457687377929688
hidden_test_de_13_sent256,586,593,Zenisek,Q970400,PER,Q970400,Ladislav Ženíšek,"```json {""wikipedia_page"":""Ladislav Ženíšek"", ""wikidata_id"":""Q970400""} ```",19.53815460205078
hidden_test_de_13_sent256,601,608,Vodicka,Q608814,PER,Q608814,Antonín Vodička,"```json {""wikipedia_page"": ""Antonín Vodička"", ""wikidata_id"": ""Q608814""} ```",20.0588436126709
hidden_test_de_13_sent256,610,616,Cambal,Q392388,PER,Q392388,Štefan Čambal,"```json {""wikipedia_page"":""Štefan Čambal"", ""wikidata_id"":""Q392388""} ```",15.149210929870605
hidden_test_de_13_sent256,629,632,Puc,Q531382,PER,Q531382,Antonín Puč,"```json {""wikipedia_page"":""Antonín Puč"", ""wikidata_id"":""Q531382""} ```",13.108185768127441
hidden_test_de_13_sent256,661,666,Junek,Q203086,PER,Q203086,František Junek,"```json {""wikipedia_page"":""František Junek"", ""wikidata_id"":""Q203086""} ```",18.051572799682617
hidden_test_de_13_sent256,672,679,Austria,Q131209,ORG,Q131209,FK Austria Wien,"```json {""wikipedia_page"":""FK Austria Wien"", ""wikidata_id"":""Q131209""} ```",17.592409133911133
hidden_test_de_13_sent256,701,705,Blum,Q323982,PER,Q323982,Josef Blum,"```json {""wikipedia_page"":""Josef Blum"", ""wikidata_id"":""Q323982""} ```",16.452295303344727
hidden_test_de_13_sent256,994,1004,Hauptallee,Q1248317,LOC,Q1248317,Hauptallee,"```json {""wikipedia_page"":""Hauptallee"", ""wikidata_id"":""Q1248317""} ```",16.32193946838379
hidden_test_de_13_sent259,225,229,Wien,Q1741,LOC,Q1741,Wien,,0
hidden_test_de_13_sent259,348,369,Schulerstraße 1 und 3,NIL,LOC,NIL,Schulerstraße 1 und 3,"```json {""wikipedia_page"":"""", ""wikidata_id"":""NIL""} ```",0
hidden_test_de_13_sent261,205,217,Burg¬theater,Q308720,LOC,Q308720,Burgtheater,"```json {""wikipedia_page"":""Burgtheater"", ""wikidata_id"":""Q308720""} ```",17.808677673339844
hidden_test_de_13_sent262,22,27,Rapid,Q131215,ORG,Q131215,SK Rapid Wien,,0
hidden_test_de_13_sent262,31,36,Agram,Q1435,LOC,Q1435,Zagreb,"```json {""wikipedia_page"":""Zagreb"", ""wikidata_id"":""Q1435""} ```",16.578632354736328
hidden_test_de_13_sent262,126,134,Dänemark,Q35,LOC,Q35,Dänemark,,0
hidden_test_de_13_sent262,243,252,Norköping,Q25724,LOC,Q25724,Norrköping,"```json {""wikipedia_page"": ""Norrköping"", ""wikidata_id"": ""Q25724""} ```",20.820783615112305
hidden_test_de_13_sent262,259,267,Sleipner,Q772310,ORG,Q772310,IK Sleipner,,0
hidden_test_de_13_sent262,390,394,Saaz,Q393426,LOC,Q393426,Žatec,"```json {""wikipedia_page"":""Žatec"",""wikidata_id"":""Q393426""} ```",11.302069664001465
hidden_test_de_13_sent272,59,75,Niederösterreich,Q42497,LOC,Q42497,Niederösterreich,,0
hidden_test_de_13_sent272,228,245,Prater=Hauptallee,Q1248317,LOC,Q1248317,Hauptallee,,0
hidden_test_de_13_sent273,105,115,Hauptallee,Q1248317,LOC,Q1248317,Hauptallee,"```json {""wikipedia_page"":""Hauptallee"", ""wikidata_id"":""Q1248317""} ```",12.888160705566406
hidden_test_de_13_sent275,87,91,Wien,Q1741,LOC,Q1741,Wien,"```json {""wikipedia_page"":""Wien"", ""wikidata_id"":""Q1741""} ```",19.472183227539062
hidden_test_de_13_sent275,210,226,Niederösterreich,Q42497,LOC,Q42497,Niederösterreich,,0
hidden_test_de_13_sent278,14,19,Satoh,Q3179267,PER,Q3179267,Jirō Satō,"```json {""wikipedia_page"":""Jirō Satō"", ""wikidata_id"":""Q3179267""} ```",19.823976516723633
hidden_test_de_13_sent278,35,45,de Stefani,Q2273996,PER,Q2273996,Giorgio de Stefani,"```json {""wikipedia_page"":""Giorgio de Stefani"", ""wikidata_id"":""Q2273996""} ```",13.644579887390137
hidden_test_de_13_sent278,88,101,Wills = Moody,Q54543,PER,Q54543,Helen Wills Moody,"```json {""wikipedia_page"":""Helen Wills Moody"", ""wikidata_id"":""Q54543""} ```",19.81377601623535
hidden_test_de_13_sent278,239,244,Payot,Q3258788,PER,Q3258788,Lolette Payot,,0
hidden_test_de_13_sent278,246,253,Schweiz,Q39,LOC,Q39,Schweiz,,0
hidden_test_de_13_sent278,320,326,Hughes,Q552626,PER,Q552626,Pat Hughes,"```json {""wikipedia_page"": ""Pat Hughes"", ""wikidata_id"": ""Q552626""} ```",19.80313491821289
hidden_test_de_13_sent278,358,376,Vereinigte Staaten,Q30,LOC,Q30,Vereinigte Staaten,,0
hidden_test_de_13_sent278,399,405,Menzel,Q662809,PER,Q662809,Roderich Menzel,"```json {""wikipedia_page"":""Roderich Menzel"", ""wikidata_id"":""Q662809""} ```",18.274946212768555
hidden_test_de_13_sent278,433,449,Littleton Rogers,Q29883,PER,Q29883,George Lyttleton Rogers,,0
hidden_test_de_13_sent278,451,457,Irland,Q27,LOC,Q27,Irland,,0
hidden_test_de_13_sent282,58,66,Gaisberg,Q688441,LOC,Q688441,Gaisberg,,0
hidden_test_de_13_sent284,123,155,Rennfahrer Hans Joachimv. Morgen,Q12790812,PER,Q12790812,Heinrich-Joachim von Morgen,"```json {""wikipedia_page"":""Heinrich-Joachim von Morgen"", ""wikidata_id"":""Q12790812""} ```",18.18286895751953
hidden_test_de_13_sent287,90,103,Luigi Fagioli,Q173038,PER,Q173038,Luigi Fagioli,,0
hidden_test_de_13_sent287,120,128,Maserati,Q35962,ORG,Q35962,Maserati,,0
hidden_test_de_13_sent287,171,183,Conte Trossi,Q776091,PER,Q776091,Carlo Felice Trossi,"```json {""wikipedia_page"": ""Carlo Felice Trossi"", ""wikidata_id"": ""Q776091""} ```",12.35594654083252
hidden_test_de_13_sent287,188,198,Alfa=Romeo,Q26921,ORG,Q26921,Alfa Romeo,,0
hidden_test_de_13_sent287,215,223,Maserati,Q35962,ORG,Q35962,Maserati,,0
hidden_test_de_13_sent287,367,377,HansRuesch,Q115715,PER,Q115715,Hans Ruesch,,0
hidden_test_de_13_sent287,382,392,Alfa=Romeo,Q26921,ORG,Q26921,Alfa Romeo,,0
hidden_test_de_13_sent287,423,437,LaszloHartmann,Q634769,PER,Q634769,László Hartmann,,0
hidden_test_de_13_sent287,513,523,Alfa=Romeo,Q26921,ORG,Q26921,Alfa Romeo,,0
hidden_test_de_13_sent287,717,721,Wien,Q1741,LOC,Q1741,Wien,,0
hidden_test_de_13_sent287,723,730,Amilcar,Q471294,ORG,Q471294,Amilcar,"```json {""wikipedia_page"":""Amilcar"",""wikidata_id"":""Q471294""} ```",19.95545196533203
hidden_test_de_13_sent287,799,807,Mercedes,Q36008,ORG,Q36008,Mercedes-Benz,,0
hidden_test_de_13_sent287,914,922,Maserati,Q35962,ORG,Q35962,Maserati,,0
hidden_test_de_13_sent287,928,945,AnnaMaria Peduzzi,Q59917796,PER,Q59917796,Anna Maria Peduzzi,,0
hidden_test_de_13_sent287,947,957,Alfa=Romeo,Q26921,ORG,Q26921,Alfa Romeo,,0
hidden_test_de_13_sent288,139,149,Tom Bullus,Q2439558,PER,Q2439558,Tom Bullus,,0
hidden_test_de_13_sent288,154,162,N. S. U.,Q39898,ORG,Q39898,NSU Motorenwerke,"```json {""wikipedia_page"":""NSU Motorenwerke"", ""wikidata_id"":""Q39898""} ```",14.287801742553711
hidden_test_de_13_sent288,250,257,Runtsch,NIL,PER,NIL,Runtsch,"```json {""wikipedia_page"": ""Ulrich Strunz"", ""wikidata_id"": ""NIL""} ```",0
hidden_test_de_13_sent288,259,265,Czerny,NIL,PER,NIL,Czerny,"```json {""wikipedia_page"":"""", ""wikidata_id"":""NIL""} ```",0
hidden_test_de_13_sent288,267,272,Walla,Q19287105,PER,Q19287105,Josef Walla,,0
hidden_test_de_13_sent288,280,287,Bohmann,Q1730522,PER,Q1730522,Karl Bohmann,,0
hidden_test_de_13_sent288,289,299,Schneeweiß,Q1904974,PER,Q1904974,Martin Schneeweiss,,0
hidden_test_de_13_sent288,304,308,Wien,Q1741,LOC,Q1741,Wien,,0
hidden_test_de_13_sent288,310,316,Reheis,NIL,PER,NIL,Reheis,"```json {""wikipedia_page"":"""",""wikidata_id"":""NIL""} ```",0
hidden_test_de_13_sent288,321,330,Salz¬burg,Q34713,LOC,Q34713,Salzburg,,0
hidden_test_de_13_sent289,20,45,Salzburger Automobil¬klub,Q2215935,ORG,Q2215935,Salzburger Automobilclub,,0
hidden_test_de_13_sent290,24,29,Gnigl,Q1533227,LOC,Q1533227,Gnigl,,0
hidden_test_de_13_sent290,43,51,Gaisberg,Q688441,LOC,Q688441,Gaisberg,,0
hidden_test_de_13_sent292,24,29,Paris,Q90,LOC,Q90,Paris,"```json {""wikipedia_page"":""Paris"", ""wikidata_id"":""Q90""} ```",19.519935607910156
hidden_test_de_13_sent293,33,48,Robert Kronfeld,Q86279,PER,Q86279,Robert Kronfeld,,0
hidden_test_de_13_sent293,92,106,Orly bei Paris,Q223416,LOC,Q223416,Flughafen Paris-Orly,"```json {""wikipedia_page"":""Flughafen Paris-Orly"", ""wikidata_id"":""Q223416""} ```",18.384130477905273
hidden_test_de_13_sent293,288,301,Saint=Quentin,Q182744,LOC,Q182744,Saint-Quentin,,0
hidden_test_de_13_sent295,20,35,Robert Kronfeld,Q86279,PER,Q86279,Robert Kronfeld,,0
hidden_test_de_13_sent295,39,43,Wien,Q1741,LOC,Q1741,Wien,,0
hidden_test_de_13_sent300,22,26,Wien,Q1741,LOC,Q1741,Wien,,0
hidden_test_de_13_sent300,417,432,Dr. Schuschnigg,Q738635,PER,Q738635,Kurt Schuschnigg,,0
hidden_test_de_13_sent300,489,511,LandeshauptmannReither,Q1705539,PER,Q1705539,Josef Reither,"```json {""wikipedia_page"":""Josef Reither"", ""wikidata_id"":""Q1705539""} ```",14.160911560058594
hidden_test_de_13_sent300,516,555,Landeshauptmann und Bürgermeister Seitz,Q84254,PER,Q84254,Karl Seitz,"```json {""wikipedia_page"":""Karl Seitz"", ""wikidata_id"":""Q84254""} ```",14.906522750854492
hidden_test_de_13_sent300,574,581,Belgien,Q31,LOC,Q31,Belgien,,0
hidden_test_de_13_sent300,583,591,Dänemark,Q35,LOC,Q35,Dänemark,"```json {""wikipedia_page"":""Dänemark"", ""wikidata_id"":""Q35""} ```",21.080406188964844
hidden_test_de_13_sent300,605,616,Niederlande,Q55,LOC,Q55,Niederlande,,0
hidden_test_de_13_sent300,617,625,Schweden,Q34,LOC,Q34,Schweden,"```json {""wikipedia_page"":""Schweden"", ""wikidata_id"":""Q34""} ```",20.99715805053711
hidden_test_de_13_sent300,627,634,Schweiz,Q39,LOC,Q39,Schweiz,,0
hidden_test_de_13_sent303,0,7,Sharkey,Q427464,PER,Q427464,Jack Sharkey,"```json {""wikipedia_page"":""Jack Sharkey"", ""wikidata_id"":""Q427464""} ```",11.104804039001465
hidden_test_de_13_sent303,12,19,Carnera,Q325449,PER,Q325449,Primo Carnera,"```json {""wikipedia_page"":""Primo Carnera"", ""wikidata_id"":""Q325449""} ```",19.172372817993164
hidden_test_de_13_sent304,18,25,Carnera,Q325449,PER,Q325449,Primo Carnera,,0
hidden_test_de_13_sent304,132,139,Sharkey,Q427464,PER,Q427464,Jack Sharkey,"```json {""wikipedia_page"":""Jack Sharkey"", ""wikidata_id"":""Q427464""} ```",17.23228645324707
hidden_test_de_13_sent304,174,181,Sharkey,Q427464,PER,Q427464,Jack Sharkey,"```json {""wikipedia_page"":""Jack Sharkey"", ""wikidata_id"":""Q427464""} ```",16.722606658935547
hidden_test_de_13_sent305,80,87,Carnera,Q325449,PER,Q325449,Primo Carnera,"```json {""wikipedia_page"":""Primo Carnera"", ""wikidata_id"":""Q325449""} ```",7.023167610168457
hidden_test_de_13_sent306,27,34,Newyork,Q60,LOC,Q60,New York City,,0
hidden_test_de_13_sent306,40,47,Carnera,Q325449,PER,Q325449,Primo Carnera,"```json {""wikipedia_page"":""Primo Carnera"", ""wikidata_id"":""Q325449""} ```",20.39337158203125
hidden_test_de_13_sent306,90,97,Carnera,Q325449,PER,Q325449,Primo Carnera,"```json {""wikipedia_page"":""Primo Carnera"", ""wikidata_id"":""Q325449""} ```",18.370105743408203
hidden_test_de_13_sent307,36,43,Carnera,Q325449,PER,Q325449,Primo Carnera,"```json {""wikipedia_page"":""Primo Carnera"", ""wikidata_id"":""Q325449""} ```",7.3721818923950195
hidden_test_de_13_sent311,115,125,Donaukanal,Q701695,LOC,Q701695,Donaukanal,,0
hidden_test_de_13_sent311,134,148,Rotundenbrücke,Q2169109,LOC,Q2169109,Rotundenbrücke,,0
hidden_test_de_13_sent311,201,206,Donau,Q1653,LOC,Q1653,Donau,,0
hidden_test_de_13_sent312,60,70,Donaukanal,Q701695,LOC,Q701695,Donaukanal,,0
hidden_test_de_13_sent313,222,226,Wien,Q1741,LOC,Q1741,Wien,,0
hidden_test_de_13_sent314,124,139,Willy Schmieger,Q1378435,PER,Q1378435,Willy Schmieger,,0
hidden_test_de_13_sent315,349,353,Linz,Q41329,LOC,Q41329,Linz,,0
hidden_test_de_13_sent315,364,368,Wien,Q1741,LOC,Q1741,Wien,,0
