doc_id,start_pos,end_pos,surface,gt_id,type,identifier,title,answer,score
document_000001.html,58,74,Lord Chamberlain,Q541755,PER,Q1355456,Lord Chamberlain,,0
document_000008.html,25,37,Peter Rogers,NIL,PER,Q17421747,Thomas Rogers,,0
document_000009.html,95,110,Lefébure - Wély,Q546919,PER,Q38466132,Isaac-François Lefébure-Wely,,0
document_000010.html,40,50,M. Beckers,NIL,PER,Q1525588,Michael Becker Orgelbau,"```json {""wikipedia_page"": ""Michael Becker Orgelbau"", ""wikidata_id"": ""Q1525588""} ```",18.546140670776367
document_000011.html,56,82,Dictionnaire des Musiciens,NIL,MISC,Q1422262,La Lettre du musicien,,0
document_000012.html,45,55,Birmingham,Q2256,LOC,Q187127,Lunar Society of Birmingham,"```json {""wikipedia_page"":""Lunar Society of Birmingham"", ""wikidata_id"":""Q187127""} ```",12.077393531799316
document_000013.html,29,39,Miss Orton,NIL,PER,Q16000354,J. O. C. Orton,"```json {""wikipedia_page"":""J. O. C. Orton"", ""wikidata_id"":""Q16000354""} ```",13.432531356811523
document_000013.html,56,69,Mr. Horniblow,NIL,PER,Q65120103,Horniblow,"```json {""wikipedia_page"": ""Horniblow"", ""wikidata_id"": ""Q65120103""} ```",16.07086753845215
document_000014.html,0,9,Mr. Mocre,Q315346,PER,NIL,Mr. Mocre,"```json {""wikipedia_page"":""NIL"", ""wikidata_id"":""NIL""} ```",0
document_000014.html,86,96,Mr. Bishop,Q1200639,PER,Q7787894,Thomas Brigham Bishop,"```json {""wikipedia_page"":""Thomas Brigham Bishop"", ""wikidata_id"":""Q7787894""} ```",9.531521797180176
document_000015.html,2,5,Bow,NIL,PER,Q122607,Bow,"```json {""wikipedia_page"":""Bow (London)"", ""wikidata_id"":""Q122607""} ```",16.80042839050293
document_000019.html,61,70,J. Thomas,Q1701921,PER,Q18926954,John L. Thomas,"```json {""wikipedia_page"": ""John L. Thomas"", ""wikidata_id"": ""Q18926954""} ```",18.05278778076172
document_000019.html,0,10,F. J. Amor,NIL,PER,Q3081439,Francis J. Finn,,0
document_000019.html,24,37,Walter Pettit,NIL,PER,Q105812497,Walter Pate,,0
document_000019.html,49,59,P. Sainton,NIL,PER,Q151334,Philip Sainton,,0
document_000020.html,0,7,Batiste,Q274231,PER,NIL,Batiste,"```json {""wikipedia_page"":""NIL"", ""wikidata_id"":""NIL""} ```",0
document_000020.html,41,56,Lefébure - Wély,Q546919,PER,Q38466132,Isaac-François Lefébure-Wely,,0
document_000021.html,137,144,Oedipus,NIL,MISC,Q130890,Oedipus,"```json {""wikipedia_page"":""Oedipus"", ""wikidata_id"":""Q130890""} ```",19.58814811706543
document_000024.html,21,34,Musicat Timzs,Q1757371,ORG,NIL,Musicat Timzs,"```json {""wikipedia_page"":"""", ""wikidata_id"":""NIL""} ```",0
document_000025.html,27,41,Earl of Cawdor,Q6224952,PER,Q5325786,Earl Cawdor,"```json { ""wikipedia_page"": ""Earl Cawdor"", ""wikidata_id"": ""Q5325786"" } ```",17.122753143310547
document_000031.html,49,60,Louis Dien1,Q19900926,PER,Q3261730,Louis Dien,,0
document_000032.html,43,51,Preciosa,NIL,MISC,Q1240094,Preciosa,"```json {""wikipedia_page"":""Preciosa"", ""wikidata_id"":""Q1240094""} ```",16.01546287536621
document_000036.html,0,6,Oakley,NIL,PER,Q7076839,Octavius Oakley,,0
document_000037.html,111,119,Sirletti,Q102283903,PER,Q3771436,Giuseppe Sellitto,,0
document_000037.html,121,127,Asioli,Q892563,PER,Q2920312,Annibale Zoilo,,0
document_000037.html,133,140,Pollini,Q1351579,PER,Q160058,Maurizio Pollini,,0
document_000040.html,113,122,T. Howell,NIL,PER,Q3065958,John Thomas Howell,,0
document_000041.html,0,6,Mr. G.,NIL,PER,Q6880126,Mister G,"```json {""wikipedia_page"":""Mister G"", ""wikidata_id"":""Q6880126""} ```",5.517493724822998
document_000048.html,101,111,Ipermestra,Q18600820,MISC,Q21099452,Ipermestra,,0
document_000048.html,88,96,Antigono,NIL,MISC,Q4774778,Antigono,"```json { ""wikipedia_page"":""Antigono"", ""wikidata_id"":""Q4774778"" } ```",17.9942569732666
document_000048.html,159,175,court of Dresden,NIL,ORG,Q1731,Dresden,"```json {""wikipedia_page"":""Dresden"", ""wikidata_id"":""Q1731""} ```",16.195850372314453
document_000050.html,49,78,Shaftesbury Park Lecture Hall,NIL,LOC,Q7457805,Sever Hall,,0
document_000051.html,73,80,Martini,Q283651,PER,Q221043,Simone Martini,"```json { ""wikipedia_page"": ""Simone Martini"", ""wikidata_id"": ""Q221043"" } ```",17.02014923095703
document_000052.html,38,46,Danaides,Q1751750,MISC,Q724907,Daughters of Danaus,,0
document_000054.html,8,17,Mrs. Wood,NIL,PER,Q2729480,Mrs. John Wood,"```json {""wikipedia_page"":""Mrs. John Wood"", ""wikidata_id"":""Q2729480""} ```",11.822738647460938
document_000055.html,74,81,Ireland,Q22890,LOC,Q215530,Kingdom of Ireland,"```json {""wikipedia_page"": ""Kingdom of Ireland"", ""wikidata_id"": ""Q215530""} ```",15.43224811553955
document_000055.html,18,30,H. Hagemeyer,NIL,PER,Q1579996,Hans Hagemeyer,,0
document_000055.html,44,57,12th Regiment,NIL,ORG,Q7042904,No. 12 Commando,,0
document_000057.html,49,62,Dr. Kitchiner,NIL,PER,Q8014067,William Kitchiner,"```json {""wikipedia_page"":""William Kitchiner"", ""wikidata_id"":""Q8014067""} ```",21.2136173248291
document_000058.html,147,159,L’Abbe Guyon,Q2976789,PER,Q235098,Jeanne-Marie Bouvier de La Motte Guyon,,0
document_000058.html,100,126,History of the East Indies,NIL,MISC,Q2227514,history of Southeast Asia,,0
document_000059.html,46,62,Die Elfen Walzer,NIL,MISC,Q2311740,"Elfentanz, Op. 39","```json {""wikipedia_page"":""Elfentanz, Op. 39"", ""wikidata_id"":""Q2311740""} ```",16.266536712646484
document_000060.html,35,42,Grisias,Q287344,PER,NIL,Grisias,"```json {""wikipedia_page"":"""", ""wikidata_id"":""NIL""} ```",0
document_000062.html,131,144,Theatre Royal,Q7777436,LOC,Q1155331,His Majesty's Theatre,,0
document_000063.html,57,75,La Divina Sapienza,NIL,MISC,Q3668898,Church of the Divine Wisdom,,0
document_000065.html,64,68,Bart,NIL,PER,Q5480,Bart Simpson,"```json {""wikipedia_page"":""Bart Simpson"", ""wikidata_id"":""Q5480""} ```",13.1450834274292
document_000067.html,50,66,W. T. Freemantle,Q8019310,PER,Q7795085,Thomas Whittemore,,0
document_000072.html,36,42,Walker,NIL,PER,Q6107402,J. W. Walker & Sons Ltd,,0
document_000074.html,83,94,Chamberlain,Q541755,PER,Q6679028,Lord Chamberlain's Office,"```json {""wikipedia_page"": ""Lord Chamberlain's Office"", ""wikidata_id"": ""Q6679028""} ```",9.144433975219727
document_000074.html,67,75,Mr. Mash,NIL,PER,Q4912946,Billy Marsh,"```json {""wikipedia_page"":""Billy Marsh"", ""wikidata_id"":""Q4912946""} ```",11.261210441589355
document_000076.html,0,14,Cantate Domino,Q1326476,MISC,Q26297603,Cantate Domino,"```json {""wikipedia_page"":""Cantate Domino"", ""wikidata_id"":""Q26297603""} ```",11.18336296081543
document_000076.html,19,34,Deus Misereatur,Q1689664,MISC,NIL,Deus Misereatur,"```json {""wikipedia_page"":"""", ""wikidata_id"":""NIL""} ```",0
document_000080.html,27,42,Signor Liverati,Q3767573,PER,Q3830435,Leonardo Salviati,,0
document_000081.html,14,23,Jarnowick,Q1526160,PER,NIL,Jarnowick,"```json {""wikipedia_page"":""NIL"", ""wikidata_id"":""NIL""} ```",0
document_000083.html,18,36,M. Joachim Hoffman,NIL,PER,Q60314462,Joachim Hoffmann,,0
document_000084.html,7,28,Antient Concert Rooms,NIL,LOC,Q17510840,Concerts of Antient Music,,0
document_000085.html,0,15,Musical Society,NIL,ORG,Q5025606,Cambridge University Musical Society,,0
document_000087.html,0,24,The Philharmonic Society,Q1292443,ORG,Q63343493,New Philharmonic Society,"```json { ""wikipedia_page"": ""New Philharmonic Society"", ""wikidata_id"": ""Q63343493"" } ```",16.304153442382812
document_000087.html,42,53,M. Schénche,NIL,PER,Q1720427,Mel Henke,,0
document_000088.html,0,15,Mr. Kalkbrenner,Q170270,PER,Q372718,Christian Kalkbrenner,,0
document_000089.html,1,22,Qui est Rex Gloriosus,NIL,MISC,Q17130748,Rex gloriose martyrum,"```json {""wikipedia_page"":""Rex gloriose martyrum"", ""wikidata_id"":""Q17130748""} ```",17.772817611694336
document_000090.html,143,152,Cambridge,Q350,LOC,Q35794,University of Cambridge,"```json {""wikipedia_page"": ""University of Cambridge"", ""wikidata_id"": ""Q35794""} ```",18.771175384521484
document_000092.html,117,137,Viscount Fitzwilliam,Q7325692,PER,Q8009134,"William Fitzwilliam, 4th Earl Fitzwilliam",,0
document_000094.html,46,53,Norfolk,Q11991993,MISC,Q23109,Norfolk,,0
document_000094.html,58,65,Norwich,Q11991993,MISC,Q130191,Norwich,,0
document_000094.html,66,79,Musical Union,Q11991993,MISC,Q6739616,Making Music,,0
document_000095.html,96,123,institution degli Orfanelli,NIL,ORG,Q2512875,Ospedali,"```json {""wikipedia_page"":""Ospedali"", ""wikidata_id"":""Q2512875""} ```",15.662287712097168
document_000098.html,83,97,Miss Rainforth,Q17355767,PER,NIL,Miss Rainforth,"```json {""wikipedia_page"":""NIL"", ""wikidata_id"":""NIL""} ```",0
document_000099.html,16,23,Statira,NIL,MISC,Q6465323,La Statira,"```json {""wikipedia_page"":""La Statira"", ""wikidata_id"":""Q6465323""} ```",13.122681617736816
document_000099.html,33,49,La Conversazione,NIL,MISC,Q52943,conversation,"```json {""wikipedia_page"": ""Conversation"", ""wikidata_id"": ""Q52943""} ```",15.698542594909668
document_000099.html,51,60,Artaserse,NIL,MISC,Q5706537,"Artaserse, re di Persia","```json { ""wikipedia_page"": ""Artaserse, re di Persia"", ""wikidata_id"": ""Q5706537"" } ```",13.477476119995117
document_000099.html,66,81,Alessandro nell,NIL,MISC,Q336137,Alessandro Marcello,"```json { ""wikipedia_page"": ""Alessandro Marcello"", ""wikidata_id"": ""Q336137"" } ```",12.189074516296387
document_000100.html,103,124,Mr. Sterndale Bennett,Q201164,PER,Q17985840,Ernest Sterndale Bennett,,0
document_000103.html,11,23,Ettore Fiori,Q55912552,PER,Q1967632,Ettore Fiorini,,0
document_000103.html,25,38,Manuel Garcia,Q333183,PER,Q704645,Manuel García,,0
document_000103.html,3,9,Benson,NIL,PER,Q2897520,Bernard Benson,,0
document_000103.html,40,51,P. Goldberg,NIL,PER,Q7150934,Paul Goldberger,,0
document_000103.html,67,82,T. A. Wallworth,NIL,PER,Q711871,Arthur Walworth,,0
document_000104.html,0,5,Italy,Q38,LOC,Q172579,Kingdom of Italy,"```json {""wikipedia_page"":""Kingdom of Italy"", ""wikidata_id"":""Q172579""} ```",13.800191879272461
document_000106.html,50,55,Prior,NIL,PER,Q830337,prior,,0
document_000107.html,41,65,Grosvenor Choral Society,NIL,ORG,Q3445907,Royal Choral Society,,0
document_000110.html,125,140,Theodore Distin,Q76098551,PER,Q5282960,Distin family,,0
document_000110.html,36,50,Agnes Drummond,NIL,PER,Q4766372,Ann Drummond-Grant,,0
document_000110.html,52,68,Josephine Pulham,NIL,PER,Q17106618,Josephine Pullein-Thompson,,0
document_000110.html,70,82,Marian Haigh,NIL,PER,Q18783923,Marianne Farningham,,0
document_000110.html,84,100,Florence Wydford,NIL,PER,Q3080822,Frances Julia Wedgwood,,0
document_000110.html,114,123,Henry Guy,NIL,PER,Q5722339,Henry Guy,,0
document_000110.html,142,150,E. Stone,NIL,PER,Q5368754,Em Stone,,0
document_000110.html,156,169,Thurley Beale,NIL,PER,Q1661518,Thurl Bailey,,0
document_000111.html,105,144,Almanach général de tous les spectacles,Q3235618,MISC,Q3725045,Encyclopedia of Performing Arts,,0
document_000114.html,1,43,Lives of the Professors of Gresham College,NIL,MISC,Q6627317,list of masters of Gresham's School,"```json { ""wikipedia_page"": ""list of masters of Gresham's School"", ""wikidata_id"": ""Q6627317"" } ```",15.396903991699219
document_000115.html,5,15,Saltarello,not in Wikidata,MISC,Q657047,saltarello,"```json {""wikipedia_page"":""saltarello"", ""wikidata_id"":""Q657047""} ```",17.76070785522461
document_000117.html,20,47,Introduction and Variations,NIL,MISC,Q6058899,Introduction and Variations on a Theme by Mozart,"```json { ""wikipedia_page"": ""Introduction and Variations on a Theme by Mozart"", ""wikidata_id"": ""Q6058899"" } ```",15.013898849487305
document_000119.html,29,35,London,Q84,LOC,Q863397,London Philharmonic Orchestra,,0
document_000123.html,123,132,Berthaume,NIL,PER,Q19869123,Isidore Bertheaume,"```json {""wikipedia_page"":""Isidore Bertheaume"", ""wikidata_id"":""Q19869123""} ```",18.43623161315918
document_000124.html,86,96,Cannobiano,Q3982039,LOC,Q23291,Cannobio,"```json {""wikipedia_page"":""Cannobio"", ""wikidata_id"":""Q23291""} ```",16.32170867919922
document_000125.html,77,85,Don Juan,Q192039,MISC,Q210372,Don Juan,,0
document_000126.html,64,82,James Epps and Co.,NIL,ORG,Q3191701,Jessops,,0
document_000127.html,0,8,R. Smith,NIL,PER,Q54861188,R.R.R. Smith,,0
document_000128.html,4,14,Enthusiast,NIL,MISC,Q55610935,Enthusiast,"```json {""wikipedia_page"":""Enthusiast"", ""wikidata_id"":""Q55610935""} ```",12.351468086242676
document_000129.html,85,94,Gasparini,Q446955,PER,Q3767340,Giovanni Gasparini,,0
document_000132.html,67,73,Gounod,Q180278,PER,Q745951,Faust,"```json {""wikipedia_page"":""Faust"", ""wikidata_id"":""Q745951""} ```",13.196249961853027
document_000134.html,51,57,London,Q84,LOC,Q14946379,Diocese of London,"```json {""wikipedia_page"":""Diocese of London"", ""wikidata_id"":""Q14946379""} ```",13.294184684753418
document_000137.html,57,73,Pio Glanchettini,Q18819786,PER,Q354947,Giovanni Legrenzi,,0
document_000139.html,12,32,Studii of Palestrina,NIL,MISC,Q6612812,list of compositions by Giovanni Pierluigi da Palestrina,"```json {""wikipedia_page"":""list of compositions by Giovanni Pierluigi da Palestrina"", ""wikidata_id"":""Q6612812""} ```",17.73893165588379
document_000142.html,60,67,Messiah,Q207732,MISC,Q51626,Messiah,,0
document_000143.html,14,54,Counterpoint of the ancients and moderns,NIL,MISC,Q267863,quarrel of the Ancients and the Moderns,"```json { ""wikipedia_page"": ""quarrel of the Ancients and the Moderns"", ""wikidata_id"": ""Q267863"" } ```",14.712231636047363
document_000144.html,0,15,Mr. Kalkbrenner,Q170270,PER,Q372718,Christian Kalkbrenner,,0
document_000145.html,55,60,Pagin,Q516496,PER,Q3107298,Giovanni Pagani,"```json {""wikipedia_page"": ""Giovanni Pagani"", ""wikidata_id"": ""Q3107298""} ```",18.21454620361328
document_000145.html,93,103,Van Malder,Q509130,PER,Q2690643,Joannes Malderus,,0
document_000145.html,105,121,Dominico Ferrari,Q1237139,PER,Q70869606,Domingo Ferrari,,0
document_000145.html,81,91,Gi- ardini,NIL,PER,Q3767354,Giovanni Gherardini,"```json {""wikipedia_page"":""Giovanni Gherardini"", ""wikidata_id"":""Q3767354""} ```",15.788761138916016
document_000151.html,58,75,trio of the Fates,NIL,MISC,Q180287,Moirae,"```json {""wikipedia_page"":""Moirae"", ""wikidata_id"":""Q180287""} ```",16.627429962158203
document_000155.html,33,46,Mr. H. Keeton,Q1438256,PER,NIL,Mr. H. Keeton,"```json {""wikipedia_page"":""NIL"", ""wikidata_id"":""NIL""} ```",0
document_000156.html,19,29,Annie Albu,NIL,PER,Q96279060,Emily Albu,,0
document_000156.html,31,42,Amy Aylward,NIL,PER,Q106688196,Amy Woolard,,0
document_000156.html,44,56,Jessie Jones,NIL,PER,Q21062561,Jesse Joyce,,0
document_000156.html,58,71,Agnes Larkcom,NIL,PER,Q394607,Agnes Nixon,,0
document_000156.html,77,92,Marian Williams,NIL,PER,Q6762287,Marianne Williams,,0
document_000158.html,30,36,Berliz,Q64,LOC,Q523642,Bad Belzig,"```json {""wikipedia_page"":""Bad Belzig"", ""wikidata_id"":""Q523642""} ```",16.700603485107422
document_000159.html,99,110,Mr. Clifton,Q6224338,PER,NIL,Mr. Clifton,"```json {""wikipedia_page"":""NIL"", ""wikidata_id"":""NIL""} ```",0
document_000159.html,143,155,Mr. Banister,NIL,PER,Q3809065,John Bannister,,0
document_000160.html,6,13,Barbaja,Q908235,PER,NIL,Barbaja,"```json {""wikipedia_page"":""NIL"", ""wikidata_id"":""NIL""} ```",0
document_000163.html,0,6,Rachel,NIL,PER,Q23035199,Rachel,"```json {""wikipedia_page"":""Rachel"", ""wikidata_id"":""Q23035199""} ```",14.733991622924805
document_000165.html,0,17,Signor Sabastiani,Q109802688,PER,NIL,Signor Sabastiani,"```json {""wikipedia_page"":""NIL"", ""wikidata_id"":""NIL""} ```",0
document_000169.html,52,82,Charleston Presbyterian Church,NIL,LOC,Q4501931,Cathedral of Saint John the Baptist,,0
document_000170.html,0,8,M. Spohr,Q57226,PER,Q4523467,Myron Schaeffer,,0
document_000170.html,52,67,Pietra @ Albano,NIL,MISC,Q3903808,Pietro d'Abano,"```json {""wikipedia_page"":""Pietro d'Abano"", ""wikidata_id"":""Q3903808""} ```",15.832484245300293
document_000176.html,42,53,Tor di Nona,Q3516772,LOC,Q7825282,Tor di Nona,,0
document_000177.html,0,8,Grazioli,Q1525873,PER,Q4013912,Virgilio Gozzoli,,0
document_000183.html,39,49,John Parry,Q3399352,PER,Q6251987,John Parry Ddall,,0
document_000184.html,39,53,Trinity Chapel,Q7842633,LOC,Q866896,Trinity Church,,0
document_000186.html,49,59,Dr. Bridge,Q5497415,PER,Q925991,Robert Bridges,"```json {""wikipedia_page"":""Robert Bridges"", ""wikidata_id"":""Q925991""} ```",10.910428047180176
document_000187.html,120,125,psalm,Q41064,MISC,Q12497663,psalm,"```json {""wikipedia_page"":""psalm"", ""wikidata_id"":""Q12497663""} ```",19.511425018310547
document_000188.html,0,25,The Societa Filodramatica,NIL,ORG,Q3982023,Teatro La Fiaba,,0
document_000189.html,66,85,Mademoiselle Sontag,Q64098,PER,Q1418586,Franziska Sontag,"```json {""wikipedia_page"":""Franziska Sontag"", ""wikidata_id"":""Q1418586""} ```",16.255266189575195
document_000190.html,73,81,Caffiaux,NIL,PER,Q55585567,Henri Caffiaux,"```json {""wikipedia_page"":""Henri Caffiaux"", ""wikidata_id"":""Q55585567""} ```",17.498207092285156
document_000191.html,4,16,Philharmonic,NIL,ORG,Q1364157,philharmonic society,"```json {""wikipedia_page"": ""philharmonic society"", ""wikidata_id"": ""Q1364157""} ```",14.481759071350098
document_000192.html,0,6,Ramsay,Q654775,PER,Q18731064,"Sir James Ramsay, 10th Baronet",,0
document_000194.html,38,71,National Training School of Music,Q55082727,ORG,Q6970750,National Association of Schools of Music,,0
document_000195.html,50,59,Franconia,Q150907,LOC,Q142,France,,0
document_000198.html,0,9,Dr. Barry,NIL,PER,Q8009301,William Francis Barry,"```json {""wikipedia_page"": ""William Francis Barry"", ""wikidata_id"": ""Q8009301""} ```",11.812464714050293
document_000198.html,170,177,Society,NIL,ORG,Q1292443,Royal Philharmonic Society,"```json {""wikipedia_page"":""Royal Philharmonic Society"", ""wikidata_id"":""Q1292443""} ```",6.500826358795166
document_000201.html,55,60,China,Q148,LOC,Q12060881,Chinese Empire,"```json {""wikipedia_page"":""Chinese Empire"", ""wikidata_id"":""Q12060881""} ```",10.925439834594727
document_000203.html,45,54,Macfarren,Q1374708,PER,Q18954633,Walter Cecil Macfarren,"```json {""wikipedia_page"": ""Walter Cecil Macfarren"", ""wikidata_id"": ""Q18954633""} ```",15.914481163024902
document_000203.html,34,43,S. Glover,NIL,PER,Q16065642,Stephen Glover,"```json {""wikipedia_page"":""Stephen Glover"", ""wikidata_id"":""Q16065642""} ```",20.134172439575195
document_000204.html,59,71,Dr. Sullivan,NIL,PER,Q212692,Arthur Sullivan,"```json { ""wikipedia_page"": ""Arthur Sullivan"", ""wikidata_id"": ""Q212692"" } ```",12.200105667114258
document_000205.html,55,74,Mr. William Laidlaw,Q8014247,PER,Q8009545,William G. Laidlaw,,0
document_000205.html,2,18,Mr. Joseph Skeaf,NIL,PER,Q456527,Mitchell Sharp,,0
document_000205.html,79,95,Mr. T. Armstrong,NIL,PER,Q7787133,Thomas Armstrong,,0
document_000206.html,3,14,In Memoriam,NIL,MISC,Q21998556,In Memoriam,"```json { ""wikipedia_page"": ""In Memoriam"", ""wikidata_id"": ""Q21998556"" } ```",18.65673065185547
document_000209.html,80,97,Maestro del Fante,Q18416097,PER,NIL,Maestro del Fante,"```json {""wikipedia_page"":""NIL"", ""wikidata_id"":""NIL""} ```",0
document_000210.html,62,73,Alfred Shaw,Q3291051,PER,Q2835462,Alfred Shaw,,0
document_000210.html,91,99,Phillips,NIL,PER,Q18671452,Henry Phillips,"```json {""wikipedia_page"":""Henry Phillips"", ""wikidata_id"":""Q18671452""} ```",10.823854446411133
document_000213.html,38,77,Accompanying Harmonies to Psalter Noted,NIL,MISC,Q7852956,Tunes for Archbishop Parker's Psalter,,0
document_000218.html,39,62,Chapel Royal of Prussia,NIL,ORG,Q170119,Berlin Palace,,0
document_000220.html,0,18,Miss Minnie Curtis,NIL,PER,Q6868804,Minnie Gentry,,0
document_000220.html,91,109,Miss Adeline Payel,NIL,PER,Q7123317,Paddie O'Neil,,0
document_000220.html,114,128,Miss Kate Wild,NIL,PER,Q1735713,Kate Vaughan,,0
document_000222.html,48,58,M. Chelard,Q924686,PER,Q313281,Michel Legrand,,0
document_000223.html,0,17,Annie Butterworth,NIL,PER,Q435401,Patricia Wentworth,,0
document_000223.html,19,33,Hannah Edouard,NIL,PER,Q1395828,Henrietta Edwards,,0
document_000223.html,35,52,Marietta Phillips,NIL,PER,Q24004608,Margaret Phillips,,0
document_000223.html,54,65,Marie Duval,NIL,PER,Q6781964,María Duval,,0
document_000223.html,67,85,Mary Jane Williams,NIL,PER,Q6761282,Maria Jane Williams,,0
document_000224.html,0,9,De Begnis,Q3770409,PER,Q3266332,Giuseppina Ronzi de Begnis,"```json {""wikipedia_page"":""Giuseppina Ronzi de Begnis"", ""wikidata_id"":""Q3266332""} ```",11.5210599899292
document_000224.html,40,44,King,Q1155331,LOC,Q6411122,King's Theatre,"```json {""wikipedia_page"":""King's Theatre"", ""wikidata_id"":""Q6411122""} ```",19.040555953979492
document_000224.html,47,54,Theatre,Q1155331,LOC,Q6411122,King's Theatre,"```json {""wikipedia_page"":""King's Theatre"", ""wikidata_id"":""Q6411122""} ```",19.078594207763672
document_000226.html,71,90,Dr. H. J. Gauntlett,Q11925412,PER,Q22742,George Edward Luckman Gauntlett,"```json { ""wikipedia_page"": ""George Edward Luckman Gauntlett"", ""wikidata_id"": ""Q22742"" } ```",15.657262802124023
document_000227.html,99,111,Fanny Steers,Q104234927,PER,Q98937741,Fanny Fields,,0
document_000227.html,7,43,The streams that wind amid the hills,NIL,MISC,Q23307921,Songs from the Mountains,,0
document_000228.html,70,79,Louis XIV,NIL,PER,Q7742,Louis XIV of France,,0
document_000231.html,23,37,Miss Rainforth,Q17355767,PER,NIL,Miss Rainforth,"```json { ""wikipedia_page"": ""NIL"", ""wikidata_id"": ""NIL"" } ```",0
document_000234.html,0,7,Beasley,NIL,PER,Q20995726,Beasley,"```json {""wikipedia_page"":""Beasley"", ""wikidata_id"":""Q20995726""} ```",16.697107315063477
document_000234.html,9,26,Llewellyn Bagnall,NIL,PER,Q57239225,Lemuel Bagnall,,0
document_000234.html,28,45,Alice Mary Curtis,NIL,PER,Q28163092,Marie Curtis,,0
document_000234.html,60,76,Johanna Ludovici,NIL,PER,Q3767598,Giovanni Ludovico della Rovere,,0
document_000235.html,71,88,Pontifical Chapel,NIL,LOC,Q1510907,papal household,"```json { ""wikipedia_page"": ""papal household"", ""wikidata_id"": ""Q1510907"" } ```",17.851055145263672
document_000237.html,0,10,Lord Bacon,Q37388,PER,Q4993242,Ernst Bacon,,0
document_000237.html,21,30,Dr. Brown,NIL,PER,Q313925,Thomas Browne,"```json {""wikipedia_page"":""Thomas Browne"", ""wikidata_id"":""Q313925""} ```",17.048595428466797
document_000238.html,10,37,St. Mary - at - Hill Church,Q7594548,LOC,NIL,St. Mary - at - Hill Church,"```json {""wikipedia_page"":""NIL"", ""wikidata_id"":""NIL""} ```",0
document_000240.html,21,45,Catalogue of Manuscripts,NIL,MISC,Q21561323,NLW General Manuscripts,,0
document_000241.html,39,46,Society,NIL,ORG,Q8425,society,"```json {""wikipedia_page"":""society"", ""wikidata_id"":""Q8425""} ```",9.433866500854492
document_000241.html,84,98,Mr. F. N. Lohr,NIL,PER,Q71334356,Lenox R. Lohr,"```json { ""wikipedia_page"": ""Lenox R. Lohr"", ""wikidata_id"": ""Q71334356"" } ```",15.561163902282715
document_000242.html,37,51,theatre Favart,Q872222,LOC,Q47419907,Salle Favart,"```json {""wikipedia_page"": ""Salle Favart"", ""wikidata_id"": ""Q47419907""} ```",18.417098999023438
document_000246.html,58,66,Abesford,NIL,LOC,Q2853591,Aberford,"```json {""wikipedia_page"":""Aberford"", ""wikidata_id"":""Q2853591""} ```",16.069595336914062
document_000248.html,4,8,York,Q42462,LOC,Q163,Yorkshire,,0
document_000248.html,22,29,meeting,NIl,MISC,Q2761147,meeting,,0
document_000249.html,2,26,Mrs. Mounsey Bartholomew,Q4766585,PER,Q20732676,Fanny Mary Katherine Bulkeley-Owen,,0
document_000249.html,39,47,H. Smart,Q466189,PER,Q19985330,Herbert Smart,,0
document_000249.html,66,81,Brinley Richard,Q4850963,PER,Q4968451,Brinley Richards,,0
document_000249.html,28,37,J. Barnby,NIL,PER,Q5566022,Joseph Barnby,,0
document_000250.html,0,6,Sontag,Q64098,PER,Q339259,Carl Sontag,"```json {""wikipedia_page"":""Carl Sontag"", ""wikidata_id"":""Q339259""} ```",13.127793312072754
document_000250.html,26,34,Brussels,Q9005,LOC,Q240,Brussels-Capital Region,,0
document_000253.html,29,45,Lord Chamberlain,Q541755,PER,Q1355456,Lord Chamberlain,"```json {""wikipedia_page"":""Lord Chamberlain"", ""wikidata_id"":""Q1355456""} ```",17.430315017700195
document_000253.html,8,17,Mr. Hawes,NIL,PER,Q4888797,Benjamin Hawes,"```json {""wikipedia_page"":""Benjamin Hawes"", ""wikidata_id"":""Q4888797""} ```",16.367393493652344
document_000254.html,0,10,Mr. Linley,Q5541748,PER,Q15458660,William Linley,,0
document_000256.html,36,46,Sir Sidney,NIL,PER,Q15990291,Sidney Smythe,"```json {""wikipedia_page"":""Smythe family"", ""wikidata_id"":""Q15990291""} ```",17.83823013305664
document_000257.html,4,39,London Gregorian Choral Association,NIL,ORG,Q6670826,London Symphony Chorus,,0
document_000259.html,64,98,National Training School for Music,Q55082727,ORG,Q2468726,National Association for Music Education,"```json {""wikipedia_page"":""National Association for Music Education"", ""wikidata_id"":""Q2468726""} ```",17.455280303955078
document_000260.html,0,5,Grisi,Q287344,PER,Q3775986,Grazia Gresi,"```json {""wikipedia_page"":""Grazia Gresi"", ""wikidata_id"":""Q3775986""} ```",8.900565147399902
document_000261.html,12,23,John Dobson,NIL,PER,Q6229555,John Dobson,,0
document_000262.html,67,83,Societa Armonica,NIL,ORG,Q4793674,Armonico Consort,"```json {""wikipedia_page"":""Armonico Consort"", ""wikidata_id"":""Q4793674""} ```",17.317113876342773
document_000263.html,0,7,Tauride,NIL,MISC,Q687822,Iphigénie en Tauride,"```json {""wikipedia_page"":""Iphigénie en Tauride"", ""wikidata_id"":""Q687822""} ```",12.82153606414795
document_000267.html,42,62,CHARLES JOSEPH FROST,Q94766323,PER,Q47183844,,,0
document_000267.html,0,27,A COLLECTION OF ORGAN PIECE,NIL,MISC,Q6600418,list of compositions for organ,"```json {""wikipedia_page"":""list of compositions for organ"",""wikidata_id"":""Q6600418""} ```",13.901309967041016
document_000268.html,0,26,A Word or Two on the Flute,NIL,MISC,Q17105474,Flute method,"```json {""wikipedia_page"":""Flute method"", ""wikidata_id"":""Q17105474""} ```",16.940107345581055
document_000268.html,31,42,N. W. James,NIL,PER,Q3778541,Nicholas Williams,,0
document_000270.html,55,69,Miss E. Taylor,NIL,PER,Q4982177,Irene Taylor,,0
document_000270.html,71,87,Mrs. Littlehales,NIL,PER,Q29602103,Littlehales,"```json { ""wikipedia_page"": ""Littlehales"", ""wikidata_id"": ""Q29602103"" } ```",17.814327239990234
document_000272.html,13,30,Ciro riconosciuto,Q18325000,MISC,NIL,Ciro riconosciuto,"```json {""wikipedia_page"":""NIL"", ""wikidata_id"":""NIL""} ```",0
document_000280.html,40,61,Chevalier de Lorraine,Q916954,PER,NIL,Chevalier de Lorraine,"```json {""wikipedia_page"":""NIL"", ""wikidata_id"":""NIL""} ```",0
document_000281.html,51,60,Schneider,Q213906,PER,Q50256365,Conrad Michael Schneider,"```json { ""wikipedia_page"": ""Conrad Michael Schneider"", ""wikidata_id"": ""Q50256365"" } ```",8.206417083740234
document_000282.html,0,5,Ferri,Q804749,PER,Q3742594,Ferdinando Ferri,"```json {""wikipedia_page"":""Ferdinando Ferri"", ""wikidata_id"":""Q3742594""} ```",19.008268356323242
document_000283.html,0,18,Symphony in E flat,NIL,MISC,Q7661672,Symphony in E flat,"```json { ""wikipedia_page"": ""Symphony in E flat"", ""wikidata_id"": ""Q7661672"" } ```",14.165882110595703
document_000284.html,22,37,Madame Caradori,Q16065895,PER,NIL,Madame Caradori,"```json {""wikipedia_page"": ""NIL"", ""wikidata_id"": ""NIL""} ```",0
document_000284.html,42,64,Mademoiselle Brambilla,Q3847905,PER,Q3984276,Teresa Brambilla,"```json {""wikipedia_page"":""Teresa Brambilla"", ""wikidata_id"":""Q3984276""} ```",17.216575622558594
document_000284.html,80,95,Signors Curioni,Q87346693,PER,NIL,Signors Curioni,"```json {""wikipedia_page"":""NIL"", ""wikidata_id"":""NIL""} ```",0
document_000284.html,97,107,Pellegrini,NIL,PER,Q18402652,Julius Pellegrini,"```json {""wikipedia_page"":""Julius Pellegrini"", ""wikidata_id"":""Q18402652""} ```",12.070368766784668
document_000287.html,84,99,Rev. Mr. Liston,Q5724966,PER,Q6244960,John Liston,"```json {""wikipedia_page"":""John Liston"", ""wikidata_id"":""Q6244960""} ```",10.8936767578125
document_000290.html,36,47,the Passion,Q237382,MISC,Q3368390,Passions,"```json { ""wikipedia_page"": ""Passions"", ""wikidata_id"": ""Q3368390"" } ```",9.879060745239258
document_000291.html,0,6,Varesi,Q102075928,PER,Q6285,Varese,,0
document_000292.html,52,57,Rebel,NIL,PER,Q954589,Jean-Féry Rebel,"```json {""wikipedia_page"":""Jean-Féry Rebel"", ""wikidata_id"":""Q954589""} ```",14.324859619140625
document_000294.html,30,46,Miss Edith Wynne,Q7422270,PER,Q19897870,Eithne Ní Uallacháin,,0
document_000295.html,93,102,Spectator,Q1790750,ORG,Q581322,The Spectator,"```json {""wikipedia_page"":""The Spectator"", ""wikidata_id"":""Q581322""} ```",12.734793663024902
document_000296.html,0,11,Antoine Law,NIL,PER,Q4775413,Antoine-Laurent Baudron,"```json {""wikipedia_page"":""Antoine-Laurent Baudron"", ""wikidata_id"":""Q4775413""} ```",9.419045448303223
document_000297.html,46,56,Mr. Cowper,Q315537,PER,Q9250802,Edward Cowper,"```json { ""wikipedia_page"": ""Edward Cowper"", ""wikidata_id"": ""Q9250802"" } ```",15.733241081237793
document_000298.html,0,12,Mr. J. Wylde,NIL,PER,Q6265019,John Wylde,,0
document_000301.html,2,8,Jodran,NIL,PER,Q3765182,Giordano d'Anglano,"```json {""wikipedia_page"":""Giordano d'Anglano"", ""wikidata_id"":""Q3765182""} ```",16.709754943847656
document_000301.html,50,57,Soretti,NIL,PER,Q3946228,Salvatore Sorrenti,"```json {""wikipedia_page"":""Salvatore Sorrenti"", ""wikidata_id"":""Q3946228""} ```",15.378042221069336
document_000306.html,35,44,M. Simard,NIL,PER,Q1930683,Michel Chamillart,,0
document_000308.html,65,77,Allan Ramsay,Q654775,PER,Q449460,Allan Ramsay,,0
document_000309.html,49,69,Dr. Clarke Whitfield,Q6226247,PER,Q60542719,Charles Richard Whitfield,,0
document_000310.html,23,32,Miss Wood,NIL,PER,Q5209784,Daisy Wood,"```json {""wikipedia_page"":""Daisy Wood"", ""wikidata_id"":""Q5209784""} ```",12.198606491088867
document_000314.html,0,22,Gehring Jean Guillaume,NIL,PER,Q94282400,Johann Wilhelm Gehring,,0
document_000316.html,74,92,Her Royal Highness,Q61328,PER,Q1252328,Royal Highness,,0
document_000316.html,93,117,the Duchess of Cambridge,NIL,PER,Q152239,Queen Camilla,,0
document_000319.html,17,29,Boyton Smith,Q110136517,PER,Q111823005,Bolton Smith,,0
document_000319.html,31,43,E. H. Thorne,Q5345615,PER,Q5379335,Enoch Thorne,,0
document_000319.html,86,97,John Hullah,Q6253603,PER,Q7151419,Paul Hullah,,0
document_000319.html,59,74,E. M. Delaborde,NIL,PER,Q4157016,Élie-Miriam Delaborde,,0
document_000319.html,76,84,E. Silas,NIL,PER,Q21457521,Ellis Silas,,0
document_000319.html,99,111,E. H. Turpin,NIL,PER,Q5339543,Edmund Hart Turpin,,0
document_000319.html,113,123,Franz Nava,NIL,PER,Q108000781,Francesco Nava,,0
document_000319.html,142,157,C. W. Lavington,NIL,PER,Q5126801,Clarence W. Wigington,,0
document_000319.html,159,175,J. E. Richardson,NIL,PER,Q22019296,J. Edward Richardson,,0
document_000319.html,177,192,R. Forsey Brion,NIL,PER,Q4974054,Bronson Ray,,0
document_000319.html,198,209,J. Tilleard,NIL,PER,Q3180892,John Alexander Tilleard,,0
document_000320.html,0,17,The Boylston Clab,NIL,ORG,Q10376659,Tea Club and Barrovian Society,,0
document_000321.html,48,69,conservatory of Peris,Q463055,ORG,NIL,conservatory of Peris,"```json {""wikipedia_page"":""NIL"", ""wikidata_id"":""NIL""} ```",0
document_000323.html,46,74,Prince de la Tour d’Auvergne,Q3132295,PER,NIL,Prince de la Tour d’Auvergne,"```json {""wikipedia_page"":""NIL"", ""wikidata_id"":""NIL""} ```",0
document_000323.html,80,98,Dake of Manchester,Q860041,PER,Q302545,Duke of Manchester,"```json { ""wikipedia_page"": ""Duke of Manchester"", ""wikidata_id"": ""Q302545"" } ```",14.00118637084961
document_000327.html,7,16,C. Morgan,NIL,PER,Q1129523,C. Lloyd Morgan,,0
document_000329.html,69,97,Kidderminster Choral Society,NIL,ORG,Q5170684,Corinthian Chamber Orchestra,,0
document_000333.html,4,21,Fitzwilliam Music,Q1421448,MISC,Q1421440,Fitzwilliam Museum,"```json {""wikipedia_page"": ""Fitzwilliam Museum"", ""wikidata_id"": ""Q1421440""} ```",18.736820220947266
document_000338.html,43,55,M. Tolbeeque,Q2871419,PER,Q65953188,Tom Verbeke,,0
document_000341.html,85,97,H. Stanbrook,NIL,PER,Q16867081,Stanbrook,"```json {""wikipedia_page"":""Stanbrook"", ""wikidata_id"":""Q16867081""} ```",18.057113647460938
document_000344.html,160,171,Lord Dudley,Q8019995,PER,Q335388,"William Ward, 2nd Earl of Dudley","```json { ""wikipedia_page"": ""William Ward, 2nd Earl of Dudley"", ""wikidata_id"": ""Q335388"" } ```",16.230419158935547
document_000348.html,44,57,Covent Garden,Q55018,LOC,Q55019,Covent Garden,,0
document_000348.html,61,71,Drury Lane,Q1756626,LOC,Q1261392,Drury Lane,,0
document_000349.html,13,35,G. and W. B. Whittaker,Q19862364,ORG,Q5537524,George Byrom Whittaker,,0
document_000349.html,57,73,Clementi and Co.,NIL,ORG,Q19372303,Clementi & Company,"```json {""wikipedia_page"": ""Clementi & Company"", ""wikidata_id"": ""Q19372303""} ```",15.112162590026855
document_000351.html,0,13,Dr. Harington,Q18671401,PER,NIL,Dr. Harington,"```json {""wikipedia_page"":""NIL"", ""wikidata_id"":""NIL""} ```",0
document_000353.html,48,57,Helmstadt,Q504431,LOC,Q314466,University of Helmstedt,"```json { ""wikipedia_page"": ""University of Helmstedt"", ""wikidata_id"": ""Q314466"" } ```",17.109514236450195
document_000355.html,83,99,Academy of Music,Q4671497,ORG,Q28469887,music academy,"```json { ""wikipedia_page"": ""music academy"", ""wikidata_id"": ""Q28469887"" } ```",15.513376235961914
document_000356.html,0,26,The Merry Wives of Windsor,NIL,MISC,Q844836,The Merry Wives of Windsor,,0
document_000357.html,27,36,Shakspere,Shakspere,PER,Q692,William Shakespeare,,0
document_000358.html,154,168,Signer -Monari,Q3680460,PER,Q983061,Luciano Monari,"```json {""wikipedia_page"":""Luciano Monari"", ""wikidata_id"":""Q983061""} ```",11.068629264831543
document_000365.html,4,21,Duke of Edinburgh,Q158143,PER,Q80976,"Prince Philip, Duke of Edinburgh",,0
document_000366.html,105,112,Bennett,Q201164,PER,NIL,Bennett,"```json {""wikipedia_page"":""NIL"", ""wikidata_id"":""NIL""} ```",0
document_000371.html,51,61,Rubinstein,Q87567,PER,Q183182,Arthur Rubinstein,,0
document_000377.html,23,41,Duke of Cumberland,Q162302,PER,Q378088,"Prince William, Duke of Cumberland",,0
document_000378.html,37,50,Archbishop of,Q3048710,PER,Q29282,Archbishop of Canterbury,"```json {""wikipedia_page"":""Archbishop of Canterbury"", ""wikidata_id"":""Q29282""} ```",13.215337753295898
document_000378.html,51,55,York,Q42462,LOC,Q252575,York Minster,"```json {""wikipedia_page"":""York Minster"", ""wikidata_id"":""Q252575""} ```",16.724580764770508
document_000379.html,0,16,Mr. H. W. George,NIL,PER,Q44720690,William Wellesley,,0
document_000382.html,29,35,Gnecco,Q1121021,PER,Q3770700,Giuseppe Gnecco,"```json {""wikipedia_page"":""Giuseppe Gnecco"", ""wikidata_id"":""Q3770700""} ```",17.91890525817871
document_000387.html,85,110,Journal of Professor Voss,NIL,ORG,Q16850894,"Journal of Natural Philosophy, Chemistry, and the Arts","```json {""wikipedia_page"":""Journal of Natural Philosophy, Chemistry, and the Arts"", ""wikidata_id"":""Q16850894""} ```",19.283811569213867
document_000389.html,0,37,Variations on a favourite Russian Air,NIL,MISC,Q6631743,list of operas by Weber,"```json {""wikipedia_page"":""list of operas by Weber"", ""wikidata_id"":""Q6631743""} ```",17.044921875
document_000389.html,59,78,Brilliant Polonaise,NIL,MISC,Q107732457,Polacca brillante,"```json {""wikipedia_page"":""Polacca brillante"", ""wikidata_id"":""Q107732457""} ```",19.117237091064453
document_000390.html,112,119,Bristol,Q23154,LOC,NIL,Bristol,"```json {""wikipedia_page"":""NIL"", ""wikidata_id"":""NIL""} ```",0
document_000393.html,0,13,National Hymn,Q40807,MISC,Q23691,national anthem,,0
document_000393.html,61,76,Prince of Wales,Q20875,PER,Q180729,Prince of Wales,"```json { ""wikipedia_page"": ""Prince of Wales"", ""wikidata_id"": ""Q180729"" } ```",19.935894012451172
document_000394.html,27,43,Achille in Sciro,Q18280239,MISC,Q8202887,Achille in Sciro,,0
document_000394.html,2,17,Amore in Musica,NIL,MISC,Q11930179,L'amore in musica,,0
document_000394.html,53,76,L’Ingannatore ingannato,NIL,MISC,Q585313,Il fortunato inganno,,0
document_000394.html,86,97,J Olympiade,NIL,MISC,Q785528,L'Olimpiade,"```json {""wikipedia_page"":""L'Olimpiade"", ""wikidata_id"":""Q785528""} ```",17.534446716308594
document_000395.html,14,21,Clifton,Q2376216,LOC,Q5133138,Clifton,,0
document_000395.html,46,60,Mr. Millington,NIL,PER,Q6248823,John Millington,"```json { ""wikipedia_page"": ""John Millington"", ""wikidata_id"": ""Q6248823"" } ```",13.619876861572266
document_000396.html,87,92,Baden,Q4100,LOC,Q6877935,Baden,,0
document_000396.html,18,35,Catl August Weber,NIL,PER,Q154812,Carl Maria von Weber,,0
document_000397.html,0,9,Dr. Sponr,Q57226,PER,NIL,Dr. Sponr,"```json { ""wikipedia_page"": ""NIL"", ""wikidata_id"": ""NIL"" } ```",0
document_000398.html,151,165,Der Freischutz,Q156435,MISC,Q672789,Freischütz,"```json { ""wikipedia_page"": ""Freischütz"", ""wikidata_id"": ""Q672789"" } ```",13.84812068939209
document_000400.html,21,30,Canticles,Q51670,MISC,Q1033831,canticle,,0
document_000400.html,48,72,His Grace the Archbishop,Q377308,PER,Q49476,archbishop,"```json {""wikipedia_page"":""archbishop"", ""wikidata_id"":""Q49476""} ```",13.321117401123047
document_000402.html,79,92,Musical World,Q115925788,MISC,NIL,Musical World,"```json {""wikipedia_page"":""NIL"", ""wikidata_id"":""NIL""} ```",0
document_000403.html,172,183,M. Quaranta,NIL,PER,Q112471292,Felice Quaranta,,0
document_000403.html,196,204,M. Eroff,NIL,PER,Q28099879,Arno Erfurth,"```json {""wikipedia_page"":""Arno Erfurth"", ""wikidata_id"":""Q28099879""} ```",16.607410430908203
document_000403.html,220,230,M. Fontana,NIL,PER,Q3738032,Fabrizio Fontana,"```json {""wikipedia_page"":""Fabrizio Fontana"", ""wikidata_id"":""Q3738032""} ```",18.334503173828125
document_000404.html,23,33,Magnificat,NIL,MISC,Q200809,Magnificat,,0
document_000405.html,0,13,Mr. Kiallmark,Q18671297,PER,Q88858607,Harry Källmark,"```json {""wikipedia_page"":""Harry Källmark"", ""wikidata_id"":""Q88858607""} ```",17.669023513793945
document_000406.html,75,93,Salle des Concerts,NIL,LOC,Q3469854,,,0
document_000406.html,95,108,Rue Siblequin,NIL,LOC,Q28952369,rue Boulbonne,,0
document_000406.html,117,142,Sociélé Philharmonique de,NIL,ORG,Q98704304,Société académique du Boulonnais,"```json {""wikipedia_page"":""Société académique du Boulonnais"", ""wikidata_id"":""Q98704304""} ```",18.629257202148438
document_000410.html,16,29,Francis Fowke,NIL,PER,Q3378439,Francis Fowke,,0
document_000410.html,39,51,Sir W. Jones,NIL,PER,Q273969,William Jones,"```json { ""wikipedia_page"": ""William Jones"", ""wikidata_id"": ""Q273969"" } ```",19.82093048095703
document_000412.html,2,15,Le Colporteur,NIL,MISC,Q848466,courier,"```json {""wikipedia_page"":""courier"", ""wikidata_id"":""Q848466""} ```",12.603484153747559
document_000413.html,66,80,Portland Hotel,NIL,LOC,Q7231953,Portland Hotel,,0
document_000414.html,63,67,Hall,NIL,LOC,Q940462,music hall,"```json {""wikipedia_page"": ""music hall"", ""wikidata_id"": ""Q940462""} ```",7.4549407958984375
document_000417.html,31,38,America,Q30,LOC,Q828,Americas,,0
document_000418.html,47,55,New Hall,NIL,LOC,Q5329825,Eastbourne Theatres,,0
document_000418.html,71,104,Devonshire Park and Baths Company,NIL,ORG,Q5267874,Devonshire Park Theatre,,0
document_000418.html,138,150,Skating Rink,NIL,LOC,Q1282870,ice rink,"```json { ""wikipedia_page"": ""ice rink"", ""wikidata_id"": ""Q1282870"" } ```",20.222917556762695
document_000419.html,61,76,Vernon - street,NIL,LOC,Q14997139,Berners Street,"```json {""wikipedia_page"":""Berners Street"", ""wikidata_id"":""Q14997139""} ```",12.73155403137207
document_000420.html,0,8,The Glee,NIL,MISC,Q663979,glee,"```json {""wikipedia_page"":""glee"", ""wikidata_id"":""Q663979""} ```",21.386573791503906
document_000420.html,10,24,the Elf - King,NIL,MISC,Q17639887,The King of the Fairies,"```json {""wikipedia_page"":""The King of the Fairies"", ""wikidata_id"":""Q17639887""} ```",14.705945014953613
document_000421.html,98,106,Mestrino,Q1984708,PER,Q34457,Mestrino,"```json { ""wikipedia_page"":""Mestrino"", ""wikidata_id"":""Q34457"" } ```",15.358477592468262
document_000421.html,65,78,Melographicon,NIL,MISC,Q6813515,melograph,"```json {""wikipedia_page"":""melograph"", ""wikidata_id"":""Q6813515""} ```",14.979496002197266
document_000424.html,87,104,chapel of Loretto,Q654996,LOC,Q3687246,Conservatorio di S. Maria di Loreto,"```json {""wikipedia_page"":""Conservatorio di S. Maria di Loreto"", ""wikidata_id"":""Q3687246""} ```",13.210501670837402
document_000427.html,49,60,Mr. Novello,Q2526705,PER,NIL,Mr. Novello,"```json {""wikipedia_page"":""NIL"", ""wikidata_id"":""NIL""} ```",0
document_000428.html,36,41,York.,Q1984708,LOC,Q60,New York City,"```json {""wikipedia_page"":""New York City"", ""wikidata_id"":""Q60""} ```",19.521501541137695
document_000428.html,3,15,J. L. Peters,NIL,PER,Q1358609,James Lee Peters,,0
document_000428.html,32,35,New,New,LOC,Q60,New York City,,0
document_000430.html,46,64,Duke of Cumberland,Q162302,PER,Q378088,"Prince William, Duke of Cumberland",,0
document_000432.html,0,13,M. Le- vassor,Q3385954,PER,Q379992,Mikel Laboa,,0
document_000440.html,41,62,Mass for Eight Voices,Q723790,MISC,Q114243516,Missa primi toni octo vocum,"```json {""wikipedia_page"":""Missa primi toni octo vocum"", ""wikidata_id"":""Q114243516""} ```",16.56244659423828
document_000441.html,69,89,M. W. P. de C. Vrugt,NIL,PER,Q15884027,Willem Pasques de Chavonnes Vrugt,,0
document_000441.html,111,120,M. Lafont,NIL,PER,Q517502,Charles Philippe Lafont,,0
document_000442.html,39,54,British Schools,NIL,ORG,Q4971021,British Schools Museum,"```json { ""wikipedia_page"": ""British Schools Museum"", ""wikidata_id"": ""Q4971021"" } ```",14.293635368347168
document_000443.html,59,66,Denmark,Q35,LOC,Q756617,Kingdom of Denmark,"```json {""wikipedia_page"":""Kingdom of Denmark"", ""wikidata_id"":""Q756617""} ```",16.64569854736328
document_000443.html,0,7,Steiner,NIL,PER,Q55395839,Johann Martin Steiner,"```json {""wikipedia_page"":""Johann Martin Steiner"", ""wikidata_id"":""Q55395839""} ```",14.441186904907227
document_000444.html,0,37,Three Easy Duets for Two Violoncellos,NIL,MISC,Q3540025,,,0
document_000446.html,8,18,Magnificat,NIL,MISC,Q200809,Magnificat,,0
document_000446.html,23,36,Nunc dimittis,NIL,MISC,Q725548,Nunc dimittis,,0
document_000447.html,29,30,T,NIL,PER,Q1165897,you,"```json {""wikipedia_page"": ""you"", ""wikidata_id"": ""Q1165897""} ```",5.290266513824463
document_000448.html,0,9,Battimore,Q5092,LOC,Q210077,baptistery,,0
document_000450.html,8,21,H. C. Sturton,NIL,PER,Q17554908,Church of Saint Stephen,,0
document_000450.html,72,93,Morden College Chapel,NIL,LOC,Q6910808,Morden College,,0
document_000451.html,124,144,Prince of Swartzburg,Q832878,PER,Q630163,Schwarzburg-Sondershausen,"```json { ""wikipedia_page"": ""Schwarzburg-Sondershausen"", ""wikidata_id"": ""Q630163"" } ```",11.207802772521973
document_000453.html,109,117,St. Mark,Q172988,LOC,Q31966,Mark the Evangelist,,0
document_000455.html,44,67,Memoir of Central India,NIL,MISC,Q1700959,John Malcolm,,0
document_000457.html,0,14,Miss Rainforth,Q17355767,PER,NIL,Miss Rainforth,"```json {""wikipedia_page"":""NIL"", ""wikidata_id"":""NIL""} ```",0
document_000457.html,47,59,Mr. Phillips,NIL,PER,Q16741841,"Sir George Philips, 1st Baronet","```json { ""wikipedia_page"": ""Sir George Philips, 1st Baronet"", ""wikidata_id"": ""Q16741841"" } ```",5.421894073486328
document_000458.html,111,132,La Gloria degli amori,NIL,MISC,Q6455944,L'honestà negli amori,,0
document_000458.html,136,143,Eraelea,NIL,MISC,Q47986,Eraclea,"```json { ""wikipedia_page"":""Eraclea"", ""wikidata_id"":""Q47986"" } ```",16.89815330505371
document_000459.html,78,87,C. Wilson,NIL,PER,Q162900,Charles Thomson Rees Wilson,"```json {""wikipedia_page"":""Charles Thomson Rees Wilson"", ""wikidata_id"":""Q162900""} ```",13.123930931091309
document_000461.html,26,36,MISS DOLBY,Q4164386,PER,NIL,MISS DOLBY,"```json {""wikipedia_page"":""NIL"", ""wikidata_id"":""NIL""} ```",0
document_000461.html,41,68,FELIX MENDELLSOAN BARTHOLDY,Q46096,PER,Q4882377,Belford Hendricks,,0
document_000466.html,56,62,Prowse,Q16988845,ORG,Q21492194,Prowse,"```json { ""wikipedia_page"": ""Prowse"", ""wikidata_id"": ""Q21492194"" } ```",14.92895793914795
document_000466.html,114,146,Choruses in the Messiah as Duets,NIL,MISC,Q7625106,Structure of Handel's Messiah,"```json {""wikipedia_page"":""Structure of Handel's Messiah"", ""wikidata_id"":""Q7625106""} ```",19.186195373535156
document_000467.html,32,42,Miss Paton,Q16888398,PER,NIL,Miss Paton,"```json {""wikipedia_page"":""NIL"", ""wikidata_id"":""NIL""} ```",0
document_000467.html,77,99,Mademoiselle Brambilla,Q3984276,PER,Q18924955,Giuseppina Brambilla,"```json {""wikipedia_page"": ""Giuseppina Brambilla"", ""wikidata_id"": ""Q18924955""} ```",10.458425521850586
document_000469.html,46,62,Jupiter Symphony,Q232367,MISC,Q261090,Symphony No. 7,,0
document_000470.html,56,70,Mrs. Moscheles,Q159551,PER,NIL,Mrs. Moscheles,"```json {""wikipedia_page"":""NIL"", ""wikidata_id"":""NIL""} ```",0
document_000471.html,93,131,His Royal Highness the Prince of Wales,Q20875,PER,Q180729,Prince of Wales,"```json {""wikipedia_page"":""Prince of Wales"", ""wikidata_id"":""Q180729""} ```",20.699951171875
document_000471.html,20,44,South Wales Choral Union,NIL,ORG,Q65088714,Hallé Choir,,0
document_000473.html,2,18,Pastoral Cantata,NIL,MISC,Q174873,cantata,"```json { ""wikipedia_page"":""cantata"", ""wikidata_id"":""Q174873"" } ```",15.960823059082031
document_000473.html,46,63,FREDERICK BaLpwin,NIL,PER,Q4570160,Elijah Coleman Bridgman,,0
document_000474.html,31,42,Miss Little,NIL,PER,Q2662350,Little Women,"```json { ""wikipedia_page"": ""Little Women"", ""wikidata_id"": ""Q2662350"" } ```",12.628259658813477
document_000475.html,33,47,O Cara Memoria,NIL,MISC,Q24886926,Dear Old Pal of Mine,,0
document_000475.html,53,64,Jerome Paer,NIL,PER,Q533022,Ferdinando Paer,,0
document_000476.html,0,7,Clifton,NIL,PER,Q6224338,John Charles Clifton,"```json { ""wikipedia_page"": ""John Charles Clifton"", ""wikidata_id"": ""Q6224338"" } ```",19.835718154907227
document_000476.html,33,39,Coccia,NIL,PER,Q6631717,list of operas by Coccia,"```json {""wikipedia_page"":""list of operas by Coccia"", ""wikidata_id"":""Q6631717""} ```",13.841791152954102
document_000476.html,42,45,Ero,NIL,MISC,Q6631717,list of operas by Coccia,"```json {""wikipedia_page"": ""list of operas by Coccia"", ""wikidata_id"": ""Q6631717""} ```",13.1014404296875
document_000477.html,201,214,Jubel Cantata,NIL,MISC,Q11588579,,,0
document_000478.html,0,6,Gloria,NIL,MISC,Q211979,Gloria in excelsis Deo,"```json {""wikipedia_page"":""Gloria in excelsis Deo"", ""wikidata_id"":""Q211979""} ```",16.499605178833008
document_000478.html,7,9,in,NIL,MISC,Q211979,Gloria in excelsis Deo,"```json {""wikipedia_page"":""Gloria in excelsis Deo"", ""wikidata_id"":""Q211979""} ```",11.069070816040039
document_000478.html,60,74,Mass Fantasias,NIL,MISC,Q18207128,"Mozart's Twelfth Mass, K. Anh. 232","```json { ""wikipedia_page"": ""Mozart's Twelfth Mass, K. Anh. 232"", ""wikidata_id"": ""Q18207128"" } ```",17.648244857788086
document_000481.html,22,36,Mrs. Batchelor,NIL,PER,Q5073373,Chappell Batchelor,,0
document_000481.html,38,54,Miss E. Thompson,NIL,PER,Q15429972,Alfred Thompson,,0
document_000481.html,64,75,G. Eagleton,NIL,PER,Q23041499,Granville George Algernon Egerton,,0
document_000481.html,77,82,Hagan,NIL,PER,Q6238150,John Harvey Gahan,,0
document_000481.html,84,97,F. O. Stevens,NIL,PER,Q5902153,Horace Stevens,,0
document_000481.html,99,105,Wickes,NIL,PER,Q3372427,Paul Wickens,,0
document_000481.html,111,125,Master Moorley,NIL,PER,Q6211440,Joe Morley,,0
document_000483.html,78,91,G. Hargreaves,NIL,PER,Q3127437,Hargreaves Lansdown,,0
document_000483.html,93,109,Knightley Grange,NIL,LOC,Q6422342,"Knightley, Staffordshire",,0
document_000486.html,54,65,Massaniello,Q470773,MISC,Q735619,Masaniello,"```json {""wikipedia_page"":""Masaniello"", ""wikidata_id"":""Q735619""} ```",10.905366897583008
document_000488.html,51,55,City,Q84,LOC,Q23311,City of London,"```json {""wikipedia_page"":""City of London"", ""wikidata_id"":""Q23311""} ```",16.036144256591797
document_000492.html,22,29,M. Amme,NIL,PER,Q295202,AMM,,0
document_000493.html,10,24,Richard Clarke,NIL,PER,Q7324765,Richard Clarke,,0
document_000494.html,68,78,Great Room,NIL,LOC,Q1758330,Betonhalle,"```json { ""wikipedia_page"": ""Betonhalle"", ""wikidata_id"": ""Q1758330"" } ```",15.194120407104492
document_000495.html,0,6,Braham,Q5231664,PER,Q1699393,John Braham,"```json {""wikipedia_page"":""John Braham"", ""wikidata_id"":""Q1699393""} ```",19.327159881591797
document_000496.html,34,52,Sir Fohn Stevenson,Q4442571,PER,Q18335871,George John Stevenson,"```json {""wikipedia_page"":""George John Stevenson"", ""wikidata_id"":""Q18335871""} ```",19.273433685302734
document_000496.html,0,23,The Rose and the Lil ly,NIL,MISC,Q7368024,Rose the Red and White Lily,"```json { ""wikipedia_page"": ""Rose the Red and White Lily"", ""wikidata_id"": ""Q7368024"" } ```",15.661200523376465
document_000498.html,0,14,Walter j. kiey,NIL,PER,Q7965331,Walter Kelley,"```json {""wikipedia_page"":""Walter Kelley"", ""wikidata_id"":""Q7965331""} ```",18.29012107849121
document_000498.html,33,72,Railway Clearing House Musical Society+,NIL,ORG,Q1240510,Railway Clearing House,"```json {""wikipedia_page"":""Railway Clearing House"", ""wikidata_id"":""Q1240510""} ```",17.60935401916504
document_000499.html,89,112,his Majesty the Emperor,Q76555,PER,Q5352166,Emperor of India,"```json { ""wikipedia_page"": ""Emperor of India"", ""wikidata_id"": ""Q5352166"" } ```",6.671955108642578
document_000504.html,4,19,Greek Committee,Q2985590,ORG,NIL,Greek Committee,"```json { ""wikipedia_page"":"""", ""wikidata_id"":""NIL"" } ```",0
document_000505.html,0,7,Eichner,Q473837,PER,NIL,Eichner,"```json {""wikipedia_page"":""NIL"", ""wikidata_id"":""NIL""} ```",0
document_000506.html,0,10,Mr. Cramer,Q455212,PER,Q5492728,Franz Cramer,"```json {""wikipedia_page"": ""Franz Cramer"", ""wikidata_id"": ""Q5492728""} ```",9.002202987670898
document_000507.html,21,29,Angelica,NIL,MISC,Q4762655,Angelica,,0
document_000509.html,54,67,Messrs. Lewis,NIL,PER,Q16932574,Lewis & Co,"```json {""wikipedia_page"":""Lewis & Co"", ""wikidata_id"":""Q16932574""} ```",10.364569664001465
document_000510.html,17,40,Joseph and his Brethren,Q3184458,MISC,Q6288174,Joseph and his Brethren,,0
document_000511.html,60,69,Mr. Pixis,Q571716,PER,NIL,Mr. Pixis,"```json {""wikipedia_page"":""NIL"", ""wikidata_id"":""NIL""} ```",0
document_000514.html,2,19,The Wild Hyacinth,NIL,MISC,Q2570979,Wildwood Flower,,0
document_000514.html,41,56,J. F. Walmisley,NIL,PER,Q18917555,Thomas Forbes Walmisley,,0
document_000516.html,37,50,Thomas Haynes,Q7790528,PER,Q16008391,Thamon Hayes,,0
document_000516.html,0,21,Songs from Fairy Land,NIL,MISC,Q3393169,Poems and Songs of Middle Earth,,0
document_000519.html,4,13,Impromptu,Q7912616,MISC,NIL,Impromptu,"```json {""wikipedia_page"":"""",""wikidata_id"":""NIL""} ```",0
document_000520.html,0,12,Mr. J. Jones,NIL,PER,Q20733525,John Jones,"```json {""wikipedia_page"":""John Jones"", ""wikidata_id"":""Q20733525""} ```",19.620643615722656
document_000523.html,159,167,Hamilton,Q18671568,PER,Q8010753,William Hamilton,"```json {""wikipedia_page"": ""William Hamilton"", ""wikidata_id"": ""Q8010753""} ```",17.031444549560547
document_000523.html,169,176,Thomson,Q5545192,PER,Q555029,James Thomson,"```json { ""wikipedia_page"": ""James Thomson"", ""wikidata_id"": ""Q555029"" } ```",18.1638126373291
document_000523.html,197,205,Macneill,Q5696799,PER,NIL,Macneill,"```json { ""wikipedia_page"":""NIL"", ""wikidata_id"":""NIL"" } ```",0
document_000523.html,188,195,Skinner,NIL,PER,Q6258099,John Skinner,,0
document_000523.html,213,223,Cunningham,NIL,PER,Q2062341,Allan Cunningham,"```json {""wikipedia_page"":""Allan Cunningham"", ""wikidata_id"":""Q2062341""} ```",20.836345672607422
document_000525.html,133,141,Endymion,NIL,MISC,Q5376697,Endymion,"```json {""wikipedia_page"":""Endymion"", ""wikidata_id"":""Q5376697""} ```",18.920150756835938
document_000529.html,0,11,M. Barriere,Q726908,PER,Q81796,J. M. Barrie,,0
document_000533.html,0,8,Schumann,Q7351,PER,NIL,Schumann,"```json {""wikipedia_page"":""NIL"", ""wikidata_id"":""NIL""} ```",0
document_000534.html,97,112,Mount of Olives,Q1087216,MISC,Q205976,Mount of Olives,,0
document_000535.html,48,57,Mr. Parke,Q18757223,PER,NIL,Mr. Parke,"```json {""wikipedia_page"": ""NIL"", ""wikidata_id"": ""NIL""} ```",0
document_000537.html,0,8,Philidor,Q362339,PER,Q203229,François-André Danican Philidor,,0
document_000539.html,0,14,La Prisonniere,NIL,MISC,Q576336,The Captive,,0
document_000539.html,144,162,Theatre Montausier,NIL,LOC,Q3527521,Théâtre Montansier,,0
document_000541.html,33,38,Court,NIL,ORG,Q1134237,royal court,"```json {""wikipedia_page"":""royal court"", ""wikidata_id"":""Q1134237""} ```",14.607065200805664
document_000543.html,25,37,M. Siismayer,Q310518,PER,Q75994,Franz Heinrich Siesmayer,"```json {""wikipedia_page"":""Franz Heinrich Siesmayer"", ""wikidata_id"":""Q75994""} ```",17.50149917602539
document_000543.html,74,83,Breitkopf,Q55902416,PER,Q634246,Breitkopf & Härtel,"```json {""wikipedia_page"":""Breitkopf & Härtel"", ""wikidata_id"":""Q634246""} ```",16.56293487548828
document_000547.html,272,291,Royal Italian Opera,Q55018,ORG,Q785522,Italian opera,,0
document_000547.html,184,203,Italian Opera House,NIL,ORG,Q1050350,Teatro dell'Opera di Roma,,0
document_000553.html,37,47,M. Jullien,Q660539,PER,NIL,M. Jullien,"```json {""wikipedia_page"":""NIL"", ""wikidata_id"":""NIL""} ```",0
document_000557.html,85,111,Academie Royale de Musique,Q283339,ORG,Q2920855,Académie Royale de Musique,,0
document_000558.html,36,46,Mr. Mellor,NIL,PER,Q15990171,"Sir John Mellor, 1st Baronet","```json {""wikipedia_page"":""Sir John Mellor, 1st Baronet"", ""wikidata_id"":""Q15990171""} ```",9.690949440002441
document_000560.html,96,102,Rubini,Q941040,PER,Q3942161,Rubino Rubini,,0
document_000560.html,125,133,Graziani,NIL,PER,Q4121399,Francesco Graziani,,0
document_000560.html,149,156,Mariano,NIL,PER,Q2699367,Giovanni Matteo Mario,"```json {""wikipedia_page"": ""Giovanni Matteo Mario"", ""wikidata_id"": ""Q2699367""} ```",18.99544906616211
document_000569.html,126,142,The Temperaments,NIL,MISC,Q7735046,The Four Temperaments,,0
document_000570.html,80,85,Egypt,Q79,LOC,Q11768,Ancient Egypt,"```json {""wikipedia_page"":""Ancient Egypt"", ""wikidata_id"":""Q11768""} ```",19.012771606445312
document_000572.html,25,32,Feydeau,Q825805,LOC,Q61557606,Salle Feydeau,"```json {""wikipedia_page"":""Salle Feydeau"", ""wikidata_id"":""Q61557606""} ```",16.466215133666992
document_000572.html,105,114,M. Huguot,NIL,PER,Q3287654,Marc-Antoine Huguet,,0
document_000572.html,116,124,Frederic,NIL,PER,Q443012,Frédéric Nicolas Duvernoy,,0
document_000573.html,23,41,Mademoiselle Pasta,Q240963,PER,NIL,Mademoiselle Pasta,"```json {""wikipedia_page"":""NIL"", ""wikidata_id"":""NIL""} ```",0
document_000576.html,17,31,Mr. Carmichael,NIL,PER,Q460662,Hoagy Carmichael,"```json {""wikipedia_page"": ""Hoagy Carmichael"", ""wikidata_id"": ""Q460662""} ```",11.220121383666992
document_000576.html,123,135,Madeline Roe,NIL,PER,Q275276,Madlyn Rhue,,0
document_000578.html,16,22,Stiick,Q2654296,MISC,Q106009157,Jane Stick,"```json {""wikipedia_page"":""Jane Stick"", ""wikidata_id"":""Q106009157""} ```",12.539112091064453
document_000579.html,52,74,City of London College,NIL,ORG,Q193196,University College London,,0
document_000580.html,37,52,Arthur O’ Leary,Q17984779,PER,Q69999548,Arthur A. O'Leary,,0
document_000580.html,69,85,Brinley Richards,Q4850963,PER,Q4968451,Brinley Richards,,0
document_000580.html,0,11,H. R. Eyers,NIL,PER,Q1606473,Henry Ayers,,0
document_000580.html,13,26,Walter Fitton,NIL,PER,Q7965794,Walter Paton,,0
document_000580.html,28,35,S. Kemp,NIL,PER,Q50059261,Sam Kemp,,0
document_000580.html,54,67,Harold Thomas,NIL,PER,Q2662059,Harold Thomas,,0
document_000580.html,107,117,T. Wingham,NIL,PER,Q7795241,Thomas Wingham,,0
document_000583.html,30,48,Yorkshire Amateurs,NIL,ORG,Q8055718,Yorkshire Hussars,,0
document_000586.html,55,62,Telford,NIL,PER,Q380875,Thomas Telford,,0
document_000586.html,67,74,Telford,NIL,PER,Q380875,Thomas Telford,,0
document_000590.html,0,9,Mr. Ebers,Q6231101,PER,Q62765,Georg Ebers,"```json { ""wikipedia_page"": ""Georg Ebers"", ""wikidata_id"": ""Q62765"" } ```",11.9805908203125
document_000593.html,30,37,Cimador,Q3762403,PER,NIL,Cimador,"```json {""wikipedia_page"":""NIL"", ""wikidata_id"":""NIL""} ```",0
document_000596.html,31,45,Trinity Church,Q5886537,LOC,Q59872526,St Stephen's Uniting Church,,0
document_000596.html,0,17,C. Sydney Vinning,NIL,PER,Q6531196,Leslie Vining,,0
document_000596.html,62,80,Leamington College,NIL,ORG,Q7311825,Remington College,,0
document_000598.html,21,30,Valentini,NIL,PER,Q695881,Giovanni Valentini,"```json { ""wikipedia_page"": ""Giovanni Valentini"", ""wikidata_id"": ""Q695881"" } ```",16.87751579284668
document_000598.html,54,59,Cirio,NIL,PER,Q3070443,Cirio,"```json {""wikipedia_page"": ""Cirio"", ""wikidata_id"": ""Q3070443""} ```",10.784554481506348
document_000599.html,0,14,Signor Ganpini,NIL,PER,Q978901,Gil Cuppini,,0
document_000601.html,16,57,Accompanying Harmonies to Brief Directory,NIL,MISC,Q12345830,,,0
document_000603.html,46,54,Phillips,Q18671452,PER,NIL,Phillips,"```json {""wikipedia_page"": ""NIL"", ""wikidata_id"": ""NIL""} ```",0
document_000604.html,12,22,Palestrina,Q243133,LOC,Q179277,Giovanni Pierluigi da Palestrina,"```json {""wikipedia_page"":""Giovanni Pierluigi da Palestrina"", ""wikidata_id"":""Q179277""} ```",15.800556182861328
document_000604.html,69,78,Preeneste,Q243133,LOC,Q2107419,Praeneste,"```json {""wikipedia_page"":""Praeneste"", ""wikidata_id"":""Q2107419""} ```",15.017324447631836
document_000608.html,93,106,Parish Church,NIL,ORG,Q317557,parish church,"```json {""wikipedia_page"":""parish church"", ""wikidata_id"":""Q317557""} ```",16.232154846191406
document_000609.html,59,75,Mr. R. R. Ambler,NIL,PER,Q1785802,Robert Armbruster,,0
document_000609.html,81,90,Mr. Ellis,NIL,PER,Q16030776,Herbert J. Ellis,"```json { ""wikipedia_page"": ""Herbert J. Ellis"", ""wikidata_id"": ""Q16030776"" } ```",13.012876510620117
document_000610.html,72,93,Stabat mater dolorosa,NIL,MISC,Q210080,Stabat Mater,,0
document_000611.html,60,66,Sborgi,NIL,PER,Q32665747,Gasparo Sborgi,"```json {""wikipedia_page"":""Gasparo Sborgi"", ""wikidata_id"":""Q32665747""} ```",15.951067924499512
document_000614.html,42,55,Miss Stephens,Q5052928,PER,Q20634975,Jane Stephens,"```json {""wikipedia_page"":""Jane Stephens"", ""wikidata_id"":""Q20634975""} ```",9.47851276397705
document_000614.html,57,70,Signor Garcia,NIL,PER,Q704645,Manuel García,"```json {""wikipedia_page"":""Manuel García"", ""wikidata_id"":""Q704645""} ```",6.4888916015625
document_000616.html,74,86,W. Eavestaff,NIL,PER,Q18117975,Alfred Westarp,,0
document_000618.html,78,86,Catholic,Q9592,ORG,Q2574384,Catholic liturgy,"```json { ""wikipedia_page"": ""Catholic liturgy"", ""wikidata_id"": ""Q2574384"" } ```",12.548044204711914
document_000620.html,79,96,Licéo Filarmonico,Q368820,ORG,NIL,Licéo Filarmonico,"```json {""wikipedia_page"":""NIL"", ""wikidata_id"":""NIL""} ```",0
document_000622.html,2,13,Dittersdorf,Q78522,PER,Q1235105,Doktor und Apotheker,"```json {""wikipedia_page"": ""Doktor und Apotheker"", ""wikidata_id"": ""Q1235105""} ```",16.915637969970703
document_000628.html,80,87,Bennett,Q201164,PER,Q20797564,William Bennet,"```json {""wikipedia_page"": ""William Bennet"", ""wikidata_id"": ""Q20797564""} ```",18.585269927978516
document_000630.html,91,100,P. Verini,NIL,PER,Q170209,Vincenzo Bellini,,0
document_000634.html,80,91,Mr. Kempton,NIL,PER,Q6137206,James Kempson,"```json { ""wikipedia_page"": ""James Kempson"", ""wikidata_id"": ""Q6137206"" } ```",13.94565486907959
document_000638.html,139,145,Greece,Q41,LOC,Q11772,Ancient Greece,"```json {""wikipedia_page"":""Ancient Greece"", ""wikidata_id"":""Q11772""} ```",17.33378028869629
document_000638.html,150,154,Rome,Q220,LOC,Q1747689,Ancient Rome,"```json {""wikipedia_page"": ""Ancient Rome"", ""wikidata_id"": ""Q1747689""} ```",14.9998197555542
document_000640.html,53,67,Weekes and Co.,NIL,ORG,Q21450971,Weekes,,0
document_000641.html,32,52,Copyright Commission,NIL,ORG,Q5169235,Copyright agency,,0
document_000646.html,0,5,Furno,Q555808,PER,NIL,Furno,"```json {""wikipedia_page"":""NIL"", ""wikidata_id"":""NIL""} ```",0
document_000647.html,54,69,Egmont Overture,Q1156413,MISC,Q15622682,Egmont Overture,"```json {""wikipedia_page"": ""Egmont Overture"", ""wikidata_id"": ""Q15622682""} ```",20.533296585083008
document_000649.html,0,2,B.,NIL,PER,Q1765120,Bachelor of Arts,"```json {""wikipedia_page"":""Bachelor of Arts"", ""wikidata_id"":""Q1765120""} ```",6.507420539855957
document_000649.html,27,29,B.,NIL,PER,Q1765120,Bachelor of Arts,,0
document_000649.html,47,49,B.,NIL,PER,Q1765120,Bachelor of Arts,,0
document_000649.html,4,8,Oxon,NIL,PER,Q34433,University of Oxford,"```json {""wikipedia_page"":""University of Oxford"", ""wikidata_id"":""Q34433""} ```",10.91308307647705
document_000649.html,11,25,W. J. Jennings,NIL,PER,Q110277722,Walter Jennings Jones,,0
document_000649.html,33,45,T. C. Hatton,NIL,PER,Q42291373,T. Alan Hatton,,0
document_000650.html,0,10,C. Gregory,NIL,PER,Q215644,Caspar René Gregory,,0
document_000654.html,30,36,Kéchel,Q78529,PER,Q162478,Köchel catalogue,"```json {""wikipedia_page"":""Köchel catalogue"", ""wikidata_id"":""Q162478""} ```",17.31519317626953
document_000655.html,5,19,Retzel Antoine,NIL,PER,Q1316248,Otto Rethel,"```json {""wikipedia_page"":""Otto Rethel"", ""wikidata_id"":""Q1316248""} ```",7.274818420410156
document_000656.html,71,85,Mr. John Parry,Q6251987,PER,NIL,Mr. John Parry,"```json {""wikipedia_page"":""NIL"", ""wikidata_id"":""NIL""} ```",0
document_000656.html,12,23,Miss Flower,NIL,PER,Q19879830,Lucy Flower,"```json {""wikipedia_page"":""Lucy Flower"", ""wikidata_id"":""Q19879830""} ```",7.769232749938965
document_000656.html,29,40,Miss Cubitt,NIL,PER,Q8007345,William Cubitt,"```json { ""wikipedia_page"": ""William Cubitt"", ""wikidata_id"": ""Q8007345"" } ```",9.745040893554688
document_000659.html,38,59,Philharmonic Concerts,NIL,MISC,Q1046309,Philharmonia Orchestra,,0
document_000663.html,31,47,Louisa A. Turner,NIL,PER,Q52452945,Lucy Anne Rogers Butler,,0
document_000663.html,49,62,Jane Whitaker,NIL,PER,Q1600687,"Janet Whitaker, Baroness Whitaker",,0
document_000663.html,64,80,Constance Sarper,NIL,PER,Q931103,Susanna Centlivre,,0
document_000663.html,82,95,Annie Bradley,NIL,PER,Q4768745,Anne Ridler,,0
document_000663.html,97,118,Elizabeth L. Rothwell,NIL,PER,Q5363123,Elizabeth Lowell Putnam,,0
document_000663.html,135,147,Fanny Boxell,NIL,PER,Q101071896,Annie Woodman Stocking Boyce,,0
document_000665.html,88,114,Academie Royale de Musique,Q283339,ORG,Q2920855,Académie Royale de Musique,,0
document_000667.html,18,34,Signor de Beguis,Q3770409,PER,NIL,Signor de Beguis,"```json { ""wikipedia_page"": ""NIL"", ""wikidata_id"": ""NIL"" } ```",0
document_000669.html,36,51,String Quintett,Q3133298,MISC,Q111182004,List of string quintets by Wolfgang Amadeus Mozart,,0
document_000669.html,90,103,Austrian Hymn,Q30562,MISC,Q3786081,,,0
document_000669.html,105,112,Regondi,Q981612,PER,Q2134307,Raymundus Regondi,,0
document_000670.html,29,40,L’Olimpiade,Q1225668,MISC,Q56316427,L'olimpiade,,0
document_000670.html,45,55,Demofoonte,Q3022187,MISC,Q5802300,Demofoonte,,0
document_000670.html,73,89,Giu riconosciuto,NIL,MISC,Q5770260,Ciro riconosciuto,"```json {""wikipedia_page"": ""Ciro riconosciuto"", ""wikidata_id"": ""Q5770260""} ```",13.916343688964844
document_000671.html,12,22,Symphonyin,Q260957,MISC,Q9734,symphony,,0
document_000671.html,67,68,A,Q260957,MISC,Q4710309,Albert Glasser,"```json { ""wikipedia_page"": ""Albert Glasser"", ""wikidata_id"": ""Q4710309"" } ```",16.262662887573242
document_000671.html,24,25,",",Q260957,MISC,Q744346,A,,0
document_000671.html,54,55,",",Q260957,MISC,Q6989196,conducting,"```json {""wikipedia_page"":""conducting"", ""wikidata_id"":""Q6989196""} ```",13.226078987121582
document_000673.html,33,48,Catholic Clergy,Q1195138,ORG,Q17351675,Catholic priesthood,,0
document_000674.html,30,38,Sgatelli,NIL,PER,Q3470372,Salvatore Agnelli,,0
document_000676.html,39,45,Cramer,Q455212,PER,Q78303,Wilhelm Cramer,"```json {""wikipedia_page"": ""Wilhelm Cramer"", ""wikidata_id"": ""Q78303""} ```",14.048844337463379
document_000677.html,33,48,Padrr Sabbatini,NIL,PER,Q7193015,Pietro Paolo Sabbatini,"```json {""wikipedia_page"":""Pietro Paolo Sabbatini"", ""wikidata_id"":""Q7193015""} ```",19.38094711303711
document_000680.html,4,21,Fitzwilliam Music,Q1421448,MISC,Q1421440,Fitzwilliam Museum,"```json {""wikipedia_page"":""Fitzwilliam Museum"", ""wikidata_id"":""Q1421440""} ```",18.315433502197266
document_000682.html,18,35,Mrs. A. J. Sutton,NIL,PER,Q3931581,Alicia Ann Spottiswoode,,0
document_000682.html,49,62,Madame Brooke,NIL,PER,Q729541,Frances Brooke,"```json {""wikipedia_page"":""Frances Brooke"", ""wikidata_id"":""Q729541""} ```",10.863834381103516
document_000682.html,89,105,Miss Julia Jones,NIL,PER,Q239240,Julia Jones,,0
document_000684.html,0,6,Haranc,NIL,PER,Q42417194,Harenc,"```json {""wikipedia_page"":""Harenc"", ""wikidata_id"":""Q42417194""} ```",17.57703399658203
document_000688.html,72,88,Hanover - street,NIL,LOC,Q1576686,Hanover Street,"```json {""wikipedia_page"":""Hanover Street"", ""wikidata_id"":""Q1576686""} ```",16.094484329223633
document_000691.html,147,165,Signor Santar elli,Q5565524,PER,Q7420427,Francesco Maria Santinelli,"```json {""wikipedia_page"":""Francesco Maria Santinelli"", ""wikidata_id"":""Q7420427""} ```",10.296628952026367
document_000692.html,26,42,James Fitzgerald,NIL,PER,Q6133918,James FitzGerald,,0
document_000694.html,27,35,Preciosa,NIL,MISC,Q3174369,Preciosa,"```json {""wikipedia_page"":""Preciosa"", ""wikidata_id"":""Q3174369""} ```",12.025466918945312
document_000696.html,28,34,Storge,NIL,PER,Q1995866,storge,"```json {""wikipedia_page"":""storge"", ""wikidata_id"":""Q1995866""} ```",12.806591033935547
document_000697.html,39,50,Exeter Hall,Q81173,ORG,Q5420121,Exeter Hall,,0
document_000699.html,96,119,Santa Maria ad Martyras,Q99309,LOC,Q569253,Santa Maria degli Angeli e dei Martiri,"```json {""wikipedia_page"":""Santa Maria degli Angeli e dei Martiri"", ""wikidata_id"":""Q569253""} ```",16.907108306884766
document_000701.html,41,53,J. Moscheles,Q159551,PER,Q1634462,Yos,,0
document_000702.html,174,187,Duke - street,Q19461422,LOC,Q5312872,Duke Street,,0
document_000702.html,110,127,Mr. Joseph Thomas,NIL,PER,Q24225592,Joe Thompson,,0
document_000702.html,132,144,Finch - line,NIL,LOC,Q3068338,Fenchurch Street,"```json {""wikipedia_page"":""Fenchurch Street"", ""wikidata_id"":""Q3068338""} ```",17.133535385131836
document_000703.html,27,29,M.,Q289996,PER,NIL,M.,"```json { ""wikipedia_page"": ""NIL"", ""wikidata_id"": ""NIL"" } ```",0
document_000703.html,30,33,Ozi,Q289996,PER,Q7104137,Orsi Instrument Company,,0
document_000705.html,63,76,Gaetano Greco,Q1339827,PER,Q3757012,Gaetano Grieco,,0
document_000705.html,78,86,Albinoni,Q174606,PER,Q3607870,Albano Biondi,,0
document_000707.html,4,20,Festival Anthems,NIL,MISC,Q60763958,English festivals,,0
document_000707.html,54,63,Dr. Fowle,NIL,PER,Q16062429,Thomas Welbank Fowle,"```json {""wikipedia_page"":""Thomas Welbank Fowle"", ""wikidata_id"":""Q16062429""} ```",14.02225112915039
document_000707.html,68,76,Eastgate,NIL,LOC,Q7988816,Westgate,,0
document_000712.html,73,83,Drury Lane,Q1756626,LOC,Q1261392,Drury Lane,,0
document_000712.html,0,9,the Déuce,NIL,MISC,Q40858652,Deuce,"```json {""wikipedia_page"":""Deuce"", ""wikidata_id"":""Q40858652""} ```",9.870933532714844
document_000714.html,67,76,Jarnowick,Q1526160,PER,NIL,Jarnowick,"```json { ""wikipedia_page"": ""NIL"", ""wikidata_id"": ""NIL"" } ```",0
document_000714.html,85,91,France,Q142,LOC,Q70972,Kingdom of France,"```json {""wikipedia_page"":""Kingdom of France"", ""wikidata_id"":""Q70972""} ```",15.739217758178711
document_000714.html,197,208,Les Jardins,NIL,MISC,Q15242262,Les Délices,,0
document_000717.html,52,81,the Honourable Richard Strutt,Q75270792,PER,NIL,the Honourable Richard Strutt,"```json {""wikipedia_page"":""NIL"", ""wikidata_id"":""NIL""} ```",0
document_000717.html,22,47,Church Orchestral Society,NIL,ORG,Q7374800,Royal School of Church Music,,0
document_000718.html,108,115,Guelphs,Q187742,ORG,Q12363203,Guelphs,"```json {""wikipedia_page"": ""Guelphs"", ""wikidata_id"": ""Q12363203""} ```",17.204130172729492
document_000719.html,233,257,National Training School,Q55082727,ORG,Q28401569,The National Training School Of Cookery,"```json {""wikipedia_page"": ""The National Training School Of Cookery"", ""wikidata_id"": ""Q28401569""} ```",17.629980087280273
document_000721.html,126,133,d’Angri,Q5358988,PER,NIL,d’Angri,"```json {""wikipedia_page"": ""NIL"", ""wikidata_id"": ""NIL""} ```",0
document_000723.html,117,127,Konigstein,NIL,LOC,Q700562,Königstein Fortress,"```json { ""wikipedia_page"": ""Königstein Fortress"", ""wikidata_id"": ""Q700562"" } ```",17.782306671142578
document_000725.html,143,152,Tamburini,Q605376,PER,Q3768201,Giovanni Tamburini,,0
document_000725.html,268,272,Czar,Q130734,PER,NIL,Czar,"```json { ""wikipedia_page"": ""NIL"", ""wikidata_id"": ""NIL"" } ```",0
document_000726.html,247,261,South - street,Q28803180,LOC,NIL,South - street,"```json { ""wikipedia_page"": ""NIL"", ""wikidata_id"": ""NIL"" } ```",0
document_000726.html,161,167,Taylor,NIL,PER,Q3155333,Baron Isidore Justin Séverin Taylor,"```json { ""wikipedia_page"": ""Baron Isidore Justin Séverin Taylor"", ""wikidata_id"": ""Q3155333"" } ```",14.939325332641602
document_000727.html,26,43,London University,Q193196,ORG,Q170027,University of London,,0
document_000727.html,62,78,Professor Morgan,Q208448,PER,Q5081341,Octavius Morgan,,0
document_000728.html,20,41,Church Choral Society,Q379124,ORG,Q11250823,church choir,,0
document_000728.html,196,215,Musical Art Society,NIL,ORG,Q6941436,Music Arts School,,0
document_000728.html,280,291,Mr. Dossert,NIL,PER,Q1255425,Paul Dresser,"```json {""wikipedia_page"":""Paul Dresser"", ""wikidata_id"":""Q1255425""} ```",15.27645206451416
document_000728.html,306,329,Harlem Oratorio Society,NIL,ORG,Q7099927,Oratorio Society of New York,,0
document_000729.html,0,19,La Clemenza di Tito,Q578526,MISC,Q5966234,La clemenza di Tito,"```json {""wikipedia_page"":""La clemenza di Tito"", ""wikidata_id"":""Q5966234""} ```",16.136919021606445
document_000729.html,112,120,Servilia,Q63534091,PER,NIL,Servilia,"```json {""wikipedia_page"":""NIL"", ""wikidata_id"":""NIL""} ```",0
document_000729.html,169,174,Annio,Q63534077,PER,NIL,Annio,"```json { ""wikipedia_page"": ""NIL"", ""wikidata_id"": ""NIL"" } ```",0
document_000729.html,78,93,Signora Clarini,NIL,PER,Q74029495,Caroline Grassari,"```json {""wikipedia_page"":""Caroline Grassari"", ""wikidata_id"":""Q74029495""} ```",15.509417533874512
document_000729.html,136,144,Graziani,NIL,PER,Q4121399,Francesco Graziani,"```json {""wikipedia_page"": ""Francesco Graziani"", ""wikidata_id"": ""Q4121399""} ```",16.015979766845703
document_000730.html,102,117,Madame Caradori,Q16065895,PER,NIL,Madame Caradori,"```json {""wikipedia_page"":""NIL"", ""wikidata_id"":""NIL""} ```",0
document_000730.html,292,305,Miss Stephens,Q5052928,PER,NIL,Miss Stephens,"```json {""wikipedia_page"": ""NIL"", ""wikidata_id"": ""NIL""} ```",0
document_000730.html,310,320,Miss Paton,Q16888398,PER,NIL,Miss Paton,"```json {""wikipedia_page"":""NIL"", ""wikidata_id"":""NIL""} ```",0
document_000730.html,188,197,Pavestine,NIL,MISC,Q180853,pavane,"```json {""wikipedia_page"":""pavane"", ""wikidata_id"":""Q180853""} ```",11.176383972167969
document_000731.html,105,119,M. Paul Collin,Q3370911,PER,Q3394239,Polin,,0
document_000731.html,58,79,La Naissance de Venus,NIL,MISC,Q3211033,La Naissance de Vénus,"```json { ""wikipedia_page"": ""La Naissance de Vénus"", ""wikidata_id"": ""Q3211033"" } ```",17.09714698791504
document_000733.html,46,53,Farrant,Q7325622,PER,Q1160633,Daniel Farrant,"```json {""wikipedia_page"":""Daniel Farrant"", ""wikidata_id"":""Q1160633""} ```",17.8024845123291
document_000733.html,58,65,Gibbons,NIL,PER,Q18671031,Edward Gibbons,,0
document_000733.html,70,75,Child,NIL,PER,Q2517093,Child Ballads,,0
document_000734.html,0,9,John Bull,Q511463,PER,Q742971,John Bull,,0
document_000735.html,190,200,Zingarelli,Q505202,PER,Q938208,Nicola Zingarelli,,0
document_000735.html,333,343,Mrs. Bushe,NIL,PER,Q5001474,Bushe,"```json {""wikipedia_page"":""Bushe"", ""wikidata_id"":""Q5001474""} ```",16.97093391418457
document_000736.html,226,255,Lieutenant - Colonel Perronet,Q4670375,PER,NIL,Lieutenant - Colonel Perronet,"```json {""wikipedia_page"":""NIL"", ""wikidata_id"":""NIL""} ```",0
document_000737.html,387,393,Sivori,Q1029423,PER,NIL,Sivori,"```json { ""wikipedia_page"": ""NIL"", ""wikidata_id"": ""NIL"" } ```",0
document_000739.html,261,273,The Creation,Q163138,MISC,Q1456447,The Creation,,0
document_000739.html,51,60,May Queen,NIL,MISC,Q479179,May Queen,,0
document_000739.html,126,146,Oxford Street Chapel,NIL,LOC,Q5399801,Essex Street Chapel,,0
document_000739.html,281,296,Mr. Joseph Kaye,NIL,PER,Q6284535,Joseph Kaye,,0
document_000740.html,163,175,F. W. Riemar,NIL,PER,Q85393,Friedrich Wilhelm Riemer,,0
document_000741.html,0,23,Madame Kraus - Wranisky,Q55895823,PER,NIL,Madame Kraus - Wranisky,"```json {""wikipedia_page"":"""", ""wikidata_id"":""NIL""} ```",0
document_000741.html,48,62,Madame Seidler,Q6373188,PER,NIL,Madame Seidler,"```json {""wikipedia_page"":""NIL"", ""wikidata_id"":""NIL""} ```",0
document_000742.html,18,38,Mademoiselle Lalande,Q3132487,PER,Q261082,Yolande of Valois,,0
document_000743.html,4,18,Choral Society,NIL,ORG,Q3445907,Royal Choral Society,,0
document_000743.html,54,64,Drill Hall,NIL,LOC,Q5307555,drill hall,"```json { ""wikipedia_page"": ""drill hall"", ""wikidata_id"": ""Q5307555"" } ```",16.475954055786133
document_000743.html,133,157,The Banner of St. George,NIL,MISC,Q25078135,St. George and the Dragon,,0
document_000743.html,179,193,In Hammersbach,NIL,MISC,Q5505606,From the Bavarian Highlands,,0
document_000743.html,237,258,Pomp and Circumstance,NIL,MISC,Q1141118,Pomp and Circumstance Marches,"```json {""wikipedia_page"":""Pomp and Circumstance Marches"", ""wikidata_id"":""Q1141118""} ```",20.67378807067871
document_000743.html,170,175,March,NIL,MISC,Q6006749,Imperial March,"```json {""wikipedia_page"": ""Imperial March"", ""wikidata_id"": ""Q6006749""} ```",18.33246421813965
document_000743.html,68,70,No,NIL,MISC,Q125,November,"```json { ""wikipedia_page"": ""November"", ""wikidata_id"": ""Q125"" } ```",17.27556037902832
document_000743.html,268,271,. 1,NIL,MISC,Q163535,Symphony No. 1,"```json { ""wikipedia_page"": ""Symphony No. 1"", ""wikidata_id"": ""Q163535"" } ```",17.02823257446289
document_000744.html,286,291,Orfeo,Q723776,MISC,Q724008,L'Orfeo,,0
document_000744.html,387,410,grand * duke of Tuscany,Q151321,PER,NIL,grand * duke of Tuscany,"```json {""wikipedia_page"":""NIL"", ""wikidata_id"":""NIL""} ```",0
document_000746.html,34,51,Rev. H. A. Wilson,NIL,PER,Q18670626,Aaron Wilson,,0
document_000746.html,149,163,Edward Ascough,NIL,PER,Q5341658,Edward Ayscu,,0
document_000746.html,167,175,Wynthorp,NIL,LOC,Q3316008,Woolsthorpe Manor,,0
document_000746.html,235,243,Wynthorp,NIL,LOC,Q3316008,Woolsthorpe Manor,,0
document_000747.html,267,275,Griselda,Q97176620,MISC,Q1028221,Griselda,,0
document_000747.html,75,79,faro,NIL,MISC,Q4481297,Faro,"```json {""wikipedia_page"":""Faro"", ""wikidata_id"":""Q4481297""} ```",13.492719650268555
document_000747.html,86,96,Miss Birch,NIL,PER,Q98889843,Alice Miriam Pinch,"```json {""wikipedia_page"":""Alice Miriam Pinch"", ""wikidata_id"":""Q98889843""} ```",14.976154327392578
document_000748.html,191,210,Royal Italian Opera,Q55018,LOC,Q785522,Italian opera,,0
document_000748.html,381,388,Colomba,NIL,MISC,Q12724376,Colomba,"```json {""wikipedia_page"":""Colomba"", ""wikidata_id"":""Q12724376""} ```",15.652656555175781
document_000750.html,27,32,Carey,Q1606590,PER,Q5134520,Clive Carey,,0
document_000750.html,130,135,Carey,Q1606590,PER,Q5134520,Clive Carey,,0
document_000750.html,237,242,Carey,Q1606590,PER,Q5134520,Clive Carey,,0
document_000750.html,221,236,Musical Century,NIL,MISC,Q1763768,The Musical Quarterly,,0
document_000751.html,91,98,Durante,Q2286657,PER,Q314221,Francesco Durante,"```json { ""wikipedia_page"": ""Francesco Durante"", ""wikidata_id"": ""Q314221"" } ```",20.741416931152344
document_000753.html,43,50,Jomelli,Q312891,PER,Q43763698,Jeanne Jomelli,,0
document_000753.html,293,300,Jomelli,Q312891,PER,Q43763698,Jeanne Jomelli,,0
document_000756.html,162,179,As the Hart pants,Q1192046,MISC,NIL,As the Hart pants,"```json {""wikipedia_page"":"""", ""wikidata_id"":""NIL""} ```",0
document_000756.html,388,396,St. Paul,Q1429593,MISC,Q9200,Paul the Apostle,,0
document_000756.html,400,406,Samson,Q1263593,MISC,Q25223351,Samson,,0
document_000756.html,122,129,Loreley,NIL,MISC,Q14540816,The Lorelei,"```json {""wikipedia_page"":""The Lorelei"", ""wikidata_id"":""Q14540816""} ```",21.185653686523438
document_000756.html,132,142,98th Psalm,NIL,MISC,Q1326476,Psalm 98,,0
document_000756.html,145,154,Ave Maria,NIL,MISC,Q42203,Hail Mary,,0
document_000756.html,257,270,C. ]. Stevens,NIL,PER,Q7273725,Richard John Samuel Stevens,"```json {""wikipedia_page"":""Richard John Samuel Stevens"", ""wikidata_id"":""Q7273725""} ```",20.41428565979004
document_000756.html,418,432,Song of Miriam,NIL,MISC,Q16129901,,,0
document_000757.html,236,251,Signor Nicolini,Q3083329,PER,Q1089213,Giuseppe Nicolini,"```json {""wikipedia_page"":""Giuseppe Nicolini"", ""wikidata_id"":""Q1089213""} ```",15.899362564086914
document_000757.html,253,267,Signor Marconi,Q5479431,PER,Q36488,Guglielmo Marconi,"```json {""wikipedia_page"":""Guglielmo Marconi"", ""wikidata_id"":""Q36488""} ```",14.489444732666016
document_000757.html,320,330,M. Devoyod,Q27928845,PER,NIL,M. Devoyod,"```json {""wikipedia_page"": ""NIL"", ""wikidata_id"": ""NIL""} ```",0
document_000757.html,332,348,Signor De Reszké,NIL,PER,Q924545,Jean de Reszke,"```json {""wikipedia_page"":""Jean de Reszke"", ""wikidata_id"":""Q924545""} ```",17.942646026611328
document_000759.html,20,40,Les Néces de Gamache,NIL,MISC,Q3234198,Les Noces de Gamache,,0
document_000762.html,221,226,Jacob,Q1339,PER,NIL,Jacob,"```json {""wikipedia_page"":""NIL"", ""wikidata_id"":""NIL""} ```",0
document_000763.html,68,74,Parker,NIL,PER,Q15259326,John William Parker,"```json {""wikipedia_page"":""John William Parker"", ""wikidata_id"":""Q15259326""} ```",15.162420272827148
document_000765.html,148,163,France Wusicale,Q3209228,ORG,NIL,France Wusicale,"```json {""wikipedia_page"": ""NIL"", ""wikidata_id"": ""NIL""} ```",0
document_000765.html,229,246,Gazelle AZusicale,Q3428721,ORG,Q2306879,La Gazette,"```json {""wikipedia_page"":""La Gazette"",""wikidata_id"":""Q2306879""} ```",13.808586120605469
document_000766.html,164,199,Biographie Universelle de Musiciens,Q28007160,MISC,Q2904126,Biographie universelle,"```json {""wikipedia_page"":""Biographie universelle"", ""wikidata_id"":""Q2904126""} ```",16.68170928955078
document_000767.html,78,96,Die sieben Midchen,NIL,MISC,Q111659774,"6 Lieder, Op. 7",,0
document_000767.html,98,113,Das Hausgesinde,NIL,MISC,Q1168913,Domestic Servants,,0
document_000767.html,115,130,Der Unsichibare,NIL,MISC,Q27507385,Der Unsichtbare,"```json {""wikipedia_page"":""Der Unsichtbare"", ""wikidata_id"":""Q27507385""} ```",17.976367950439453
document_000767.html,151,178,Staberls Reise - abentheuer,NIL,MISC,Q95291,August Stöber,"```json {""wikipedia_page"":""August Stöber"", ""wikidata_id"":""Q95291""} ```",15.706018447875977
document_000769.html,145,160,Miss Zimmermann,Q4693137,PER,NIL,Miss Zimmermann,"```json {""wikipedia_page"":""NIL"", ""wikidata_id"":""NIL""} ```",0
document_000770.html,62,70,Stretton,NIL,PER,Q5585887,Gordon Stretton,,0
document_000771.html,4,17,Musical Union,NIL,ORG,Q7752774,The Musical Fund Society,"```json {""wikipedia_page"":""The Musical Fund Society"", ""wikidata_id"":""Q7752774""} ```",13.196335792541504
document_000771.html,40,48,Creation,NIL,MISC,Q163138,The Creation,"```json {""wikipedia_page"":""The Creation"", ""wikidata_id"":""Q163138""} ```",18.524768829345703
document_000771.html,175,183,Creation,NIL,MISC,Q163138,The Creation,"```json {""wikipedia_page"":""The Creation"", ""wikidata_id"":""Q163138""} ```",17.298391342163086
document_000771.html,55,67,Choral Union,NIL,ORG,Q1076622,choral association,"```json {""wikipedia_page"":""choral association"", ""wikidata_id"":""Q1076622""} ```",15.141454696655273
document_000771.html,69,80,Mr. Suckley,NIL,PER,Q7052061,Norman Charles Suckling,"```json {""wikipedia_page"":""Norman Charles Suckling"", ""wikidata_id"":""Q7052061""} ```",18.442764282226562
document_000771.html,118,145,St.-Cecilia Musical Society,NIL,ORG,Q7587478,St. Cecilia Society,"```json { ""wikipedia_page"": ""St. Cecilia Society"", ""wikidata_id"": ""Q7587478"" } ```",21.00277328491211
document_000772.html,168,179,Arthur Bent,NIL,PER,Q41546,Arthur Cleveland Bent,,0
document_000772.html,181,198,Wallace Sutcliffe,NIL,PER,Q7966233,Walter Sutcliffe,,0
document_000772.html,245,257,Percy Kearne,NIL,PER,Q7167439,Percy Kahn,,0
document_000772.html,259,270,Paul Ludwig,NIL,PER,Q47012593,Paul Ludwig,,0
document_000772.html,276,290,Tennyson Werge,NIL,PER,Q4465901,Eben Tourjée,,0
document_000774.html,122,131,M. Vivier,Q16947558,PER,NIL,M. Vivier,"```json {""wikipedia_page"":""NIL"", ""wikidata_id"":""NIL""} ```",0
document_000774.html,176,185,M. Vivier,Q16947558,PER,NIL,M. Vivier,"```json {""wikipedia_page"":""NIL"", ""wikidata_id"":""NIL""} ```",0
document_000777.html,50,73,La Ballade du Désespéré,NIL,MISC,Q4655333,A Ballade of Suicide,"```json {""wikipedia_page"":""A Ballade of Suicide"", ""wikidata_id"":""Q4655333""} ```",15.92424201965332
document_000777.html,126,145,Miss Gertrude Bevan,NIL,PER,Q6792887,Maurice Bevan,,0
document_000777.html,150,170,Miss Ellen M. Bowick,NIL,PER,Q18085489,Jane Laurie Borthwick,,0
document_000777.html,222,234,Edith Byford,NIL,PER,Q529571,Edith Baird,,0
document_000777.html,254,269,Mabel E. Colyer,NIL,PER,Q445436,Evelyn Colyer,,0
document_000778.html,88,93,Lucia,Q244209,MISC,Q1232797,La Danza,"```json { ""wikipedia_page"": ""La Danza"", ""wikidata_id"": ""Q1232797"" } ```",18.6058406829834
document_000778.html,74,82,Fra poco,NIL,MISC,Q2119740,poco a poco,"```json {""wikipedia_page"":""poco a poco"", ""wikidata_id"":""Q2119740""} ```",13.338408470153809
document_000778.html,99,112,Tutto scielte,NIL,MISC,Q665214,tutti,"```json {""wikipedia_page"":""tutti"", ""wikidata_id"":""Q665214""} ```",12.880038261413574
document_000779.html,27,34,Seasons,season,MISC,Q970337,The Seasons,,0
document_000782.html,182,190,Knyvetts,NIL,PER,Q18670866,Charles Knyvett,,0
document_000783.html,83,106,Capellmeister Steinbach,Q70648,PER,Q5371456,Emil Steinbach,,0
document_000783.html,117,136,Meiningen orchestra,Q871671,ORG,Q881131,Meiningen Ensemble,,0
document_000783.html,158,172,Musik - Verein,Q686720,LOC,Q694323,Gesellschaft der Musikfreunde,"```json { ""wikipedia_page"": ""Gesellschaft der Musikfreunde"", ""wikidata_id"": ""Q694323"" } ```",16.97648048400879
document_000786.html,146,157,Ii Barbiere,Q208659,MISC,Q466338,I masnadieri,"```json { ""wikipedia_page"": ""I masnadieri"", ""wikidata_id"": ""Q466338"" } ```",16.600852966308594
document_000786.html,0,15,Signora Cornega,NIL,PER,Q13562129,Corinne Morgan,,0
document_000786.html,131,139,Una voce,NIL,MISC,Q50392878,Una voce poco fa,"```json {""wikipedia_page"":""Una voce poco fa"", ""wikidata_id"":""Q50392878""} ```",16.88397789001465
document_000787.html,38,56,Prince Es sterhdzy,Q597865,PER,Q1369980,Esterházy,"```json {""wikipedia_page"":""Esterházy"", ""wikidata_id"":""Q1369980""} ```",7.6729865074157715
document_000787.html,392,416,Church of the Augustines,Q693869,LOC,Q1424095,Basilica of Saint Augustine in Campo Marzio,,0
document_000792.html,53,63,Padetewski,Q191957,PER,Q16844512,Homage to Paderewski,,0
document_000793.html,59,66,Tinctor,Q370512,PER,Q55126885,Johann Tinctor,,0
document_000794.html,308,322,Herr Rosenthal,Q213772,PER,Q5672034,Harry Rosenthal,,0
document_000794.html,218,238,Miss Esther Palliser,NIL,PER,Q67445159,Edith Palliser,,0
document_000794.html,240,262,Madame Marian McKenzie,NIL,PER,Q6780222,Mary Mackenzie,,0
document_000794.html,287,301,Douglas Powell,NIL,PER,Q5543509,George Posford,,0
document_000796.html,67,81,Rev. Conductor,NIL,PER,Q3147441,rector,"```json {""wikipedia_page"":""rector"", ""wikidata_id"":""Q3147441""} ```",6.138303756713867
document_000798.html,172,183,Mr. Pierson,Q97011,PER,NIL,Mr. Pierson,"```json {""wikipedia_page"":""NIL"", ""wikidata_id"":""NIL""} ```",0
document_000799.html,0,9,Mr. Moody,NIL,PER,Q5078814,Charles Harry Moody,"```json {""wikipedia_page"":""Charles Harry Moody"", ""wikidata_id"":""Q5078814""} ```",16.984416961669922
document_000799.html,22,33,Dennis Park,NIL,LOC,Q56278791,Sconce and Devon Park,,0
document_000799.html,85,100,Mr. G. W. Bates,NIL,PER,Q5512545,G. W. Briggs,,0
document_000799.html,184,203,Mr. Westlake Morgan,NIL,PER,Q335819,William Maclagan,,0
document_000800.html,128,139,Mr. Brodsky,Q365287,PER,Q4973153,Brodsky Quartet,"```json {""wikipedia_page"":""Brodsky Quartet"", ""wikidata_id"":""Q4973153""} ```",15.591523170471191
document_000800.html,242,247,Leeds,NIL,LOC,Q39121,Leeds,,0
document_000800.html,317,337,Mendelssohn Concerto,NIL,MISC,Q1054060,Violin Concerto in E minor,,0
document_000800.html,343,365,Madame Marian McKenzie,NIL,PER,Q6780219,Mary Mackenzie,,0
document_000801.html,47,61,Angele Cordier,NIL,PER,Q465249,Annie Cordy,,0
document_000803.html,103,107,Urio,Q244231,LOC,Q48800757,Urio,"```json {""wikipedia_page"":""Urio"", ""wikidata_id"":""Q48800757""} ```",16.632186889648438
document_000803.html,239,246,Te Deum,NIL,MISC,Q743376,Te Deum,,0
document_000803.html,253,263,Magnificat,NIL,MISC,Q200809,Magnificat,,0
document_000807.html,153,162,Pacsicllé,NIL,PER,Q513386,Jacques Paisible,"```json {""wikipedia_page"": ""Jacques Paisible"", ""wikidata_id"": ""Q513386""} ```",15.335004806518555
document_000807.html,544,549,Chert,NIL,PER,Q1503998,Georg Czarth,"```json {""wikipedia_page"": ""Georg Czarth"", ""wikidata_id"": ""Q1503998""} ```",8.014688491821289
document_000808.html,381,394,Conservatoire,Q642258,ORG,Q184644,conservatory,,0
document_000808.html,289,302,M. Dellepiane,NIL,PER,Q3723917,Emanuele Dellepiane,,0
document_000813.html,0,11,Mr. DRESELr,Q96415095,PER,NIL,Mr. DRESELr,"```json {""wikipedia_page"":""NIL"", ""wikidata_id"":""NIL""} ```",0
document_000813.html,232,237,Etude,NIL,MISC,Q207841,étude,"```json {""wikipedia_page"":""étude"", ""wikidata_id"":""Q207841""} ```",17.86672019958496
document_000813.html,297,302,Etude,NIL,MISC,Q146917,Études,"```json {""wikipedia_page"":""Études"", ""wikidata_id"":""Q146917""} ```",18.729022979736328
document_000814.html,25,37,Madame Fodor,Q1002317,PER,NIL,Madame Fodor,"```json { ""wikipedia_page"": ""NIL"", ""wikidata_id"": ""NIL"" } ```",0
document_000814.html,75,95,Barbiere di Siviglia,Q632743,MISC,Q208659,The Barber of Seville,,0
document_000816.html,122,128,Pleyel,Q314019,PER,Q1474785,Pleyel et Cie,,0
document_000817.html,152,163,The Revenge,NIL,MISC,Q104856583,The Revenge,,0
document_000817.html,0,3,The,NIL,MISC,Q63343493,New Philharmonic Society,"```json {""wikipedia_page"":""New Philharmonic Society"", ""wikidata_id"":""Q63343493""} ```",17.709030151367188
document_000817.html,191,194,The,NIL,MISC,Q19891975,Schubert's song cycles,,0
document_000817.html,195,209,Song of Miriam,NIL,MISC,Q19891975,Schubert's song cycles,,0
document_000818.html,1,27,Military Band Organisation,NIL,ORG,Q92617413,British military bands,"```json { ""wikipedia_page"": ""British military bands"", ""wikidata_id"": ""Q92617413"" } ```",19.993165969848633
document_000819.html,32,39,Holland,Q102911,LOC,Q55,Netherlands,,0
document_000819.html,131,138,Holland,Q102911,LOC,Q55,Netherlands,"```json {""wikipedia_page"":""Netherlands"", ""wikidata_id"":""Q55""} ```",17.373180389404297
document_000819.html,107,130,His Majesty the King of,Q154287,PER,Q669458,Majesty,"```json {""wikipedia_page"":""Majesty"",""wikidata_id"":""Q669458""} ```",12.746955871582031
document_000822.html,106,128,Edinburgh Choral Union,NIL,ORG,Q12361261,Estonian Choral Association,,0
document_000822.html,130,142,Mr. Kirkhope,NIL,PER,Q334035,Timothy Kirkhope,,0
document_000822.html,149,159,Mr. Moonie,NIL,PER,Q7175932,Peter Mooney,,0
document_000823.html,128,132,Elbe,Q1644,LOC,NIL,Elbe,"```json {""wikipedia_page"":"""", ""wikidata_id"":""NIL""} ```",0
document_000824.html,153,164,His Majesty,Q130586,PER,Q669458,Majesty,"```json {""wikipedia_page"":""His Majesty"", ""wikidata_id"":""Q669458""} ```",15.75388240814209
document_000828.html,4,13,Lamoureux,Q2735140,ORG,Q1065279,Charles Lamoureux,,0
document_000829.html,148,155,Stewart,Q4444837,PER,Q2065986,Leslie Stuart,"```json {""wikipedia_page"":""Leslie Stuart"", ""wikidata_id"":""Q2065986""} ```",16.09552764892578
document_000829.html,194,201,Pinsuti,Q2974217,MISC,NIL,Pinsuti,"```json {""wikipedia_page"":"""", ""wikidata_id"":""NIL""} ```",0
document_000829.html,130,143,Bridal Chorus,NIL,MISC,Q1476098,Bridal Chorus,,0
document_000832.html,126,135,Cambridge,Q35794,ORG,Q350,Cambridge,,0
document_000834.html,44,59,Hymne au Soleil,NIL,MISC,Q107920238,Hymne au soleil,"```json { ""wikipedia_page"": ""Hymne au soleil"", ""wikidata_id"": ""Q107920238"" } ```",20.788028717041016
document_000834.html,101,115,Madame Collier,NIL,PER,Q6172049,Jeanne Collier,,0
document_000834.html,155,184,Société de Musique d’Ensemble,NIL,ORG,Q2537853,Orchestre de la Société des Concerts du Conservatoire,,0
document_000835.html,23,36,Mr. Schrieder,NIL,PER,Q3556154,Verschneider,"```json { ""wikipedia_page"": ""Verschneider"", ""wikidata_id"": ""Q3556154"" } ```",18.634723663330078
document_000835.html,92,113,Day of the Coronation,NIL,MISC,Q25182548,Coronation Day,"```json {""wikipedia_page"":""Coronation Day"", ""wikidata_id"":""Q25182548""} ```",17.751365661621094
document_000836.html,170,185,Mr. Monck Mason,NIL,PER,Q7792512,Thomas Monck Mason,,0
document_000838.html,84,94,Dr. Crotch,Q718709,PER,NIL,Dr. Crotch,"```json {""wikipedia_page"":""NIL"", ""wikidata_id"":""NIL""} ```",0
document_000838.html,157,167,Dr. Crotch,Q718709,PER,NIL,Dr. Crotch,"```json {""wikipedia_page"":""NIL"", ""wikidata_id"":""NIL""} ```",0
document_000838.html,143,153,Miss Paton,Q16888398,PER,Q5460742,Florence Paton,"```json {""wikipedia_page"":""Florence Paton"", ""wikidata_id"":""Q5460742""} ```",15.041643142700195
document_000838.html,97,106,Palestine,NIL,MISC,Q23792,Palestine,"```json {""wikipedia_page"":""Palestine"", ""wikidata_id"":""Q23792""} ```",17.88665199279785
document_000840.html,13,18,Grisi,Q287812,PER,NIL,Grisi,"```json {""wikipedia_page"":""Grisi"", ""wikidata_id"":""NIL""} ```",0
document_000841.html,94,108,Edward Ascough,NIL,PER,Q5341658,Edward Ayscu,,0
document_000842.html,23,36,Mrs. Weichsel,Q5362421,PER,NIL,Mrs. Weichsel,"```json {""wikipedia_page"":""NIL"", ""wikidata_id"":""NIL""} ```",0
document_000842.html,68,75,C. Bach,Q106641,PER,Q5163501,Constance Bache,,0
document_000844.html,122,135,Parish Church,Q2322532,LOC,Q317557,parish church,,0
document_000846.html,49,59,Mr. Newman,Q7348018,PER,NIL,Mr. Newman,"```json {""wikipedia_page"": ""NIL"", ""wikidata_id"": ""NIL""} ```",0
document_000847.html,109,124,Signorina Barbi,Q3611669,PER,Q33048922,Blanche Hermine Barbot,,0
document_000848.html,195,216,Miss Dorothea Whitley,NIL,PER,Q5298677,"Dorothy Wellesley, Duchess of Wellington",,0
document_000849.html,139,146,Brabant,Q1122,LOC,Q159856,Duchy of Brabant,,0
document_000849.html,0,13,J. Teinturier,NIL,PER,Q370512,Johannes Tinctoris,"```json {""wikipedia_page"":""Johannes Tinctoris"", ""wikidata_id"":""Q370512""} ```",16.66975975036621
document_000851.html,185,197,Philharmonic,Q856125,ORG,Q152222,Berlin Philharmonic,,0
document_000851.html,44,63,Choral Union Series,NIL,MISC,Q6609420,list of choral symphonies,,0
document_000852.html,162,179,Ciro riconosciuto,Q5770270,MISC,Q18325000,Ciro riconosciuto,,0
document_000852.html,187,203,Achille in Siria,Q5702001,MISC,Q18280239,Achille in Sciro,,0
document_000852.html,82,95,La Zingarella,NIL,MISC,Q464514,La zingara,,0
document_000852.html,120,137,Jl Festo Teatrale,NIL,MISC,Q3743988,festa teatrale,"```json {""wikipedia_page"":""festa teatrale"", ""wikidata_id"":""Q3743988""} ```",19.804737091064453
document_000852.html,215,223,Vologeso,NIL,MISC,Q7940645,Vologeso,"```json {""wikipedia_page"":""Vologeso"", ""wikidata_id"":""Q7940645""} ```",21.226070404052734
document_000854.html,28,47,Gewandhaus Concerts,Q519613,LOC,Q156515,Leipzig Gewandhaus Orchestra,,0
document_000854.html,73,89,FErpinanp Ui1LER,Q213530,PER,NIL,FErpinanp Ui1LER,"```json { ""wikipedia_page"": """", ""wikidata_id"": ""NIL"" } ```",0
document_000855.html,4,26,Keighley Musical Union,NIL,ORG,Q5025606,Cambridge University Musical Society,,0
document_000857.html,38,64,Amateur Orchestral Society,NIL,ORG,Q11284860,amateur orchestra,,0
document_000857.html,94,110,Mr. Ralph Horner,NIL,PER,Q52156361,Ralph Joseph Horner,"```json {""wikipedia_page"": ""Ralph Joseph Horner"", ""wikidata_id"": ""Q52156361""} ```",20.063411712646484
document_000857.html,127,138,Advent Hymn,NIL,MISC,Q12300621,Advent song,,0
document_000858.html,164,189,Mr. George William Warren,Q20726537,PER,NIL,Mr. George William Warren,"```json {""wikipedia_page"":""NIL"", ""wikidata_id"":""NIL""} ```",0
document_000859.html,123,128,Graun,Q161208,PER,Q1497195,,,0
document_000859.html,214,228,Dalla sua pace,Q192039,MISC,NIL,Dalla sua pace,"```json {""wikipedia_page"":""NIL"", ""wikidata_id"":""NIL""} ```",0
document_000859.html,131,142,Britannieus,NIL,MISC,Q138396,Britannia,"```json {""wikipedia_page"":""Britannia"",""wikidata_id"":""Q138396""} ```",18.404691696166992
document_000859.html,148,162,Herr Reichardt,NIL,PER,Q213742,Johann Friedrich Reichardt,"```json {""wikipedia_page"":""Johann Friedrich Reichardt"", ""wikidata_id"":""Q213742""} ```",20.90450096130371
document_000860.html,117,127,Gloucester,Q170497,LOC,Q262500,Gloucester Cathedral,,0
document_000860.html,129,137,Hereford,Q204720,LOC,Q429379,Hereford Cathedral,,0
document_000860.html,143,152,Worcester,Q1646181,LOC,Q1630367,Worcester Cathedral,,0
document_000861.html,37,64,Nelson Excelsior Glee Union,NIL,ORG,Q1543757,United Grand Lodge of England,,0
document_000861.html,70,92,Harrogate Glee Society,NIL,ORG,Q108365696,The Harrogate Club,,0
document_000861.html,102,114,Apollo Choir,NIL,ORG,Q16203206,Apollo Club of Boston,,0
document_000861.html,137,157,Reedyford Glee Union,NIL,ORG,Q7307876,Reg Vardy Band,,0
document_000863.html,177,215,Concerto for two violins and orchestra,NIL,MISC,Q1094801,Concerto for Two Violins,,0
document_000864.html,58,72,Mark Ilambourg,Q1900092,PER,Q101423809,Philip Rambow,,0
document_000864.html,107,129,Norwich Choral Society,NIL,ORG,Q7063651,Nottingham Harmonic Society,,0
document_000864.html,160,169,Trafalgar,NIL,MISC,Q171416,Battle of Trafalgar,"```json {""wikipedia_page"":""The Battle of Trafalgar"", ""wikidata_id"":""Q171416""} ```",18.091154098510742
document_000865.html,0,13,Mr. Hepmonnpt,NIL,PER,Q3932293,James Henry Mapleson,"```json {""wikipedia_page"":""James Henry Mapleson"", ""wikidata_id"":""Q3932293""} ```",16.672056198120117
document_000867.html,115,120,Norma,Q320353,MISC,NIL,Norma,"```json {""wikipedia_page"":""NIL"", ""wikidata_id"":""NIL""} ```",0
document_000867.html,83,96,Mary Morrison,NIL,MISC,Q6780382,Mary Morison,,0
document_000867.html,126,140,Mr. John Parry,NIL,PER,Q6251980,John Parry,,0
document_000868.html,104,113,Mr. Parry,Q6251304,PER,Q354250,Hubert Parry,"```json {""wikipedia_page"":""Hubert Parry"", ""wikidata_id"":""Q354250""} ```",13.81832218170166
document_000869.html,0,11,Spagnoletti,NIL,PER,Q26840129,Paolo Spagnoletti,"```json { ""wikipedia_page"": ""Paolo Spagnoletti"", ""wikidata_id"": ""Q26840129"" } ```",18.682523727416992
document_000870.html,49,56,Fngland,Q21,LOC,Q179876,Kingdom of England,"```json {""wikipedia_page"":""Kingdom of England"", ""wikidata_id"":""Q179876""} ```",13.084115982055664
document_000871.html,148,156,Ortolani,NIL,PER,Q3356826,Ortolano,,0
document_000872.html,127,183,Belmonte und Constanzé or Die Entfithrung aus dem Serail,Q210711,MISC,Q4884441,Belmont und Constanze,,0
document_000873.html,32,38,Oberon,Q690835,MISC,Q1139234,Oberon,,0
document_000873.html,213,222,Mr. Weiss,Q8022239,PER,NIL,Mr. Weiss,"```json {""wikipedia_page"":""NIL"", ""wikidata_id"":""NIL""} ```",0
document_000880.html,0,9,Scarlatti,Q167837,PER,Q183087,Alessandro Scarlatti,,0
document_000880.html,64,79,Concerti grossi,Q2991921,MISC,Q210216,concerto grosso,,0
document_000880.html,160,167,Jomelli,Q312891,PER,Q43763698,Jeanne Jomelli,,0
document_000881.html,90,99,Sofonisba,NIL,MISC,Q21086225,Sofonisba,"```json {""wikipedia_page"":""Sophonisba"", ""wikidata_id"":""Q21086225""} ```",16.989023208618164
document_000881.html,155,161,Siface,NIL,MISC,Q18663527,Siface re di Numidia,"```json {""wikipedia_page"":""Siface re di Numidia"", ""wikidata_id"":""Q18663527""} ```",13.496072769165039
document_000882.html,25,33,Cervetto,Q1364637,PER,Q18529811,James Cervetto,"```json {""wikipedia_page"":""James Cervetto"", ""wikidata_id"":""Q18529811""} ```",15.308216094970703
document_000882.html,68,75,Lindley,Q18593452,PER,Q7808466,Tinsley Lindley,"```json {""wikipedia_page"":""Tinsley Lindley"", ""wikidata_id"":""Q7808466""} ```",15.882596969604492
document_000883.html,26,69,Society for the Cultivation of Danish Music,Q1761293,ORG,Q21855029,Sonning Foundation,,0
document_000884.html,58,70,Quintet in C,Q17025624,MISC,Q19898162,Violin Concerto in C,,0
document_000885.html,3,6,the,NIL,MISC,Q283339,Paris Opera,"```json {""wikipedia_page"": ""Paris Opera"", ""wikidata_id"": ""Q283339""} ```",11.975053787231445
document_000885.html,58,61,the,NIL,MISC,Q244209,Lucia di Lammermoor,"```json {""wikipedia_page"":""Lucia di Lammermoor"", ""wikidata_id"":""Q244209""} ```",9.98213005065918
document_000885.html,90,93,the,NIL,MISC,Q470773,La muette de Portici,"```json { ""wikipedia_page"": ""La muette de Portici"", ""wikidata_id"": ""Q470773"" } ```",8.256691932678223
document_000886.html,125,131,Cramer,Q455212,PER,Q5492728,Franz Cramer,,0
document_000886.html,147,155,Cervetto,Q18529811,PER,Q1364637,Giacobbe Cervetto,,0
document_000887.html,102,108,Psalms,NIL,MISC,Q41064,Psalms,"```json {""wikipedia_page"":""Psalms"", ""wikidata_id"":""Q41064""} ```",20.69395637512207
document_000888.html,46,70,Gateshead Choral Society,NIL,ORG,Q2414046,The Glasshouse,,0
document_000888.html,190,207,Mr. J. M. Preston,NIL,PER,Q6833613,Michael Preston,,0
document_000889.html,40,44,Bach,Q1339,PER,Q169509,Bach family,"```json {""wikipedia_page"":""Bach family"", ""wikidata_id"":""Q169509""} ```",14.915258407592773
document_000892.html,151,169,Mr. Norman Salmond,Q5442324,PER,Q11037030,John Salmond,,0
document_000892.html,190,200,M. Hollman,Q1406368,PER,NIL,M. Hollman,"```json {""wikipedia_page"":"""",""wikidata_id"":""NIL""} ```",0
document_000892.html,79,88,Mr. Fould,NIL,PER,Q340215,Achille Fould,"```json { ""wikipedia_page"": ""Achille Fould"", ""wikidata_id"": ""Q340215"" } ```",19.92229461669922
document_000897.html,93,101,Brussels,Q239,LOC,Q240,Brussels-Capital Region,,0
document_000898.html,74,81,Athalie,Q19259756,MISC,Q353933,Adelaide,,0
document_000898.html,7,27,New Jerusalem Church,NIL,LOC,Q5118016,Church of the New Jerusalem,,0
document_000898.html,176,194,Mr. Wilfrid Davies,NIL,PER,Q3131948,Walford Davies,,0
document_000902.html,285,301,Mr. Thomas Clegg,NIL,PER,Q60750814,Michael Clegg,,0
document_000902.html,797,830,NORMAL MUSIC SCHOOL OF MANCHESTER,NIL,ORG,Q6670609,London Music Masters,,0
document_000903.html,24,39,Court of Vienna,NIL,ORG,Q1134237,royal court,"```json {""wikipedia_page"":""royal court"", ""wikidata_id"":""Q1134237""} ```",19.05305290222168
document_000911.html,121,129,Hamerton,Q52498671,PER,Q2739449,Hamerton,,0
document_000913.html,50,57,Naumann,Q213927,PER,NIL,Naumann,"```json {""wikipedia_page"":""NIL"", ""wikidata_id"":""NIL""} ```",0
document_000914.html,406,413,Hanover,Q164079,LOC,Q706018,Electorate of Hanover,"```json {""wikipedia_page"":""Electorate of Hanover"", ""wikidata_id"":""Q706018""} ```",19.36501693725586
document_000915.html,57,69,Lord Paisley,Q3806590,PER,NIL,Lord Paisley,"```json {""wikipedia_page"":""NIL"", ""wikidata_id"":""NIL""} ```",0
document_000916.html,319,331,Herr Joachim,NIL,PER,Q159976,Joseph Joachim,"```json {""wikipedia_page"":""Joseph Joachim"", ""wikidata_id"":""Q159976""} ```",13.560539245605469
document_000920.html,171,190,Mademoiselle Bonini,NIL,PER,Q30693546,Madame Ponisi,,0
document_000922.html,2,8,Wilson,Q6264502,PER,Q34296,Woodrow Wilson,"```json { ""wikipedia_page"": ""Woodrow Wilson"", ""wikidata_id"": ""Q34296"" } ```",17.619991302490234
document_000923.html,14,25,John Bishop,NIL,PER,Q18530135,John Bishop,,0
document_000925.html,92,110,Madame Rudersdorff,Q17575680,PER,NIL,Madame Rudersdorff,"```json {""wikipedia_page"": ""NIL"", ""wikidata_id"": ""NIL""} ```",0
document_000925.html,236,241,Saffo,NIL,MISC,Q17892,Sappho,"```json {""wikipedia_page"":""Sappho"", ""wikidata_id"":""Q17892""} ```",15.274271965026855
document_000925.html,344,355,150th Psalm,NIL,MISC,Q2508201,Psalm 150,,0
document_000926.html,0,10,Mr. Bishop,Q1200639,PER,NIL,Mr. Bishop,"```json {""wikipedia_page"":"""",""wikidata_id"":""NIL""} ```",0
document_000927.html,122,129,Convent,NIL,LOC,Q1451876,Frauenstift,"```json {""wikipedia_page"":""Frauenstift"", ""wikidata_id"":""Q1451876""} ```",16.451337814331055
