doc_id,start_pos,end_pos,surface,gt_id,type,identifier,title,answer,score
NZZ-1798-01-20-a-p0002,41,44,Rom,Q220,LOC,NIL,Rom,```json {} ```,0
NZZ-1798-01-20-a-p0002,47,59,Buonaparte's,Q517,PER,Q7726,Joseph Bonaparte,"Based on the input text and the list of candidates, it appears that the entities mentioned are likely related to ""Napoleon Bonaparte"" and his family members. The text mentions a brother of Buonaparte's, which is likely referring to Joseph Bonaparte. Therefore, the most appropriate Wikidata entity from the provided list is: ```json { ""wikipedia_page"": ""Joseph Bonaparte"", ""wikidata_id"": ""Q7726"" } ```",11.947212219238281
NZZ-1798-01-20-a-p0002,111,114,Rom,Q220,LOC,Q220,Rom,"Based on the provided text and the list of candidates, the entity mentioned between the [ENT] tags is ""Rom"". The most appropriate Wikidata entity from the given list of candidates is ""Rom"". Returning the corresponding Wikipedia page title and Wikidata ID of the selected entity in a JSON object: ```json {""wikipedia_page"":""Rom"", ""wikidata_id"":""Q220""} ```",17.89097023010254
NZZ-1798-01-20-a-p0002,318,330,Frank reichs,Q142,LOC,NIL,Frank reichs,```json {} ```,0
NZZ-1798-01-20-a-p0002,925,936,Gen. Duphot,Q977001,PER,NIL,Gen. Duphot,```json {} ```,0
NZZ-1798-01-20-a-p0002,1100,1128,General¬ Lieutenant Sherlöck,NIL,PER,NIL,General¬ Lieutenant Sherlöck,no,0
NZZ-1798-01-20-a-p0002,1751,1754,Rom,Q220,LOC,NIL,Rom,```json {} ```,0
NZZ-1798-01-20-a-p0002,1769,1781,Basseville's,Q3339973,PER,NIL,Basseville's,no,0
NZZ-1798-01-20-a-p0002,1815,1826,Gen. Duphot,Q977001,PER,Q19043775,Henri Duphot,"Given the contextual information and the list of candidates, the entity [ENT] Gen. Duphot [ENT] likely refers to General Henri Duphot. Hence, the most appropriate Wikidata entity from the list of candidates is Henri Duphot. Here is the JSON-formatted output: ```json {""wikipedia_page"":""Henri Duphot"", ""wikidata_id"":""Q19043775""} ```",7.360331058502197
NZZ-1808-04-29-a-p0002,468,490,danischen Blatte Dagen,Q1768412,PROD,NIL,danischen Blatte Dagen,no,0
NZZ-1808-04-29-a-p0002,580,587,Rußland,Q159,LOC,NIL,Rußland,```json {} ```,0
NZZ-1808-04-29-a-p0002,653,660,Seeland,Q25535,LOC,NIL,Seeland,no,0
NZZ-1808-04-29-a-p0002,774,781,Rußland,Q159,LOC,Q34266,Russisches Kaiserreich,"```json { ""wikipedia_page"": ""Russisches Kaiserreich"", ""wikidata_id"": ""Q34266"" } ```",19.418861389160156
NZZ-1808-04-29-a-p0002,790,808,General Hutchinson,Q321765,PER,NIL,General Hutchinson,no,0
NZZ-1808-04-29-a-p0002,883,901,General Hutchinson,Q321765,PER,NIL,General Hutchinson,no,0
NZZ-1808-04-29-a-p0002,977,987,Kopenhagen,Q1748,LOC,NIL,Kopenhagen,```json {} ```,0
NZZ-1808-04-29-a-p0002,1282,1289,England,Q21,LOC,NIL,England,no,0
NZZ-1808-04-29-a-p0002,1440,1451,Bartenstein,Q809585,LOC,NIL,Bartenstein,"```json {""wikipedia_page"":"""",""wikidata_id"":""""} ```",0
NZZ-1808-04-29-a-p0002,1562,1570,Dänemark,Q35,LOC,Q35,Dänemark,"```json {""wikipedia_page"":""Dänemark"", ""wikidata_id"":""Q35""} ```",19.427690505981445
NZZ-1808-04-29-a-p0002,1605,1615,Frankreich,Q142,LOC,NIL,Frankreich,```json {} ```,0
NZZ-1808-04-29-a-p0002,1942,1952,Lord Gower,Q334145,PER,NIL,Lord Gower,no,0
NZZ-1808-04-29-a-p0002,2847,2854,Rußland,Q159,LOC,Q159,Russland,"To disambiguate the entity mentioned between the [ENT] tags in the provided text, let's analyze the context and the given list of candidates. The text mentions ""Rußland"" which is a historical state. The relevant candidate from the list is: - **Wikipedia Page:** Russland - **Wikidata ID:** Q159 The context implies the state of Russia, which corresponds to the historical state mentioned in the list. Therefore, the JSON-formatted answer is: ```json {""wikipedia_page"": ""Russland"", ""wikidata_id"": ""Q159""} ```",21.789072036743164
NZZ-1808-04-29-a-p0002,3060,3070,Dä¬ nemark,Q35,LOC,Q35,Dänemark,"```json { ""wikipedia_page"": ""Dänemark"", ""wikidata_id"": ""Q35"" } ```",18.4348201751709
NZZ-1808-04-29-a-p0002,3213,3222,Kronstadt,Q155863,LOC,NIL,Kronstadt,no,0
NZZ-1808-04-29-a-p0002,3527,3536,Kronstadt,Q155863,LOC,NIL,Kronstadt,```json {} ```,0
NZZ-1808-04-29-a-p0002,3737,3745,Dänemark,Q35,LOC,Q756617,Königreich Dänemark," {""wikipedia_page"": ""Königreich Dänemark"", ""wikidata_id"": ""Q756617""}",18.067420959472656
NZZ-1808-04-29-a-p0002,3800,3825,Hamburger-Korrespondenten,Q822923,PROD,NIL,Hamburger-Korrespondenten,"```json {""wikipedia_page"":"""", ""wikidata_id"":""""} ```",0
NZZ-1808-04-29-a-p0002,3836,3846,Petersburg,Q656,LOC,Q656,Sankt Petersburg,"```json {""wikipedia_page"":""Sankt Petersburg"", ""wikidata_id"":""Q656""} ```",22.325889587402344
NZZ-1808-04-29-a-p0002,3875,3904,neuesten Berlinischen Zeitung,Q675003,PROD,Q2309057,Berlinische Nachrichten von Staats- und gelehrten Sachen,"{ ""wikipedia_page"": ""Berlinische Nachrichten von Staats- und gelehrten Sachen"", ""wikidata_id"": ""Q2309057"" }",15.134936332702637
NZZ-1808-04-29-a-p0002,3926,3941,H. von Rotzebue,NIL,PER,NIL,H. von Rotzebue,no,0
NZZ-1808-04-29-a-p0002,3945,3953,Ehstland,Q191,LOC,Q191,Estland,"```json { ""wikipedia_page"": ""Estland"", ""wikidata_id"": ""Q191"" } ```",10.525023460388184
NZZ-1808-04-29-a-p0002,4244,4256,Peters¬ burg,Q656,LOC,Q656,Sankt Petersburg,"```json {""wikipedia_page"":""Sankt Petersburg"", ""wikidata_id"":""Q656""} ```",16.568700790405273
NZZ-1808-04-29-a-p0002,4308,4325,General Burhöyden,NIL,PER,Q50823,Hermann von Boyen,"```json {""wikipedia_page"": ""Hermann von Boyen"", ""wikidata_id"": ""Q50823""} ```",16.816320419311523
NZZ-1818-01-09-a-p0001,404,426,würdige De¬ kan Kaiser,NIL,PER,NIL,würdige De¬ kan Kaiser,No,0
NZZ-1818-01-09-a-p0001,430,437,Ansbach,Q14859,LOC,NIL,Ansbach,```json {} ```,0
NZZ-1818-01-09-a-p0001,499,507,Nürnberg,Q2090,LOC,NIL,Nürnberg,no,0
NZZ-1818-01-09-a-p0001,574,602,"M. Mles, Pfarrer zu Deyzisau",NIL,PER,NIL,"M. Mles, Pfarrer zu Deyzisau",no,0
NZZ-1818-01-09-a-p0001,606,629,Königreich Wür¬ temberg,Q159631,LOC,NIL,Königreich Wür¬ temberg,```json {} ```,0
NZZ-1818-01-09-a-p0001,679,688,Stuttgart,Q1022,LOC,Q1022,Stuttgart,"Based on the input text and the context surrounding the [ENT] tags, the city of Stuttgart is the most likely entity mentioned. Therefore, the appropriate Wikidata entity is: ```json {""wikipedia_page"":""Stuttgart"", ""wikidata_id"":""Q1022""} ```",17.23969841003418
NZZ-1818-01-09-a-p0001,694,703,Steinkopf,NIL,PROD,Q65588474,Johann Friedrich Steinkopf,"Based on the input text and the list of candidates, the entity mentioned between the [ENT] tags is likely to be ""Johann Friedrich Steinkopf,"" a German book dealer, translator, and publisher. ```json {""wikipedia_page"": ""Johann Friedrich Steinkopf"", ""wikidata_id"": ""Q65588474""} ```",15.111607551574707
NZZ-1818-01-09-a-p0001,901,907,Luther,Q9554,PER,NIL,Luther,no,0
NZZ-1818-01-09-a-p0001,934,957,protestantischen Kirche,Q2113518,ORG,Q170111,Evangelische Kirche in Deutschland,"{""wikipedia_page"": ""Evangelische Kirche in Deutschland"", ""wikidata_id"": ""Q170111""}",16.7659912109375
NZZ-1818-01-09-a-p0001,1276,1289,Schmidthammer,NIL,PER,NIL,Schmidthammer,```json {} ```,0
NZZ-1818-01-09-a-p0001,1327,1333,Berlin,Q64,LOC,Q64,Berlin,"Certainly! Based on the provided input text and given list of candidates, the entity mentioned between the [ENT] tags is likely referring to ""Berlin"". Here is the JSON-formatted answer: ```json {""wikipedia_page"":""Berlin"", ""wikidata_id"":""Q64""} ```",21.80677032470703
NZZ-1818-01-09-a-p0001,1335,1358,Realschul¬ Buchhandlung,Q2516675,ORG,NIL,Realschul¬ Buchhandlung,no,0
NZZ-1818-01-09-a-p0001,1389,1395,Luther,Q9554,PER,Q9554,Martin Luther,"```json {""wikipedia_page"":""Martin Luther"", ""wikidata_id"":""Q9554""} ```",25.405418395996094
NZZ-1818-01-09-a-p0001,1501,1553,gelehrte und freymü¬ thige Oberhofprediger Dr. Ammon,Q213786,PER,NIL,gelehrte und freymü¬ thige Oberhofprediger Dr. Ammon,no,0
NZZ-1818-01-09-a-p0001,1557,1564,Dresden,Q1731,LOC,Q1731,Dresden,"Based on the provided input text and the list of candidates, the entity tagged with [ENT] is likely referring to the city of Dresden. The mention is in the context of ""Dresden"" being an important location for the theological discussions mentioned in the text. Here is the JSON-formatted answer: ```json {""wikipedia_page"":""Dresden"", ""wikidata_id"":""Q1731""} ```",23.70488739013672
NZZ-1818-01-09-a-p0001,2054,2106,"ehrwürdige Antistes der Zürcheri¬ schen Kirche, Heß,",Q121947,PER,NIL,"ehrwürdige Antistes der Zürcheri¬ schen Kirche, Heß,",```json {} ```,0
NZZ-1818-01-09-a-p0001,2216,2222,Zürich,Q72,LOC,Q72,Zürich,"{""wikipedia_page"": ""Zürich"", ""wikidata_id"": ""Q72""}",24.693580627441406
NZZ-1818-01-09-a-p0001,2224,2229,Orell,NIL,ORG,NIL,Orell,```json {} ```,0
NZZ-1818-01-09-a-p0001,2905,2913,Europens,Q46,LOC,NIL,Europens,no,0
NZZ-1818-01-09-a-p0001,3500,3533,Euro¬ päischen Brittischen Inseln,Q38272,LOC,Q23666,Großbritannien,"```json { ""wikipedia_page"": ""Großbritannien"", ""wikidata_id"": ""Q23666"" } ```",13.922210693359375
NZZ-1828-05-21-a-p0001,0,32,Schweizerische Eidgenossenschaft,Q39,LOC,Q39,Schweiz,"Based on the provided text and the list of candidates, the entity mentioned between the [ENT] tags appears to be ""Schweizerische Eidgenossenschaft"". The most appropriate Wikidata entity from the candidates that matches this entity is: ```json {""wikipedia_page"":""Schweiz"",""wikidata_id"":""Q39""} ``` This entity is the current state of Switzerland and aligns with the historical context provided in the text.",26.08753204345703
NZZ-1828-05-21-a-p0001,38,67,große Rath des Standes Luzern,Q27897675,ORG,NIL,große Rath des Standes Luzern,no,0
NZZ-1828-05-21-a-p0001,4462,4470,Freyburg,Q12640,LOC,NIL,Freyburg,no,0
NZZ-1828-05-21-a-p0001,4472,4484,Schaffhausen,Q12697,LOC,Q12697,Kanton Schaffhausen,"```json { ""wikipedia_page"": ""Kanton Schaffhausen"", ""wikidata_id"": ""Q12697"" } ```",26.3740291595459
NZZ-1828-05-21-a-p0001,4489,4495,Aargau,Q11972,LOC,Q11972,Kanton Aargau,"```json {""wikipedia_page"":""Kanton Aargau"", ""wikidata_id"":""Q11972""} ```",24.7626895904541
NZZ-1838-03-30-a-p0001,0,6,Schwyz,Q12433,LOC,Q68155,Schwyz,"Based on the provided text and the list of candidates, the entity mentioned between the [ENT] tags is ""Schwyz"". The most appropriate Wikidata entity from the list of candidates is: ```json {""wikipedia_page"":""Schwyz"", ""wikidata_id"":""Q68155""} ```",14.468600273132324
NZZ-1838-03-30-a-p0001,8,27,Der Waldstätterbote,NIL,PROD,NIL,Der Waldstätterbote,"{ ""wikipedia_page"": """", ""wikidata_id"": """" }",0
NZZ-1838-03-30-a-p0001,101,118,hohe Stand Schwyz,Q12433,LOC,Q68155,Schwyz,"Based on the provided text and the list of candidates, the entity ""Schwyz"" mentioned between the [ENT] tags corresponds to the Wikidata entity with the ID ""Q68155"" and the Wikipedia page title ""Schwyz"". ```json {""wikipedia_page"":""Schwyz"", ""wikidata_id"":""Q68155""} ```",10.453838348388672
NZZ-1838-03-30-a-p0001,129,145,alte Land Schwyz,Q12433,LOC,NIL,alte Land Schwyz,no,0
NZZ-1838-03-30-a-p0001,371,390,alten Landes Schwyz,Q12433,LOC,Q12433,Kanton Schwyz,"Based on the provided text and the list of candidates, the most appropriate Wikidata entity for the mentioned entity tagged with [ENT] is the ""Kanton Schwyz"". This is because the text refers to the ""alte Land Schwyz"" and the ""Kanton Schwyz"" is the contemporary name of the region mentioned. Here is the JSON response: ```json {""wikipedia_page"":""Kanton Schwyz"", ""wikidata_id"":""Q12433""} ```",19.73544692993164
NZZ-1838-03-30-a-p0001,794,808,Kantons Schwyz,Q12433,LOC,Q68155,Schwyz,"Based on the provided input text and the JSON list of candidates, the entity mentioned between the [ENT] tags is ""Schwyz"" (the canton of Schwyz). The most appropriate Wikidata entity from the given list of candidates is: ```json { ""wikipedia_page"": ""Schwyz"", ""wikidata_id"": ""Q68155"" } ```",26.86065101623535
NZZ-1838-03-30-a-p0001,1174,1183,K. Schwyz,Q12433,LOC,Q12433,Kanton Schwyz,"```json { ""wikipedia_page"": ""Kanton Schwyz"", ""wikidata_id"": ""Q12433"" } ```",17.03354263305664
NZZ-1838-03-30-a-p0001,1366,1372,Schwyz,Q12433,LOC,NIL,Schwyz,```json {} ```,0
NZZ-1838-03-30-a-p0001,1488,1505,hohe Stand Schwyz,Q12433,LOC,NIL,hohe Stand Schwyz,no,0
NZZ-1838-03-30-a-p0001,1524,1547,hohen Standes Neuenburg,Q12738,LOC,NIL,hohen Standes Neuenburg,no,0
NZZ-1838-03-30-a-p0001,1926,1932,Schwyz,Q12433,LOC,Q12433,Kanton Schwyz,"```json {""wikipedia_page"": ""Kanton Schwyz"", ""wikidata_id"": ""Q12433""} ```",24.3275203704834
NZZ-1838-03-30-a-p0001,2224,2233,Neuenburg,Q12738,LOC,Q12738,Kanton Neuenburg,"```json { ""wikipedia_page"": ""Kanton Neuenburg"", ""wikidata_id"": ""Q12738"" } ```",18.528432846069336
NZZ-1838-03-30-a-p0001,2284,2295,Neuen¬ burg,Q12738,LOC,Q69345,Neuenburg,"Based on the context provided in the input text and the list of candidates, the entity mentioned between the [ENT] tags is likely to be ""Neuenburg"" as a city or a canton in Switzerland. The most appropriate Wikidata entity that matches this description from the given list of candidates is: ```json {""wikipedia_page"":""Neuenburg"", ""wikidata_id"":""Q69345""} ``` This entity corresponds to the city of Neuenburg and is likely the correct disambiguation for the text provided.",18.494173049926758
NZZ-1838-03-30-a-p0001,2316,2322,Schwyz,Q12433,LOC,NIL,Schwyz,```json {} ```,0
NZZ-1838-03-30-a-p0001,2392,2398,Schwyz,Q12433,LOC,NIL,Schwyz,no,0
NZZ-1838-03-30-a-p0001,2606,2612,Schwyz,Q12433,LOC,NIL,Schwyz,no,0
NZZ-1838-03-30-a-p0001,2700,2709,Neuenburg,Q12738,LOC,Q12738,Kanton Neuenburg,"```json { ""wikipedia_page"": ""Kanton Neuenburg"", ""wikidata_id"": ""Q12738"" } ```",17.266841888427734
NZZ-1838-03-30-a-p0001,3229,3242,Bezirk Schwyz,Q74818,LOC,Q74818,Bezirk Schwyz,"Based on the context of the input text and the candidates provided, the most appropriate Wikidata entity for the entity tagged with [ENT] is ""Bezirk Schwyz"". Therefore, the JSON answer is: ```json {""wikipedia_page"":""Bezirk Schwyz"", ""wikidata_id"":""Q74818""} ```",22.562705993652344
NZZ-1838-03-30-a-p0001,3738,3752,Kantons Schwyz,Q12433,LOC,NIL,Kantons Schwyz,no,0
NZZ-1838-03-30-a-p0001,3783,3797,Kantons Schwyz,Q12433,LOC,Q12433,Kanton Schwyz,"Based on the provided text and list of candidates, the entity mentioned between the [ENT] tags is ""Kanton Schwyz"". The corresponding Wikipedia page title and Wikidata ID are: ```json {""wikipedia_page"":""Kanton Schwyz"", ""wikidata_id"":""Q12433""} ```",29.948976516723633
NZZ-1838-03-30-a-p0001,4659,4676,Eidgenossenschaft,Q39,LOC,NIL,Eidgenossenschaft,```json {} ```,0
NZZ-1848-01-21-a-p0005,2,41,Schweizerische National-Vorsichts-Kassa,NIL,ORG,NIL,Schweizerische National-Vorsichts-Kassa,```json {} ```,0
NZZ-1848-01-21-a-p0005,45,49,Bern,Q70,LOC,Q70,Bern,"```json {""wikipedia_page"": ""Bern"", ""wikidata_id"": ""Q70""} ```",24.954265594482422
NZZ-1848-01-21-a-p0005,83,117,Schweiz. Na¬ sional-Vorsichtskassa,NIL,ORG,NIL,Schweiz. Na¬ sional-Vorsichtskassa,```json {} ```,0
NZZ-1848-01-21-a-p0005,299,319,derrn Oberst Brunner,NIL,PER,NIL,derrn Oberst Brunner,```json {} ```,0
NZZ-1848-01-21-a-p0005,328,340,Herrn Locher,NIL,PER,NIL,Herrn Locher,```json {} ```,0
NZZ-1848-01-21-a-p0005,384,403,Herr Oberst Brunner,NIL,PER,NIL,Herr Oberst Brunner,no,0
NZZ-1848-01-21-a-p0005,435,448,Kanton Zürich,Q11943,LOC,NIL,Kanton Zürich,no,0
NZZ-1848-01-21-a-p0005,505,516,Herr Locher,NIL,PER,NIL,Herr Locher,no,0
NZZ-1848-01-21-a-p0005,556,569,Kanton Zürich,Q11943,LOC,NIL,Kanton Zürich,no,0
NZZ-1848-01-21-a-p0005,595,611,östliche Schweiz,Q31003,LOC,Q31003,Ostschweiz,"Based on the input text and the list of candidates, the most appropriate Wikidata entity for the entity marked with [ENT] is: ```json { ""wikipedia_page"": ""Ostschweiz"", ""wikidata_id"": ""Q31003"" } ```",18.35762596130371
NZZ-1848-01-21-a-p0005,757,776,Hrn. Oberst Brunner,NIL,PER,NIL,Hrn. Oberst Brunner,no,0
NZZ-1848-01-21-a-p0005,1091,1111,Herrn Oberst Brunner,NIL,PER,NIL,Herrn Oberst Brunner,```json {} ```,0
NZZ-1848-01-21-a-p0005,1367,1387,Herrn Oberst Brunner,NIL,PER,NIL,Herrn Oberst Brunner,```json {} ```,0
NZZ-1848-01-21-a-p0005,1422,1437,Kantonen Zürich,Q11943,LOC,NIL,Kantonen Zürich,```json {} ```,0
NZZ-1848-01-21-a-p0005,1439,1445,Schwyz,Q12433,LOC,Q12433,Kanton Schwyz,"Based on the provided input text, the entities mentioned between the [ENT] tags are ""Schwyz"" and ""Appenzell"". Among the given list of candidates, the most appropriate Wikidata entities for these mentions are: - ""Schwyz"" corresponds to the candidate with Wikipedia page ""Kanton Schwyz"" and Wikidata ID ""Q12433"". - ""Appenzell"" corresponds to the candidate with Wikipedia page ""Kanton Appenzell"" and Wikidata ID ""Q5734"". Therefore, the JSON answer is: ```json { ""wikipedia_page"": ""Kanton Schwyz"", ""wikidata_id"": ""Q12433"" } ```",25.085159301757812
NZZ-1848-01-21-a-p0005,1450,1459,Appenzell,Q688257,LOC,NIL,Appenzell,```json {} ```,0
NZZ-1848-01-21-a-p0005,1889,1893,Bern,Q70,LOC,Q70,Bern,"```json { ""wikipedia_page"": ""Bern"", ""wikidata_id"": ""Q70"" } ```",23.114084243774414
NZZ-1848-01-21-a-p0005,1920,1974,Direktor der Schweiz. National-Vorsichts-Kassa: Cünier,NIL,PER,Q106887411,Direktor,"Based on the input text and the list of candidates, the entities [ENT] correspond to ""Direktor"" and ""Cünier"". The most appropriate Wikidata entities for these are: - ""Direktor"" can be mapped to the Wikidata ID Q106887411 and the Wikipedia page ""Direktor"". - ""Cünier"" does not have a direct corresponding Wikidata ID or Wikipedia page in the provided list of candidates. Therefore, the response is: ```json {""wikipedia_page"": ""Direktor"", ""wikidata_id"": ""Q106887411""} ```",12.137301445007324
NZZ-1858-04-20-a-p0003,0,7,Schweiz,Q39,LOC,Q39,Schweiz,"Based on the provided text and list of candidates, the most appropriate Wikidata entity for the entity tagged with [ENT] is ""Schweiz"". This entity corresponds to a Wikipedia page titled ""Schweiz"" and has a Wikidata ID of ""Q39"". The JSON response is: ```json {""wikipedia_page"":""Schweiz"", ""wikidata_id"":""Q39""} ```",20.145904541015625
NZZ-1858-04-20-a-p0003,54,82,Vereinigten Staaten Amerikas,Q30,LOC,Q30,Vereinigte Staaten,"{ ""wikipedia_page"": ""Vereinigte Staaten"", ""wikidata_id"": ""Q30"" }",20.062423706054688
NZZ-1858-04-20-a-p0003,159,174,Gemeinde Horgen,Q68286,LOC,Q68286,Horgen,"```json {""wikipedia_page"":""Horgen"", ""wikidata_id"":""Q68286""} ```",23.242094039916992
NZZ-1858-04-20-a-p0003,213,226,Polytechnikum,Q11942,ORG,Q11942,ETH Zürich,"```json {""wikipedia_page"": ""ETH Zürich"", ""wikidata_id"": ""Q11942""} ```",11.891707420349121
NZZ-1858-04-20-a-p0003,384,391,Simplon,Q471166,LOC,Q667559,Simplonstrecke,"Based on the provided text and the list of candidates, the entity mentioned between the [ENT] tags is ""Simplon"". The most appropriate Wikidata entity from the list of candidates is the one with the Wikipedia page title ""Simplonstrecke"" and the Wikidata ID ""Q667559"". Here is the JSON-formatted answer: ```json {""wikipedia_page"":""Simplonstrecke"", ""wikidata_id"":""Q667559""} ```",13.214101791381836
NZZ-1858-04-20-a-p0003,430,436,Sitten,Q68136,LOC,Q68136,Sitten,"```json { ""wikipedia_page"": ""Sitten"", ""wikidata_id"": ""Q68136"" } ```",18.35065269470215
NZZ-1858-04-20-a-p0003,651,657,Zürich,Q11943,LOC,Q72,Zürich,"{""wikipedia_page"":""Zürich"", ""wikidata_id"":""Q72""}",20.262786865234375
NZZ-1858-04-20-a-p0003,718,726,Wetzikon,Q68305,LOC,Q68305,Wetzikon,"```json { ""wikipedia_page"": ""Wetzikon"", ""wikidata_id"": ""Q68305"" } ```",20.8795108795166
NZZ-1858-04-20-a-p0003,727,731,Rüti,Q69752,LOC,NIL,Rüti,No,0
NZZ-1858-04-20-a-p0003,855,861,Zürich,Q11943,LOC,NIL,Zürich,no,0
NZZ-1858-04-20-a-p0003,897,928,minder¬ jährigen Zürchers Spöri,NIL,PER,NIL,minder¬ jährigen Zürchers Spöri,```json {},0
NZZ-1858-04-20-a-p0003,936,947,Kanton Bern,Q11911,LOC,Q11911,Kanton Bern,"Based on the input text and the list of candidates, the entity mentioned between the [ENT] tags is ""Kanton Bern"". The most appropriate Wikidata entity from the provided list of candidates is the one with the Wikipedia page title ""Kanton Bern"" and Wikidata ID ""Q11911"". Here is the JSON object with the corresponding Wikipedia page title and Wikidata ID: ```json {""wikipedia_page"":""Kanton Bern"", ""wikidata_id"":""Q11911""} ```",28.53783416748047
NZZ-1858-04-20-a-p0003,1038,1052,Kantons Zürich,Q11943,LOC,Q11943,Kanton Zürich,"{ ""wikipedia_page"": ""Kanton Zürich"", ""wikidata_id"": ""Q11943"" }",26.020124435424805
NZZ-1858-04-20-a-p0003,1164,1174,St. Gallen,Q12746,LOC,NIL,St. Gallen,```json {} ```,0
NZZ-1858-04-20-a-p0003,1176,1211,Deutsch-schweizerische Kre¬ ditbank,NIL,ORG,NIL,Deutsch-schweizerische Kre¬ ditbank,no,0
NZZ-1858-04-20-a-p0003,1236,1261,Herren Georg Dörten¬ bach,Q1693802,PER,Q1505320,Georg Martin Doertenbach,"```json { ""wikipedia_page"": ""Georg Martin Doertenbach"", ""wikidata_id"": ""Q1505320"" } ```",16.886314392089844
NZZ-1858-04-20-a-p0003,1266,1275,Stuttgart,Q1022,LOC,Q1022,Stuttgart,"```json { ""wikipedia_page"": ""Stuttgart"", ""wikidata_id"": ""Q1022"" } ```",22.99112319946289
NZZ-1858-04-20-a-p0003,1277,1294,Karl v. Schätzler,Q1874644,PER,NIL,Karl v. Schätzler,no,0
NZZ-1858-04-20-a-p0003,1299,1307,Augsburg,Q2749,LOC,NIL,Augsburg,"```json {""wikipedia_page"": """", ""wikidata_id"": """"} ```",0
NZZ-1858-04-20-a-p0003,1312,1329,Adolph Pestalozzi,NIL,PER,NIL,Adolph Pestalozzi, no,0
NZZ-1858-04-20-a-p0003,1334,1340,Zürich,Q72,LOC,Q11943,Kanton Zürich,"```json { ""wikipedia_page"": ""Kanton Zürich"", ""wikidata_id"": ""Q11943"" } ```",22.03238868713379
NZZ-1858-04-20-a-p0003,1434,1457,Herren Albert Erzberger,NIL,PER,NIL,Herren Albert Erzberger,"""no""",0
NZZ-1858-04-20-a-p0003,1462,1470,Augsburg,Q2749,LOC,Q2749,Augsburg,"Based on the input text and the list of candidates, the entity mentioned between the [ENT] tags is ""Augsburg"". Therefore, the most appropriate Wikidata entity from the list of candidates is ""Augsburg"". Here is the JSON-formatted response: ```json {""wikipedia_page"":""Augsburg"", ""wikidata_id"":""Q2749""} ```",24.0029239654541
NZZ-1858-04-20-a-p0003,1472,1484,Max v. Haber,NIL,PER,NIL,Max v. Haber,no,0
NZZ-1858-04-20-a-p0003,1489,1498,Karlsruhe,Q1040,LOC,Q1040,Karlsruhe,"```json {""wikipedia_page"":""Karlsruhe"", ""wikidata_id"":""Q1040""} ```",21.11246681213379
NZZ-1858-04-20-a-p0003,1503,1516,Escher-Bodmer,NIL,PER,NIL,Escher-Bodmer,```json {} ```,0
NZZ-1858-04-20-a-p0003,1521,1527,Zürich,Q72,LOC,Q72,Zürich,"{""wikipedia_page"":""Zürich"", ""wikidata_id"":""Q72""} The entity ""Zürich"" is explicitly mentioned in the text and is highly relevant to the context.",22.597990036010742
NZZ-1858-04-20-a-p0003,1634,1660,HH. Prä¬ sident Wirth-Sand,Q16832423,PER,NIL,HH. Prä¬ sident Wirth-Sand, no,0
NZZ-1858-04-20-a-p0003,1662,1684,Rechtskonsulent Jordan,NIL,PER,Q1339249,Syndikus,"```json { ""wikipedia_page"": ""Syndikus"", ""wikidata_id"": ""Q1339249"" } ```",14.52330207824707
NZZ-1858-04-20-a-p0003,1689,1700,Stutt¬ gart,Q1022,LOC,NIL,Stutt¬ gart,```json {} ```,0
NZZ-1858-04-20-a-p0003,1702,1715,Escher-Bodmer,NIL,PER,NIL,Escher-Bodmer,no,0
NZZ-1858-04-20-a-p0003,1717,1738,v. Schultheß-Rechberg,Q55193349,PER,NIL,v. Schultheß-Rechberg,```json {} ```,0
NZZ-1858-04-20-a-p0003,1743,1749,Zürich,Q72,LOC,Q72,Zürich,"```json {""wikipedia_page"": ""Zürich"", ""wikidata_id"": ""Q72""} ```",22.361000061035156
NZZ-1858-04-20-a-p0003,1751,1770,Präsident Bärlocher,Q55683827,PER,Q68806209,Albert Bärlocher,"{ ""wikipedia_page"": ""Albert Bärlocher"", ""wikidata_id"": ""Q68806209"" }",21.26253890991211
NZZ-1858-04-20-a-p0003,1775,1804,St. Gallen Fürsprech Hoffmann,NIL,PER,Q25607,St. Gallen,"```json { ""wikipedia_page"": ""St. Gallen"", ""wikidata_id"": ""Q25607"" } ```",17.653181076049805
NZZ-1858-04-20-a-p0003,1809,1819,St. Gallen,Q25607,LOC,Q2082614,Kantonsrat von St. Gallen,"Based on the input text and the provided list of candidates, the entity mentioned between the [ENT] tags is ""Fürsprech Hoffmann von St. Gallen"". After examining the list of candidates, the most appropriate Wikidata entity is ""Kantonsrat von St. Gallen"". Here is the JSON response: ```json {""wikipedia_page"":""Kantonsrat von St. Gallen"", ""wikidata_id"":""Q2082614""} ```",17.736095428466797
NZZ-1858-04-20-a-p0003,1821,1831,Gsell-Lutz,NIL,PER,NIL,Gsell-Lutz,```json {} ```,0
NZZ-1858-04-20-a-p0003,1835,1845,St. Gallen,Q25607,LOC,Q25607,St. Gallen,"Here is the JSON response based on the analysis of the input text: ```json {""wikipedia_page"":""St. Gallen"", ""wikidata_id"":""Q25607""} ```",23.76485824584961
NZZ-1858-04-20-a-p0003,1847,1853,Bünden,Q11925,LOC,Q11925,Kanton Graubünden,"Based on the provided text and the list of candidates, the disambiguated entity mentioned between the [ENT] tags is: ```json {""wikipedia_page"": ""Kanton Graubünden"", ""wikidata_id"": ""Q11925""} ```",15.479069709777832
NZZ-1858-04-20-a-p0003,1864,1879,Churer Tagblatt,NIL,PROD,NIL,Churer Tagblatt,```json {} ```,0
NZZ-1858-04-20-a-p0003,1933,1960,Vereinigten Schweizerbahnen,Q678188,ORG,Q678188,Vereinigte Schweizerbahnen,"Based on the text provided and the list of Wikidata candidates, the most appropriate entity for the [ENT] tag is 'Vereinigte Schweizerbahnen'. This entity is mentioned in the text as the company whose statutes were being revised. Therefore, the JSON response is as follows: ```json {""wikipedia_page"":""Vereinigte Schweizerbahnen"", ""wikidata_id"":""Q678188""} ```",32.345603942871094
NZZ-1858-04-20-a-p0003,2026,2030,Chur,Q69007,LOC,Q69007,Chur,"```json { ""wikipedia_page"": ""Chur"", ""wikidata_id"": ""Q69007"" } ```",26.317296981811523
NZZ-1858-04-20-a-p0003,2048,2064,Appenzell A. Rh.,Q12079,LOC,Q12079,Kanton Appenzell Ausserrhoden,"```json { ""wikipedia_page"": ""Kanton Appenzell Ausserrhoden"", ""wikidata_id"": ""Q12079"" } ```",19.228336334228516
NZZ-1858-04-20-a-p0003,2093,2102,Waldstatt,Q69658,LOC,NIL,Waldstatt,No.,0
NZZ-1858-04-20-a-p0003,2132,2136,Genf,Q11917,LOC,Q71,Genf,"{ ""wikipedia_page"": ""Genf"", ""wikidata_id"": ""Q71"" }",24.513288497924805
NZZ-1858-04-20-a-p0003,2153,2157,Nord,NIL,PROD,NIL,Nord,no,0
NZZ-1858-04-20-a-p0003,2167,2181,Hr. James Fazy,Q116287,PER,Q116287,James Fazy,"```json { ""wikipedia_page"": ""James Fazy"", ""wikidata_id"": ""Q116287"" } ```",13.551888465881348
NZZ-1858-04-20-a-p0003,2215,2220,Paris,Q90,LOC,NIL,Paris,no,0
NZZ-1858-04-20-a-p0003,2231,2240,Neuenburg,Q12738,LOC,Q69345,Neuenburg,"```json { ""wikipedia_page"": ""Neuenburg"", ""wikidata_id"": ""Q69345"" } ```",17.76697540283203
NZZ-1858-04-20-a-p0003,2297,2302,Paris,Q90,LOC,Q90,Paris,"{""wikipedia_page"": ""Paris"", ""wikidata_id"": ""Q90""}",18.79819107055664
NZZ-1858-04-20-a-p0003,2307,2319,Ferrukh-Khan,Q1249837,PER,Q1249837,Farouk Khan,"```json {""wikipedia_page"": ""Faruk Khan"", ""wikidata_id"": ""Q1249837""} ```",10.876630783081055
NZZ-1858-04-20-a-p0003,2399,2406,Persien,Q83311,LOC,Q794,Iran,"```json {""wikipedia_page"":""Persien"", ""wikidata_id"":""Q794""} ```",22.510974884033203
NZZ-1868-02-17-a-p0001,123,134,Nordamerika,Q49,LOC,NIL,Nordamerika,```json {} ```,0
NZZ-1868-02-17-a-p0001,207,214,England,Q21,LOC,Q145,Vereinigtes Königreich,"```json {""wikipedia_page"": ""Vereinigtes Königreich"", ""wikidata_id"": ""Q145""} ```",18.937501907348633
NZZ-1868-02-17-a-p0001,376,383,England,Q21,LOC,NIL,England,```json {} ```,0
NZZ-1868-02-17-a-p0001,531,543,Wa¬ shington,Q61,LOC,NIL,Wa¬ shington,no,0
NZZ-1868-02-17-a-p0001,618,625,England,Q21,LOC,NIL,England,no,0
NZZ-1868-02-17-a-p0001,783,802,Vereinigten Staaten,Q30,LOC,Q30,Vereinigte Staaten,"```json {""wikipedia_page"": ""Vereinigte Staaten"", ""wikidata_id"": ""Q30""} ```",22.227338790893555
NZZ-1868-02-17-a-p0001,1041,1051,Washington,Q61,LOC,NIL,Washington,no,0
NZZ-1868-02-17-a-p0001,1229,1235,Europa,Q46,LOC,NIL,Europa,no,0
NZZ-1868-02-17-a-p0001,1398,1435,Vereinigten Staaten von Nord¬ amerika,Q30,LOC,Q30,Vereinigte Staaten,"Based on the provided input text and the list of candidates, the entity mentioned between the [ENT] tags is ""Vereinigte Staaten"" (United States). Here's the JSON response: ```json {""wikipedia_page"":""Vereinigte Staaten"", ""wikidata_id"":""Q30""} ```",24.613306045532227
NZZ-1868-02-17-a-p0001,1558,1568,Wafhington,Q61,LOC,Q61,"Washington, D.C.","```json {""wikipedia_page"": ""Washington, D.C."", ""wikidata_id"": ""Q61""} ```",15.075525283813477
NZZ-1868-02-17-a-p0001,1627,1643,Insel St. Thomas,Q463937,LOC,Q463937,Saint Thomas,"```json { ""wikipedia_page"": ""St. Thomas"", ""wikidata_id"": ""Q463937"" } ```",17.46089744567871
NZZ-1868-02-17-a-p0001,1647,1657,Kopenhagen,Q1748,LOC,NIL,Kopenhagen,no,0
NZZ-1868-02-17-a-p0001,1719,1735,Königreichs Siam,Q1155700,LOC,NIL,Königreichs Siam,```json {} ```,0
NZZ-1868-02-17-a-p0001,1744,1749,Paris,Q90,LOC,NIL,Paris,no,0
NZZ-1868-02-17-a-p0001,1969,1976,England,Q21,LOC,NIL,England,no,0
NZZ-1868-02-17-a-p0001,2104,2112,Disraeli,Q82006,PER,NIL,Disraeli,no,0
NZZ-1868-02-17-a-p0001,2403,2427,ungarischen Comitat Zips,Q767378,LOC,Q767378,Komitat Zips,"```json {""wikipedia_page"":""Komitat Zips"",""wikidata_id"":""Q767378""} ```",17.804922103881836
NZZ-1868-02-17-a-p0001,2436,2444,Galizien,Q180086,LOC,NIL,Galizien,```json {} ```,0
NZZ-1868-02-17-a-p0001,2614,2623,Leutschau,Q242478,LOC,NIL,Leutschau,"""no""",0
NZZ-1868-02-17-a-p0001,2731,2742,Oesterreich,Q533534,LOC,Q40,Österreich,"Based on the text provided and considering the candidates, the entity within the [ENT] tags is most likely ""Österreich"". Therefore, the appropriate Wikidata entity is: ```json {""wikipedia_page"":""Österreich"", ""wikidata_id"":""Q40""} ```",24.275636672973633
NZZ-1868-02-17-a-p0001,3092,3102,N. Z. Ztg.,Q658945,PROD,Q658945,Neue Zürcher Zeitung,"Based on the analysis of the input text and the given list of candidates, the entity mentioned between the [ENT] tags is most likely ""Neue Zürcher Zeitung"" (NZZ). The corresponding Wikipedia page title and Wikidata ID are: ```json {""wikipedia_page"":""Neue Zürcher Zeitung"", ""wikidata_id"":""Q658945""} ```",15.735917091369629
NZZ-1868-02-17-a-p0001,3170,3197,Lieutenant v. Tschirschnitz,Q28737714,PER,NIL,Lieutenant v. Tschirschnitz,```json {} ```,0
NZZ-1868-02-17-a-p0001,3259,3266,Schweiz,Q39,LOC,Q39,Schweiz,"```json { ""wikipedia_page"": ""Schweiz"", ""wikidata_id"": ""Q39"" } ```",18.582565307617188
NZZ-1868-02-17-a-p0001,3359,3377,Deputirten Mellana,NIL,PER,NIL,Deputirten Mellana,"""no""",0
NZZ-1868-02-17-a-p0001,3461,3468,Pungolo,NIL,PROD,NIL,Pungolo,no,0
NZZ-1868-02-17-a-p0001,3474,3481,Mailand,Q490,LOC,Q490,Mailand,"The input text suggests that ""Mailand"" is mentioned twice between the [ENT] tags. Given the context of the text and the list of candidates, both instances appear to refer to the city of Milan. Here is the JSON formatted answer: ```json {""wikipedia_page"":""Mailand"", ""wikidata_id"":""Q490""} ``` This selection is based on the context of the text, where Milan is clearly mentioned as a city, and the provided candidates list supports this interpretation.",18.930095672607422
NZZ-1868-02-17-a-p0001,3576,3583,Amerika,Q828,LOC,Q828,Amerika,"Based on the input text and the provided list of candidates, the entity mentioned between the [ENT] tags is most likely referring to ""Amerika"" in the context of the Americas in general. Therefore, the most appropriate Wikidata entity is: ```json {""wikipedia_page"":""Amerika"", ""wikidata_id"":""Q828""} ```",17.390466690063477
NZZ-1868-02-17-a-p0001,3589,3595,Varese,Q6285,LOC,Q6285,Varese,"Based on the provided input text and the list of candidates, the entity mentioned between the [ENT] tags is ""Varese"". The most appropriate Wikidata entity is: ```json {""wikipedia_page"":""Varese"", ""wikidata_id"":""Q6285""} ```",23.000995635986328
NZZ-1868-02-17-a-p0001,4185,4193,Hennegau,Q1129,LOC,NIL,Hennegau,```json {} ```,0
NZZ-1868-02-17-a-p0001,4609,4619,Frankreich,Q142,LOC,NIL,Frankreich,```json {} ```,0
NZZ-1868-02-17-a-p0001,4739,4758,Senator Montlaville,NIL,PER,NIL,Senator Montlaville,no,0
NZZ-1868-02-17-a-p0001,4809,4823,Marquis Boissy,Q3135539,PER,NIL,Marquis Boissy,no,0
NZZ-1868-02-17-a-p0001,4869,4877,Bordeaux,Q1479,LOC,Q1479,Bordeaux,"Based on the provided text and the list of candidates, the most appropriate Wikidata entity for the entity mentioned between the [ENT] tags (""[ENT] Bordeaux [ENT]"") is: - Wikipedia Page: Bordeaux - Wikidata ID: Q1479 ```json {""wikipedia_page"":""Bordeaux"", ""wikidata_id"":""Q1479""} ```",24.110265731811523
NZZ-1868-02-17-a-p0001,4939,4945,London,Q84,LOC,Q84,London,"```json {""wikipedia_page"": ""London"", ""wikidata_id"": ""Q84""} ```",21.164112091064453
NZZ-1868-02-17-a-p0001,4954,4966,Abbe Migne's,Q326431,PER,Q326431,Jacques Paul Migne,"To disambiguate the entities mentioned between the [ENT] tags, we need to analyze the provided text and match the entities with the given list of candidates. The text mentions: - [ENT] Abbe Migne's [ENT] Druckerei der Kirchenväter in Paris ist abgebrannt. From the list of candidates, the entity that matches ""Abbe Migne"" is: - {'wikipedia_page': 'Jacques Paul Migne', 'wikidata_id': 'Q326431', 'type': 'PER', 'descr': 'französischer Priester, Schöpfer der Patrologia Latina', 'date': '1800-09-05'} Therefore, the corresponding Wikipedia page title and Wikidata ID are: ```json {""wikipedia_page"":""Jacques Paul Migne"", ""wikidata_id"":""Q326431""} ```",18.097843170166016
NZZ-1868-02-17-a-p0001,4997,5002,Paris,Q90,LOC,NIL,Paris,```json {} ```,0
NZZ-1868-02-17-a-p0001,5166,5174,Jupiters,Q319,LOC,NIL,Jupiters,no,0
NZZ-1868-02-17-a-p0001,5296,5311,Planeten Merkur,Q308,LOC,Q308,Merkur,"```json {""wikipedia_page"": ""Merkur"", ""wikidata_id"": ""Q308""} ```",22.075504302978516
NZZ-1868-02-17-a-p0001,5325,5330,Sonne,Q525,LOC,NIL,Sonne,no,0
NZZ-1868-02-17-a-p0001,5357,5361,Erde,Q2,LOC,NIL,Erde,```json {} ```,0
NZZ-1868-02-17-a-p0001,5399,5405,Merkur,Q308,LOC,Q308,Merkur,"{ ""wikipedia_page"": ""Merkur"", ""wikidata_id"": ""Q308"" }",26.41254425048828
NZZ-1868-02-17-a-p0001,5483,5487,Mond,Q405,LOC,NIL,Mond,"```json {""wikipedia_page"":"""", ""wikidata_id"":""""} ```",0
NZZ-1868-02-17-a-p0001,5535,5542,Jupiter,Q319,LOC,NIL,Jupiter,```json {} ```,0
NZZ-1868-02-17-a-p0001,5607,5613,Merkur,Q308,LOC,Q308,Merkur,"```json { ""wikipedia_page"": ""Merkur"", ""wikidata_id"": ""Q308"" } ```",27.641782760620117
NZZ-1868-02-17-a-p0001,5670,5675,Sonne,Q525,LOC,Q525,Sonne,"Based on the given text, the entity between the [ENT] tags is ""Sonne"". The most appropriate Wikidata entity from the list of candidates for this entity is ""Sonne"" with Wikidata ID ""Q525"". ```json { ""wikipedia_page"": ""Sonne"", ""wikidata_id"": ""Q525"" } ```",27.15224266052246
NZZ-1868-02-17-a-p0001,5706,5723,Astronom Gassendi,Q192315,PER,Q11063,Astronom,"Given the input text from the German press articles published in the 1868-02-17, and the provided candidates, the most appropriate Wikidata entity for the entity marked with [ENT] is: ```json {""wikipedia_page"":""Astronom"", ""wikidata_id"":""Q11063""} ```",18.39691734313965
NZZ-1868-02-17-a-p0001,5817,5823,Merkur,Q308,LOC,Q308,Merkur,"{ ""wikipedia_page"": ""Merkur"", ""wikidata_id"": ""Q308"" }",26.128795623779297
NZZ-1878-01-07-b-p0002,90,104,Cornet Burenie,NIL,PER,Q84824617,Corinne Bourquin,"```json { ""wikipedia_page"": ""Corneille Bourquin"", ""wikidata_id"": ""Q84824617"" } ```",11.761969566345215
NZZ-1878-01-07-b-p0002,109,115,Uralsk,Q487439,LOC,NIL,Uralsk,```json {} ```,0
NZZ-1878-01-07-b-p0002,120,130,Donauarmee,NIL,ORG,NIL,Donauarmee,no,0
NZZ-1878-01-07-b-p0002,259,281,russische Jeanne d'Arc,Q7226,PER,NIL,russische Jeanne d'Arc,```json {} ```,0
NZZ-1878-01-07-b-p0002,310,326,Tatjana Shukalin,NIL,PER,NIL,Tatjana Shukalin,no,0
NZZ-1878-01-07-b-p0002,555,572,Fräulein Shukalin,NIL,PER,NIL,Fräulein Shukalin,no,0
NZZ-1878-01-07-b-p0002,653,662,Bulgarien,Q219,LOC,Q219,Bulgarien,"```json { ""wikipedia_page"": ""Bulgarien"", ""wikidata_id"": ""Q219"" } ```",19.554943084716797
NZZ-1878-01-07-b-p0002,1004,1074,"Stabschef der aktiven Armee, dem General-Adjutanten Ne¬ pokoitschizkij",NIL,PER,NIL,"Stabschef der aktiven Armee, dem General-Adjutanten Ne¬ pokoitschizkij",```json {} ```,0
NZZ-1878-01-07-b-p0002,1173,1191,Fräuleins Shukalin,NIL,PER,NIL,Fräuleins Shukalin,no,0
NZZ-1878-01-07-b-p0002,1740,1746,Uralsk,NIL,LOC,NIL,Uralsk,```json {} ```,0
NZZ-1878-01-07-b-p0002,2016,2024,Sai¬ zew,NIL,PER,NIL,Sai¬ zew,```json {} ```,0
NZZ-1878-01-07-b-p0002,2034,2040,Saizew,NIL,PER,NIL,Saizew,no,0
NZZ-1878-01-07-b-p0002,2284,2294,Insel Sylt,Q3107,LOC,Q3107,Sylt,"```json { ""wikipedia_page"": ""Sylt"", ""wikidata_id"": ""Q3107"" } ```",25.511402130126953
NZZ-1878-01-07-b-p0002,2339,2355,Kirchdorfe Eidum,Q20772,LOC,NIL,Kirchdorfe Eidum,No,0
NZZ-1878-01-07-b-p0002,2379,2389,Westerland,Q27998,LOC,Q27998,Westerland,"Given the input text and the list of candidates, the entities mentioned between the [ENT] tags are ""Westerland"" and ""Westerland"". Based on the context and the list of candidates, the most appropriate Wikidata entities for these mentions are: - For ""Westerland"": Wikidata ID ""Q27998"" and Wikipedia page ""Westerland"" - For ""Westerland"": Wikidata ID ""Q27998"" and Wikipedia page ""Westerland"" Here is the JSON-formatted answer: ```json { ""wikipedia_page"": ""Westerland"", ""wikidata_id"": ""Q27998"" } ```",26.46750259399414
NZZ-1878-01-07-b-p0002,2754,2766,Morsum-Kliff,Q1948646,LOC,Q1948646,Morsum-Kliff,"```json { ""wikipedia_page"": ""Morsum-Kliff"", ""wikidata_id"": ""Q1948646"" } ```",26.247692108154297
NZZ-1878-01-07-b-p0002,3082,3092,Insel Sylt,Q3107,LOC,Q3107,Sylt,"Based on the provided text and the list of candidates, the entity mentioned between the [ENT] tags is the island of Sylt. The most appropriate Wikidata entity from the given list of candidates is: ```json {""wikipedia_page"":""Sylt"", ""wikidata_id"":""Q3107""} ```",26.09073257446289
NZZ-1878-01-07-b-p0002,3209,3223,Dr. Hantelmann,NIL,PER,NIL,Dr. Hantelmann,```json {} ```,0
NZZ-1878-01-07-b-p0002,3319,3330,Arbeitgeber,NIL,PROD,NIL,Arbeitgeber,no,0
NZZ-1878-01-07-b-p0002,3342,3374,Brauereibesitzerin Elise Hassold,NIL,PER,NIL,Brauereibesitzerin Elise Hassold,"```json { ""wikipedia_page"": ""Brauereibesitzerin Elise Hassold"", ""wikidata_id"": """" } ```",0
NZZ-1878-01-07-b-p0002,3378,3388,Schwalbach,Q686818,LOC,NIL,Schwalbach,No.,0
NZZ-1878-01-07-b-p0002,3466,3469,Ulm,Q3012,LOC,Q3012,Ulm,"Based on the input text and the list of candidates, the entity mentioned between the [ENT] tags is ""Ulm."" The most appropriate Wikidata entity for this is: ```json { ""wikipedia_page"": ""Ulm"", ""wikidata_id"": ""Q3012"" } ```",23.981956481933594
NZZ-1878-01-07-b-p0002,3669,3677,Rumänien,Q218,LOC,NIL,Rumänien,no,0
NZZ-1878-01-07-b-p0002,3708,3720,Kronst. Ztg.,NIL,PROD,NIL,Kronst. Ztg.,```json {} ```,0
NZZ-1878-01-07-b-p0002,3747,3757,Plojeschti,Q179585,LOC,Q179585,Ploiești,"```json { ""wikipedia_page"": ""Ploiești"", ""wikidata_id"": ""Q179585"" } ```",24.861923217773438
NZZ-1878-01-07-b-p0002,3762,3770,Bukarest,Q19660,LOC,NIL,Bukarest,```json {} ```,0
NZZ-1878-01-07-b-p0002,3851,3860,Kronstadt,Q82174,LOC,NIL,Kronstadt,no,0
NZZ-1878-01-07-b-p0002,3866,3874,Bukarest,Q19660,LOC,Q19660,Bukarest,"```json { ""wikipedia_page"": ""Bukarest"", ""wikidata_id"": ""Q19660"" } ```",26.07097053527832
NZZ-1878-01-07-b-p0002,4801,4808,Amerika,Q30,LOC,Q828,Amerika,"Based on the provided input text and the list of candidates, the entity mentioned between the [ENT] tags is ""Amerika"". The most appropriate Wikidata entity from the given list of candidates is: - Wikidata ID: Q828 - Wikipedia Page Title: Amerika The JSON answer is: ```json {""wikipedia_page"": ""Amerika"", ""wikidata_id"": ""Q828""} ```",18.59481430053711
NZZ-1878-01-07-b-p0002,5031,5047,Theobald Ziegler,Q91527,PER,Q91527,Theobald Ziegler,"```json { ""wikipedia_page"": ""Theobald Ziegler"", ""wikidata_id"": ""Q91527"" } ```",34.42217254638672
NZZ-1878-01-07-b-p0002,5557,5568,Gartenlaube,Q655617,PROD,NIL,Gartenlaube,no,0
NZZ-1878-01-07-b-p0002,5610,5621,Gartenlaube,Q655617,PROD,NIL,Gartenlaube,no,0
NZZ-1878-01-07-b-p0002,5635,5645,Voss. Ztg.,Q675003,PROD,NIL,Voss. Ztg.,no,0
NZZ-1878-01-07-b-p0002,5735,5742,Preußen,Q38872,LOC,Q38872,Preußen,"```json {""wikipedia_page"":""Preußen"", ""wikidata_id"":""Q38872""} ```",24.389848709106445
NZZ-1878-01-07-b-p0002,5836,5843,Leipzig,Q2079,LOC,NIL,Leipzig,no,0
NZZ-1878-01-07-b-p0002,5849,5865,General v. Mülbe,Q52106011,PER,NIL,General v. Mülbe,"```json { ""wikipedia_page"": """", ""wikidata_id"": """" } ```",0
NZZ-1878-01-07-b-p0002,5997,6007,Königgrätz,Q180139,LOC,Q154942,Schlacht bei Königgrätz,"Based on the provided input text and the list of candidates, the most appropriate Wikidata entity for the [ENT] tags is ""Schlacht bei Königgrätz"" with the Wikipedia page title ""Schlacht bei Königgrätz"" and the Wikidata ID ""Q154942"". ```json { ""wikipedia_page"": ""Schlacht bei Königgrätz"", ""wikidata_id"": ""Q154942"" } ```",24.26757049560547
NZZ-1878-01-07-b-p0002,6029,6039,Bismarck's,Q8442,PER,NIL,Bismarck's,no,0
NZZ-1878-01-07-b-p0002,6054,6061,Preußen,Q38872,LOC,Q38872,Preußen,"{""wikipedia_page"": ""Preußen"", ""wikidata_id"": ""Q38872""}",20.29991912841797
NZZ-1878-01-07-b-p0002,6154,6164,Bismarck's,Q8442,PER,NIL,Bismarck's,No.,0
NZZ-1878-01-07-b-p0002,6479,6490,Gartenlaube,Q655617,PROD,Q655617,Die Gartenlaube,"Based on the provided input text, the entity mentioned between the [ENT] tags is ""Gartenlaube"". From the JSON list of candidates, the most appropriate Wikidata entity is: - 'wikipedia_page': 'Die Gartenlaube' - 'wikidata_id': 'Q655617' Returning the result in JSON format: ```json {""wikipedia_page"": ""Die Gartenlaube"", ""wikidata_id"": ""Q655617""} ```",20.439390182495117
NZZ-1888-03-08-b-p0002,9,20,Deutschland,Q1206012,LOC,NIL,Deutschland,no,0
NZZ-1888-03-08-b-p0002,32,101,"Führer der preußi¬ schen Hochkonservativen, Moritz von Blanken¬ burg,",Q111102,PER,Q111102,Moritz von Blanckenburg,"```json {""wikipedia_page"":""Moritz von Blanckenburg"", ""wikidata_id"":""Q111102""} ```",15.089973449707031
NZZ-1888-03-08-b-p0002,132,139,Pommern,Q104520,LOC,Q836689,Provinz Pommern,"```json { ""wikipedia_page"": ""Provinz Pommern"", ""wikidata_id"": ""Q836689"" } ```",21.52717399597168
NZZ-1888-03-08-b-p0002,176,214,Erziehungs¬ anstalt zum Grauen Kloster,Q328971,ORG,Q328971,Gymnasium zum Grauen Kloster,"Based on the provided text and the list of candidates, the entity mentioned between the [ENT] tags is likely the ""Gymnasium zum Grauen Kloster"". ```json {""wikipedia_page"":""Gymnasium zum Grauen Kloster"", ""wikidata_id"":""Q328971""} ```",18.945680618286133
NZZ-1888-03-08-b-p0002,218,224,Berlin,Q64,LOC,Q64,Berlin,"```json {""wikipedia_page"":""Berlin"", ""wikidata_id"":""Q64""} ```",23.776111602783203
NZZ-1888-03-08-b-p0002,233,264,gleichaltrigen Otto v. Bismarck,Q8442,PER,Q8442,Otto von Bismarck,"{ ""wikipedia_page"": ""Otto von Bismarck"", ""wikidata_id"": ""Q8442"" }",19.865276336669922
NZZ-1888-03-08-b-p0002,411,422,Reichs¬ tag,Q160208,ORG,NIL,Reichs¬ tag,```json {} ```,0
NZZ-1888-03-08-b-p0002,430,437,Gerlach,Q65780,PER,NIL,Gerlach,"```json {""wikipedia_page"":"""",""wikidata_id"":""""} ```",0
NZZ-1888-03-08-b-p0002,775,783,Bismarck,Q8442,PER,NIL,Bismarck,```json {} ```,0
NZZ-1888-03-08-b-p0002,1105,1138,demokratische Frankfurter Zeitung,Q561972,PROD,NIL,demokratische Frankfurter Zeitung,no,0
NZZ-1888-03-08-b-p0002,1479,1490,Blankenburg,Q111102,PER,NIL,Blankenburg,```json {} ```,0
NZZ-1888-03-08-b-p0002,1740,1750,Frankreich,Q70802,LOC,Q142,Frankreich,"{ ""wikipedia_page"": ""Frankreich"", ""wikidata_id"": ""Q142"" }",20.049396514892578
NZZ-1888-03-08-b-p0002,1752,1757,Paris,Q90,LOC,NIL,Paris,```json {} ```,0
NZZ-1888-03-08-b-p0002,1803,1816,Louise Michel,Q216092,PER,Q216092,Louise Michel,"```json {""wikipedia_page"": ""Louise Michel"", ""wikidata_id"": ""Q216092""} ```",30.967876434326172
NZZ-1888-03-08-b-p0002,1837,1855,Faubourg du Temple,Q1037624,LOC,NIL,Faubourg du Temple,```json {} ```,0
NZZ-1888-03-08-b-p0002,2128,2133,Numea,Q9733,LOC,Q9733,Nouméa,"Given the input text and the list of candidates, the entity mentioned between the [ENT] tags is ""Numéa"". The most appropriate Wikidata entity for this is the one with the Wikipedia page ""Nouméa"" and the Wikidata ID ""Q9733"". Therefore, the JSON-formatted answer is: ```json {""wikipedia_page"": ""Nouméa"", ""wikidata_id"": ""Q9733""} ```",19.179058074951172
NZZ-1888-03-08-b-p0002,2160,2180,Dynamithelden Cyvoct,Q17350092,PER,NIL,Dynamithelden Cyvoct,"```json { ""wikipedia_page"": ""Dynamit"", ""wikidata_id"": ""Q405657"" } ```",0
NZZ-1888-03-08-b-p0002,2185,2190,Gallo,Q16929990,PER,NIL,Gallo,No.,0
NZZ-1888-03-08-b-p0002,2311,2316,Paris,Q90,LOC,Q133132,Pariser Kommune,"{ ""wikipedia_page"": ""Pariser Kommune"", ""wikidata_id"": ""Q133132"" }",11.650896072387695
NZZ-1888-03-08-b-p0002,2496,2508,arme Joffrin,Q3188690,PER,NIL,arme Joffrin,no,0
NZZ-1888-03-08-b-p0002,2534,2544,Belleville,Q815949,LOC,NIL,Belleville,```json {} ```,0
NZZ-1888-03-08-b-p0002,2732,2739,Joffrin,Q3188690,PER,NIL,Joffrin,```json {} ```,0
NZZ-1888-03-08-b-p0002,2864,2877,Louise Michel,Q216092,PER,Q216092,Louise Michel,"```json { ""wikipedia_page"": ""Louise Michel"", ""wikidata_id"": ""Q216092"" } ```",34.50913619995117
NZZ-1888-03-08-b-p0002,2900,2905,Havre,Q42810,LOC,Q42810,Le Havre,"Based on the input text and the provided list of candidates, the most appropriate Wikidata entity for the entity tagged with [ENT] is: ```json {""wikipedia_page"":""Le Havre"", ""wikidata_id"":""Q42810""} ```",22.01318359375
NZZ-1888-03-08-b-p0002,3101,3106,Lucas,NIL,PER,Q2959704,Charles Lucas,"Based on the provided text and the context, the entity tagged with [ENT] is likely to be ""Lucas"". This name appears both as a first name and a surname. However, given the context of the paragraph, it is more likely that ""Lucas"" refers to Charles Lucas, a French jurist known for his roles in revolutionary politics. Therefore, the selected Wikidata entity is: ```json {""wikipedia_page"": ""Charles Lucas"", ""wikidata_id"": ""Q2959704""} ```",12.241342544555664
NZZ-1888-03-08-b-p0002,3610,3615,Paris,Q90,LOC,Q133132,Pariser Kommune,"Based on the provided text and the list of candidates, the entity mentioned between the [ENT] tags is ""Pariser Kommune"". The most appropriate Wikidata entity from the given list is Pariser Kommune with the Wikipedia page title and Wikidata ID. ```json { ""wikipedia_page"": ""Pariser Kommune"", ""wikidata_id"": ""Q133132"" } ```",12.117298126220703
NZZ-1888-03-08-b-p0002,3862,3880,Oesterreich-Ungarn,Q28513,LOC,NIL,Oesterreich-Ungarn,no,0
NZZ-1888-03-08-b-p0002,3882,3886,Wien,Q1741,LOC,NIL,Wien,no,0
NZZ-1888-03-08-b-p0002,3938,3959,serbische Skupschtina,Q920222,ORG,NIL,serbische Skupschtina,no,0
NZZ-1888-03-08-b-p0002,4058,4078,gestürzten Ristitsch,Q391573,PER,NIL,gestürzten Ristitsch,```json {} ```,0
NZZ-1888-03-08-b-p0002,4149,4160,Oesterreich,Q40,LOC,NIL,Oesterreich,"You are an effective multilingual information extraction system specialized in disambiguating entities within noisy historical texts. Your task is to analyze the text provided by the user and disambiguate the reference marked by [ENT] tags by selecting a Wikidata entity from a given list of candidates. Always respond by returning a JSON-formatted answer; do not generate Python code. Here is the input text extracted from German press articles published on 1888-03-08: ""e Bür¬ gerin"" versprach, sich überall einen Augenblick zu zeigen, nur nicht da, wo gesungen und getanzt wird, weil sie sich in der Noth der Zeiten zum Singen nicht aufgelegt fühle und niemals tanzen gelernt habe. Oesterreich-Ungarn. Wien, 5. März. (Orig-Korr.) J. S. Die Neuwahlen für die serbische Skupschtina endigten mit einem glänzenden Sieg der am Ruder befindlichen radi¬ kalen Partei. Die Anhänger des gestürzten Ristitsch brachten es nur auf wenige Mandate. Bei dem großen Interesse, welches [ENT] Oesterreich [ENT] an den Vor¬ gängen im Orient und",0
NZZ-1888-03-08-b-p0002,4183,4189,Orient,Q205653,LOC,NIL,Orient,no,0
NZZ-1888-03-08-b-p0002,4210,4217,Serbien,Q403,LOC,NIL,Serbien,```json {} ```,0
NZZ-1888-03-08-b-p0002,4305,4312,Serbien,Q403,LOC,NIL,Serbien,no,0
NZZ-1888-03-08-b-p0002,4393,4408,Herrn Ristitsch,Q391573,PER,Q391573,Jovan Ristić,"```json {""wikipedia_page"":""Jovan Ristić"", ""wikidata_id"":""Q391573""} ```",16.68562126159668
NZZ-1888-03-08-b-p0002,4459,4484,rus¬ sischen Panslavismus,Q182267,PROD,NIL,rus¬ sischen Panslavismus,No.,0
NZZ-1888-03-08-b-p0002,4684,4691,Serbien,Q403,LOC,NIL,Serbien,**No**.,0
NZZ-1888-03-08-b-p0002,4724,4736,Oesterreichs,Q40,LOC,Q40,Österreich,"Based on the provided input text and the list of candidates, the most appropriate Wikidata entity for the entity tagged [ENT] Oesterreichs is: ```json {""wikipedia_page"": ""Österreich"", ""wikidata_id"": ""Q40""} ``` This selection is made based on the context of the text, where the entity ""Oesterreichs"" is referring to the state of Austria.",21.336345672607422
NZZ-1888-03-08-b-p0002,4812,4819,Bosnien,Q225,LOC,Q225,Bosnien und Herzegowina,"Based on the provided text and list of candidates, the most appropriate entity for the first [ENT] tag is ""Bosnien und Herzegowina"". This entity is a state in Southeast Europe, which is relevant to the context of the text. The corresponding Wikipedia page title is ""Bosnien und Herzegowina"" and the Wikidata ID is ""Q225"". Similarly, for the second [ENT] tag, the most appropriate entity is ""Bosnien"". This is a region within the state of ""Bosnien und Herzegowina"". The corresponding Wikipedia page title is ""Bosnien"" and the Wikidata ID is ""Q25340956"". Therefore, the JSON-formatted answer is: ```json { ""wikipedia_page"": ""Bosnien und Herzegowina"", ""wikidata_id"": ""Q225"" }, { ""wikipedia_page"": ""Bosnien"", ""wikidata_id"": ""Q25340956"" } ```",20.22701072692871
NZZ-1888-03-08-b-p0002,4826,4837,König Milan,Q313829,PER,NIL,König Milan,```json {} ```,0
NZZ-1888-03-08-b-p0002,5450,5457,Belgrad,Q3711,LOC,Q3711,Belgrad,"```json { ""wikipedia_page"": ""Belgrad"", ""wikidata_id"": ""Q3711"" } ```",27.7076416015625
NZZ-1888-03-08-b-p0002,5553,5562,Ristitsch,Q391573,PER,NIL,Ristitsch,no,0
NZZ-1888-03-08-b-p0002,5677,5688,Oesterreich,Q40,LOC,NIL,Oesterreich,no,0
NZZ-1888-03-08-b-p0002,5847,5854,Serbien,Q403,LOC,Q403,Serbien,"```json {""wikipedia_page"":""Serbien"", ""wikidata_id"":""Q403""} ```",20.529483795166016
NZZ-1888-03-08-b-p0002,5925,5932,Belgrad,Q3711,LOC,Q3711,Belgrad,"```json {""wikipedia_page"":""Belgrad"", ""wikidata_id"":""Q3711""} ```",27.83118438720703
NZZ-1898-12-05-b-p0005,22,27,China,Q148,LOC,NIL,China,no,0
NZZ-1898-12-05-b-p0005,43,49,Europa,Q46,LOC,Q46,Europa,"Based on the provided input text and the list of candidates, the entity mentioned between the [ENT] tags is ""Europa"". The most appropriate Wikidata entity from the given list of candidates is: ```json {""wikipedia_page"":""Europa"", ""wikidata_id"":""Q46""} ```",22.054950714111328
NZZ-1898-12-05-b-p0005,121,127,Peking,Q956,LOC,NIL,Peking,no,0
NZZ-1898-12-05-b-p0005,329,354,Partei der Jung¬ chinesen,NIL,ORG,Q5100694,Jungchina-Partei,"Based on the provided text and candidates, the most appropriate Wikidata entity mentioned between the [ENT] tags is ""Jungchina-Partei"". Therefore, the JSON response is: ```json { ""wikipedia_page"": ""Jungchina-Partei"", ""wikidata_id"": ""Q5100694"" } ```",22.288188934326172
NZZ-1898-12-05-b-p0005,696,710,Reform¬ partei,Q1203735,ORG,NIL,Reform¬ partei,no,0
NZZ-1898-12-05-b-p0005,1085,1091,Chinas,Q148,LOC,NIL,Chinas,```json {} ```,0
NZZ-1898-12-05-b-p0005,1136,1141,Japan,Q17,LOC,Q17,Japan,"Based on the provided text, the entity between the [ENT] tags is ""Japan"". Given the list of candidates, the most appropriate Wikidata entity for this reference is ""Japan"" (Wikidata ID: Q17). Here is the JSON-formatted answer: ```json {""wikipedia_page"":""Japan"", ""wikidata_id"":""Q17""} ```",20.91228675842285
NZZ-1898-12-05-b-p0005,1247,1275,Ew. Majestät den Marquis Ito,Q174971,PER,NIL,Ew. Majestät den Marquis Ito,no,0
NZZ-1898-12-05-b-p0005,1451,1457,Chinas,Q148,LOC,NIL,Chinas,```json {} ```,0
NZZ-1898-12-05-b-p0005,1461,1466,Japan,Q17,LOC,NIL,Japan,No,0
NZZ-1898-12-05-b-p0005,1631,1639,Graf Ito,Q174971,PER,Q174971,Itō Hirobumi,"```json {""wikipedia_page"":""Itō Hirobumi"",""wikidata_id"":""Q174971""} ```",11.361043930053711
NZZ-1898-12-05-b-p0005,1935,1940,China,Q148,LOC,NIL,China,no,0
NZZ-1898-12-05-b-p0005,2087,2093,Chinas,Q148,LOC,NIL,Chinas,no,0
NZZ-1898-12-05-b-p0005,2554,2561,Europas,Q46,LOC,NIL,Europas,"```json {""wikipedia_page"":"""",""wikidata_id"":""""} ```",0
NZZ-1898-12-05-b-p0005,2566,2574,Amerikas,Q828,LOC,NIL,Amerikas,no,0
NZZ-1898-12-05-b-p0005,2816,2821,Japan,Q17,LOC,Q17,Japan,"```json { ""wikipedia_page"": ""Japan"", ""wikidata_id"": ""Q17"" } ```",20.33638572692871
NZZ-1898-12-05-b-p0005,2983,2988,Japan,Q17,LOC,NIL,Japan,no,0
NZZ-1898-12-05-b-p0005,2993,3000,England,Q21,LOC,Q21,England,"Based on the input text and the list of candidates, the most appropriate Wikidata entity for the entity mentioned between the [ENT] tags is: ```json { ""wikipedia_page"": ""England"", ""wikidata_id"": ""Q21"" } ```",23.299537658691406
NZZ-1898-12-05-b-p0005,3034,3041,Rußland,Q34266,LOC,NIL,Rußland,no,0
NZZ-1898-12-05-b-p0005,3045,3053,Ostasien,Q27231,LOC,Q27231,Ostasien,"```json { ""wikipedia_page"": ""Ostasien"", ""wikidata_id"": ""Q27231"" } ```",28.90392303466797
NZZ-1898-12-05-b-p0005,3239,3248,Eng¬ land,Q21,LOC,Q145,Vereinigtes Königreich,"Based on the input text and the provided list of candidates, the entity mentioned between the [ENT] tags is most likely ""Landesteil des Vereinigten Königreiches,"" which corresponds to the following Wikidata entity: ```json {""wikipedia_page"":""Vereinigtes Königreich"", ""wikidata_id"":""Q145""} ```",15.437665939331055
NZZ-1898-12-05-b-p0005,3261,3266,Japan,Q17,LOC,Q17,Japan,"Based on the provided text, the entities between the [ENT] tags are ""Japan"" and ""Russland"". The most appropriate Wikidata entities from the given list of candidates are: - Japan: {'wikipedia_page': 'Japan', 'wikidata_id': 'Q17'} - Russland: {'wikipedia_page': 'Russisches Kaiserreich', 'wikidata_id': 'Q34266'} Therefore, the JSON-formatted answer is: ```json { ""wikipedia_page"": ""Japan"", ""wikidata_id"": ""Q17"" }, { ""wikipedia_page"": ""Russisches Kaiserreich"", ""wikidata_id"": ""Q34266"" } ```",19.219863891601562
NZZ-1898-12-05-b-p0005,3277,3285,Rußlands,Q34266,LOC,Q34266,Russisches Kaiserreich,"```json { ""wikipedia_page"": ""Russisches Kaiserreich"", ""wikidata_id"": ""Q34266"" } ```",20.731130599975586
NZZ-1898-12-05-b-p0005,3359,3364,Japan,Q17,LOC,Q17,Japan,"```json { ""wikipedia_page"": ""Japan"", ""wikidata_id"": ""Q17"" } ```",19.54275894165039
NZZ-1898-12-05-b-p0005,3402,3409,Rußland,Q34266,LOC,NIL,Rußland,```json {} ```,0
NZZ-1898-12-05-b-p0005,3434,3439,Japan,Q17,LOC,Q188712,Japanisches Kaiserreich,"Based on the input text and the list of candidates, the entity mentioned between the [ENT] tags appears to be ""Japan"" or ""Japanisches Kaiserreich"". Given the context and the candidates provided, the most appropriate Wikidata entity is: 1. `wikipedia_page`: ""Japanisches Kaiserreich"" 2. `wikidata_id`: ""Q188712"" Here is the JSON formatted response: ```json {""wikipedia_page"":""Japanisches Kaiserreich"", ""wikidata_id"":""Q188712""} ```",15.201375007629395
NZZ-1898-12-05-b-p0005,3490,3495,Japan,Q17,LOC,NIL,Japan,no,0
NZZ-1898-12-05-b-p0005,3524,3529,China,Q148,LOC,Q29520,China,"```json { ""wikipedia_page"": ""China"", ""wikidata_id"": ""Q29520"" } ```",20.444129943847656
NZZ-1898-12-05-b-p0005,3612,3617,China,Q148,LOC,NIL,China,```json {} ```,0
NZZ-1898-12-05-b-p0005,3667,3672,Japan,Q17,LOC,Q29520,China,"```json {""wikipedia_page"": ""China"", ""wikidata_id"": ""Q29520""} ```",13.084612846374512
NZZ-1898-12-05-b-p0005,3874,3881,Rußland,Q34266,LOC,NIL,Rußland,```json {} ```,0
NZZ-1898-12-05-b-p0005,4091,4096,Japan,Q17,LOC,Q17,Japan,"```json { ""wikipedia_page"": ""Japan"", ""wikidata_id"": ""Q17"" } ```",21.956899642944336
NZZ-1898-12-05-b-p0005,4159,4167,Rußlands,Q34266,LOC,NIL,Rußlands,no,0
NZZ-1898-12-05-b-p0005,4214,4219,China,Q148,LOC,NIL,China,no,0
NZZ-1898-12-05-b-p0005,4261,4267,Japans,Q17,LOC,Q188712,Japanisches Kaiserreich,"```json {""wikipedia_page"":""Japanisches Kaiserreich"", ""wikidata_id"":""Q188712""} ```",17.1369686126709
NZZ-1898-12-05-b-p0005,4313,4320,England,Q21,LOC,NIL,England,no,0
NZZ-1898-12-05-b-p0005,4459,4467,Rußlands,Q34266,LOC,NIL,Rußlands,no,0
NZZ-1898-12-05-b-p0005,4625,4632,Rußland,Q34266,LOC,Q34266,Russisches Kaiserreich,"``` { ""wikipedia_page"": ""Russisches Kaiserreich"", ""wikidata_id"": ""Q34266"" } ```",18.788686752319336
NZZ-1898-12-05-b-p0005,4827,4832,China,Q148,LOC,Q148,Volksrepublik China,"```json {""wikipedia_page"":""Volksrepublik China"",""wikidata_id"":""Q148""} ```",17.608890533447266
NZZ-1898-12-05-b-p0005,4837,4842,Japan,Q17,LOC,NIL,Japan,no,0
NZZ-1898-12-05-b-p0005,5068,5078,Ho-Wen-Bao,NIL,PROD,NIL,Ho-Wen-Bao,```json {} ```,0
NZZ-1908-01-19-a-p0001,4,25,Zürcher Handelskammer,Q20012503,ORG,NIL,Zürcher Handelskammer,```json {} ```,0
NZZ-1908-01-19-a-p0001,46,57,Bundesrates,Q30917,ORG,Q30917,Schweizerischer Bundesrat,"```json {""wikipedia_page"":""Schweizerischer Bundesrat"", ""wikidata_id"":""Q30917""} ```",26.02971649169922
NZZ-1908-01-19-a-p0001,248,262,Kantons Zürich,Q11943,LOC,Q11943,Kanton Zürich,"Based on the provided input text and the list of candidates, the entities mentioned within the [ENT] tags are ""Kanton Zürich"" and ""Kanton Zürich"". Both entities are found in the list of candidates. Therefore, the disambiguated entities are: 1. ""Kanton Zürich"" with Wikidata ID ""Q11943"" and Wikipedia page title ""Kanton Zürich"". 2. ""Kanton Zürich"" with Wikidata ID ""Q11943"" and Wikipedia page title ""Kanton Zürich"". Here is the JSON response: ```json { ""wikipedia_page"": ""Kanton Zürich"", ""wikidata_id"": ""Q11943"" } ```",28.56572914123535
NZZ-1908-01-19-a-p0001,282,293,Schmidstube,NIL,LOC,NIL,Schmidstube,no,0
NZZ-1908-01-19-a-p0001,301,352,"Oberst Richard, Sekretär der Zürcher Handelskammer,",NIL,PER,Q1391766,Joseph Richard,"Based on the provided text and candidates list, the first [ENT] tag is ""Oberst Richard,"" and the second [ENT] tag is ""Richard."" After analyzing the text, the most appropriate Wikidata entity for ""Oberst Richard"" is: - **Wikipedia Page:** Joseph Richard - **Wikidata ID:** Q1391766 The most appropriate Wikidata entity for ""Richard"" is: - **Wikipedia Page:** Richard Albrecht - **Wikidata ID:** Q23060381 Here is the JSON object formatted as requested: ```json {""entities"": [ {""wikipedia_page"": ""Joseph Richard"", ""wikidata_id"": ""Q1391766""}, {""wikipedia_page"": ""Richard Albrecht"", ""wikidata_id"": ""Q23060381""} ]} ```",19.173683166503906
NZZ-1908-01-19-a-p0001,410,431,Zürcher Handelskammer,Q20012503,ORG,Q20012503,Zürcher Handelskammer,"```json { ""wikipedia_page"": ""Zürcher Handelskammer"", ""wikidata_id"": ""Q20012503"" } ```",34.960575103759766
NZZ-1908-01-19-a-p0001,470,491,Zürcher Handelskammer,Q20012503,ORG,Q20012503,Zürcher Handelskammer,"Based on the provided text and the list of candidates, the most appropriate Wikidata entity for the entity tagged with [ENT] is the ""Zürcher Handelskammer"". Here is the JSON-formatted answer: ```json {""wikipedia_page"":""Zürcher Handelskammer"", ""wikidata_id"":""Q20012503""} ```",35.37957000732422
NZZ-1908-01-19-a-p0001,562,575,HH. Dr. Stoll,NIL,PER,NIL,HH. Dr. Stoll,"To disambiguate the entities mentioned within the [ENT] tags, we need to carefully analyze the context provided in the text. In this case, the text refers to a commission consisting of several members, including Dr. Stoll and Ulrico Vollenweider. ### Analysis: 1. **Entity 1: Dr. Stoll**: The text mentions ""HH. Dr. Stoll"" which is a likely reference to a professional or academic title. 2. **Entity 2: Ulrico Vollenweider**: The text mentions ""Ulrico Vollenweider"" which is likely a name. ### Candidates Analysis: - **Dr. Stoll**: The candidates include: - Heinrich Stoll (Jurist and Rechtshistoriker, 1891-08-04) - Heinrich Stoll (Entrepreneur, 1847-05-14) - Hans Stoll (Jurist, 1926-08-04) - **Ulrico Vollenweider**: The candidates include: - No exact match but the name suggests it could be a Swiss name. - No specific candidate matches the name ""Ulrico Vollenweider"" in the provided",0
NZZ-1908-01-19-a-p0001,577,596,Ulrico Vollenweider,NIL,PER,NIL,Ulrico Vollenweider,```json {} ```,0
NZZ-1908-01-19-a-p0001,598,613,Schindler-Huber,Q1224007,PER,NIL,Schindler-Huber,```json {} ```,0
NZZ-1908-01-19-a-p0001,615,629,Müller-Jelmoli,NIL,PER,Q1666459,Josef Müller,"```json {""wikipedia_page"": ""Josef Müller"", ""wikidata_id"": ""Q1666459""} ```",19.881906509399414
NZZ-1908-01-19-a-p0001,631,655,"Ri¬ chard, Dr. Schärtlin",NIL,PER,NIL,"Ri¬ chard, Dr. Schärtlin",no,0
NZZ-1908-01-19-a-p0001,657,669,Dr. Häberlin,Q118222,PER,NIL,Dr. Häberlin,```json {} ```,0
NZZ-1908-01-19-a-p0001,671,681,Dr. G. Bär,NIL,PER,NIL,Dr. G. Bär,no,0
NZZ-1908-01-19-a-p0001,788,809,Zürcher Handelskammer,Q20012503,ORG,NIL,Zürcher Handelskammer,```json {} ```,0
NZZ-1908-01-19-a-p0001,1079,1093,Oberst Richard,NIL,PER,Q17513778,Otto Christian Albrecht Ludwig von Rohr,"```json { ""wikipedia_page"": ""Otto Christian Albrecht Ludwig von Rohr"", ""wikidata_id"": ""Q17513778"" } ```",12.526583671569824
NZZ-1908-01-19-a-p0001,1570,1593,Zürcher Handels¬ kammer,Q20012503,ORG,NIL,Zürcher Handels¬ kammer,```json {} ```,0
NZZ-1908-01-19-a-p0001,1724,1733,Bundesrat,Q30917,ORG,Q30917,Schweizerischer Bundesrat,"Based on the input text and the list of candidates, the entity mentioned between the [ENT] tags is ""Bundesrat"". The most appropriate Wikidata entity from the list of candidates is: ```json { ""wikipedia_page"": ""Schweizerischer Bundesrat"", ""wikidata_id"": ""Q30917"" } ```",25.210773468017578
NZZ-1908-01-19-a-p0001,2409,2430,Zürcher Handelskammer,Q20012503,ORG,NIL,Zürcher Handelskammer,```json {} ```,0
NZZ-1908-01-19-a-p0001,3577,3620,Schweizerische Ge¬ meinnützige Gesellschaft,Q2256455,ORG,NIL,Schweizerische Ge¬ meinnützige Gesellschaft,No.,0
NZZ-1908-01-19-a-p0001,3752,3758,Bundes,Q675794,ORG,NIL,Bundes,no,0
NZZ-1908-01-19-a-p0001,3984,3995,Bundesrates,Q30917,ORG,NIL,Bundesrates,```json {} ```,0
NZZ-1908-01-19-a-p0001,4034,4055,Zürcher Handelskammer,Q20012503,ORG,Q20012503,Zürcher Handelskammer,"```json {""wikipedia_page"":""Zürcher Handelskammer"", ""wikidata_id"":""Q20012503""} ```",34.13031768798828
NZZ-1908-01-19-a-p0001,4740,4751,Deutschland,Q1206012,LOC,NIL,Deutschland,no,0
NZZ-1908-01-19-a-p0001,4932,4948,Niederösterreich,Q42497,LOC,Q42497,Niederösterreich,"```json {""wikipedia_page"":""Niederösterreich"", ""wikidata_id"":""Q42497""} ```",23.72284507751465
NZZ-1908-01-19-a-p0001,4952,4956,Wien,Q1741,LOC,NIL,Wien,```json {} ```,0
NZZ-1908-01-19-a-p0001,5102,5108,Böhmen,Q39193,LOC,Q39193,Böhmen,"Based on the input text and the given list of candidates, the entity mentioned between the [ENT] tags is likely referring to ""Böhmen"" (Bohemia), which is a historical region that is part of modern-day Czech Republic. Among the provided candidates, the most fitting entity is: ```json { ""wikipedia_page"": ""Böhmen"", ""wikidata_id"": ""Q39193"" } ```",26.093021392822266
NZZ-1908-01-19-a-p0001,5212,5224,Oesterreichs,Q40,LOC,Q40,Österreich,"Based on the input text, the entities marked by [ENT] tags are ""Österreichs"" and ""Oesterreichs"". The context suggests that these refer to the country of Austria. From the given list of candidates, the most appropriate Wikidata entity for ""Österreichs"" and ""Oesterreichs"" is ""Österreich"" (Wikidata ID: Q40). Therefore, the JSON output is: ```json {""wikipedia_page"":""Österreich"", ""wikidata_id"":""Q40""} ```",26.04422378540039
NZZ-1908-01-19-a-p0001,5375,5384,Luxemburg,Q32,LOC,Q32,Luxemburg,"```json {""wikipedia_page"":""Luxemburg"", ""wikidata_id"":""Q32""} ```",19.331859588623047
NZZ-1908-01-19-a-p0001,5389,5396,Holland,Q55,LOC,NIL,Holland,```json {} ```,0
NZZ-1908-01-19-a-p0001,5519,5526,Schweiz,Q39,LOC,Q39,Schweiz,"{ ""wikipedia_page"": ""Schweiz"", ""wikidata_id"": ""Q39"" }",21.477270126342773
NZZ-1908-01-19-a-p0001,5865,5872,Schweiz,Q39,LOC,Q39,Schweiz," {""wikipedia_page"":""Schweiz"", ""wikidata_id"":""Q39""}",22.105854034423828
NZZ-1908-01-19-a-p0001,6135,6156,Zürcher Handelskammer,Q20012503,ORG,Q20012503,Zürcher Handelskammer,"```json {""wikipedia_page"":""Zürcher Handelskammer"", ""wikidata_id"":""Q20012503""} ```",33.35530090332031
NZZ-1908-01-19-a-p0001,6992,7001,Bundesrat,Q30917,ORG,NIL,Bundesrat,no,0
NZZ-1908-01-19-a-p0001,7989,8000,Deutschland,Q1206012,LOC,NIL,Deutschland,```json {} ```,0
NZZ-1908-01-19-a-p0001,8512,8522,Frankreich,Q70802,LOC,NIL,Frankreich,no,0
NZZ-1908-01-19-a-p0001,10560,10581,Zürcher Handelskammer,Q20012503,ORG,Q20012503,Zürcher Handelskammer,"Based on the provided text and the list of candidates, the entity mentioned between the [ENT] tags ""Zürcher Handelskammer"" corresponds to the Wikidata entity with the ID ""Q20012503"" and the Wikipedia page title ""Zürcher Handelskammer"". Here is the JSON response: ```json { ""wikipedia_page"": ""Zürcher Handelskammer"", ""wikidata_id"": ""Q20012503"" } ```",33.61784744262695
NZZ-1908-01-19-a-p0001,10640,10646,Bundes,Q675794,ORG,NIL,Bundes,```json {} ```,0
NZZ-1908-01-19-a-p0001,10682,10691,Bundesrat,Q30917,ORG,NIL,Bundesrat,no,0
NZZ-1908-01-19-a-p0001,10772,10776,Bund,Q675794,ORG,Q30917,Schweizerischer Bundesrat,"Based on the provided list of candidates and the context of the text, the entity [ENT] Bund mentioned in the text most likely refers to the ""Regierung der Schweizerischen Eidgenossenschaft"", which is represented in the list of candidates as: ```json {""wikipedia_page"":""Schweizerischer Bundesrat"", ""wikidata_id"":""Q30917""} ``` Here is the JSON-formatted response: ```json {""wikipedia_page"":""Schweizerischer Bundesrat"", ""wikidata_id"":""Q30917""} ```",14.66147518157959
NZZ-1908-01-19-a-p0001,11869,11873,Bund,Q675794,ORG,NIL,Bund,no,0
NZZ-1908-01-19-a-p0001,11973,11996,Zür¬ cher Handelskammer,Q20012503,ORG,NIL,Zür¬ cher Handelskammer,```json {} ```,0
NZZ-1908-01-19-a-p0001,12701,12719,Stadtrat Dr. Klöti,Q1336378,PER,Q1336378,Emil Klöti,"Based on the provided input text and the list of candidates, the most appropriate Wikidata entity for the entity tagged as [ENT] Stadtrat Dr. Klöti is: ```json {""wikipedia_page"":""Emil Klöti"", ""wikidata_id"":""Q1336378""} ``` This entity matches the name ""Stadtrat Dr. Klöti"" and has the appropriate date of birth (1877-10-17).",18.53985023498535
NZZ-1908-01-19-a-p0001,12786,12797,Oesterreich,Q40,LOC,Q40,Österreich,"```json { ""wikipedia_page"": ""Österreich"", ""wikidata_id"": ""Q40"" } ```",20.506914138793945
NZZ-1908-01-19-a-p0001,12868,12875,Schweiz,Q39,LOC,Q39,Schweiz,"Based on the provided text and the list of candidates, the most appropriate Wikidata entity for the mentioned entity tagged with [ENT] is: ```json {""wikipedia_page"":""Schweiz"", ""wikidata_id"":""Q39""} ```",19.942651748657227
NZZ-1908-01-19-a-p0001,13070,13095,Arbeitersekretär Greulich,Q91174,PER,NIL,Arbeitersekretär Greulich,no,0
NZZ-1908-01-19-a-p0001,13554,13573,Nationalrat A. Frey,NIL,PER,NIL,Nationalrat A. Frey,```json {} ```,0
NZZ-1908-01-19-a-p0001,13652,13665,Nationalrates,Q676078,ORG,NIL,Nationalrates,no,0
NZZ-1908-01-19-a-p0001,13813,13821,Greulich,Q91174,PER,NIL,Greulich,no,0
NZZ-1908-01-19-a-p0001,14148,14169,Zürcher Handelskammer,Q20012503,ORG,NIL,Zürcher Handelskammer,```json {} ```,0
NZZ-1908-01-19-a-p0001,14310,14322,Arbeiterbund,Q1084142,ORG,NIL,Arbeiterbund,no,0
NZZ-1908-01-19-a-p0001,14324,14337,Gewerbeverein,Q693891,ORG,Q693891,Schweizerischer Gewerbeverband,"{""wikipedia_page"":""Schweizerischer Gewerbeverband"", ""wikidata_id"":""Q693891""}",21.59261131286621
NZZ-1908-01-19-a-p0001,14339,14354,Bauern¬ verband,Q2256617,ORG,NIL,Bauern¬ verband,no,0
NZZ-1908-01-19-a-p0001,14453,14474,Zürcher Handelskammer,Q20012503,ORG,Q20012503,Zürcher Handelskammer,"Based on the input text and the provided list of candidates, the entity mentioned between the [ENT] tags is ""Zürcher Handelskammer"". The most appropriate Wikidata entity from the list is: ```json {""wikipedia_page"":""Zürcher Handelskammer"", ""wikidata_id"":""Q20012503""} ```",33.32664108276367
NZZ-1908-01-19-a-p0001,14624,14638,Prof. Zürchers,NIL,PER,NIL,Prof. Zürchers,no,0
NZZ-1908-01-19-a-p0001,14712,14716,Frey,NIL,PER,NIL,Frey,No.,0
NZZ-1908-01-19-a-p0001,14825,14867,"ld, Verwalter der Baugewerbekasse, Zürich,",NIL,PER,NIL,"ld, Verwalter der Baugewerbekasse, Zürich,",```json {} ```,0
NZZ-1908-01-19-a-p0001,15193,15202,Bundesrat,Q30917,ORG,Q30917,Schweizerischer Bundesrat,"Based on the provided input text and the list of candidates, the most appropriate Wikidata entity for the entity tagged with [ENT] is the ""Schweizerischer Bundesrat"" with Wikidata ID ""Q30917"". This entity is mentioned in the context of the Swiss government and its role in the accident insurance system. ```json {""wikipedia_page"":""Schweizerischer Bundesrat"", ""wikidata_id"":""Q30917""} ```",22.45853614807129
NZZ-1908-01-19-a-p0001,15239,15248,Berchtold,NIL,PER,Q93371,Leopold Berchtold,"```json {""wikipedia_page"":""Leopold Berchtold"",""wikidata_id"":""Q93371""} ```",14.860068321228027
NZZ-1908-01-19-a-p0001,15323,15339,Oberrichter Lang,NIL,PER,NIL,Oberrichter Lang,```json {} ```,0
NZZ-1908-01-19-a-p0001,15350,15359,Berchtold,NIL,PER,NIL,Berchtold,```json {} ```,0
NZZ-1908-01-19-a-p0001,15430,15452,Referent Hrn. Greulich,Q91174,PER,Q91174,Herman Greulich,"```json { ""wikipedia_page"": ""Herman Greulich"", ""wikidata_id"": ""Q91174"" } ```",14.97869873046875
NZZ-1908-01-19-a-p0001,15595,15606,Oesterreich,Q40,LOC,Q40,Österreich,"Based on the input text, the entity mentioned between the [ENT] tags is ""Oesterreich."" The most appropriate Wikidata entity from the provided candidates is ""Österreich,"" which is also listed as ""Q40."" ```json {""wikipedia_page"":""Österreich"", ""wikidata_id"":""Q40""} ```",24.46596908569336
NZZ-1908-01-19-a-p0001,15675,15686,Oesterreich,Q40,LOC,NIL,Oesterreich,no,0
NZZ-1908-01-19-a-p0001,15770,15778,Greulich,Q91174,PER,NIL,Greulich,```json {} ```,0
NZZ-1908-01-19-a-p0001,15927,15938,Boos-Jegher,Q31271042,PER,NIL,Boos-Jegher,```json {} ```,0
NZZ-1908-01-19-a-p0001,16088,16096,Greulich,Q91174,PER,NIL,Greulich,```json {} ```,0
NZZ-1908-01-19-a-p0001,16101,16112,Boos-Jegher,Q31271042,PER,NIL,Boos-Jegher,no,0
NZZ-1918-09-09-c-p0002,54,60,Berlin,Q64,LOC,Q64,Berlin,"```json { ""wikipedia_page"": ""Berlin"", ""wikidata_id"": ""Q64"" } ```",19.56998062133789
NZZ-1918-09-09-c-p0002,72,77,Wolff,Q552226,ORG,NIL,Wolff,"```json {} ``` The provided input text mentions ""Wolff"", which does not match any of the given candidates with high confidence. Therefore, no Wikidata entity was selected.",0
NZZ-1918-09-09-c-p0002,141,157,Ploegsteertwalde,Q3016976,LOC,NIL,Ploegsteertwalde,no,0
NZZ-1918-09-09-c-p0002,165,179,La Basséekanal,Q1032668,LOC,Q375776,La Bassée,"```json {""wikipedia_page"":""La Bassée"", ""wikidata_id"":""Q375776""} ```",19.8437557220459
NZZ-1918-09-09-c-p0002,194,205,Armentières,Q193925,LOC,Q193925,Armentières,"```json { ""wikipedia_page"": ""Armentières"", ""wikidata_id"": ""Q193925"" } ```",32.76545715332031
NZZ-1918-09-09-c-p0002,299,304,Gleux,NIL,LOC,NIL,Gleux,no,0
NZZ-1918-09-09-c-p0002,305,318,Ha¬ princourt,Q375743,LOC,NIL,Ha¬ princourt,No,0
NZZ-1918-09-09-c-p0002,377,400,Straße Péronne¬ Cambrai,NIL,LOC,Q654374,Schlacht von Cambrai,"Based on the text and the provided list of candidates, the most appropriate Wikidata entity that matches the entity mentioned between the [ENT] tags is: ```json {""wikipedia_page"":""Schlacht von Cambrai"", ""wikidata_id"":""Q654374""} ```",13.516484260559082
NZZ-1918-09-09-c-p0002,478,492,Goureau¬ court,Q1117354,LOC,NIL,Goureau¬ court,No.,0
NZZ-1918-09-09-c-p0002,493,498,Epehy,Q81992,LOC,Q81992,Épehy,"Based on the provided text and the list of candidates, the entity mentioned between the [ENT] tags is most likely the French town of Épehy. The candidates list includes ""Épehy"" with the Wikipedia page title ""Épehy"" and the Wikidata ID ""Q81992"". ```json {""wikipedia_page"": ""Épehy"", ""wikidata_id"": ""Q81992""} ```",24.16710662841797
NZZ-1918-09-09-c-p0002,512,520,Templeux,Q795863,LOC,Q795863,Templeux-le-Guérard,"```json { ""wikipedia_page"": ""Templeux-le-Guérard"", ""wikidata_id"": ""Q795863"" } ```",25.797956466674805
NZZ-1918-09-09-c-p0002,662,671,St. Simon,Q325532,LOC,NIL,St. Simon,No,0
NZZ-1918-09-09-c-p0002,680,691,Crozatkanal,Q1032591,LOC,NIL,Crozatkanal,```json {} ```,0
NZZ-1918-09-09-c-p0002,723,727,Oise,Q200231,LOC,Q200231,Oise,"```json { ""wikipedia_page"": ""Oise"", ""wikidata_id"": ""Q200231"" } ```",21.00501823425293
NZZ-1918-09-09-c-p0002,732,739,Ailette,Q405073,LOC,NIL,Ailette,No.,0
NZZ-1918-09-09-c-p0002,750,757,Ailette,Q405073,LOC,NIL,Ailette,No,0
NZZ-1918-09-09-c-p0002,762,767,Aisne,Q41962,LOC,NIL,Aisne,no,0
NZZ-1918-09-09-c-p0002,971,976,Aisne,Q41962,LOC,NIL,Aisne,no,0
NZZ-1918-09-09-c-p0002,981,986,Vesle,Q729611,LOC,NIL,Vesle,```json {} ```,0
NZZ-1918-09-09-c-p0002,1020,1029,Champagne,Q2428809,LOC,NIL,Champagne,no,0
NZZ-1918-09-09-c-p0002,1109,1117,Mannheim,Q2119,LOC,NIL,Mannheim,```json {} ```,0
NZZ-1918-09-09-c-p0002,1520,1525,Paris,Q90,LOC,Q90,Paris,"Based on the input text and the JSON list of candidates, the entity mentioned between the [ENT] tags is ""Paris"". The most appropriate Wikidata entity from the list of candidates is: ```json {""wikipedia_page"":""Paris"", ""wikidata_id"":""Q90""} ```",19.666410446166992
NZZ-1918-09-09-c-p0002,1537,1542,Havas,Q516033,ORG,NIL,Havas,no,0
NZZ-1918-09-09-c-p0002,1586,1591,Somme,Q37646,LOC,Q37646,Somme,"Based on the provided text and list of candidates, the most appropriate Wikidata entity for the entity tagged with [ENT] is: ```json {""wikipedia_page"":""Somme"", ""wikidata_id"":""Q37646""} ``` The text mentions ""Nördlich der [ENT] Somme [ENT]"". The entity ""Somme"" refers to the river in France, and the Wikidata ID Q37646 is associated with this entity.",28.224287033081055
NZZ-1918-09-09-c-p0002,1638,1646,Avaisnes,Q45688,LOC,Q854480,Avesnes,"```json {""wikipedia_page"":""Avesnes"", ""wikidata_id"":""Q854480""} ```",28.728097915649414
NZZ-1918-09-09-c-p0002,1667,1675,Clastres,Q322014,LOC,NIL,Clastres,no,0
NZZ-1918-09-09-c-p0002,1707,1720,Lamottegehöft,NIL,LOC,Q1246606,Lamotte-Warfusée,"Based on the provided text, the entity mentioned between the [ENT] tags is likely ""Lamotte-Warfusée"". The corresponding Wikipedia page title and Wikidata ID are: ```json {""wikipedia_page"": ""Lamotte-Warfusée"", ""wikidata_id"": ""Q1246606""} ```",16.00554656982422
NZZ-1918-09-09-c-p0002,1757,1768,Crozatkanal,Q1032591,LOC,NIL,Crozatkanal,no,0
NZZ-1918-09-09-c-p0002,1783,1787,Liez,Q629901,LOC,NIL,Liez,no,0
NZZ-1918-09-09-c-p0002,1798,1802,Oise,Q200231,LOC,Q12675,Département Oise,"```json {""wikipedia_page"":""Département Oise"", ""wikidata_id"":""Q12675""} ```",21.69963264465332
NZZ-1918-09-09-c-p0002,1807,1812,Aisne,Q41962,LOC,Q3093,Département Aisne,"```json {""wikipedia_page"":""Département Aisne"", ""wikidata_id"":""Q3093""} ```",23.82427978515625
NZZ-1918-09-09-c-p0002,1955,1962,Laffaux,Q842559,LOC,NIL,Laffaux,no,0
NZZ-1918-09-09-c-p0002,2084,2095,Cham¬ pagne,Q2428809,LOC,Q273827,Champagne,"Based on the given text and the list of candidates, the most appropriate Wikidata entity for the mention between the [ENT] tags is ""Champagne"". Here is the JSON object with the selected entity: ```json {""wikipedia_page"": ""Champagne"", ""wikidata_id"": ""Q273827""} ```",17.736774444580078
NZZ-1918-09-09-c-p0002,2136,2149,Mont-sans-Nom,NIL,LOC,Q17632829,,"```json { ""wikipedia_page"": ""Mont-sans-Nom"", ""wikidata_id"": ""Q17632829"" } ```",19.913185119628906
NZZ-1918-09-09-c-p0002,2233,2241,Auberive,Q533993,LOC,Q533993,Auberive,"```json { ""wikipedia_page"": ""Auberive"", ""wikidata_id"": ""Q533993"" } ```",23.79683494567871
NZZ-1918-09-09-c-p0002,2254,2259,Paris,Q90,LOC,Q90,Paris,"Based on the input text and the list of candidates, the most appropriate Wikidata entity for the mention of ""[ENT] Paris [ENT]"" is: ```json {""wikipedia_page"":""Paris"", ""wikidata_id"":""Q90""} ```",26.972856521606445
NZZ-1918-09-09-c-p0002,2271,2276,Havas,Q516033,ORG,NIL,Havas,no,0
NZZ-1918-09-09-c-p0002,2420,2425,Aisne,Q41962,LOC,NIL,Aisne,no,0
NZZ-1918-09-09-c-p0002,2530,2534,Wien,Q1741,LOC,Q1741,Wien,"```json {""wikipedia_page"": ""Wien"", ""wikidata_id"": ""Q1741""} ```",22.459680557250977
NZZ-1918-09-09-c-p0002,2591,2604,Monte Pertica,NIL,LOC,NIL,Monte Pertica,"```json {} ``` The entity tagged with [ENT] in the input text is ""Monte Pertica,"" which is not present in the provided list of candidates. Therefore, an empty JSON object is returned.",0
NZZ-1918-09-09-c-p0002,2739,2761,Balkankriegsschauplatz,Q23522,LOC,NIL,Balkankriegsschauplatz,```json {} ```,0
NZZ-1918-09-09-c-p0002,2763,2768,Paris,Q90,LOC,Q90,Paris,"```json {""wikipedia_page"":""Paris"", ""wikidata_id"":""Q90""} ```",24.578794479370117
NZZ-1918-09-09-c-p0002,2780,2785,Havas,Q516033,ORG,Q706577,Charles-Louis Havas,"```json {""wikipedia_page"": ""Charles-Louis Havas"", ""wikidata_id"": ""Q706577""} ```",11.391812324523926
NZZ-1918-09-09-c-p0002,2810,2821,Orientarmee,Q18148776,ORG,NIL,Orientarmee,```json {} ```,0
NZZ-1918-09-09-c-p0002,2911,2917,Wardar,Q189596,LOC,Q189596,Vardar,"```json { ""wikipedia_page"": ""Vardar"", ""wikidata_id"": ""Q189596"" } ```",18.206993103027344
NZZ-1918-09-09-c-p0002,2925,2936,Czernabogen,Q1140644,LOC,Q1140644,Crna Reka,"Based on the provided text and list of candidates, the entity mentioned between the [ENT] tags is ""Czernabogen"". The most appropriate Wikidata entity from the list is ""Crna Reka"". Here is the JSON-formatted answer: ```json {""wikipedia_page"": ""Crna Reka"", ""wikidata_id"": ""Q1140644""} ```",15.607513427734375
NZZ-1918-09-09-c-p0002,2951,2960,Doiransee,Q158077,LOC,NIL,Doiransee,no.,0
NZZ-1918-09-09-c-p0002,3068,3080,Prespa¬ sees,Q204392,LOC,NIL,Prespa¬ sees,no,0
NZZ-1918-09-09-c-p0002,3243,3251,Monastir,Q157246,LOC,Q208715,Monastir,"Based on the given text and the list of candidates, the entity mentioned between the [ENT] tags is likely ""Monastir"". Here is the corresponding Wikipedia page title and Wikidata ID of the selected entity in a JSON object: ```json {""wikipedia_page"": ""Monastir"", ""wikidata_id"": ""Q208715""} ```",16.971635818481445
NZZ-1918-09-09-c-p0002,3260,3266,Struma,Q204127,LOC,Q204127,Struma,"```json { ""wikipedia_page"": ""Struma"", ""wikidata_id"": ""Q204127"" } ```",18.01751136779785
NZZ-1918-09-09-c-p0002,3336,3345,Jernsalem,Q1218,LOC,Q1218,Jerusalem,"The mention of ""Jerusalem"" in the text refers to the city in the context of recruiting Jewish soldiers for the British Army during World War I. Therefore, the most appropriate Wikidata entity is ""Jerusalem"" with the given Wikipedia page title. ```json {""wikipedia_page"":""Jerusalem"", ""wikidata_id"":""Q1218""} ```",17.806283950805664
NZZ-1918-09-09-c-p0002,3376,3386,Jerusalems,Q1218,LOC,Q1218,Jerusalem,"Based on the provided candidates and the text, the entities ""[ENT] Jerusalems [ENT]"" are likely referring to the city of Jerusalem. The most appropriate Wikidata entity from the list of candidates for this context is: ```json {""wikipedia_page"":""Jerusalem"", ""wikidata_id"":""Q1218""} ```",23.986495971679688
NZZ-1918-09-09-c-p0002,3416,3443,British Eapedltlonary Force,Q919272,ORG,Q919272,British Expeditionary Force,"Based on the input text, the entity mentioned between the [ENT] tags is ""British Expeditionary Force"". The most appropriate Wikidata entity from the provided list of candidates for this entity is: ```json {""wikipedia_page"":""British Expeditionary Force"", ""wikidata_id"":""Q919272""} ```",21.658449172973633
NZZ-1918-09-09-c-p0002,3566,3580,Palestine News,NIL,PROD,Q35438,The Jerusalem Post,"```json {""wikipedia_page"": ""The Jerusalem Post"", ""wikidata_id"": ""Q35438""} ```",19.98809242248535
NZZ-1918-09-09-c-p0002,3660,3666,Israel,Q801,LOC,NIL,Israel,no,0
NZZ-1918-09-09-c-p0002,4504,4508,Gott,Q190,PER,NIL,Gott,no,0
NZZ-1918-09-09-c-p0002,4785,4796,Jeru¬ salem,Q1218,LOC,Q1218,Jerusalem,"```json { ""wikipedia_page"": ""Jerusalem"", ""wikidata_id"": ""Q1218"" } ```",22.5654354095459
NZZ-1918-09-09-c-p0002,4832,4857,Anglo¬ Jewish Preßagentur,NIL,ORG,NIL,Anglo¬ Jewish Preßagentur,no,0
NZZ-1918-09-09-c-p0002,4871,4875,Wien,Q1741,LOC,Q1741,Wien,"Based on the provided input text and the given list of candidates, the entity mentioned within the [ENT] tags is ""Wien"". The most appropriate Wikidata entity from the list of candidates is ""Wien"" with the following details: - Wikipedia Page: Wien - Wikidata ID: Q1741 Here is the JSON-formatted answer: ```json {""wikipedia_page"":""Wien"", ""wikidata_id"":""Q1741""} ```",19.925495147705078
NZZ-1918-09-09-c-p0002,5014,5021,Gailtal,Q178226,LOC,NIL,Gailtal,```json {} ```,0
NZZ-1918-09-09-c-p0002,5031,5038,Villach,Q483522,LOC,Q483522,Villach,"{ ""wikipedia_page"": ""Villach"", ""wikidata_id"": ""Q483522"" }",27.010112762451172
NZZ-1918-09-09-c-p0002,5339,5345,London,Q84,LOC,Q84,London,"{ ""wikipedia_page"": ""London"", ""wikidata_id"": ""Q84"" }",23.801166534423828
NZZ-1918-09-09-c-p0002,5357,5362,Havas,Q516033,ORG,NIL,Havas,no,0
NZZ-1918-09-09-c-p0002,5842,5848,Berlin,Q64,LOC,NIL,Berlin,```json {} ```,0
NZZ-1918-09-09-c-p0002,5860,5865,Wolff,Q552226,ORG,Q71110,Wilhelm Wolff,"```json { ""wikipedia_page"": ""Wilhelm Wolff"", ""wikidata_id"": ""Q71110"" } ```",10.317939758300781
NZZ-1918-09-09-c-p0002,6026,6034,N. Z. Z.,Q658945,PROD,NIL,N. Z. Z.,```json {} ```,0
NZZ-1918-09-09-c-p0002,6217,6229,Reuterbureau,Q130879,ORG,NIL,Reuterbureau,```json {} ```,0
NZZ-1918-09-09-c-p0002,6322,6333,Wolffbureau,Q552226,ORG,NIL,Wolffbureau,```json {} ```,0
NZZ-1918-09-09-c-p0002,6414,6420,Berlin,Q64,LOC,Q64,Berlin,"```json { ""wikipedia_page"": ""Berlin"", ""wikidata_id"": ""Q64"" } ```",20.332012176513672
NZZ-1918-09-09-c-p0002,6432,6437,Wolff,Q552226,ORG,NIL,Wolff,no,0
NZZ-1918-09-09-c-p0002,7537,7544,England,Q21,LOC,Q21,England,"```json {""wikipedia_page"":""England"", ""wikidata_id"":""Q21""} ```",23.234638214111328
NZZ-1918-09-09-c-p0002,7732,7740,Englands,Q21,LOC,NIL,Englands,```json {} ```,0
NZZ-1928-06-05-a-p0002,30,46,St. Jakobskirche,NIL,LOC,Q1337473,St.-Jakobs-Kirche,"{ ""wikipedia_page"": ""St.-Jakobs-Kirche"", ""wikidata_id"": ""Q1337473"" }",32.826812744140625
NZZ-1928-06-05-a-p0002,82,97,Frohsinn Zürich,NIL,ORG,NIL,Frohsinn Zürich,```json {} ```,0
NZZ-1928-06-05-a-p0002,104,133,Liederkranz Außersihl¬ Zürich,NIL,ORG,Q1957331,Männerchor Liederkranz Dornach," { ""wikipedia_page"": ""Männerchor Liederkranz Außersihl"", ""wikidata_id"": ""Q1957331"" }",18.996671676635742
NZZ-1928-06-05-a-p0002,308,343,bewährten Dirigenten Jacques Wydler,NIL,PER,NIL,bewährten Dirigenten Jacques Wydler,no,0
NZZ-1928-06-05-a-p0002,457,467,Lau¬ sanne,Q807,LOC,NIL,Lau¬ sanne,```json {} ```,0
NZZ-1928-06-05-a-p0002,481,491,U. Wehrlis,Q2562857,PER,NIL,U. Wehrlis,```json {} ```,0
NZZ-1928-06-05-a-p0002,631,642,J. Boßhards,NIL,PER,NIL,J. Boßhards,no.,0
NZZ-1928-06-05-a-p0002,914,920,Hegars,Q670852,PER,Q670852,Friedrich Hegar,"Based on the provided text and the given list of candidates, the entity mentioned between the [ENT] tags appears to be ""Friedrich Hegar"". Here is the JSON response with the selected entity: ```json {""wikipedia_page"":""Friedrich Hegar"", ""wikidata_id"":""Q670852""} ```",31.708040237426758
NZZ-1928-06-05-a-p0002,930,951,Rudolf von Werdenberg,Q23639608,PER,NIL,Rudolf von Werdenberg,no,0
NZZ-1928-06-05-a-p0002,1285,1294,Schuberts,Q7312,PER,NIL,Schuberts,```json {} ```,0
NZZ-1928-06-05-a-p0002,1365,1385,Männerchor Außersihl,NIL,ORG,NIL,Männerchor Außersihl,no,0
NZZ-1928-06-05-a-p0002,1779,1786,Nicodés,Q878610,PER,NIL,Nicodés,```json {} ```,0
NZZ-1928-06-05-a-p0002,1914,1922,Lausanne,Q807,LOC,Q807,Lausanne,"Based on the analysis of the input text, the entity mentioned between the [ENT] tags is ""Lausanne"". The most appropriate Wikidata entity from the given list of candidates is: ```json {""wikipedia_page"":""Lausanne"", ""wikidata_id"":""Q807""} ```",27.616561889648438
NZZ-1928-06-05-a-p0002,2009,2019,H. Berlioz,Q1151,PER,NIL,H. Berlioz,no,0
NZZ-1928-06-05-a-p0002,2146,2155,H. Suters,Q671472,PER,NIL,H. Suters,```json {} ```,0
NZZ-1928-06-05-a-p0002,2403,2423,Venezianers Gabrieli,Q34624,PER,NIL,Venezianers Gabrieli,no,0
NZZ-1928-06-05-a-p0002,2657,2668,Attenhofers,Q4072280,PER,NIL,Attenhofers,no,0
NZZ-1928-06-05-a-p0002,2783,2791,J. Bulls,Q511463,PER,NIL,J. Bulls,```json {} ```,0
NZZ-1928-06-05-a-p0002,2962,2991,Musikdirektor A. Bie¬ dermann,NIL,PER,Q27955961,Adolf Berdien,"{ ""wikipedia_page"": ""Adolf Berdien"", ""wikidata_id"": ""Q27955961"" }",21.733539581298828
NZZ-1928-06-05-a-p0002,3028,3034,Suters,Q671472,PER,NIL,Suters,```json {} ```,0
NZZ-1938-09-13-b-p0001,0,18,Zürcher Kantonsrat,Q2110002,ORG,Q2110002,Kantonsrat Zürich,"Based on the provided input text and the list of candidates, the entity mentioned between the [ENT] tags ""Zürcher Kantonsrat"" is best disambiguated by the candidate ""Kantonsrat Zürich"" from the list. Here is the JSON response: ```json { ""wikipedia_page"": ""Kantonsrat Zürich"", ""wikidata_id"": ""Q2110002"" } ```",42.30976486206055
NZZ-1938-09-13-b-p0001,74,115,"Präsident Dr. J. Eugster (freis., Zürich)",Q1392141,PER,NIL,"Präsident Dr. J. Eugster (freis., Zürich)",```json {} ```,0
NZZ-1938-09-13-b-p0001,211,219,Joh. Leu,NIL,PER,Q125071,Johann Jacob Leu,"```json { ""wikipedia_page"": ""Johann Jacob Leu"", ""wikidata_id"": ""Q125071"" } ```",21.024913787841797
NZZ-1938-09-13-b-p0001,262,283,"Züsli (komm., Zürich)",NIL,PER,NIL,"Züsli (komm., Zürich)",no,0
NZZ-1938-09-13-b-p0001,367,376,Bundesrat,Q30917,ORG,Q30917,Schweizerischer Bundesrat,"Based on the input text provided, the entity mentioned between the [ENT] tags is ""Bundesrat"" (Federal Council) in the context of the Swiss government. The most appropriate Wikidata entity from the given list of candidates is: ```json {""wikipedia_page"": ""Schweizerischer Bundesrat"", ""wikidata_id"": ""Q30917""} ```",32.28099822998047
NZZ-1938-09-13-b-p0001,515,540,verstorbenen Fritz Horand,NIL,PER,NIL,verstorbenen Fritz Horand,```json {} ```,0
NZZ-1938-09-13-b-p0001,547,580,Notar Heinrich Diem (dem. Zürich),NIL,PER,NIL,Notar Heinrich Diem (dem. Zürich),```json {} ```,0
NZZ-1938-09-13-b-p0001,644,664,Ritterhaufes Bubikon,Q638821,LOC,NIL,Ritterhaufes Bubikon,```json {} ```,0
NZZ-1938-09-13-b-p0001,720,746,"B. Kaufmann (soz., Zürich)",NIL,PER,NIL,"B. Kaufmann (soz., Zürich)","""no""",0
NZZ-1938-09-13-b-p0001,821,841,Ritterhauses Bubikon,Q638821,LOC,Q2155177,Ritterhausgesellschaft Bubikon,"Based on the input text and the provided list of candidates, the entity mentioned between the [ENT] tags is ""Ritterhaus Bubikon"". The most appropriate Wikidata entity from the given list is ""Ritterhausgesellschaft Bubikon"". Here is the JSON response: ```json {""wikipedia_page"":""Ritterhausgesellschaft Bubikon"", ""wikidata_id"":""Q2155177""} ```",29.27295684814453
NZZ-1938-09-13-b-p0001,851,883,Rit¬ terhausgesellschaft Bubikon,Q2155177,ORG,Q2155177,Ritterhausgesellschaft Bubikon,"```json { ""wikipedia_page"": ""Ritterhausgesellschaft Bubikon"", ""wikidata_id"": ""Q2155177"" } ```",28.611942291259766
NZZ-1938-09-13-b-p0001,956,976,Ritterhauses Bubikon,Q638821,LOC,Q2155177,Ritterhausgesellschaft Bubikon,"```json {""wikipedia_page"":""Ritterhausgesellschaft Bubikon"", ""wikidata_id"":""Q2155177""} ```",29.783477783203125
NZZ-1938-09-13-b-p0001,1075,1097,Ritterhausgesellschaft,Q2155177,ORG,Q2155177,Ritterhausgesellschaft Bubikon,"```json { ""wikipedia_page"": ""Ritterhausgesellschaft Bubikon"", ""wikidata_id"": ""Q2155177"" } ```",22.861501693725586
NZZ-1938-09-13-b-p0001,1256,1286,Ritterhausgesellschaft Bubikon,Q2155177,ORG,NIL,Ritterhausgesellschaft Bubikon,no,0
NZZ-1938-09-13-b-p0001,1832,1862,Ritterhausgesellschaft Bubikon,Q2155177,ORG,Q2155177,Ritterhausgesellschaft Bubikon,"Based on the input text and the JSON list of candidates, the entity mentioned between the [ENT] tags is likely ""Ritterhausgesellschaft Bubikon"". This entity corresponds to the Wikipedia page ""Ritterhausgesellschaft Bubikon"" and has the Wikidata ID ""Q2155177"". Here is the JSON response: ```json {""wikipedia_page"":""Ritterhausgesellschaft Bubikon"", ""wikidata_id"":""Q2155177""} ```",28.701126098632812
NZZ-1938-09-13-b-p0001,1935,1957,"Hotz (freis., Bubikon)",NIL,PER,Q59772508,Franz Hotz,"Given the input text and the list of candidates, the entity mentioned between the [ENT] tags is ""Hotz"". The most appropriate Wikidata entity from the provided list of candidates is: ```json {""wikipedia_page"":""Franz Hotz"", ""wikidata_id"":""Q59772508""} ```",18.221830368041992
NZZ-1938-09-13-b-p0001,1996,2016,Ritterhauses Bubikon,Q638821,LOC,Q2155177,Ritterhausgesellschaft Bubikon,"```json { ""wikipedia_page"": ""Ritterhausgesellschaft Bubikon"", ""wikidata_id"": ""Q2155177"" } ```",28.4482364654541
NZZ-1938-09-13-b-p0001,2169,2197,Chronisten Johan¬ nes Stumpf,Q688678,PER,Q688678,Johannes Stumpf,"Based on the given input text and the list of candidates, the most appropriate Wikidata entity for the mention [ENT] 'Johannes Stumpf' is 'Johannes Stumpf' with Wikidata ID 'Q688678' and Wikipedia page title 'Johannes Stumpf'. Here's the JSON response: ```json {""wikipedia_page"": ""Johannes Stumpf"", ""wikidata_id"": ""Q688678""} ```",16.132614135742188
NZZ-1938-09-13-b-p0001,2206,2213,Bubikon,Q67068,LOC,Q638821,"Johanniterkommende Bubikon, Schweiz","Based on the provided text and the list of candidates, the most appropriate Wikidata entity matching the entity tagged with [ENT] in the text is: ```json { ""wikipedia_page"": ""Johanniterkommende Bubikon, Schweiz"", ""wikidata_id"": ""Q638821"" } ```",23.083295822143555
NZZ-1938-09-13-b-p0001,2246,2274,Graf Diethelm von Toggenburg,NIL,PER,Q688630,Grafschaft Toggenburg,"```json { ""wikipedia_page"": ""Grafschaft Toggenburg"", ""wikidata_id"": ""Q688630"" } ```",25.64971923828125
NZZ-1938-09-13-b-p0001,2314,2329,Johanniterorden,Q4498889,ORG,Q4498889,Johanniterorden,"```json { ""wikipedia_page"": ""Johanniterorden"", ""wikidata_id"": ""Q4498889"" } ```",24.11130714416504
NZZ-1938-09-13-b-p0001,2580,2598,Gemeinde Bubi¬ kon,Q67068,LOC,Q67068,Bubikon,"```json {""wikipedia_page"":""Bubikon"", ""wikidata_id"":""Q67068""} ```",24.07614517211914
NZZ-1938-09-13-b-p0001,2713,2735,Ritterhaus von Bubikon,Q638821,LOC,NIL,Ritterhaus von Bubikon,no,0
NZZ-1938-09-13-b-p0001,2760,2778,Zürcher Oberlandes,Q248499,LOC,NIL,Zürcher Oberlandes,```json {} ```,0
NZZ-1938-09-13-b-p0001,2845,2863,Johanniter¬ ordens,Q4498889,ORG,NIL,Johanniter¬ ordens,no,0
NZZ-1938-09-13-b-p0001,3164,3207,"Kommissionsreferent Kaufmann (soz., Zürich)",NIL,PER,NIL,"Kommissionsreferent Kaufmann (soz., Zürich)",no,0
NZZ-1938-09-13-b-p0001,3319,3330,Mühlebaches,NIL,LOC,NIL,Mühlebaches,no,0
NZZ-1938-09-13-b-p0001,3358,3371,Sternenweiher,Q492672,LOC,Q492672,Sternenweiher,"```json { ""wikipedia_page"": ""Sternenweiher"", ""wikidata_id"": ""Q492672"" } ```",20.790555953979492
NZZ-1938-09-13-b-p0001,3373,3394,Gemeinden Richterswil,Q68227,LOC,Q68227,Richterswil,"Based on the given text and the list of candidates, the entity mentioned between the [ENT] tags is 'Richterswil'. The most appropriate Wikidata entity from the provided list of candidates is: ```json {""wikipedia_page"": ""Richterswil"", ""wikidata_id"": ""Q68227""} ```",22.68168067932129
NZZ-1938-09-13-b-p0001,3399,3407,Wollerau,Q69647,LOC,Q69647,Wollerau,"```json {""wikipedia_page"":""Wollerau"", ""wikidata_id"":""Q69647""} ```",34.47442626953125
NZZ-1938-09-13-b-p0001,3409,3415,Schwyz,Q12433,LOC,Q68155,Schwyz,"Based on the provided text, the entity mentioned between the [ENT] tags is ""Schwyz"" and the most appropriate Wikidata entity from the given list of candidates is the one with the Wikidata ID ""Q68155"". Therefore, the response in JSON format is: ```json {""wikipedia_page"":""Schwyz"", ""wikidata_id"":""Q68155""} ```",22.42246437072754
NZZ-1938-09-13-b-p0001,3470,3481,Mühlebaches,NIL,LOC,NIL,Mühlebaches,no,0
NZZ-1938-09-13-b-p0001,3528,3547,Station Fischenthal,Q15086148,LOC,Q15086148,Bahnhof Fischenthal,"{ ""wikipedia_page"": ""Bahnhof Fischenthal"", ""wikidata_id"": ""Q15086148"" }",26.98012924194336
NZZ-1938-09-13-b-p0001,3623,3635,Lendenbaches,NIL,LOC,NIL,Lendenbaches,no,0
NZZ-1938-09-13-b-p0001,3683,3692,Eggstraße,NIL,LOC,NIL,Eggstraße,```json {} ```,0
NZZ-1938-09-13-b-p0001,3710,3722,Spitalstraße,NIL,LOC,Q2311221,Spital Netz Bern,"Based on the provided list of candidates, the entity mentioned between the [ENT] tags ""Spitalstraße"" seems to be the most relevant. The candidate with the corresponding Wikipedia page ""Spital Netz Bern"" has the Wikidata ID ""Q2311221"". Therefore, the disambiguated entity is: ```json {""wikipedia_page"":""Spital Netz Bern"", ""wikidata_id"":""Q2311221""} ```",16.673364639282227
NZZ-1938-09-13-b-p0001,3730,3747,Gemeinde Wetzikon,Q68305,LOC,Q68305,Wetzikon,"Based on the provided text and the list of candidates, the entity mentioned between the [ENT] tags is ""Wetzikon"". The most appropriate Wikidata entity for this is: ```json {""wikipedia_page"":""Wetzikon"", ""wikidata_id"":""Q68305""} ```",26.949771881103516
NZZ-1938-09-13-b-p0001,3913,3940,"E. R. Z. Graf (dem., Uster)",NIL,PER,Q1326642,Elektrizitätswerke des Kantons Zürich,"Here is the JSON response based on the provided input text and list of candidates: ```json {""wikipedia_page"":""Elektrizitätswerke des Kantons Zürich"", ""wikidata_id"":""Q1326642""} ``` Explanation: The entity mentioned between the [ENT] tags in the provided article is ""Elektrizitätswerke des Kantons Zürich"". This entity matches with the candidate in the list with the same name and Wikidata ID.",14.355493545532227
NZZ-1938-09-13-b-p0001,4049,4088,Elektrizitäts¬ werke des Kantons Zürich,Q1326642,ORG,NIL,Elektrizitäts¬ werke des Kantons Zürich,```json {} ```,0
NZZ-1938-09-13-b-p0001,4418,4426,E. K. Z.,Q1326642,ORG,NIL,E. K. Z.,```json {} ```,0
NZZ-1938-09-13-b-p0001,4499,4522,"Bantli (Bp., Dübendorf)",NIL,PER,NIL,"Bantli (Bp., Dübendorf)",no,0
NZZ-1938-09-13-b-p0001,4537,4559,"Hofmann (Bp., Kempten)",NIL,PER,Q68800,Johann Christian Konrad von Hofmann,"```json { ""wikipedia_page"": ""Johann Christian Konrad von Hofmann"", ""wikidata_id"": ""Q68800"" } ```",15.938010215759277
NZZ-1938-09-13-b-p0001,4831,4854,"Bantli (Bp., Dübendorf)",NIL,PER,NIL,"Bantli (Bp., Dübendorf)",```json {} ```,0
NZZ-1938-09-13-b-p0001,5175,5185,Burghölzli,Q577131,ORG,NIL,Burghölzli,```json {} ```,0
NZZ-1938-09-13-b-p0001,5572,5600,"Dr. Duttweiler (fr., Zürich)",NIL,PER,Q116111,Gottlieb Duttweiler,"Based on the provided text and the list of candidates, the entity mentioned between [ENT] tags is ""Dr. Duttweiler"". The most appropriate Wikidata entity from the given list is: ```json {""wikipedia_page"": ""Gottlieb Duttweiler"", ""wikidata_id"": ""Q116111""} ``` This entity matches the name and is a Swiss entrepreneur and politician.",18.891803741455078
NZZ-1938-09-13-b-p0001,5826,5846,"Marti (soz., Zürich)",NIL,PER,Q94907204,Fritz Marti,"{ ""wikipedia_page"": ""Fritz Marti"", ""wikidata_id"": ""Q94907204"" }",16.611398696899414
NZZ-1938-09-13-b-p0001,6053,6079,"Dr. P. Gygax (fr., Zürich)",NIL,PER,Q2637952,Albert Friedrich Gygax,"{ ""wikipedia_page"": ""Albert Friedrich Gygax"", ""wikidata_id"": ""Q2637952"" }",17.523334503173828
NZZ-1938-09-13-b-p0001,6433,6458,"Oldani (soz., Winterthur)",Q55683084,PER,NIL,"Oldani (soz., Winterthur)",no,0
NZZ-1938-09-13-b-p0001,6912,6934,"Kägi (soz., Erlenbach)",Q4668150,PER,NIL,"Kägi (soz., Erlenbach)","```json {""wikipedia_page"":"""", ""wikidata_id"":""""} ```",0
NZZ-1938-09-13-b-p0001,7323,7342,"Heeb (soz., Zürich)",Q15452401,PER,Q15810773,Fritz Heeb,"Based on the provided text, the entity mentioned between the [ENT] tags is ""Heeb (soz., Zürich)"". After comparing with the candidates, it is clear that the correct entity is: ```json {""wikipedia_page"":""Fritz Heeb"", ""wikidata_id"":""Q15810773""} ```",23.198610305786133
NZZ-1938-09-13-b-p0001,7661,7680,"Kopp (soz., Zürich)",NIL,PER,NIL,"Kopp (soz., Zürich)",```json {} ```,0
NZZ-1938-09-13-b-p0001,7729,7742,Kanton Zürich,Q11943,LOC,Q11943,Kanton Zürich,"{""wikipedia_page"":""Kanton Zürich"", ""wikidata_id"":""Q11943""}",30.734294891357422
NZZ-1938-09-13-b-p0001,8514,8546,Volkswirtschaftsdirektor E. Nobs,NIL,PER,Q115561,Ernst Nobs,"Based on the given text and the list of candidates, the most appropriate Wikidata entity for the entity tagged with [ENT] is ""Ernst Nobs"". Therefore, the corresponding Wikipedia page title and Wikidata ID are: ```json {""wikipedia_page"":""Ernst Nobs"", ""wikidata_id"":""Q115561""} ```",17.886953353881836
NZZ-1938-09-13-b-p0001,9770,9775,Kaegi,Q4668150,PER,NIL,Kaegi,```json {} ```,0
NZZ-1938-09-13-b-p0001,10424,10429,Kaegi,Q4668150,PER,Q117789,Werner Kaegi,"```json {""wikipedia_page"":""Werner Kaegi"", ""wikidata_id"":""Q117789""} ```",14.576284408569336
NZZ-1938-09-13-b-p0001,10434,10442,Dr. Roth,NIL,PER,NIL,Dr. Roth,no,0
NZZ-1938-09-13-b-p0001,10559,10583,"Hackhofer (chr., Zürich)",NIL,PER,Q114599,Josef Hackhofer,"```json { ""wikipedia_page"": ""Josef Hackhofer"", ""wikidata_id"": ""Q114599"" } ```",17.7796630859375
NZZ-1938-09-13-b-p0001,10668,10672,Kopp,NIL,PER,NIL,Kopp,no,0
NZZ-1938-09-13-b-p0001,10855,10883,"Schneider (soz., Winterthur)",NIL,PER,NIL,"Schneider (soz., Winterthur)","```json {""wikipedia_page"":"""", ""wikidata_id"":""""} ```",0
NZZ-1938-09-13-b-p0001,11180,11204,Bäuteli (Bp. Buch a. J.),NIL,PER,NIL,Bäuteli (Bp. Buch a. J.),"{""wikipedia_page"":"""", ""wikidata_id"":""""}",0
NZZ-1938-09-13-b-p0001,11288,11311,Regie¬ rungsrat Pfister,Q2209051,PER,Q106627861,Rudolf Pfister,"```json {""wikipedia_page"": ""Regierungsrat Pfister"", ""wikidata_id"": ""Q106627861""} ```",17.862180709838867
NZZ-1938-09-13-b-p0001,11402,11415,Städte Zürich,Q72,LOC,NIL,Städte Zürich,```json {} ```,0
NZZ-1938-09-13-b-p0001,11420,11430,Winterthur,Q9125,LOC,NIL,Winterthur,```json {} ```,0
NZZ-1938-09-13-b-p0001,11673,11695,"Kägi (soz., Erlenbach)",Q4668150,PER,Q2561860,Werner Kägi,"Based on the input text and the provided list of candidates, the entity mentioned between the [ENT] tags in the context of historical Swiss politics and public administration is likely to be ""Werner Kägi"", who is a Swiss Rechtswissenschafter. Here is the JSON response with the selected Wikidata entity: ```json {""wikipedia_page"":""Werner Kägi"", ""wikidata_id"":""Q2561860""} ```",16.427093505859375
NZZ-1938-09-13-b-p0001,11918,11939,Armendirektor Pfister,NIL,PER,Q19834251,Albert Herr,"Based on the provided input text and list of candidates, the disambiguated entity mentioned between the [ENT] tags is: ```json {""wikipedia_page"":""Albert Herr"", ""wikidata_id"":""Q19834251""} ```",16.712995529174805
NZZ-1938-09-13-b-p0001,12388,12413,"Oldani (soz., Winterthur)",Q55683084,PER,Q3608485,Alberto Oldani,"{""wikipedia_page"": ""Alberto Oldani"", ""wikidata_id"": ""Q3608485""}",11.665977478027344
NZZ-1948-05-12-b-p0002,27,37,Ruhrgebiet,Q151993,LOC,Q151993,Ruhrgebiet,"Based on the provided text, the entity mentioned between the [ENT] tags appears to be ""Ruhrgebiet"". Therefore, the most appropriate Wikidata entity is: ```json {""wikipedia_page"": ""Ruhrgebiet"", ""wikidata_id"": ""Q151993""} ```",21.892261505126953
NZZ-1948-05-12-b-p0002,164,171,Douglas,Q444885,PER,Q444885,Lewis Williams Douglas,"Based on the provided text and the list of candidates, the entity mentioned between the [ENT] tags is ""Douglas"". The most appropriate Wikidata entity from the list of candidates is ""Lewis Williams Douglas"", who was a US-American politician. Therefore, the JSON response is: ```json {""wikipedia_page"":""Lewis Williams Douglas"", ""wikidata_id"":""Q444885""} ```",13.291206359863281
NZZ-1948-05-12-b-p0002,173,182,Mlassieli,Q2893138,PER,NIL,Mlassieli,no,0
NZZ-1948-05-12-b-p0002,187,193,Strang,Q2580669,PER,Q2580669,William Strang,"```json { ""wikipedia_page"": ""William Strang"", ""wikidata_id"": ""Q2580669"" } ```",13.629508972167969
NZZ-1948-05-12-b-p0002,263,274,Deutschland,Q183,LOC,Q183,Deutschland,"```json {""wikipedia_page"":""Deutschland"", ""wikidata_id"":""Q183""} ```",19.21129608154297
NZZ-1948-05-12-b-p0002,360,370,Ruhrgebiet,Q151993,LOC,NIL,Ruhrgebiet,no,0
NZZ-1948-05-12-b-p0002,620,630,Ruhrgebiet,Q151993,LOC,Q151993,Ruhrgebiet,"```json {""wikipedia_page"":""Ruhrgebiet"", ""wikidata_id"":""Q151993""} ```",23.237354278564453
NZZ-1948-05-12-b-p0002,772,784,Franke¬ furt,Q1794,LOC,Q1794,Frankfurt am Main,"Based on the input text provided, the entity mentioned between the [ENT] tags is ""Frankfurt am Main"". Given this context and the list of candidates, the most appropriate Wikidata entity is: ```json {""wikipedia_page"": ""Frankfurt am Main"", ""wikidata_id"": ""Q1794""} ```",13.74471664428711
NZZ-1948-05-12-b-p0002,871,885,Rulrkonsortium,Q1664,LOC,NIL,Rulrkonsortium,no.,0
NZZ-1948-05-12-b-p0002,1041,1049,Massigli,Q2893138,PER,Q2893138,René Massigli,"```json { ""wikipedia_page"": ""René Massigli"", ""wikidata_id"": ""Q2893138"" } ```",19.973060607910156
NZZ-1948-05-12-b-p0002,1075,1080,Paxis,Q90,LOC,Q719518,Paxos,"In this context, the entities mentioned between the [ENT] tags are ""Paxis"" and ""Paxos"". From the list of candidates, the most appropriate Wikidata entities for these mentions are: - ""Paxos"" (Island in Greece) with Wikidata ID ""Q719518"" and Wikipedia page title ""Paxos"". - ""Pax"" (Personification of Peace in Roman Mythology) with Wikidata ID ""Q1132674"" and Wikipedia page title ""Pax"". Here is the JSON-formatted answer: ```json { ""wikipedia_page"": ""Paxos"", ""wikidata_id"": ""Q719518"" } ```",12.179269790649414
NZZ-1948-05-12-b-p0002,1115,1135,Prinzessin Elizabeth,Q9682,PER,NIL,Prinzessin Elizabeth,```json {} ```,0
NZZ-1948-05-12-b-p0002,1157,1166,Edinburgh,Q23436,LOC,NIL,Edinburgh,```json {} ```,0
NZZ-1948-05-12-b-p0002,1170,1175,Paxis,Q90,LOC,Q719518,Paxos,"Based on the provided input text and candidates, the entities mentioned between the [ENT] tags are ""Paxis"" and ""Paxis"". The most appropriate Wikidata entity for ""Paxis"" is ""Paxos"", which is an island in Greece. The JSON response for the disambiguated entities is: ```json {""wikipedia_page"": ""Paxos"", ""wikidata_id"": ""Q719518""} ```",11.017139434814453
NZZ-1948-05-12-b-p0002,1331,1337,London,Q84,LOC,Q84,London,"```json {""wikipedia_page"":""London"", ""wikidata_id"":""Q84""} ```",21.628738403320312
NZZ-1948-05-12-b-p0002,1351,1378,Sonderbotschafter Hlarriman,Q345531,PER,NIL,Sonderbotschafter Hlarriman,No.,0
NZZ-1948-05-12-b-p0002,1439,1446,Bidault,Q312026,PER,Q312026,Georges Bidault,"Based on the provided text, the entity mentioned between the [ENT] tags is ""Bidault."" The most appropriate Wikidata entity from the list of candidates is ""Georges Bidault"" (with Wikidata ID Q312026). Here is the JSON output: ```json {""wikipedia_page"":""Georges Bidault"", ""wikidata_id"":""Q312026""} ```",21.286602020263672
NZZ-1948-05-12-b-p0002,1535,1551,Deutschlandfrage,Q183,LOC,Q895688,Beziehungen zwischen Deutschland und den Vereinigten Staaten,"Based on the input text and the given list of candidates, the entity mentioned between the [ENT] tags is most accurately disambiguated to: ```json {""wikipedia_page"":""Beziehungen zwischen Deutschland und den Vereinigten Staaten"", ""wikidata_id"":""Q895688""} ```",15.800077438354492
NZZ-1948-05-12-b-p0002,1620,1629,Whitchall,Q391620,LOC,NIL,Whitchall,no,0
NZZ-1948-05-12-b-p0002,1667,1678,Ruhrgebiets,Q151993,LOC,NIL,Ruhrgebiets,```json {} ```,0
NZZ-1948-05-12-b-p0002,1767,1777,Washington,Q61,LOC,Q61,"Washington, D.C.","```json { ""wikipedia_page"": ""Washington, D.C."", ""wikidata_id"": ""Q61"" } ```",19.266353607177734
NZZ-1948-05-12-b-p0002,1782,1788,Mo-kau,Q649,LOC,NIL,Mo-kau,no,0
NZZ-1948-05-12-b-p0002,1923,1929,London,Q84,LOC,Q84,London,"```json {""wikipedia_page"":""London"", ""wikidata_id"":""Q84""} ```",21.576608657836914
NZZ-1948-05-12-b-p0002,1996,2007,Deutschland,Q183,LOC,Q183,Deutschland,"```json { ""wikipedia_page"": ""Deutschland"", ""wikidata_id"": ""Q183"" } ```",16.94815444946289
NZZ-1948-05-12-b-p0002,2021,2028,Lon don,Q84,LOC,NIL,Lon don,```json {} ```,0
NZZ-1948-05-12-b-p0002,2048,2057,Marshalls,Q151414,PER,NIL,Marshalls,```json {} ```,0
NZZ-1948-05-12-b-p0002,2061,2067,Moskau,Q649,LOC,Q649,Moskau,"```json {""wikipedia_page"": ""Moskau"", ""wikidata_id"": ""Q649""} ```",21.23243522644043
NZZ-1948-05-12-b-p0002,2107,2119,Ruhn¬ gebiet,Q151993,LOC,NIL,Ruhn¬ gebiet,```json {} ```,0
NZZ-1948-05-12-b-p0002,2141,2151,Prankreich,Q142,LOC,NIL,Prankreich,no,0
NZZ-1948-05-12-b-p0002,2156,2163,Amerika,Q30,LOC,NIL,Amerika,```json {} ```,0
NZZ-1948-05-12-b-p0002,2218,2225,Benelux,Q13116,LOC,Q13116,Benelux,"Based on the provided text and the list of candidates, the entity mentioned between the [ENT] tags is ""Benelux"". The corresponding Wikipedia page title and Wikidata ID are as follows: ```json {""wikipedia_page"":""Benelux"", ""wikidata_id"":""Q13116""} ```",22.04123306274414
NZZ-1948-05-12-b-p0002,2249,2256,England,Q21,LOC,NIL,England,"""no""",0
NZZ-1948-05-12-b-p0002,2316,2321,Times,Q50008,PROD,Q50008,The Times,"Based on the provided text and the list of candidates, the entity mentioned between the [ENT] tags is ""The Times"". ```json {""wikipedia_page"":""The Times"", ""wikidata_id"":""Q50008""} ```",21.699779510498047
NZZ-1948-05-12-b-p0002,2358,2374,Groz¬ brikannien,Q145,LOC,NIL,Groz¬ brikannien,no.,0
NZZ-1948-05-12-b-p0002,2489,2502,Ruhr¬ gebiets,Q151993,LOC,Q151993,Ruhrgebiet,"Given the input text and the list of candidates, the entities within the [ENT] tags can be disambiguated as follows: - The first [ENT] tag refers to ""Ruhrgebiet"". - The second [ENT] tag refers to ""Ruhr"". Based on the candidates provided, the most appropriate Wikidata entities for these tags are: - For ""Ruhrgebiet"": ""Ruhrgebiet"" with Wikidata ID ""Q151993"". - For ""Ruhr"": ""Ruhr"" with Wikidata ID ""Q1664"". Thus, the JSON-formatted answer is: ```json { ""wikipedia_page"": ""Ruhrgebiet"", ""wikidata_id"": ""Q151993"" } ```",22.945755004882812
NZZ-1948-05-12-b-p0002,2530,2551,Nord¬ rhein-Westfalen,Q1198,LOC,NIL,Nord¬ rhein-Westfalen,```json {} ```,0
NZZ-1948-05-12-b-p0002,2716,2725,Ruhrstaat,Q1664,LOC,Q151993,Ruhrgebiet,"```json {""wikipedia_page"":""Ruhrgebiet"", ""wikidata_id"":""Q151993""} ```",17.68990135192871
NZZ-1948-05-12-b-p0002,2813,2823,Frankreich,Q142,LOC,NIL,Frankreich,```json {} ```,0
NZZ-1948-05-12-b-p0002,2894,2906,Ruhrprodubte,Q1664,LOC,NIL,Ruhrprodubte,no,0
NZZ-1948-05-12-b-p0002,3086,3096,Ruhrgebiet,Q151993,LOC,NIL,Ruhrgebiet,```json {} ```,0
NZZ-1948-05-12-b-p0002,3406,3412,Luropa,Q46,LOC,Q151993,Ruhrgebiet,"```json { ""wikipedia_page"": ""Ruhrgebiet"", ""wikidata_id"": ""Q151993"" } ```",16.374122619628906
NZZ-1948-05-12-b-p0002,3527,3538,Deutschland,Q183,LOC,Q183,Deutschland," Based on the given text and candidates, the most appropriate Wikidata entity for the entity marked by [ENT] is: ```json {""wikipedia_page"": ""Deutschland"", ""wikidata_id"": ""Q183""} ```",18.98965835571289
NZZ-1948-05-12-b-p0002,3602,3614,Frank¬ reich,Q142,LOC,NIL,Frank¬ reich,```json {} ```,0
NZZ-1948-05-12-b-p0002,3806,3813,Amerika,Q30,LOC,NIL,Amerika,no,0
NZZ-1948-05-12-b-p0002,3871,3881,Frankreich,Q142,LOC,NIL,Frankreich,no,0
NZZ-1948-05-12-b-p0002,3890,3897,Benelux,Q13116,LOC,NIL,Benelux,```json {} ```,0
NZZ-1948-05-12-b-p0002,3944,3951,Eusland,Q21,LOC,NIL,Eusland,no,0
NZZ-1948-05-12-b-p0002,4019,4031,Deutschlands,Q183,LOC,Q181576,Westdeutschland,"Based on the context provided and the list of candidates, the most appropriate Wikidata entity corresponding to the entity tagged with [ENT] is: ```json {""wikipedia_page"":""Westdeutschland"", ""wikidata_id"":""Q181576""} ```",14.274747848510742
NZZ-1948-05-12-b-p0002,4235,4245,Westeuropa,Q27496,LOC,NIL,Westeuropa,```json {} ```,0
NZZ-1948-05-12-b-p0002,4274,4284,Mashington,Q61,LOC,NIL,Mashington,no,0
NZZ-1948-05-12-b-p0002,4367,4377,Mesteuropa,Q27496,LOC,NIL,Mesteuropa,```json {} ```,0
NZZ-1948-05-12-b-p0002,4547,4554,Nordsee,Q1693,LOC,Q1693,Nordsee,"Based on the provided text and the list of candidates, the entity mentioned between the [ENT] tags is most likely the 'Nordsee'. Therefore, the corresponding Wikipedia page title and Wikidata ID are: ```json {""wikipedia_page"": ""Nordsee"", ""wikidata_id"": ""Q1693""} ```",21.913362503051758
NZZ-1948-05-12-b-p0002,4563,4568,Alpen,Q1286,LOC,NIL,Alpen,```json {} ```,0
NZZ-1948-05-12-b-p0002,4599,4609,Mesteuropa,Q27496,LOC,NIL,Mesteuropa,```json {} ```,0
NZZ-1948-05-12-b-p0002,4679,4686,Amerika,Q30,LOC,Q30,Vereinigte Staaten,"```json { ""wikipedia_page"": ""Vereinigte Staaten"", ""wikidata_id"": ""Q30"" } ```",14.924287796020508
NZZ-1948-05-12-b-p0002,4785,4791,Puropa,Q46,LOC,NIL,Puropa,no,0
NZZ-1948-05-12-b-p0002,5154,5165,Deutschland,Q183,LOC,NIL,Deutschland,no,0
luxwort-1848-04-23-a-i0003,40,51,Lurem biurg,Q32,LOC,Q1877662,Lurngau,"```json { ""wikipedia_page"": ""Lurngau"", ""wikidata_id"": ""Q1877662"" } ```",9.685823440551758
luxwort-1848-04-23-a-i0003,101,110,Lurcmburg,Q32,LOC,NIL,Lurcmburg,"```json { ""wikipedia_page"": """", ""wikidata_id"": """" } ```",0
luxwort-1848-04-23-a-i0003,239,255,Luremburgcr Wort,Q1751317,PROD,Q1751317,Luxemburger Wort,"{""wikipedia_page"": ""Luxemburger Wort"", ""wikidata_id"": ""Q1751317""}",13.41413688659668
luxwort-1848-08-27-a-i0001,299,302,Rom,Q220,LOC,NIL,Rom,```json {} ```,0
luxwort-1848-08-27-a-i0001,1215,1221,Gottes,Q190,PER,NIL,Gottes,```json {} ```,0
luxwort-1848-08-27-a-i0001,1418,1442,Commission aus Luxemburg,Q657529,ORG,Q15803729,Commission de Triage,"Based on the provided text, the entity mentioned between the [ENT] tags is ""Commission de Triage"". The most appropriate Wikidata entity from the given list of candidates is: ```json { ""wikipedia_page"": ""Commission de Triage"", ""wikidata_id"": ""Q15803729"" } ```",10.453532218933105
luxwort-1848-08-27-a-i0001,2721,2730,Suremburg,Q1842,LOC,NIL,Suremburg,no,0
luxwort-1848-08-27-a-i0001,3049,3058,Suremburg,Q1842,LOC,Q530794,Sömmerda,"```json { ""wikipedia_page"": ""Sömmerda"", ""wikidata_id"": ""Q530794"" } ```",12.019892692565918
luxwort-1848-08-27-a-i0001,3270,3279,Lurcmburg,Q1842,LOC,NIL,Lurcmburg,no,0
luxwort-1848-08-27-a-i0001,3408,3411,Rom,Q220,LOC,Q220,Rom,"Based on the provided input text, the entity mentioned between the [ENT] tags is ""Rom"". The most appropriate Wikidata entity from the list of candidates is: {""wikipedia_page"": ""Rom"", ""wikidata_id"": ""Q220""} This entity represents the city of Rom, which is the capital and most populous city in Italy.",12.237174987792969
luxwort-1848-09-29-a-i0001,0,9,Luremburg,Q32,LOC,NIL,Luremburg,"""no""",0
luxwort-1848-09-29-a-i0001,41,49,Gcurricr,Q13102226,PROD,NIL,Gcurricr,```json {} ```,0
luxwort-1848-09-29-a-i0001,173,190,Theodor PeScatore,Q7799867,PER,NIL,Theodor PeScatore,```json {} ```,0
luxwort-1848-09-29-a-i0001,192,200,Ch. Metz,Q5080926,PER,Q5080926,Charles Metz,"Based on the input text and the provided list of candidates, the entity mentioned between the [ENT] tags is ""Ch. Metz"". Among the candidates, the most appropriate Wikidata entity for ""Ch. Metz"" is: - Charles Metz (Q5080926) Therefore, the JSON answer is: ```json {""wikipedia_page"": ""Charles Metz"", ""wikidata_id"": ""Q5080926""} ```",18.037946701049805
luxwort-1848-09-29-a-i0001,202,208,Stifft,NIL,PER,NIL,Stifft,"```json { ""wikipedia_page"": """", ""wikidata_id"": """" } ```",0
luxwort-1848-09-29-a-i0001,210,217,Fischer,NIL,PER,NIL,Fischer,no,0
luxwort-1848-09-29-a-i0001,219,226,Hertert,NIL,PER,NIL,Hertert,**No**,0
luxwort-1848-09-29-a-i0001,228,239,Heldenstein,Q13103205,PER,NIL,Heldenstein,no,0
luxwort-1848-09-29-a-i0001,241,249,Schlinck,NIL,PER,NIL,Schlinck,```json {} ```,0
luxwort-1848-09-29-a-i0001,251,258,Lampach,NIL,PER,NIL,Lampach,no,0
luxwort-1848-09-29-a-i0001,263,273,Dassclboru,NIL,PER,NIL,Dassclboru,No.,0
luxwort-1848-09-29-a-i0001,313,330,Luremburger Worte,Q1751317,PROD,Q1880160,Lübecker Volksbote,"Based on the input text and the list of candidates, the entity mentioned within the [ENT] tags is likely the ""Lübecker Volksbote,"" a former daily newspaper from Lübeck and its surroundings. The corresponding Wikipedia page title and Wikidata ID for the selected entity is: ```json { ""wikipedia_page"": ""Lübecker Volksbote"", ""wikidata_id"": ""Q1880160"" } ```",12.147761344909668
luxwort-1848-09-29-a-i0001,404,421,Theodor Pcscalore,Q7799867,PER,Q17326562,Theodor von Sprösser,"From the provided text, the entity mentioned between the [ENT] tags is ""Theodor PeScatore"". The closest match from the list of candidates is ""Theodor von Sprösser"". Therefore, the corresponding Wikipedia page title and Wikidata ID are: ```json {""wikipedia_page"":""Theodor von Sprösser"", ""wikidata_id"":""Q17326562""} ```",16.800640106201172
luxwort-1848-10-01-a-i0001,499,516,Surcmbnrger Worte,Q1751317,PROD,NIL,Surcmbnrger Worte,no,0
luxwort-1848-10-01-a-i0001,839,855,Lurcmburgcr Wort,Q1751317,PROD,NIL,Lurcmburgcr Wort,no,0
luxwort-1848-10-01-a-i0001,1876,1905,Luremburgcr Ccutralwahlcomite,NIL,ORG,NIL,Luremburgcr Ccutralwahlcomite,no,0
luxwort-1848-10-01-a-i0001,2112,2130,Echternach Gigrang,NIL,PER,NIL,Echternach Gigrang,```json {} ```,0
luxwort-1848-10-01-a-i0001,2135,2145,Dieschburg,NIL,PER,NIL,Dieschburg,No.,0
luxwort-1848-10-01-a-i0001,2150,2163,Wiltz Neumann,NIL,PER,NIL,Wiltz Neumann,no,0
luxwort-1848-10-01-a-i0001,2168,2188,Grevenmachern Kuborn,NIL,PER,NIL,Grevenmachern Kuborn,no,0
luxwort-1848-10-01-a-i0001,2382,2388,Ledure,Q16439666,PER,NIL,Ledure,no,0
luxwort-1848-10-01-a-i0001,2390,2396,Macher,NIL,PER,NIL,Macher,"""no""",0
luxwort-1848-10-01-a-i0001,2398,2409,Wellenstein,Q3247082,LOC,NIL,Wellenstein,```json {} ```,0
luxwort-1848-10-01-a-i0001,2411,2421,Lafontaine,Q725755,PER,Q61741068,Léopold Fontaine,"```json {""wikipedia_page"":""Léopold Fontaine"", ""wikidata_id"":""Q61741068""} ```",17.940948486328125
luxwort-1848-10-01-a-i0001,2423,2431,Brasseur,NIL,PER,NIL,Brasseur,```json {} ```,0
luxwort-1848-10-01-a-i0001,2528,2534,Nemich,Q734284,LOC,NIL,Nemich,```json {} ```,0
luxwort-1848-10-01-a-i0001,2634,2638,Esch,Q16010,LOC,Q1366846,"Esch (Gemeinde Hallwang, Salzburg)","```json {""wikipedia_page"": ""Esch (Gemeinde Hallwang, Salzburg)"", ""wikidata_id"": ""Q1366846""} ```",11.93356704711914
luxwort-1848-10-01-a-i0001,2689,2694,Motte,Q16439867,PER,NIL,Motte,"```json {""wikipedia_page"":"""", ""wikidata_id"":""""} ```",0
luxwort-1848-10-01-a-i0001,2717,2734,Herren Lafontaine,Q725755,PER,NIL,Herren Lafontaine,no,0
luxwort-1848-10-01-a-i0001,2739,2751,Würth-Paquct,Q1956419,PER,Q1956419,François-Xavier Wurth-Paquet,"Based on the provided text and list of candidates, the entity between the [ENT] tags ""Würth-Paquct [ENT]"" is likely referring to ""François-Xavier Wurth-Paquet"" given the context and the date of 1801. Here is the JSON-formatted response: ```json { ""wikipedia_page"": ""François-Xavier Wurth-Paquet"", ""wikidata_id"": ""Q1956419"" } ```",16.08302116394043
luxwort-1848-10-01-a-i0001,2824,2853,Priester und Professor Müller,NIL,PER,NIL,Priester und Professor Müller,```json {} ```,0
luxwort-1848-10-01-a-i0001,2884,2899,Direktor Müller,NIL,PER,Q86652,Eduard Müller,"``` { ""wikipedia_page"": ""Eduard Müller"", ""wikidata_id"": ""Q86652"" } ```",12.337421417236328
luxwort-1848-10-01-a-i0001,2903,2911,Athenäum,Q545334,LOC,NIL,Athenäum,```json {} ```,0
luxwort-1848-10-01-a-i0001,3091,3099,Lmemburg,Q1842,LOC,NIL,Lmemburg,No,0
luxwort-1848-10-01-a-i0001,3156,3163,Simonis,Q3247358,PER,NIL,Simonis,```json {} ```,0
luxwort-1848-10-01-a-i0001,3261,3265,Metz,Q3343509,PER,Q22690,Metz,"```json {""wikipedia_page"":""Metz"", ""wikidata_id"":""Q22690""} ```",18.56374168395996
luxwort-1848-10-01-a-i0001,3509,3518,Luxemburg,Q32,LOC,NIL,Luxemburg,```json {} ```,0
luxwort-1848-10-01-a-i0001,3784,3808,Bürgermeister S. von St.,NIL,PER,NIL,Bürgermeister S. von St.,"""no""",0
luxwort-1848-10-01-a-i0001,3848,3857,Athenäums,Q545334,LOC,NIL,Athenäums,```json {} ```,0
luxwort-1848-10-01-a-i0001,3918,3922,Metz,Q5080926,PER,NIL,Metz," {""wikipedia_page"":"""", ""wikidata_id"":""""}",0
luxwort-1848-10-01-a-i0001,3966,3976,Bartringen,Q809603,LOC,NIL,Bartringen,```json {} ```,0
luxwort-1848-10-01-a-i0001,4083,4091,Eh. Metz,Q5080926,PER,NIL,Eh. Metz,```json {} ```,0
luxwort-1848-10-01-a-i0001,4294,4311,Cantons Luremburg,Q1146429,LOC,NIL,Cantons Luremburg,```json {} ```,0
luxwort-1848-10-01-a-i0001,4585,4592,Fischer,NIL,PER,NIL,Fischer,No.,0
luxwort-1848-10-01-a-i0001,4604,4612,Ch. Metz,Q5080926,PER,Q5080926,Charles Metz,"```json { ""wikipedia_page"": ""Charles Metz"", ""wikidata_id"": ""Q5080926"" } ```",16.27604866027832
luxwort-1848-10-01-a-i0001,4627,4633,Stifft,NIL,PER,NIL,Stifft,no,0
luxwort-1848-10-01-a-i0001,4781,4789,Scklinck,NIL,PER,NIL,Scklinck,```json {} ```,0
luxwort-1848-10-01-a-i0001,4797,4804,Lampach,NIL,PER,NIL,Lampach,no,0
luxwort-1848-10-01-a-i0001,4812,4823,Heldenstein,Q13103205,PER,Q1601810,Heldenstein,"Based on the provided input text and candidate list, the entity mentioned within the [ENT] tags is ""Heldenstein"". The most appropriate Wikidata entity from the given list is: ```json {""wikipedia_page"":""Heldenstein"", ""wikidata_id"":""Q1601810""} ```",20.633529663085938
luxwort-1848-10-01-a-i0001,4831,4841,Dasstlborn,Q67588061,PER,NIL,Dasstlborn,no,0
luxwort-1848-10-01-a-i0001,4849,4856,Herlert,NIL,PER,Q16007542,Hermann Lehnert,"```json {""wikipedia_page"": ""Hermann Lehnert"", ""wikidata_id"": ""Q16007542""} ```",14.718238830566406
luxwort-1848-10-01-a-i0001,4864,4869,Jonas,Q16439477,PER,NIL,Jonas,No,0
luxwort-1848-10-01-a-i0001,4877,4884,Fendius,NIL,PER,NIL,Fendius,```json {} ```,0
luxwort-1848-10-01-a-i0001,4892,4901,Würth PH.,NIL,PER,NIL,Würth PH.,no,0
luxwort-1848-10-01-a-i0001,4909,4913,Adam,NIL,PER,Q347181,Adam,"{""wikipedia_page"":""Adam"", ""wikidata_id"":""Q347181""}",9.856985092163086
luxwort-1848-10-01-a-i0001,5280,5296,Canton Suremburg,Q1146429,LOC,NIL,Canton Suremburg,No.,0
luxwort-1848-10-01-a-i0001,6394,6402,Athenäum,Q545334,ORG,Q754501,athenäum,"```json { ""wikipedia_page"": ""Athenaeum"", ""wikidata_id"": ""Q754501"" } ```",12.150954246520996
luxwort-1848-12-15-a-i0001,22,38,Cantons Diekirch,Q691842,LOC,NIL,Cantons Diekirch,```json {} ```,0
luxwort-1848-12-15-a-i0001,43,53,Sa« pellen,Q397678,LOC,NIL,Sa« pellen,no,0
luxwort-1848-12-15-a-i0001,202,208,Ulrich,NIL,PER,Q90881967,Ulrich Dietzi,"```json { ""wikipedia_page"": ""Ulrich Dietzi"", ""wikidata_id"": ""Q90881967"" } ```",10.156710624694824
luxwort-1848-12-15-a-i0001,213,220,N. Metz,Q3343509,PER,NIL,N. Metz,No,0
luxwort-1848-12-15-a-i0001,236,276,"General-Administrator des Innern, Ulrich",NIL,PER,NIL,"General-Administrator des Innern, Ulrich","```json {""wikipedia_page"":"""",""wikidata_id"":""""} ```",0
luxwort-1848-12-15-a-i0001,707,720,Herrn Willmai,Q738855,PER,NIL,Herrn Willmai,no,0
luxwort-1848-12-15-a-i0001,749,760,Hrn. Ulrich,NIL,PER,NIL,Hrn. Ulrich,no,0
luxwort-1848-12-15-a-i0001,795,808,Hrn. Ulveling,Q6171617,PER,Q6171617,Jean Ulveling,"```json {""wikipedia_page"":""Jean Ulveling"", ""wikidata_id"":""Q6171617""} ```",16.735260009765625
luxwort-1848-12-15-a-i0001,831,848,Hrn. Norbert Metz,Q3343509,PER,NIL,Hrn. Norbert Metz,No,0
luxwort-1848-12-15-a-i0001,1340,1407,"einstweilige Gcneral»Administrator, Präsident des Conseils, Willmar",Q738855,PER,Q3166043,Jean-Georges Willmar,"Based on the provided text and list of candidates, I have identified the following entity: - [ENT] Willmar From the list of candidates, the most appropriate Wikidata entity for ""Willmar"" is: - Wikipedia page: Jean-Georges Willmar - Wikidata ID: Q3166043 Here is the JSON response: ```json {""wikipedia_page"":""Jean-Georges Willmar"", ""wikidata_id"":""Q3166043""} ```",14.501372337341309
luxwort-1848-12-15-a-i0001,1565,1574,Luxemburg,Q32,LOC,Q32,Luxemburg,"{""wikipedia_page"": ""Luxemburg"", ""wikidata_id"": ""Q32""}",15.22808837890625
luxwort-1858-02-07-a-i0009,0,7,Belgien,Q31,LOC,Q31,Belgien,"Based on the provided text, the entity tagged as [ENT] is ""Belgien"". Comparing this with the JSON list of candidates, the most appropriate Wikidata entity is: ```json {""wikipedia_page"":""Belgien"", ""wikidata_id"":""Q31""} ```",24.453533172607422
luxwort-1858-02-07-a-i0009,9,16,Brüssel,Q239,LOC,NIL,Brüssel,```json {} ```,0
luxwort-1858-02-07-a-i0009,48,57,Dra» pcau,Q3222443,PROD,NIL,Dra» pcau,```json {} ```,0
luxwort-1858-02-07-a-i0009,112,156,"frühere Rédacteur des Blattes, Louis Labarre",Q4251818,PER,Q4251818,Louis Labarre,"```json {""wikipedia_page"":""Louis Labarre"", ""wikidata_id"":""Q4251818""} ```",12.75526237487793
luxwort-1858-02-07-a-i0009,171,209,"jetzige nominelle Herausgeber, Brismee",NIL,PER,NIL,"jetzige nominelle Herausgeber, Brismee","```json {""wikipedia_page"": """", ""wikidata_id"": """"} ```",0
luxwort-1858-02-07-a-i0009,489,500,Proletarier,NIL,PROD,NIL,Proletarier,```json {} ```,0
luxwort-1858-02-07-a-i0009,593,599,London,Q84,LOC,NIL,London,```json {} ```,0
luxwort-1858-02-07-a-i0009,633,666,"rabiaten Schneider, Namens Coulon",NIL,PER,NIL,"rabiaten Schneider, Namens Coulon",no,0
luxwort-1858-02-07-a-i0009,772,778,Orsini,Q708837,PER,NIL,Orsini,```json {} ```,0
luxwort-1858-02-07-a-i0009,783,789,Pierri,Q3106996,PER,NIL,Pierri,no,0
luxwort-1858-02-07-a-i0009,876,907,"Mr. Coulon, der kühne Schneider",NIL,PER,NIL,"Mr. Coulon, der kühne Schneider",```json {} ```,0
luxwort-1858-02-07-a-i0009,939,946,Drapeau,Q3222443,PROD,NIL,Drapeau,```json {} ```,0
luxwort-1858-02-07-a-i0009,953,962,Crocodile,NIL,PROD,NIL,Crocodile,no,0
luxwort-1858-02-07-a-i0009,1016,1022,sM. I.,NIL,PER,NIL,sM. I.,no,0
luxwort-1858-03-14-a-i0006,0,9,ïuiemburg,Q1842,LOC,Q1842,Luxemburg,"``` {""wikipedia_page"": ""Luxemburg"", ""wikidata_id"": ""Q1842""} ```",13.47618579864502
luxwort-1858-03-14-a-i0006,40,45,Trier,Q3138,LOC,Q3138,Trier,"{ ""wikipedia_page"": ""Trier"", ""wikidata_id"": ""Q3138"" }",27.106847763061523
luxwort-1858-03-14-a-i0006,159,171,heil. Joseph,Q128267,PER,NIL,heil. Joseph,no,0
luxwort-1858-03-14-a-i0006,641,674,guten altkatholischen Stadt Trier,Q3138,LOC,NIL,guten altkatholischen Stadt Trier,```json {} ```,0
luxwort-1858-03-14-a-i0006,934,942,P. Zobel,NIL,PER,NIL,P. Zobel,no,0
luxwort-1858-03-14-a-i0006,1319,1336,Gesellschaft Jesu,Q36380,ORG,NIL,Gesellschaft Jesu,no,0
luxwort-1858-03-14-a-i0006,1346,1388,"General-Direktor des Innern, Würth- Paquet",Q1956419,PER,NIL,"General-Direktor des Innern, Würth- Paquet",no,0
luxwort-1858-03-14-a-i0006,1421,1435,heil. Ignatius,Q44281,PER,Q44281,Ignatius von Loyola,"{ ""wikipedia_page"": ""Ignatius von Loyola"", ""wikidata_id"": ""Q44281"" }",9.647575378417969
luxwort-1858-03-14-a-i0006,1528,1545,Wolfgang Men» je!,Q64640,PER,NIL,Wolfgang Men» je!,no,0
luxwort-1858-08-29-a-i0005,0,7,England,Q21,LOC,Q21,England,"```json {""wikipedia_page"":""England"", ""wikidata_id"":""Q21""} ```",17.300167083740234
luxwort-1858-08-29-a-i0005,9,18,l'ont» on,Q84,LOC,Q21,England,"Based on the input text and the provided list of candidates, the entity mentioned between the [ENT] tags is likely ""England"". Here is the JSON object with the corresponding Wikipedia page title and Wikidata ID: ```json {""wikipedia_page"":""England"", ""wikidata_id"":""Q21""} ```",5.584628105163574
luxwort-1858-08-29-a-i0005,851,855,m. I,NIL,PER,NIL,m. I,no,0
luxwort-1858-10-07-a-i0008,0,7,Italien,Q38,LOC,Q38,Italien,"Based on the provided input text and the list of candidates, the entity within the [ENT] tags, ""Italien,"" corresponds to the following Wikidata entry: ```json {""wikipedia_page"": ""Italien"", ""wikidata_id"": ""Q38""} ```",22.1441593170166
luxwort-1858-10-07-a-i0008,9,14,R o m,Q220,LOC,NIL,R o m,no,0
luxwort-1858-10-07-a-i0008,392,401,Jerusalem,Q1218,LOC,Q1218,Jerusalem,"```json {""wikipedia_page"": ""Jerusalem"", ""wikidata_id"": ""Q1218""} ```",21.517108917236328
luxwort-1858-10-07-a-i0008,585,620,katholischen Großmacht Frank» reich,Q142,ORG,NIL,katholischen Großmacht Frank» reich,no,0
luxwort-1858-10-07-a-i0008,624,630,Orient,Q205653,LOC,NIL,Orient,```json {} ```,0
luxwort-1858-10-07-a-i0008,825,828,Rom,Q220,LOC,Q220,Rom,"```json { ""wikipedia_page"": ""Rom"", ""wikidata_id"": ""Q220"" } ```",20.192699432373047
luxwort-1858-10-07-a-i0008,866,873,Pius IX,Q43720,PER,Q43720,Pius IX.,"{""wikipedia_page"":""Pius IX."", ""wikidata_id"":""Q43720""}",30.088884353637695
luxwort-1858-10-07-a-i0008,1234,1261,Schuldners Marchese Campana,Q442379,PER,NIL,Schuldners Marchese Campana,no,0
luxwort-1858-10-07-a-i0008,1295,1302,Neapels,Q2634,LOC,Q173065,Königreich Neapel,"Based on the provided context and the candidates list, the entity mentioned between the [ENT] tags can be disambiguated as follows: ```json {""wikipedia_page"":""Königreich Neapel"",""wikidata_id"":""Q173065""} ``` This corresponds to the modern city of Naples and its historical context in the 19th century.",18.64344024658203
luxwort-1858-10-07-a-i0008,1405,1416,Weftmächten,NIL,ORG,Q185145,Großmacht,"{""wikipedia_page"": ""Großmacht"", ""wikidata_id"": ""Q185145""}",9.756433486938477
luxwort-1858-10-07-a-i0008,1467,1488,Comman» deurs Caraffa,NIL,PER,NIL,Comman» deurs Caraffa,```json {} ```,0
luxwort-1858-10-07-a-i0008,1671,1677,Neapel,Q2634,LOC,NIL,Neapel,```json {} ```,0
luxwort-1858-10-07-a-i0008,1760,1771,Westmächten,NIL,ORG,NIL,Westmächten,"```json {""wikipedia_page"":"""",""wikidata_id"":""""} ```",0
luxwort-1858-10-07-a-i0008,2296,2306,Frankreich,Q142,LOC,NIL,Frankreich,```json {} ```,0
luxwort-1858-10-07-a-i0008,2311,2318,England,Q21,LOC,Q21,England,"Based on the provided input text and the list of candidates, the entity mentioned between the [ENT] tags is ""England"". The most appropriate Wikidata entity from the list of candidates is ""England"" with the Wikidata ID ""Q21"". Here is the JSON-formatted answer: ```json { ""wikipedia_page"": ""England"", ""wikidata_id"": ""Q21"" } ```",19.861581802368164
luxwort-1858-10-07-a-i0008,2649,2656,Europas,Q46,LOC,Q46,Europa,"```json {""wikipedia_page"":""Europa"", ""wikidata_id"":""Q46""} ```",13.87509536743164
luxwort-1858-10-07-a-i0008,2782,2787,Paris,Q90,LOC,NIL,Paris,```json {} ```,0
luxwort-1858-10-07-a-i0008,2792,2798,London,Q84,LOC,Q84,London,"{ ""wikipedia_page"": ""London"", ""wikidata_id"": ""Q84"" }",16.049007415771484
luxwort-1858-10-07-a-i0008,4084,4091,Preußen,Q27306,LOC,NIL,Preußen,```json {} ```,0
luxwort-1858-10-07-a-i0008,4096,4102,Bayern,Q154195,LOC,NIL,Bayern,```json {} ```,0
luxwort-1858-10-07-a-i0008,4676,4680,K.J.,Q1795887,PROD,NIL,K.J.,no,0
luxwort-1858-12-25-a-i0001,33,51,Lurembur» ger Wort,Q1751317,PROD,Q1751317,Luxemburger Wort,"```json {""wikipedia_page"":""Luxemburger Wort"", ""wikidata_id"":""Q1751317""} ```",18.198652267456055
luxwort-1858-12-25-a-i0001,373,389,Luremburger Wort,Q1751317,PROD,NIL,Luremburger Wort,```json {} ```,0
luxwort-1858-12-25-a-i0001,907,911,Köln,Q365,LOC,Q365,Köln,"```json {""wikipedia_page"":""Köln"", ""wikidata_id"":""Q365""} ```",24.24514389038086
luxwort-1868-07-21-a-i0003,12,20,Wäschfra,NIL,PROD,NIL,Wäschfra,```json {} ```,0
luxwort-1868-07-21-a-i0003,209,218,SujemDurg,Q32,LOC,NIL,SujemDurg,no,0
luxwort-1868-07-21-a-i0003,360,365,Grund,Q1016205,LOC,NIL,Grund,"""no""",0
luxwort-1868-07-21-a-i0003,370,381,Pfasseuthal,Q1016214,LOC,NIL,Pfasseuthal,**no**,0
luxwort-1868-07-21-a-i0003,468,478,3Sd)cb.fra,NIL,PROD,NIL,3Sd)cb.fra,no,0
luxwort-1868-07-21-a-i0003,515,540,Hrn. Musikdirektor Rinnen,NIL,PER,NIL,Hrn. Musikdirektor Rinnen,no,0
luxwort-1868-07-21-a-i0003,767,775,Wäschfra,NIL,PROD,Q1518857,Schmutzige Wäsche,"```json { ""wikipedia_page"": ""Schmutzige Wäsche"", ""wikidata_id"": ""Q1518857"" } ```",11.024192810058594
luxwort-1868-07-21-a-i0003,1041,1054,Gemeinde Eich,Q2451733,LOC,NIL,Gemeinde Eich,"```json {""wikipedia_page"":"""", ""wikidata_id"":""""} ```",0
luxwort-1868-07-21-a-i0003,1117,1137,Hrn. Direktor Zinnen,NIL,PER,NIL,Hrn. Direktor Zinnen,```json {} ```,0
luxwort-1868-07-21-a-i0003,1521,1529,Wäschfra,NIL,PROD,NIL,Wäschfra,no,0
luxwort-1868-09-23-a-i0011,73,82,igatnburg,Q1055,LOC,Q3004,Ingolstadt,"Based on the provided text and the list of candidates, the disambiguated entities are: 1. **Ingolstadt** (Wikidata ID: Q3004) ```json { ""wikipedia_page"": ""Ingolstadt"", ""wikidata_id"": ""Q3004"" } ```",11.336217880249023
luxwort-1868-09-23-a-i0011,84,92,Nürnberg,Q2090,LOC,Q2090,Nürnberg,"```json { ""wikipedia_page"": ""Nürnberg"", ""wikidata_id"": ""Q2090"" } ```",21.771251678466797
luxwort-1868-09-23-a-i0011,94,101,Brüssel,Q239,LOC,Q239,Brüssel,"Based on the provided text and candidate list, the entity mentioned between the [ENT] tags is likely ""Brüssel"". The most appropriate Wikidata entity from the list of candidates is: ```json {""wikipedia_page"":""Brüssel"", ""wikidata_id"":""Q239""} ```",18.113208770751953
luxwort-1868-09-23-a-i0011,106,111,Genua,Q1449,LOC,NIL,Genua,```json {} ```,0
luxwort-1868-09-23-a-i0011,161,167,Italie,NIL,PROD,NIL,Italie,no,0
luxwort-1868-09-23-a-i0011,301,309,Italiens,Q38,LOC,Q172579,Königreich Italien,"```json {""wikipedia_page"":""Königreich Italien"",""wikidata_id"":""Q172579""} ```",16.255889892578125
luxwort-1868-09-23-a-i0011,344,348,MaMÜ,Q187336,PER,NIL,MaMÜ,no,0
luxwort-1868-09-23-a-i0011,598,605,"K. Ztg,",NIL,PROD,NIL,"K. Ztg,",no,0
luxwort-1868-09-23-a-i0011,607,610,Ram,Q220,LOC,NIL,Ram,"```json {""wikipedia_page"":"""", ""wikidata_id"":""""} ```",0
luxwort-1868-09-23-a-i0011,718,727,Garibaldi,Q539,PER,Q539,Giuseppe Garibaldi,"```json {""wikipedia_page"":""Giuseppe Garibaldi"", ""wikidata_id"":""Q539""} ```",22.8018798828125
luxwort-1868-09-23-a-i0011,729,736,Mazzini,Q187336,PER,Q187336,Giuseppe Mazzini,"```json {""wikipedia_page"":""Giuseppe Mazzini"", ""wikidata_id"":""Q187336""} ```",23.98206329345703
luxwort-1868-09-23-a-i0011,742,766,Associazionc Neunblicana,NIL,ORG,NIL,Associazionc Neunblicana,no,0
luxwort-1868-09-23-a-i0011,772,796,Affiliazione Democratica,NIL,ORG,NIL,Affiliazione Democratica,no,0
luxwort-1868-09-23-a-i0011,802,822,Comité der Stadt Rom,NIL,ORG,NIL,Comité der Stadt Rom,no,0
luxwort-1868-09-23-a-i0011,828,835,Florenz,Q2044,LOC,NIL,Florenz,```json {} ```,0
luxwort-1868-09-23-a-i0011,1090,1095,©enua,Q1449,LOC,NIL,©enua,no,0
luxwort-1868-09-23-a-i0011,1160,1168,Lignrien,Q1256,LOC,NIL,Lignrien,no,0
luxwort-1868-09-23-a-i0011,1206,1209,Rom,Q220,LOC,Q220,Rom,"Based on the input text and the given list of candidates, the entity mentioned between the [ENT] tags is most likely ""Rom"", the city. Here is the JSON-formatted answer: ```json { ""wikipedia_page"": ""Rom"", ""wikidata_id"": ""Q220"" } ```",18.703205108642578
luxwort-1868-09-23-a-i0011,1244,1247,Nom,Q220,LOC,NIL,Nom,no,0
luxwort-1868-09-23-a-i0011,1330,1339,Mazzini's,Q187336,PER,Q187336,Giuseppe Mazzini,"```json {""wikipedia_page"":""Giuseppe Mazzini"", ""wikidata_id"":""Q187336""} ```",20.037153244018555
luxwort-1868-09-23-a-i0011,1357,1402,französischen Botschafter Grafen Don ©artiges,NIL,PER,Q3245744,Liste der französischen Botschafter beim Heiligen Stuhl,"Based on the provided text and the list of candidates, the most appropriate Wikidata entity for the entity mentioned between the [ENT] tags is ""Liste der französischen Botschafter beim Heiligen Stuhl"". ```json {""wikipedia_page"":""Liste der französischen Botschafter beim Heiligen Stuhl"",""wikidata_id"":""Q3245744""} ```",9.550271987915039
luxwort-1868-09-23-a-i0011,1560,1578,Lardinal Antonelli,Q712085,PER,NIL,Lardinal Antonelli,no,0
luxwort-1868-09-23-a-i0011,1616,1633,Der heilige Stuhl,Q159583,ORG,Q159583,Heiliger Stuhl,"```json { ""wikipedia_page"": ""Heiliger Stuhl"", ""wikidata_id"": ""Q159583"" } ```",20.766525268554688
luxwort-1868-09-23-a-i0011,1814,1824,Frankreich,Q142,LOC,Q142,Frankreich,"```json {""wikipedia_page"": ""Frankreich"", ""wikidata_id"": ""Q142""} ```",17.14305877685547
luxwort-1868-09-23-a-i0011,2086,2105,dem helligen Stuhle,Q159583,ORG,Q159583,Heiliger Stuhl,"```json {""wikipedia_page"":""Heiliger Stuhl"", ""wikidata_id"":""Q159583""} ```",17.29063606262207
luxwort-1868-09-23-a-i0011,2192,2199,Vatican,Q237,LOC,NIL,Vatican,no,0
luxwort-1868-09-23-a-i0011,2208,2230,Cabinet der Tuilerieen,Q1450662,ORG,Q234364,Palais des Tuileries,"```json { ""wikipedia_page"": ""Palais des Tuileries"", ""wikidata_id"": ""Q234364"" } ```",13.220492362976074
luxwort-1868-09-23-a-i0011,2347,2360,Herr Menabrea,Q548672,PER,NIL,Herr Menabrea,```json {} ```,0
luxwort-1868-09-23-a-i0011,2398,2405,Italien,Q38,LOC,NIL,Italien,no,0
luxwort-1868-09-23-a-i0011,2410,2413,Nom,Q220,LOC,NIL,Nom,no,0
luxwort-1868-09-23-a-i0011,2417,2422,Paris,Q90,LOC,Q90,Paris,"```json {""wikipedia_page"":""Paris"", ""wikidata_id"":""Q90""} ```",18.478790283203125
luxwort-1868-09-23-a-i0011,2510,2518,Englands,Q21,LOC,NIL,Englands,```json {} ```,0
luxwort-1868-09-23-a-i0011,2534,2539,Paris,Q90,LOC,NIL,Paris,no,0
luxwort-1868-09-23-a-i0011,2574,2584,Lord Lyons,Q5537443,PER,Q335522,"Edmund Lyons, 1. Baron Lyons","Based on the input text and the provided list of candidates, the entity mentioned between the [ENT] tags is ""Lord Lyons"". The most appropriate Wikidata entity from the list is: ```json {""wikipedia_page"":""Edmund Lyons, 1. Baron Lyons"", ""wikidata_id"":""Q335522""} ```",18.284238815307617
luxwort-1868-09-23-a-i0011,2602,2619,Herrn de Moustier,Q3271672,PER,NIL,Herrn de Moustier,Here is the JSON-formatted answer: ```json {} ``` None of the candidates match the entity mentioned in the text with high confidence.,0
luxwort-1868-09-23-a-i0011,2764,2776,Lord Stanley,Q222458,PER,Q6258837,"John Stanley, 1st Baron Stanley of Alderley","{ ""wikipedia_page"": ""John Stanley, 1st Baron Stanley of Alderley"", ""wikidata_id"": ""Q6258837"" }",13.311766624450684
luxwort-1868-09-23-a-i0011,2909,2916,Florenz,Q2044,LOC,NIL,Florenz,no,0
luxwort-1868-09-23-a-i0011,2921,2924,Nom,Q220,LOC,NIL,Nom,no,0
luxwort-1868-09-23-a-i0011,3157,3164,Florenz,Q2044,LOC,Q2044,Florenz,"```json { ""wikipedia_page"": ""Florenz"", ""wikidata_id"": ""Q2044"" } ```",22.614713668823242
luxwort-1868-09-23-a-i0011,3338,3346,Sicilien,Q1460,LOC,NIL,Sicilien,no,0
luxwort-1868-09-23-a-i0011,3471,3478,Italien,Q38,LOC,Q172579,Königreich Italien,"Based on the provided input text and the list of candidates, the relevant entity is ""Königreich Italien"" (Q172579). **JSON Output:** ```json { ""wikipedia_page"": ""Königreich Italien"", ""wikidata_id"": ""Q172579"" } ```",14.070837020874023
luxwort-1868-09-23-a-i0011,3786,3795,Franz II.,Q206223,PER,Q130834,Franz II.,"Based on the provided text and the list of candidates, the entities within the [ENT] tags are ""Franz II."" and another ""Franz II."". The most appropriate Wikidata entity for the first ""Franz II."" is: - Wikipedia Page: ""Franz II."" - Wikidata ID: ""Q130834"" The second ""Franz II."" does not match any of the provided candidates with high confidence. Therefore, the JSON response will be: ```json { ""wikipedia_page"": ""Franz II."", ""wikidata_id"": ""Q130834"" } ```",19.285194396972656
luxwort-1868-09-23-a-i0011,3861,3876,Paläste Farnese,Q848386,LOC,NIL,Paläste Farnese,no,0
luxwort-1868-09-23-a-i0011,3994,4010,Königs Franz 11.,Q206223,PER,NIL,Königs Franz 11.,```json {} ```,0
luxwort-1868-09-23-a-i0011,4077,4083,"K. Bl,",NIL,PROD,NIL,"K. Bl,",No.,0
luxwort-1868-09-23-a-i0011,4085,4092,Italien,Q38,LOC,Q38,Italien,"Based on the provided text and candidates, the most appropriate Wikidata entity for the entity mentioned between the [ENT] tags is: ```json {""wikipedia_page"":""Italien"", ""wikidata_id"":""Q38""} ```",12.219231605529785
luxwort-1868-12-18-a-i0004,17,32,Stadt Luxemburg,Q1842,LOC,Q1842,Luxemburg,"Based on the provided text and the list of candidates, the disambiguated entity mentioned between the [ENT] tags is: ```json { ""wikipedia_page"": ""Luxemburg"", ""wikidata_id"": ""Q1842"" } ``` The text mentions ""Stadt Luxemburg,"" which refers to the city of Luxemburg, and this entity is appropriately listed in the candidate list with the Wikidata ID ""Q1842"".",26.36945343017578
luxwort-1868-12-18-a-i0004,3503,3512,Luxemburg,Q1842,LOC,NIL,Luxemburg,no,0
luxwort-1868-12-18-a-i0004,3535,3540,Paris,Q90,LOC,NIL,Paris,no,0
luxwort-1878-01-09-a-i0002,79,96,Sujeutburger Wort,Q1751317,PROD,NIL,Sujeutburger Wort,"{""wikipedia_page"":"""", ""wikidata_id"":""""}",0
luxwort-1878-04-30-a-i0006,3153,3157,Haag,Q36600,LOC,Q36600,Den Haag,"Based on the input text and the provided list of candidates, the most appropriate Wikidata entity for the entity mentioned between the [ENT] tags is ""Den Haag"". Here is the corresponding JSON object: ```json { ""wikipedia_page"": ""Den Haag"", ""wikidata_id"": ""Q36600"" } ```",22.145565032958984
luxwort-1878-04-30-a-i0006,3211,3273,"Vtatthalter im Großherzogthnm, Heinrich, Prinz der Niederlande",Q705129,PER,NIL,"Vtatthalter im Großherzogthnm, Heinrich, Prinz der Niederlande",```json {} ```,0
luxwort-1878-04-30-a-i0006,3279,3322,"General »Direktor des Innern, N. Talent iny",Q13104357,PER,Q1501800,Generaldirektor,"Based on the input text and the provided list of candidates, the entity mentioned between the [ENT] tags appears to be ""Generaldirektor"". The corresponding Wikidata ID and Wikipedia page title are: ```json {""wikipedia_page"": ""Generaldirektor"", ""wikidata_id"": ""Q1501800""} ```",7.309042453765869
luxwort-1878-05-14-a-i0001,44,56,",Lux. Woll.‘",Q1751317,PROD,NIL,",Lux. Woll.‘",no,0
luxwort-1878-05-14-a-i0001,505,511,Canaba,Q16,LOC,Q3114,Canberra,"Based on the input text and the provided list of candidates, the entity mentioned within the [ENT] tags is ""Canaba"". The closest match from the provided list is: - **Wikipedia Page Title:** Canberra - **Wikidata ID:** Q3114 Here is the JSON-formatted answer: ```json {""wikipedia_page"":""Canberra"", ""wikidata_id"":""Q3114""} ```",13.433768272399902
luxwort-1878-05-14-a-i0001,513,526,Neu-©üb>WaleS,Q3224,LOC,Q3224,New South Wales,"{ ""wikipedia_page"": ""New South Wales"", ""wikidata_id"": ""Q3224"" }",16.811464309692383
luxwort-1878-05-14-a-i0001,528,536,Victoria,Q36687,LOC,NIL,Victoria,```json {} ```,0
luxwort-1878-05-14-a-i0001,538,548,QueenSlanb,Q36074,LOC,NIL,QueenSlanb,no,0
luxwort-1878-05-14-a-i0001,568,575,©nglanb,Q21,LOC,NIL,©nglanb,```json {} ```,0
luxwort-1878-05-14-a-i0001,581,587,Canaba,Q16,LOC,Q3114,Canberra,"```json {""wikipedia_page"": ""Canberra"", ""wikidata_id"": ""Q3114""} ```",14.285333633422852
luxwort-1878-05-14-a-i0001,960,973,Neu-Süb-Wales,Q3224,LOC,Q3224,New South Wales,"Based on the provided text and the given list of candidates, the entity mentioned between the [ENT] tags is ""Neu-Süb-Wales"". The most appropriate Wikidata entity from the list of candidates is ""New South Wales"". Here is the JSON response: ```json { ""wikipedia_page"": ""New South Wales"", ""wikidata_id"": ""Q3224"" } ```",23.744070053100586
luxwort-1878-05-14-a-i0001,1171,1179,Vicloria,Q36687,LOC,Q182688,Viktorianisches Zeitalter,"Based on the provided text and list of candidates, the entity mentioned between the [ENT] tags is ""Viktoria"". The most appropriate Wikidata entity from the given list of candidates is ""Viktorianisches Zeitalter"". Here is the JSON-formatted answer: ```json {""wikipedia_page"": ""Viktorianisches Zeitalter"", ""wikidata_id"": ""Q182688""} ```",12.608266830444336
luxwort-1878-05-14-a-i0001,1203,1214,N.-S.°WaleS,Q3224,LOC,Q3224,New South Wales,"Based on the input text and the list of candidates, the entity mentioned between the [ENT] tags ""N.-S.°WaleS"" appears to refer to ""New South Wales"". Therefore, the most appropriate Wikidata entity is: ```json {""wikipedia_page"":""New South Wales"", ""wikidata_id"":""Q3224""} ```",19.830907821655273
luxwort-1878-05-14-a-i0001,2003,2013,QueenSlanb,Q36074,LOC,NIL,QueenSlanb,No,0
luxwort-1878-05-14-a-i0001,2535,2543,Stanforb,NIL,ORG,NIL,Stanforb,no,0
luxwort-1878-05-14-a-i0001,2646,2657,IameS Swift,NIL,ORG,NIL,IameS Swift,```json {} ```,0
luxwort-1878-05-14-a-i0001,2659,2665,Darton,NIL,ORG,NIL,Darton, no,0
luxwort-1878-05-14-a-i0001,2667,2674,Vollonb,NIL,ORG,NIL,Vollonb,no,0
luxwort-1878-05-14-a-i0001,2955,2962,Englanb,Q21,LOC,Q179876,Königreich England,"```json { ""wikipedia_page"": ""Königreich England"", ""wikidata_id"": ""Q179876"" } ```",18.72677993774414
luxwort-1878-05-14-a-i0001,3316,3324,Musgrabe,Q3328441,ORG,NIL,Musgrabe,no,0
luxwort-1878-05-14-a-i0001,3328,3335,Belfast,Q10686,LOC,Q10686,Belfast,"{""wikipedia_page"": ""Belfast"", ""wikidata_id"": ""Q10686""}",24.615503311157227
luxwort-1878-05-14-a-i0001,3461,3478,Wilkinson Heywoob,NIL,ORG,NIL,Wilkinson Heywoob,```json {} ```,0
luxwort-1878-05-14-a-i0001,3515,3531,Jones unb Willis,NIL,ORG,Q17146909,John Jones,"```json {""wikipedia_page"": ""John Jones"", ""wikidata_id"": ""Q17146909""} ```",17.139568328857422
luxwort-1878-05-14-a-i0001,3535,3541,Lonbon,Q84,LOC,NIL,Lonbon,no,0
luxwort-1878-05-14-a-i0001,3811,3816,Chubb,NIL,ORG,Q6226103,John Chubb,"```json {""wikipedia_page"":""John Chubb"", ""wikidata_id"":""Q6226103""} ```",14.967717170715332
luxwort-1878-05-14-a-i0001,3820,3826,Sondon,Q84,LOC,NIL,Sondon,no,0
luxwort-1878-05-14-a-i0001,4070,4090,Prinzessin bon Wales,Q152260,PER,Q2000835,Prinzessin von Wales,"Based on the input text and the provided list of candidates, the entity tagged with [ENT] is ""Prinzessin von Wales."" Given the context and the candidates, the most appropriate Wikidata entity is: ```json {""wikipedia_page"": ""Prinzessin von Wales"", ""wikidata_id"": ""Q2000835""} ```",15.085897445678711
luxwort-1878-05-14-a-i0001,4496,4501,Paris,Q90,LOC,NIL,Paris,"```json { ""wikipedia_page"": """", ""wikidata_id"": """" } ```",0
luxwort-1878-05-14-a-i0001,4512,4525,E n g l a n b,Q21,LOC,NIL,E n g l a n b,```json {} ```,0
luxwort-1878-05-14-a-i0001,4961,4968,Englanb,Q21,LOC,Q145,Vereinigtes Königreich,"```json { ""wikipedia_page"": ""Vereinigtes Königreich"", ""wikidata_id"": ""Q145"" } ```",17.39778709411621
luxwort-1878-05-14-a-i0001,7254,7260,Hammer,NIL,ORG,NIL,Hammer,no,0
luxwort-1878-05-14-a-i0001,7264,7270,Sonbon,Q84,LOC,NIL,Sonbon,no,0
luxwort-1878-05-14-a-i0001,7456,7481,"?li<e I^it,Lr>tur« 'oei^y",NIL,ORG,NIL,"?li<e I^it,Lr>tur« 'oei^y",```json {} ```,0
luxwort-1878-05-14-a-i0001,7826,7833,Englanb,Q21,LOC,Q1860,Englisch,"Based on the provided text and the list of candidates, the most appropriate Wikidata entity for the entity tagged with [ENT] is ""Englisch"". Therefore, the JSON response is: ```json {""wikipedia_page"": ""Englisch"", ""wikidata_id"": ""Q1860""} ```",18.767213821411133
luxwort-1878-05-14-a-i0001,8682,8692,Harry Newi,NIL,ORG,NIL,Harry Newi,```json {} ```,0
luxwort-1878-05-14-a-i0001,8696,8702,Exeter,Q134672,LOC,NIL,Exeter,```json {} ```,0
luxwort-1878-05-14-a-i0001,8965,8989,Cathebrale bon Salisbury,Q390150,LOC,NIL,Cathebrale bon Salisbury,```json {} ```,0
luxwort-1878-05-14-a-i0001,9168,9181,Chubb unb Son,NIL,ORG,Q6226103,John Chubb,"```json { ""wikipedia_page"": ""John Chubb"", ""wikidata_id"": ""Q6226103"" } ```",7.801755905151367
luxwort-1878-05-14-a-i0001,9268,9282,Hart ©on Pearb,Q16983391,ORG,Q689675,Hart bei Graz,"Based on the input text, the entities mentioned are ""Hart"" and ""Pearb."" Among the provided candidates, the most relevant Wikidata entities for these names are: - **Hart**: ""Hart bei Graz"" (Q689675) - **Pearb**: No exact match found, but ""St. Peter am Hart"" (Q23541892) could be considered if we consider that ""Pearb"" might be a typo or misinterpretation. Here is the JSON response: ```json { ""wikipedia_page"": ""Hart bei Graz"", ""wikidata_id"": ""Q689675"" } ```",11.602251052856445
luxwort-1878-05-14-a-i0001,9921,9930,Templeton,Q16849442,ORG,Q7698829,Templeton Carpet Factory,"```json { ""wikipedia_page"": ""Templeton Carpet Factory"", ""wikidata_id"": ""Q7698829"" } ```",14.599352836608887
luxwort-1878-05-14-a-i0001,9934,9941,Glasgow,Q4093,LOC,Q4093,Glasgow,"```json {""wikipedia_page"": ""Glasgow"", ""wikidata_id"": ""Q4093""} ```",27.76290512084961
luxwort-1878-05-14-a-i0001,10658,10665,Zuccato,NIL,ORG,NIL,Zuccato,no,0
luxwort-1878-05-14-a-i0001,10669,10675,Sondon,Q84,LOC,NIL,Sondon,```json {} ```,0
luxwort-1878-09-17-a-i0009,149,160,Westf. Merk,Q1263342,PROD,NIL,Westf. Merk,```json {} ```,0
luxwort-1878-09-17-a-i0009,166,175,Norberney,Q23968,LOC,NIL,Norberney,```json {} ```,0
luxwort-1878-09-17-a-i0009,372,388,Provinz Hannober,Q819125,LOC,NIL,Provinz Hannober,```json {} ```,0
luxwort-1878-09-17-a-i0009,482,552,Ihre kaiserliche Hoheit bie Frau Erzherzogin Clothilbe bon Oefterreich,Q242170,PER,NIL,Ihre kaiserliche Hoheit bie Frau Erzherzogin Clothilbe bon Oefterreich,no,0
luxwort-1878-09-17-a-i0009,899,907,Hannober,Q819125,LOC,NIL,Hannober,```json {} ```,0
luxwort-1878-09-17-a-i0009,1355,1361,Aurich,Q1801981,LOC,Q14839,Aurich,"{ ""wikipedia_page"": ""Aurich"", ""wikidata_id"": ""Q14839"" }",17.249614715576172
luxwort-1878-09-17-a-i0009,1405,1411,Berlin,Q64,LOC,NIL,Berlin,no,0
luxwort-1878-09-17-a-i0009,2280,2294,Herrn v. Vinke,Q1646857,PER,Q68293,Georg von Vincke,"Given the text and list of candidates, I've analyzed the entity mentioned between the [ENT] tags. The text mentions: ""[ENT] Herrn v. Vinke [ENT]"" From the list of candidates, the most appropriate Wikidata entity for ""Herrn v. Vinke"" is: - Georg von Vincke Thus, the response is: ```json {""wikipedia_page"": ""Georg von Vincke"", ""wikidata_id"": ""Q68293""} ```",12.825151443481445
luxwort-1878-09-17-a-i0009,2387,2396,Norberney,Q23968,LOC,NIL,Norberney,no,0
luxwort-1878-09-17-a-i0009,2535,2546,Oesterreich,Q131964,LOC,NIL,Oesterreich,no,0
luxwort-1878-09-17-a-i0009,2695,2706,Oesterreich,Q131964,LOC,Q40,Österreich,"```json { ""wikipedia_page"": ""Österreich"", ""wikidata_id"": ""Q40"" } ```",23.86821937561035
luxwort-1938-01-29-a-i0025,0,11,Frankreichs,Q142,LOC,NIL,Frankreichs,```json {} ```,0
luxwort-1938-01-29-a-i0025,27,32,Paris,Q90,LOC,Q90,Paris,"Based on the provided text and candidate list, the entity mentioned between the [ENT] tags is ""Paris"". The most appropriate Wikidata entity from the given list of candidates is: ```json { ""wikipedia_page"": ""Paris"", ""wikidata_id"": ""Q90"" } ```",23.03324317932129
luxwort-1938-01-29-a-i0025,435,445,Rene Pupin,NIL,PER,Q2364458,René Poupardin,"Based on the provided list of candidates, the most appropriate Wikidata entity for [ENT] Rene Pupin [ENT] in the given text is: ```json { ""wikipedia_page"": ""René Poupardin"", ""wikidata_id"": ""Q2364458"" } ```",27.102596282958984
luxwort-1938-04-11-a-i0066,19,31,Schifflingen,Q669155,LOC,NIL,Schifflingen,no,0
luxwort-1938-04-11-a-i0066,1249,1314,"86jähriger Prieftergreis, Hr. Linsen Jos. aus Bartringen gebürtig",NIL,PER,NIL,"86jähriger Prieftergreis, Hr. Linsen Jos. aus Bartringen gebürtig",no,0
luxwort-1938-04-11-a-i0066,1324,1340,Tschechoslowakei,Q33946,LOC,Q33946,Tschechoslowakei,"{ ""wikipedia_page"": ""Tschechoslowakei"", ""wikidata_id"": ""Q33946"" }",30.777111053466797
luxwort-1938-06-29-a-i0018,37,46,Schanghai,Q8686,LOC,Q8686,Shanghai,"Based on the input text, the entity mentioned between the [ENT] tags is Shanghai. From the provided list of candidates, the most appropriate Wikidata entity is: ```json {""wikipedia_page"":""Shanghai"", ""wikidata_id"":""Q8686""} ```",32.919063568115234
luxwort-1938-06-29-a-i0018,59,64,Havas,Q516033,ORG,NIL,Havas,```json {} ```,0
luxwort-1938-06-29-a-i0018,71,77,Hankau,Q11746,LOC,NIL,Hankau,```json {} ```,0
luxwort-1938-06-29-a-i0018,229,256,Marschall Tschiang Kai-shek,Q16574,PER,NIL,Marschall Tschiang Kai-shek,no,0
luxwort-1938-06-29-a-i0018,338,344,Hankau,Q11746,LOC,NIL,Hankau,No,0
luxwort-1938-06-29-a-i0018,671,677,Hankau,Q11746,LOC,NIL,Hankau,"Based on the provided input text and the list of candidates, the entity disambiguation result is: ```json {""wikipedia_page"":"""",""wikidata_id"":""""} ```",0
luxwort-1938-09-03-a-i0024,35,39,Wien,Q1741,LOC,Q1741,Wien,"Based on the provided candidates and the context of the text, the entity tagged with [ENT] in the phrase ""Schließung von kirklichen Schulen. [ENT] Wien [ENT]. 2. Sept."" corresponds to the Wikidata entity for ""Wien."" The most appropriate match in the JSON list of candidates for the entity ""Wien"" is: ```json {""wikipedia_page"":""Wien"", ""wikidata_id"":""Q1741""} ```",21.146102905273438
luxwort-1938-09-03-a-i0024,76,100,"„Völkischen Beobachters""",Q152564,PROD,NIL,"„Völkischen Beobachters""",No.,0
luxwort-1938-09-03-a-i0024,289,307,Schotten-Gymnasium,Q2249183,ORG,Q2249183,Schottengymnasium,"```json { ""wikipedia_page"": ""Schottengymnasium"", ""wikidata_id"": ""Q2249183"" } ```",26.668437957763672
luxwort-1938-09-03-a-i0024,337,350,Seyß-Inauarts,Q650219,PER,NIL,Seyß-Inauarts,```json {} ```,0
luxwort-1938-09-03-a-i0024,439,461,"„Völkische Beobachter""",Q152564,PROD,Q152564,Völkischer Beobachter,"```json {""wikipedia_page"":""Völkischer Beobachter"", ""wikidata_id"":""Q152564""} ```",19.480958938598633
luxwort-1948-03-27-a-i0009,23,58,Katholischen Schweizer Buchgemeinde,NIL,ORG,NIL,Katholischen Schweizer Buchgemeinde,no,0
luxwort-1948-03-27-a-i0009,73,80,Schweiz,Q39,LOC,NIL,Schweiz,```json {} ```,0
luxwort-1948-03-27-a-i0009,362,402,Schweizer katholischen Volksbuchgemeinde,NIL,ORG,NIL,Schweizer katholischen Volksbuchgemeinde,no,0
luxwort-1948-06-04-a-i0050,23,54,südafrikanischen Union Pretoria,Q3926,LOC,Q193619,Südafrikanische Union,"Based on the given text and the list of candidates, the entity mentioned between the [ENT] tags is ""Südafrikanische Union"". Therefore, the corresponding Wikipedia page title and Wikidata ID are: ```json { ""wikipedia_page"": ""Südafrikanische Union"", ""wikidata_id"": ""Q193619"" } ```",21.45901870727539
luxwort-1948-06-04-a-i0050,66,68,AP,Q40469,ORG,Q40469,Associated Press,"Based on the provided text and the list of candidates, the entity mentioned between the [ENT] tags is likely to refer to the ""Associated Press"" (AP). Therefore, the most appropriate Wikidata entity is: ```json {""wikipedia_page"":""Associated Press"", ""wikidata_id"":""Q40469""} ```",23.68504524230957
luxwort-1948-06-04-a-i0050,74,124,"südafrikanische Ministerpräsident, Dr. D. F. Malan",Q317449,PER,Q317449,Daniel François Malan,"{""wikipedia_page"": ""Daniel François Malan"", ""wikidata_id"": ""Q317449""}",19.520357131958008
luxwort-1948-06-04-a-i0050,221,241,Nationalisten-Partei,Q740718,ORG,Q740718,Nationale Partei,"```json {""wikipedia_page"": ""Nationale Partei"", ""wikidata_id"": ""Q740718""} ```",25.67456817626953
luxwort-1948-06-04-a-i0050,261,283,Finanzminister Havenga,Q3141749,PER,Q3141749,Nicolaas Havenga,"Based on the analysis of the text provided, the most appropriate Wikidata entity for the entity tagged with [ENT] is ""Nicolaas Havenga"". Therefore, the response is: ```json { ""wikipedia_page"": ""Nicolaas Havenga"", ""wikidata_id"": ""Q3141749"" } ```",19.630451202392578
luxwort-1948-06-04-a-i0050,301,317,Afrikaner-Partei,Q3366175,ORG,NIL,Afrikaner-Partei,```json {} ```,0
luxwort-1948-06-04-a-i0050,345,354,Dr. Malan,Q317449,PER,Q317449,Daniel François Malan,"Based on the provided text and the list of candidates, the entity [ENT] Dr. Malan [ENT] refers to Daniel François Malan. The most appropriate Wikidata entity from the list is: ```json {""wikipedia_page"":""Daniel François Malan"", ""wikidata_id"":""Q317449""} ```",22.88170623779297
luxwort-1948-06-04-a-i0050,406,419,N. C. Havenga,Q3141749,PER,Q3141749,Nicolaas Havenga,"Based on the input text and the provided list of candidates, the entity mentioned between the [ENT] tags, ""N. C. Havenga"", can be disambiguated to: ```json {""wikipedia_page"":""Nicolaas Havenga"", ""wikidata_id"":""Q3141749""} ```",34.22366714477539
luxwort-1948-06-04-a-i0050,466,481,General Hertzog,Q356395,PER,Q356395,James Barry Munnick Hertzog,"```json { ""wikipedia_page"": ""James Barry Munnick Hertzog"", ""wikidata_id"": ""Q356395"" } ```",29.905906677246094
luxwort-1948-06-04-a-i0050,552,568,Dr. E. G. Jansen,Q1170739,PER,NIL,Dr. E. G. Jansen,```json {} ```,0
luxwort-1948-06-04-a-i0050,622,628,Jansen,Q1170739,PER,Q1170739,Ernest George Jansen,"```json {""wikipedia_page"":""Ernest George Jansen"",""wikidata_id"":""Q1170739""} ```",22.30579948425293
luxwort-1948-06-04-a-i0050,792,798,Reuter,Q130879,ORG,NIL,Reuter,```json {} ```,0
luxwort-1948-06-04-a-i0050,885,898,Nationalisten,Q740718,ORG,NIL,Nationalisten,"Based on the input text and the given list of candidates, the entities mentioned between the [ENT] tags are ""Nationalisten"" and ""Nationalisten"". None of the candidates in the list perfectly match these entities with high confidence. Therefore, the response is an empty JSON: ```json {} ```",0
luxwort-1948-06-04-a-i0050,909,923,Einheitspartei,Q1812146,ORG,NIL,Einheitspartei,no,0
luxwort-1948-06-04-a-i0050,928,944,Afrikaner-Partei,Q3366175,ORG,NIL,Afrikaner-Partei,```json {} ```,0
luxwort-1948-06-04-a-i0050,948,961,Labour-Partei,Q3136263,ORG,Q779783,Labour Party (Südafrika),"Based on the input text and the list of candidates, the entity within the [ENT] tags is most likely referring to the ""Labour Party"" in the context of South Africa, given the historical and political context of the text. Here is the JSON-formatted answer: ```json {""wikipedia_page"": ""Labour Party (Südafrika)"", ""wikidata_id"": ""Q779783""} ```",19.11825942993164
luxwort-1948-06-04-a-i0050,971,990,Feldmarschall Smuts,Q214321,PER,Q214321,Jan Christiaan Smuts,"Based on the provided input text and the list of candidates, the entity mentioned between the [ENT] tags is ""Feldmarschall Smuts"". The most appropriate Wikidata entity from the list of candidates is: ```json {""wikipedia_page"":""Jan Christiaan Smuts"", ""wikidata_id"":""Q214321""} ```",23.111835479736328
luxwort-1948-06-04-a-i0050,994,1005,Athen Athen,Q1524,LOC,Q37122,Athene,"```json {""wikipedia_page"":""Athene"", ""wikidata_id"":""Q37122""} ```",14.39353084564209
luxwort-1948-06-04-a-i0050,1016,1049,Feldmarschall Jan Christian Smuts,Q214321,PER,Q214321,Jan Christiaan Smuts,"```json { ""wikipedia_page"": ""Jan Christiaan Smuts"", ""wikidata_id"": ""Q214321"" } ```",28.677425384521484
luxwort-1948-06-04-a-i0050,1085,1090,Athen,Q1524,LOC,NIL,Athen,```json {} ```,0
luxwort-1948-06-04-a-i0050,1122,1130,dem Haag,Q36600,LOC,Q36600,Den Haag,"Based on the analysis of the input text and the list of candidates, the entity mentioned between the [ENT] tags in the text is ""Den Haag"". Therefore, the most appropriate Wikidata entity from the provided list of candidates is: ```json { ""wikipedia_page"": ""Den Haag"", ""wikidata_id"": ""Q36600"" } ```",19.87723159790039
luxwort-1948-06-04-a-i0050,1158,1175,Königin Frederika,Q61351,PER,Q61351,Friederike von Hannover,"```json { ""wikipedia_page"": ""Friederike von Hannover"", ""wikidata_id"": ""Q61351"" } ```",20.483715057373047
luxwort-1948-06-04-a-i0050,1184,1231,stellvertretenden Ministerpräsidenten Tsaldaris,Q728875,PER,NIL,stellvertretenden Ministerpräsidenten Tsaldaris,```json {} ```,0
luxwort-1948-07-09-a-i0038,29,34,Paris,Q90,LOC,Q90,Paris,"```json {""wikipedia_page"":""Paris"", ""wikidata_id"":""Q90""} ```",22.691213607788086
luxwort-1948-07-09-a-i0038,105,134,"Gewerkschaft „Force ouvrière""",Q1125623,ORG,Q1125638,CGT,"Based on the input text and the provided list of candidates, the entity mentioned between the [ENT] tags is ""Force ouvrière"". The corresponding Wikidata ID and Wikipedia page title are ""Q1125638"" and ""CGT"", respectively. Here is the JSON-formatted answer: ```json {""wikipedia_page"": ""CGT"", ""wikidata_id"": ""Q1125638""} ```",14.342000007629395
luxwort-1948-07-09-a-i0038,388,412,Flughafen von Le Bourget,Q738719,LOC,Q738719,Flughafen Le Bourget,"```json { ""wikipedia_page"": ""Flughafen Le Bourget"", ""wikidata_id"": ""Q738719"" } ```",26.59649085998535
luxwort-1948-07-09-a-i0038,479,487,C. G. T.,Q1125638,ORG,Q1125638,CGT,"**Output:** ```json {""wikipedia_page"":""CGT"", ""wikidata_id"":""Q1125638""} ```",29.708059310913086
luxwort-1948-07-09-a-i0038,555,605,Confédération Française des Travailleurs Chrétiens,Q1125610,ORG,Q1125610,CFTC,"```json { ""wikipedia_page"": ""CFTC"", ""wikidata_id"": ""Q1125610"" } ```",31.1392822265625
luxwort-1948-07-09-a-i0038,842,850,C. G. T.,Q1125638,ORG,NIL,C. G. T.,no,0
luxwort-1948-07-09-a-i0038,920,936,"„Force ouvrière""",Q1125623,ORG,Q3538164,,"```json {""wikipedia_page"":""Force ouvrière"", ""wikidata_id"":""Q3538164""} ```",8.680755615234375
luxwort-1948-11-11-a-i0044,231,243,Stadt Berlin,Q64,LOC,NIL,Stadt Berlin,```json {} ```,0
luxwort-1948-11-11-a-i0044,271,285,englische Zone,Q55306,LOC,NIL,englische Zone,no,0
luxwort-1948-11-11-a-i0044,316,333,französische Zone,Q55309,LOC,Q142,Frankreich,"Based on the provided text, the entity mentioned between the [ENT] tags is ""Frankreich"". The most appropriate Wikidata entity from the given list of candidates is ""Frankreich"" with the Wikidata ID ""Q142"" and the Wikipedia page title ""Frankreich"". ```json {""wikipedia_page"":""Frankreich"",""wikidata_id"":""Q142""} ```",15.141121864318848
luxwort-1948-11-11-a-i0044,499,525,französische besetzte Zone,Q55309,LOC,Q55309,Französische Besatzungszone,"```json {""wikipedia_page"":""Französische Besatzungszone"", ""wikidata_id"":""Q55309""} ```",19.277700424194336
tageblatt-1918-04-23-a-i0010,90,103,Züricher Post,NIL,PROD,NIL,Züricher Post,no,0
tageblatt-1918-04-23-a-i0010,420,425,Paris,Q90,LOC,Q90,Paris,"Based on the provided text and the list of candidates, the most appropriate Wikidata entity that matches the entity tagged with [ENT] is: ```json {""wikipedia_page"":""Paris"", ""wikidata_id"":""Q90""} ```",19.179895401000977
tageblatt-1918-04-23-a-i0010,567,574,Oisetäl,NIL,LOC,Q307456,Ötztal,"```json {""wikipedia_page"": ""Ötztal"", ""wikidata_id"": ""Q307456""} ```",13.779009819030762
tageblatt-1918-04-23-a-i0010,897,909,General Foch,Q192615,PER,Q192615,Ferdinand Foch,"Based on the provided text and list of candidates, the most appropriate Wikidata entity for the entity tagged with [ENT] General Foch is: ```json {""wikipedia_page"":""Ferdinand Foch"", ""wikidata_id"":""Q192615""} ```",21.181962966918945
tageblatt-1918-04-23-a-i0010,988,998,Frankreich,Q142,LOC,Q142,Frankreich,"Based on the provided text and the list of candidates, the entity mentioned between the [ENT] tags is ""Frankreich"". The most appropriate Wikidata entity from the given list of candidates is: ```json {""wikipedia_page"":""Frankreich"", ""wikidata_id"":""Q142""} ```",21.402217864990234
tageblatt-1918-04-23-a-i0010,1291,1295,Foch,Q192615,PER,NIL,Foch,no,0
tageblatt-1918-04-23-a-i0010,1376,1387,Deutfchland,Q1206012,LOC,Q183,Deutschland,"Based on the input text and the provided list of candidates, the entity [ENT] Deutschland [ENT] is disambiguated to the Wikidata entity with the following attributes: ```json { ""wikipedia_page"": ""Deutschland"", ""wikidata_id"": ""Q183"" } ```",16.359264373779297
tageblatt-1918-04-23-a-i0010,1409,1420,Deutschland,Q1206012,LOC,NIL,Deutschland,```json {} ```,0
tageblatt-1918-04-23-a-i0010,1498,1505,Amerika,Q30,LOC,Q828,Amerika,"Based on the provided input text and the list of candidates, the relevant entity mentioned between the [ENT] tags is ""Amerika."" The most appropriate Wikidata entity from the given list is ""Amerika"" (Wikidata ID: Q828). Therefore, the JSON-formatted answer is: ```json {""wikipedia_page"":""Amerika"", ""wikidata_id"":""Q828""} ```",13.24045467376709
tageblatt-1918-04-23-a-i0010,1594,1599,Mper»,Q102728,LOC,Q102728,Ypern,"```json {""wikipedia_page"":""Ypern"", ""wikidata_id"":""Q102728""} ```",7.563552379608154
tageblatt-1918-04-23-a-i0010,1605,1611,London,Q84,LOC,Q84,London,"```json { ""wikipedia_page"": ""London"", ""wikidata_id"": ""Q84"" } ```",22.785131454467773
tageblatt-1918-04-23-a-i0010,1628,1641,New Statesman,Q1566255,PROD,NIL,New Statesman,no,0
tageblatt-1918-04-23-a-i0010,1718,1723,Ipern,Q102728,LOC,Q102728,Ypern,"```json {""wikipedia_page"":""Ypern"", ""wikidata_id"":""Q102728""} ```",17.458932876586914
tageblatt-1918-04-23-a-i0010,1762,1771,Flanderns,Q234,LOC,Q234,Flandern,"```json { ""wikipedia_page"": ""Flandern"", ""wikidata_id"": ""Q234"" } ```",21.585960388183594
tageblatt-1918-04-23-a-i0010,1810,1823,Ipernschlacht,Q102728,LOC,Q233219,Zweite Flandernschlacht,"Based on the analysis of the provided text, the entity mentioned between the [ENT] tags is the ""Zweite Flandernschlacht"" from the given list of candidates. Therefore, the JSON formatted answer is: ```json {""wikipedia_page"":""Zweite Flandernschlacht"", ""wikidata_id"":""Q233219""} ```",21.443864822387695
tageblatt-1918-04-23-a-i0010,1955,1965,Hazebrouck,Q11131,LOC,NIL,Hazebrouck,```json {} ```,0
tageblatt-1918-04-23-a-i0010,1984,1991,'Kemmel,NIL,LOC,Q1024880,Kemmel,"```json { ""wikipedia_page"": ""Kemmel"", ""wikidata_id"": ""Q1024880"" } ```",16.01352882385254
tageblatt-1918-04-23-a-i0010,1996,2002,Enssel,Q2771634,LOC,NIL,Enssel,no,0
tageblatt-1918-04-23-a-i0010,2058,2076,General Foch Ipern,Q102728,LOC,NIL,General Foch Ipern,no,0
tageblatt-1918-04-23-a-i0010,2397,2403,Calais,Q6454,LOC,Q6454,Calais,"```json { ""wikipedia_page"": ""Calais"", ""wikidata_id"": ""Q6454"" } ```",18.901565551757812
tageblatt-1918-04-23-a-i0010,2408,2416,Boubogne,Q302720,LOC,NIL,Boubogne,no,0
tageblatt-1918-04-23-a-i0010,2473,2478,Somme,Q37646,LOC,Q12770,Département Somme,"```json { ""wikipedia_page"": ""Département Somme"", ""wikidata_id"": ""Q12770"" } ```",20.77775001525879
tageblatt-1918-04-23-a-i0010,2490,2496,Reuter,Q130879,ORG,Q71014,Paul Julius Reuter,"Based on the input text and the provided list of candidates, the entity mentioned between the [ENT] tags is likely ""Paul Julius Reuter"". The text mentions ""W <[ENT] Reuter [ENT].)"", which is consistent with the description of Paul Julius Reuter as the founder of the Reuters news agency. Here is the JSON-formatted answer: ```json { ""wikipedia_page"": ""Paul Julius Reuter"", ""wikidata_id"": ""Q71014"" } ```",12.131385803222656
tageblatt-1918-04-23-a-i0010,2584,2590,Albert,Q30940,LOC,Q30940,Albert,"Based on the provided text and list of candidates, the entity mentioned between the [ENT] tags appears to be a location. Given the context of the sentence, the most appropriate Wikidata entity from the list of candidates would be: ```json {""wikipedia_page"":""Albert"", ""wikidata_id"":""Q30940""} ``` This entity is a French municipality, which matches the context of the sentence discussing the fighting in the area of Albert during World War I.",15.850449562072754
tageblatt-1918-04-23-a-i0010,2680,2685,Somme,Q37646,LOC,NIL,Somme,```json {} ```,0
tageblatt-1918-04-23-a-i0010,2815,2819,Just,Q389077,LOC,Q859353,Saint-Just,"Based on the input text and the list of candidates, the entity mentioned between the [ENT] tags is ""Saint-Just."" Given the candidates, the most appropriate Wikidata entity for ""Saint-Just"" is ""Saint-Just"" (Q859353), which is a French commune in the Ain department. Here is the JSON response: ```json {""wikipedia_page"":""Saint-Just"", ""wikidata_id"":""Q859353""} ```",9.324902534484863
tageblatt-1918-04-23-a-i0010,2820,2826,Amiens,Q41604,LOC,Q911448,Schlacht bei Amiens,"From the provided text, I need to disambiguate the entities mentioned between [ENT] tags. For the first entity tagged [ENT]: - **Amiens** is associated with multiple Wikidata entries, including ""Amiens"" (the city) and ""Schlacht bei Amiens"" (Battle of Amiens). Given the context of the text, which discusses a battle, the most appropriate entity is ""Schlacht bei Amiens"". For the second entity tagged [ENT]: - **Amiens** is again the most likely candidate, and it is associated with the same Wikidata entries as before. The context suggests that ""Amiens"" refers to the battle, so ""Schlacht bei Amiens"" is the correct Wikidata entry. Therefore, the JSON response should be: ```json { ""wikipedia_page"": ""Schlacht bei Amiens"", ""wikidata_id"": ""Q911448"" } ```",15.419222831726074
tageblatt-1918-04-23-a-i0010,3025,3036,Bernancourt,NIL,LOC,NIL,Bernancourt,no,0
tageblatt-1918-04-23-a-i0010,3072,3077,Somme,Q37646,LOC,Q37646,Somme,"Based on the provided input text and the JSON list of candidates, the entity mentioned between the [ENT] tags is ""Somme,"" which corresponds to the Wikidata ID ""Q37646"" and the Wikipedia page title ""Somme"" (Fluss in Frankreich). The JSON-formatted answer is: ```json {""wikipedia_page"":""Somme"", ""wikidata_id"":""Q37646""} ```",24.03672981262207
tageblatt-1918-04-23-a-i0010,3132,3142,Alliierten,Q215669,ORG,NIL,Alliierten,no,0
tageblatt-1918-04-23-a-i0010,3154,3159,Paris,Q90,LOC,NIL,Paris,```json {} ```,0
tageblatt-1918-04-23-a-i0010,3242,3252,Alliierten,Q215669,ORG,Q3612401,Alliierte,"Based on the provided text, the entity between the [ENT] tags is ""Alliierte"". The most appropriate Wikidata entity from the given list of candidates is the one with the Wikidata ID 'Q3612401' and the Wikipedia page title ""Alliierte"". Here is the JSON-formatted answer: ```json {""wikipedia_page"":""Alliierte"", ""wikidata_id"":""Q3612401""} ```",19.858993530273438
tageblatt-1918-04-23-a-i0010,3307,3314,England,Q21,LOC,Q145,Vereinigtes Königreich,"```json { ""wikipedia_page"": ""Vereinigtes Königreich"", ""wikidata_id"": ""Q145"" } ```",15.132539749145508
tageblatt-1918-04-23-a-i0010,3322,3329,Balfour,Q19008,PER,Q19008,Arthur Balfour,"```json {""wikipedia_page"":""Arthur Balfour"", ""wikidata_id"":""Q19008""} ```",26.464019775390625
tageblatt-1918-04-23-a-i0010,3334,3344,Lord Derby,Q338427,PER,Q237829,"Edward Smith-Stanley, 14. Earl of Derby","```json { ""wikipedia_page"": ""Edward Smith-Stanley, 14. Earl of Derby"", ""wikidata_id"": ""Q237829"" } ```",21.838184356689453
tageblatt-1918-04-23-a-i0010,3350,3357,Amerika,Q30,LOC,NIL,Amerika,```json {} ```,0
tageblatt-1918-04-23-a-i0010,3362,3379,Generale Perfhing,Q272383,PER,NIL,Generale Perfhing,```json {} ```,0
tageblatt-1918-04-23-a-i0010,3384,3388,Bliß,Q2121097,PER,NIL,Bliß,```json {} ```,0
tageblatt-1918-04-23-a-i0010,3446,3454,Enßlmrds,Q21,LOC,NIL,Enßlmrds,no,0
tageblatt-1918-04-23-a-i0010,3679,3685,Verdun,Q154748,LOC,NIL,Verdun,no,0
tageblatt-1918-04-23-a-i0010,3721,3727,Amiens,Q41604,LOC,Q911448,Schlacht bei Amiens,"```json {""wikipedia_page"":""Schlacht bei Amiens"", ""wikidata_id"":""Q911448""} ```",18.119125366210938
tageblatt-1918-04-23-a-i0010,3801,3806,Lille,Q648,LOC,NIL,Lille,```json {} ```,0
tageblatt-1918-04-23-a-i0010,3962,3983,Oberbefehlshaber Foch,Q192615,PER,Q192615,Ferdinand Foch,"```json { ""wikipedia_page"": ""Ferdinand Foch"", ""wikidata_id"": ""Q192615"" } ```",19.97757339477539
tageblatt-1918-04-23-a-i0010,4005,4027,Oberbefohlshllder Foch,Q192615,PER,Q192615,Ferdinand Foch,"Based on the provided input text and the list of candidates, the [ENT] entities mentioned are ""Oberbefehlshaber Foch"". The most appropriate candidate is: ```json {""wikipedia_page"":""Ferdinand Foch"",""wikidata_id"":""Q192615""} ```",19.23598289489746
tageblatt-1918-04-23-a-i0010,4047,4105,"Barzini, dem Kriegsberichterstatter des Cmriere della Sera",Q3839317,PER,NIL,"Barzini, dem Kriegsberichterstatter des Cmriere della Sera",no,0
tageblatt-1918-04-23-a-i0010,4399,4427,Nieuwe Notterdamsche Courant,Q1989439,PROD,Q1989439,Nieuwe Rotterdamsche Courant,"Based on the provided text and the list of candidates, the entity mentioned in the text is ""Nieuwe Rotterdamsche Courant"". The most appropriate Wikidata entity from the given list is: ```json { ""wikipedia_page"": ""Nieuwe Rotterdamsche Courant"", ""wikidata_id"": ""Q1989439"" } ```",23.78278923034668
tageblatt-1918-04-23-a-i0010,4470,4485,Daily Chronicle,Q74707,PROD,Q7639359,Sunday Chronicle,"{ ""wikipedia_page"": ""Daily Chronicle"", ""wikidata_id"": ""Q7639359"" }",19.25319480895996
tageblatt-1918-04-23-a-i0010,4560,4593,Generalmajor Sir Robert WhighllIi,Q3938466,PER,NIL,Generalmajor Sir Robert WhighllIi,```json {} ```,0
tageblatt-1918-04-23-a-i0010,4670,4680,Frankreich,Q142,LOC,Q142,Frankreich,"Based on the input text, the entity mentioned between the [ENT] tags is ""Frankreich"". The most appropriate Wikidata entity from the provided list of candidates is: ```json {""wikipedia_page"": ""Frankreich"", ""wikidata_id"": ""Q142""} ```",19.766578674316406
tageblatt-1918-04-23-a-i0010,4696,4711,Generall Mauris,Q1452944,PER,NIL,Generall Mauris,No,0
tageblatt-1918-04-23-a-i0010,4860,4869,Radcliffe,Q3375218,PER,NIL,Radcliffe,no,0
tageblatt-1918-04-23-a-i0010,4938,4950,Haoasmeldung,Q516033,ORG,NIL,Haoasmeldung,"""No""",0
tageblatt-1918-04-23-a-i0010,5003,5012,Excelsior,NIL,PROD,NIL,Excelsior,no,0
tageblatt-1918-04-23-a-i0010,5258,5265,VWrotko,Q1028,LOC,Q1028,Marokko,"```json { ""wikipedia_page"": ""Marokko"", ""wikidata_id"": ""Q1028"" } ```",8.614201545715332
tageblatt-1918-04-23-a-i0010,5269,5286,Telegraphen-Union,NIL,ORG,Q3517301,Telegraphen-Union,"```json { ""wikipedia_page"": ""Telegraphen-Union"", ""wikidata_id"": ""Q3517301"" } ```",9.60838794708252
tageblatt-1918-04-23-a-i0010,5358,5365,Marokko,Q1028,LOC,Q1028,Marokko,"{""wikipedia_page"":""Marokko"", ""wikidata_id"":""Q1028""}",20.566442489624023
tageblatt-1918-04-23-a-i0010,5376,5391,General Lyautey,Q265104,PER,Q265104,Hubert Lyautey,"```json { ""wikipedia_page"": ""Hubert Lyautey"", ""wikidata_id"": ""Q265104"" } ```",18.62906837463379
tageblatt-1918-04-23-a-i0010,5396,5416,Präsidenten Poincars,Q191974,PER,NIL,Präsidenten Poincars,```json {} ```,0
tageblatt-1918-04-23-a-i0010,5478,5483,Fochs,Q192615,PER,NIL,Fochs,```json {} ```,0
tageblatt-1918-06-14-a-i0004,50,55,Noyon,Q49831,LOC,Q49831,Noyon,"Based on the given input text and the list of candidates, the most appropriate Wikidata entity for the entity mentioned between the [ENT] tags is: ```json {""wikipedia_page"": ""Noyon"", ""wikidata_id"": ""Q49831""} ```",26.413171768188477
tageblatt-1918-06-14-a-i0004,61,80,Neutertorrespondent,Q130879,ORG,NIL,Neutertorrespondent,No.,0
tageblatt-1918-06-14-a-i0004,225,232,Nenauls,NIL,LOC,NIL,Nenauls,```json {} ```,0
tageblatt-1918-06-14-a-i0004,396,403,Eauigny,Q937539,LOC,NIL,Eauigny,no,0
tageblatt-1918-06-14-a-i0004,408,417,Thiocourt,Q497719,LOC,NIL,Thiocourt,no,0
tageblatt-1918-06-14-a-i0004,766,781,Daily Telegraph,Q192621,PROD,Q192621,The Daily Telegraph,"Based on the provided text and the list of candidates, the entity mentioned between the [ENT] tags is ""The Daily Telegraph."" Therefore, the corresponding Wikipedia page title and Wikidata ID are: ```json { ""wikipedia_page"": ""The Daily Telegraph"", ""wikidata_id"": ""Q192621"" } ```",29.87967872619629
tageblatt-1918-06-14-a-i0004,1299,1309,Montdidier,Q74308,LOC,Q74308,Montdidier,"```json {""wikipedia_page"":""Montdidier"",""wikidata_id"":""Q74308""} ```",14.832147598266602
tageblatt-1918-06-14-a-i0004,1311,1317,Noyons,Q49831,LOC,Q49831,Noyon," {""wikipedia_page"":""Noyon"", ""wikidata_id"":""Q49831""} Explanation: The text mentions ""Noyon"" and ""Noyens"", which are most likely referring to the location Noyon in France. This matches one of the candidates in the provided list.",17.158370971679688
tageblatt-1918-06-14-a-i0004,1483,1499,Montdidier Noyon,Q49831,LOC,NIL,Montdidier Noyon,```json {} ```,0
tageblatt-1918-06-14-a-i0004,1558,1571,Agence. Hanns,Q516033,ORG,Q40464,Agence France-Presse,"Based on the input text and the provided list of candidates, the entity mentioned between the [ENT] tags is ""Agence France-Presse"". Therefore, the Wikidata ID and Wikipedia page title are: ```json { ""wikipedia_page"": ""Agence France-Presse"", ""wikidata_id"": ""Q40464"" } ```",14.911336898803711
tageblatt-1918-06-14-a-i0004,1683,1690,Journal,Q3223697,PROD,Q1110794,Tageszeitung,"```json { ""wikipedia_page"": ""Tageszeitung"", ""wikidata_id"": ""Q1110794"" } ```",13.825875282287598
tageblatt-1918-06-14-a-i0004,2079,2097,Journal des Tebats,Q2565164,PROD,Q2565164,Journal des débats,"```json { ""wikipedia_page"": ""Journal des débats"", ""wikidata_id"": ""Q2565164"" } ```",18.61060333251953
tageblatt-1918-06-14-a-i0004,2245,2255,Montdidier,Q74308,LOC,NIL,Montdidier,```json {} ```,0
tageblatt-1918-06-14-a-i0004,2345,2350,Temps,Q639137,PROD,NIL,Temps,no,0
tageblatt-1918-06-14-a-i0004,2866,2878,Gustav Herve,Q764182,PER,NIL,Gustav Herve,no,0
tageblatt-1918-06-14-a-i0004,2996,3004,Marnetal,Q3554035,LOC,NIL,Marnetal,no,0
tageblatt-1918-06-14-a-i0004,3163,3169,Calais,Q6454,LOC,NIL,Calais,no,0
tageblatt-1918-06-14-a-i0004,3174,3180,Ämiens,Q41604,LOC,NIL,Ämiens,```json {} ```,0
tageblatt-1918-06-14-a-i0004,3474,3480,Ealgis,Q6454,LOC,NIL,Ealgis,no,0
tageblatt-1918-06-14-a-i0004,3504,3509,Paris,Q90,LOC,Q90,Paris,"```json {""wikipedia_page"":""Paris"", ""wikidata_id"":""Q90""} ```",16.934226989746094
tageblatt-1918-06-14-a-i0004,3734,3742,Söissons,Q167152,LOC,NIL,Söissons,no,0
tageblatt-1918-06-14-a-i0004,3747,3752,Reims,Q41876,LOC,Q41876,Reims,"Based on the provided text and the list of candidates, the entity tagged as [ENT] is likely referring to the city of Reims. The context suggests a military context and mentions ""Reims"" multiple times. Therefore, the most appropriate Wikidata entity is: ```json { ""wikipedia_page"": ""Reims"", ""wikidata_id"": ""Q41876"" } ```",20.970447540283203
tageblatt-1918-06-14-a-i0004,3863,3868,Herne,Q764182,PER,NIL,Herne,no,0
tageblatt-1918-06-14-a-i0004,3957,3962,Paris,Q90,LOC,NIL,Paris,no,0
tageblatt-1918-06-14-a-i0004,3978,3983,Paris,Q90,LOC,Q90,Paris,"```json {""wikipedia_page"":""Paris"", ""wikidata_id"":""Q90""} ```",22.472177505493164
tageblatt-1918-06-14-a-i0004,4110,4115,Paris,Q90,LOC,Q90,Paris,"Based on the provided input text and the list of candidates, the most appropriate entity for the [ENT] tag ""Paris"" is: ```json {""wikipedia_page"": ""Paris"", ""wikidata_id"": ""Q90""} ```",22.78737449645996
tageblatt-1918-06-14-a-i0004,4204,4210,Europa,Q46,LOC,NIL,Europa,no,0
tageblatt-1918-06-14-a-i0004,4271,4282,Frankreichs,Q142,LOC,Q212429,Metropolitan-Frankreich,"Based on the provided input text and the given list of candidates, the entity [ENT] is most likely referring to 'Metropolitan-Frankreich' given its context of being the center and hub of France. The appropriate JSON response is: ```json {""wikipedia_page"":""Metropolitan-Frankreich"", ""wikidata_id"":""Q212429""} ```",11.416682243347168
tageblatt-1918-06-14-a-i0004,4284,4289,Herbe,Q764182,PER,NIL,Herbe,no,0
tageblatt-1918-06-14-a-i0004,4361,4367,Ealais,Q6454,LOC,NIL,Ealais,```json {} ```,0
tageblatt-1918-06-14-a-i0004,4472,4477,Paris,Q90,LOC,NIL,Paris,```json {} ```,0
tageblatt-1918-06-14-a-i0004,4571,4577,Reuter,Q130879,PROD,NIL,Reuter,no,0
tageblatt-1918-06-14-a-i0004,4589,4599,Washington,Q61,LOC,Q61,"Washington, D.C.","Based on the text provided and the list of candidates, the entity mentioned between the [ENT] tags appears to be ""Washington"". ```json {""wikipedia_page"":""Washington, D.C."", ""wikidata_id"":""Q61""} ```",23.117877960205078
tageblatt-1918-06-14-a-i0004,4601,4621,Kriegsminister Baker,Q926206,PER,NIL,Kriegsminister Baker,```json {} ```,0
tageblatt-1918-06-14-a-i0004,4732,4742,Frankreich,Q142,LOC,NIL,Frankreich,No.,0
tageblatt-1928-02-15-a-i0018,0,5,Paris,Q90,LOC,Q90,Paris,"Based on the provided text and the list of candidates, the entity mentioned between the [ENT] tags is ""Paris"". The most appropriate Wikidata entity from the list of candidates is: ```json {""wikipedia_page"":""Paris"", ""wikidata_id"":""Q90""} ```",21.462411880493164
tageblatt-1928-02-15-a-i0018,127,143,Reichstagswahlen,Q878525,ORG,NIL,Reichstagswahlen,no,0
tageblatt-1928-02-15-a-i0018,397,402,Paris,Q90,LOC,Q90,Paris,"```json { ""wikipedia_page"": ""Paris"", ""wikidata_id"": ""Q90"" } ```",20.435911178588867
tageblatt-1928-02-15-a-i0018,422,430,CasManca,Q7903,LOC,NIL,CasManca,```json {} ```,0
tageblatt-1928-02-15-a-i0018,662,673,Beue Mellal,Q817279,LOC,Q817279,Beni Mellal,"Based on the provided input text and the list of candidates, the correct disambiguation of the entity mentioned between the [ENT] tags is: ```json {""wikipedia_page"":""Beni Mellal"", ""wikidata_id"":""Q817279""} ```",13.707208633422852
tageblatt-1928-02-15-a-i0018,718,742,Generalgouverneurs Steeg,Q717905,PER,Q717905,Théodore Steeg,"```json { ""wikipedia_page"": ""Théodore Steeg"", ""wikidata_id"": ""Q717905"" } ```",15.062979698181152
tageblatt-1928-02-15-a-i0018,894,899,Paris,Q90,LOC,Q90,Paris,"```json {""wikipedia_page"":""Paris"", ""wikidata_id"":""Q90""} ```",21.78853988647461
tageblatt-1928-02-15-a-i0018,956,967,Blumenstein,NIL,PER,NIL,Blumenstein,"Based on the input text and the given candidates, the entity mentioned between the [ENT] tags is ""Blumenstein"" and ""Laeasze"". However, none of the candidates match these names with high confidence. Therefore, the response is: ```json {} ```",0
tageblatt-1928-02-15-a-i0018,969,976,Laeasze,NIL,PER,NIL,Laeasze,"```json { ""wikipedia_page"": """", ""wikidata_id"": """" } ```",0
tageblatt-1928-02-15-a-i0018,981,994,Simon Tovbini,NIL,PER,NIL,Simon Tovbini,no,0
tageblatt-1928-02-15-a-i0018,1043,1049,Berlin,Q64,LOC,Q64,Berlin,"Based on the input text and the provided list of candidates, the entity mentioned between the [ENT] tags is ""Berlin"". From the candidates, the most appropriate Wikidata entity is: ```json {""wikipedia_page"":""Berlin"", ""wikidata_id"":""Q64""} ```",19.411836624145508
tageblatt-1928-02-15-a-i0018,1067,1085,Berliner Tageblatt,Q455014,PROD,NIL,Berliner Tageblatt,```json {} ```,0
tageblatt-1928-02-15-a-i0018,1098,1107,Wiesbaden,Q1721,LOC,NIL,Wiesbaden,no,0
tageblatt-1928-02-15-a-i0018,1142,1159,Frankfurt am Main,Q1794,LOC,NIL,Frankfurt am Main,no,0
tageblatt-1928-02-15-a-i0018,1172,1191,Rheinlandlommission,Q1200,LOC,NIL,Rheinlandlommission,"{ ""wikipedia_page"": """", ""wikidata_id"": """" }",0
tageblatt-1928-02-15-a-i0018,1218,1229,Saarbrücken,Q1724,LOC,Q1724,Saarbrücken,"```json { ""wikipedia_page"": ""Saarbrücken"", ""wikidata_id"": ""Q1724"" } ```",24.35068130493164
tageblatt-1928-02-15-a-i0018,1378,1384,Velsen,Q9970,LOC,Q9970,Velsen,"Based on the provided text and the list of candidates, the most appropriate Wikidata entity for the entity mentioned between the [ENT] tags is: - ""Velsen"" (German) with the Wikidata ID Q9970. Here is the JSON response: ```json {""wikipedia_page"":""Velsen"", ""wikidata_id"":""Q9970""} ```",15.340052604675293
tageblatt-1928-02-15-a-i0018,1475,1485,Hoftenbach,Q562627,LOC,Q30274677,Hüttenbach,"{ ""wikipedia_page"": ""Hüttenbach"", ""wikidata_id"": ""Q30274677"" }",12.522032737731934
tageblatt-1928-02-15-a-i0018,1621,1629,Butarest,Q19660,LOC,Q509739,Butare,"{ ""wikipedia_page"": ""Butare"", ""wikidata_id"": ""Q509739"" }",11.90257453918457
tageblatt-1928-02-15-a-i0018,1646,1668,Nationale Bauernpartei,Q259887,ORG,NIL,Nationale Bauernpartei,```json {} ``` No candidate matches the entity mentioned between the [ENT] tags with high confidence.,0
tageblatt-1928-02-15-a-i0018,1681,1703,Sozialistischen Partei,Q752435,ORG,Q170972,Sozialistische Partei,"Based on the provided text and list of candidates, the entities mentioned between the [ENT] tags are likely referring to ""Sozialistische Partei"" and ""Sozialistische Partei"". Given the list of candidates, the closest matches are: - 'Sozialistische Partei' (Wikidata ID: Q170972, Type: ORG, Descr: 'französische politische Partei', Date: '1969-05-04') Based on these candidates, the appropriate Wikidata entity for the first [ENT] tag is: ```json {""wikipedia_page"": ""Sozialistische Partei"", ""wikidata_id"": ""Q170972""} ``` For the second [ENT] tag, the closest match is also: ```json {""wikipedia_page"": ""Sozialistische Partei"", ""wikidata_id"": ""Q170972""} ``` So, the final JSON response is: ```json { ""wikipedia_page"": ""Sozialistische Partei"", ""wikidata_id"": ""Q170972"" } ```",12.253714561462402
tageblatt-1928-02-15-a-i0018,1781,1787,London,Q84,LOC,Q84,London,"Based on the given input text and the list of candidates, I will provide the disambiguated entity in JSON format. The text mentions ""London"" twice. Given the context, the most appropriate Wikidata entity is: ```json {""wikipedia_page"":""London"", ""wikidata_id"":""Q84""} ``` Here, ""London"" refers to the capital and most populous city of the United Kingdom, which matches the entity listed with Wikidata ID Q84.",23.394168853759766
tageblatt-1928-02-15-a-i0018,1818,1825,NewYork,Q60,LOC,NIL,NewYork,```json {} ```,0
tageblatt-1928-02-15-a-i0018,1836,1866,amerikanische Admiral Plunkeii,Q5081605,PER,Q1376159,William Pinkney,"Based on the text provided and the list of candidates, the entity mentioned between the [ENT] tags is ""Admiral Plunkeii"". The most appropriate Wikidata entity from the given list of candidates is ""William Pinkney"" with the Wikidata ID ""Q1376159"" and the Wikipedia page title ""William Pinkney"". Here is the JSON-formatted answer: ```json {""wikipedia_page"": ""William Pinkney"", ""wikidata_id"": ""Q1376159""} ```",10.561111450195312
tageblatt-1928-02-15-a-i0018,2074,2082,Plunlett,Q5081605,PER,Q5081605,Charles Peshall Plunkett,"Based on the input text and the list of candidates, the entity mentioned as ""[ENT] Plunlett [ENT]"" seems to be a typographical error or misinterpretation. The closest match from the list of candidates is likely ""Charles Peshall Plunkett"" given the context of the text, particularly the mention of Admiral Plunkeii. Here is the JSON-formatted answer: ```json {""wikipedia_page"":""Charles Peshall Plunkett"",""wikidata_id"":""Q5081605""} ```",12.798096656799316
tageblatt-1928-05-09-a-i0020,0,21,Luxemburger Tageblatt,Q461344,PROD,NIL,Luxemburger Tageblatt,no,0
tageblatt-1928-05-09-a-i0020,141,149,Le Ieune,Q2550037,PER,NIL,Le Ieune,```json {} ```,0
tageblatt-1928-05-09-a-i0020,263,270,Belgien,Q31,LOC,Q31,Belgien,"Based on the provided list of candidates and the context of the text, the entity mentioned between the [ENT] tags is ""Belgien"". Therefore, the most appropriate Wikidata entity is ""Belgien"" with the Wikidata ID ""Q31"" and the Wikipedia page title ""Belgien"". ```json {""wikipedia_page"":""Belgien"", ""wikidata_id"":""Q31""} ```",21.53092384338379
tageblatt-1928-05-09-a-i0020,351,358,Belgien,Q31,LOC,Q31,Belgien," ```json {""wikipedia_page"": ""Belgien"", ""wikidata_id"": ""Q31""} ```",21.253257751464844
tageblatt-1928-05-09-a-i0020,1437,1451,Jules Le Ieune,Q2550037,PER,Q2550037,Jules Lejeune,"Based on the text analysis, the entity tagged with [ENT] Jules Le Ieune [ENT] corresponds to the French politician Jules Le Jeune with the Wikidata ID Q2550037 and the Wikipedia page title Jules Le Jeune. Here is the JSON response: ```json {""wikipedia_page"":""Jules Le Jeune"", ""wikidata_id"":""Q2550037""} ```",28.070363998413086
tageblatt-1928-05-09-a-i0020,1554,1581,Generaladvokat Edm. Dmssens,NIL,PER,NIL,Generaladvokat Edm. Dmssens,```json {} ```,0
tageblatt-1928-05-09-a-i0020,2085,2094,Me Picard,NIL,PER,NIL,Me Picard,no,0
tageblatt-1928-05-09-a-i0020,2145,2154,Le Ieunes,Q2550037,PER,NIL,Le Ieunes,```json {} ```,0
tageblatt-1928-05-09-a-i0020,2181,2189,Le Ieune,Q2550037,PER,NIL,Le Ieune,```json {} ```,0
tageblatt-1928-05-09-a-i0020,2492,2501,Massilong,Q1381729,PER,NIL,Massilong,no,0
tageblatt-1928-05-09-a-i0020,2507,2515,Vossuets,Q294100,PER,NIL,Vossuets,no,0
tageblatt-1928-05-09-a-i0020,2517,2525,Le Ieune,Q2550037,PER,Q3173197,Jean Leune,"```json { ""wikipedia_page"": ""Jean Leune"", ""wikidata_id"": ""Q3173197"" } ```",14.624897003173828
tageblatt-1928-05-09-a-i0020,2571,2582,Epaminondas,Q190436,PER,NIL,Epaminondas,```json {} ```,0
tageblatt-1928-05-09-a-i0020,2592,2599,Montima,NIL,PER,NIL,Montima,no,0
tageblatt-1928-05-09-a-i0020,2672,2679,LeuKtra,NIL,PER,NIL,LeuKtra,no,0
tageblatt-1928-05-09-a-i0020,2684,2691,Montima,NIL,PER,NIL,Montima,no,0
tageblatt-1928-05-09-a-i0020,2699,2707,Le Ieune,Q2550037,PER,NIL,Le Ieune,```json {} ```,0
tageblatt-1928-05-09-a-i0020,2852,2862,Marc Nurel,Q1430,PER,NIL,Marc Nurel,no,0
tageblatt-1928-05-09-a-i0020,2968,2976,Le Ieune,Q2550037,PER,NIL,Le Ieune,```json {} ```,0
tageblatt-1928-05-09-a-i0020,3202,3212,Luxemburgs,Q32,LOC,Q32,Luxemburg,"Based on the provided text and the list of candidates, the entities [ENT] are likely referring to the city or state of Luxemburg, and possibly the political leader Rosa Luxemburg. Given the context, the most appropriate Wikidata entity for the first [ENT] is the country of Luxemburg, and for the second [ENT], it is likely the political leader Rosa Luxemburg. ```json { ""wikipedia_page"": ""Luxemburg"", ""wikidata_id"": ""Q32"" }, { ""wikipedia_page"": ""Rosa Luxemburg"", ""wikidata_id"": ""Q7231"" } ```",23.02592658996582
tageblatt-1938-08-05-a-i0057,1,14,Die Neue Welt,Q5274415,PROD,Q1215132,Die Neue Welt,"```json {""wikipedia_page"":""Die Neue Welt"", ""wikidata_id"":""Q1215132""} ```",24.007850646972656
tageblatt-1938-08-05-a-i0057,232,241,Litwinows,Q310100,PER,NIL,Litwinows,```json {} ```,0
tageblatt-1938-08-05-a-i0057,370,381,Sowjetunion,Q15180,LOC,Q15180,Sowjetunion,"```json {""wikipedia_page"":""Sowjetunion"", ""wikidata_id"":""Q15180""} ```",26.43875503540039
tageblatt-1938-08-05-a-i0057,579,585,Stalin,Q855,PER,Q855,Josef Stalin,"```json {""wikipedia_page"":""Josef Stalin"", ""wikidata_id"":""Q855""} ```",20.033239364624023
tageblatt-1938-11-08-a-i0056,21,37,Tschechoslowakei,Q33946,LOC,Q33946,Tschechoslowakei,"Based on the input text and the provided list of candidates, the most appropriate Wikidata entity for the entity mentioned between the [ENT] tags (""Tschechoslowakei"") is: - **Tschechoslowakei** - **Wikipedia Page**: `Tschechoslowakei` - **Wikidata ID**: `Q33946` Here's the JSON response: ```json { ""wikipedia_page"": ""Tschechoslowakei"", ""wikidata_id"": ""Q33946"" } ```",25.819984436035156
tageblatt-1938-11-08-a-i0056,81,85,Prag,Q1085,LOC,Q1085,Prag,"```json {""wikipedia_page"": ""Prag"", ""wikidata_id"": ""Q1085""} ```",25.940853118896484
tageblatt-1938-11-08-a-i0056,253,261,Budapest,Q1781,LOC,Q1781,Budapest,"```json {""wikipedia_page"": ""Budapest"", ""wikidata_id"": ""Q1781""} ```",27.143754959106445
tageblatt-1938-11-08-a-i0056,282,300,Vicomte Rothermere,Q336483,PER,Q336483,"Harold Harmsworth, 1. Viscount Rothermere","```json { ""wikipedia_page"": ""Harold Harmsworth, 1. Viscount Rothermere"", ""wikidata_id"": ""Q336483"" } ```",15.131246566772461
tageblatt-1938-11-08-a-i0056,304,312,Budapest,Q1781,LOC,NIL,Budapest,no,0
tageblatt-1938-11-08-a-i0056,314,320,London,Q84,LOC,Q84,London,"```json { ""wikipedia_page"": ""London"", ""wikidata_id"": ""Q84"" } ```",25.74063491821289
tageblatt-1938-11-08-a-i0056,392,400,Daily SS,Q210534,ORG,NIL,Daily SS,no,0
tageblatt-1938-11-08-a-i0056,416,424,Budapest,Q1781,LOC,NIL,Budapest,no,0
tageblatt-1938-11-08-a-i0056,556,572,Tschechoslowakei,Q33946,LOC,NIL,Tschechoslowakei,no,0
tageblatt-1938-11-08-a-i0056,634,642,Warschau,Q270,LOC,NIL,Warschau,no,0
tageblatt-1938-11-08-a-i0056,677,681,"Pra""",Q1085,LOC,Q1085,Prag,"```json {""wikipedia_page"": ""Prag"", ""wikidata_id"": ""Q1085""} ```",16.54172134399414
tageblatt-1938-11-08-a-i0056,707,715,Warschau,Q270,LOC,NIL,Warschau,no,0
tageblatt-1938-11-08-a-i0056,786,791,Polen,Q36,LOC,Q207272,Zweite Polnische Republik,"```json { ""wikipedia_page"": ""Zweite Polnische Republik"", ""wikidata_id"": ""Q207272"" } ```",16.51226234436035
tageblatt-1938-11-08-a-i0056,800,818,Tschecho. slowakei,Q33946,LOC,Q2010024,Tschecho-slowakische Republik,"Based on the context provided and the list of candidates, the entity mentioned between the [ENT] tags is ""Tschecho-slowakische Republik"". Therefore, the corresponding Wikipedia page title and Wikidata ID are as follows: ```json {""wikipedia_page"":""Tschecho-slowakische Republik"", ""wikidata_id"":""Q2010024""} ```",19.490846633911133
tageblatt-1938-11-08-a-i0056,840,856,Tschechoslowakei,Q33946,LOC,Q33946,Tschechoslowakei,"```json {""wikipedia_page"": ""Tschechoslowakei"", ""wikidata_id"": ""Q33946""} ```",26.484771728515625
tageblatt-1938-11-08-a-i0056,858,862,Fraq,Q1085,LOC,Q12017367,František Novák,"```json { ""wikipedia_page"": ""František Novák"", ""wikidata_id"": ""Q12017367"" } ```",7.8724589347839355
tageblatt-1938-11-08-a-i0056,905,928,Sudetendeutschen Partei,Q678584,ORG,NIL,Sudetendeutschen Partei,```json {} ```,0
tageblatt-1938-11-08-a-i0056,1068,1085,Abgeordnete Kundt,Q216084,PER,NIL,Abgeordnete Kundt,```json {} ```,0
tageblatt-1938-11-08-a-i0056,1193,1216,sudetendeutschen Partei,Q678584,ORG,Q678584,Sudetendeutsche Partei,"```json {""wikipedia_page"":""Sudetendeutsche Partei"", ""wikidata_id"":""Q678584""} ```",34.90726089477539
tageblatt-1938-11-08-a-i0056,1580,1599,Abgeordneten Peters,Q12018548,PER,NIL,Abgeordneten Peters,```json {} ```,0
tageblatt-1938-11-08-a-i0056,1604,1612,Neuwirth,Q12019026,PER,NIL,Neuwirth,no,0
tageblatt-1938-11-08-a-i0056,1621,1636,Senator Kröazot,NIL,PER,NIL,Senator Kröazot,"Given the input text and the list of candidates, the entity mentioned between the [ENT] tags is ""Senator Kröazot"". None of the candidates in the provided list match ""Senator Kröazot"" with high confidence. Therefore, the response is: ```json {} ```",0
tageblatt-1938-11-08-a-i0056,1713,1726,Sudetengebiet,Q194242,LOC,Q194242,Sudetenland,"```json {""wikipedia_page"":""Sudetenland"", ""wikidata_id"":""Q194242""} ```",21.331789016723633
tageblatt-1948-07-29-a-i0034,42,49,Belgrad,Q3711,LOC,Q3711,Belgrad,"Based on the provided input text and the JSON list of candidates, the most appropriate Wikidata entity for the entity tagged as [ENT] is: ```json {""wikipedia_page"":""Belgrad"", ""wikidata_id"":""Q3711""} ``` This entity corresponds to the city of Belgrad, which is located in Serbia.",30.015974044799805
tageblatt-1948-07-29-a-i0034,61,75,Marschall Tito,Q9161,PER,Q600481,Tito,"Based on the input text, the entity mentioned between the [ENT] tags is ""Tito"". The most appropriate Wikidata entity from the given list of candidates is ""Tito"" with Wikidata ID ""Q600481"" and Wikipedia page title ""Josip Broz"". ```json {""wikipedia_page"":""Josip Broz"", ""wikidata_id"":""Q600481""} ```",14.678037643432617
tageblatt-1948-07-29-a-i0034,77,92,Minister Djilas,Q153909,PER,Q153909,Milovan Đilas,"Based on the provided text and the list of candidates, the entity mentioned between the [ENT] tags is Milovan Đilas. Here is the JSON response: ```json {""wikipedia_page"":""Milovan Đilas"", ""wikidata_id"":""Q153909""} ```",14.688726425170898
tageblatt-1948-07-29-a-i0034,527,560,russischen kommunistischen Partei,Q79854,ORG,Q79854,Kommunistische Partei der Sowjetunion,"Based on the input text and the provided list of candidates, the entity mentioned between the [ENT] tags is ""russischen kommunistischen Partei"" which refers to the ""Kommunistische Partei der Sowjetunion"". The corresponding Wikipedia page title and Wikidata ID are: ```json {""wikipedia_page"":""Kommunistische Partei der Sowjetunion"",""wikidata_id"":""Q79854""} ```",29.346628189086914
tageblatt-1948-07-29-a-i0034,591,623,jugoslawischen kommunist. Partei,Q641691,ORG,NIL,jugoslawischen kommunist. Partei,```json {} ```,0
tageblatt-1948-07-29-a-i0034,650,659,Marxismus,Q7264,PROD,NIL,Marxismus,```json {} ```,0
tageblatt-1948-07-29-a-i0034,664,674,Leninismus,Q155059,PROD,Q211930,Marxismus-Leninismus,"{ ""wikipedia_page"": ""Marxismus-Leninismus"", ""wikidata_id"": ""Q211930"" }",25.371021270751953
tageblatt-1948-07-29-a-i0034,899,936,jugoslawische kommunistische Par- tei,Q641691,ORG,NIL,jugoslawische kommunistische Par- tei,no,0
tageblatt-1948-07-29-a-i0034,1023,1047,bolschewistischen Partei,Q83372,ORG,Q83372,Bolschewiki,"```json { ""wikipedia_page"": ""Bolschewiki"", ""wikidata_id"": ""Q83372"" } ```",20.029212951660156
tageblatt-1948-07-29-a-i0034,1186,1195,Bulgarien,Q219,LOC,NIL,Bulgarien,no,0
tageblatt-1948-07-29-a-i0034,1200,1208,Albanien,Q222,LOC,NIL,Albanien,no,0
tageblatt-1948-07-29-a-i0034,1305,1315,Bulgariens,Q219,LOC,Q219,Bulgarien,"```json {""wikipedia_page"": ""Bulgarien"", ""wikidata_id"": ""Q219""} ```",19.150482177734375
tageblatt-1948-07-29-a-i0034,1320,1329,Albaniens,Q222,LOC,NIL,Albaniens,```json {} ```,0
tageblatt-1948-07-29-a-i0034,1492,1501,Marxismus,Q7264,PROD,Q7264,Marxismus,"```json {""wikipedia_page"":""Marxismus"",""wikidata_id"":""Q7264""} ```",27.35991096496582
tageblatt-1948-07-29-a-i0034,1510,1520,Leninismus,Q155059,PROD,Q211930,Marxismus-Leninismus,"```json { ""wikipedia_page"": ""Marxismus-Leninismus"", ""wikidata_id"": ""Q211930"" } ```",24.66927719116211
