doc_id,start_pos,end_pos,surface,gt_id,type,identifier,title,answer,score
hidden_test_de_1_sent2,215,224,Kramarsch,NIL,PER,Q84714,Karl Karmarsch,"```json { ""wikipedia_page"": ""Karl Karmarsch"", ""wikidata_id"": ""Q84714"" } ```",18.277515411376953
hidden_test_de_1_sent2,782,786,Thun,Q79181,PER,Q12032976,Leopold Felix Thun-Hohenstein,"```json {""wikipedia_page"":""Leopold Felix Thun-Hohenstein"", ""wikidata_id"":""Q12032976""} ```",14.296533584594727
hidden_test_de_1_sent2,950,956,Böhmen,Q39193,LOC,Q42585,Königreich Böhmen,"```json { ""wikipedia_page"":""Königreich Böhmen"", ""wikidata_id"":""Q42585"" } ```",20.138532638549805
hidden_test_de_1_sent2,1417,1421,Thun,Q79181,PER,Q12032976,Leopold Felix Thun-Hohenstein,"```json {""wikipedia_page"": ""Leopold Felix Thun-Hohenstein"", ""wikidata_id"": ""Q12032976""} ```",14.955839157104492
hidden_test_de_1_sent2,1683,1688,"Thun,",Q79181,PER,Q14790934,Franz Anton II. von Thun und Hohenstein,"```json {""wikipedia_page"": ""Franz Anton II. von Thun und Hohenstein"", ""wikidata_id"": ""Q14790934""} ```",10.614337921142578
hidden_test_de_1_sent3,14,41,Klub der Vereinigten Linken,NIL,ORG,Q15852613,Vereinigte Deutsche Linke,"```json {""wikipedia_page"":""Vereinigte Deutsche Linke"", ""wikidata_id"":""Q15852613""} ```",20.952322006225586
hidden_test_de_1_sent3,162,171,v. Plener,Q324918,PER,Q78834,Ignaz von Plener,"```json { ""wikipedia_page"": ""Ignaz von Plener"", ""wikidata_id"": ""Q78834"" } ```",19.985506057739258
hidden_test_de_1_sent4,138,147,v. Plener,Q324918,PER,Q78834,Ignaz von Plener,"```json {""wikipedia_page"": ""Ignaz von Plener"", ""wikidata_id"": ""Q78834""} ```",19.783489227294922
hidden_test_de_1_sent5,876,880,Thun,Q79181,PER,Q635917,Thun und Hohenstein,"```json {""wikipedia_page"":""Thun und Hohenstein"", ""wikidata_id"":""Q635917""} ```",15.647997856140137
hidden_test_de_1_sent6,36,40,Thun,Q79181,PER,Q635917,Thun und Hohenstein,"```json {""wikipedia_page"":""Thun und Hohenstein"", ""wikidata_id"":""Q635917""} ```",17.590436935424805
hidden_test_de_1_sent6,133,148,MariePospischil,NIL,PER,Q12035450,Maria Pospischil,"```json {""wikipedia_page"":""Maria Pospischil"", ""wikidata_id"":""Q12035450""} ```",25.909624099731445
hidden_test_de_1_sent6,222,226,Thun,Q79181,PER,Q79119,Franz von Thun und Hohenstein,"```json {""wikipedia_page"": ""Franz von Thun und Hohenstein"", ""wikidata_id"": ""Q79119""} ```",18.47062110900879
hidden_test_de_1_sent6,330,334,Thun,Q79181,PER,Q79119,Franz von Thun und Hohenstein,"```json { ""wikipedia_page"": ""Franz von Thun und Hohenstein"", ""wikidata_id"": ""Q79119"" } ```",16.569765090942383
hidden_test_de_1_sent6,450,459,Schamanek,NIL,PER,Q11985994,Václav Šamánek,"```json {""wikipedia_page"":""Václav Šamánek"", ""wikidata_id"":""Q11985994""} ```",23.64052391052246
hidden_test_de_1_sent6,571,580,Schamanek,NIL,PER,Q11985994,Václav Šamánek,"```json {""wikipedia_page"":""Václav Šamánek"", ""wikidata_id"":""Q11985994""} ```",23.10778045654297
hidden_test_de_1_sent6,627,631,Thun,Q79181,PER,Q79119,Franz von Thun und Hohenstein,"```json { ""wikipedia_page"": ""Franz von Thun und Hohenstein"", ""wikidata_id"": ""Q79119"" } ```",17.691675186157227
hidden_test_de_1_sent6,664,668,Prag,Q1085,LOC,Q666778,Prager Aufstand,"```json {""wikipedia_page"":""Prager Aufstand"", ""wikidata_id"":""Q666778""} ```",14.796612739562988
hidden_test_de_1_sent6,683,687,Thun,Q79181,PER,Q79119,Franz von Thun und Hohenstein,"```json { ""wikipedia_page"": ""Franz von Thun und Hohenstein"", ""wikidata_id"": ""Q79119"" } ```",16.370220184326172
hidden_test_de_1_sent6,807,816,Kramarsch,NIL,PER,Q159227,Karel Kramář,"```json {""wikipedia_page"":""Karel Kramář"", ""wikidata_id"":""Q159227""} ```",18.263418197631836
hidden_test_de_1_sent6,922,926,Thun,Q79181,PER,Q79119,Franz von Thun und Hohenstein,"```json { ""wikipedia_page"": ""Franz von Thun und Hohenstein"", ""wikidata_id"": ""Q79119"" } ```",17.720199584960938
hidden_test_de_1_sent6,1166,1170,Thun,Q79181,PER,Q79119,Franz von Thun und Hohenstein,"```json { ""wikipedia_page"": ""Franz von Thun und Hohenstein"", ""wikidata_id"": ""Q79119"" } ```",16.203718185424805
hidden_test_de_1_sent10,368,376,Gaißmayr,NIL,PER,Q700953,Gaißau,"```json {""wikipedia_page"": ""Gaißau"", ""wikidata_id"": ""Q700953""} ```",11.728081703186035
hidden_test_de_1_sent12,300,307,Golling,NIL,LOC,Q527800,Golling an der Salzach,"```json {""wikipedia_page"": ""Golling an der Salzach"", ""wikidata_id"": ""Q527800""} ```",15.994821548461914
hidden_test_de_1_sent12,710,725,Dietrichstein's,NIL,PER,Q688530,Dietrichstein,"```json { ""wikipedia_page"": ""Dietrichstein"", ""wikidata_id"": ""Q688530"" } ```",15.001810073852539
hidden_test_de_1_sent13,4,12,Radstatt,Q260950,LOC,NIL,Radstatt,"```json {""wikipedia_page"":"""", ""wikidata_id"":""NIL""} ```",0
hidden_test_de_1_sent13,22,28,Reustl,NIL,PER,Q80822636,Dorfkirche Reust,"```json {""wikipedia_page"":""Dorfkirche Reust"", ""wikidata_id"":""Q80822636""} ```",5.0889692306518555
hidden_test_de_1_sent14,123,136,Dietrichstein,NIL,PER,Q688530,Dietrichstein,"```json {""wikipedia_page"":""Dietrichstein"", ""wikidata_id"":""Q688530""} ```",18.437673568725586
hidden_test_de_1_sent15,0,3,Mur,Q259893,LOC,Q204040,Mur,"```json { ""wikipedia_page"": ""Mur"", ""wikidata_id"": ""Q204040"" } ```",16.611236572265625
hidden_test_de_1_sent15,207,218,Kielmansegg,NIL,PER,Q7526947,Ministerium Kielmansegg,"```json {""wikipedia_page"":""Ministerium Kielmansegg"", ""wikidata_id"":""Q7526947""} ```",17.192413330078125
hidden_test_de_1_sent15,1599,1612,Liechtenstein,Q78567,PER,NIL,Liechtenstein,"```json {""wikipedia_page"": ""NIL"", ""wikidata_id"": ""NIL""} ```",0
hidden_test_de_1_sent15,1616,1625,Liberalen,NIL,ORG,Q942383,Liberale Vereinigung,"```json {""wikipedia_page"":""Liberale Vereinigung"", ""wikidata_id"":""Q942383""} ```",13.734375
hidden_test_de_1_sent73,0,6,London,NIL,LOC,Q84,London,"```json {""wikipedia_page"":""London"", ""wikidata_id"":""Q84""} ```",13.057632446289062
hidden_test_de_1_sent75,1,6,Paris,NIL,LOC,Q90,Paris,"```json {""wikipedia_page"":""Paris"", ""wikidata_id"":""Q90""} ```",15.2584810256958
hidden_test_de_1_sent87,15,19,Wien,NIL,LOC,Q374336,Theater an der Wien,"```json {""wikipedia_page"": ""Theater an der Wien"", ""wikidata_id"": ""Q374336""} ```",19.00155258178711
hidden_test_de_1_sent91,15,25,Josefstadt,NIL,LOC,Q167619,Theater in der Josefstadt,"```json { ""wikipedia_page"": ""Theater in der Josefstadt"", ""wikidata_id"": ""Q167619"" } ```",19.617372512817383
hidden_test_de_1_sent92,16,27,Rudolfsheim,NIL,LOC,Q653289,Rudolfsheim-Fünfhaus,"```json {""wikipedia_page"":""Rudolfsheim-Fünfhaus"", ""wikidata_id"":""Q653289""} ```",21.567401885986328
hidden_test_de_1_sent96,27,34,Amerika,NIL,LOC,Q828,Amerika,"```json {""wikipedia_page"":""Amerika"", ""wikidata_id"":""Q828""} ```",18.806991577148438
hidden_test_de_1_sent97,38,51,Bruno Zappert,NIL,PER,Q31794012,Bruno Zappert,"```json {""wikipedia_page"": ""Bruno Zappert"", ""wikidata_id"": ""Q31794012""} ```",30.925952911376953
hidden_test_de_1_sent100,0,20,Aron MandelblühSarah,NIL,PER,Q24091551,Aron Grünhut,"```json {""wikipedia_page"":""Aron Grünhut"", ""wikidata_id"":""Q24091551""} ```",19.811635971069336
hidden_test_de_1_sent100,61,72,Mitzi Bardi,NIL,PER,Q18025001,Marie Bardi,"```json {""wikipedia_page"":""Marie Bardi"", ""wikidata_id"":""Q18025001""} ```",30.148433685302734
hidden_test_de_1_sent101,5,10,Frank,NIL,PER,Q62243,Adolph Frank,"```json {""wikipedia_page"":""Adolph Frank"", ""wikidata_id"":""Q62243""} ```",8.526296615600586
hidden_test_de_1_sent104,22,35,Gisela Magnus,NIL,PER,Q24050604,Gisela Graselli-Magnus,"```json { ""wikipedia_page"": ""Gisela Graselli-Magnus"", ""wikidata_id"": ""Q24050604"" } ```",18.883583068847656
hidden_test_de_1_sent107,0,4,Sali,NIL,PER,Q48659874,Salli,"```json {""wikipedia_page"":""Salli"", ""wikidata_id"":""Q48659874""} ```",19.32792091369629
hidden_test_de_1_sent108,0,5,Kathi,NIL,PER,Q1561114,Kathy,"```json {""wikipedia_page"":""Kathy"", ""wikidata_id"":""Q1561114""} ```",17.109041213989258
hidden_test_de_1_sent112,0,5,Jenny,NIL,PER,Q3807899,Jenny,"```json {""wikipedia_page"":""Jenny"", ""wikidata_id"":""Q3807899""} ```",16.12657928466797
hidden_test_de_1_sent113,0,4,Emmy,NIL,PER,Q60763,Emmy Göring,"```json {""wikipedia_page"":""Emmy Göring"", ""wikidata_id"":""Q60763""} ```",15.922800064086914
hidden_test_de_1_sent114,0,4,Mary,NIL,PER,Q734578,Mary,"```json {""wikipedia_page"":""Mary"", ""wikidata_id"":""Q734578""} ```",14.747163772583008
hidden_test_de_1_sent116,7,18,Josef Frank,NIL,PER,Q93847,Josef Frank,"```json { ""wikipedia_page"": ""Josef Frank"", ""wikidata_id"": ""Q93847"" } ```",22.486173629760742
hidden_test_de_1_sent117,53,67,Arthur Lorette,NIL,PER,Q94579731,Alfred Loretto,"```json {""wikipedia_page"":""Alfred Loretto"", ""wikidata_id"":""Q94579731""} ```",20.593791961669922
hidden_test_de_1_sent118,0,5,Maier,NIL,PER,Q6582006,Meier,"```json {""wikipedia_page"":""Meier"", ""wikidata_id"":""Q6582006""} ```",16.45758819580078
hidden_test_de_1_sent119,19,34,Adolf Karlinger,NIL,PER,Q1580688,Hans Karlinger,"```json { ""wikipedia_page"": ""Hans Karlinger"", ""wikidata_id"": ""Q1580688"" } ```",20.21259117126465
hidden_test_de_1_sent120,0,7,Tschibe,NIL,PER,Q2967756,Chybie,"To disambiguate the entity tagged with [ENT] Tschibe [ENT], the most appropriate Wikidata candidate is ""Chybie"" based on the similarity of the names and the context provided in the text. ```json {""wikipedia_page"":""Chybie"", ""wikidata_id"":""Q2967756""} ```",16.773849487304688
hidden_test_de_1_sent121,0,7,Fru=Fru,NIL,PER,Q1471353,Fräulein,"```json {""wikipedia_page"":""Fr\u00e4ulein"", ""wikidata_id"":""Q1471353""} ```",6.990177631378174
hidden_test_de_1_sent121,22,34,Esther Stein,NIL,PER,Q5401199,Esther Hill,"```json {""wikipedia_page"":""Esther Hill"", ""wikidata_id"":""Q5401199""} ```",14.910905838012695
hidden_test_de_1_sent122,20,32,Heinrich Baß,NIL,PER,Q15264783,Heinrich Baass,"```json { ""wikipedia_page"": ""Heinrich Baass"", ""wikidata_id"": ""Q15264783"" } ```",23.26146697998047
hidden_test_de_1_sent124,62,69,Amerika,NIL,LOC,Q828,Amerika,"```json {""wikipedia_page"":""Amerika"", ""wikidata_id"":""Q828""} ```",17.456985473632812
hidden_test_de_1_sent128,165,169,Daun,NIL,PER,Q93365,Leopold Joseph von Daun,"```json {""wikipedia_page"":""Leopold Joseph von Daun"", ""wikidata_id"":""Q93365""} ```",21.986413955688477
hidden_test_de_1_sent132,1,8,Venedig,NIL,LOC,Q2512799,Venedig in Wien,"```json {""wikipedia_page"":""Venedig in Wien"", ""wikidata_id"":""Q2512799""} ```",17.211721420288086
hidden_test_de_1_sent132,12,16,Wien,NIL,LOC,Q641,Venedig,"```json {""wikipedia_page"": ""Venedig"", ""wikidata_id"": ""Q641""} ```",14.045988082885742
hidden_test_de_1_sent144,109,117,Hainfeld,NIL,LOC,Q671275,Hainfeld,"```json {""wikipedia_page"":""Hainfeld"", ""wikidata_id"":""Q671275""} ```",25.61237335205078
hidden_test_de_1_sent147,8,22,Franz Lütgenau,NIL,PER,Q1448138,Franz Lütgenau,"```json {""wikipedia_page"":""Franz Lütgenau"", ""wikidata_id"":""Q1448138""} ```",29.214122772216797
hidden_test_de_1_sent152,4,14,Paul Kempe,NIL,PER,Q2060580,Paul Kempa,"```json {""wikipedia_page"":""Paul Kempa"", ""wikidata_id"":""Q2060580""} ```",34.454586029052734
hidden_test_de_1_sent153,4,22,Wilhelm Liebknecht,NIL,PER,Q20127,Wilhelm Liebknecht,"```json {""wikipedia_page"":""Wilhelm Liebknecht"", ""wikidata_id"":""Q20127""} ```",31.197811126708984
hidden_test_de_1_sent154,110,114,Wien,NIL,LOC,Q1741,Wien,"```json {""wikipedia_page"":""Wien"", ""wikidata_id"":""Q1741""} ```",21.335025787353516
hidden_test_de_1_sent157,32,36,Wien,NIL,LOC,Q1741,Wien,"```json { ""wikipedia_page"":""Wien"", ""wikidata_id"":""Q1741"" } ```",10.530686378479004
hidden_test_de_1_sent163,65,81,Jacob Rothberger,NIL,PER,Q2549156,Warenhaus Rothberger,"```json {""wikipedia_page"":""Warenhaus Rothberger"", ""wikidata_id"":""Q2549156""} ```",21.661603927612305
hidden_test_de_1_sent163,229,245,Jakob Weinberger,NIL,PER,Q19668022,Jacob Weinberg,"```json {""wikipedia_page"": ""Jacob Weinberg"", ""wikidata_id"": ""Q19668022""} ```",24.885244369506836
hidden_test_de_1_sent163,268,272,Wien,NIL,LOC,Q1741,Wien,"```json {""wikipedia_page"": ""Wien"", ""wikidata_id"": ""Q1741""} ```",19.41323471069336
hidden_test_de_1_sent163,354,360,Ditmar,NIL,PER,Q37480928,Dittmar,"```json { ""wikipedia_page"": ""Dittmar"", ""wikidata_id"": ""Q37480928"" } ```",13.656057357788086
hidden_test_de_1_sent172,71,75,Wien,NIL,LOC,Q1741,Wien,"```json {""wikipedia_page"": ""Wien"", ""wikidata_id"": ""Q1741""} ```",24.957683563232422
hidden_test_de_1_sent184,424,429,Brünn,NIL,LOC,Q14960,Brünn,"```json {""wikipedia_page"": ""Brünn"", ""wikidata_id"": ""Q14960""} ```",28.868803024291992
hidden_test_de_1_sent184,502,506,Wien,NIL,LOC,Q1741,Wien,"```json {""wikipedia_page"":""Wien"", ""wikidata_id"":""Q1741""} ```",29.433149337768555
hidden_test_de_1_sent186,34,38,Wien,NIL,LOC,Q1741,Wien,"```json { ""wikipedia_page"": ""Wien"", ""wikidata_id"": ""Q1741"" } ```",12.480757713317871
hidden_test_de_1_sent187,18,22,Wien,NIL,LOC,Q1741,Wien,"```json {""wikipedia_page"":""Wien"", ""wikidata_id"":""Q1741""} ```",27.811416625976562
hidden_test_de_1_sent192,29,33,Wien,NIL,LOC,Q1741,Wien,"```json {""wikipedia_page"":""Wien"", ""wikidata_id"":""Q1741""} ```",27.92399024963379
hidden_test_de_1_sent194,59,63,Wien,NIL,LOC,Q1741,Wien,"```json { ""wikipedia_page"": ""Wien"", ""wikidata_id"": ""Q1741"" } ```",20.463869094848633
hidden_test_de_1_sent194,84,88,Wien,NIL,LOC,Q1741,Wien,"```json {""wikipedia_page"":""Wien"", ""wikidata_id"":""Q1741""} ```",15.640928268432617
hidden_test_de_1_sent194,97,110,Franzensfeste,NIL,LOC,Q16609207,Bahnhof Franzensfeste,"```json { ""wikipedia_page"": ""Bahnhof Franzensfeste"", ""wikidata_id"": ""Q16609207"" } ```",16.109262466430664
hidden_test_de_1_sent194,142,146,Wien,NIL,LOC,Q1741,Wien,"```json {""wikipedia_page"":""Wien"", ""wikidata_id"":""Q1741""} ```",15.446897506713867
hidden_test_de_1_sent194,164,168,Wien,NIL,LOC,Q1741,Wien,"```json {""wikipedia_page"":""Wien"", ""wikidata_id"":""Q1741""} ```",14.791068077087402
hidden_test_de_1_sent194,193,197,Wien,NIL,LOC,Q1741,Wien,"```json {""wikipedia_page"":""Wien"", ""wikidata_id"":""Q1741""} ```",15.773548126220703
hidden_test_de_1_sent194,209,215,Leoben,NIL,LOC,Q485294,Leoben,"```json {""wikipedia_page"": ""Leoben"", ""wikidata_id"": ""Q485294""} ```",18.384183883666992
hidden_test_de_1_sent195,14,18,Wien,NIL,LOC,Q519025,Wien Südbahnhof,"```json {""wikipedia_page"":""Wien Südbahnhof"", ""wikidata_id"":""Q519025""} ```",13.541555404663086
hidden_test_de_1_sent195,73,82,Payerbach,NIL,LOC,Q801311,Bahnhof Payerbach-Reichenau,"```json {""wikipedia_page"":""Bahnhof Payerbach-Reichenau"", ""wikidata_id"":""Q801311""} ```",14.564705848693848
hidden_test_de_1_sent195,108,117,Laxenburg,NIL,LOC,Q699437,Laxenburg,"```json {""wikipedia_page"":""Laxenburg"", ""wikidata_id"":""Q699437""} ```",19.600719451904297
hidden_test_de_1_sent195,119,125,Aspang,NIL,LOC,Q603694,Aspangbahn,"```json {""wikipedia_page"":""Aspangbahn"",""wikidata_id"":""Q603694""} ```",17.09075927734375
hidden_test_de_1_sent195,137,148,Potten¬dorf,NIL,LOC,Q661912,Pottendorf,"```json {""wikipedia_page"": ""Pottendorf"", ""wikidata_id"": ""Q661912""} ```",14.109420776367188
hidden_test_de_1_sent195,192,203,Leobersdorf,NIL,LOC,Q695339,Leobersdorf,"```json {""wikipedia_page"":""Leobersdorf"", ""wikidata_id"":""Q695339""} ```",16.714895248413086
hidden_test_de_1_sent195,205,220,Kaltenleutgeben,NIL,LOC,Q665008,Kaltenleutgeben,"```json { ""wikipedia_page"": ""Kaltenleutgeben"", ""wikidata_id"": ""Q665008"" } ```",18.22284698486328
hidden_test_de_1_sent195,222,232,Laxen¬burg,NIL,LOC,Q699437,Laxenburg,"```json { ""wikipedia_page"": ""Laxenburg"", ""wikidata_id"": ""Q699437"" } ```",18.533357620239258
hidden_test_de_1_sent195,234,244,Gutenstein,NIL,LOC,Q663658,Gutenstein,"```json {""wikipedia_page"": ""Gutenstein"", ""wikidata_id"": ""Q663658""} ```",13.746191024780273
hidden_test_de_1_sent195,246,254,Hainfeld,NIL,LOC,Q671275,Hainfeld,"```json {""wikipedia_page"": ""Hainfeld"", ""wikidata_id"": ""Q671275""} ```",14.617313385009766
hidden_test_de_1_sent195,286,293,Mödling,NIL,LOC,Q277965,Mödling,"```json {""wikipedia_page"":""Mödling"", ""wikidata_id"":""Q277965""} ```",20.503368377685547
hidden_test_de_1_sent195,337,352,Kaltenleutgeben,NIL,LOC,Q665008,Kaltenleutgeben,"```json {""wikipedia_page"":""Kaltenleutgeben"", ""wikidata_id"":""Q665008""} ```",18.273935317993164
hidden_test_de_1_sent195,354,362,Laxenbug,NIL,LOC,Q699437,Laxenburg,"```json {""wikipedia_page"":""Laxenburg"", ""wikidata_id"":""Q699437""} ```",14.589487075805664
hidden_test_de_1_sent195,375,385,Pottendorf,NIL,LOC,Q661912,Pottendorf,"```json {""wikipedia_page"":""Pottendorf"", ""wikidata_id"":""Q661912""} ```",13.893589973449707
hidden_test_de_1_sent195,391,399,Neustadt,NIL,LOC,Q131612,Wiener Neustadt,"```json {""wikipedia_page"":""Wiener Neustadt"", ""wikidata_id"":""Q131612""} ```",16.012727737426758
hidden_test_de_1_sent195,456,462,Böslau,NIL,LOC,Q798800,Bad Vöslau,"```json {""wikipedia_page"":""Bad Vöslau"", ""wikidata_id"":""Q798800""} ```",14.446083068847656
hidden_test_de_1_sent195,491,497,Böslau,NIL,LOC,Q798800,Bad Vöslau,"```json {""wikipedia_page"": ""Bad Vöslau"", ""wikidata_id"": ""Q798800""} ```",13.762428283691406
hidden_test_de_1_sent195,499,514,Kaltenleutgeben,NIL,LOC,Q665008,Kaltenleutgeben,"```json {""wikipedia_page"":""Kaltenleutgeben"", ""wikidata_id"":""Q665008""} ```",17.90338134765625
hidden_test_de_1_sent195,516,525,Laxenburg,NIL,LOC,Q699437,Laxenburg,"```json {""wikipedia_page"":""Laxenburg"", ""wikidata_id"":""Q699437""} ```",20.01789093017578
hidden_test_de_1_sent195,569,584,Kaltenleutgeben,NIL,LOC,Q665008,Kaltenleutgeben,"```json {""wikipedia_page"":""Kaltenleutgeben"", ""wikidata_id"":""Q665008""} ```",18.4500789642334
hidden_test_de_1_sent195,586,595,Laxenburg,NIL,LOC,Q699437,Laxenburg,"```json {""wikipedia_page"": ""Laxenburg"", ""wikidata_id"": ""Q699437""} ```",16.915014266967773
hidden_test_de_1_sent195,629,635,Böslau,NIL,LOC,Q798800,Bad Vöslau,"```json { ""wikipedia_page"": ""Bad Vöslau"", ""wikidata_id"": ""Q798800"" } ```",11.694610595703125
hidden_test_de_1_sent195,665,677,Mürzzuschlag,NIL,LOC,Q492868,Mürzzuschlag,"```json {""wikipedia_page"":""Mürzzuschlag"", ""wikidata_id"":""Q492868""} ```",16.239152908325195
hidden_test_de_1_sent195,679,694,Kaltenleutgeben,NIL,LOC,Q665008,Kaltenleutgeben,"```json {""wikipedia_page"":""Kaltenleutgeben"", ""wikidata_id"":""Q665008""} ```",17.155651092529297
hidden_test_de_1_sent195,696,705,Laxenburg,NIL,LOC,Q699437,Laxenburg,"```json { ""wikipedia_page"": ""Laxenburg"", ""wikidata_id"": ""Q699437"" } ```",18.31803321838379
hidden_test_de_1_sent195,707,717,Gutenstein,NIL,LOC,Q663658,Gutenstein,"```json { ""wikipedia_page"": ""Gutenstein"", ""wikidata_id"": ""Q663658"" } ```",13.062313079833984
hidden_test_de_1_sent195,719,728,Hain¬feld,NIL,LOC,Q671275,Hainfeld,"```json {""wikipedia_page"":""Hainfeld"", ""wikidata_id"":""Q671275""} ```",13.375518798828125
hidden_test_de_1_sent195,764,771,Mödling,NIL,LOC,Q277965,Mödling,"```json {""wikipedia_page"":""Mödling"", ""wikidata_id"":""Q277965""} ```",16.40038299560547
hidden_test_de_1_sent195,822,831,Laxenburg,NIL,LOC,Q699437,Laxenburg,"```json { ""wikipedia_page"": ""Laxenburg"", ""wikidata_id"": ""Q699437"" } ```",18.52509880065918
hidden_test_de_1_sent195,865,876,Leobersdorf,NIL,LOC,Q695339,Leobersdorf,"```json { ""wikipedia_page"": ""Leobersdorf"", ""wikidata_id"": ""Q695339"" } ```",14.357826232910156
hidden_test_de_1_sent195,878,894,Kaltenleut¬geben,NIL,LOC,Q665008,Kaltenleutgeben,"```json {""wikipedia_page"":""Kaltenleutgeben"", ""wikidata_id"":""Q665008""} ```",14.083025932312012
hidden_test_de_1_sent195,896,905,Laxenburg,NIL,LOC,Q699437,Laxenburg,"```json {""wikipedia_page"": ""Laxenburg"", ""wikidata_id"": ""Q699437""} ```",18.670026779174805
hidden_test_de_1_sent195,943,949,Böslau,NIL,LOC,Q798800,Bad Vöslau,"```json { ""wikipedia_page"": ""Bad Vöslau"", ""wikidata_id"": ""Q798800"" } ```",10.278244018554688
hidden_test_de_1_sent195,980,987,Mödling,NIL,LOC,Q277965,Mödling,"```json {""wikipedia_page"": ""Mödling"", ""wikidata_id"": ""Q277965""} ```",15.235759735107422
hidden_test_de_1_sent195,989,1004,Kaltenleutgeben,NIL,LOC,Q665008,Kaltenleutgeben,"```json {""wikipedia_page"":""Kaltenleutgeben"", ""wikidata_id"":""Q665008""} ```",14.353500366210938
hidden_test_de_1_sent195,1006,1015,Laxenburg,NIL,LOC,Q699437,Laxenburg,"```json {""wikipedia_page"": ""Laxenburg"", ""wikidata_id"": ""Q699437""} ```",17.878013610839844
hidden_test_de_1_sent195,1073,1088,Kaltenleutgeben,NIL,LOC,Q665008,Kaltenleutgeben,"```json {""wikipedia_page"":""Kaltenleutgeben"", ""wikidata_id"":""Q665008""} ```",13.536161422729492
hidden_test_de_1_sent195,1090,1099,Laxenburg,NIL,LOC,Q699437,Laxenburg,"```json {""wikipedia_page"":""Laxenburg"", ""wikidata_id"":""Q699437""} ```",18.551246643066406
hidden_test_de_1_sent195,1127,1133,Böslau,NIL,LOC,Q798800,Bad Vöslau,"```json {""wikipedia_page"":""Bad Vöslau"", ""wikidata_id"":""Q798800""} ```",9.666847229003906
hidden_test_de_1_sent195,1175,1190,Kaltenleutgeben,NIL,LOC,Q665008,Kaltenleutgeben,"```json { ""wikipedia_page"": ""Kaltenleutgeben"", ""wikidata_id"": ""Q665008"" } ```",13.31446361541748
hidden_test_de_1_sent195,1192,1201,Laxenburg,NIL,LOC,Q699437,Laxenburg,"```json {""wikipedia_page"":""Laxenburg"", ""wikidata_id"":""Q699437""} ```",17.54595947265625
hidden_test_de_1_sent195,1237,1243,Rodaun,NIL,LOC,Q2160909,Rodaun,"```json {""wikipedia_page"": ""Rodaun"", ""wikidata_id"": ""Q2160909""} ```",17.2238712310791
hidden_test_de_1_sent197,0,11,Leobersdorf,NIL,LOC,Q695339,Leobersdorf,"```json {""wikipedia_page"": ""Leobersdorf"", ""wikidata_id"": ""Q695339""} ```",21.040422439575195
hidden_test_de_1_sent197,23,33,Gutenstein,NIL,LOC,Q663658,Gutenstein,"```json {""wikipedia_page"":""Gutenstein"", ""wikidata_id"":""Q663658""} ```",16.176166534423828
hidden_test_de_1_sent197,64,70,Böslau,NIL,LOC,Q798800,Bad Vöslau,"```json {""wikipedia_page"":""Bad Vöslau"", ""wikidata_id"":""Q798800""} ```",17.727359771728516
hidden_test_de_1_sent197,116,127,Leobersdorf,NIL,LOC,Q74426574,Bahnhof Leobersdorf,"```json {""wikipedia_page"":""Bahnhof Leobersdorf"", ""wikidata_id"":""Q74426574""} ```",15.402409553527832
hidden_test_de_1_sent197,129,137,Hainfeld,NIL,LOC,Q671275,Hainfeld,"```json {""wikipedia_page"":""Hainfeld"", ""wikidata_id"":""Q671275""} ```",16.0790958404541
hidden_test_de_1_sent197,139,149,Gutenstein,NIL,LOC,Q663658,Gutenstein,"```json { ""wikipedia_page"":""Gutenstein"", ""wikidata_id"":""Q663658"" } ```",15.36989974975586
hidden_test_de_1_sent197,179,185,Böslau,NIL,LOC,Q798800,Bad Vöslau,"```json {""wikipedia_page"":""Bad Vöslau"", ""wikidata_id"":""Q798800""} ```",18.053024291992188
hidden_test_de_1_sent197,187,202,Kaltenleutgeben,NIL,LOC,Q665008,Kaltenleutgeben,"```json {""wikipedia_page"": ""Kaltenleutgeben"", ""wikidata_id"": ""Q665008""} ```",21.16407012939453
hidden_test_de_1_sent197,204,213,Laxenburg,NIL,LOC,Q699437,Laxenburg,"```json {""wikipedia_page"":""Laxenburg"", ""wikidata_id"":""Q699437""} ```",23.632728576660156
hidden_test_de_1_sent197,225,232,Mödling,NIL,LOC,Q277965,Mödling,"```json {""wikipedia_page"":""Mödling"", ""wikidata_id"":""Q277965""} ```",22.302831649780273
hidden_test_de_1_sent197,242,248,Böslau,NIL,LOC,Q156828,Bolesławiec,"```json {""wikipedia_page"": ""Bolesławiec"", ""wikidata_id"": ""Q156828""} ```",16.402421951293945
hidden_test_de_1_sent197,280,284,Graz,NIL,LOC,Q13298,Graz,"```json {""wikipedia_page"":""Graz"", ""wikidata_id"":""Q13298""} ```",19.269227981567383
hidden_test_de_1_sent197,317,323,Böslau,NIL,LOC,Q798800,Bad Vöslau,"```json { ""wikipedia_page"": ""Bad Vöslau"", ""wikidata_id"": ""Q798800"" } ```",18.051219940185547
hidden_test_de_1_sent197,324,339,Kaltenleutgeben,NIL,LOC,Q665008,Kaltenleutgeben,"```json {""wikipedia_page"":""Kaltenleutgeben"", ""wikidata_id"":""Q665008""} ```",20.536815643310547
hidden_test_de_1_sent197,341,350,Laxenburg,NIL,LOC,Q699437,Laxenburg,"```json {""wikipedia_page"":""Laxenburg"", ""wikidata_id"":""Q699437""} ```",22.87691307067871
hidden_test_de_1_sent197,394,401,Mödling,NIL,LOC,Q277965,Mödling,"```json {""wikipedia_page"":""Mödling"", ""wikidata_id"":""Q277965""} ```",20.673542022705078
hidden_test_de_1_sent197,446,461,Kaltenleutgeben,NIL,LOC,Q665008,Kaltenleutgeben,"```json {""wikipedia_page"":""Kaltenleutgeben"", ""wikidata_id"":""Q665008""} ```",20.358882904052734
hidden_test_de_1_sent197,463,472,Laxenburg,NIL,LOC,Q699437,Laxenburg,"```json {""wikipedia_page"": ""Laxenburg"", ""wikidata_id"": ""Q699437""} ```",22.408477783203125
hidden_test_de_1_sent197,506,512,Böslau,NIL,LOC,Q798800,Bad Vöslau,"```json { ""wikipedia_page"": ""Bad Vöslau"", ""wikidata_id"": ""Q798800"" } ```",18.304155349731445
hidden_test_de_1_sent197,514,529,Kaltenleutgeben,NIL,LOC,Q665008,Kaltenleutgeben,"```json {""wikipedia_page"":""Kaltenleutgeben"", ""wikidata_id"":""Q665008""} ```",19.642967224121094
hidden_test_de_1_sent197,544,550,Böslau,NIL,LOC,Q798800,Bad Vöslau,"```json {""wikipedia_page"":""Bad Vöslau"", ""wikidata_id"":""Q798800""} ```",15.640681266784668
hidden_test_de_1_sent197,600,607,Mödling,NIL,LOC,Q277965,Mödling,"```json {""wikipedia_page"":""Mödling"", ""wikidata_id"":""Q277965""} ```",17.30052947998047
hidden_test_de_1_sent197,609,624,Kaltenleutgeben,NIL,LOC,Q665008,Kaltenleutgeben,"```json {""wikipedia_page"": ""Kaltenleutgeben"", ""wikidata_id"": ""Q665008""} ```",18.28366470336914
hidden_test_de_1_sent197,626,635,Laxenburg,NIL,LOC,Q699437,Laxenburg,"```json { ""wikipedia_page"": ""Laxenburg"", ""wikidata_id"": ""Q699437"" } ```",20.622018814086914
hidden_test_de_1_sent197,664,673,Payerbach,NIL,LOC,Q676675,Payerbach,"```json {""wikipedia_page"":""Payerbach"", ""wikidata_id"":""Q676675""} ```",15.451144218444824
hidden_test_de_1_sent197,675,690,Kaltenleutgeben,NIL,LOC,Q665008,Kaltenleutgeben,"```json {""wikipedia_page"":""Kaltenleutgeben"", ""wikidata_id"":""Q665008""} ```",17.967655181884766
hidden_test_de_1_sent197,692,701,Laxrnburg,NIL,LOC,Q699437,Laxenburg,"```json {""wikipedia_page"":""Laxenburg"", ""wikidata_id"":""Q699437""} ```",17.571481704711914
hidden_test_de_1_sent197,747,754,Mödling,NIL,LOC,Q277965,Mödling,"``` {""wikipedia_page"":""Mödling"", ""wikidata_id"":""Q277965""} ```",19.800472259521484
hidden_test_de_1_sent197,788,794,Böslau,NIL,LOC,Q798800,Bad Vöslau,"```json {""wikipedia_page"":""Bad Vöslau"", ""wikidata_id"":""Q798800""} ```",18.15008544921875
hidden_test_de_1_sent197,796,811,Kaltenleutgeben,NIL,LOC,Q665008,Kaltenleutgeben,"```json { ""wikipedia_page"": ""Kaltenleutgeben"", ""wikidata_id"": ""Q665008"" } ```",16.859683990478516
hidden_test_de_1_sent197,857,864,Mödling,NIL,LOC,Q277965,Mödling,"```json {""wikipedia_page"":""Mödling"", ""wikidata_id"":""Q277965""} ```",20.399784088134766
hidden_test_de_1_sent197,894,900,Böslau,NIL,LOC,Q156828,Bolesławiec,"```json { ""wikipedia_page"": ""Bolesławiec"", ""wikidata_id"": ""Q156828"" } ```",12.365676879882812
hidden_test_de_1_sent197,946,961,Kaltenleutgeben,NIL,LOC,Q665008,Kaltenleutgeben,"```json { ""wikipedia_page"": ""Kaltenleutgeben"", ""wikidata_id"": ""Q665008"" } ```",14.145405769348145
hidden_test_de_1_sent197,963,972,Laxenburg,NIL,LOC,Q699437,Laxenburg,"```json {""wikipedia_page"":""Laxenburg"", ""wikidata_id"":""Q699437""} ```",17.760114669799805
hidden_test_de_1_sent197,1001,1012,Leobersdorf,NIL,LOC,Q695339,Leobersdorf,"```json {""wikipedia_page"":""Leobersdorf"", ""wikidata_id"":""Q695339""} ```",14.035249710083008
hidden_test_de_1_sent197,1014,1024,Gutenstein,NIL,LOC,Q663658,Gutenstein,"```json {""wikipedia_page"":""Gutenstein"", ""wikidata_id"":""Q663658""} ```",11.755758285522461
hidden_test_de_1_sent197,1026,1034,Hainfeld,NIL,LOC,Q671275,Hainfeld,"```json {""wikipedia_page"": ""Hainfeld"", ""wikidata_id"": ""Q671275""} ```",12.318832397460938
hidden_test_de_1_sent197,1068,1077,Payerbach,NIL,LOC,Q676675,Payerbach,"```json {""wikipedia_page"":""Payerbach"", ""wikidata_id"":""Q676675""} ```",11.80629825592041
hidden_test_de_1_sent197,1079,1094,Kaltenleutgeben,NIL,LOC,Q665008,Kaltenleutgeben,"```json {""wikipedia_page"":""Kaltenleutgeben"", ""wikidata_id"":""Q665008""} ```",14.615208625793457
hidden_test_de_1_sent197,1096,1105,Laxenburg,NIL,LOC,Q699437,Laxenburg,"```json {""wikipedia_page"": ""Laxenburg"", ""wikidata_id"": ""Q699437""} ```",17.882877349853516
hidden_test_de_1_sent197,1107,1117,Gutenstein,NIL,LOC,Q663658,Gutenstein,"```json {""wikipedia_page"": ""Gutenstein"", ""wikidata_id"": ""Q663658""} ```",11.933552742004395
hidden_test_de_1_sent197,1119,1127,Hainfeld,NIL,LOC,Q671275,Hainfeld,"```json {""wikipedia_page"":""Hainfeld"", ""wikidata_id"":""Q671275""} ```",12.288896560668945
hidden_test_de_1_sent197,1156,1163,Mödling,NIL,LOC,Q277965,Mödling,"```json {""wikipedia_page"":""Mödling"", ""wikidata_id"":""Q277965""} ```",16.21088981628418
hidden_test_de_1_sent197,1197,1204,Mödling,NIL,LOC,Q277965,Mödling,"```json { ""wikipedia_page"": ""Mödling"", ""wikidata_id"": ""Q277965"" } ```",18.234203338623047
hidden_test_de_1_sent197,1229,1235,Böslau,NIL,LOC,Q798800,Bad Vöslau,"```json { ""wikipedia_page"": ""Bad Vöslau"", ""wikidata_id"": ""Q798800"" } ```",13.468209266662598
hidden_test_de_1_sent197,1238,1253,Kaltenleutgeben,NIL,LOC,Q665008,Kaltenleutgeben,"```json {""wikipedia_page"":""Kaltenleutgeben"", ""wikidata_id"":""Q665008""} ```",17.150436401367188
hidden_test_de_1_sent197,1255,1264,Laxenburg,NIL,LOC,Q699437,Laxenburg,"```json {""wikipedia_page"": ""Laxenburg"", ""wikidata_id"": ""Q699437""} ```",20.24990463256836
hidden_test_de_1_sent197,1294,1301,Mödling,NIL,LOC,Q277965,Mödling,"```json {""wikipedia_page"":""Mödling"", ""wikidata_id"":""Q277965""} ```",18.204185485839844
hidden_test_de_1_sent197,1303,1318,Kaltenleutgeben,NIL,LOC,Q665008,Kaltenleutgeben,"```json {""wikipedia_page"":""Kaltenleutgeben"", ""wikidata_id"":""Q665008""} ```",17.208715438842773
hidden_test_de_1_sent197,1351,1357,Triest,NIL,LOC,Q546,Triest,"```json {""wikipedia_page"":""Triest"", ""wikidata_id"":""Q546""} ```",23.52787208557129
hidden_test_de_1_sent197,1359,1374,Kaltenleutgeben,NIL,LOC,Q665008,Kaltenleutgeben,"```json { ""wikipedia_page"": ""Kaltenleutgeben"", ""wikidata_id"": ""Q665008"" } ```",17.25425910949707
hidden_test_de_1_sent198,344,348,Wien,NIL,LOC,Q1741,Wien,"```json {""wikipedia_page"":""Wien"", ""wikidata_id"":""Q1741""} ```",24.03516960144043
hidden_test_de_1_sent199,31,35,Wien,NIL,LOC,Q1741,Wien,"```json {""wikipedia_page"": ""Wien"", ""wikidata_id"": ""Q1741""} ```",25.108686447143555
hidden_test_de_1_sent200,49,55,Zsolna,NIL,LOC,Q25797,Žilina,"```json {""wikipedia_page"":""Žilina"", ""wikidata_id"":""Q25797""} ```",18.56675148010254
hidden_test_de_1_sent200,349,355,Zsolna,NIL,LOC,Q25797,Žilina,"```json {""wikipedia_page"":""Žilina"", ""wikidata_id"":""Q25797""} ```",19.188278198242188
hidden_test_de_1_sent201,3,8,Basel,NIL,LOC,Q78,Basel,"```json {""wikipedia_page"":""Basel"", ""wikidata_id"":""Q78""} ```",21.83570098876953
hidden_test_de_1_sent201,82,87,Basel,NIL,LOC,Q78,Basel,"```json { ""wikipedia_page"": ""Basel"", ""wikidata_id"": ""Q78"" } ```",23.73236846923828
hidden_test_de_1_sent201,389,394,Pense,NIL,PER,Q29033015,Bernhard Pensa,"```json { ""wikipedia_page"": ""Bernhard Pensa"", ""wikidata_id"": ""Q29033015"" } ```",12.841806411743164
hidden_test_de_1_sent204,0,6,Neapel,NIL,LOC,Q2634,Neapel,"```json {""wikipedia_page"":""Neapel"", ""wikidata_id"":""Q2634""} ```",24.707910537719727
hidden_test_de_1_sent204,100,106,Neapel,NIL,LOC,Q2634,Neapel,"```json {""wikipedia_page"":""Neapel"", ""wikidata_id"":""Q2634""} ```",23.81682014465332
hidden_test_de_1_sent206,177,187,Petersburg,NIL,LOC,Q656,Sankt Petersburg,"```json {""wikipedia_page"":""Sankt Petersburg"", ""wikidata_id"":""Q656""} ```",23.240652084350586
hidden_test_de_1_sent206,259,266,Rußland,NIL,LOC,Q34266,Russisches Kaiserreich,"```json {""wikipedia_page"":""Russisches Kaiserreich"", ""wikidata_id"":""Q34266""} ```",20.86690330505371
hidden_test_de_1_sent207,258,265,Rußland,NIL,LOC,Q34266,Russisches Kaiserreich,"```json {""wikipedia_page"":""Russisches Kaiserreich"", ""wikidata_id"":""Q34266""} ```",18.267248153686523
hidden_test_de_1_sent207,484,495,Deutschland,NIL,LOC,Q1206012,Deutsches Reich,"```json {""wikipedia_page"":""Deutsches Reich"", ""wikidata_id"":""Q1206012""} ```",16.102970123291016
hidden_test_de_1_sent208,3,10,Rußland,NIL,LOC,Q34266,Russisches Kaiserreich,"```json {""wikipedia_page"": ""Russisches Kaiserreich"", ""wikidata_id"": ""Q34266""} ```",20.11810302734375
hidden_test_de_1_sent215,0,9,G. Arnold,NIL,PER,Q1503580,Georg Arnold-Graboné,"```json {""wikipedia_page"":""Georg Arnold-Graboné"", ""wikidata_id"":""Q1503580""} ```",10.738016128540039
hidden_test_de_1_sent221,58,64,Aussig,NIL,LOC,Q156974,Aussig,"```json {""wikipedia_page"":""Aussig"", ""wikidata_id"":""Q156974""} ```",10.318171501159668
hidden_test_de_1_sent223,14,20,Olmütz,NIL,LOC,Q81137,Olmütz,"```json {""wikipedia_page"":""Olmütz"", ""wikidata_id"":""Q81137""} ```",17.28805160522461
hidden_test_de_1_sent225,14,24,Brünn=Wien,NIL,LOC,Q83017043,Bahnstrecke Wien–Brno,"```json {""wikipedia_page"":""Bahnstrecke Wien–Brno"", ""wikidata_id"":""Q83017043""} ```",10.150665283203125
hidden_test_de_1_sent228,18,24,Aussig,NIL,LOC,Q15437433,Regierungsbezirk Aussig,"```json {""wikipedia_page"":""Regierungsbezirk Aussig"", ""wikidata_id"":""Q15437433""} ```",10.500885963439941
hidden_test_de_1_sent232,3,9,Olmütz,NIL,LOC,Q81137,Olmütz,"```json {""wikipedia_page"":""Olmütz"", ""wikidata_id"":""Q81137""} ```",19.499692916870117
hidden_test_de_1_sent235,9,19,Brünn=Wien,NIL,LOC,Q14960,Brünn,"```json {""wikipedia_page"": ""Brünn"", ""wikidata_id"": ""Q14960""} ```",7.527325630187988
hidden_test_de_1_sent237,37,41,Wien,NIL,LOC,Q1741,Wien,"```json {""wikipedia_page"":""Wien"", ""wikidata_id"":""Q1741""} ```",11.288046836853027
hidden_test_de_1_sent239,22,26,Wien,NIL,LOC,Q1741,Wien,"```json {""wikipedia_page"":""Wien"", ""wikidata_id"":""Q1741""} ```",14.042095184326172
hidden_test_de_1_sent241,31,35,Wien,NIL,LOC,Q1741,Wien,"```json {""wikipedia_page"":""Wien"", ""wikidata_id"":""Q1741""} ```",15.588979721069336
hidden_test_de_1_sent243,21,25,Wien,NIL,LOC,Q1741,Wien,"```json {""wikipedia_page"":""Wien"", ""wikidata_id"":""Q1741""} ```",11.210697174072266
hidden_test_de_1_sent245,20,24,Wien,NIL,LOC,Q1741,Wien,"```json {""wikipedia_page"":""Wien"", ""wikidata_id"":""Q1741""} ```",9.056818008422852
hidden_test_de_1_sent247,43,49,Triest,NIL,LOC,Q546,Triest,"```json {""wikipedia_page"": ""Triest"", ""wikidata_id"": ""Q546""} ```",11.00147533416748
hidden_test_de_1_sent249,23,29,Triest,NIL,LOC,Q546,Triest,"```json {""wikipedia_page"":""Triest"", ""wikidata_id"":""Q546""} ```",16.095195770263672
hidden_test_de_1_sent251,25,31,Triest,NIL,LOC,Q546,Triest,"```json {""wikipedia_page"":""Triest"", ""wikidata_id"":""Q546""} ```",11.258981704711914
hidden_test_de_1_sent254,35,39,Wien,NIL,LOC,Q1741,Wien,"```json {""wikipedia_page"":""Wien"", ""wikidata_id"":""Q1741""} ```",9.706374168395996
hidden_test_de_1_sent256,47,51,Wien,NIL,LOC,Q1741,Wien,"```json {""wikipedia_page"":""Wien"", ""wikidata_id"":""Q1741""} ```",17.204708099365234
hidden_test_de_1_sent258,52,56,Wien,NIL,LOC,Q1741,Wien,"```json {""wikipedia_page"":""Wien"", ""wikidata_id"":""Q1741""} ```",11.669941902160645
hidden_test_de_1_sent260,69,73,Wien,NIL,LOC,Q1741,Wien,"```json {""wikipedia_page"":""Wien"", ""wikidata_id"":""Q1741""} ```",13.195379257202148
hidden_test_de_1_sent262,50,56,Triest,NIL,LOC,Q546,Triest,"```json {""wikipedia_page"": ""Triest"", ""wikidata_id"": ""Q546""} ```",22.108280181884766
hidden_test_de_1_sent264,38,42,Wien,NIL,LOC,Q1741,Wien,"```json {""wikipedia_page"":""Wien"", ""wikidata_id"":""Q1741""} ```",13.006321907043457
hidden_test_de_1_sent266,51,55,Wien,NIL,LOC,Q1741,Wien,"```json {""wikipedia_page"":""Wien"", ""wikidata_id"":""Q1741""} ```",14.357688903808594
hidden_test_de_1_sent268,64,68,Wien,NIL,LOC,Q1741,Wien,"```json {""wikipedia_page"": ""Wien"", ""wikidata_id"": ""Q1741""} ```",22.575855255126953
hidden_test_de_1_sent270,49,53,Wien,NIL,LOC,Q1741,Wien,"```json {""wikipedia_page"":""Wien"", ""wikidata_id"":""Q1741""} ```",13.683082580566406
hidden_test_de_1_sent272,37,41,Wien,NIL,LOC,Q1741,Wien,"```json {""wikipedia_page"": ""Wien"", ""wikidata_id"": ""Q1741""} ```",13.363992691040039
hidden_test_de_1_sent273,52,56,Wien,NIL,LOC,Q1741,Wien,"```json { ""wikipedia_page"": ""Wien"", ""wikidata_id"": ""Q1741"" } ```",23.5195255279541
hidden_test_de_1_sent275,36,40,Wien,NIL,LOC,Q1741,Wien,"```json {""wikipedia_page"":""Wien"", ""wikidata_id"":""Q1741""} ```",14.473271369934082
hidden_test_de_1_sent277,41,45,Wien,NIL,LOC,Q1741,Wien,"```json {""wikipedia_page"":""Wien"", ""wikidata_id"":""Q1741""} ```",13.67625904083252
hidden_test_de_1_sent279,37,41,Wien,NIL,LOC,Q1741,Wien,"```json { ""wikipedia_page"": ""Wien"", ""wikidata_id"": ""Q1741"" } ```",17.29375648498535
hidden_test_de_1_sent281,34,38,Wien,NIL,LOC,Q1741,Wien,"```json {""wikipedia_page"":""Wien"", ""wikidata_id"":""Q1741""} ```",14.863654136657715
hidden_test_de_1_sent283,50,54,Wien,NIL,LOC,Q1741,Wien,"```json {""wikipedia_page"":""Wien"", ""wikidata_id"":""Q1741""} ```",15.502100944519043
hidden_test_de_1_sent285,36,40,Wien,NIL,LOC,Q1741,Wien,"```json {""wikipedia_page"":""Wien"", ""wikidata_id"":""Q1741""} ```",13.917428016662598
hidden_test_de_1_sent287,32,36,Wien,NIL,LOC,Q1741,Wien,"```json {""wikipedia_page"": ""Wien"", ""wikidata_id"": ""Q1741""} ```",17.213809967041016
hidden_test_de_1_sent289,42,46,Wien,NIL,LOC,Q1741,Wien,"```json {""wikipedia_page"":""Wien"", ""wikidata_id"":""Q1741""} ```",11.202685356140137
hidden_test_de_1_sent291,53,57,Wien,NIL,LOC,Q1741,Wien,"```json {""wikipedia_page"":""Wien"", ""wikidata_id"":""Q1741""} ```",6.499951362609863
hidden_test_de_1_sent293,99,103,Wien,NIL,LOC,Q1741,Wien,"```json {""wikipedia_page"": ""Wien"", ""wikidata_id"": ""Q1741""} ```",19.179269790649414
hidden_test_de_1_sent295,57,61,Wien,NIL,LOC,Q1741,Wien,"```json {""wikipedia_page"":""Wien"", ""wikidata_id"":""Q1741""} ```",22.521194458007812
hidden_test_de_1_sent297,54,58,Wien,NIL,LOC,Q1741,Wien,"```json {""wikipedia_page"":""Wien"", ""wikidata_id"":""Q1741""} ```",12.666632652282715
hidden_test_de_1_sent322,41,47,Triest,NIL,LOC,Q546,Triest,"```json {""wikipedia_page"":""Triest"", ""wikidata_id"":""Q546""} ```",19.190645217895508
hidden_test_de_1_sent343,32,38,Triest,NIL,LOC,Q546,Triest,"```json {""wikipedia_page"": ""Triest"", ""wikidata_id"": ""Q546""} ```",14.102089881896973
hidden_test_de_1_sent462,41,45,Wien,NIL,LOC,Q1741,Wien,"```json {""wikipedia_page"": ""Wien"", ""wikidata_id"": ""Q1741""} ```",23.548723220825195
hidden_test_de_2_sent1,0,12,Weiskirchner,Q2150882,PER,Q15843667,SV Weiskirchen,"```json {""wikipedia_page"":""SV Weiskirchen"", ""wikidata_id"":""Q15843667""} ```",10.148996353149414
hidden_test_de_2_sent1,18,26,Bilinski,Q688332,PER,NIL,Bilinski,"```json { ""wikipedia_page"": ""NIL"", ""wikidata_id"": ""NIL"" } ```",0
hidden_test_de_2_sent1,32,40,"Stürgkh,",Q78537,PER,NIL,"Stürgkh,","```json {""wikipedia_page"":"""",""wikidata_id"":""NIL""} ```",0
hidden_test_de_2_sent2,503,515,Oester¬reich,Q533534,LOC,Q131964,Kaisertum Österreich,"```json { ""wikipedia_page"": ""Kaisertum Österreich"", ""wikidata_id"": ""Q131964"" } ```",18.36536407470703
hidden_test_de_2_sent2,1563,1571,Haerdtls,NIL,PER,Q12018502,Guido von Haerdtl,"```json {""wikipedia_page"":""Guido von Haerdtl"", ""wikidata_id"":""Q12018502""} ```",16.484214782714844
hidden_test_de_2_sent2,2307,2318,Oesterreich,Q533534,LOC,Q28513,Österreich-Ungarn,"```json {""wikipedia_page"":""Österreich-Ungarn"", ""wikidata_id"":""Q28513""} ```",19.088830947875977
hidden_test_de_2_sent3,66,75,Dänemarks,Q35,LOC,Q2135333,Recht Dänemarks,"```json {""wikipedia_page"": ""Recht Dänemarks"", ""wikidata_id"":""Q2135333""} ```",13.531816482543945
hidden_test_de_2_sent3,80,91,Frankreichs,Q70802,LOC,Q1138599,Kassationshof,"```json {""wikipedia_page"":""Kassationshof"", ""wikidata_id"":""Q1138599""} ```",8.396016120910645
hidden_test_de_2_sent3,235,248,Grafen Fersen,NIL,PER,Q1342895,Jacques d’Adelswärd-Fersen,"```json {""wikipedia_page"":""Jacques d’Adelswärd-Fersen"", ""wikidata_id"":""Q1342895""} ```",15.126816749572754
hidden_test_de_2_sent3,256,272,Avenue Friedland,NIL,LOC,Q2873916,Avenue de Friedland,"```json { ""wikipedia_page"": ""Avenue de Friedland"", ""wikidata_id"": ""Q2873916"" } ```",20.78434181213379
hidden_test_de_2_sent3,1660,1680,GrafAdelswärd=Fersen,NIL,PER,Q1342895,Jacques d’Adelswärd-Fersen,"```json {""wikipedia_page"":""Jacques d’Adelswärd-Fersen"", ""wikidata_id"":""Q1342895""} ```",20.325468063354492
hidden_test_de_2_sent3,1796,1800,Gott,Q178885,PER,Q190,Gott,"```json {""wikipedia_page"":""Gott"", ""wikidata_id"":""Q190""} ```",17.643653869628906
hidden_test_de_2_sent3,1910,1918,Himmels.,Q5694585,LOC,Q527,Himmel,"```json {""wikipedia_page"":""Himmel"", ""wikidata_id"":""Q527""} ```",11.002544403076172
hidden_test_de_2_sent126,7,12,"Wien,",Q1741,LOC,Q1149230,,"```json {""wikipedia_page"":""Samstag-Arbeiter-Zeitung"", ""wikidata_id"":""Q1149230""} ```",8.916637420654297
hidden_test_de_2_sent126,20,36,Arbeiter-Zeitung,Q627083,PROD,NIL,Arbeiter-Zeitung,"```json {""wikipedia_page"":""NIL"", ""wikidata_id"":""NIL""} ```",0
hidden_test_de_2_sent133,31,39,Pafitsch,Q313843,PER,Q1186293,Pálfiszeg,"```json {""wikipedia_page"":""Pálfiszeg"", ""wikidata_id"":""Q1186293""} ```",7.919935703277588
hidden_test_de_2_sent134,147,156,Protitsch,NIL,PER,Q934196,Stojan Protić,"```json {""wikipedia_page"": ""Stojan Protić"", ""wikidata_id"": ""Q934196""} ```",26.552200317382812
hidden_test_de_2_sent134,161,174,Prodanowitsch,NIL,PER,Q12273522,Boschin Prodanow,"```json { ""wikipedia_page"": ""Boschin Prodanow"", ""wikidata_id"": ""Q12273522"" } ```",23.153493881225586
hidden_test_de_2_sent134,424,435,Skuptschina,NIL,ORG,Q25392289,Skupština,"```json {""wikipedia_page"": ""Skupština"", ""wikidata_id"": ""Q25392289""} ```",23.96921157836914
hidden_test_de_2_sent137,0,7,Tirnowo,Q173474,LOC,NIL,Tirnowo,"```json { ""wikipedia_page"": ""NIL"", ""wikidata_id"": ""NIL"" } ```",0
hidden_test_de_2_sent137,19,68,Ministerpräsident und Minister desAeußern Geschow,Q523393,PER,Q3099723,Ministerpräsident,"```json {""wikipedia_page"": ""Ministerpräsident"", ""wikidata_id"": ""Q3099723""} ```",9.2452392578125
hidden_test_de_2_sent138,29,36,Europas,Q46,LOC,Q7787,Geschichte Europas,"```json {""wikipedia_page"":""Geschichte Europas"", ""wikidata_id"":""Q7787""} ```",17.40134620666504
hidden_test_de_2_sent139,0,29,Minister des Innern Ludskanow,NIL,PER,Q12271511,Aleksandar Ljudskanow,"```json { ""wikipedia_page"": ""Aleksandar Ljudskanow"", ""wikidata_id"": ""Q12271511"" } ```",12.412931442260742
hidden_test_de_2_sent143,77,88,Calle Mayor,Q1149052,LOC,Q5740617,,"```json {""wikipedia_page"":""Calle Mayor"",""wikidata_id"":""Q5740617""} ```",25.430194854736328
hidden_test_de_2_sent149,60,71,Wilson Line,NIL,ORG,Q15057747,Thomas Wilson Sons & Co.,"```json {""wikipedia_page"":""Thomas Wilson Sons & Co."", ""wikidata_id"":""Q15057747""} ```",17.76116180419922
hidden_test_de_2_sent151,0,8,New=York,Q1384,LOC,Q60,New York City,"```json {""wikipedia_page"":""New York City"", ""wikidata_id"":""Q60""} ```",30.17414665222168
hidden_test_de_2_sent153,24,43,Rudolf von Habsburg,Q76956,PER,Q152923,Rudolf von Österreich-Ungarn,"```json {""wikipedia_page"":""Rudolf von Österreich-Ungarn"", ""wikidata_id"":""Q152923""} ```",20.99960708618164
hidden_test_de_2_sent153,341,361,Rudolfs von Habsburg,Q76956,PER,Q152923,Rudolf von Österreich-Ungarn,"```json {""wikipedia_page"":""Rudolf von Österreich-Ungarn"", ""wikidata_id"":""Q152923""} ```",26.383169174194336
hidden_test_de_2_sent153,745,765,Rudolf von Habs¬burg,Q76956,PER,Q152923,Rudolf von Österreich-Ungarn,"```json {""wikipedia_page"":""Rudolf von Österreich-Ungarn"", ""wikidata_id"":""Q152923""} ```",24.431045532226562
hidden_test_de_2_sent156,259,286,Rudolf von Habsburg=Denkmal,Q76956,PER,Q152923,Rudolf von Österreich-Ungarn,"```json {""wikipedia_page"":""Rudolf von Österreich-Ungarn"", ""wikidata_id"":""Q152923""} ```",21.53131866455078
hidden_test_de_2_sent164,48,70,V. Wienstrasse Nr. 89A,NIL,LOC,Q1653842,Wiener Straße,"```json {""wikipedia_page"":""Wiener Straße"", ""wikidata_id"":""Q1653842""} ```",15.878493309020996
hidden_test_de_2_sent164,71,87,Arbeiter=Zeitung,Q627083,PROD,NIL,Arbeiter=Zeitung,"```json {""wikipedia_page"":"""",""wikidata_id"":""NIL""} ```",0
hidden_test_de_2_sent166,26,44,880900900919116255,NIL,LOC,Q17578767,Neues 8-Uhr-Blatt,"```json {""wikipedia_page"": ""Neues 8-Uhr-Blatt"", ""wikidata_id"": ""Q17578767""} ```",4.41837215423584
hidden_test_de_2_sent166,101,121,Arbeiterzeitung Wien,Q1741,LOC,Q627083,Arbeiter-Zeitung,"```json {""wikipedia_page"":""Arbeiter-Zeitung"", ""wikidata_id"":""Q627083""} ```",22.71623992919922
hidden_test_de_2_sent170,25,33,E. Braun,NIL,PER,Q1273462,E. Braun & Co.,"```json {""wikipedia_page"":""E. Braun & Co."", ""wikidata_id"":""Q1273462""} ```",27.1563777923584
hidden_test_de_2_sent170,58,78,Haa'eustein & Vogler,NIL,ORG,Q56322697,Haasenstein & Vogler,"```json {""wikipedia_page"":""Haasenstein & Vogler"", ""wikidata_id"":""Q56322697""} ```",22.317243576049805
hidden_test_de_2_sent170,80,88,R. Mosse,NIL,PER,Q71476,Rudolf Mosse,"```json {""wikipedia_page"": ""Rudolf Mosse"", ""wikidata_id"": ""Q71476""} ```",25.15029525756836
hidden_test_de_2_sent172,34,50,Sozialdemokratie,Q121254,ORG,Q179111,Sozialdemokratische Partei Österreichs,"```json { ""wikipedia_page"": ""Sozialdemokratische Partei Österreichs"", ""wikidata_id"": ""Q179111"" } ```",29.982135772705078
hidden_test_de_2_sent173,91,96,Wien:,Q1741,LOC,Q697173,Wiener Zeitung,"```json {""wikipedia_page"": ""Wiener Zeitung"", ""wikidata_id"": ""Q697173""} ```",13.4599027633667
hidden_test_de_2_sent185,0,12,Deutschland:,Q43287,LOC,Q183,Deutschland,"```json {""wikipedia_page"": ""Deutschland"", ""wikidata_id"": ""Q183""} ```",12.976785659790039
hidden_test_de_2_sent187,21,35,Weltpostverein,Q17495,ORG,Q97721416,Weltpost,"```json {""wikipedia_page"": ""Weltpost"", ""wikidata_id"": ""Q97721416""} ```",6.52768611907959
hidden_test_de_2_sent189,52,71,V. Wien¬straße 89 A,NIL,LOC,Q1653842,Wiener Straße,"```json {""wikipedia_page"":""Wiener Straße"", ""wikidata_id"":""Q1653842""} ```",16.773164749145508
hidden_test_de_2_sent189,128,147,II. Bereinsgasse 20,NIL,LOC,Q23900448,Freisingergasse,"```json { ""wikipedia_page"": ""Freisingergasse"", ""wikidata_id"": ""Q23900448"" } ```",17.51382827758789
hidden_test_de_2_sent189,158,163,16255,NIL,LOC,Q876044,Telefonvorwahl,"```json {""wikipedia_page"": ""Telefonvorwahl"", ""wikidata_id"": ""Q876044""} ```",6.342837333679199
hidden_test_de_2_sent189,164,181,X. Wielandplatz 5,Q2568689,LOC,Q61861578,Parkanlage Wielandplatz,"```json {""wikipedia_page"": ""Wielandplatz"", ""wikidata_id"": ""Q61861578""} ```",19.544204711914062
hidden_test_de_2_sent189,197,221,XIV. Schweglerstr. 11/13,NIL,LOC,Q2465760,Schweglerstraße,"```json {""wikipedia_page"":""Schweglerstraße"", ""wikidata_id"":""Q2465760""} ```",15.346088409423828
hidden_test_de_2_sent189,265,268,317,NIL,LOC,Q876044,Telefonvorwahl,"```json {""wikipedia_page"":""Telefonvorwahl"", ""wikidata_id"":""Q876044""} ```",7.376293659210205
hidden_test_de_2_sent189,300,305,22421,NIL,LOC,Q214995,Rufnummer,"```json {""wikipedia_page"": ""Rufnummer"", ""wikidata_id"": ""Q214995""} ```",5.991203784942627
hidden_test_de_2_sent197,762,770,Bienerth,Q79052,PER,Q25081767,Clemens Biener,"```json { ""wikipedia_page"": ""Clemens Biener"", ""wikidata_id"": ""Q25081767"" } ```",11.474540710449219
hidden_test_de_2_sent198,919,925,Ungarn,Q171150,LOC,Q28513,Österreich-Ungarn,"```json { ""wikipedia_page"": ""Österreich-Ungarn"", ""wikidata_id"": ""Q28513"" } ```",16.38652801513672
hidden_test_de_2_sent198,1090,1106,Herr Steinwender,Q1680904,PER,Q18224247,Hans Steinwender,"```json {""wikipedia_page"":""Hans Steinwender"", ""wikidata_id"":""Q18224247""} ```",21.058917999267578
hidden_test_de_2_sent198,1150,1170,Handelsminister Pino,Q1403730,PER,Q4115952,Handelsminister,"```json {""wikipedia_page"": ""Handelsminister"", ""wikidata_id"": ""Q4115952""} ```",11.866485595703125
hidden_test_de_2_sent202,27,42,Madame de Staël,Q123041,PER,NIL,Madame de Staël,"```json {""wikipedia_page"":""NIL"", ""wikidata_id"":""NIL""} ```",0
hidden_test_de_2_sent205,607,613,Gottes,Q825,PER,Q35230,Satan,"```json {""wikipedia_page"":""Satan"", ""wikidata_id"":""Q35230""} ```",13.119604110717773
hidden_test_de_2_sent205,2383,2388,Marek,NIL,PER,Q12028688,Karl Marek,"```json {""wikipedia_page"":""Karl Marek"", ""wikidata_id"":""Q12028688""} ```",13.483643531799316
hidden_test_de_2_sent205,2631,2647,Herrn v. Haerdtl,NIL,PER,Q12018502,Guido von Haerdtl,"```json { ""wikipedia_page"": ""Guido von Haerdtl"", ""wikidata_id"": ""Q12018502"" } ```",13.242809295654297
hidden_test_de_2_sent206,132,186,Zentralverein zur Beköstigungarmer Schulkinder in Wien,NIL,ORG,Q18628160,Kinder in Wien,"```json { ""wikipedia_page"":""Kinder in Wien"", ""wikidata_id"":""Q18628160"" } ```",18.939401626586914
hidden_test_de_2_sent207,17,34,Volksküchenverein,NIL,ORG,Q19963901,Verein für Kindervolksküchen und Volkskinderhorte,"```json { ""wikipedia_page"": ""Verein für Kindervolksküchen und Volkskinderhorte"", ""wikidata_id"": ""Q19963901"" } ```",19.10332679748535
hidden_test_de_2_sent208,239,256,Volksküchenverein,NIL,ORG,Q19963901,Verein für Kindervolksküchen und Volkskinderhorte,"```json {""wikipedia_page"":""Verein für Kindervolksküchen und Volkskinderhorte"", ""wikidata_id"":""Q19963901""} ```",21.555082321166992
hidden_test_de_2_sent208,324,342,Beköstigungsverein,NIL,ORG,Q2142654,Suppenküche,"```json {""wikipedia_page"":""Suppenküche"", ""wikidata_id"":""Q2142654""} ```",16.28074836730957
hidden_test_de_2_sent208,490,499,Favoriten,Q1398933,LOC,Q697548,Favoriten,"```json {""wikipedia_page"": ""Favoriten"", ""wikidata_id"": ""Q697548""} ```",20.290536880493164
hidden_test_de_2_sent209,96,113,Volksküchenverein,NIL,ORG,Q2142654,Suppenküche,"```json {""wikipedia_page"":""Suppenküche"", ""wikidata_id"":""Q2142654""} ```",16.504152297973633
hidden_test_de_2_sent211,14,31,Volksküchenverein,NIL,ORG,Q19963901,Verein für Kindervolksküchen und Volkskinderhorte,"```json {""wikipedia_page"":""Verein für Kindervolksküchen und Volkskinderhorte"", ""wikidata_id"":""Q19963901""} ```",16.76506233215332
hidden_test_de_2_sent211,179,197,Beköstigungsverein,NIL,ORG,Q988108,Verein,"```json {""wikipedia_page"":""Verein"", ""wikidata_id"":""Q988108""} ```",11.790105819702148
hidden_test_de_2_sent211,709,723,Direktor Salis,NIL,PER,Q962412,Rodolphe Salis,"```json {""wikipedia_page"":""Rodolphe Salis"", ""wikidata_id"":""Q962412""} ```",14.93598461151123
hidden_test_de_2_sent211,771,785,Maler Willette,NIL,PER,Q365874,Adolphe Willette,"```json {""wikipedia_page"": ""Adolphe Willette"", ""wikidata_id"": ""Q365874""} ```",13.691944122314453
hidden_test_de_2_sent211,862,868,Conyba,NIL,PER,Q1750410,Maurice Couyba,"```json {""wikipedia_page"":""Maurice Couyba"", ""wikidata_id"":""Q1750410""} ```",20.588787078857422
hidden_test_de_2_sent212,7,17,Kahlenberg,Q697119,LOC,Q15822432,Kahlenbergbahn,"```json {""wikipedia_page"":""Kahlenbergbahn"", ""wikidata_id"":""Q15822432""} ```",13.004018783569336
hidden_test_de_2_sent212,65,75,Kahlenberg,Q697119,LOC,Q15822432,Kahlenbergbahn,"```json {""wikipedia_page"":""Kahlenbergbahn"", ""wikidata_id"":""Q15822432""} ```",13.26091480255127
hidden_test_de_2_sent212,155,165,Kahlenberg,Q697119,LOC,Q15822432,Kahlenbergbahn,"```json {""wikipedia_page"":""Kahlenbergbahn"", ""wikidata_id"":""Q15822432""} ```",13.825178146362305
hidden_test_de_2_sent213,398,408,Kahlenberg,Q697119,LOC,Q177400,Kahlenbergbahn,"```json { ""wikipedia_page"": ""Kahlenbergbahn"", ""wikidata_id"": ""Q177400"" } ```",14.929985046386719
hidden_test_de_2_sent213,1165,1175,Kahlenberg,Q697119,LOC,Q1241496,Kahlenberg,"```json { ""wikipedia_page"":""Kahlenberg"", ""wikidata_id"":""Q1241496"" } ```",12.835855484008789
hidden_test_de_2_sent214,425,436,Dr. Clerget,NIL,PER,Q101208575,Pierre Clerget,"```json {""wikipedia_page"":""Pierre Clerget"", ""wikidata_id"":""Q101208575""} ```",17.56060218811035
hidden_test_de_2_sent214,945,953,Finnland,Q33,LOC,Q62633,Großfürstentum Finnland,"```json {""wikipedia_page"":""Großfürstentum Finnland"", ""wikidata_id"":""Q62633""} ```",17.77881622314453
hidden_test_de_2_sent214,1054,1061,Bosnien,Q188736,LOC,Q225,Bosnien und Herzegowina,"```json { ""wikipedia_page"": ""Bosnien und Herzegowina"", ""wikidata_id"": ""Q225"" } ```",22.447126388549805
hidden_test_de_2_sent214,1209,1220,Deutschland,Q43287,LOC,Q183,Deutschland,"```json {""wikipedia_page"":""Deutschland"", ""wikidata_id"":""Q183""} ```",23.083662033081055
hidden_test_de_2_sent215,105,116,Oesterreich,Q533534,LOC,Q28513,Österreich-Ungarn,"```json { ""wikipedia_page"": ""Österreich-Ungarn"", ""wikidata_id"": ""Q28513"" } ```",22.257585525512695
hidden_test_de_2_sent215,196,212,Deutschen Reiche,Q43287,LOC,Q1206012,Deutsches Reich,"```json {""wikipedia_page"":""Deutsches Reich"", ""wikidata_id"":""Q1206012""} ```",24.42160415649414
hidden_test_de_2_sent215,233,243,Frankreich,Q70802,LOC,Q142,Frankreich,"```json {""wikipedia_page"":""Frankreich"", ""wikidata_id"":""Q142""} ```",25.613460540771484
hidden_test_de_2_sent215,1063,1096,Rothschildschen Nervenheilanstalt,NIL,ORG,Q1715258,Nathaniel Freiherr von Rothschild’sche Stiftung für Nervenkranke – Neurologisches Zentrum der Stadt Wien – Rosenhügel,"```json {""wikipedia_page"":""Nathaniel Freiherr von Rothschild’sche Stiftung für Nervenkranke – Neurologisches Zentrum der Stadt Wien – Rosenhügel"", ""wikidata_id"":""Q1715258""} ```",20.26991844177246
hidden_test_de_2_sent215,1212,1223,Heilanstalt,NIL,ORG,Q210999,Psychiatrische Klinik,"```json {""wikipedia_page"":""Psychiatrische Klinik"", ""wikidata_id"":""Q210999""} ```",18.68012046813965
hidden_test_de_2_sent215,1294,1302,Hofzeile,Q65238254,LOC,Q113255530,Hofzeile,"```json {""wikipedia_page"": ""Hofzeile"", ""wikidata_id"": ""Q113255530""} ```",23.885534286499023
hidden_test_de_2_sent215,1311,1322,Pyrkergasse,NIL,LOC,Q1768415,Pyhrnpass Straße,"```json {""wikipedia_page"": ""Pyhrnpass Straße"", ""wikidata_id"": ""Q1768415""} ```",18.77508544921875
hidden_test_de_2_sent215,1348,1396,Kuratorium der Rothschildschen Millionenstiftung,NIL,ORG,Q1651129,Kuratorium,"```json {""wikipedia_page"":""Kuratorium"", ""wikidata_id"":""Q1651129""} ```",15.11588191986084
hidden_test_de_2_sent215,1493,1504,Kuratoriums,NIL,ORG,Q1651129,Kuratorium,"```json {""wikipedia_page"": ""Kuratorium"", ""wikidata_id"": ""Q1651129""} ```",14.04827880859375
hidden_test_de_2_sent215,1592,1603,Heilanstalt,NIL,ORG,Q46124,Sanatorium,"```json {""wikipedia_page"": ""Sanatorium"", ""wikidata_id"": ""Q46124""} ```",17.650196075439453
hidden_test_de_2_sent215,2075,2083,Hofzeile,Q65238254,LOC,Q113255530,Hofzeile,"```json { ""wikipedia_page"": ""Hofzeile"", ""wikidata_id"": ""Q113255530"" } ```",12.719062805175781
hidden_test_de_2_sent244,195,211,Jakob Rothberger,NIL,PER,Q2549156,Warenhaus Rothberger,"```json {""wikipedia_page"":""Warenhaus Rothberger"", ""wikidata_id"":""Q2549156""} ```",21.607738494873047
hidden_test_de_2_sent251,39,43,Wien,NIL,LOC,Q1741,Wien,"```json {""wikipedia_page"":""Wien"", ""wikidata_id"":""Q1741""} ```",29.82649803161621
hidden_test_de_2_sent253,65,72,H. Palm,NIL,PER,Q19513872,Wilhelm Palm,"```json {""wikipedia_page"":""Wilhelm Palm"", ""wikidata_id"":""Q19513872""} ```",15.915263175964355
hidden_test_de_2_sent254,39,43,WIEN,NIL,LOC,Q1741,Wien,"```json {""wikipedia_page"":""Wien"", ""wikidata_id"":""Q1741""} ```",15.218530654907227
hidden_test_de_2_sent269,12,16,Wien,NIL,LOC,Q1741,Wien,"```json {""wikipedia_page"":""Wien"", ""wikidata_id"":""Q1741""} ```",18.514728546142578
hidden_test_de_2_sent271,2,11,Payerbach,NIL,LOC,Q676675,Payerbach,"```json {""wikipedia_page"":""Payerbach"", ""wikidata_id"":""Q676675""} ```",17.165586471557617
hidden_test_de_2_sent271,13,20,Kanizsa,NIL,LOC,Q14424,Nagykanizsa,"```json {""wikipedia_page"":""Nagykanizsa"", ""wikidata_id"":""Q14424""} ```",16.31976890563965
hidden_test_de_2_sent271,21,29,Budapest,NIL,LOC,Q1781,Budapest,"```json {""wikipedia_page"":""Budapest"", ""wikidata_id"":""Q1781""} ```",16.98447036743164
hidden_test_de_2_sent271,31,35,Güns,NIL,LOC,Q279823,Güssing,"```json {""wikipedia_page"":""Güssing"", ""wikidata_id"":""Q279823""} ```",10.69057846069336
hidden_test_de_2_sent271,75,88,Pakrácz=Lipik,NIL,LOC,Q398115,Pakrac,"```json { ""wikipedia_page"": ""Pakrac"", ""wikidata_id"": ""Q398115"" } ```",13.837809562683105
hidden_test_de_2_sent271,89,95,Essegg,NIL,LOC,Q55375290,Ebersegg,"```json {""wikipedia_page"":""Ebersegg"", ""wikidata_id"":""Q55375290""} ```",12.282968521118164
hidden_test_de_2_sent271,97,105,Sarajevo,NIL,LOC,Q11194,Sarajevo,"```json {""wikipedia_page"":""Sarajevo"", ""wikidata_id"":""Q11194""} ```",15.850739479064941
hidden_test_de_2_sent271,107,112,Agram,NIL,LOC,Q1435,Zagreb,"```json {""wikipedia_page"":""Zagreb"", ""wikidata_id"":""Q1435""} ```",14.190096855163574
hidden_test_de_2_sent271,114,120,Aspang,NIL,LOC,Q683242,Aspang-Markt,"```json {""wikipedia_page"":""Aspang-Markt"", ""wikidata_id"":""Q683242""} ```",15.69129467010498
hidden_test_de_2_sent274,2,8,Leoben,NIL,LOC,Q485294,Leoben,"```json {""wikipedia_page"":""Leoben"", ""wikidata_id"":""Q485294""} ```",21.931703567504883
hidden_test_de_2_sent274,10,22,Vordern¬berg,NIL,LOC,Q38981,Vorarlberg,"```json {""wikipedia_page"": ""Vorarlberg"", ""wikidata_id"": ""Q38981""} ```",12.765678405761719
hidden_test_de_2_sent274,24,31,Venedig,NIL,LOC,Q641,Venedig,"```json {""wikipedia_page"":""Venedig"", ""wikidata_id"":""Q641""} ```",18.2791748046875
hidden_test_de_2_sent274,37,45,Pontafel,NIL,LOC,Q53309,Pontebba,"```json { ""wikipedia_page"": ""Pontebba"", ""wikidata_id"": ""Q53309"" } ```",15.954967498779297
hidden_test_de_2_sent274,48,55,Kanizsa,NIL,LOC,Q14424,Nagykanizsa,"```json {""wikipedia_page"":""Nagykanizsa"", ""wikidata_id"":""Q14424""} ```",16.22197723388672
hidden_test_de_2_sent274,64,71,Sarjevo,NIL,LOC,Q11194,Sarajevo,"```json {""wikipedia_page"":""Sarajevo"", ""wikidata_id"":""Q11194""} ```",18.56981658935547
hidden_test_de_2_sent274,73,86,Pakrácz=Lipik,NIL,LOC,Q398115,Pakrac,"```json {""wikipedia_page"":""Pakrac"", ""wikidata_id"":""Q398115""} ```",15.510523796081543
hidden_test_de_2_sent274,87,92,Agram,NIL,LOC,Q1435,Zagreb,"```json {""wikipedia_page"":""Zagreb"", ""wikidata_id"":""Q1435""} ```",14.283074378967285
hidden_test_de_2_sent274,94,101,Neuberg,NIL,LOC,Q695342,Neuberg an der Mürz,"```json {""wikipedia_page"":""Neuberg an der Mürz"", ""wikidata_id"":""Q695342""} ```",13.712474822998047
hidden_test_de_2_sent274,103,109,Aslenz,NIL,LOC,Q551751,Alsenz,"```json {""wikipedia_page"":""Alsenz"", ""wikidata_id"":""Q551751""} ```",15.899986267089844
hidden_test_de_2_sent277,2,8,Triest,NIL,LOC,Q546,Triest,"```json {""wikipedia_page"":""Triest"", ""wikidata_id"":""Q546""} ```",27.949615478515625
hidden_test_de_2_sent277,10,14,Görz,NIL,LOC,Q6596,Gorizia,"```json { ""wikipedia_page"": ""Gorizia"", ""wikidata_id"": ""Q6596"" } ```",23.341672897338867
hidden_test_de_2_sent277,16,21,Fiume,NIL,LOC,Q1647,Rijeka,"```json { ""wikipedia_page"": ""Rijeka"", ""wikidata_id"": ""Q1647"" } ```",21.896984100341797
hidden_test_de_2_sent277,22,26,Pola,NIL,LOC,Q4656,Pula,"```json { ""wikipedia_page"": ""Pula"", ""wikidata_id"": ""Q4656"" } ```",19.74738311767578
hidden_test_de_2_sent277,28,35,Rovigno,NIL,LOC,Q5316,Rovinj,"```json {""wikipedia_page"":""Rovinj"", ""wikidata_id"":""Q5316""} ```",24.595645904541016
hidden_test_de_2_sent277,37,43,Sissek,NIL,LOC,Q192119,Sisak,"```json {""wikipedia_page"":""Sisak"", ""wikidata_id"":""Q192119""} ```",20.570281982421875
hidden_test_de_2_sent277,49,60,Stein¬brück,NIL,LOC,Q16294819,Steinebrück,"```json {""wikipedia_page"":""Steinebrück"", ""wikidata_id"":""Q16294819""} ```",16.521814346313477
hidden_test_de_2_sent277,63,71,Gonobitz,NIL,LOC,Q853751,Bezirk Gonobitz,"```json {""wikipedia_page"":""Bezirk Gonobitz"", ""wikidata_id"":""Q853751""} ```",21.257652282714844
hidden_test_de_2_sent277,73,83,Klagenfurt,NIL,LOC,Q41753,Klagenfurt am Wörthersee,"```json {""wikipedia_page"":""Klagenfurt am Wörthersee"", ""wikidata_id"":""Q41753""} ```",25.680953979492188
hidden_test_de_2_sent277,85,92,Villach,NIL,LOC,Q483522,Villach,"```json {""wikipedia_page"":""Villach"", ""wikidata_id"":""Q483522""} ```",25.259925842285156
hidden_test_de_2_sent277,93,98,Bozen,NIL,LOC,Q6526,Bozen,"```json {""wikipedia_page"":""Bozen"", ""wikidata_id"":""Q6526""} ```",22.990436553955078
hidden_test_de_2_sent277,100,105,Meran,NIL,LOC,Q131605,Meran,"```json {""wikipedia_page"":""Meran"", ""wikidata_id"":""Q131605""} ```",27.300859451293945
hidden_test_de_2_sent277,107,111,Arco,NIL,LOC,Q138473,Arco,"```json {""wikipedia_page"":""Arco"", ""wikidata_id"":""Q138473""} ```",21.66495704650879
hidden_test_de_2_sent277,113,122,Innsbruck,NIL,LOC,Q1735,Innsbruck,"```json {""wikipedia_page"":""Innsbruck"", ""wikidata_id"":""Q1735""} ```",23.068317413330078
hidden_test_de_2_sent277,127,134,Marburg,NIL,LOC,Q3869,Marburg,"```json { ""wikipedia_page"": ""Marburg"", ""wikidata_id"": ""Q3869"" } ```",23.749475479125977
hidden_test_de_2_sent277,137,146,Wolfsberg,NIL,LOC,Q487527,Wolfsberg,"```json { ""wikipedia_page"": ""Wolfsberg"", ""wikidata_id"": ""Q487527"" } ```",25.824790954589844
hidden_test_de_2_sent277,148,158,Luttenberg,NIL,LOC,Q67178,Lutzenberg,"```json {""wikipedia_page"":""Lutzenberg"", ""wikidata_id"":""Q67178""} ```",15.078720092773438
hidden_test_de_2_sent277,159,171,Gleichenberg,NIL,LOC,Q693550,Bad Gleichenberg,"```json { ""wikipedia_page"": ""Bad Gleichenberg"", ""wikidata_id"": ""Q693550"" } ```",15.239805221557617
hidden_test_de_2_sent277,174,181,Köflach,NIL,LOC,Q550434,Köflach,"```json { ""wikipedia_page"": ""Köflach"", ""wikidata_id"": ""Q550434"" } ```",26.066509246826172
hidden_test_de_2_sent280,14,21,Köflach,NIL,LOC,Q550434,Köflach,"```json {""wikipedia_page"":""Köflach"", ""wikidata_id"":""Q550434""} ```",22.763092041015625
hidden_test_de_2_sent280,22,26,Wies,NIL,LOC,Q672707,Wies,"```json {""wikipedia_page"":""Wies"", ""wikidata_id"":""Q672707""} ```",20.74591064453125
hidden_test_de_2_sent280,28,34,Stainz,NIL,LOC,Q685128,Stainz,"```json {""wikipedia_page"":""Stainz"", ""wikidata_id"":""Q685128""} ```",21.66957664489746
hidden_test_de_2_sent280,36,42,Leoben,NIL,LOC,Q485294,Leoben,"```json {""wikipedia_page"":""Leoben"", ""wikidata_id"":""Q485294""} ```",21.06351661682129
hidden_test_de_2_sent280,44,51,Neuberg,NIL,LOC,Q21881936,Neuberg an der Mürz,"```json {""wikipedia_page"":""Neuberg an der Mürz"", ""wikidata_id"":""Q21881936""} ```",10.685139656066895
hidden_test_de_2_sent284,2,8,Triest,NIL,LOC,Q546,Triest,"```json {""wikipedia_page"":""Triest"", ""wikidata_id"":""Q546""} ```",22.897207260131836
hidden_test_de_2_sent284,10,14,Görz,NIL,LOC,Q6596,Gorizia,"```json { ""wikipedia_page"":""Gorizia"", ""wikidata_id"":""Q6596"" } ```",19.39244842529297
hidden_test_de_2_sent284,16,23,Venedig,NIL,LOC,Q641,Venedig,"```json {""wikipedia_page"": ""Venedig"", ""wikidata_id"": ""Q641""} ```",19.247291564941406
hidden_test_de_2_sent284,24,29,Fiume,NIL,LOC,Q1647,Rijeka,"```json {""wikipedia_page"":""Rijeka"", ""wikidata_id"":""Q1647""} ```",18.739368438720703
hidden_test_de_2_sent284,31,35,Pola,NIL,LOC,Q2661670,Bezirk Pola,"```json {""wikipedia_page"":""Bezirk Pola"", ""wikidata_id"":""Q2661670""} ```",11.130302429199219
hidden_test_de_2_sent284,37,44,Rovigno,NIL,LOC,Q5316,Rovinj,"```json {""wikipedia_page"":""Rovinj"", ""wikidata_id"":""Q5316""} ```",23.679582595825195
hidden_test_de_2_sent284,46,52,Sissek,NIL,LOC,Q192119,Sisak,"```json { ""wikipedia_page"": ""Sisak"", ""wikidata_id"": ""Q192119"" } ```",20.3002986907959
hidden_test_de_2_sent284,54,58,Brod,NIL,LOC,Q194482,Bosanski Brod,"```json {""wikipedia_page"":""Bosanski Brod"", ""wikidata_id"":""Q194482""} ```",13.01679515838623
hidden_test_de_2_sent284,59,68,Banjaluka,NIL,LOC,Q131127,Banja Luka,"```json {""wikipedia_page"": ""Banja Luka"", ""wikidata_id"": ""Q131127""} ```",20.76891326904297
hidden_test_de_2_sent284,70,76,Leoben,NIL,LOC,Q485294,Leoben,"```json {""wikipedia_page"":""Leoben"", ""wikidata_id"":""Q485294""} ```",23.243162155151367
hidden_test_de_2_sent284,78,89,Vordernberg,NIL,LOC,Q876380,Vordernberg,"```json {""wikipedia_page"":""Vordernberg"", ""wikidata_id"":""Q876380""} ```",19.6921443939209
hidden_test_de_2_sent284,90,97,Neuberg,NIL,LOC,Q695342,Neuberg an der Mürz,"```json {""wikipedia_page"":""Neuberg an der Mürz"", ""wikidata_id"":""Q695342""} ```",12.190401077270508
hidden_test_de_2_sent284,99,105,Aslenz,NIL,LOC,Q551751,Alsenz,"```json {""wikipedia_page"":""Alsenz"", ""wikidata_id"":""Q551751""} ```",15.92137622833252
hidden_test_de_2_sent288,2,11,Oedenburg,NIL,LOC,Q168648,Sopron,"```json { ""wikipedia_page"": ""Sopron"", ""wikidata_id"": ""Q168648"" } ```",12.844732284545898
hidden_test_de_2_sent288,13,20,Kanizsa,NIL,LOC,Q14424,Nagykanizsa,"```json {""wikipedia_page"":""Nagykanizsa"", ""wikidata_id"":""Q14424""} ```",14.736934661865234
hidden_test_de_2_sent288,21,25,Güns,NIL,LOC,Q279823,Güssing,"```json {""wikipedia_page"":""Güssing"", ""wikidata_id"":""Q279823""} ```",9.116825103759766
hidden_test_de_2_sent288,27,35,Budapest,NIL,LOC,Q1781,Budapest,"```json {""wikipedia_page"":""Budapest"", ""wikidata_id"":""Q1781""} ```",13.917219161987305
hidden_test_de_2_sent292,2,6,Graz,NIL,LOC,Q13298,Graz,"```json {""wikipedia_page"": ""Graz"", ""wikidata_id"": ""Q13298""} ```",13.904220581054688
hidden_test_de_2_sent292,8,14,Leoben,NIL,LOC,Q485294,Leoben,"```json {""wikipedia_page"":""Leoben"", ""wikidata_id"":""Q485294""} ```",18.29265785217285
hidden_test_de_2_sent292,16,24,Neu¬berg,NIL,LOC,Q21881936,Neuberg an der Mürz,"```json {""wikipedia_page"": ""Neuberg an der Mürz"", ""wikidata_id"": ""Q21881936""} ```",10.489283561706543
hidden_test_de_2_sent297,11,24,Stein¬amanger,NIL,LOC,Q1541805,Grafschaft Steinamanger,"```json {""wikipedia_page"":""Grafschaft Steinamanger"", ""wikidata_id"":""Q1541805""} ```",6.890867233276367
hidden_test_de_2_sent301,2,9,Kanizsa,NIL,LOC,Q14424,Nagykanizsa,"```json { ""wikipedia_page"": ""Nagykanizsa"", ""wikidata_id"": ""Q14424"" } ```",19.625057220458984
hidden_test_de_2_sent301,11,19,Budapest,NIL,LOC,Q1781,Budapest,"```json { ""wikipedia_page"": ""Budapest"", ""wikidata_id"": ""Q1781"" } ```",18.327930450439453
hidden_test_de_2_sent301,20,33,Pakrácz=Lipik,NIL,LOC,Q396595,Lipik,"```json {""wikipedia_page"":""Lipik"", ""wikidata_id"":""Q396595""} ```",13.26665210723877
hidden_test_de_2_sent301,35,41,Essegg,NIL,LOC,Q2033437,Osječak,"```json { ""wikipedia_page"": ""Osječak"", ""wikidata_id"": ""Q2033437"" } ```",15.800914764404297
hidden_test_de_2_sent302,6,11,Agram,NIL,LOC,Q1435,Zagreb,"```json {""wikipedia_page"":""Zagreb"", ""wikidata_id"":""Q1435""} ```",9.918968200683594
hidden_test_de_2_sent302,13,19,Sissek,NIL,LOC,Q1640,Osijek,"```json {""wikipedia_page"":""Osijek"", ""wikidata_id"":""Q1640""} ```",10.701167106628418
hidden_test_de_2_sent302,21,30,Banjaluka,NIL,LOC,Q131127,Banja Luka,"```json {""wikipedia_page"":""Banja Luka"", ""wikidata_id"":""Q131127""} ```",18.16360092163086
hidden_test_de_2_sent306,2,8,Triest,NIL,LOC,Q546,Triest,"```json { ""wikipedia_page"": ""Triest"", ""wikidata_id"": ""Q546"" } ```",26.115182876586914
hidden_test_de_2_sent306,16,24,Vene¬dig,NIL,LOC,Q641,Venedig,"```json {""wikipedia_page"":""Venedig"", ""wikidata_id"":""Q641""} ```",22.7915096282959
hidden_test_de_2_sent306,26,29,Rom,NIL,LOC,Q220,Rom,"```json {""wikipedia_page"":""Rom"", ""wikidata_id"":""Q220""} ```",22.125879287719727
hidden_test_de_2_sent306,31,38,Mailand,NIL,LOC,Q490,Mailand,"```json {""wikipedia_page"":""Mailand"", ""wikidata_id"":""Q490""} ```",23.027666091918945
hidden_test_de_2_sent306,47,51,Pola,NIL,LOC,Q4656,Pula,"```json {""wikipedia_page"":""Pula"", ""wikidata_id"":""Q4656""} ```",17.6845645904541
hidden_test_de_2_sent306,52,59,Rovigno,NIL,LOC,Q5316,Rovinj,"```json {""wikipedia_page"":""Rovinj"", ""wikidata_id"":""Q5316""} ```",25.704193115234375
hidden_test_de_2_sent306,61,66,Fiume,NIL,LOC,Q1647,Rijeka,"```json {""wikipedia_page"": ""Rijeka"", ""wikidata_id"": ""Q1647""} ```",20.315650939941406
hidden_test_de_2_sent306,68,74,Sissek,NIL,LOC,Q1640,Osijek,"```json { ""wikipedia_page"": ""Osijek"", ""wikidata_id"": ""Q1640"" } ```",16.51409339904785
hidden_test_de_2_sent306,76,85,Banjaluka,NIL,LOC,Q131127,Banja Luka,"```json {""wikipedia_page"":""Banja Luka"", ""wikidata_id"":""Q131127""} ```",24.29081153869629
hidden_test_de_2_sent307,0,8,Budapest,NIL,LOC,Q1781,Budapest,"```json {""wikipedia_page"":""Budapest"", ""wikidata_id"":""Q1781""} ```",21.26036262512207
hidden_test_de_2_sent308,3,13,Klagenfurt,NIL,LOC,Q41753,Klagenfurt am Wörthersee,"```json { ""wikipedia_page"": ""Klagenfurt am Wörthersee"", ""wikidata_id"": ""Q41753"" } ```",20.87523651123047
hidden_test_de_2_sent308,14,27,Franzensfeste,NIL,LOC,Q381499,Franzensfeste,"```json {""wikipedia_page"":""Franzensfeste"", ""wikidata_id"":""Q381499""} ```",19.985185623168945
hidden_test_de_2_sent308,29,34,Meran,NIL,LOC,Q131605,Meran,"```json {""wikipedia_page"":""Meran"", ""wikidata_id"":""Q131605""} ```",24.802642822265625
hidden_test_de_2_sent308,36,40,Arco,NIL,LOC,Q138473,Arco,"```json {""wikipedia_page"":""Arco"", ""wikidata_id"":""Q138473""} ```",14.570395469665527
hidden_test_de_2_sent308,42,52,Inns¬bruck,NIL,LOC,Q1735,Innsbruck,"```json {""wikipedia_page"":""Innsbruck"", ""wikidata_id"":""Q1735""} ```",19.540433883666992
hidden_test_de_2_sent308,58,65,Marburg,NIL,LOC,Q3869,Marburg,"```json {""wikipedia_page"":""Marburg"", ""wikidata_id"":""Q3869""} ```",21.368207931518555
hidden_test_de_2_sent312,2,8,Triest,NIL,LOC,Q546,Triest,"```json { ""wikipedia_page"": ""Triest"", ""wikidata_id"": ""Q546"" } ```",24.84090232849121
hidden_test_de_2_sent312,10,14,Görz,NIL,LOC,Q6596,Gorizia,"```json { ""wikipedia_page"": ""Gorizia"", ""wikidata_id"": ""Q6596"" } ```",19.97772789001465
hidden_test_de_2_sent312,16,23,Venedig,NIL,LOC,Q641,Venedig,"```json {""wikipedia_page"":""Venedig"", ""wikidata_id"":""Q641""} ```",21.799625396728516
hidden_test_de_2_sent312,24,27,Rom,NIL,LOC,Q220,Rom,"```json {""wikipedia_page"":""Rom"", ""wikidata_id"":""Q220""} ```",19.977842330932617
hidden_test_de_2_sent312,29,36,Mailand,NIL,LOC,Q490,Mailand,"```json {""wikipedia_page"": ""Mailand"", ""wikidata_id"": ""Q490""} ```",20.674304962158203
hidden_test_de_2_sent312,38,42,Pola,NIL,LOC,Q4656,Pula,"```json {""wikipedia_page"":""Pula"", ""wikidata_id"":""Q4656""} ```",17.64760398864746
hidden_test_de_2_sent312,44,51,Rovigno,NIL,LOC,Q5316,Rovinj,"```json {""wikipedia_page"":""Rovinj"", ""wikidata_id"":""Q5316""} ```",23.500646591186523
hidden_test_de_2_sent312,52,57,Agram,NIL,LOC,Q1435,Zagreb,"```json {""wikipedia_page"":""Zagreb"", ""wikidata_id"":""Q1435""} ```",15.198537826538086
hidden_test_de_2_sent312,59,67,Gonovitz,NIL,LOC,Q12790231,Burg Gonobitz,"```json {""wikipedia_page"":""Burg Gonobitz"", ""wikidata_id"":""Q12790231""} ```",16.60858917236328
hidden_test_de_2_sent312,69,77,Budapest,NIL,LOC,Q1781,Budapest,"```json {""wikipedia_page"": ""Budapest"", ""wikidata_id"": ""Q1781""} ```",21.14208984375
hidden_test_de_2_sent312,82,91,Pragerhof,NIL,LOC,Q1085,Prag,"```json {""wikipedia_page"":""Prag"", ""wikidata_id"":""Q1085""} ``` The entity [ENT] Pragerhof [ENT] can be disambiguated with high confidence as ""Prag"" which is the German name of Prague, the capital of the Czech Republic. Given the context of the text, which appears to list various locations in Central Europe, ""Prag"" is the most likely reference, even though the exact location ""Pragerhof"" is not listed in the candidates.",17.31658172607422
hidden_test_de_2_sent312,94,104,Klagenfurt,NIL,LOC,Q41753,Klagenfurt am Wörthersee,"```json { ""wikipedia_page"": ""Klagenfurt am Wörthersee"", ""wikidata_id"": ""Q41753"" } ```",22.982067108154297
hidden_test_de_2_sent312,106,115,Wolfsberg,NIL,LOC,Q487527,Wolfsberg,"```json {""wikipedia_page"":""Wolfsberg"", ""wikidata_id"":""Q487527""} ```",23.28900718688965
hidden_test_de_2_sent312,116,121,Meran,NIL,LOC,Q131605,Meran,"```json { ""wikipedia_page"": ""Meran"", ""wikidata_id"": ""Q131605"" } ```",23.976240158081055
hidden_test_de_2_sent312,123,127,Arco,NIL,LOC,Q138473,Arco,"```json { ""wikipedia_page"": ""Arco"", ""wikidata_id"": ""Q138473"" } ```",19.11382484436035
hidden_test_de_2_sent312,129,138,Innsbruck,NIL,LOC,Q1735,Innsbruck,"```json {""wikipedia_page"":""Innsbruck"", ""wikidata_id"":""Q1735""} ```",20.893190383911133
hidden_test_de_2_sent312,144,152,Mar¬burg,NIL,LOC,Q3869,Marburg,"```json {""wikipedia_page"":""Marburg"", ""wikidata_id"":""Q3869""} ```",21.323305130004883
hidden_test_de_2_sent312,155,165,Luttenberg,NIL,LOC,Q57990303,Luttenberg,"```json { ""wikipedia_page"": ""Luttenberg"", ""wikidata_id"": ""Q57990303"" } ```",13.105195999145508
hidden_test_de_2_sent312,167,174,Köflach,NIL,LOC,Q550434,Köflach,"```json {""wikipedia_page"":""Köflach"", ""wikidata_id"":""Q550434""} ```",21.172569274902344
hidden_test_de_2_sent312,176,180,Wies,NIL,LOC,Q672707,Wies,"```json {""wikipedia_page"":""Wies"",""wikidata_id"":""Q672707""} ```",19.98579978942871
hidden_test_de_2_sent312,181,187,Stainz,NIL,LOC,Q685128,Stainz,"```json {""wikipedia_page"":""Stainz"", ""wikidata_id"":""Q685128""} ```",19.33163833618164
hidden_test_de_2_sent312,189,195,Leoben,NIL,LOC,Q485294,Leoben,"```json {""wikipedia_page"":""Leoben"", ""wikidata_id"":""Q485294""} ```",24.649215698242188
hidden_test_de_2_sent312,197,208,Vordernberg,NIL,LOC,Q876380,Vordernberg,"```json {""wikipedia_page"":""Vordernberg"",""wikidata_id"":""Q876380""} ```",21.831438064575195
hidden_test_de_2_sent313,11,15,Wien,NIL,LOC,Q1741,Wien,"```json {""wikipedia_page"":""Wien"", ""wikidata_id"":""Q1741""} ```",12.87826919555664
hidden_test_de_2_sent315,2,8,Triest,NIL,LOC,Q546,Triest,"```json {""wikipedia_page"":""Triest"", ""wikidata_id"":""Q546""} ```",20.08344268798828
hidden_test_de_2_sent315,10,13,Rom,NIL,LOC,Q220,Rom,"```json { ""wikipedia_page"": ""Rom"", ""wikidata_id"": ""Q220"" } ```",22.689777374267578
hidden_test_de_2_sent315,15,23,Mai¬land,NIL,LOC,Q490,Mailand,"```json {""wikipedia_page"":""Mailand"", ""wikidata_id"":""Q490""} ```",22.006851196289062
hidden_test_de_2_sent315,25,32,Venedig,NIL,LOC,Q641,Venedig,"```json {""wikipedia_page"": ""Venedig"", ""wikidata_id"": ""Q641""} ```",25.172887802124023
hidden_test_de_2_sent315,34,38,Görz,NIL,LOC,Q6596,Gorizia,"```json {""wikipedia_page"":""Gorizia"", ""wikidata_id"":""Q6596""} ```",21.085960388183594
hidden_test_de_2_sent315,40,44,Pola,NIL,LOC,Q4656,Pula,"```json {""wikipedia_page"":""Pula"", ""wikidata_id"":""Q4656""} ```",15.161924362182617
hidden_test_de_2_sent315,46,51,Agram,NIL,LOC,Q1435,Zagreb,"```json {""wikipedia_page"":""Zagreb"", ""wikidata_id"":""Q1435""} ```",15.531113624572754
hidden_test_de_2_sent315,52,60,Budapest,NIL,LOC,Q1781,Budapest,"```json {""wikipedia_page"":""Budapest"", ""wikidata_id"":""Q1781""} ```",25.781999588012695
hidden_test_de_2_sent316,3,7,Arco,NIL,LOC,Q138473,Arco,"```json {""wikipedia_page"":""Arco"", ""wikidata_id"":""Q138473""} ```",17.593835830688477
hidden_test_de_2_sent316,9,19,Inns¬bruck,NIL,LOC,Q1735,Innsbruck,"```json {""wikipedia_page"":""Innsbruck"", ""wikidata_id"":""Q1735""} ```",23.46061134338379
hidden_test_de_2_sent316,21,31,Klagenfurt,NIL,LOC,Q41753,Klagenfurt am Wörthersee,"```json {""wikipedia_page"":""Klagenfurt am Wörthersee"", ""wikidata_id"":""Q41753""} ```",21.438159942626953
hidden_test_de_2_sent316,33,42,Wolfsberg,NIL,LOC,Q487527,Wolfsberg,"```json {""wikipedia_page"":""Wolfsberg"", ""wikidata_id"":""Q487527""} ```",23.499919891357422
hidden_test_de_2_sent316,47,54,Marburg,NIL,LOC,Q1010,Maribor,"```json { ""wikipedia_page"": ""Maribor"", ""wikidata_id"": ""Q1010"" } ```",21.173595428466797
hidden_test_de_2_sent316,69,76,Köflach,NIL,LOC,Q550434,Köflach,"```json {""wikipedia_page"":""Köflach"", ""wikidata_id"":""Q550434""} ```",23.302875518798828
hidden_test_de_2_sent316,83,89,Stainz,NIL,LOC,Q685128,Stainz,"```json {""wikipedia_page"": ""Stainz"", ""wikidata_id"": ""Q685128""} ```",19.965476989746094
hidden_test_de_2_sent316,91,97,Leoben,NIL,LOC,Q485294,Leoben,"```json { ""wikipedia_page"": ""Leoben"", ""wikidata_id"": ""Q485294"" } ```",25.183338165283203
hidden_test_de_2_sent320,6,12,Essegg,NIL,LOC,Q515791,Isaszeg,"```json { ""wikipedia_page"": ""Isaszeg"", ""wikidata_id"": ""Q515791"" } ```",10.339516639709473
hidden_test_de_2_sent320,14,27,Pakrácz=Lipik,NIL,LOC,Q398115,Pakrac,"```json {""wikipedia_page"":""Pakrac"", ""wikidata_id"":""Q398115""} ```",10.408283233642578
hidden_test_de_2_sent320,29,34,Agram,NIL,LOC,Q1435,Zagreb,"```json {""wikipedia_page"":""Zagreb"", ""wikidata_id"":""Q1435""} ```",10.530628204345703
hidden_test_de_2_sent320,36,45,Buda¬pest,NIL,LOC,Q1781,Budapest,"```json {""wikipedia_page"": ""Budapest"", ""wikidata_id"": ""Q1781""} ```",21.03481674194336
hidden_test_de_2_sent320,51,60,Oedenburg,NIL,LOC,Q168648,Sopron,"```json {""wikipedia_page"":""Sopron"", ""wikidata_id"":""Q168648""} ```",17.915075302124023
hidden_test_de_2_sent324,16,20,Güns,NIL,LOC,Q1560253,Günser Straße,"```json {""wikipedia_page"":""Günser Straße"", ""wikidata_id"":""Q1560253""} ```",6.149904251098633
hidden_test_de_2_sent328,2,8,Triest,NIL,LOC,Q546,Triest,"```json {""wikipedia_page"":""Triest"", ""wikidata_id"":""Q546""} ```",28.783220291137695
hidden_test_de_2_sent328,10,13,Rom,NIL,LOC,Q220,Rom,"```json { ""wikipedia_page"": ""Rom"", ""wikidata_id"": ""Q220"" } ```",22.94176483154297
hidden_test_de_2_sent328,15,23,Mai¬land,NIL,LOC,Q490,Mailand,"```json {""wikipedia_page"":""Mailand"", ""wikidata_id"":""Q490""} ```",22.69379997253418
hidden_test_de_2_sent328,25,32,Venedig,NIL,LOC,Q641,Venedig,"```json { ""wikipedia_page"": ""Venedig"", ""wikidata_id"": ""Q641"" } ```",25.507925033569336
hidden_test_de_2_sent328,34,38,Görz,NIL,LOC,Q6596,Gorizia,"```json {""wikipedia_page"":""Gorizia"", ""wikidata_id"":""Q6596""} ```",21.292377471923828
hidden_test_de_2_sent328,40,44,Pola,NIL,LOC,Q4656,Pula,"```json {""wikipedia_page"": ""Pula"", ""wikidata_id"": ""Q4656""} ```",18.529253005981445
hidden_test_de_2_sent328,46,53,Rovigno,NIL,LOC,Q5316,Rovinj,"```json {""wikipedia_page"": ""Rovinj"", ""wikidata_id"": ""Q5316""} ```",26.141056060791016
hidden_test_de_2_sent328,54,59,Fiume,NIL,LOC,Q1647,Rijeka,"```json {""wikipedia_page"":""Rijeka"", ""wikidata_id"":""Q1647""} ```",21.668792724609375
hidden_test_de_2_sent328,61,67,Sissek,NIL,LOC,Q1640,Osijek,"```json {""wikipedia_page"":""Osijek"", ""wikidata_id"":""Q1640""} ```",16.13470458984375
hidden_test_de_2_sent328,69,74,Agram,NIL,LOC,Q1435,Zagreb,"```json {""wikipedia_page"":""Zagreb"", ""wikidata_id"":""Q1435""} ```",17.867813110351562
hidden_test_de_2_sent328,76,84,Budapest,NIL,LOC,Q1781,Budapest,"```json {""wikipedia_page"":""Budapest"", ""wikidata_id"":""Q1781""} ```",22.862529754638672
hidden_test_de_2_sent328,101,105,Arco,NIL,LOC,Q138473,Arco,"```json {""wikipedia_page"":""Arco"",""wikidata_id"":""Q138473""} ```",20.992603302001953
hidden_test_de_2_sent328,114,124,Inns¬bruck,NIL,LOC,Q1735,Innsbruck,"```json {""wikipedia_page"":""Innsbruck"", ""wikidata_id"":""Q1735""} ```",23.633808135986328
hidden_test_de_2_sent328,126,136,Klagenfurt,NIL,LOC,Q41753,Klagenfurt am Wörthersee,"```json {""wikipedia_page"":""Klagenfurt am Wörthersee"", ""wikidata_id"":""Q41753""} ```",24.834327697753906
hidden_test_de_2_sent328,142,149,Marburg,NIL,LOC,Q3869,Marburg,"```json {""wikipedia_page"":""Marburg"", ""wikidata_id"":""Q3869""} ```",22.166080474853516
hidden_test_de_2_sent328,151,157,Leoben,NIL,LOC,Q485294,Leoben,"```json {""wikipedia_page"":""Leoben"", ""wikidata_id"":""Q485294""} ```",23.7628116607666
hidden_test_de_2_sent328,159,166,Neuberg,NIL,LOC,Q695342,Neuberg an der Mürz,"```json {""wikipedia_page"":""Neurbberg an der Mürz"", ""wikidata_id"":""Q695342""} ```",13.625164985656738
hidden_test_de_2_sent332,2,6,Graz,NIL,LOC,Q13298,Graz,"```json {""wikipedia_page"": ""Graz"", ""wikidata_id"": ""Q13298""} ```",9.22567081451416
hidden_test_de_2_sent332,8,14,Leoben,NIL,LOC,Q485294,Leoben,"```json {""wikipedia_page"":""Leoben"", ""wikidata_id"":""Q485294""} ```",12.442173957824707
hidden_test_de_2_sent332,15,26,Vordernberg,NIL,LOC,Q876380,Vordernberg,"```json {""wikipedia_page"":""Vordernberg"", ""wikidata_id"":""Q876380""} ```",15.841586112976074
hidden_test_de_2_sent332,28,34,Aslenz,NIL,LOC,Q18611795,Aflenz,"```json {""wikipedia_page"":""Aflenz"", ""wikidata_id"":""Q18611795""} ```",13.610406875610352
hidden_test_de_2_sent337,10,14,Güns,NIL,LOC,Q701688,Günz,"```json {""wikipedia_page"":""Günz"", ""wikidata_id"":""Q701688""} ```",5.374185562133789
hidden_test_de_2_sent337,55,63,Hainfeld,NIL,LOC,Q671275,Hainfeld,"```json {""wikipedia_page"":""Hainfeld"", ""wikidata_id"":""Q671275""} ```",12.19050121307373
hidden_test_de_2_sent337,65,71,Aspang,NIL,LOC,Q683242,Aspang-Markt,"```json {""wikipedia_page"":""Aspang-Markt"", ""wikidata_id"":""Q683242""} ```",9.59693717956543
hidden_test_de_2_sent341,2,8,Triest,NIL,LOC,Q546,Triest,"```json {""wikipedia_page"":""Triest"", ""wikidata_id"":""Q546""} ```",22.762048721313477
hidden_test_de_2_sent341,10,14,Görz,NIL,LOC,Q6596,Gorizia,"```json {""wikipedia_page"":""Gorizia"", ""wikidata_id"":""Q6596""} ```",19.519498825073242
hidden_test_de_2_sent341,16,24,Vene¬dig,NIL,LOC,Q641,Venedig,"```json {""wikipedia_page"":""Venedig"", ""wikidata_id"":""Q641""} ```",18.37631607055664
hidden_test_de_2_sent341,26,30,Pola,NIL,LOC,Q4656,Pula,"```json {""wikipedia_page"":""Pula"", ""wikidata_id"":""Q4656""} ```",15.603029251098633
hidden_test_de_2_sent341,32,39,Rovigno,NIL,LOC,Q5316,Rovinj,"```json {""wikipedia_page"": ""Rovinj"", ""wikidata_id"": ""Q5316""} ```",20.845552444458008
hidden_test_de_2_sent341,41,46,Fiume,NIL,LOC,Q1647,Rijeka,"```json {""wikipedia_page"":""Rijeka"", ""wikidata_id"":""Q1647""} ```",18.423486709594727
hidden_test_de_2_sent341,48,54,Sissek,NIL,LOC,Q192119,Sisak,"```json {""wikipedia_page"":""Sisak"", ""wikidata_id"":""Q192119""} ```",17.919116973876953
hidden_test_de_2_sent341,55,60,Agram,NIL,LOC,Q1435,Zagreb,"```json {""wikipedia_page"":""Zagreb"", ""wikidata_id"":""Q1435""} ```",14.053536415100098
hidden_test_de_2_sent341,62,73,Radkersburg,NIL,LOC,Q698465,Bad Radkersburg,"```json {""wikipedia_page"": ""Bad Radkersburg"", ""wikidata_id"": ""Q698465""} ```",17.96122932434082
hidden_test_de_2_sent341,75,82,Köflach,NIL,LOC,Q550434,Köflach,"```json {""wikipedia_page"":""Köflach"", ""wikidata_id"":""Q550434""} ```",20.27684783935547
hidden_test_de_2_sent341,84,88,Wies,NIL,LOC,Q672707,Wies,"```json {""wikipedia_page"":""Wies"", ""wikidata_id"":""Q672707""} ```",17.77642822265625
hidden_test_de_2_sent341,89,95,Stainz,NIL,LOC,Q685128,Stainz,"```json {""wikipedia_page"":""Stainz"", ""wikidata_id"":""Q685128""} ```",17.332807540893555
hidden_test_de_2_sent341,97,108,Vordernberg,NIL,LOC,Q876380,Vordernberg,"```json {""wikipedia_page"":""Vordernberg"", ""wikidata_id"":""Q876380""} ```",20.385650634765625
hidden_test_de_2_sent341,110,116,Leoben,NIL,LOC,Q485294,Leoben,"```json {""wikipedia_page"":""Leoben"", ""wikidata_id"":""Q485294""} ```",21.543161392211914
hidden_test_de_2_sent341,118,126,Neu¬berg,NIL,LOC,Q2090,Nürnberg,"```json { ""wikipedia_page"": ""Nürnberg"", ""wikidata_id"": ""Q2090"" } ```",12.707289695739746
hidden_test_de_2_sent345,2,11,Oedenburg,NIL,LOC,Q293933,Ödenburg (Oberstetten),"```json {""wikipedia_page"":""Ödenburg (Oberstetten)"", ""wikidata_id"":""Q293933""} ```",12.513842582702637
hidden_test_de_2_sent349,2,12,Steinbrück,NIL,LOC,Q16294819,Steinebrück,"```json {""wikipedia_page"":""Steinebrück"", ""wikidata_id"":""Q16294819""} ```",15.439497947692871
hidden_test_de_2_sent349,14,18,Graz,NIL,LOC,Q13298,Graz,"```json {""wikipedia_page"":""Graz"", ""wikidata_id"":""Q13298""} ```",15.20573616027832
hidden_test_de_2_sent349,19,26,Neuberg,NIL,LOC,Q695342,Neuberg an der Mürz,"```json {""wikipedia_page"": ""Neuberg an der Mürz"", ""wikidata_id"": ""Q695342""} ```",12.54284381866455
hidden_test_de_2_sent353,2,10,Sarajevo,NIL,LOC,Q11194,Sarajevo,"```json { ""wikipedia_page"": ""Sarajevo"", ""wikidata_id"": ""Q11194"" } ```",18.40764617919922
hidden_test_de_2_sent353,19,24,Agram,NIL,LOC,Q1435,Zagreb,"```json {""wikipedia_page"":""Zagreb"", ""wikidata_id"":""Q1435""} ```",17.698881149291992
hidden_test_de_2_sent353,26,34,Budapest,NIL,LOC,Q1781,Budapest,"```json {""wikipedia_page"":""Budapest"", ""wikidata_id"":""Q1781""} ```",19.94375991821289
hidden_test_de_2_sent353,36,43,Kanizsa,NIL,LOC,Q14424,Nagykanizsa,"```json {""wikipedia_page"":""Nagykanizsa"", ""wikidata_id"":""Q14424""} ```",18.754077911376953
hidden_test_de_2_sent353,45,58,Pakrácz=Lipik,NIL,LOC,Q398115,Pakrac,"```json {""wikipedia_page"":""Pakrac"",""wikidata_id"":""Q398115""} ```",15.03923511505127
hidden_test_de_2_sent353,64,73,Oedenburg,NIL,LOC,Q164927,Ödenburger Straße,"```json {""wikipedia_page"":""Ödenburger Straße"", ""wikidata_id"":""Q164927""} ```",15.378128051757812
hidden_test_de_2_sent353,76,86,Gutenstein,NIL,LOC,Q663658,Gutenstein,"```json {""wikipedia_page"":""Gutenstein"", ""wikidata_id"":""Q663658""} ```",17.39333724975586
hidden_test_de_2_sent357,2,8,Triest,NIL,LOC,Q546,Triest,"```json {""wikipedia_page"":""Triest"", ""wikidata_id"":""Q546""} ```",24.554967880249023
hidden_test_de_2_sent357,10,14,Görz,NIL,LOC,Q6596,Gorizia,"```json {""wikipedia_page"":""Gorizia"", ""wikidata_id"":""Q6596""} ```",20.902423858642578
hidden_test_de_2_sent357,16,20,Pola,NIL,LOC,Q2661670,Bezirk Pola,"```json { ""wikipedia_page"":""Bezirk Pola"", ""wikidata_id"":""Q2661670"" } ```",12.429890632629395
hidden_test_de_2_sent357,21,28,Rovigno,NIL,LOC,Q5316,Rovinj,"```json {""wikipedia_page"":""Rovinj"", ""wikidata_id"":""Q5316""} ```",23.080717086791992
hidden_test_de_2_sent357,30,35,Fiume,NIL,LOC,Q1647,Rijeka,"```json {""wikipedia_page"": ""Rijeka"", ""wikidata_id"": ""Q1647""} ```",20.583404541015625
hidden_test_de_2_sent357,37,41,Brod,NIL,LOC,Q4686,Slavonski Brod,"```json {""wikipedia_page"": ""Slavonski Brod"", ""wikidata_id"": ""Q4686""} ```",14.570521354675293
hidden_test_de_2_sent357,43,49,Sissek,NIL,LOC,Q1640,Osijek,"```json {""wikipedia_page"":""Osijek"", ""wikidata_id"":""Q1640""} ```",15.122343063354492
hidden_test_de_2_sent357,54,64,Steinbrück,NIL,LOC,Q697506,Steinach am Brenner,"```json {""wikipedia_page"":""Steinach am Brenner"", ""wikidata_id"":""Q697506""} ```",15.98865032196045
hidden_test_de_2_sent357,67,75,Gonobitz,NIL,LOC,Q1513157,Gerichtsbezirk Gonobitz,"```json {""wikipedia_page"":""Gerichtsbezirk Gonobitz"", ""wikidata_id"":""Q1513157""} ```",21.031431198120117
hidden_test_de_2_sent357,77,84,Villach,NIL,LOC,Q483522,Villach,"```json {""wikipedia_page"":""Villach"", ""wikidata_id"":""Q483522""} ```",23.169971466064453
hidden_test_de_2_sent357,85,95,Klagenfurt,NIL,LOC,Q41753,Klagenfurt am Wörthersee,"```json { ""wikipedia_page"": ""Klagenfurt am Wörthersee"", ""wikidata_id"": ""Q41753"" } ```",21.87468147277832
hidden_test_de_2_sent357,97,106,Wolfsberg,NIL,LOC,Q487527,Wolfsberg,"```json {""wikipedia_page"": ""Wolfsberg"", ""wikidata_id"": ""Q487527""} ```",24.55306625366211
hidden_test_de_2_sent357,108,118,Luttenberg,NIL,LOC,Q1513291,Gerichtsbezirk Luttenberg,"```json { ""wikipedia_page"": ""Gerichtsbezirk Luttenberg"", ""wikidata_id"": ""Q1513291"" } ```",15.117731094360352
hidden_test_de_2_sent357,119,126,Köflach,NIL,LOC,Q550434,Köflach,"```json {""wikipedia_page"":""Köflach"", ""wikidata_id"":""Q550434""} ```",23.48804473876953
hidden_test_de_2_sent361,2,9,Venedig,NIL,LOC,Q641,Venedig,"```json {""wikipedia_page"":""Venedig"", ""wikidata_id"":""Q641""} ```",18.91777229309082
hidden_test_de_2_sent361,27,32,Bozen,NIL,LOC,Q6526,Bozen,"```json {""wikipedia_page"":""Bozen"", ""wikidata_id"":""Q6526""} ```",20.32007598876953
hidden_test_de_2_sent361,34,39,Meran,NIL,LOC,Q131605,Meran,"```json { ""wikipedia_page"": ""Meran"", ""wikidata_id"": ""Q131605"" } ```",24.895639419555664
hidden_test_de_2_sent361,41,45,Arco,NIL,LOC,Q138473,Arco,"```json {""wikipedia_page"": ""Arco"", ""wikidata_id"": ""Q138473""} ```",20.74395179748535
hidden_test_de_2_sent361,47,57,Inns¬bruck,NIL,LOC,Q1735,Innsbruck,"```json { ""wikipedia_page"": ""Innsbruck"", ""wikidata_id"": ""Q1735"" } ```",23.701196670532227
hidden_test_de_2_sent361,59,65,Leoben,NIL,LOC,Q485294,Leoben,"```json { ""wikipedia_page"": ""Leoben"", ""wikidata_id"": ""Q485294"" } ```",26.056396484375
hidden_test_de_2_sent361,67,78,Vordernberg,NIL,LOC,Q876380,Vordernberg,"```json {""wikipedia_page"": ""Vordernberg"", ""wikidata_id"": ""Q876380""} ```",24.78035545349121
hidden_test_de_2_sent361,80,88,Neu¬berg,NIL,LOC,Q2090,Nürnberg,"```json {""wikipedia_page"":""Nürnberg"", ""wikidata_id"":""Q2090""} ```",15.975150108337402
hidden_test_de_2_sent361,90,96,Aslenz,NIL,LOC,Q551751,Alsenz,"```json {""wikipedia_page"":""Alsenz"", ""wikidata_id"":""Q551751""} ```",18.899721145629883
hidden_test_de_2_sent362,44,48,Wien,NIL,LOC,Q1741,Wien,"```json { ""wikipedia_page"": ""Wien"", ""wikidata_id"": ""Q1741"" } ```",19.427703857421875
hidden_test_de_2_sent362,64,68,Wien,NIL,LOC,Q1741,Wien,"```json {""wikipedia_page"":""Wien"", ""wikidata_id"":""Q1741""} ```",14.647109985351562
hidden_test_de_2_sent362,91,95,Wien,NIL,LOC,Q1741,Wien,"```json {""wikipedia_page"":""Wien"", ""wikidata_id"":""Q1741""} ```",18.453956604003906
hidden_test_de_2_sent362,104,108,Wien,NIL,LOC,Q1741,Wien,"```json {""wikipedia_page"":""Wien"",""wikidata_id"":""Q1741""} ```",17.262901306152344
hidden_test_de_2_sent362,121,128,Cormons,NIL,LOC,Q53124,Cormòns,"```json {""wikipedia_page"":""Cormòns"", ""wikidata_id"":""Q53124""} ```",20.023805618286133
hidden_test_de_2_sent362,133,137,Wien,NIL,LOC,Q16609207,Bahnhof Franzensfeste,"```json { ""wikipedia_page"": ""Franzensfeste"", ""wikidata_id"": ""Q16609207"" } ```",9.900933265686035
hidden_test_de_2_sent362,155,162,Marburg,NIL,LOC,Q471844,Bahnhof Marburg (Lahn),"```json {""wikipedia_page"": ""Bahnhof Marburg (Lahn)"", ""wikidata_id"": ""Q471844""} ```",13.917391777038574
hidden_test_de_2_sent370,823,831,Vereines,Q1125001,ORG,Q988108,Verein,"```json {""wikipedia_page"": ""Verein"", ""wikidata_id"": ""Q988108""} ```",19.635555267333984
hidden_test_de_2_sent370,1012,1018,Verein,Q1125001,ORG,Q988108,Verein,"```json { ""wikipedia_page"": ""Verein"", ""wikidata_id"": ""Q988108"" } ```",21.74264907836914
hidden_test_de_2_sent372,0,50,Druck= und Verlagsanstalt „Vorwärts“ Swoboda & Co.,NIL,ORG,Q1559059,Vorwärts-Verlag,"```json {""wikipedia_page"":""Vorwärts-Verlag"", ""wikidata_id"":""Q1559059""} ```",18.09994125366211
hidden_test_de_2_sent372,52,75,Wien. V. Wienstraße 89A,NIL,LOC,Q1741,Wien,"```json {""wikipedia_page"":""Wien"", ""wikidata_id"":""Q1741""} ```",18.240026473999023
hidden_test_de_7_sent0,42,57,Neueste Zeitung,NIL,PROD,Q15836623,Neueste Zeitung,"```json {""wikipedia_page"":""Neueste Zeitung"", ""wikidata_id"":""Q15836623""} ```",33.11801528930664
hidden_test_de_7_sent1,117,127,KarlPaulin,NIL,PER,Q3371967,Paul Paulin,"```json {""wikipedia_page"":""Paul Paulin"", ""wikidata_id"":""Q3371967""} ```",23.658525466918945
hidden_test_de_7_sent1,129,142,Erlerstraße 5,NIL,LOC,Q1687527,Liste der Straßen in Innsbruck,"```json { ""wikipedia_page"": ""Liste der Straßen in Innsbruck"", ""wikidata_id"": ""Q1687527"" } ```",23.32854461669922
hidden_test_de_7_sent1,196,209,Erlerstraße 5,NIL,LOC,Q94321586,Haller Straße,"```json {""wikipedia_page"":""Haller Straße"", ""wikidata_id"":""Q94321586""} ```",21.988142013549805
hidden_test_de_7_sent2,8,41,illustr. Monatsschrift „Bergland“,NIL,PROD,Q17575969,"Illustrierte österreichische Alpenzeitung für Tirol, Vorarlberg, Salzburg, Oberösterreich, Steiermark, Kärnten, Krain u. d. Occupationsgebiet","```json {""wikipedia_page"":""Illustrierte österreichische Alpenzeitung für Tirol, Vorarlberg, Salzburg, Oberösterreich, Steiermark, Kärnten, Krain u. d. Occupationsgebiet"", ""wikidata_id"":""Q17575969""} ```",12.283671379089355
hidden_test_de_7_sent2,68,71,750,NIL,LOC,Q23631,750,"```json {""wikipedia_page"":""750"", ""wikidata_id"":""Q23631""} ```",14.043983459472656
hidden_test_de_7_sent2,95,98,751,NIL,LOC,Q2105959,Postamt (Kempten),"```json {""wikipedia_page"":""Postamt (Kempten)"", ""wikidata_id"":""Q2105959""} ```",9.837654113769531
hidden_test_de_7_sent8,0,11,Deutschland,Q1206012,LOC,Q183,Deutschland,"```json {""wikipedia_page"":""Deutschland"", ""wikidata_id"":""Q183""} ```",14.504096031188965
hidden_test_de_7_sent15,41,84,Oesterreichische Anzeigen=Gesellschaft A.=G,NIL,ORG,Q2648769,Allgemeine Anzeigen GmbH,"```json {""wikipedia_page"":""Allgemeine Anzeigen GmbH"", ""wikidata_id"":""Q2648769""} ```",14.066290855407715
hidden_test_de_7_sent15,86,108,"Wien, I. Brandstätte 8",Q898311,LOC,Q1741,Wien,"```json {""wikipedia_page"":""Wien"", ""wikidata_id"":""Q1741""} ```",14.669296264648438
hidden_test_de_7_sent15,118,127,U 22=5=95,NIL,LOC,Q694554,Notrufnummer,"```json {""wikipedia_page"": ""Telefonnummer"", ""wikidata_id"": ""Q694554""} ```",6.840263366699219
hidden_test_de_7_sent16,26,56,"Wien, I., Elisabethstraße 9/II",Q19279071,LOC,Q1741,Wien,"```json {""wikipedia_page"":""Wien"", ""wikidata_id"":""Q1741""} ```",19.426803588867188
hidden_test_de_7_sent17,8,17,B 22=4=29,NIL,LOC,Q214995,Rufnummer,"```json {""wikipedia_page"":""Rufnummer"",""wikidata_id"":""Q214995""} ```",11.040580749511719
hidden_test_de_7_sent20,25,36,Oesterreich,Q518101,LOC,Q40,Österreich,"```json {""wikipedia_page"":""Österreich"", ""wikidata_id"":""Q40""} ```",26.88684844970703
hidden_test_de_7_sent22,999,1011,Oesterreichs,Q518101,LOC,Q40,Österreich,"```json { ""wikipedia_page"": ""Österreich"", ""wikidata_id"": ""Q40"" } ```",25.282920837402344
hidden_test_de_7_sent23,172,184,Oester¬reich,Q518101,LOC,Q40,Österreich,"```json {""wikipedia_page"":""Österreich"", ""wikidata_id"":""Q40""} ```",26.756351470947266
hidden_test_de_7_sent23,542,553,Oesterreich,Q40,LOC,Q176495,Bundesstaat Österreich,"```json {""wikipedia_page"":""Bundesstaat Österreich"", ""wikidata_id"":""Q176495""} ```",18.328533172607422
hidden_test_de_7_sent24,176,187,Oesterreich,Q518101,LOC,Q40,Österreich,"```json {""wikipedia_page"":""Österreich"", ""wikidata_id"":""Q40""} ```",25.934207916259766
hidden_test_de_7_sent25,445,456,Oesterreich,Q518101,LOC,Q40,Österreich,"```json { ""wikipedia_page"": ""Österreich"", ""wikidata_id"": ""Q40"" } ```",28.5512752532959
hidden_test_de_7_sent25,787,799,Oesterreichs,Q518101,LOC,Q237534,Österreicher,"```json { ""wikipedia_page"": ""Österreicher"", ""wikidata_id"": ""Q237534"" } ```",19.567611694335938
hidden_test_de_7_sent25,971,983,Oesterreichs,Q518101,LOC,Q40,Österreich,"```json { ""wikipedia_page"": ""Österreich"", ""wikidata_id"": ""Q40"" } ```",25.63895606994629
hidden_test_de_7_sent28,227,231,Wien,Q1741,LOC,NIL,Wien,"```json {""wikipedia_page"":""NIL"", ""wikidata_id"":""NIL""} ```",0
hidden_test_de_7_sent29,42,67,BundeskanzlersDr. Dollfuß,Q11734,PER,Q21888122,Bundeskanzleramt (Norddeutscher Bund),"```json {""wikipedia_page"":""Bundeskanzleramt (Norddeutscher Bund)"", ""wikidata_id"":""Q21888122""} ```",18.39532470703125
hidden_test_de_7_sent29,183,194,Ministerrat,NIL,ORG,Q640506,Kabinett,"```json {""wikipedia_page"": ""Kabinett"", ""wikidata_id"": ""Q640506""} ```",19.106807708740234
hidden_test_de_7_sent31,4,15,Ministerrat,NIL,ORG,Q2139657,Reichsregierung,"```json {""wikipedia_page"":""Reichsregierung"", ""wikidata_id"":""Q2139657""} ```",15.820540428161621
hidden_test_de_7_sent31,50,79,militärischen Assistenzkörper,Q55694738,ORG,NIL,militärischen Assistenzkörper,"```json {""wikipedia_page"":""NIL"", ""wikidata_id"":""NIL""} ```",0
hidden_test_de_7_sent31,139,156,Heeresministerium,Q872173,ORG,Q471063,Reichswehrministerium,"```json {""wikipedia_page"":""Reichswehrministerium"", ""wikidata_id"":""Q471063""} ```",23.046293258666992
hidden_test_de_7_sent31,248,259,Ministerrat,NIL,ORG,Q2139657,Reichsregierung,"```json {""wikipedia_page"": ""Reichsregierung"", ""wikidata_id"": ""Q2139657""} ```",13.299877166748047
hidden_test_de_7_sent34,420,447,Amtlichen Nachrichtenstelle,NIL,ORG,Q1205856,Deutsches Nachrichtenbüro,"```json {""wikipedia_page"": ""Deutsches Nachrichtenbüro"", ""wikidata_id"": ""Q1205856""} ```",19.68143653869629
hidden_test_de_7_sent34,545,563,Bundeskanzleramtes,Q668916,ORG,Q317027,Bundeskanzleramt,"```json {""wikipedia_page"": ""Bundeskanzleramt"", ""wikidata_id"": ""Q317027""} ```",29.173585891723633
hidden_test_de_7_sent34,971,982,Oesterreich,Q518101,LOC,Q40,Österreich,"```json {""wikipedia_page"":""Österreich"", ""wikidata_id"":""Q40""} ```",26.918590545654297
hidden_test_de_7_sent35,91,102,Oesterreich,Q518101,LOC,Q40,Österreich,"```json {""wikipedia_page"":""Österreich"", ""wikidata_id"":""Q40""} ```",29.396526336669922
hidden_test_de_7_sent35,491,502,Oesterreich,Q518101,LOC,Q40,Österreich,"```json {""wikipedia_page"":""Österreich"", ""wikidata_id"":""Q40""} ```",26.498580932617188
hidden_test_de_7_sent83,76,105,"Innsbruck, Sterzingerstraße 6",NIL,LOC,Q1735,Innsbruck,"```json {""wikipedia_page"":""Innsbruck"", ""wikidata_id"":""Q1735""} ```",23.075674057006836
hidden_test_de_7_sent87,127,136,Lodenbaur,NIL,ORG,Q130148,Loden,"```json {""wikipedia_page"":""Loden"", ""wikidata_id"":""Q130148""} ```",5.435749053955078
hidden_test_de_7_sent88,44,120,Grazer Waggon- und Maschinenfabriks - Actiengesellschaftvormals Joh. Weitzer,NIL,ORG,Q1544114,Grazer Maschinen- und Waggonbau-Aktiengesellschaft,"```json {""wikipedia_page"":""Grazer Maschinen- und Waggonbau-Aktiengesellschaft"", ""wikidata_id"":""Q1544114""} ```",25.72484588623047
hidden_test_de_7_sent88,139,155,"0253, 3452, 4206",NIL,LOC,Q876044,Telefonvorwahl,"```json {""wikipedia_page"":""Telefonvorwahl"", ""wikidata_id"":""Q876044""} ```",7.275693893432617
hidden_test_de_7_sent88,185,214,"Innsbruck, Müllerstraße Nr. 7",NIL,LOC,Q1735,Innsbruck,"```json {""wikipedia_page"": ""Innsbruck"", ""wikidata_id"": ""Q1735""} ```",21.165538787841797
hidden_test_de_7_sent88,226,230,1571,NIL,LOC,Q6666,1571,"```json {""wikipedia_page"":""1571"", ""wikidata_id"":""Q6666""} ```",4.428691387176514
hidden_test_de_7_sent88,406,437,"GerstlWien, VII., Breitegasse 9",NIL,LOC,Q1515094,Gersthof,"```json {""wikipedia_page"":""Gersthof"", ""wikidata_id"":""Q1515094""} ```",14.35369873046875
hidden_test_de_7_sent94,92,117,"Wien, VIII, Langegasse 65",NIL,LOC,Q1741,Wien,"```json {""wikipedia_page"":""Wien"", ""wikidata_id"":""Q1741""} ```",14.815176010131836
hidden_test_de_7_sent94,188,200,Stiftskeller,NIL,LOC,Q877651,St. Peter Stiftskeller,"```json {""wikipedia_page"":""St. Peter Stiftskeller"", ""wikidata_id"":""Q877651""} ```",11.67528247833252
hidden_test_de_7_sent95,78,82,2445,NIL,LOC,Q11480109,Telefonvorwahl,"```json {""wikipedia_page"":""Telefonvorwahl"", ""wikidata_id"":""Q11480109""} ```",7.148205757141113
hidden_test_de_7_sent196,130,161,"Wien, II., Untere Donaustr. 23a",NIL,LOC,Q1741,Wien,"```json {""wikipedia_page"":""Wien"", ""wikidata_id"":""Q1741""} ```",15.869057655334473
hidden_test_de_8_sent3,48,64,Josef Neugebauer,NIL,PER,Q16956664,Josef Neugebauer,"```json {""wikipedia_page"":""Josef Neugebauer"", ""wikidata_id"":""Q16956664""} ```",17.4526309967041
hidden_test_de_8_sent3,82,107,"Neustadta. Mettan, Böhmen",NIL,LOC,Q1019675,Nové Město nad Metují,"```json {""wikipedia_page"":""Nové Město nad Metují"", ""wikidata_id"":""Q1019675""} ```",10.477435111999512
hidden_test_de_8_sent5,0,7,"Krakau,",Q31487,LOC,NIL,"Krakau,","```json {""wikipedia_page"":""NIL"", ""wikidata_id"":""NIL""} ```",0
hidden_test_de_8_sent6,567,611,Kommissär der Bezirkshauptmannschaft Kubicks,NIL,PER,Q1780147,Kommis,"```json { ""wikipedia_page"": ""Kommis"", ""wikidata_id"": ""Q1780147"" } ```",12.458719253540039
hidden_test_de_8_sent6,686,694,Alvernia,NIL,LOC,Q2416870,Gmina Alwernia,"```json {""wikipedia_page"":""Gmina Alwernia"", ""wikidata_id"":""Q2416870""} ```",19.342689514160156
hidden_test_de_8_sent9,0,17,Kommissär Kubicki,NIL,PER,Q524778,Kommissar,"```json {""wikipedia_page"":""Kommissar"", ""wikidata_id"":""Q524778""} ```",10.661042213439941
hidden_test_de_8_sent14,22,34,Dr. Ostiller,NIL,PER,Q553,Zahn,"```json {""wikipedia_page"":""Zahn"", ""wikidata_id"":""Q553""} ```",8.284730911254883
hidden_test_de_8_sent14,42,79,"Il., Karmelitermarkt,Leopoldsgasse 51",Q1734069,LOC,NIL,"Il., Karmelitermarkt,Leopoldsgasse 51","```json {""wikipedia_page"": ""NIL"", ""wikidata_id"": ""NIL""} ```",0
hidden_test_de_8_sent15,4,19,3979 röm. VIII.,NIL,LOC,Q15826069,"Liste der Asteroiden, Nummer 39001 bis 39500","```json {""wikipedia_page"":""Liste der Asteroiden, Nummer 39001 bis 39500"", ""wikidata_id"":""Q15826069""} ```",14.430232048034668
hidden_test_de_8_sent17,50,58,Dürnbach,Q673446,LOC,Q108940707,Dürnbach,"```json {""wikipedia_page"":""Dürnbach"", ""wikidata_id"":""Q108940707""} ```",27.229949951171875
hidden_test_de_8_sent17,82,91,Peisching,Q673446,LOC,NIL,Peisching,"```json {""wikipedia_page"":""NIL"", ""wikidata_id"":""NIL""} ```",0
hidden_test_de_8_sent17,320,328,Dürnbach,Q673446,LOC,NIL,Dürnbach,"```json {""wikipedia_page"":""NIL"", ""wikidata_id"":""NIL""} ```",0
hidden_test_de_8_sent17,387,399,Frau Pottner,NIL,PER,Q2106582,Pottendorfer Spinnerei,"```json {""wikipedia_page"":""Pottendorfer Spinnerei"", ""wikidata_id"":""Q2106582""} ```",12.576532363891602
hidden_test_de_8_sent19,210,237,Feinputzerei ErnestineGeher,NIL,PER,Q1402030,Feintäschner,"```json { ""wikipedia_page"": ""Feintäschner"", ""wikidata_id"": ""Q1402030"" } ```",17.628324508666992
hidden_test_de_8_sent19,298,317,Firma Anton Schwarz,NIL,ORG,Q15391764,Zschimmer & Schwarz,"```json {""wikipedia_page"":""Zschimmer & Schwarz"", ""wikidata_id"":""Q15391764""} ```",15.823150634765625
hidden_test_de_8_sent19,319,340,"Wien, Nußdorferstraße",NIL,LOC,Q89779506,Nussdorfer Straße,"```json {""wikipedia_page"": ""Nussdorfer Straße"", ""wikidata_id"": ""Q89779506""} ```",17.64834976196289
hidden_test_de_8_sent21,309,328,Firma EduardFischer,NIL,LOC,Q1288325,Eduard Fischer,"```json {""wikipedia_page"":""Eduard Fischer"", ""wikidata_id"":""Q1288325""} ```",15.875103950500488
hidden_test_de_8_sent26,38,53,Alexanderstraße,Q60457793,LOC,NIL,Alexanderstraße,"```json { ""wikipedia_page"": ""Alexanderstraße"", ""wikidata_id"": ""NIL"" } ```",0
hidden_test_de_8_sent33,395,410,Alexanderstraße,Q60457793,LOC,Q152783,Alexanderplatz,"```json { ""wikipedia_page"": ""Alexanderplatz"", ""wikidata_id"": ""Q152783"" } ```",14.864115715026855
hidden_test_de_8_sent47,75,91,Austro=Americana,Q609449,ORG,Q303344,Österreichische Handelsmarine,"```json {""wikipedia_page"":""Österreichische Handelsmarine"", ""wikidata_id"":""Q303344""} ```",17.76951026916504
hidden_test_de_8_sent48,146,175,Sanitäts¬inspektor Dr. Markhl,NIL,PER,Q10855616,Sanitätsoffizier,"```json {""wikipedia_page"":""Sanitätsoffizier"", ""wikidata_id"":""Q10855616""} ```",14.125510215759277
hidden_test_de_8_sent48,179,195,Sankt Bartholomä,NIL,LOC,Q687561,Sankt Bartholomä,"```json {""wikipedia_page"": ""Sankt Bartholomä"", ""wikidata_id"": ""Q687561""} ```",11.407954216003418
hidden_test_de_8_sent51,80,120,Staats¬bahnlokomotivführer Georg Megyery,NIL,PER,Q52160619,Georg Michaelis,"```json {""wikipedia_page"":""Georg Michaelis"", ""wikidata_id"":""Q52160619""} ```",17.639118194580078
hidden_test_de_8_sent54,67,74,Amerika,Q828,LOC,Q30,Vereinigte Staaten,"```json {""wikipedia_page"":""Vereinigte Staaten"", ""wikidata_id"":""Q30""} ```",19.72861099243164
hidden_test_de_8_sent56,116,138,„Feuerspritzenhauses“.,NIL,LOC,Q22616,Feuerbachhaus,"```json {""wikipedia_page"":""Feuerbachhaus"", ""wikidata_id"":""Q22616""} ```",7.534860134124756
hidden_test_de_8_sent57,215,235,"„Feuerspritzenhaus“,",NIL,LOC,Q57016005,Spritzenhaus Lübbenau,"```json {""wikipedia_page"":""Spritzenhaus_Lübbenau"", ""wikidata_id"":""Q57016005""} ```",13.30392837524414
hidden_test_de_8_sent58,4,21,Feuerspritzenhaus,NIL,LOC,Q1195942,Feuerwehrhaus,"```json {""wikipedia_page"": ""Feuerwehrhaus"", ""wikidata_id"": ""Q1195942""} ```",18.100074768066406
hidden_test_de_8_sent58,185,203,Feuerspritzenhause,NIL,LOC,Q898004,Brandhaus,"```json {""wikipedia_page"":""Brandhaus"", ""wikidata_id"":""Q898004""} ```",16.70144271850586
hidden_test_de_8_sent336,74,79,4055.,NIL,LOC,Q62693,Telefonvorwahl,"```json {""wikipedia_page"":""Telefonvorwahl"", ""wikidata_id"":""Q62693""} ```",6.201870918273926
hidden_test_de_8_sent337,77,118,"S. SalzerI., Himmelpfortgasse 3,Mezzanin.",Q20796779,LOC,NIL,"S. SalzerI., Himmelpfortgasse 3,Mezzanin.","```json {""wikipedia_page"":""NIL"", ""wikidata_id"":""NIL""} ```",0
hidden_test_de_8_sent337,127,136,1007/VIII,NIL,LOC,Q2004981,Nummerierung (Telekommunikation),"```json {""wikipedia_page"":""Nummerierung (Telekommunikation)"", ""wikidata_id"":""Q2004981""} ```",5.5556960105896
hidden_test_de_8_sent341,83,94,Marie Locke,NIL,PER,Q94314979,"Mary \""Muds\"" Locke","```json {""wikipedia_page"":""Mary \""Muds\"" Locke"", ""wikidata_id"":""Q94314979""} ```",22.893070220947266
hidden_test_de_8_sent347,15,40,Wien.Wiener Bürgertheater,Q1713589,ORG,Q1741,Wien,"```json {""wikipedia_page"": ""Wien"", ""wikidata_id"": ""Q1741""} ```",19.692951202392578
hidden_test_de_8_sent347,54,78,TegernseerBauerntheaters,NIL,ORG,Q23787672,Tegernseer Volkstheater,"```json {""wikipedia_page"": ""Tegernseer Volkstheater"", ""wikidata_id"": ""Q23787672""} ```",26.81485939025879
hidden_test_de_8_sent364,0,55,Raimund=Theater.Xaver Terofals SchlierscerBauerntheater,NIL,ORG,Q688568,Raimundtheater,"```json {""wikipedia_page"":""Raimundtheater"", ""wikidata_id"":""Q688568""} ```",10.538599014282227
hidden_test_de_8_sent370,10,29,Exl's Tiroler=Bühne,NIL,ORG,Q1383965,Exl-Bühne,"```json {""wikipedia_page"":""Exl-Bühne"", ""wikidata_id"":""Q1383965""} ```",21.564231872558594
hidden_test_de_8_sent382,12,50,9101.Sommertheaterin „Venedig in Wien“,NIL,LOC,Q616349,911,"```json {""wikipedia_page"":""911"", ""wikidata_id"":""Q616349""} ```",13.326726913452148
hidden_test_de_8_sent400,17,32,VerlagOtto & Co,NIL,ORG,Q1253828,Dr. C. Otto & Comp.,"```json {""wikipedia_page"":""Dr. C. Otto & Comp."", ""wikidata_id"":""Q1253828""} ```",17.207277297973633
hidden_test_de_8_sent403,0,43,Oesterreichische Waffenfabriks-Gesellschaft,NIL,ORG,Q306012,Österreichische Waffenfabriks-Gesellschaft,"```json {""wikipedia_page"":""Österreichische Waffenfabriks-Gesellschaft"", ""wikidata_id"":""Q306012""} ```",23.204172134399414
hidden_test_de_8_sent403,47,76,Steyr.Auto-TechnikumStuttgart,Q1022,LOC,Q260320,Steyr,"```json {""wikipedia_page"":""Steyr"", ""wikidata_id"":""Q260320""} ```",18.870464324951172
hidden_test_de_8_sent403,117,149,"Wien, I., WollzeileFilderstr. 63",NIL,LOC,Q1741,Wien,"```json {""wikipedia_page"":""Wien"", ""wikidata_id"":""Q1741""} ```",13.636726379394531
hidden_test_de_8_sent408,9,33,"7. Bez., Kaiserstraße 40",NIL,LOC,Q84870248,Kaiserstraße,"```json {""wikipedia_page"":""Kaiserstraße"", ""wikidata_id"":""Q84870248""} ```",8.14614486694336
hidden_test_de_8_sent409,96,151,"„Zum grossen Mann“., Mariahilferstrasse Nr. 431. Stock.",NIL,LOC,Q614806,Anzug,"```json {""wikipedia_page"": ""Anzug"", ""wikidata_id"": ""Q614806""} ```",7.755171298980713
hidden_test_de_8_sent409,288,329,"Jakob Rothbergen1. Bez., Stephansplatz 9.",Q701662,LOC,NIL,"Jakob Rothbergen1. Bez., Stephansplatz 9.","```json { ""wikipedia_page"": ""NIL"", ""wikidata_id"": ""NIL"" } ```",0
hidden_test_de_8_sent413,9,349,"I., Wipplingerstr. 12.II., Taborstrasse 28.III., Hauptstrasse 36.IV., Margaretenstrasse 4.V., Schönbrunnerstr. 91.VI., Gumpendorferstr. 93.VII., Mariahilferstr. 74 b.VII., Neubaugasse 72.VII. , Lerchenfelderstr. VIII., Josefstädterstr. 73###VIII., Alserstrasse 45.IX., NussdorferstrasseXVIII., Währingerstr. 1###XX., Wallensteinstrasse 2###",Q24073580,LOC,NIL,"I., Wipplingerstr. 12.II., Taborstrasse 28.III., Hauptstrasse 36.IV., Margaretenstrasse 4.V., Schönbrunnerstr. 91.VI., Gumpendorferstr. 93.VII., Mariahilferstr. 74 b.VII., Neubaugasse 72.VII. , Lerchenfelderstr. VIII., Josefstädterstr. 73###VIII., Alserstrasse 45.IX., NussdorferstrasseXVIII., Währingerstr. 1###XX., Wallensteinstrasse 2###","```json {""wikipedia_page"":""NIL"", ""wikidata_id"":""NIL""} ```",0
hidden_test_de_8_sent422,51,74,"Göding Nr. 14, (Mähren)",Q321778,LOC,NIL,"Göding Nr. 14, (Mähren)","```json {""wikipedia_page"":""NIL"", ""wikidata_id"":""NIL""} ```",0
hidden_test_de_8_sent425,51,78,Illustrierte Kronen=Zeitung,Q644103,PROD,NIL,Illustrierte Kronen=Zeitung,"```json {""wikipedia_page"": ""NIL"", ""wikidata_id"": ""NIL""} ```",0
hidden_test_de_8_sent433,84,107,IV. Schleifmühlgasse 1.,NIL,LOC,Q241574,Schleißheimer Straße,"```json {""wikipedia_page"":""Schleißheimer Straße"", ""wikidata_id"":""Q241574""} ```",10.673096656799316
hidden_test_de_8_sent433,120,125,2106.,NIL,LOC,Q214995,Rufnummer,"```json { ""wikipedia_page"": ""Rufnummer"", ""wikidata_id"": ""Q214995"" } ```",6.630503177642822
hidden_test_de_8_sent435,24,36,"Wien, III/1.",Q519552,LOC,Q1741,Wien,"```json {""wikipedia_page"": ""Wien"", ""wikidata_id"": ""Q1741""} ```",15.418037414550781
hidden_test_de_8_sent441,15,65,"Waldheim’s ApothelWien, I., Himmelpfortgasse 14 K.",Q20796779,LOC,NIL,"Waldheim’s ApothelWien, I., Himmelpfortgasse 14 K.","```json {""wikipedia_page"": ""NIL"", ""wikidata_id"": ""NIL""} ```",0
hidden_test_de_10_sent0,66,99,"Kolowrat-Ring, Fichtegasse Nr. 11",NIL,LOC,Q1792117,Kundratstraße,"```json {""wikipedia_page"": ""Kundratstraße"", ""wikidata_id"": ""Q1792117""} ```",14.31402587890625
hidden_test_de_10_sent0,171,183,Wollzeile 20,NIL,LOC,Q877575,Wienzeile,"```json {""wikipedia_page"": ""Wienzeile"", ""wikidata_id"": ""Q877575""} ```",12.375117301940918
hidden_test_de_10_sent1,88,97,Bul¬& Co.,NIL,ORG,Q1004175,Bull,"```json {""wikipedia_page"":""Bull"", ""wikidata_id"":""Q1004175""} ```",15.805651664733887
hidden_test_de_10_sent2,33,53,Haasenstein & Vogler,NIL,ORG,Q56322697,Haasenstein & Vogler,"```json {""wikipedia_page"":""Haasenstein & Vogler"", ""wikidata_id"":""Q56322697""} ```",17.529922485351562
hidden_test_de_10_sent4,64,81,Jäger'sche Buchh.,NIL,ORG,Q1592978,Buchhandlung Antiquariat J. J. Heckenhauer,"```json { ""wikipedia_page"": ""Buchhandlung Antiquariat J. J. Heckenhauer"", ""wikidata_id"": ""Q1592978"" } ```",15.398110389709473
hidden_test_de_10_sent4,85,101,Chr¬'sche Buchh.,NIL,ORG,Q1037297,Carl Christian Horvath,"```json {""wikipedia_page"":""Carl Christian Horvath"", ""wikidata_id"":""Q1037297""} ```",9.81318187713623
hidden_test_de_10_sent4,170,193,Eugen Fort u. H. Engler,NIL,ORG,Q55843743,Hugo Engler,"```json { ""wikipedia_page"": ""Hugo Engler"", ""wikidata_id"": ""Q55843743"" } ```",18.240821838378906
hidden_test_de_10_sent5,12,17,Jenke,NIL,PER,Q23993954,Johann Friedrich Jencke,"```json {""wikipedia_page"": ""Johann Friedrich Jencke"", ""wikidata_id"": ""Q23993954""} ```",18.479263305664062
hidden_test_de_10_sent5,90,104,E. E. Oblieght,NIL,ORG,Q16554382,Ernesto Emanuele Oblieght,"```json {""wikipedia_page"":""Ernesto Emanuele Oblieght"", ""wikidata_id"":""Q16554382""} ```",20.789794921875
hidden_test_de_10_sent33,0,19,Donaufürstenthünmer,Q627527,LOC,NIL,Donaufürstenthünmer,"```json {""wikipedia_page"":""NIL"", ""wikidata_id"":""NIL""} ```",0
hidden_test_de_10_sent35,5,12,Italien,Q172579,LOC,Q38,Italien,"```json { ""wikipedia_page"": ""Italien"", ""wikidata_id"": ""Q38"" } ```",6.324971675872803
hidden_test_de_10_sent36,26,36,F. Münster,NIL,PER,Q61073,Sebastian Münster,"```json { ""wikipedia_page"": ""Sebastian Münster"", ""wikidata_id"": ""Q61073"" } ```",11.485243797302246
hidden_test_de_10_sent38,5,15,Frankreich,Q70802,LOC,Q142,Frankreich,"```json {""wikipedia_page"":""Frankreich"", ""wikidata_id"":""Q142""} ```",17.9696102142334
hidden_test_de_10_sent40,85,93,A. Havas,Q516033,ORG,Q706577,Charles-Louis Havas,"```json { ""wikipedia_page"": ""Charles-Louis Havas"", ""wikidata_id"": ""Q706577"" } ```",17.663803100585938
hidden_test_de_10_sent43,5,13,Spa¬nien,Q497777,LOC,Q29,Spanien,"```json {""wikipedia_page"":""Spanien"", ""wikidata_id"":""Q29""} ```",12.779439926147461
hidden_test_de_10_sent43,16,24,Portugal,Q45670,LOC,Q45,Portugal,"```json {""wikipedia_page"": ""Portugal"", ""wikidata_id"": ""Q45""} ```",10.210468292236328
hidden_test_de_10_sent45,5,37,"S. Liechtl, Chef d. Zeitungsbur.",NIL,PER,Q15829462,Liste der Stadtschreiber von Bern,"```json {""wikipedia_page"":""List der Stadtschreiber von Bern"", ""wikidata_id"":""Q15829462""} ```",8.802532196044922
hidden_test_de_10_sent46,5,12,England,Q21,LOC,Q179876,Königreich England,"```json {""wikipedia_page"": ""Königreich England"", ""wikidata_id"": ""Q179876""} ```",8.309083938598633
hidden_test_de_10_sent48,19,34,91. London-Wall,NIL,LOC,Q60308,London Wall,"```json {""wikipedia_page"":""London Wall"", ""wikidata_id"":""Q60308""} ```",8.791413307189941
hidden_test_de_10_sent49,16,52,"110 Leadenhall-Street E. C., Lon¬don",NIL,LOC,Q866797,Leadenhall Street,"```json {""wikipedia_page"":""Leadenhall Street"", ""wikidata_id"":""Q866797""} ```",11.689242362976074
hidden_test_de_10_sent54,111,118,Spanien,Q497777,LOC,Q80702,Spanisches Kolonialreich,"```json {""wikipedia_page"": ""Spanisches Kolonialreich"", ""wikidata_id"": ""Q80702""} ```",13.200821876525879
hidden_test_de_10_sent55,18,30,Griechenland,Q209065,LOC,Q41,Griechenland,"```json { ""wikipedia_page"": ""Griechenland"", ""wikidata_id"": ""Q41"" } ```",16.011699676513672
hidden_test_de_10_sent55,31,38,Egypten,Q142913,LOC,Q79,Ägypten,"```json {""wikipedia_page"": ""Ägypten"", ""wikidata_id"": ""Q79""} ```",19.933307647705078
hidden_test_de_10_sent58,4,27,nordamerikanische Union,Q30,LOC,NIL,nordamerikanische Union,"```json {""wikipedia_page"":""NIL"", ""wikidata_id"":""NIL""} ```",0
hidden_test_de_10_sent59,63,70,England,Q21,LOC,Q179876,Königreich England,"```json {""wikipedia_page"": ""Königreich England"", ""wikidata_id"": ""Q179876""} ```",15.589460372924805
hidden_test_de_10_sent59,434,440,Mexico,Q170603,LOC,Q96,Mexiko,"```json {""wikipedia_page"":""Mexiko"", ""wikidata_id"":""Q96""} ```",15.070045471191406
hidden_test_de_10_sent62,67,75,Richmond,Q43421,LOC,Q1065334,"Charles Lennox, 3. Duke of Richmond","```json {""wikipedia_page"":""Charles Lennox, 3. Duke of Richmond"", ""wikidata_id"":""Q1065334""} ```",12.597407341003418
hidden_test_de_10_sent62,133,139,Mexico,Q371334,LOC,Q96,Mexiko,"```json {""wikipedia_page"":""Mexico"", ""wikidata_id"":""Q96""} ```",18.619916915893555
hidden_test_de_10_sent96,314,321,Alabama,Q173,LOC,Q591829,Alabamafrage,"```json {""wikipedia_page"": ""Alabamafrage"", ""wikidata_id"": ""Q591829""} ```",10.80192756652832
hidden_test_de_10_sent96,361,371,Washington,Q61,LOC,Q7837295,Vertrag von Washington (1900),"```json {""wikipedia_page"": ""Vertrag von Washington (1900)"", ""wikidata_id"": ""Q7837295""} ```",12.573463439941406
hidden_test_de_10_sent97,275,285,Frankreich,Q58296,LOC,Q142,Frankreich,"```json {""wikipedia_page"":""Frankreich"", ""wikidata_id"":""Q142""} ```",22.35572052001953
hidden_test_de_10_sent100,119,126,Italien,Q170174,LOC,Q838931,Königreich Italien (Heiliges Römisches Reich),"```json {""wikipedia_page"": ""Königreich Italien (Heiliges Römisches Reich)"", ""wikidata_id"": ""Q838931""} ```",16.236364364624023
hidden_test_de_10_sent100,253,256,Rom,Q170174,LOC,Q220,Rom,"```json {""wikipedia_page"":""Rom"", ""wikidata_id"":""Q220""} ```",22.478626251220703
hidden_test_de_10_sent100,625,633,St. Paul,Q231699,ORG,Q1586946,Basilika Hl. Johannes und Paulus,"```json { ""wikipedia_page"": ""Basilika Hl. Johannes und Paulus"", ""wikidata_id"": ""Q1586946"" } ```",18.16919708251953
hidden_test_de_10_sent100,867,876,Leo¬stadt,Q370350,LOC,Q259120,Leopoldstadt,"```json {""wikipedia_page"": ""Leopoldstadt"", ""wikidata_id"": ""Q259120""} ```",12.3997802734375
hidden_test_de_10_sent100,1021,1029,Veronica,Q196653,PER,Q608632,Schweißtuch der Veronika,"```json {""wikipedia_page"": ""Schweißtuch der Veronika"", ""wikidata_id"": ""Q608632""} ```",7.169122695922852
hidden_test_de_10_sent101,55,58,Rom,Q170174,LOC,Q220,Rom,"```json {""wikipedia_page"":""Rom"", ""wikidata_id"":""Q220""} ```",18.43514633178711
hidden_test_de_10_sent104,687,697,Frankreich,Q70802,LOC,Q43482,Franken,"```json {""wikipedia_page"":""Franken"", ""wikidata_id"":""Q43482""} ```",12.207842826843262
hidden_test_de_10_sent104,705,712,Spanien,Q497777,LOC,Q29,Spanien,"```json {""wikipedia_page"":""Spanien"", ""wikidata_id"":""Q29""} ```",19.201583862304688
hidden_test_de_10_sent106,0,4,Wien,Q1741,LOC,NIL,Wien,"```json { ""wikipedia_page"": ""NIL"", ""wikidata_id"": ""NIL"" } ```",0
hidden_test_de_10_sent108,49,57,St. Paul,Q231699,LOC,Q684054,St. Peter und Paul,"```json {""wikipedia_page"": ""St. Peter und Paul"", ""wikidata_id"": ""Q684054""} ```",12.205612182617188
hidden_test_de_10_sent108,508,511,Rom,Q170174,LOC,Q220,Rom,"```json { ""wikipedia_page"":""Rom"", ""wikidata_id"":""Q220"" } ```",24.214229583740234
hidden_test_de_10_sent108,818,867,"Nepot des Papstes, Peter Gae¬tani Graf v. Caserta",Q134646,PER,NIL,"Nepot des Papstes, Peter Gae¬tani Graf v. Caserta","```json {""wikipedia_page"":""NIL"", ""wikidata_id"":""NIL""} ```",0
hidden_test_de_10_sent109,136,159,Basiliken von St. Peter,Q12512,ORG,Q231699,Sankt Paul vor den Mauern,"```json {""wikipedia_page"": ""Sankt Paul vor den Mauern"", ""wikidata_id"": ""Q231699""} ```",14.740985870361328
hidden_test_de_10_sent109,163,167,Paul,Q231699,ORG,Q153043,Peter und Paul,"```json { ""wikipedia_page"": ""Peter und Paul"", ""wikidata_id"": ""Q153043"" } ```",18.949548721313477
hidden_test_de_10_sent109,629,649,Papst Bonifaz' VIII.,NIL,PER,Q134646,Bonifatius VIII.,"```json {""wikipedia_page"":""Bonifatius VIII."", ""wikidata_id"":""Q134646""} ```",24.569042205810547
hidden_test_de_10_sent121,64,99,israelitischen Friedhofe zu Währing,Q872769,LOC,NIL,israelitischen Friedhofe zu Währing,"```json {""wikipedia_page"":""NIL"", ""wikidata_id"":""NIL""} ```",0
hidden_test_de_10_sent123,111,153,"Medicus, 46 Königsstrasse, Jersey, England",NIL,LOC,Q785,Jersey,"```json {""wikipedia_page"": ""Jersey"", ""wikidata_id"": ""Q785""} ```",11.009759902954102
hidden_test_de_10_sent124,0,41,Verantwortlicher Redacteur: Joseph Mitter,NIL,PER,Q876864,Redakteur,"```json {""wikipedia_page"":""Redakteur"", ""wikidata_id"":""Q876864""} ```",16.518680572509766
hidden_test_de_10_sent126,76,80,Köln,Q365,LOC,Q11805,Erzbistum Köln,"```json {""wikipedia_page"": ""Erzbistum Köln"", ""wikidata_id"": ""Q11805""} ```",16.946557998657227
hidden_test_de_10_sent126,89,94,Posen,Q268,LOC,Q1783098,Großherzogtum Posen,"```json {""wikipedia_page"": ""Großherzogtum Posen"", ""wikidata_id"": ""Q1783098""} ```",10.205007553100586
hidden_test_de_10_sent127,41,47,Rochow,NIL,PER,Q2160270,Rochow,"```json {""wikipedia_page"":""Rochow"", ""wikidata_id"":""Q2160270""} ```",11.145975112915039
hidden_test_de_10_sent127,1788,1794,Luther,Q9554,PER,Q75809,Evangelisch-lutherische Kirchen,"```json {""wikipedia_page"":""Evangelisch-lutherische Kirchen"", ""wikidata_id"":""Q75809""} ```",15.535431861877441
hidden_test_de_10_sent127,2115,2121,Rochow,NIL,PER,Q106658357,Rochus III. von Rochow-Plessow,"```json {""wikipedia_page"":""Rochus III. von Rochow-Plessow"", ""wikidata_id"":""Q106658357""} ```",11.901718139648438
hidden_test_de_10_sent128,227,233,Rafael,Q5597,PER,NIL,Rafael,"```json {""wikipedia_page"":""NIL"", ""wikidata_id"":""NIL""} ```",0
hidden_test_de_10_sent130,427,443,FriedrichWilhelm,NIL,PER,Q2677,Wilhelm II.,"```json {""wikipedia_page"":""Wilhelm II."", ""wikidata_id"":""Q2677""} ```",19.49361228942871
hidden_test_de_10_sent134,1158,1164,Rochow,NIL,PER,Q2160270,Rochow,"```json {""wikipedia_page"":""Rochow"", ""wikidata_id"":""Q2160270""} ```",14.146455764770508
hidden_test_de_10_sent146,6,13,Amerika,Q30,LOC,Q828,Amerika,"```json { ""wikipedia_page"": ""Amerika"", ""wikidata_id"": ""Q828"" } ```",8.417241096496582
hidden_test_de_10_sent146,23,33,Staatsbahn,NIL,ORG,Q2324835,Staatsbahn,"```json {""wikipedia_page"":""Staatsbahn"", ""wikidata_id"":""Q2324835""} ```",11.773588180541992
hidden_test_de_10_sent262,263,268,Agram,Q1435,LOC,Q395955,Agramer Zeitung,"```json {""wikipedia_page"":""Agramer Zeitung"", ""wikidata_id"":""Q395955""} ```",13.000885963439941
hidden_test_de_10_sent262,270,275,Lissa,Q203767,LOC,NIL,Lissa,"```json {""wikipedia_page"":""Lissa"", ""wikidata_id"":""NIL""} ```",0
hidden_test_de_10_sent262,437,442,Lissa,Q203767,LOC,Q22692636,Lissa,"```json {""wikipedia_page"":""Lissa"",""wikidata_id"":""Q22692636""} ```",14.939467430114746
hidden_test_de_10_sent263,107,113,Irland,Q57695350,LOC,Q22890,Irland,"```json {""wikipedia_page"": ""Irland"", ""wikidata_id"": ""Q22890""} ```",20.650043487548828
hidden_test_de_10_sent263,516,530,Mittel=Italien,Q172579,LOC,Q1127320,Mittelitalien,"```json {""wikipedia_page"":""Mittelitalien"", ""wikidata_id"":""Q1127320""} ```",17.827211380004883
hidden_test_de_10_sent265,94,104,Hohe Warte,Q876564,LOC,Q190033,Zentralanstalt für Meteorologie und Geodynamik,"```json {""wikipedia_page"": ""Zentralanstalt für Meteorologie und Geodynamik"", ""wikidata_id"": ""Q190033""} ```",15.52987003326416
hidden_test_de_10_sent274,0,12,Nationalbank,Q670723,ORG,Q560183,Reichsbank,"```json {""wikipedia_page"":""Reichsbank"", ""wikidata_id"":""Q560183""} ```",15.780801773071289
hidden_test_de_10_sent275,4,14,Anglo=Bank,Q1418039,ORG,Q105886527,Anglo-Deutsche Bank,"```json { ""wikipedia_page"": ""Anglo-Deutsche Bank"", ""wikidata_id"": ""Q105886527"" } ```",13.224398612976074
hidden_test_de_10_sent276,4,14,Staatsbahn,NIL,ORG,Q2324835,Staatsbahn,"```json {""wikipedia_page"":""Staatsbahn"", ""wikidata_id"":""Q2324835""} ```",19.15839385986328
hidden_test_de_10_sent276,53,68,Karl=Ludwigbahn,Q554551,ORG,Q1412111,Pfälzische Ludwigsbahn-Gesellschaft,"```json {""wikipedia_page"": ""Pfälzische Ludwigsbahn-Gesellschaft"", ""wikidata_id"": ""Q1412111""} ```",21.226425170898438
hidden_test_de_10_sent277,29,40,Vereinsbank,NIL,ORG,Q15805546,Deutsche Vereinsbank,"```json { ""wikipedia_page"": ""Deutsche Vereinsbank"", ""wikidata_id"": ""Q15805546"" } ```",22.263275146484375
hidden_test_de_10_sent277,49,60,Franco=Bank,NIL,ORG,Q1444929,Frankfurter Bank,"```json {""wikipedia_page"":""Frankfurter Bank"", ""wikidata_id"":""Q1444929""} ```",16.726221084594727
hidden_test_de_10_sent278,33,59,Allgemeine Baugesellschaft,Q1770478,ORG,NIL,Allgemeine Baugesellschaft,"```json {""wikipedia_page"":""Allgemeine Baugesellschaft"", ""wikidata_id"":""NIL""} ```",0
hidden_test_de_10_sent278,76,98,Wiener Baugesellschaft,NIL,ORG,Q21036454,Union Baugesellschaft auf Aktien,"```json {""wikipedia_page"":""Union Baugesellschaft auf Aktien"", ""wikidata_id"":""Q21036454""} ```",26.14655303955078
hidden_test_de_10_sent279,12,21,Bauverein,NIL,ORG,Q4986589,Bauverein,"```json {""wikipedia_page"":""Bauverein"", ""wikidata_id"":""Q4986589""} ```",12.028000831604004
hidden_test_de_10_sent280,11,40,Brigittenauer Baugesellschaft,NIL,ORG,Q14537878,Liste der Wiener Gemeindebauten/Brigittenau,"```json {""wikipedia_page"":""Liste der Wiener Gemeindebauten/Brigittenau"", ""wikidata_id"":""Q14537878""} ```",18.323713302612305
hidden_test_de_10_sent282,38,48,Anglo=Bank,Q1418039,ORG,Q105886527,Anglo-Deutsche Bank,"```json { ""wikipedia_page"": ""Anglo-Deutsche Bank"", ""wikidata_id"": ""Q105886527"" } ```",12.309303283691406
hidden_test_de_10_sent282,61,83,Hypothekar=Renten¬bank,NIL,ORG,Q56481420,Hypothekenbank in Hamburg,"```json { ""wikipedia_page"": ""Hypothekenbank in Hamburg"", ""wikidata_id"": ""Q56481420"" } ```",14.309553146362305
hidden_test_de_10_sent282,88,99,Vereinsbank,NIL,ORG,Q15805546,Deutsche Vereinsbank,"```json {""wikipedia_page"":""Deutsche Vereinsbank"", ""wikidata_id"":""Q15805546""} ```",17.07440185546875
hidden_test_de_10_sent282,119,129,Staatsbahn,NIL,ORG,Q2324835,Staatsbahn,"```json { ""wikipedia_page"": ""Staatsbahn"", ""wikidata_id"": ""Q2324835"" } ```",13.04248332977295
hidden_test_de_10_sent285,115,124,Unionbank,Q63437767,ORG,Q42965621,Böhmische Union-Bank,"```json {""wikipedia_page"":""Böhmische Union-Bank"", ""wikidata_id"":""Q42965621""} ```",16.82673454284668
hidden_test_de_10_sent285,145,166,Hypothekar=Rentenbank,NIL,ORG,Q1641457,Hypothekenbank,"```json {""wikipedia_page"": ""Hypothekenbank"", ""wikidata_id"": ""Q1641457""} ```",16.911462783813477
hidden_test_de_10_sent286,0,26,Allgemeine Baugesellschaft,Q1770478,ORG,NIL,Allgemeine Baugesellschaft,"```json {""wikipedia_page"": ""NIL"", ""wikidata_id"": ""NIL""} ```",0
hidden_test_de_10_sent288,0,10,Staatsbahn,NIL,ORG,Q2324835,Staatsbahn,"```json {""wikipedia_page"": ""Staatsbahn"", ""wikidata_id"": ""Q2324835""} ```",15.327160835266113
hidden_test_de_10_sent289,153,163,Anglo=Bank,Q1418039,ORG,Q105886527,Anglo-Deutsche Bank,"```json {""wikipedia_page"":""Anglo-Deutsche Bank"", ""wikidata_id"":""Q105886527""} ```",15.286548614501953
hidden_test_de_10_sent290,3,12,Unionbank,Q63437767,ORG,Q2494468,Union-Bank,"```json {""wikipedia_page"": ""Union-Bank"", ""wikidata_id"": ""Q2494468""} ```",14.646059036254883
hidden_test_de_10_sent291,4,15,Vereinsbank,NIL,ORG,Q812300,Bayerische Vereinsbank,"```json {""wikipedia_page"":""Bayerische Vereinsbank"", ""wikidata_id"":""Q812300""} ```",24.406848907470703
hidden_test_de_10_sent291,20,41,Hypothekar=Rentenbank,NIL,ORG,Q1641457,Hypothekenbank,"```json {""wikipedia_page"":""Hypothekenbank"", ""wikidata_id"":""Q1641457""} ```",19.995746612548828
hidden_test_de_10_sent292,4,34,Italisch=Oesterreichische Bank,NIL,ORG,Q4056136,Oesterreichisch-ungarische Bank,"```json { ""wikipedia_page"": ""Oesterreichisch-ungarische Bank"", ""wikidata_id"": ""Q4056136"" } ```",24.435932159423828
hidden_test_de_10_sent292,46,79,Allge¬meine Oesterreichische Bank,NIL,ORG,Q889479,Allgemeine Bodencreditanstalt,"```json {""wikipedia_page"": ""Allgemeine Bodencreditanstalt"", ""wikidata_id"": ""Q889479""} ```",20.646324157714844
hidden_test_de_10_sent295,62,178,NationalbankCreditanstaltN.=Oe. EscomptebankAnglo=AustrianbankFranco=AustriabankUnionbankBankvereinOesterr. Vereinsb,NIL,ORG,Q670723,Oesterreichische Nationalbank,"```json {""wikipedia_page"": ""Oesterreichische Nationalbank"", ""wikidata_id"": ""Q670723""} ```",17.19704818725586
hidden_test_de_10_sent296,0,51,Donau=Dampfsch.TramwayVerkehrsbankAustro=Egyptische,NIL,ORG,Q697026,Erste Donau-Dampfschiffahrts-Gesellschaft,"```json {""wikipedia_page"": ""Erste Donau-Dampfschiffahrts-Gesellschaft"", ""wikidata_id"": ""Q697026""} ```",7.172652244567871
hidden_test_de_10_sent304,14,118,WechslerbankNordbahnStaatsbahnSüdbahnElisabethbahnKarl=LudwigbahnTheißbahnPardubitzerNordwestbahnFrankf.,Q1794,LOC,NIL,WechslerbankNordbahnStaatsbahnSüdbahnElisabethbahnKarl=LudwigbahnTheißbahnPardubitzerNordwestbahnFrankf.,"```json {""wikipedia_page"":"""", ""wikidata_id"":""NIL""} ```",0
hidden_test_de_10_sent304,177,185,Napoleon,Q7721,PER,Q733369,Napoléon d'or,"```json {""wikipedia_page"":""Napoléon d'or"", ""wikidata_id"":""Q733369""} ```",13.528366088867188
hidden_test_de_10_sent325,9,20,WienHambrg.,Q1055,LOC,NIL,WienHambrg.,"```json {""wikipedia_page"":""NIL"", ""wikidata_id"":""NIL""} ```",0
hidden_test_de_10_sent327,81,90,Unionbank,Q63437767,ORG,Q42965621,Böhmische Union-Bank,"```json {""wikipedia_page"":""Böhmische Union-Bank"", ""wikidata_id"":""Q42965621""} ```",23.15077018737793
hidden_test_de_10_sent327,95,106,Vereinsbank,NIL,ORG,Q1681315,Wiener Bankverein,"```json {""wikipedia_page"": ""Wiener Bankverein"", ""wikidata_id"": ""Q1681315""} ```",26.09568977355957
hidden_test_de_10_sent328,20,49,Italisch=OesterreichischeBank,NIL,ORG,Q4056136,Oesterreichisch-ungarische Bank,"```json { ""wikipedia_page"": ""Oesterreichisch-ungarische Bank"", ""wikidata_id"": ""Q4056136"" } ```",14.953763008117676
hidden_test_de_10_sent330,4,30,Allgemeine Baugesellschaft,Q1770478,ORG,NIL,Allgemeine Baugesellschaft,"```json {""wikipedia_page"":""NIL"", ""wikidata_id"":""NIL""} ```",0
hidden_test_de_10_sent332,4,33,Parcellirungs=Baugesellschaft,NIL,ORG,Q19252952,Beteiligungsgesellschaft,"```json {""wikipedia_page"":""Beteiligungsgesellschaft"", ""wikidata_id"":""Q19252952""} ```",13.99885368347168
hidden_test_de_10_sent332,38,66,BrigittenauerBaugesellschaft,NIL,ORG,Q14537878,Liste der Wiener Gemeindebauten/Brigittenau,"```json { ""wikipedia_page"": ""Liste der Wiener Gemeindebauten/Brigittenau"", ""wikidata_id"": ""Q14537878""} ```",16.630691528320312
hidden_test_de_10_sent332,93,108,Karl=Ludwigbahn,Q554551,ORG,Q877295,Rudolfsbahn,"```json {""wikipedia_page"":""Rudolfsbahn"", ""wikidata_id"":""Q877295""} ```",21.10509490966797
hidden_test_de_10_sent338,3,17,Konstantinopel,Q406,LOC,Q16869,Konstantinopel,"```json {""wikipedia_page"":""Konstantinopel"", ""wikidata_id"":""Q16869""} ```",19.825586318969727
hidden_test_de_10_sent343,3,11,Oesterr.,Q533534,LOC,Q131964,Kaisertum Österreich,"```json {""wikipedia_page"": ""Kaisertum Österreich"", ""wikidata_id"": ""Q131964""} ```",10.043248176574707
hidden_test_de_10_sent346,16,26,Staatsbahn,NIL,ORG,Q2324835,Staatsbahn,"```json {""wikipedia_page"":""Staatsbahn"", ""wikidata_id"":""Q2324835""} ```",13.846587181091309
hidden_test_de_10_sent347,32,51,Anglo=Deutsche Bank,NIL,ORG,Q105886527,Anglo-Deutsche Bank,"```json {""wikipedia_page"":""Anglo-Deutsche Bank"", ""wikidata_id"":""Q105886527""} ```",23.136951446533203
hidden_test_de_10_sent348,3,19,Wiener Unionbank,Q63437767,ORG,NIL,Wiener Unionbank,"```json {""wikipedia_page"":"""", ""wikidata_id"":""NIL""} ```",0
hidden_test_de_10_sent352,621,631,Staatsbahn,NIL,ORG,Q277030,k.k. Staatsbahnen,"```json {""wikipedia_page"":""k.k. Staatsbahnen"", ""wikidata_id"":""Q277030""} ```",19.060792922973633
hidden_test_de_10_sent352,828,839,Staats¬bahn,NIL,ORG,Q277030,k.k. Staatsbahnen,"```json {""wikipedia_page"": ""k.k. Staatsbahnen"", ""wikidata_id"": ""Q277030""} ```",17.871429443359375
hidden_test_de_10_sent352,1048,1058,österreich,Q533534,LOC,Q131964,Kaisertum Österreich,"```json {""wikipedia_page"":""Kaisertum Österreich"", ""wikidata_id"":""Q131964""} ```",16.248550415039062
hidden_test_de_10_sent352,1106,1116,österreich,Q533534,LOC,Q131964,Kaisertum Österreich,"```json {""wikipedia_page"":""Kaisertum Österreich"", ""wikidata_id"":""Q131964""} ```",14.142210960388184
hidden_test_de_10_sent352,1162,1172,Staatsbahn,NIL,ORG,Q2324835,Staatsbahn,"```json {""wikipedia_page"": ""Staatsbahn"", ""wikidata_id"": ""Q2324835""} ```",20.66705322265625
hidden_test_de_10_sent352,1353,1360,Amerika,Q30,LOC,Q828,Amerika,"```json {""wikipedia_page"":""Amerika"", ""wikidata_id"":""Q828""} ```",14.112105369567871
hidden_test_de_10_sent354,41,50,Frankfurt,Q1794,LOC,Q704300,Freie Stadt Frankfurt,"```json {""wikipedia_page"":""Freie Stadt Frankfurt"", ""wikidata_id"":""Q704300""} ```",6.891031265258789
hidden_test_de_10_sent355,0,5,Paris,Q90,LOC,NIL,Paris,"```json {""wikipedia_page"":""NIL"", ""wikidata_id"":""NIL""} ```",0
hidden_test_de_10_sent365,4,19,Banque de Paris,Q3365072,ORG,NIL,Banque de Paris,"```json { ""wikipedia_page"": ""NIL"", ""wikidata_id"": ""NIL"" } ```",0
hidden_test_de_10_sent365,26,52,OesterreichischeStaatsbahn,NIL,ORG,Q298969,Österreichisch-ungarische Staatseisenbahngesellschaft,"```json { ""wikipedia_page"": ""Österreichisch-ungarische Staatseisenbahngesellschaft"", ""wikidata_id"": ""Q298969"" } ```",31.455591201782227
hidden_test_de_10_sent377,28,49,Oesterr. See¬handlung,NIL,ORG,Q23581598,Ostseehandel,"```json { ""wikipedia_page"": ""Ostseehandel"", ""wikidata_id"": ""Q23581598"" } ```",14.260489463806152
hidden_test_de_10_sent378,30,51,Oesterr. See¬handlung,NIL,ORG,Q303344,Österreichische Handelsmarine,"```json {""wikipedia_page"": ""Österreichische Handelsmarine"", ""wikidata_id"": ""Q303344""} ```",19.486234664916992
hidden_test_de_10_sent380,60,66,Europa,Q46,LOC,Q27496,Westeuropa,"```json {""wikipedia_page"":""Westeuropa"", ""wikidata_id"":""Q27496""} ```",14.59874153137207
hidden_test_de_10_sent380,72,78,Irland,Q57695350,LOC,Q22890,Irland,"```json { ""wikipedia_page"": ""Irland"", ""wikidata_id"": ""Q22890"" } ```",21.53995132446289
hidden_test_de_10_sent390,6,11,J. F.,NIL,PER,Q1693588,Johann Friedrich Joel,"```json { ""wikipedia_page"": ""Johann Friedrich Joel"", ""wikidata_id"": ""Q1693588"" } ```",13.999930381774902
hidden_test_de_10_sent390,15,23,Toloplas,NIL,LOC,Q1325973,Tlos,"```json {""wikipedia_page"":""Tlos"", ""wikidata_id"":""Q1325973""} ```",14.988083839416504
hidden_test_de_10_sent390,29,53,Kaiserin von Oesterreich,NIL,ORG,Q150782,Elisabeth von Österreich-Ungarn,"```json {""wikipedia_page"":""Elisabeth von Österreich-Ungarn"", ""wikidata_id"":""Q150782""} ```",13.739938735961914
hidden_test_de_10_sent392,0,21,K. k. Hofburg-Theater,Q45350189,LOC,Q308720,Burgtheater,"```json {""wikipedia_page"":""Burgtheater"", ""wikidata_id"":""Q308720""} ```",11.233560562133789
hidden_test_de_10_sent393,75,103,G. v. MoserEduard SternMarie,NIL,PER,Q214573,Gustav von Moser,"```json {""wikipedia_page"":""Gustav von Moser"", ""wikidata_id"":""Q214573""} ```",19.831300735473633
hidden_test_de_10_sent394,5,12,Heisler,NIL,PER,Q5701070,Heisler,"```json {""wikipedia_page"":""Heisler"", ""wikidata_id"":""Q5701070""} ```",9.914588928222656
hidden_test_de_10_sent395,4,10,Luaack,NIL,PER,Q1380161,Ludwig von Aulack,"```json {""wikipedia_page"":""Ludwig von Aulack"", ""wikidata_id"":""Q1380161""} ```",7.652959823608398
hidden_test_de_10_sent395,15,23,Brückner,NIL,PER,Q16860578,Bruckner,"```json {""wikipedia_page"":""Brückner"", ""wikidata_id"":""Q16860578""} ```",13.01612663269043
hidden_test_de_10_sent397,4,8,Wüst,NIL,PER,Q105803,Eduard Wüst,"```json {""wikipedia_page"":""Eduard Wüst"", ""wikidata_id"":""Q105803""} ```",4.384851455688477
hidden_test_de_10_sent400,29,37,Lewinsky,Q1707508,PER,NIL,Lewinsky,"```json {""wikipedia_page"":""NIL"", ""wikidata_id"":""NIL""} ```",0
hidden_test_de_10_sent405,1,23,K. k. Hof-Operntheater,Q209937,LOC,Q56296864,Hofoper,"```json { ""wikipedia_page"":""Hofoper"", ""wikidata_id"":""Q56296864"" } ```",14.759132385253906
hidden_test_de_10_sent408,25,35,Rokitensky,NIL,PER,Q78714,Carl von Rokitansky,"```json {""wikipedia_page"":""Carl von Rokitansky"", ""wikidata_id"":""Q78714""} ```",15.230030059814453
hidden_test_de_10_sent409,0,18,"Don Diego, Admiral",NIL,PER,Q452379,Diego Kolumbus,"```json {""wikipedia_page"": ""Diego Kolumbus"", ""wikidata_id"": ""Q452379""} ```",11.38885498046875
hidden_test_de_10_sent412,14,18,Pirk,NIL,PER,Q56540267,Pirker,"```json {""wikipedia_page"":""Pirker"", ""wikidata_id"":""Q56540267""} ```",9.974594116210938
hidden_test_de_10_sent413,24,31,Draxler,NIL,PER,Q12787873,Draksler,"```json {""wikipedia_page"":""Draksler"", ""wikidata_id"":""Q12787873""} ```",19.150529861450195
hidden_test_de_10_sent415,24,28,Peck,NIL,PER,Q16881065,Peck,"```json { ""wikipedia_page"": ""Peck"", ""wikidata_id"": ""Q16881065"" } ```",12.820962905883789
hidden_test_de_10_sent417,0,23,"=Materne.Anna, Dienerin",NIL,PER,Q2313151,Diener,"```json { ""wikipedia_page"": ""Diener"", ""wikidata_id"": ""Q2313151"" } ```",5.5505900382995605
hidden_test_de_10_sent417,29,35,Worani,NIL,PER,Q1572622,Waorani,"```json {""wikipedia_page"":""Waorani"", ""wikidata_id"":""Q1572622""} ```",13.769728660583496
hidden_test_de_10_sent419,20,23,Lay,NIL,PER,Q349497,Benjamin Lay,"```json {""wikipedia_page"":""Benjamin Lay"", ""wikidata_id"":""Q349497""} ```",13.17701530456543
hidden_test_de_10_sent420,16,26,Soutscheck,NIL,PER,Q65013481,Friedrich von Suhtscheck-Hauschka,"```json {""wikipedia_page"":""Friedrich von Suhtscheck-Hauschka"", ""wikidata_id"":""Q65013481""} ```",10.098780632019043
hidden_test_de_10_sent421,0,20,Wiener Stadt-Theater,Q43436391,LOC,Q2569106,Wiener Stadttheater,"```json { ""wikipedia_page"": ""Wiener Stadttheater"", ""wikidata_id"": ""Q2569106"" } ```",25.55173110961914
hidden_test_de_10_sent424,0,29,"Elisabeth, Königin vonEngland",Q179876,LOC,NIL,"Elisabeth, Königin vonEngland","```json {""wikipedia_page"": ""NIL"", ""wikidata_id"": ""NIL""} ```",0
hidden_test_de_10_sent427,35,46,Mochatschek,NIL,PER,Q146456,Mukatschewo,"```json {""wikipedia_page"":""Mukatschewo"", ""wikidata_id"":""Q146456""} ```",13.92108154296875
hidden_test_de_10_sent428,70,80,A. Bittner,Q19501972,PER,NIL,A. Bittner,"```json {""wikipedia_page"":""NIL"", ""wikidata_id"":""NIL""} ```",0
hidden_test_de_10_sent429,39,45,Blasel,Q1730504,PER,NIL,Blasel,"```json {""wikipedia_page"":"""", ""wikidata_id"":""NIL""} ```",0
hidden_test_de_10_sent430,4,10,Blasel,Q18221357,PER,NIL,Blasel,"```json {""wikipedia_page"":""NIL"", ""wikidata_id"":""NIL""} ```",0
hidden_test_de_10_sent431,76,99,August HolbrichMaschler,NIL,PER,Q214623,Arthur Holitscher,"```json {""wikipedia_page"":""Arthur Holitscher"", ""wikidata_id"":""Q214623""} ```",18.24553680419922
hidden_test_de_10_sent431,154,163,Bleibtreu,Q18221370,PER,NIL,Bleibtreu,"```json { ""wikipedia_page"": ""NIL"", ""wikidata_id"": ""NIL"" } ```",0
hidden_test_de_10_sent432,5,13,Brückner,NIL,PER,Q16860578,Bruckner,"```json {""wikipedia_page"":""Brückner"", ""wikidata_id"":""Q16860578""} ```",13.14616584777832
hidden_test_de_10_sent433,4,11,Möhring,NIL,PER,Q21513047,Möhring,"```json {""wikipedia_page"": ""Möhring"", ""wikidata_id"": ""Q21513047""} ```",17.947214126586914
hidden_test_de_10_sent434,4,17,Mettenleitner,NIL,PER,Q1694914,Johann Jakob Mettenleiter,"```json {""wikipedia_page"":""Johann Jakob Mettenleiter"", ""wikidata_id"":""Q1694914""} ```",19.188453674316406
hidden_test_de_10_sent434,21,30,Schreiner,NIL,PER,Q1362756,Schreiner,"```json { ""wikipedia_page"": ""Schreiner"", ""wikidata_id"": ""Q1362756"" } ```",17.269746780395508
hidden_test_de_10_sent435,4,15,Braunmüller,Q19284507,PER,Q816928,Benedikt Braunmüller,"```json {""wikipedia_page"":""Benedikt Braunmüller"", ""wikidata_id"":""Q816928""} ```",14.746488571166992
hidden_test_de_10_sent435,19,26,Kracher,Q21033423,PER,NIL,Kracher,"```json {""wikipedia_page"": ""Kracher"", ""wikidata_id"": ""NIL""} ```",0
hidden_test_de_10_sent437,4,10,Zelend,NIL,PER,Q28820305,Zelen,"```json { ""wikipedia_page"": ""Zelen"", ""wikidata_id"": ""Q28820305"" } ```",7.56397008895874
hidden_test_de_10_sent439,27,33,Matras,Q1705232,PER,Q756096,Mátra-Gebirge,"```json {""wikipedia_page"":""Mátra-Gebirge"", ""wikidata_id"":""Q756096""} ```",7.027583122253418
hidden_test_de_10_sent442,4,15,Braunmüller,Q19284507,PER,NIL,Braunmüller,"```json { ""wikipedia_page"": ""NIL"", ""wikidata_id"": ""NIL"" } ```",0
hidden_test_de_10_sent443,0,13,Robert Dudley,NIL,PER,Q318017,"Robert Dudley, 1. Earl of Leicester","```json {""wikipedia_page"": ""Robert Dudley, 1. Earl of Leicester"", ""wikidata_id"": ""Q318017""} ```",19.388427734375
hidden_test_de_10_sent444,17,22,Arnau,Q1725524,PER,Q16766247,Arnau,"```json { ""wikipedia_page"": ""Arnau"", ""wikidata_id"": ""Q16766247"" } ```",11.778864860534668
hidden_test_de_10_sent445,18,27,Friedmann,NIL,PER,Q108421,Wilhelm Friedmann,"```json {""wikipedia_page"":""Wilhelm Friedmann"", ""wikidata_id"":""Q108421""} ```",16.67066764831543
hidden_test_de_10_sent446,0,12,Graf v. Kent,NIL,PER,Q28989,Graf,"```json { ""wikipedia_page"": ""Graf"", ""wikidata_id"": ""Q28989"" } ```",14.449981689453125
hidden_test_de_10_sent447,20,25,Urban,NIL,PER,Q11878943,Urban,"```json { ""wikipedia_page"": ""Urban"", ""wikidata_id"": ""Q11878943"" } ```",14.556317329406738
hidden_test_de_10_sent448,0,12,Amias Paulet,NIL,PER,Q4347177,Amias Paulet,"```json { ""wikipedia_page"": ""Amias Paulet"", ""wikidata_id"": ""Q4347177"" } ```",19.496917724609375
hidden_test_de_10_sent448,17,25,Baillant,NIL,PER,Q3052552,Emmanuel Baillon,"```json {""wikipedia_page"":""Emmanuel Baillon"", ""wikidata_id"":""Q3052552""} ```",14.993969917297363
hidden_test_de_10_sent449,0,8,Mortimer,NIL,PER,Q18822560,Mortimer,"```json {""wikipedia_page"":""Mortimer"", ""wikidata_id"":""Q18822560""} ```",17.866132736206055
hidden_test_de_10_sent449,25,31,Senger,Q23061647,PER,NIL,Senger,"```json {""wikipedia_page"":""NIL"", ""wikidata_id"":""NIL""} ```",0
hidden_test_de_10_sent450,19,24,Greve,NIL,PER,Q553041,Greve,"```json {""wikipedia_page"":""Greve"", ""wikidata_id"":""Q553041""} ```",18.35451316833496
hidden_test_de_10_sent451,0,14,Graf Bellievre,NIL,PER,Q3396109,Pomponne de Bellièvre,"```json {""wikipedia_page"":""Pomponne de Bellièvre"", ""wikidata_id"":""Q3396109""} ```",15.7040376663208
hidden_test_de_10_sent451,19,23,Saar,NIL,PER,Q153972,Saar,"```json {""wikipedia_page"":""Saar"", ""wikidata_id"":""Q153972""} ```",16.950162887573242
hidden_test_de_10_sent452,0,6,Okelin,NIL,PER,Q51844784,Jocelin,"```json {""wikipedia_page"":""Jocelin"", ""wikidata_id"":""Q51844784""} ```",11.528389930725098
hidden_test_de_10_sent452,30,37,Meixner,Q1522031,PER,NIL,Meixner,"```json {""wikipedia_page"":"""", ""wikidata_id"":""NIL""} ```",0
hidden_test_de_10_sent453,0,22,"Melvil, Haushofmeister",NIL,PER,Q13729047,Hausmeister,"```json {""wikipedia_page"":""Hausmeister"", ""wikidata_id"":""Q13729047""} ```",14.350696563720703
hidden_test_de_10_sent454,0,13,Hanna Kennedy,NIL,PER,Q15729071,Hanna,"```json {""wikipedia_page"": ""Hanna"", ""wikidata_id"": ""Q15729071""} ```",9.291563034057617
hidden_test_de_10_sent454,19,27,Schäffel,NIL,PER,Q27382246,Schäffer,"```json {""wikipedia_page"":""Schäffer"", ""wikidata_id"":""Q27382246""} ```",13.348991394042969
hidden_test_de_10_sent460,118,129,G. v. Zay##,NIL,PER,Q1466895,Karl Zay von Csömör,"```json {""wikipedia_page"":""Karl Zay von Csömör"", ""wikidata_id"":""Q1466895""} ```",14.973102569580078
hidden_test_de_10_sent461,0,23,Fürst-Theater im Prater,Q1703110,LOC,Q264752,Prater,"```json {""wikipedia_page"":""Prater"",""wikidata_id"":""Q264752""} ```",13.58953857421875
hidden_test_de_10_sent467,8,21,Tuchlauben 16,NIL,LOC,Q94395059,Tuchlauben,"```json { ""wikipedia_page"": ""Tuchlauben"", ""wikidata_id"": ""Q94395059"" } ```",11.524247169494629
hidden_test_de_10_sent469,38,54,Tuchlauben Nr. 8,NIL,LOC,Q94395059,Tuchlauben,"```json {""wikipedia_page"": ""Tuchlauben"", ""wikidata_id"": ""Q94395059""} ```",16.06230926513672
hidden_test_de_10_sent471,0,19,Lothringerstrasse 9,Q1852623,LOC,NIL,Lothringerstrasse 9,"```json {""wikipedia_page"":"""", ""wikidata_id"":""NIL""} ```",0
hidden_test_de_10_sent473,0,11,CIRCUS RENZ,Q60583150,LOC,Q1092984,Circus Renz,"```json {""wikipedia_page"":""Circus Renz"", ""wikidata_id"":""Q1092984""} ```",19.86553955078125
hidden_test_de_10_sent473,12,40,"Leopoldstadt, Circusgasse 44",NIL,LOC,Q259120,Leopoldstadt,"```json {""wikipedia_page"":""Leopoldstadt"", ""wikidata_id"":""Q259120""} ```",17.49321746826172
hidden_test_de_10_sent475,69,74,Heger,NIL,PER,Q40212381,Heger,"```json {""wikipedia_page"": ""Heger"", ""wikidata_id"": ""Q40212381""} ```",21.976177215576172
hidden_test_de_10_sent477,106,137,brasilianische Waldmensch Ollve,NIL,PER,Q2541706,Waldmensch,"```json {""wikipedia_page"":""Waldmensch"", ""wikidata_id"":""Q2541706""} ```",13.563692092895508
hidden_test_de_10_sent478,35,50,komiker Belling,NIL,PER,Q104145248,Thomas Belling,"```json { ""wikipedia_page"": ""Thomas Belling"", ""wikidata_id"": ""Q104145248"" } ```",16.356155395507812
hidden_test_de_10_sent482,0,30,Schwender’sNeue Welt Colosseum,Q1752074,ORG,NIL,Schwender’sNeue Welt Colosseum,"```json {""wikipedia_page"":""NIL"", ""wikidata_id"":""NIL""} ```",0
hidden_test_de_10_sent485,0,7,Strauss,Q13894,PER,NIL,Strauss,"```json {""wikipedia_page"":""NIL"", ""wikidata_id"":""NIL""} ```",0
hidden_test_de_10_sent488,0,19,Pianoforte - Fabrik,Q697519,ORG,Q5994,Klavier,"```json {""wikipedia_page"":""Klavier"", ""wikidata_id"":""Q5994""} ```",18.845308303833008
hidden_test_de_10_sent488,22,31,J. Becker,Q4081370,PER,NIL,J. Becker,"```json {""wikipedia_page"":""NIL"", ""wikidata_id"":""NIL""} ```",0
hidden_test_de_11_sent0,104,120,radicalen Partei,Q1282536,ORG,Q334410,Serbische Radikale Partei,"```json {""wikipedia_page"": ""Serbische Radikale Partei"", ""wikidata_id"": ""Q334410""} ```",13.621657371520996
hidden_test_de_11_sent2,0,28,Oesterreichischer Reichsrath,Q697775,ORG,NIL,Oesterreichischer Reichsrath,"```json {""wikipedia_page"":""NIL"", ""wikidata_id"":""NIL""} ```",0
hidden_test_de_11_sent4,4,20,Abgeordnetenhaus,Q320261,ORG,Q316276,Preußisches Abgeordnetenhaus,"```json {""wikipedia_page"":""Preußisches Abgeordnetenhaus"", ""wikidata_id"":""Q316276""} ```",15.879005432128906
hidden_test_de_11_sent4,75,97,Ministeriums desInnern,Q358589,ORG,Q530845,Reichsministerium des Innern,"```json { ""wikipedia_page"": ""Reichsministerium des Innern"", ""wikidata_id"": ""Q530845"" } ```",15.458812713623047
hidden_test_de_11_sent4,355,374,AbgeordneteRutowski,Q9354806,PER,NIL,AbgeordneteRutowski,"```json {""wikipedia_page"": ""NIL"", ""wikidata_id"": ""NIL""} ```",0
hidden_test_de_11_sent4,532,537,Funke,Q13423870,PER,NIL,Funke,"```json {""wikipedia_page"":""NIL"", ""wikidata_id"":""NIL""} ```",0
hidden_test_de_11_sent4,654,659,Donau,Q1653,LOC,NIL,Donau,"```json {""wikipedia_page"":""NIL"", ""wikidata_id"":""NIL""} ```",0
hidden_test_de_11_sent4,832,855,Abgeordnete v. For¬cher,Q21685586,PER,NIL,Abgeordnete v. For¬cher,"```json {""wikipedia_page"":"""", ""wikidata_id"":""NIL""} ```",0
hidden_test_de_11_sent4,924,942,Abgeordnete Schorn,Q21685564,PER,NIL,Abgeordnete Schorn,"```json { ""wikipedia_page"": ""NIL"", ""wikidata_id"": ""NIL"" } ```",0
hidden_test_de_11_sent4,1003,1020,Tiroler Landtags¬,Q1668433,ORG,Q685307,Landtag,"```json {""wikipedia_page"": ""Landtag"", ""wikidata_id"": ""Q685307""} ```",16.10972023010254
hidden_test_de_11_sent4,1160,1166,Schorn,Q21685564,PER,NIL,Schorn,"```json {""wikipedia_page"":""NIL"", ""wikidata_id"":""NIL""} ```",0
hidden_test_de_11_sent10,453,461,Hillmann,NIL,PER,Q23063193,Harry Gillmann,"```json { ""wikipedia_page"": ""Harry Gillmann"", ""wikidata_id"": ""Q23063193"" } ```",16.247922897338867
hidden_test_de_11_sent10,1007,1016,Wittekind,NIL,PER,Q320348,Widukind,"```json { ""wikipedia_page"": ""Widukind"", ""wikidata_id"": ""Q320348"" } ```",11.665460586547852
hidden_test_de_11_sent12,547,556,Wilbrandt,Q67953,PER,NIL,Wilbrandt,"```json {""wikipedia_page"":""NIL"",""wikidata_id"":""NIL""} ```",0
hidden_test_de_11_sent12,1640,1644,Wien,NIL,LOC,Q1741,Wien,"```json {""wikipedia_page"":""Wien"", ""wikidata_id"":""Q1741""} ```",10.122308731079102
hidden_test_de_11_sent17,210,218,Galizien,NIL,LOC,Q180086,Galizien,"```json { ""wikipedia_page"": ""Galizien"", ""wikidata_id"": ""Q180086"" } ```",20.150697708129883
hidden_test_de_11_sent18,409,414,Polen,NIL,LOC,Q2102435,Polnische Fraktion,"```json {""wikipedia_page"": ""Polnische Fraktion"", ""wikidata_id"": ""Q2102435""} ```",8.414953231811523
hidden_test_de_11_sent25,8,30,Dr. Ludwig Stettenheim,NIL,PER,Q1875361,Ludwig von Wartensleben,"```json {""wikipedia_page"":""Ludwig von Wartensleben"", ""wikidata_id"":""Q1875361""} ```",21.067195892333984
hidden_test_de_11_sent25,149,198,SchlesischeBuchdruckerei vormals S. Schottlaender,NIL,ORG,Q108799485,Schlesische Buchdruckerei,"```json {""wikipedia_page"": ""Schlesische Buchdruckerei"", ""wikidata_id"": ""Q108799485""} ```",26.464128494262695
hidden_test_de_11_sent26,769,780,Wilh.Müller,NIL,PER,Q1804969,Langen Müller Verlag,"```json { ""wikipedia_page"": ""Langen Müller Verlag"", ""wikidata_id"": ""Q1804969"" } ```",19.04529571533203
hidden_test_de_11_sent27,43,57,Friedrich Beck,NIL,PER,Q78845,Friedrich von Beck-Rzikowsky,"```json { ""wikipedia_page"": ""Friedrich von Beck-Rzikowsky"", ""wikidata_id"": ""Q78845"" } ```",30.21464729309082
hidden_test_de_11_sent27,61,83,"Wien, Augustinerstr. 8",NIL,LOC,Q1741,Wien,"```json {""wikipedia_page"":""Wien"", ""wikidata_id"":""Q1741""} ```",22.213903427124023
hidden_test_de_11_sent28,102,127,"Wien, I., Johannesgasse 2",NIL,LOC,Q1741,Wien,"```json {""wikipedia_page"":""Wien"", ""wikidata_id"":""Q1741""} ```",20.138656616210938
hidden_test_de_11_sent28,141,156,Adolph Werthner,NIL,PER,Q364523,Adolf Werthner,"```json {""wikipedia_page"":""Adolf Werthner"", ""wikidata_id"":""Q364523""} ```",41.60512161254883
hidden_test_de_11_sent28,220,237,Karl Felix Kohler,Q60815976,PER,NIL,Karl Felix Kohler,"```json {""wikipedia_page"":"""",""wikidata_id"":""NIL""} ```",0
hidden_test_de_12_sent0,53,112,akademischen Medailleurs und Wappengraveurs Josef Klei¬nert,Q60815661,PER,NIL,akademischen Medailleurs und Wappengraveurs Josef Klei¬nert,"```json {""wikipedia_page"":"""", ""wikidata_id"":""NIL""} ```",0
hidden_test_de_12_sent0,125,175,Redakteurs kaiserlichen Rates Karl ErasmusKleinert,Q55674268,PER,Q876864,Redakteur,"```json {""wikipedia_page"":""Redakteur"", ""wikidata_id"":""Q876864""} ```",17.913650512695312
hidden_test_de_12_sent0,184,224,akademischen Malers Josef Edgar Kleinert,Q60815661,PER,NIL,akademischen Malers Josef Edgar Kleinert,"```json {""wikipedia_page"":""NIL"", ""wikidata_id"":""NIL""} ```",0
hidden_test_de_12_sent0,307,383,Chefredakteurstellvertreter der „WienerZeitung“ kaiserlicher Rat Dr. Sträßle,Q55681592,PER,Q589298,Chefredakteur,"```json { ""wikipedia_page"": ""Chefredakteur"", ""wikidata_id"": ""Q589298"" } ```",20.515356063842773
hidden_test_de_12_sent3,51,82,Ackerbauministers Baron Widmann,Q10379692,PER,Q46346059,Liste der Ackerbauminister der Habsburgermonarchie,"```json {""wikipedia_page"":""Liste der Ackerbauminister der Habsburgermonarchie"", ""wikidata_id"":""Q46346059""} ```",17.422285079956055
hidden_test_de_12_sent3,88,113,StatthaltersBaron Heinold,Q12028681,PER,Q2334087,Statthalter (Schleswig-Holstein),"```json { ""wikipedia_page"": ""Statthalter (Schleswig-Holstein)"", ""wikidata_id"": ""Q2334087"" } ```",11.863637924194336
hidden_test_de_12_sent3,119,155,Landeshauptmannes Grafen S###e¬renyi,NIL,PER,Q14541786,Landeshauptmann von Mähren,"```json { ""wikipedia_page"": ""Landeshauptmann von Mähren"", ""wikidata_id"": ""Q14541786"" } ```",13.909280776977539
hidden_test_de_12_sent3,205,225,Freiherrn v. Baratta,NIL,PER,Q103856331,Karl von Baratti,"```json {""wikipedia_page"":""Karl von Baratti"", ""wikidata_id"":""Q103856331""} ```",13.31888198852539
hidden_test_de_12_sent10,69,85,Agenten Dedejan],NIL,PER,Q392651,Agent,"```json {""wikipedia_page"":""Agent"", ""wikidata_id"":""Q392651""} ```",15.751668930053711
hidden_test_de_12_sent10,370,403,Masseverwalter Dr. Isak Allerhand,NIL,PER,Q316697,Insolvenzverwaltung,"```json {""wikipedia_page"":""Insolvenzverwaltung"",""wikidata_id"":""Q316697""} ```",17.577993392944336
hidden_test_de_12_sent12,94,101,Abbazia,Q223353,LOC,NIL,Abbazia,"```json {""wikipedia_page"":""NIL"", ""wikidata_id"":""NIL""} ```",0
hidden_test_de_12_sent13,17,22,Baden,Q486450,LOC,Q186320,Großherzogtum Baden,"Given the input text and the list of candidates, the entity ""[ENT] Baden [ENT]"" can be disambiguated with high confidence. The text mentions ""Baden"" in the context of a location, and given the historical context (1911), the most relevant entity is likely the ""Großherzogtum Baden,"" which was a former German state from 1806 to 1918. ```json {""wikipedia_page"": ""Großherzogtum Baden"", ""wikidata_id"": ""Q186320""} ```",10.48254680633545
hidden_test_de_12_sent14,56,76,Eichwald bei Teplitz,Q186207,LOC,NIL,Eichwald bei Teplitz,"```json {""wikipedia_page"":""NIL"", ""wikidata_id"":""NIL""} ```",0
hidden_test_de_12_sent14,113,122,Gaiufahrn,NIL,LOC,Q5517275,Gainfarn,"```json {""wikipedia_page"":""Gainfarn"", ""wikidata_id"":""Q5517275""} ```",17.80828285217285
hidden_test_de_12_sent14,129,148,Gießhübl=Sauerbrunn,Q1019975,LOC,Q645500,Bad Sauerbrunn,"```json {""wikipedia_page"": ""Bad Sauerbrunn"", ""wikidata_id"": ""Q645500""} ```",19.83832359313965
hidden_test_de_12_sent14,197,219,Gräfenberg=Frei¬waldau,Q954611,LOC,NIL,Gräfenberg=Frei¬waldau,"```json {""wikipedia_page"":""NIL"", ""wikidata_id"":""NIL""} ```",0
hidden_test_de_12_sent15,5,15,Königswart,Q1000097,LOC,Q143018,Schloss Königswart,"```json {""wikipedia_page"":""Schloss Königswart"", ""wikidata_id"":""Q143018""} ```",15.314142227172852
hidden_test_de_12_sent15,42,55,Luhatschowitz,Q933480,LOC,Q956607,Ljachawitschy,"```json {""wikipedia_page"":""Ljachawitschy"", ""wikidata_id"":""Q956607""} ```",15.004081726074219
hidden_test_de_12_sent16,18,43,"Reichenau (Edlach, Prein)",Q665243,LOC,NIL,"Reichenau (Edlach, Prein)","```json {""wikipedia_page"":""NIL"", ""wikidata_id"":""NIL""} ```",0
hidden_test_de_12_sent16,67,75,Römerbad,NIL,ORG,Q2179529,Römerbad (Weinsberg),"```json {""wikipedia_page"":""Römerbad (Weinsberg)"", ""wikidata_id"":""Q2179529""} ```",16.942550659179688
hidden_test_de_12_sent16,81,102,Rohitsch = Sauerbrunn,Q3502521,LOC,Q645500,Bad Sauerbrunn,"```json {""wikipedia_page"":""Bad Sauerbrunn"", ""wikidata_id"":""Q645500""} ```",15.800137519836426
hidden_test_de_12_sent16,123,135,Spindelmühle,Q392285,LOC,Q107584828,Spindelmühle,"``` { ""wikipedia_page"": ""Spindelmühle"", ""wikidata_id"": ""Q107584828"" } ```",15.828821182250977
hidden_test_de_12_sent16,141,156,Teplitz=Schönau,Q146342,LOC,Q1598267,Landkreis Teplitz-Schönau,"```json {""wikipedia_page"":""Landkreis Teplitz-Schönau"", ""wikidata_id"":""Q1598267""} ```",16.79250717163086
hidden_test_de_12_sent16,185,191,Veldes,Q202852,LOC,Q660687,Velden am Wörther See,"```json {""wikipedia_page"":""Velden am Wörther See"", ""wikidata_id"":""Q660687""} ```",18.092266082763672
hidden_test_de_12_sent18,75,97,"4. Bezirk,Karlsgasse 3",NIL,LOC,Q268001,Wieden,"```json {""wikipedia_page"": ""Wieden"", ""wikidata_id"": ""Q268001""} ```",16.38367462158203
hidden_test_de_12_sent18,127,150,Erzherzogin MariaRainer,NIL,PER,Q2053902,Maria Henriette von Österreich-Teschen,"``` {""wikipedia_page"":""Maria Henriette von Österreich-Teschen"", ""wikidata_id"":""Q2053902""} ```",12.123139381408691
hidden_test_de_12_sent19,39,75,Liechtensteinschen SchlosseThernberg,NIL,LOC,Q698530,Haus Liechtenstein,"```json {""wikipedia_page"": ""Haus Liechtenstein"", ""wikidata_id"": ""Q698530""} ```",20.578405380249023
hidden_test_de_12_sent19,320,330,Mitterdorf,Q696044,LOC,Q281814,Mitterdorf an der Raab,"```json {""wikipedia_page"": ""Mitterdorf an der Raab"", ""wikidata_id"": ""Q281814""} ```",16.423065185546875
hidden_test_de_12_sent19,408,426,Schloß Wolfpassing,NIL,LOC,Q37879889,Schloss Wolfpassing,"```json { ""wikipedia_page"": ""Schloss Wolfpassing"", ""wikidata_id"": ""Q37879889"" } ```",33.91237258911133
hidden_test_de_12_sent19,550,567,Erzherzogs Rainer,Q111971,LOC,Q442756,Rainer von Österreich,"```json { ""wikipedia_page"": ""Rainer von Österreich"", ""wikidata_id"": ""Q442756"" } ```",19.822551727294922
hidden_test_de_12_sent20,27,80,Schreibmaschin=und Stenographieschule Glogowski & Co.,Q79671294,ORG,Q46335,Schreibmaschine,"```json {""wikipedia_page"": ""Schreibmaschine"", ""wikidata_id"": ""Q46335""} ```",16.066654205322266
hidden_test_de_12_sent20,82,111,"1. Bezirk, Franz Josefskai 15",NIL,LOC,Q267329,Innere Stadt,"```json { ""wikipedia_page"": ""Innere Stadt"", ""wikidata_id"": ""Q267329"" } ```",15.331196784973145
hidden_test_de_12_sent21,17,36,Professors Herzfeld,NIL,PER,Q84763,Karl Ferdinand Herzfeld,"```json {""wikipedia_page"": ""Karl Ferdinand Herzfeld"", ""wikidata_id"": ""Q84763""} ```",20.514854431152344
hidden_test_de_12_sent21,39,63,Marienbader Aerzteverein,NIL,ORG,Q523469,Marienbad,"```json {""wikipedia_page"":""Marienbad"", ""wikidata_id"":""Q523469""} ```",20.434226989746094
hidden_test_de_12_sent21,102,138,Wiener Gynäkologe Professor Herzfeld,NIL,PER,Q1741,Wien,"```json {""wikipedia_page"":""Wien"", ""wikidata_id"":""Q1741""} ```",18.04652214050293
hidden_test_de_12_sent21,142,167,Marien¬bader Aerzteverein,NIL,ORG,Q523469,Marienbad,"```json {""wikipedia_page"":""Marienbad"", ""wikidata_id"":""Q523469""} ```",23.04826545715332
hidden_test_de_12_sent24,132,147,J. Singenberger,Q6215625,PER,NIL,J. Singenberger,"```json {""wikipedia_page"":""NIL"", ""wikidata_id"":""NIL""} ```",0
hidden_test_de_12_sent25,7,41,altkatholischen St. Salvatorkirche,Q784184,ORG,Q15843839,Salvatorkirche,"```json {""wikipedia_page"": ""Salvatorkirche"", ""wikidata_id"": ""Q15843839""} ```",11.538166046142578
hidden_test_de_12_sent29,105,146,"amerikanischen Forscher, Professor Carrel",Q185777,PER,Q846570,US-Amerikaner,"```json {""wikipedia_page"":""US-Amerikaner"", ""wikidata_id"":""Q846570""} ```",12.427286148071289
hidden_test_de_12_sent30,183,200,Speyer=Institutes,Q30281743,ORG,Q1348156,Georg-Speyer-Haus,"```json {""wikipedia_page"": ""Georg-Speyer-Haus"", ""wikidata_id"": ""Q1348156""} ```",23.875534057617188
hidden_test_de_12_sent30,739,744,Unger,Q1360417,PER,NIL,Unger,"```json { ""wikipedia_page"": ""NIL"", ""wikidata_id"": ""NIL"" } ```",0
hidden_test_de_12_sent31,28,34,Carrel,Q185777,PER,NIL,Carrel,"```json {""wikipedia_page"":""NIL"", ""wikidata_id"":""NIL""} ```",0
hidden_test_de_13_sent0,225,236,Deutschland,Q7318,LOC,Q183,Deutschland,"```json {""wikipedia_page"":""Deutschland"", ""wikidata_id"":""Q183""} ```",19.7362060546875
hidden_test_de_13_sent0,541,547,Berlin,Q64,LOC,Q455014,Berliner Tageblatt,"```json {""wikipedia_page"":""Berliner Tageblatt"", ""wikidata_id"":""Q455014""} ```",14.291192054748535
hidden_test_de_13_sent0,928,943,v. Heydenbrandt,Q124506,PER,NIL,v. Heydenbrandt,"```json {""wikipedia_page"":"""", ""wikidata_id"":""NIL""} ```",0
hidden_test_de_13_sent1,4,21,Hugenberg-Konzern,Q1287475,ORG,NIL,Hugenberg-Konzern,"```json {""wikipedia_page"":""NIL"", ""wikidata_id"":""NIL""} ```",0
hidden_test_de_13_sent2,149,179,preußischen Finanz¬ministerium,NIL,ORG,Q18629947,Preußisches Ministerium des Schatzes und für das Staats-Kreditwesen,"```json { ""wikipedia_page"": ""Preußisches Ministerium des Schatzes und für das Staats-Kreditwesen"", ""wikidata_id"": ""Q18629947"" } ```",16.117258071899414
hidden_test_de_13_sent2,318,327,Westfalen,Q8614,LOC,Q829718,Provinz Westfalen,"```json {""wikipedia_page"":""Provinz Westfalen"", ""wikidata_id"":""Q829718""} ```",23.28424835205078
hidden_test_de_13_sent3,19,28,Hugenberg,Q65121,PER,NIL,Hugenberg,"```json {""wikipedia_page"":"""", ""wikidata_id"":""NIL""} ```",0
hidden_test_de_13_sent3,33,47,Scherl=Konzern,Q91318,ORG,NIL,Scherl=Konzern,"```json {""wikipedia_page"":""NIL"", ""wikidata_id"":""NIL""} ```",0
hidden_test_de_13_sent3,67,79,Nachtausgabe,NIL,PROD,Q2632854,Abendpost/Nachtausgabe,"```json {""wikipedia_page"":""Abendpost/Nachtausgabe"", ""wikidata_id"":""Q2632854""} ```",12.628745079040527
hidden_test_de_13_sent3,83,88,Woche,Q1217599,PROD,NIL,Woche,"```json {""wikipedia_page"":""NIL"", ""wikidata_id"":""NIL""} ```",0
hidden_test_de_13_sent7,99,105,Klönne,Q1947969,PER,NIL,Klönne,"```json {""wikipedia_page"":""NIL"", ""wikidata_id"":""NIL""} ```",0
hidden_test_de_13_sent7,149,174,altpreußische GrafWestarp,Q65782,PER,NIL,altpreußische GrafWestarp,"```json {""wikipedia_page"":""Kuno von Westarp"", ""wikidata_id"":""NIL""} ```",0
hidden_test_de_13_sent7,239,272,republikanisch=konservativePartei,Q548022,ORG,Q1782535,Konservative Partei,"```json {""wikipedia_page"":""Konservative Partei"", ""wikidata_id"":""Q1782535""} ```",15.275289535522461
hidden_test_de_13_sent7,296,302,Weimar,Q3955,LOC,Q156003,Weimarer Verfassung,"```json {""wikipedia_page"":""Weimarer Verfassung"", ""wikidata_id"":""Q156003""} ```",20.837032318115234
hidden_test_de_13_sent7,406,430,deutschnationalen Partei,Q158227,ORG,Q1548094,Großdeutsche Partei,"```json {""wikipedia_page"": ""Großdeutsche Partei"", ""wikidata_id"": ""Q1548094""} ```",12.388233184814453
hidden_test_de_13_sent7,618,643,volkskonservative“ Partei,Q548022,ORG,NIL,volkskonservative“ Partei,"```json {""wikipedia_page"":"""", ""wikidata_id"":""NIL""} ```",0
hidden_test_de_13_sent20,10,26,Kabinett Brüning,Q449726,ORG,Q449685,Kabinett Brüning I,"```json { ""wikipedia_page"": ""Kabinett Brüning I"", ""wikidata_id"": ""Q449685"" } ```",20.974597930908203
hidden_test_de_13_sent24,773,784,Deutschland,Q7318,LOC,Q518617,Drittes Reich,"```json { ""wikipedia_page"": ""Drittes Reich"", ""wikidata_id"": ""Q518617"" } ```",12.652377128601074
hidden_test_de_13_sent24,837,844,England,Q21,LOC,Q145,Vereinigtes Königreich,"```json { ""wikipedia_page"": ""Vereinigtes Königreich"", ""wikidata_id"": ""Q145"" } ```",16.151399612426758
hidden_test_de_13_sent24,849,856,Rußland,Q15180,LOC,Q159,Russland,"```json { ""wikipedia_page"": ""Russland"", ""wikidata_id"": ""Q159"" } ```",19.32699203491211
hidden_test_de_13_sent25,308,315,Zentrum,Q157537,ORG,Q191285,Zentrumspartei Hessen,"```json {""wikipedia_page"":""Zentrumspartei Hessen"", ""wikidata_id"":""Q191285""} ```",10.891075134277344
hidden_test_de_13_sent29,102,111,Reichstag,NIL,ORG,Q160208,Reichstag,"```json {""wikipedia_page"":""Reichstag"", ""wikidata_id"":""Q160208""} ```",7.79237174987793
hidden_test_de_13_sent30,29,40,Jugoslawien,Q191077,LOC,Q36704,Jugoslawien,"```json {""wikipedia_page"":""Jugoslawien"", ""wikidata_id"":""Q36704""} ```",16.880558013916016
hidden_test_de_13_sent34,428,471,jugosla¬wischeradikal=bäuerliche Demokratie,NIL,ORG,Q1282536,Radikale Volkspartei,"```json { ""wikipedia_page"": ""Radikale Volkspartei"", ""wikidata_id"": ""Q1282536"" } ```",15.378971099853516
hidden_test_de_13_sent36,322,333,Jugoslawien,Q191077,LOC,Q36704,Jugoslawien,"```json {""wikipedia_page"":""Jugoslawien"", ""wikidata_id"":""Q36704""} ```",22.830860137939453
hidden_test_de_13_sent36,820,845,jugoslawische Volkspartei,NIL,ORG,Q6738353,Volkspartei,"```json {""wikipedia_page"":""Volkspartei"", ""wikidata_id"":""Q6738353""} ```",24.110546112060547
hidden_test_de_13_sent40,209,220,Jugoslawien,Q191077,LOC,Q36704,Jugoslawien,"```json {""wikipedia_page"": ""Jugoslawien"", ""wikidata_id"": ""Q36704""} ```",25.774137496948242
hidden_test_de_13_sent40,513,543,radikal¬sozialistischen Partei,NIL,ORG,Q2125717,Radikal-Soziale Freiheitspartei,"```json {""wikipedia_page"":""Radikal-Soziale Freiheitspartei"", ""wikidata_id"":""Q2125717""} ```",19.28602409362793
hidden_test_de_13_sent41,60,71,Jugoslawien,Q191077,LOC,Q36704,Jugoslawien,"```json {""wikipedia_page"": ""Jugoslawien"", ""wikidata_id"": ""Q36704""} ```",26.561983108520508
hidden_test_de_13_sent43,561,566,Kongo,NIL,LOC,Q3503,Kongo,"```json {""wikipedia_page"":""Kongo"", ""wikidata_id"":""Q3503""} ```",15.412467956542969
hidden_test_de_13_sent45,375,384,ostafrika,Q27407,LOC,Q153963,Deutsch-Ostafrika,"```json {""wikipedia_page"":""Deutsch-Ostafrika"", ""wikidata_id"":""Q153963""} ```",10.106459617614746
hidden_test_de_13_sent46,8,54,Oesterreichischen Hauptverband für Körpersport,Q306692,ORG,Q301419,Österreichische Bundes-Sportorganisation,"```json {""wikipedia_page"":""Österreichische Bundes-Sportorganisation"", ""wikidata_id"":""Q301419""} ```",31.223173141479492
hidden_test_de_13_sent47,4,49,Oesterreichische Hauptverband für Körpersport,Q306692,ORG,NIL,Oesterreichische Hauptverband für Körpersport,"```json {""wikipedia_page"":""NIL"", ""wikidata_id"":""NIL""} ```",0
hidden_test_de_13_sent47,422,439,Fritz=Lichtschein,Q31092103,PER,Q30075142,Fritz Lichtstein,"```json {""wikipedia_page"":""Fritz Lichtstein"", ""wikidata_id"":""Q30075142""} ```",19.801511764526367
hidden_test_de_13_sent47,504,512,V. f. B.,Q4512,ORG,Q686826,First Vienna FC 1894,"```json {""wikipedia_page"":""First Vienna FC 1894"", ""wikidata_id"":""Q686826""} ```",5.79830265045166
hidden_test_de_13_sent47,517,525,Allround,Q610547,ORG,NIL,Allround,"```json {""wikipedia_page"":"""", ""wikidata_id"":""NIL""} ```",0
hidden_test_de_13_sent48,4,10,Hakoah,Q255270,ORG,NIL,Hakoah,"```json { ""wikipedia_page"":""NIL"", ""wikidata_id"":""NIL"" } ```",0
hidden_test_de_13_sent49,68,78,österreich,Q518101,LOC,Q40,Österreich,"```json {""wikipedia_page"":""Österreich"", ""wikidata_id"":""Q40""} ```",29.578855514526367
hidden_test_de_13_sent49,128,133,Krems,Q667328,LOC,Q131266,Krems,"```json {""wikipedia_page"":""Krems"", ""wikidata_id"":""Q131266""} ```",25.54903793334961
hidden_test_de_13_sent51,159,167,Meidling,Q1917668,LOC,Q697557,Meidling,"```json {""wikipedia_page"":""Meidling"", ""wikidata_id"":""Q697557""} ```",25.81315040588379
hidden_test_de_13_sent53,52,61,Hohe Wand,Q21859871,LOC,Q475028,Hohe Wand,"```json {""wikipedia_page"":""Hohe Wand"", ""wikidata_id"":""Q475028""} ```",18.649234771728516
hidden_test_de_13_sent54,34,45,Eitelberger,NIL,PER,Q79157,Rudolf Eitelberger,"```json {""wikipedia_page"":""Rudolf Eitelberger"", ""wikidata_id"":""Q79157""} ```",19.624736785888672
hidden_test_de_13_sent54,49,60,Gerstenfeld,NIL,PER,Q37503294,Gerstenfeld,"```json {""wikipedia_page"": ""Gerstenfeld"", ""wikidata_id"": ""Q37503294""} ```",14.758642196655273
hidden_test_de_13_sent54,145,156,Westbahnhof,Q698145,LOC,Q17100214,Westbahnhof,"```json {""wikipedia_page"":""Westbahnhof"", ""wikidata_id"":""Q17100214""} ```",13.983611106872559
hidden_test_de_13_sent56,113,117,Reif,NIL,PER,Q819677,Bergführer,"```json { ""wikipedia_page"": ""Bergführer"", ""wikidata_id"": ""Q819677"" } ```",11.945398330688477
hidden_test_de_13_sent58,227,245,I. Kärntnerring 10,NIL,LOC,Q699947,Kärntner Straße,"```json {""wikipedia_page"": ""Kärntner Straße"", ""wikidata_id"": ""Q699947""} ```",23.6472225189209
hidden_test_de_13_sent59,1,5,Wien,Q1741,LOC,Q697173,Wiener Zeitung,"```json {""wikipedia_page"":""Wiener Zeitung"", ""wikidata_id"":""Q697173""} ```",13.581575393676758
hidden_test_de_13_sent63,16,37,Finanzminister Bonnet,Q1262453,PER,NIL,Finanzminister Bonnet,"```json {""wikipedia_page"":""NIL"", ""wikidata_id"":""NIL""} ```",0
hidden_test_de_13_sent68,22,37,Reichsregierung,Q2139657,ORG,Q16335122,Reichsregierung,"```json {""wikipedia_page"": ""Reichsregierung"", ""wikidata_id"": ""Q16335122""} ```",17.40428924560547
hidden_test_de_13_sent73,22,28,Ungarn,Q171150,LOC,Q28,Ungarn,"```json {""wikipedia_page"":""Ungarn"", ""wikidata_id"":""Q28""} ```",11.507688522338867
hidden_test_de_13_sent74,40,46,Ungarn,Q171150,LOC,Q28,Ungarn,"```json {""wikipedia_page"":""Ungarn"", ""wikidata_id"":""Q28""} ```",24.778427124023438
hidden_test_de_13_sent74,300,306,Ungarn,Q171150,LOC,Q28,Ungarn,"```json {""wikipedia_page"":""Ungarn"", ""wikidata_id"":""Q28""} ```",24.01475715637207
hidden_test_de_13_sent76,50,82,Austro=Ungarischen Handelskammer,NIL,ORG,Q22083577,Liste der Handels- und Gewerbekammern in Österreich-Ungarn,"```json {""wikipedia_page"": ""Liste der Handels- und Gewerbekammern in Österreich-Ungarn"", ""wikidata_id"": ""Q22083577""} ```",35.554080963134766
hidden_test_de_13_sent76,287,298,öster¬reich,Q518101,LOC,Q4825539,österreichisch-ungarische Beziehungen,"```json {""wikipedia_page"":""österreichisch-ungarische Beziehungen"", ""wikidata_id"":""Q4825539""} ```",21.73531723022461
hidden_test_de_13_sent78,44,49,Ramus,Q89911,PER,NIL,Ramus,"```json {""wikipedia_page"":""NIL"", ""wikidata_id"":""NIL""} ```",0
hidden_test_de_13_sent80,31,40,Dr. Tausk,NIL,PER,Q662634,Viktor Tausk,"```json { ""wikipedia_page"": ""Viktor Tausk"", ""wikidata_id"": ""Q662634"" } ```",24.144472122192383
hidden_test_de_13_sent80,48,53,Ramus,Q89911,PER,NIL,Ramus,"```json {""wikipedia_page"": ""NIL"", ""wikidata_id"": ""NIL""} ```",0
hidden_test_de_13_sent80,143,168,Hofrat Dr. Mutsch¬lechner,NIL,PER,Q13311320,Hofrat,"```json { ""wikipedia_page"": ""Hofrat"", ""wikidata_id"": ""Q13311320"" } ```",16.864795684814453
hidden_test_de_13_sent80,207,244,SachverständigenAssistenten Dr. Spath,NIL,PER,Q1916611,medizinischer Sachverständiger,"```json { ""wikipedia_page"": ""medizinischer Sachverständiger"", ""wikidata_id"": ""Q1916611"" } ```",17.654325485229492
hidden_test_de_13_sent80,272,281,Dr. Spath,NIL,PER,Q21485915,Franz Spath,"```json {""wikipedia_page"":""Franz Spath"", ""wikidata_id"":""Q21485915""} ```",19.77649688720703
hidden_test_de_13_sent80,378,387,Dr. Spath,NIL,PER,Q21485915,Franz Spath,"```json {""wikipedia_page"": ""Franz Spath"", ""wikidata_id"": ""Q21485915""} ```",19.673805236816406
hidden_test_de_13_sent83,21,38,Oberlandesgericht,Q15837274,ORG,Q452543,Oberlandesgericht,"```json {""wikipedia_page"":""Oberlandesgericht"", ""wikidata_id"":""Q452543""} ```",5.794778347015381
hidden_test_de_13_sent85,65,90,Kreisgerichtes Korneuburg,Q66149329,ORG,Q18628319,Kreisgericht,"```json {""wikipedia_page"":""Kreisgericht"", ""wikidata_id"":""Q18628319""} ```",26.785663604736328
hidden_test_de_13_sent85,342,352,Korneuburg,Q659841,LOC,Q42797417,Landesgericht Korneuburg,"```json {""wikipedia_page"": ""Landesgericht Korneuburg"", ""wikidata_id"": ""Q42797417""} ```",18.715913772583008
hidden_test_de_13_sent85,515,526,Kor¬neuburg,Q659841,LOC,Q1513245,Gerichtsbezirk Korneuburg,"```json {""wikipedia_page"": ""Gerichtsbezirk Korneuburg"", ""wikidata_id"":""Q1513245""} ```",16.360050201416016
hidden_test_de_13_sent85,634,646,Graf Hardegg,NIL,PER,Q61694834,Maximilian zu Hardegg,"```json {""wikipedia_page"":""Maximilian zu Hardegg"", ""wikidata_id"":""Q61694834""} ```",20.984519958496094
hidden_test_de_13_sent87,57,79,Grazer Landesgerichtes,Q42341692,ORG,NIL,Grazer Landesgerichtes,"```json { ""wikipedia_page"": ""NIL"", ""wikidata_id"": ""NIL"" } ```",0
hidden_test_de_13_sent88,233,251,Landesgericht Graz,Q42341692,ORG,Q38044976,Landesgericht für Strafsachen Graz,"```json {""wikipedia_page"":""Landesgericht für Strafsachen Graz"", ""wikidata_id"":""Q38044976""} ```",31.7681827545166
hidden_test_de_13_sent89,52,71,GrazerLandesgericht,Q42341692,ORG,Q38044976,Landesgericht für Strafsachen Graz,"```json {""wikipedia_page"":""Landesgericht für Strafsachen Graz"", ""wikidata_id"":""Q38044976""} ```",33.81419372558594
hidden_test_de_13_sent89,102,121,LandesgerichtesGraz,Q42341692,ORG,Q38044976,Landesgericht für Strafsachen Graz,"```json {""wikipedia_page"": ""Landesgericht für Strafsachen Graz"", ""wikidata_id"": ""Q38044976""} ```",33.57585906982422
hidden_test_de_13_sent91,168,188,Obersten Gerichtshof,NIL,ORG,Q876935,Oberster Gerichtshof,"```json {""wikipedia_page"":""Oberster Gerichtshof"", ""wikidata_id"":""Q876935""} ```",24.6862850189209
hidden_test_de_13_sent91,206,234,Senatspräsidenten Dr. Hoffer,NIL,PER,Q327841,Gemeinsamer Senat der obersten Gerichtshöfe des Bundes,"```json {""wikipedia_page"":""Gemeinsamer Senat der obersten Gerichtshöfe des Bundes"", ""wikidata_id"":""Q327841""} ```",18.392927169799805
hidden_test_de_13_sent91,279,310,Generalstaatsanwalt Dr. Pietsch,NIL,PER,Q3368517,Generalstaatsanwalt,"```json {""wikipedia_page"":""Generalstaatsanwalt"", ""wikidata_id"":""Q3368517""} ```",17.301738739013672
hidden_test_de_13_sent91,683,702,Oberste Gerichtshof,NIL,ORG,Q512552,Reichsgericht,"```json {""wikipedia_page"":""Reichsgericht"", ""wikidata_id"":""Q512552""} ```",21.809537887573242
hidden_test_de_13_sent91,849,868,Oberste Gerichtshof,NIL,ORG,Q512552,Reichsgericht,"```json {""wikipedia_page"":""Reichsgericht"", ""wikidata_id"":""Q512552""} ```",19.64626121520996
hidden_test_de_13_sent91,1022,1044,Verfassungsgerichtshof,Q873868,ORG,Q32766,Verfassungsgericht,"```json {""wikipedia_page"":""Verfassungsgericht"", ""wikidata_id"":""Q32766""} ```",28.509370803833008
hidden_test_de_13_sent92,151,169,Landesgericht Graz,Q42341692,ORG,Q38044976,Landesgericht für Strafsachen Graz,"```json {""wikipedia_page"":""Landesgericht für Strafsachen Graz"", ""wikidata_id"":""Q38044976""} ```",34.25669860839844
hidden_test_de_13_sent93,4,23,Oberste Gerichtshof,NIL,ORG,Q512552,Reichsgericht,"```json {""wikipedia_page"":""Reichsgericht"", ""wikidata_id"":""Q512552""} ```",17.01974105834961
hidden_test_de_13_sent95,13,54,Domkapellmeister Professor FerdinandHabel,NIL,PER,Q97486166,Ferdinand Habel,"```json { ""wikipedia_page"": ""Ferdinand Habel"", ""wikidata_id"": ""Q97486166"" } ```",23.489744186401367
hidden_test_de_13_sent95,112,117,Maria,Q345,PER,Q748124,Unbeflecktes Herz Mariä,"```json {""wikipedia_page"":""Unbeflecktes Herz Mariä"", ""wikidata_id"":""Q748124""} ```",17.829208374023438
hidden_test_de_13_sent95,334,348,Christian Eder,Q55682907,PER,NIL,Christian Eder,"```json { ""wikipedia_page"": """", ""wikidata_id"": ""NIL"" } ```",0
hidden_test_de_13_sent95,407,414,Stoiber,Q61268699,PER,NIL,Stoiber,"```json {""wikipedia_page"":"""", ""wikidata_id"":""NIL""} ```",0
hidden_test_de_13_sent95,419,427,Herrmann,Q1580203,PER,Q1539225,Gottfried Herrmann,"```json {""wikipedia_page"":""Gottfried Herrmann"", ""wikidata_id"":""Q1539225""} ```",21.94312286376953
hidden_test_de_13_sent95,461,474,RoslRosenthal,NIL,PER,Q18169671,Rosl Berndt,"```json { ""wikipedia_page"": ""Rosl Berndt"", ""wikidata_id"": ""Q18169671"" } ```",22.76068878173828
hidden_test_de_13_sent95,510,524,Professor Eder,Q55682907,PER,NIL,Professor Eder,"```json {""wikipedia_page"":"""", ""wikidata_id"":""NIL""} ```",0
hidden_test_de_13_sent96,0,38,Altkatholische St. = Salvator = Kirche,Q784184,LOC,NIL,Altkatholische St. = Salvator = Kirche,"```json {""wikipedia_page"": ""NIL"", ""wikidata_id"": ""NIL""} ```",0
hidden_test_de_13_sent96,212,233,Ing. Reinhold Schultz,NIL,PER,Q2141534,Reinhold Schulze,"```json {""wikipedia_page"":""Reinhold Schulze"", ""wikidata_id"":""Q2141534""} ```",27.852306365966797
hidden_test_de_13_sent109,22,34,United Steel,Q72539,ORG,Q7893566,United Steel Companies,"```json { ""wikipedia_page"": ""United Steel Companies"", ""wikidata_id"": ""Q7893566"" } ```",26.221683502197266
hidden_test_de_13_sent109,71,82,Premier Oil,NIL,ORG,Q7240331,Premier Oil,"```json {""wikipedia_page"":""Premier Oil"", ""wikidata_id"":""Q7240331""} ```",26.574207305908203
hidden_test_de_13_sent110,0,7,Newyork,Q60,LOC,Q13677,New York Stock Exchange,"```json {""wikipedia_page"": ""New York Stock Exchange"", ""wikidata_id"": ""Q13677""} ```",23.040884017944336
hidden_test_de_13_sent122,17,22,Newag,Q766622,ORG,NIL,Newag,"```json {""wikipedia_page"":""NIL"", ""wikidata_id"":""NIL""} ```",0
hidden_test_de_13_sent125,16,32,niederösterreich,Q42497,LOC,NIL,niederösterreich,"```json {""wikipedia_page"":"""", ""wikidata_id"":""NIL""} ```",0
hidden_test_de_13_sent131,20,30,österreich,Q518101,LOC,NIL,österreich,"```json { ""wikipedia_page"": """", ""wikidata_id"": ""NIL"" } ```",0
hidden_test_de_13_sent132,47,57,österreich,Q518101,LOC,Q40,Österreich,"```json {""wikipedia_page"": ""Österreich"", ""wikidata_id"": ""Q40""} ```",22.958282470703125
hidden_test_de_13_sent152,183,193,Frankreich,Q70802,LOC,Q142,Frankreich,"```json {""wikipedia_page"": ""Frankreich"", ""wikidata_id"": ""Q142""} ```",20.41703224182129
hidden_test_de_13_sent152,239,244,Japan,Q188712,LOC,Q17,Japan,"```json {""wikipedia_page"":""Japan"",""wikidata_id"":""Q17""} ```",17.809417724609375
hidden_test_de_13_sent152,248,253,China,Q13426199,LOC,Q29520,China,"```json {""wikipedia_page"":""China"", ""wikidata_id"":""Q29520""} ```",18.111404418945312
hidden_test_de_13_sent157,153,160,Newyork,Q60,LOC,NIL,Newyork,"```json {""wikipedia_page"":""New York"", ""wikidata_id"":""NIL""} ```",0
hidden_test_de_13_sent158,16,23,Engalnd,Q21,LOC,NIL,Engalnd,"```json {""wikipedia_page"":""England"",""wikidata_id"":""Q844""} ```",0
hidden_test_de_13_sent161,18,28,Staatsoper,Q209937,LOC,Q312576,Staatsoper Unter den Linden,"```json {""wikipedia_page"":""Staatsoper Unter den Linden"", ""wikidata_id"":""Q312576""} ```",23.310914993286133
hidden_test_de_13_sent163,0,20,Margaretner Orpheum:,Q1270177,LOC,NIL,Margaretner Orpheum:,"```json {""wikipedia_page"": ""Margaretner Orpheum"", ""wikidata_id"": ""NIL""} ```",0
hidden_test_de_13_sent163,43,67,Revuebühne Moulin Rouge:,Q1750632,LOC,Q151030,Moulin Rouge,"```json {""wikipedia_page"":""Moulin Rouge"", ""wikidata_id"":""Q151030""} ```",21.77993392944336
hidden_test_de_13_sent164,0,14,Wiener Urania:,Q33393971,LOC,Q637215,Wiener Urania-Puppentheater,"```json { ""wikipedia_page"": ""Wiener Urania-Puppentheater"", ""wikidata_id"": ""Q637215"" } ```",23.108182907104492
hidden_test_de_13_sent164,76,87,Oesterreich,Q518101,LOC,Q40,Österreich,"```json {""wikipedia_page"": ""Österreich"", ""wikidata_id"": ""Q40""} ```",27.5350399017334
hidden_test_de_13_sent165,0,10,Hofkirchen,Q693743,LOC,Q339705,Hofkirchen im Traunkreis,"```json {""wikipedia_page"": ""Hofkirchen im Traunkreis"", ""wikidata_id"": ""Q339705""} ```",28.57881736755371
hidden_test_de_13_sent165,198,202,Enns,Q217524,LOC,Q260089,Enns,"```json {""wikipedia_page"": ""Enns"", ""wikidata_id"": ""Q260089""} ```",20.877626419067383
hidden_test_de_13_sent165,214,219,Stein,Q18631130,LOC,Q689161,Stein,"```json { ""wikipedia_page"": ""Stein"", ""wikidata_id"": ""Q689161"" } ```",17.58242416381836
hidden_test_de_13_sent166,81,104,"Wien, I. Fichtegasse 11",NIL,LOC,Q1741,Wien,"```json {""wikipedia_page"":""Wien"", ""wikidata_id"":""Q1741""} ```",18.14472007751465
hidden_test_de_13_sent167,20,24,Wien,Q1741,LOC,NIL,Wien,"```json {""wikipedia_page"":""NIL"", ""wikidata_id"":""NIL""} ```",0
hidden_test_de_13_sent167,40,49,Semmering,Q659891,LOC,Q259313,Semmeringbahn,"```json {""wikipedia_page"": ""Semmeringbahn"", ""wikidata_id"": ""Q259313""} ```",17.559167861938477
hidden_test_de_13_sent167,214,218,Graz,Q264201,LOC,Q13298,Graz,"```json {""wikipedia_page"":""Graz"", ""wikidata_id"":""Q13298""} ```",8.907346725463867
hidden_test_de_13_sent170,355,361,Gaston,NIL,PER,Q18086818,Gaston,"```json { ""wikipedia_page"": ""Gaston"", ""wikidata_id"": ""Q18086818"" } ```",11.570236206054688
hidden_test_de_13_sent170,381,388,Annette,NIL,PER,Q18071263,Annette,"```json { ""wikipedia_page"": ""Annette"", ""wikidata_id"": ""Q18071263"" } ```",12.999811172485352
hidden_test_de_13_sent172,28,34,Gaston,NIL,PER,Q1495540,Gaston,"```json {""wikipedia_page"":""Gaston"", ""wikidata_id"":""Q1495540""} ```",10.679516792297363
hidden_test_de_13_sent173,0,6,Gaston,NIL,PER,Q1495540,Gaston,"```json {""wikipedia_page"":""Gaston"", ""wikidata_id"":""Q1495540""} ```",12.797858238220215
hidden_test_de_13_sent173,135,142,Annette,NIL,PER,Q19689366,Anette,"```json {""wikipedia_page"":""Anette"", ""wikidata_id"":""Q19689366""} ```",13.956568717956543
hidden_test_de_13_sent173,160,170,vanStraten,NIL,PER,Q7913679,Van Straten,"```json {""wikipedia_page"": ""Van Straten"", ""wikidata_id"": ""Q7913679""} ```",11.927760124206543
hidden_test_de_13_sent173,303,309,Gaston,NIL,PER,Q18086818,Gaston,"```json {""wikipedia_page"":""Gaston"", ""wikidata_id"":""Q18086818""} ```",11.687348365783691
hidden_test_de_13_sent174,208,214,Gaston,NIL,PER,Q18086818,Gaston,"```json {""wikipedia_page"":""Gaston"", ""wikidata_id"":""Q18086818""} ```",8.73321533203125
hidden_test_de_13_sent175,39,45,Gaston,NIL,PER,Q18086818,Gaston,"```json { ""wikipedia_page"": ""Gaston"", ""wikidata_id"": ""Q18086818"" } ```",8.212005615234375
hidden_test_de_13_sent176,43,50,Swanson,NIL,PER,Q229232,Gloria Swanson,"```json {""wikipedia_page"":""Gloria Swanson"", ""wikidata_id"":""Q229232""} ```",12.119264602661133
hidden_test_de_13_sent176,111,118,Annette,NIL,PER,Q18071263,Annette,"```json {""wikipedia_page"":""Annette"",""wikidata_id"":""Q18071263""} ```",15.293360710144043
hidden_test_de_13_sent176,269,276,Annette,NIL,PER,Q18071263,Annette,"```json {""wikipedia_page"": ""Annette"", ""wikidata_id"": ""Q18071263""} ```",14.206483840942383
hidden_test_de_13_sent177,81,87,Gaston,NIL,PER,Q18086818,Gaston,"```json { ""wikipedia_page"": ""Gaston"", ""wikidata_id"": ""Q18086818"" } ```",5.739427089691162
hidden_test_de_13_sent178,113,120,Annette,NIL,PER,Q18071263,Annette,"```json {""wikipedia_page"":""Annette"", ""wikidata_id"":""Q18071263""} ```",13.437145233154297
hidden_test_de_13_sent178,289,296,Annette,NIL,PER,Q52144569,Annette,"```json {""wikipedia_page"":""Annette"", ""wikidata_id"":""Q52144569""} ```",11.756644248962402
hidden_test_de_13_sent180,25,31,Gaston,NIL,PER,Q1495540,Gaston,"```json { ""wikipedia_page"": ""Gaston"", ""wikidata_id"": ""Q1495540"" } ```",7.064361095428467
hidden_test_de_13_sent180,117,124,Annette,NIL,PER,Q19689366,Anette,"```json { ""wikipedia_page"": ""Anette"", ""wikidata_id"": ""Q19689366"" } ```",5.110013961791992
hidden_test_de_13_sent188,546,567,Christine von Spanien,Q538125,PER,Q230566,Maria Christina von Neapel-Sizilien,"```json {""wikipedia_page"":""Maria Christina von Neapel-Sizilien"", ""wikidata_id"":""Q230566""} ```",26.042720794677734
hidden_test_de_13_sent188,588,596,Alphonso,Q18363,PER,Q4722118,Alfonso de Bourbon,"```json {""wikipedia_page"":""Alfonso de Borbón"", ""wikidata_id"":""Q4722118""} ```",17.960060119628906
hidden_test_de_13_sent188,602,613,Oesterreich,Q131964,LOC,Q40,Österreich,"```json { ""wikipedia_page"": ""Österreich"", ""wikidata_id"": ""Q40"" } ```",23.32591438293457
hidden_test_de_13_sent190,431,440,Christine,Q538125,PER,Q469631,Maria Christina Prinzessin zu Salm-Salm,"```json {""wikipedia_page"": ""Maria Christina Prinzessin zu Salm-Salm"", ""wikidata_id"": ""Q469631""} ```",19.77153778076172
hidden_test_de_13_sent191,32,49,König Eduard VII.,NIL,PER,Q20875,Eduard VII.,"```json {""wikipedia_page"":""Eduard VII."", ""wikidata_id"":""Q20875""} ```",18.0430850982666
hidden_test_de_13_sent191,866,872,Ziloty,NIL,PER,Q366536,Alexander Iljitsch Siloti,"```json {""wikipedia_page"": ""Alexander Iljitsch Siloti"", ""wikidata_id"": ""Q366536""} ```",23.757083892822266
hidden_test_de_13_sent191,926,932,Ziloty,NIL,PER,Q366536,Alexander Iljitsch Siloti,"```json {""wikipedia_page"":""Alexander Iljitsch Siloti"", ""wikidata_id"":""Q366536""} ```",26.810775756835938
hidden_test_de_13_sent192,0,6,Casals,Q208537,PER,NIL,Casals,"```json {""wikipedia_page"":""NIL"", ""wikidata_id"":""NIL""} ```",0
hidden_test_de_13_sent193,141,156,Newsky=Prospekt,Q382500,LOC,NIL,Newsky=Prospekt,"```json {""wikipedia_page"":"""",""wikidata_id"":""NIL""} ```",0
hidden_test_de_13_sent202,190,203,Neubabelsberg,Q1979246,LOC,Q705676,Studio Babelsberg,"```json {""wikipedia_page"":""Studio Babelsberg"", ""wikidata_id"":""Q705676""} ```",17.324928283691406
hidden_test_de_13_sent211,118,129,Tri = Ergon,NIL,ORG,Q22674713,Tri-Ergon Photo-Electro-Records,"```json {""wikipedia_page"":""Tri-Ergon Photo-Electro-Records"", ""wikidata_id"":""Q22674713""} ```",12.467245101928711
hidden_test_de_13_sent211,138,142,Vogt,Q1582885,PER,NIL,Vogt,"```json {""wikipedia_page"":"""", ""wikidata_id"":""NIL""} ```",0
hidden_test_de_13_sent211,157,162,Engel,Q19286649,PER,Q1341757,Engel-Maschinenbau,"```json {""wikipedia_page"":""Engel-Maschinenbau"", ""wikidata_id"":""Q1341757""} ```",11.251114845275879
hidden_test_de_13_sent214,52,68,Fritz v. Bothmer,NIL,PER,Q1464704,Fritz von Bothmer,"```json { ""wikipedia_page"": ""Fritz von Bothmer"", ""wikidata_id"": ""Q1464704"" } ```",14.724942207336426
hidden_test_de_13_sent216,10,21,Anne Austin,Q19606547,PER,Q4766240,Ann Austin,"```json {""wikipedia_page"":""Ann Austin"", ""wikidata_id"":""Q4766240""} ```",28.674076080322266
hidden_test_de_13_sent218,378,385,Hayward,NIL,PER,Q5036665,Captain Hayward,"```json {""wikipedia_page"": ""Captain Hayward"", ""wikidata_id"": ""Q5036665""} ```",14.22087287902832
hidden_test_de_13_sent218,400,404,Ruth,NIL,PER,Q7383157,,"```json {""wikipedia_page"": """", ""wikidata_id"": ""Q7383157""} ```",9.479443550109863
hidden_test_de_13_sent218,523,531,Man¬ning,NIL,PER,Q16203487,Marie Manning,"```json {""wikipedia_page"":""Marie Manning"", ""wikidata_id"":""Q16203487""} ```",12.39786148071289
hidden_test_de_13_sent220,36,44,Birdwell,NIL,PER,Q5536990,George Birdwell,"```json {""wikipedia_page"":""George Birdwell"", ""wikidata_id"":""Q5536990""} ```",10.377921104431152
hidden_test_de_13_sent226,75,80,Harry,NIL,PER,Q668885,Harry,"```json {""wikipedia_page"":""Harry"", ""wikidata_id"":""Q668885""} ```",12.904356002807617
hidden_test_de_13_sent229,66,71,Harry,NIL,PER,Q668885,Harry,"```json {""wikipedia_page"":""Harry"", ""wikidata_id"":""Q668885""} ```",6.296473026275635
hidden_test_de_13_sent232,12,19,Manning,NIL,PER,Q7175641,Peter Manning,"```json {""wikipedia_page"":""Peter Manning"",""wikidata_id"":""Q7175641""} ```",10.6466703414917
hidden_test_de_13_sent233,46,66,Star¬bridge Building,NIL,LOC,Q1398653,Stalybridge,"```json {""wikipedia_page"": ""Stalybridge"", ""wikidata_id"": ""Q1398653""} ```",18.921926498413086
hidden_test_de_13_sent237,167,171,Ruth,NIL,PER,Q432153,Ruth Brunswick,"```json {""wikipedia_page"":""Ruth Brunswick"", ""wikidata_id"":""Q432153""} ```",12.02198314666748
hidden_test_de_13_sent241,4,15,Jake Bailey,NIL,PER,Q63351200,Jake Bailey,"```json {""wikipedia_page"": ""Jake Bailey"", ""wikidata_id"": ""Q63351200""} ```",20.3292293548584
hidden_test_de_13_sent241,77,89,Harry Borden,NIL,PER,Q10960945,Harry Bordon,"```json {""wikipedia_page"":""Harry_Borden"", ""wikidata_id"":""Q10960945""} ```",14.697958946228027
hidden_test_de_13_sent250,68,74,McMann,NIL,PER,Q6802296,McMann,"```json {""wikipedia_page"":""McMann"", ""wikidata_id"":""Q6802296""} ```",15.803472518920898
hidden_test_de_13_sent252,0,11,Oesterreich,Q518101,LOC,Q40,Österreich,"```json {""wikipedia_page"":""Österreich"", ""wikidata_id"":""Q40""} ```",20.764606475830078
hidden_test_de_13_sent253,0,11,Oesterreich,Q518101,LOC,Q40,Österreich,"```json {""wikipedia_page"": ""Österreich"", ""wikidata_id"": ""Q40""} ```",22.240442276000977
hidden_test_de_13_sent253,116,123,Mailand,Q490,LOC,Q1543,AC Milan,"```json {""wikipedia_page"":""AC Milan"", ""wikidata_id"":""Q1543""} ```",17.756994247436523
hidden_test_de_13_sent253,130,140,Ambrosiana,Q631,ORG,NIL,Ambrosiana,"```json {""wikipedia_page"": ""NIL"", ""wikidata_id"":""NIL""} ```",0
hidden_test_de_13_sent253,187,193,Slavia,Q194393,ORG,NIL,Slavia,"```json {""wikipedia_page"":""NIL"", ""wikidata_id"":""NIL""} ```",0
hidden_test_de_13_sent254,4,10,Vienna,Q686826,ORG,Q1741,Wien,"```json {""wikipedia_page"":""Wien"", ""wikidata_id"":""Q1741""} ```",19.655170440673828
hidden_test_de_13_sent254,18,28,Ambrosiana,Q631,ORG,Q131209,FK Austria Wien,"```json {""wikipedia_page"": ""FK Austria Wien"", ""wikidata_id"": ""Q131209""} ```",16.70743179321289
hidden_test_de_13_sent255,52,56,Wien,Q1741,LOC,Q266962,Wiener Sport-Club,"```json { ""wikipedia_page"": ""Wiener Sport-Club"", ""wikidata_id"": ""Q266962"" } ```",13.9260835647583
hidden_test_de_13_sent255,62,69,Italien,Q48742118,LOC,Q172579,Königreich Italien,"```json {""wikipedia_page"":""Königreich Italien"", ""wikidata_id"":""Q172579""} ```",10.205843925476074
hidden_test_de_13_sent255,227,239,Horeschofsky,Q81315700,PER,NIL,Horeschofsky,"```json {""wikipedia_page"": ""NIL"", ""wikidata_id"":""NIL""} ```",0
hidden_test_de_13_sent255,265,273,Hoffmann,Q256792,PER,NIL,Hoffmann,"```json {""wikipedia_page"":"""", ""wikidata_id"":""NIL""} ```",0
hidden_test_de_13_sent255,275,280,Machu,Q6526300,PER,Q105433700,Viktor Mach,"```json {""wikipedia_page"":""Viktor Mach"", ""wikidata_id"":""Q105433700""} ```",16.972501754760742
hidden_test_de_13_sent255,317,322,Tögel,Q1556487,PER,Q2433646,Tilman Tögel,"```json {""wikipedia_page"":""Tilman Tögel"", ""wikidata_id"":""Q2433646""} ```",18.679601669311523
hidden_test_de_13_sent256,595,600,Fiala,Q5182977,PER,Q1188873,Jan Fiala,"```json {""wikipedia_page"":""Jan Fiala"", ""wikidata_id"":""Q1188873""} ```",16.600452423095703
hidden_test_de_13_sent256,618,627,Cimpersky,NIL,PER,Q364939,Adolf Šimperský,"```json { ""wikipedia_page"": ""Adolf Šimperský"", ""wikidata_id"": ""Q364939"" } ```",16.57098960876465
hidden_test_de_13_sent256,634,642,Kopetzky,NIL,PER,Q62589979,Paul Albert Kopetzky,"```json {""wikipedia_page"":""Paul Albert Kopetzky"", ""wikidata_id"":""Q62589979""} ```",16.43857192993164
hidden_test_de_13_sent256,653,660,Swoboda,Q1336868,PER,Q683298,Franz Swoboda,"```json {""wikipedia_page"":""Franz Swoboda"", ""wikidata_id"":""Q683298""} ```",18.789936065673828
hidden_test_de_13_sent256,814,824,österreich,Q518101,LOC,Q3091449,Österreichischer Leichtathletik-Verband,"```json {""wikipedia_page"":""Österreichischer Leichtathletik-Verband"", ""wikidata_id"":""Q3091449""} ```",16.32208251953125
hidden_test_de_13_sent257,23,30,Italien,Q48742118,LOC,NIL,Italien,"```json {""wikipedia_page"":""NIL"", ""wikidata_id"":""NIL""} ```",0
hidden_test_de_13_sent257,33,43,Barlassina,Q1249246,PER,Q1317559,Lorenzo Barlassina,"```json {""wikipedia_page"":""Lorenzo Barlassina"", ""wikidata_id"":""Q1317559""} ```",5.83779239654541
hidden_test_de_13_sent259,95,105,österreich,Q518101,LOC,Q40,Österreich,"```json {""wikipedia_page"":""Österreich"", ""wikidata_id"":""Q40""} ```",27.228742599487305
hidden_test_de_13_sent261,145,162,Landstraßer Platz,NIL,LOC,Q28922943,Landstraßer Hauptstraße,"```json {""wikipedia_page"": ""Landstraßer Hauptstraße"", ""wikidata_id"": ""Q28922943""} ```",9.569818496704102
hidden_test_de_13_sent262,54,62,Viktoria,NIL,ORG,Q692571,Viktoria Aschaffenburg,"```json {""wikipedia_page"": ""Viktoria Aschaffenburg"", ""wikidata_id"": ""Q692571""} ```",15.727970123291016
hidden_test_de_13_sent262,80,90,Gradjanski,Q172803,ORG,Q1255013,HŠK Građanski Zagreb,"```json {""wikipedia_page"":""HŠK Građanski Zagreb"", ""wikidata_id"":""Q1255013""} ```",17.1052303314209
hidden_test_de_13_sent262,103,113,F. C. Wien,Q683981,ORG,Q686826,First Vienna FC 1894,"```json {""wikipedia_page"":""First Vienna FC 1894"", ""wikidata_id"":""Q686826""} ```",24.785364151000977
hidden_test_de_13_sent262,153,160,Kolding,Q1779108,ORG,Q528675,Kolding FC,"```json {""wikipedia_page"": ""Kolding FC"", ""wikidata_id"": ""Q528675""} ```",14.722021102905273
hidden_test_de_13_sent262,334,342,B. A. C.,Q461162,ORG,Q821412,Berliner Automobil-Club,"```json {""wikipedia_page"": ""Berliner Automobil-Club"", ""wikidata_id"": ""Q821412""} ```",12.575550079345703
hidden_test_de_13_sent265,4,14,österreich,Q518101,LOC,Q40,Österreich,"```json {""wikipedia_page"":""Österreich"", ""wikidata_id"":""Q40""} ```",32.48922348022461
hidden_test_de_13_sent269,16,27,Oesterreich,Q518101,LOC,Q40,Österreich,"```json {""wikipedia_page"":""Österreich"", ""wikidata_id"":""Q40""} ```",25.50429916381836
hidden_test_de_13_sent269,28,34,Ungarn,Q600018,LOC,Q28,Ungarn,"```json {""wikipedia_page"":""Ungarn"", ""wikidata_id"":""Q28""} ```",28.01041030883789
hidden_test_de_13_sent270,59,70,Oesterreich,Q518101,LOC,Q40,Österreich,"```json {""wikipedia_page"":""Österreich"", ""wikidata_id"":""Q40""} ```",22.083572387695312
hidden_test_de_13_sent270,77,83,Ungarn,Q600018,LOC,Q171150,Königreich Ungarn,"```json {""wikipedia_page"": ""Königreich Ungarn"", ""wikidata_id"": ""Q171150""} ```",15.918994903564453
hidden_test_de_13_sent273,105,115,Hauptallee,Q1248317,LOC,NIL,Hauptallee,"```json {""wikipedia_page"":""NIL"", ""wikidata_id"":""NIL""} ```",0
hidden_test_de_13_sent275,92,97,stadt,Q131612,LOC,Q1741,Wien,"```json { ""wikipedia_page"": ""Wien"", ""wikidata_id"": ""Q1741"" } ```",14.348509788513184
hidden_test_de_13_sent277,15,24,Wimbledon,Q736742,LOC,Q41520,Wimbledon Championships,"```json {""wikipedia_page"":""Wimbledon Championships"", ""wikidata_id"":""Q41520""} ```",17.758399963378906
hidden_test_de_13_sent278,14,19,Satoh,Q3179267,PER,Q3144078,Hyotare Sato,"```json { ""wikipedia_page"": ""Hyotare Sato"", ""wikidata_id"": ""Q3144078"" } ```",18.101285934448242
hidden_test_de_13_sent278,46,53,Italien,Q48742118,LOC,Q172579,Königreich Italien,"```json {""wikipedia_page"":""Königreich Italien"", ""wikidata_id"":""Q172579""} ```",16.637874603271484
hidden_test_de_13_sent278,113,121,Henrotin,Q3507351,PER,Q105734298,Claire-Lucile Henrotin,"```json {""wikipedia_page"":""Claire-Lucile Henrotin"", ""wikidata_id"":""Q105734298""} ```",15.876656532287598
hidden_test_de_13_sent278,123,133,Frankreich,Q70802,LOC,Q142,Frankreich,"```json {""wikipedia_page"":""Frankreich"", ""wikidata_id"":""Q142""} ```",23.380817413330078
hidden_test_de_13_sent278,159,166,Valerio,Q639768,PER,NIL,Valerio,"```json {""wikipedia_page"":""NIL"", ""wikidata_id"":""NIL""} ```",0
hidden_test_de_13_sent278,167,174,Italien,Q48742118,LOC,Q172579,Königreich Italien,"```json {""wikipedia_page"":""Königreich Italien"", ""wikidata_id"":""Q172579""} ```",18.430755615234375
hidden_test_de_13_sent278,192,196,Horn,Q58048697,PER,Q17403857,,"```json {""wikipedia_page"":"""", ""wikidata_id"":""Q17403857""} ```",19.28102684020996
hidden_test_de_13_sent278,198,209,Deutschland,Q7318,LOC,Q1206012,Deutsches Reich,"```json {""wikipedia_page"":""Deutsches Reich"", ""wikidata_id"":""Q1206012""} ```",15.759580612182617
hidden_test_de_13_sent278,267,280,Whittingstall,Q299959,PER,NIL,Whittingstall,"```json {""wikipedia_page"":"""", ""wikidata_id"":""NIL""} ```",0
hidden_test_de_13_sent278,282,297,Groß¬britannien,Q23666,LOC,Q145,Vereinigtes Königreich,"```json {""wikipedia_page"":""Vereinigtes Königreich"", ""wikidata_id"":""Q145""} ```",25.174501419067383
hidden_test_de_13_sent278,328,342,Großbritannien,Q23666,LOC,Q145,Vereinigtes Königreich,"```json {""wikipedia_page"": ""Vereinigtes Königreich"", ""wikidata_id"": ""Q145""} ```",20.932601928710938
hidden_test_de_13_sent278,350,356,Sutter,NIL,PER,Q2979069,Cliff Sutter,"```json {""wikipedia_page"":""Cliff Sutter"", ""wikidata_id"":""Q2979069""} ```",17.386707305908203
hidden_test_de_13_sent278,407,424,Tschecho¬slowakei,Q140359,LOC,Q33946,Tschechoslowakei,"```json {""wikipedia_page"": ""Tschechoslowakei"", ""wikidata_id"": ""Q33946""} ```",24.429363250732422
hidden_test_de_13_sent279,0,8,Stoeffen,Q764024,PER,NIL,Stoeffen,"```json {""wikipedia_page"":"""", ""wikidata_id"":""NIL""} ```",0
hidden_test_de_13_sent279,10,27,Vereinigte Staten,Q30,LOC,Q13128909,,"```json { ""wikipedia_page"":""Verteidigungsministerium der Vereinigten Staaten"", ""wikidata_id"":""Q13128909"" } ```",12.94148063659668
hidden_test_de_13_sent279,36,39,Lee,Q3127853,PER,NIL,Lee,"```json {""wikipedia_page"":""NIL"", ""wikidata_id"":""NIL""} ```",0
hidden_test_de_13_sent280,4,12,Gaisberg,Q688441,LOC,Q1491355,Gaisbergrennen,"```json {""wikipedia_page"":""Gaisbergrennen"", ""wikidata_id"":""Q1491355""} ```",16.35873794555664
hidden_test_de_13_sent282,71,79,Salzburg,Q43325,LOC,Q34713,Salzburg,"```json {""wikipedia_page"": ""Salzburg"", ""wikidata_id"": ""Q34713""} ```",11.234467506408691
hidden_test_de_13_sent283,344,352,Gaisberg,Q688441,LOC,Q1491341,Gaisberg,"```json { ""wikipedia_page"": ""Gaisberg"", ""wikidata_id"": ""Q1491341"" } ```",12.365338325500488
hidden_test_de_13_sent287,80,87,Italien,Q48742118,LOC,Q172579,Königreich Italien,"```json { ""wikipedia_page"": ""Königreich Italien"", ""wikidata_id"": ""Q172579"" } ```",14.039133071899414
hidden_test_de_13_sent287,142,151,Fontanini,NIL,PER,Q105810864,Antonin Fontaine,"```json {""wikipedia_page"": ""Antonin Fontaine"", ""wikidata_id"": ""Q105810864""} ```",16.402681350708008
hidden_test_de_13_sent287,153,166,ContePremolli,NIL,PER,Q52240,Pontremoli,"```json {""wikipedia_page"":""Pontremoli"", ""wikidata_id"":""Q52240""} ```",13.419502258300781
hidden_test_de_13_sent287,200,210,GuidoLandi,NIL,PER,Q172078,Chico Landi,"```json { ""wikipedia_page"": ""Chico Landi"", ""wikidata_id"": ""Q172078"" } ```",23.98281478881836
hidden_test_de_13_sent287,229,263,Schweizer Landesmeister HansStuber,NIL,PER,Q77097447,Schweizer Bergmeisterschaft,"```json {""wikipedia_page"":""Schweizer Bergmeisterschaft"", ""wikidata_id"":""Q77097447""} ```",15.43134593963623
hidden_test_de_13_sent287,495,511,H. P. Widengreen,NIL,PER,Q18170996,Henken Widengren,"```json { ""wikipedia_page"": ""Henken Widengren"", ""wikidata_id"": ""Q18170996"" } ```",31.8178653717041
hidden_test_de_13_sent287,555,596,Tschechoslowakei Ing. Wilfried Proskowetz,Q55859180,PER,Q33946,Tschechoslowakei,"```json {""wikipedia_page"":""Tschechoslowakei"", ""wikidata_id"":""Q33946""} ```",21.368289947509766
hidden_test_de_13_sent287,600,631,Dr. Georg (Freiherr v.) Goldegg,NIL,PER,Q14578435,Goldegg zu Lindenburg,"```json {""wikipedia_page"":""Goldegg zu Lindenburg"", ""wikidata_id"":""Q14578435""} ```",17.503475189208984
hidden_test_de_13_sent287,637,658,HollandG. H. Scholten,NIL,PER,Q102911,Holland,"```json { ""wikipedia_page"": ""Holland"", ""wikidata_id"": ""Q102911"" } ```",15.267536163330078
hidden_test_de_13_sent287,688,715,Oesterreich Bern¬hard Kandl,NIL,PER,Q40,Österreich,"```json {""wikipedia_page"":""Österreich"", ""wikidata_id"":""Q40""} ```",16.162233352661133
hidden_test_de_13_sent287,766,775,Waidhofen,NIL,PER,Q427385,Waidhofen an der Ybbs,"```json { ""wikipedia_page"": ""Waidhofen an der Ybbs"", ""wikidata_id"": ""Q427385"" } ```",22.93347930908203
hidden_test_de_13_sent287,862,869,Bugatti,Q314419,PER,Q27401,Bugatti,"```json {""wikipedia_page"":""Bugatti"",""wikidata_id"":""Q27401""} ```",23.073274612426758
hidden_test_de_13_sent287,882,889,Italien,Q48742118,LOC,Q38,Italien,"```json { ""wikipedia_page"": ""Italien"", ""wikidata_id"": ""Q38"" } ```",21.146530151367188
hidden_test_de_13_sent288,33,41,Gaisberg,Q688441,LOC,Q1491355,Gaisbergrennen,"```json { ""wikipedia_page"": ""Gaisbergrennen"", ""wikidata_id"": ""Q1491355"" } ```",22.4433536529541
hidden_test_de_13_sent288,192,203,Oesterreich,Q518101,LOC,Q40,Österreich,"```json {""wikipedia_page"":""Österreich"", ""wikidata_id"":""Q40""} ```",26.604196548461914
hidden_test_de_13_sent288,250,257,Runtsch,NIL,PER,Q1612544,Hermann Rützler,"```json {""wikipedia_page"": ""Hermann Rützler"", ""wikidata_id"": ""Q1612544""} ```",18.83414649963379
hidden_test_de_13_sent288,274,279,Gayer,NIL,PER,Q15436587,Alexander Gayer,"```json { ""wikipedia_page"":""Alexander Gayer"", ""wikidata_id"":""Q15436587"" } ```",23.57404899597168
hidden_test_de_13_sent288,310,316,Reheis,NIL,PER,Q1353045,Erich Reheis,"```json {""wikipedia_page"":""Erich Reheis"", ""wikidata_id"":""Q1353045""} ```",18.467641830444336
hidden_test_de_13_sent288,397,408,Gyula Patho,NIL,PER,Q713731,Gyula Pártos,"```json {""wikipedia_page"":""Gyula Pártos"", ""wikidata_id"":""Q713731""} ```",24.443571090698242
hidden_test_de_13_sent289,72,82,österreich,Q518101,LOC,Q40,Österreich,"```json {""wikipedia_page"":""Österreich"", ""wikidata_id"":""Q40""} ```",20.45552635192871
hidden_test_de_13_sent293,4,14,österreich,Q518101,LOC,Q40,Österreich,"```json {""wikipedia_page"":""Österreich"", ""wikidata_id"":""Q40""} ```",26.668476104736328
hidden_test_de_13_sent294,19,27,Kronfeld,Q86279,PER,NIL,Kronfeld,"```json {""wikipedia_page"":""NIL"", ""wikidata_id"":""NIL""} ```",0
hidden_test_de_13_sent295,203,213,österreich,Q518101,LOC,Q1763505,Österreichische Post,"```json {""wikipedia_page"":""Österreichische Post"", ""wikidata_id"":""Q1763505""} ```",21.198331832885742
hidden_test_de_13_sent295,247,255,Kronfeld,Q86279,PER,NIL,Kronfeld,"```json {""wikipedia_page"":"""","" ""wikidata_id"":""NIL""} ```",0
hidden_test_de_13_sent296,167,178,Oesterreich,Q518101,LOC,Q40,Österreich,"```json {""wikipedia_page"": ""Österreich"", ""wikidata_id"": ""Q40""} ```",8.970602035522461
hidden_test_de_13_sent300,112,152,Verband der Jagd= und Wurftaubenschützen,NIL,ORG,Q306437,Österreichischer Schützenbund,"```json {""wikipedia_page"": ""Österreichischer Schützenbund"", ""wikidata_id"": ""Q306437""} ```",29.02881622314453
hidden_test_de_13_sent300,161,172,öster¬reich,Q518101,LOC,Q40,Österreich,"```json {""wikipedia_page"":""Österreich"", ""wikidata_id"":""Q40""} ```",25.108911514282227
hidden_test_de_13_sent300,220,241,BundespräsidentMiklas,Q84263,PER,Q475658,Bundespräsident,"```json { ""wikipedia_page"": ""Bundespräsident"", ""wikidata_id"": ""Q475658"" } ```",19.31241798400879
hidden_test_de_13_sent300,387,412,BundesministerDr. Buresch,Q84511,PER,Q248352,Bundesminister,"```json {""wikipedia_page"":""Bundesminister"", ""wikidata_id"":""Q248352""} ```",20.34442901611328
hidden_test_de_13_sent300,434,487,Staatssekretär fürFremdenverkehr Neustädter = Stürmer,Q2014639,PER,NIL,Staatssekretär fürFremdenverkehr Neustädter = Stürmer,"```json {""wikipedia_page"":"""", ""wikidata_id"":""NIL""} ```",0
hidden_test_de_13_sent300,593,603,Frankreich,Q70802,LOC,Q142,Frankreich,"```json {""wikipedia_page"":""Frankreich"", ""wikidata_id"":""Q142""} ```",20.80728530883789
hidden_test_de_13_sent300,636,643,Spanien,Q178038,LOC,Q29,Spanien,"```json {""wikipedia_page"":""Spanien"", ""wikidata_id"":""Q29""} ```",18.488977432250977
hidden_test_de_13_sent300,648,654,Ungarn,Q600018,LOC,Q28,Ungarn,"```json { ""wikipedia_page"": ""Ungarn"", ""wikidata_id"": ""Q28"" } ```",25.81543731689453
hidden_test_de_13_sent302,16,23,Carnera,Q325449,PER,NIL,Carnera,"```json {""wikipedia_page"":"""", ""wikidata_id"":""NIL""} ```",0
hidden_test_de_13_sent302,26,33,Sharkey,Q427464,PER,NIL,Sharkey,"```json {""wikipedia_page"":""NIL"", ""wikidata_id"":""NIL""} ```",0
hidden_test_de_13_sent304,237,244,Italien,Q48742118,LOC,Q172579,Königreich Italien,"```json {""wikipedia_page"": ""Königreich Italien"", ""wikidata_id"": ""Q172579""} ```",12.557683944702148
hidden_test_de_13_sent305,22,29,Sharkey,Q427464,PER,NIL,Sharkey,"```json {""wikipedia_page"": ""NIL"", ""wikidata_id"": ""NIL""} ```",0
hidden_test_de_13_sent311,160,171,Oesterreich,Q518101,LOC,NIL,Oesterreich,"```json {""wikipedia_page"":"""", ""wikidata_id"":""NIL""} ```",0
hidden_test_de_13_sent315,241,274,Bundesministerium für Heereswesen,Q872173,ORG,Q471063,Reichswehrministerium,"```json {""wikipedia_page"":""Reichswehrministerium"", ""wikidata_id"":""Q471063""} ```",24.27083396911621
hidden_test_de_13_sent315,336,345,Wien Graz,Q13298,LOC,Q2101708,Polizeidirektion Wien,"```json {""wikipedia_page"":""Polizeidirektion Wien"", ""wikidata_id"":""Q2101708""} ```",13.864709854125977
hidden_test_de_13_sent315,370,437,Wirtschaftsverband der Bundes=Sicher¬heitswachebeamten Oesterreichs,NIL,ORG,Q1006709,Bundessicherheitswachekorps,"```json {""wikipedia_page"": ""Bundessicherheitswachekorps"", ""wikidata_id"": ""Q1006709""} ```",23.273395538330078
