doc_id,start_pos,end_pos,surface,gt_id,type,identifier,title,answer,score
EXP-1798-01-04-a-i0005,41,63,Charlotte née Bourgoin,NIL,PER,Q75317700,Charlotte de Bourbon,,0
EXP-1798-01-04-a-i0005,74,87,Joseph Digiez,NIL,PER,Q3185851,Joseph de Lévis-Gaudiez,,0
EXP-1798-01-04-a-i0005,92,108,Maurice Bourgoin,NIL,PER,Q5583761,Maurice Bourguin,,0
EXP-1798-01-04-a-i0005,142,168,sieur Jaques Charles Gicot,NIL,PER,Q18414383,Joachim Charles de Seiglière,"Based on the provided text and candidate list, the entity ""sieur Jaques Charles Gicot"" can be confidently disambiguated to ""Joachim Charles de Seiglière"". Here is the JSON output: ```json {""wikipedia_page"":""Joachim Charles de Seiglière"", ""wikidata_id"":""Q18414383""} ```",19.745023727416992
EXP-1798-01-04-a-i0005,210,224,Conseil d'Etat,NIL,ORG,Q769657,Conseil d'État,,0
EXP-1798-01-04-a-i0005,343,365,Jean-Baptiste Bourgoin,NIL,PER,Q106301283,Jean-Baptiste-François de Bourgeon,,0
EXP-1798-01-04-a-i0005,498,506,Landeron,Q70204,LOC,Q70204,Le Landeron,"{ ""wikipedia_page"": ""Le Landeron"", ""wikidata_id"": ""Q70204"" }",15.51573657989502
EXP-1798-01-04-a-i0005,978,992,Val-de-Travers,Q70526,LOC,Q70526,Val-de-Travers,,0
EXP-1798-01-04-a-i0005,999,1062,"sieur Daniel Meuron, maïUe charpentier, _bourgeois de Neuchatel",NIL,PER,Q3479987,Serrières,"```json { ""wikipedia_page"": ""Serrières"", ""wikidata_id"": ""Q3479987"" } ```",11.864588737487793
EXP-1798-01-04-a-i0005,1142,1176,Frédéric-Henri _Lequin de Fleurier,NIL,PER,Q3092505,Félix Lequien,,0
EXP-1798-01-04-a-i0005,1183,1202,Marie-Louise Meuron,NIL,PER,Q3292670,Marie Louise Mignot,,0
EXP-1798-01-04-a-i0005,1224,1238,Jouas Frédéric,NIL,PER,NIL,Jouas Frédéric,"Based on the analysis of the provided text, the entity mentioned between the [ENT] tags is ""Frédéric Henri Lequin"". Among the provided candidates, none directly match ""Frédéric Henri Lequin"" with high confidence. Therefore, the appropriate response is: ```json {""wikipedia_page"": ""NIL"", ""wikidata_id"": ""NIL""} ```",0
EXP-1798-01-04-a-i0005,1240,1247,Auguste,NIL,PER,Q3158157,Auguste de Juigné,"```json { ""wikipedia_page"": ""Auguste de Juigné"", ""wikidata_id"": ""Q3158157"" } ```",20.623552322387695
EXP-1798-01-04-a-i0005,1249,1258,Alexandre,NIL,PER,Q2833898,Alexandre Méchin,,0
EXP-1798-01-04-a-i0005,1262,1284,Louise -Rosalio Lequin,NIL,PER,Q1647537,Louise-Félicité de Kéralio,,0
EXP-1798-01-04-a-i0005,1504,1525,Frédéric Henri Lequin,NIL,PER,Q21369851,Louis Henri René Dequin,,0
EXP-1798-01-04-a-i0005,1675,1689,Val de-Travers,Q70526,LOC,Q70526,Val-de-Travers,"```json {""wikipedia_page"":""Val-de-Travers"", ""wikidata_id"":""Q70526""} ```",17.225879669189453
EXP-1798-02-15-a-i0004,74,83,Neuchatel,Q69345,LOC,Q69345,Neuchâtel,"Based on the provided text and the list of candidates, the entity mentioned between the [ENT] tags is ""Neuchâtel"". Here is the JSON response: ```json {""wikipedia_page"":""Neuchâtel"", ""wikidata_id"":""Q69345""} ```",4.618776321411133
EXP-1798-02-15-a-i0004,363,421,"Jean'""Fréderic / Stnuffer, meunier aux moulins de la Prise",NIL,PER,Q3340235,Nicolas Defer de la Nouere,"```json { ""wikipedia_page"": ""Nicolas Defer de la Nouere"", ""wikidata_id"": ""Q3340235"" } ```",12.242956161499023
EXP-1798-02-15-a-i0004,659,672,sœurs _Gendre,NIL,PER,NIL,sœurs _Gendre,"```json {""wikipedia_page"":""NIL"", ""wikidata_id"":""NIL""} ```",0
EXP-1798-02-15-a-i0004,735,747,Mlle. Eckard,NIL,PER,NIL,Mlle. Eckard,"```json { ""wikipedia_page"": ""NIL"", ""wikidata_id"": ""NIL"" } ```",0
EXP-1798-02-15-a-i0004,753,768,rue des Moulins,NIL,LOC,Q3451926,rue des Moulins,"```json { ""wikipedia_page"": ""rue des Moulins"", ""wikidata_id"": ""Q3451926"" } ```",16.484174728393555
EXP-1798-02-15-a-i0004,838,855,demoiselle Eckard,NIL,PER,NIL,demoiselle Eckard,"{ ""wikipedia_page"": ""NIL"", ""wikidata_id"": ""NIL"" }",0
EXP-1798-02-15-a-i0004,1900,1909,Neuchatel,Q69345,LOC,Q69345,Neuchâtel,,0
EXP-1798-02-15-a-i0004,1996,2045,"Jean-Frédéric Borel, maître charpentier à Couve t",NIL,PER,Q3370696,Paul Borel,"{""wikipedia_page"":""Jean-Frédéric Borel"", ""wikidata_id"":""Q3370696""}",15.675704956054688
EXP-1798-02-15-a-i0004,2205,2238,"M. Rougemont, commissaire général",NIL,PER,Q3308793,Michel-Nicolas Balisson de Rougemont,"```json { ""wikipedia_page"": ""Michel-Nicolas Balisson de Rougemont"", ""wikidata_id"": ""Q3308793"" } ```",10.867834091186523
EXP-1798-02-15-a-i0004,2318,2351,"M. Fa vre, négociant sur la place",NIL,PER,Q16711050,François Favre,"```json { ""wikipedia_page"": ""François Favre"", ""wikidata_id"": ""Q16711050"" } ```",6.130941390991211
EXP-1798-02-15-a-i0004,2472,2501,sieur Quartier _^ instituteur,NIL,PER,NIL,sieur Quartier _^ instituteur,"```json { ""wikipedia_page"": ""NIL"", ""wikidata_id"": ""NIL"" } ```",0
EXP-1798-02-15-a-i0004,3030,3039,Neuchatel,Q69345,LOC,Q69345,Neuchâtel,,0
EXP-1798-02-15-a-i0004,3043,3051,Chaumont,Q1068390,LOC,Q193880,Chaumont,"```json { ""wikipedia_page"": ""Chaumont"", ""wikidata_id"": ""Q193880"" } ```",18.781917572021484
EXP-1798-02-15-a-i0004,3133,3151,Jean Pierre Baxdet,NIL,PER,Q3168974,Jean-Pierre Bardet,"```json { ""wikipedia_page"": ""Jean-Pierre Bardet"", ""wikidata_id"": ""Q3168974"" } ```",18.268747329711914
EXP-1798-02-15-a-i0004,3299,3335,Compagnie des Marchands de Neuchatel,NIL,ORG,Q3254372,maison de Neuchâtel,"{""wikipedia_page"": ""Compagnie des Marchands de Neuchâtel"", ""wikidata_id"": ""Q3254372""}",19.771963119506836
EXP-1798-02-15-a-i0004,3444,3459,M. Henri Gigaud,NIL,PER,Q3131541,Henri Maigrot,"{ ""wikipedia_page"": ""Henri Gigault"", ""wikidata_id"": ""Q3131541"" }",16.204862594604492
EXP-1798-02-15-a-i0004,3509,3520,M. Ghatenay,NIL,PER,NIL,M. Ghatenay,"Based on the input text and the provided list of candidates, the entity mentioned between the [ENT] tags (""M. Ghatenay"") is not present in the list of candidates. Therefore, the response is: ```json {""wikipedia_page"":""NIL"", ""wikidata_id"":""NIL""} ```",0
EXP-1798-02-15-a-i0004,3558,3594,"M. le greffier Péter, son secrétaire",NIL,PER,Q56314703,,"Based on the given input text and the list of candidates, the entity mentioned between the [ENT] tags is ""M. le greffier Péter, son secrétaire"". After analyzing the text and the list of candidates, the most appropriate Wikidata entity that matches the entity tagged with [ENT] is: - Wikidata ID: Q56314703 - Wikipedia page title: ""secrétaire"" Thus, the JSON-formatted answer is: ```json { ""wikipedia_page"": ""secrétaire"", ""wikidata_id"": ""Q56314703"" } ```",8.435306549072266
EXP-1808-09-01-a-i0001,369,383,Chaux-de-Fonds,Q68124,LOC,Q68124,La Chaux-de-Fonds,,0
EXP-1808-09-01-a-i0001,423,439,Henri Jean-Maire,NIL,PER,Q1605889,Henri Jeanmaire,"```json { ""wikipedia_page"": ""Henri Jeanmaire"", ""wikidata_id"": ""Q1605889"" } ```",16.729816436767578
EXP-1808-09-01-a-i0001,487,501,Chaùx-de-Fonds,Q68124,LOC,Q68124,La Chaux-de-Fonds,"Based on the provided text and candidates, the entity mentioned between the [ENT] tags is ""La Chaux-de-Fonds"". The most appropriate Wikidata entity from the list of candidates is: ```json {""wikipedia_page"":""La Chaux-de-Fonds"", ""wikidata_id"":""Q68124""} ```",21.836097717285156
EXP-1808-09-01-a-i0001,645,661,Henri Jean-Maire,NIL,PER,Q1605889,Henri Jeanmaire,"Based on the provided input text and the list of candidates, I will analyze the entity mentioned between the [ENT] tags and select the most appropriate Wikidata entity if highly confident. If none of the candidates match with high confidence, I will use the string ""NIL"" as the value for the wikidata_id key. Here is the analysis: - The entity mentioned between the [ENT] tags is Henri Jean-Maire. - From the list of candidates, the entity that matches Henri Jean-Maire is Henri Jean-Maire (Q1605889). Therefore, the corresponding Wikipedia page title and Wikidata ID of the selected entity is: ```json {""wikipedia_page"":""Henri Jeanmaire"", ""wikidata_id"":""Q1605889""} ```",15.972898483276367
EXP-1808-09-01-a-i0001,668,691,Reine née Robert-Nicoud,NIL,PER,NIL,Reine née Robert-Nicoud,"```json { ""wikipedia_page"": ""NIL"", ""wikidata_id"": ""NIL"" } ```",0
EXP-1808-09-01-a-i0001,1088,1102,Chaux-de Fonds,Q68124,LOC,Q68124,La Chaux-de-Fonds,"{ ""wikipedia_page"": ""La Chaux-de-Fonds"", ""wikidata_id"": ""Q68124"" }",21.197893142700195
EXP-1808-09-01-a-i0001,1141,1150,Henriette,NIL,PER,Q3132484,Henriette Poincaré,"```json { ""wikipedia_page"": ""Henriette Poincaré"", ""wikidata_id"": ""Q3132484"" } ```",15.962979316711426
EXP-1808-09-01-a-i0001,1168,1217,sieur cap itaine-lieutenant Jaques Henri Boûrquin,NIL,PER,NIL,sieur cap itaine-lieutenant Jaques Henri Boûrquin,"```json {""wikipedia_page"": ""NIL"", ""wikidata_id"": ""NIL""} ```",0
EXP-1808-09-01-a-i0001,1228,1233,Jacob,NIL,PER,Q3159045,Jacques Guay,"Based on the input text, the entity mentioned between the [ENT] tags is ""Jacques Guye"". After reviewing the list of candidates, it is highly confident that the correct Wikidata entity is: ``` {""wikipedia_page"":""Jacques Guye"", ""wikidata_id"":""Q3159045""} ```",17.7403507232666
EXP-1808-09-01-a-i0001,1242,1253,Jaques Guye,NIL,PER,Q3158382,Jacques Boyé,,0
EXP-1808-09-01-a-i0001,1259,1268,Verrières,Q69807,LOC,Q780175,Verrières,"```json { ""wikipedia_page"": ""Verrières"", ""wikidata_id"": ""Q780175"" } ```",15.80662727355957
EXP-1808-09-01-a-i0001,1304,1317,Cote-aux-Fées,Q68526,LOC,Q68526,La Côte-aux-Fées,"```json {""wikipedia_page"": ""La Côte-aux-Fées"", ""wikidata_id"": ""Q68526""} ```",20.332054138183594
EXP-1808-09-01-a-i0001,1425,1434,Verrières,Q69807,LOC,Q780175,Verrières,"Based on the provided text and the list of candidates, the entity tagged with [ENT] is ""Verrières"" from the list. The most appropriate Wikidata entity is: ```json {""wikipedia_page"":""Verrières"", ""wikidata_id"":""Q780175""} ``` If none of the candidates match with high confidence the entity tagged with [ENT], use the string ""NIL"" as value of the ""wikidata_id"" key.",14.389975547790527
EXP-1808-09-01-a-i0001,1468,1510,"M. Charles Cousandièr, "" maire du dit lieu",NIL,PER,NIL,"M. Charles Cousandièr, "" maire du dit lieu","{ ""wikipedia_page"": ""NIL"", ""wikidata_id"": ""NIL"" }",0
EXP-1808-09-01-a-i0001,1768,1777,Verrières,Q69807,LOC,Q1626408,Verrières,"Based on the context provided in the text and the list of candidates, the entities [ENT] within the text most likely refer to the commune ""Verrières"" or ""Ferrières-les-Verreries"" due to the proximity of the terms ""commune française"" and the specific departments mentioned. Given the high confidence in the disambiguation, the most appropriate Wikidata entity from the list of candidates is: ```json {""wikipedia_page"":""Verrières"", ""wikidata_id"":""Q1626408""} ``` This entity is confidently identified based on the context and the provided list of candidates.",13.863219261169434
EXP-1808-09-01-a-i0001,1802,1829,"H .-F. JEAHJAQUET, greffier",NIL,PER,Q641208,greffier,"```json {""wikipedia_page"": ""greffier"", ""wikidata_id"": ""Q641208""} ```",13.801054954528809
EXP-1808-09-01-a-i0001,1865,1890,sieur Charles-Henri vêpre,NIL,PER,NIL,sieur Charles-Henri vêpre,"Given the input text and the provided list of candidates, I have analyzed the entities marked by [ENT] tags. The entities are: 1. [ENT] sieur Charles-Henri vêpre 2. [ENT] Julie-Valérie Bonvêpre ### Analysis: - **Entity 1: sieur Charles-Henri vêpre** - The name ""Charles-Henri vêpre"" does not match any of the candidates provided with high confidence. After analyzing the context and the list of candidates, it is not clear which Wikidata entity corresponds to this name. - **Entity 2: Julie-Valérie Bonvêpre** - The name ""Julie-Valérie Bonvêpre"" also does not match any of the candidates provided with high confidence. Given the context, it is likely that this is a person's name, but there is no exact match in the provided list. Based on the analysis, neither entity can be confidently matched to a Wikidata entity from the provided list of candidates. ### Output: ```json {""wikipedia_page"":"""", ""wikidata_id"":""NIL""} ```",0
EXP-1808-09-01-a-i0001,1898,1931,demoiselle Julie-Valérie Bonvêpre,NIL,PER,Q3275244,Madame Bouquey,"```json {""wikipedia_page"": ""Madame Bouquey"", ""wikidata_id"": ""Q3275244""} ```",16.750946044921875
EXP-1808-09-01-a-i0001,1954,2022,"M. Charles-Guillaume Bonvêpre, membre du Grand-Conseil et hôpitalier",NIL,PER,Q551456,Chrétien Guillaume de Lamoignon de Malesherbes,"```json { ""wikipedia_page"": ""Chrétien Guillaume de Lamoignon de Malesherbes"", ""wikidata_id"": ""Q551456"" } ```",14.670984268188477
EXP-1808-09-01-a-i0001,2033,2057,damé Susanne Petitpierre,NIL,PER,NIL,damé Susanne Petitpierre,"{ ""wikipedia_page"": ""NIL"", ""wikidata_id"": ""NIL"" }",0
EXP-1808-09-01-a-i0001,2083,2092,Neuchatel,Q69345,LOC,Q69345,Neuchâtel,,0
EXP-1808-09-01-a-i0001,2366,2375,Neuchatel,Q69345,LOC,Q69345,Neuchâtel,,0
EXP-1808-09-01-a-i0001,2695,2704,Neuchatel,Q69345,LOC,Q69345,Neuchâtel,,0
EXP-1808-09-01-a-i0001,2750,2764,Jonas Bes 6 on,NIL,PER,Q637480,Saint-Nexans,"Here is the JSON response: ```json {""wikipedia_page"": ""Saint-Nexans"", ""wikidata_id"": ""Q637480""} ``` Explanation: - The text mentions ""feu l'ancien d'é glise [ENT] Jonas Bes 6 on [ENT], d'Engolon"". The entity ""Jonas Bes 6 on"" is likely a variation of Jonas Beszon, a religious figure from Saint-Nexans. - The candidate ""Saint-Nexans"" is the most fitting entity based on the mention of ""Engolon"", which aligns with Saint-Nexans' geographical location.",8.956038475036621
EXP-1808-09-01-a-i0001,2768,2775,Engolon,Q70469,LOC,Q70469,Engollon,"Based on the input text and the list of candidates, I am confident that the entity ""Engolon"" fits best. Here is the JSON output: ```json {""wikipedia_page"":""Engollon"", ""wikidata_id"":""Q70469""} ```",16.096651077270508
EXP-1808-09-01-a-i0001,2899,2910,Henri Favre,NIL,PER,Q2510810,Henri-Louis Favre,,0
EXP-1808-09-01-a-i0001,2915,2922,Villard,NIL,LOC,Q1216976,Villard-sur-Doron,"```json { ""wikipedia_page"": ""Villard-sur-Doron"", ""wikidata_id"": ""Q1216976"" } ```",16.253517150878906
EXP-1808-09-01-a-i0001,2938,2960,Jeanne-Marie née Morel,NIL,PER,Q1535197,Jean-Marie Morel,,0
EXP-1808-09-01-a-i0001,2971,2988,Jean-Daniel Favre,NIL,PER,Q3171959,Jean Fabre,,0
EXP-1808-09-01-a-i0001,3313,3321,Valangin,Q70194,LOC,Q70194,Valangin,,0
EXP-1808-09-01-a-i0001,3487,3495,Valangin,Q70194,LOC,Q70194,Valangin,,0
EXP-1808-09-01-a-i0001,3502,3520,Marianne Perrenoud,NIL,PER,Q5998156,Marie Dénarnaud,,0
EXP-1808-09-01-a-i0001,3525,3533,la Sagne,Q68532,LOC,Q68532,La Sagne,"```json { ""wikipedia_page"": ""La Sagne"", ""wikidata_id"": ""Q68532"" } ```",16.361892700195312
EXP-1808-09-01-a-i0001,3548,3563,Jacob Perrenoud,NIL,PER,Q21634566,Jacques Perrault,"Based on the input text and the provided list of candidates, the entity mentioned between the [ENT] tags is ""Jacques Perrenoud"". After reviewing the candidates, the most appropriate Wikidata entity is ""Jacques Perrenoud"". ```json {""wikipedia_page"": ""Jacques Perrenoud"", ""wikidata_id"": ""Q21634566""} ```",20.024471282958984
EXP-1808-09-01-a-i0001,3571,3588,Judith née Jaquet,NIL,PER,NIL,Judith née Jaquet,"```json { ""wikipedia_page"": ""NIL"", ""wikidata_id"": ""NIL"" } ```",0
EXP-1808-09-01-a-i0001,3648,3657,Neuchatel,Q69345,LOC,Q69345,Neuchâtel,"```json {""wikipedia_page"":""Neuchâtel"", ""wikidata_id"":""Q69345""} ```",19.637998580932617
EXP-1808-09-01-a-i0001,4591,4600,Neuchatel,Q69345,LOC,Q69345,Neuchâtel,,0
EXP-1808-09-01-a-i0001,4678,4687,la _Sagoe,Q68532,LOC,Q1091507,Sagone,"Based on the input text and the list of candidates, the entity mentioned between the [ENT] tags in the text is ""Sagone"". Among the list of candidates, the entity ""Sagone"" is listed under the Wikidata ID Q1091507 with the Wikipedia page title ""Sagone"". ```json { ""wikipedia_page"": ""Sagone"", ""wikidata_id"": ""Q1091507"" } ```",11.811382293701172
EXP-1808-09-01-a-i0001,4791,4814,voitnrier Louis Floquet,NIL,PER,NIL,voitnrier Louis Floquet,"Based on the provided text and list of candidates, the entity mentioned between the [ENT] tags appears to be ""Louis Floquet"" and ""Louis Marie Florent du Châtelet"". However, none of the candidates in the list exactly match these names. Given the context of the historical text, it is reasonable to conclude that the entities are likely to be historical figures, but they do not have direct matches in the provided list of candidates. Therefore, the JSON response would be: ```json {""wikipedia_page"":""NIL"", ""wikidata_id"":""NIL""} ```",0
EXP-1808-09-01-a-i0001,4920,4927,Yverdon,Q63946,LOC,Q63946,Yverdon-les-Bains,,0
EXP-1808-09-01-a-i0001,5173,5180,Yveidon,Q63946,LOC,Q63946,Yverdon-les-Bains,"```json {""wikipedia_page"": ""Yverdon-les-Bains"", ""wikidata_id"": ""Q63946""} ```",17.257333755493164
EXP-1808-09-01-a-i0001,5204,5226,"AUBERJOSOIS, président",NIL,PER,Q96345093,Isaac Louis Auberjonois,"Based on the provided input text and the list of candidates, the entity mentioned between [ENT] tags is likely to be ""AUBERJOSOIS, président"". From the list of candidates, the most appropriate Wikidata entity for this name is ""Isaac Louis Auberjonois"". Here is the JSON output: ```json { ""wikipedia_page"": ""Isaac Louis Auberjonois"", ""wikidata_id"": ""Q96345093"" } ```",10.704001426696777
EXP-1808-09-01-a-i0001,5232,5253,"F. COREVOïT, greffier",NIL,PER,NIL,"F. COREVOïT, greffier","```json { ""wikipedia_page"": ""NIL"", ""wikidata_id"": ""NIL"" } ```",0
EXP-1808-09-01-a-i0001,5448,5463,ruelle Honhomme,NIL,LOC,NIL,ruelle Honhomme,"Based on the input text and the provided candidates, the entity mentioned between the [ENT] tags is ""ruelle Honhomme"". Among the given candidates, the closest match is ""ruelles de Paris"" (Q3452753). Since the confidence is not high enough to disambiguate it precisely, I will classify it with a NIL value. ```json { ""wikipedia_page"": ""NIL"", ""wikidata_id"": ""NIL"" } ```",0
EXP-1808-09-01-a-i0001,5487,5503,Plan de Serriere,NIL,LOC,Q3479984,Serrière,"```json {""wikipedia_page"":""Serrière"", ""wikidata_id"":""Q3479984""} ```",11.277132034301758
EXP-1808-09-01-a-i0001,5618,5641,M. le capitaine Jacobel,NIL,PER,Q3302756,Maximilien Henri Nicolas Jacob,"{""wikipedia_page"": ""Maximilien Henri Nicolas Jacob"", ""wikidata_id"": ""Q3302756""}",8.766334533691406
EXP-1808-09-01-a-i0001,5988,5997,Colombier,Q70339,LOC,Q1011965,Colombier,,0
EXP-1808-09-01-a-i0001,6175,6184,Colombier,Q70339,LOC,Q1011965,Colombier,,0
EXP-1808-09-01-a-i0001,6284,6299,M. ne Charrière,NIL,PER,Q110865614,Philippe Charrier,"Based on the input text and the list of candidates, the entity [ENT] M. ne Charrière seems to refer to a person, and the closest candidate is ""Philippe Charrier"". Therefore, the JSON output is: ```json {""wikipedia_page"": ""Philippe Charrier"", ""wikidata_id"": ""Q110865614""} ```",8.510918617248535
EXP-1808-09-01-a-i0001,6324,6333,Colombier,Q70339,LOC,Q1011965,Colombier,,0
EXP-1808-09-01-a-i0001,6388,6392,Bôle,Q70472,LOC,Q70472,Bôle,"```json {""wikipedia_page"": ""Bôle"", ""wikidata_id"": ""Q70472""} ```",18.957168579101562
EXP-1808-09-01-a-i0001,6396,6405,Colombier,Q70339,LOC,Q1011965,Colombier,,0
EXP-1808-09-01-a-i0001,6504,6510,Preyla,NIL,LOC,Q109576784,Preuille,"{ ""wikipedia_page"": ""Preuille"", ""wikidata_id"": ""Q109576784"" }",19.902929306030273
EXP-1808-09-01-a-i0001,6557,6566,Chatenaya,NIL,LOC,Q838698,Châtenay,,0
EXP-1808-09-01-a-i0001,6628,6652,sieurs Jean-David Mauley,NIL,PER,NIL,sieurs Jean-David Mauley,"```json { ""wikipedia_page"": ""NIL"", ""wikidata_id"": ""NIL"" } ```",0
EXP-1808-09-01-a-i0001,6657,6670,Jean Confesse,NIL,PER,Q24478688,affaire Seznec,,0
EXP-1808-09-01-a-i0001,6746,6761,Félix Tinembart,NIL,PER,Q453302,Fouquier-Tinville,"```json {""wikipedia_page"": ""Fouquier-Tinville"", ""wikidata_id"": ""Q453302""} ```",16.392953872680664
EXP-1808-09-01-a-i0001,6906,6912,Bevaix,Q68700,LOC,Q68700,Bevaix,,0
EXP-1808-09-01-a-i0001,7044,7053,Neuchatel,Q69345,LOC,Q69345,Neuchâtel,,0
EXP-1808-09-01-a-i0001,7516,7522,Bevaix,Q68700,LOC,Q174257,Beauvais,,0
EXP-1808-09-01-a-i0001,7560,7583,"J. -J. PERNET, greffier",NIL,PER,Q3173905,Jean Pernet,"```json { ""wikipedia_page"": ""Jean Pernet"", ""wikidata_id"": ""Q3173905"" } ```",14.411057472229004
EXP-1808-09-01-a-i0001,7608,7614,M. Roy,NIL,PER,Q3301361,Maurice Roy,"```json { ""wikipedia_page"": ""Maurice Roy"", ""wikidata_id"": ""Q3301361"" } ```",12.759597778320312
EXP-1828-06-12-a-i0001,38,95,"César d'Ivernois, conseiller d'Etat et maire de Colombier",NIL,PER,NIL,"César d'Ivernois, conseiller d'Etat et maire de Colombier","Based on the provided text and list of candidates, I have disambiguated the entities mentioned between the [ENT] tags. First, let's analyze the text: 1. [ENT] César d'Ivernois, conseiller d'Etat et maire de Colombier [ENT] Given the context, the entity mentioned between the first pair of [ENT] tags is likely to be a personal name. From the list of candidates, ""César Henri de La Luzerne"" is a military and political figure from the 18th century. However, the context of the text suggests a different entity. After careful consideration, I select the candidate ""César d'Albret"" as the most appropriate entity for the mentioned name. This selection is based on the historical context and the fact that César d'Albret is a famous military leader in French history. For the second entity mentioned between the [ENT] tags ([ENT] Colombier [ENT]), the context suggests that it is a place name. From the list of candidates, ""Colombier-en-Brionnais"" is a commune in France. Based on the analysis, the disambiguated entities are: 1. César d'Albret (wikipedia page: ""Emmanuel-V",0
EXP-1828-06-12-a-i0001,182,197,Samuel Huguenin,NIL,PER,Q3510132,Sébastien Huguenet I,,0
EXP-1828-06-12-a-i0001,340,363,deJusticeduditColombier,Q70339,LOC,Q5148001,château de Colombier,"Based on the provided text, the most suitable Wikidata entity for the [ENT] tags is the ""château du Colombier"" in the canton of Neuchâtel, Switzerland. Therefore, the JSON response is as follows: ```json {""wikipedia_page"":""château de Colombier"", ""wikidata_id"":""Q5148001""} ```",11.500835418701172
EXP-1828-06-12-a-i0001,490,508,"F. C'LtRC, £ ffier",NIL,PER,Q150,français,"```json { ""wikipedia_page"": ""français"", ""wikidata_id"": ""Q150"" } ```",3.9914259910583496
EXP-1828-06-12-a-i0001,538,556,AL Fiançois. Racle,NIL,PER,NIL,AL Fiançois. Racle,"{""wikipedia_page"":""NIL"", ""wikidata_id"":""NIL""}",0
EXP-1828-06-12-a-i0001,561,571,Neuveville,Q69476,LOC,Q69476,La Neuveville,"```json {""wikipedia_page"":""La Neuveville"", ""wikidata_id"":""Q69476""} ```",19.105894088745117
EXP-1828-06-12-a-i0001,596,601,Berne,Q70,LOC,Q70,Berne,,0
EXP-1828-06-12-a-i0001,706,718,AlAL Millier,NIL,PER,NIL,AlAL Millier,"The text provided does not contain a clear entity tagged with [ENT]. The name ""Millier"" does not match any of the candidates with high confidence. Therefore, the response is: ```json {""wikipedia_page"":""NIL"", ""wikidata_id"":""NIL""} ```",0
EXP-1828-06-12-a-i0001,720,739,Sivary père et Comp,NIL,PER,Q3260826,Louis-Philémon Savary,"```json { ""wikipedia_page"": ""Sivary"", ""wikidata_id"": ""Q3260826"" } ```",8.465768814086914
EXP-1828-06-12-a-i0001,744,752,Fribourg,Q36378,LOC,Q36378,Fribourg,"```json { ""wikipedia_page"": ""Fribourg"", ""wikidata_id"": ""Q36378"" } ```",21.173892974853516
EXP-1828-06-12-a-i0001,756,762,Suisse,Q39,LOC,Q39,Suisse,"```json { ""wikipedia_page"": ""Suisse"", ""wikidata_id"": ""Q39"" } ```",18.278535842895508
EXP-1828-06-12-a-i0001,972,977,Berne,Q70,LOC,Q70,Berne,,0
EXP-1828-06-12-a-i0001,1917,1994,"Al. le juge civil Freudo'nreich, lieutenant d'Avoyer de la Préfecture à Berne",NIL,PER,Q70,Berne,"```json { ""wikipedia_page"": ""Berne"", ""wikidata_id"": ""Q70"" } ```",12.397363662719727
EXP-1828-06-12-a-i0001,2167,2172,Berne,Q70,LOC,Q70,Berne,,0
EXP-1828-06-12-a-i0001,2499,2562,"Al. Freudenreich, lieutenant d'Avoyer de la Préfecture de Berne",NIL,PER,NIL,"Al. Freudenreich, lieutenant d'Avoyer de la Préfecture de Berne","```json { ""wikipedia_page"": ""NIL"", ""wikidata_id"": ""NIL"" } ```",0
EXP-1828-06-12-a-i0001,2566,2571,Berne,Q70,LOC,Q70,Berne,,0
EXP-1828-06-12-a-i0001,2620,2637,"signéKocH, avocat",NIL,PER,Q40348,avocat ou avocate,"```json {""wikipedia_page"": ""avocat"", ""wikidata_id"": ""Q40348""} ```",8.50967788696289
EXP-1828-06-12-a-i0001,4450,4462,10 Juin 1828,NIL,LOC,Q16647138,juin 1828,"```json {""wikipedia_page"":""juin 1828"", ""wikidata_id"":""Q16647138""} ```",13.547260284423828
EXP-1828-06-12-a-i0001,4472,4546,"lesecrétairc-de-viUe et président de la Commission de santé, G .-F. GALLOT",NIL,PER,Q3340340,Nicolas Galloteau-Chappron,"```json { ""wikipedia_page"": ""Nicolas Galloteau-Chappron"", ""wikidata_id"": ""Q3340340"" } ```",12.199777603149414
EXP-1828-06-12-a-i0001,4602,4656,M la grand baillive de Gingins-Chevilly née Pillichody,NIL,PER,Q18636964,Louis-Georges-François Pillichody,"```json { ""wikipedia_page"": ""Louis-Georges-François Pillichody"", ""wikidata_id"": ""Q18636964"" } ```",10.443492889404297
EXP-1828-06-12-a-i0001,4996,5004,St. Jean,NIL,LOC,Q677433,Saint-Jean-sur-Vilaine,"```json {""wikipedia_page"": ""Saint-Jean-sur-Vilaine"", ""wikidata_id"": ""Q677433""} ```",12.083486557006836
EXP-1828-06-12-a-i0001,5126,5169,"Seigneur Fischer, _giand baillif de Cerlier",NIL,PER,NIL,"Seigneur Fischer, _giand baillif de Cerlier","```json { ""wikipedia_page"": ""NIL"", ""wikidata_id"": ""NIL"" } ```",0
EXP-1828-06-12-a-i0001,5187,5207,"J- HARTMANN, notaire",NIL,PER,Q189010,notaire,"```json { ""wikipedia_page"": ""notaire"", ""wikidata_id"": ""Q189010"" } ``` The ""notaire"" entity is highly confidently matched with the Wikidata entity ""Q189010"".",14.114540100097656
EXP-1828-06-12-a-i0001,5291,5321,AL le Comte Louis de Pourtalès,Q60107781,PER,Q60107781,Louis de Pourtalès,"{ ""wikipedia_page"": ""Louis de Pourtalès"", ""wikidata_id"": ""Q60107781"" }",12.985447883605957
EXP-1828-06-12-a-i0001,5327,5332,Ponts,Q68617,LOC,Q742473,Ponts,"```json { ""wikipedia_page"": ""Ponts"", ""wikidata_id"": ""Q742473"" } ```",16.86746597290039
EXP-1828-06-12-a-i0001,5649,5654,Ponts,Q68617,LOC,Q742473,Ponts,"Based on the provided text and the list of candidates, the entity mentioned between the [ENT] tags is ""Ponts"". After analyzing the given text, the most appropriate Wikidata entity from the list of candidates is: - Wikipedia Page: ""Ponts"" - Wikidata ID: ""Q742473"" Here is the JSON object: ```json {""wikipedia_page"": ""Ponts"", ""wikidata_id"": ""Q742473""} ```",18.655431747436523
EXP-1828-06-12-a-i0001,5697,5729,"M. de Aleuron, conseiller d'Etat",NIL,PER,Q2966071,Christophe Andrault de Langeron,"```json { ""wikipedia_page"": ""Christophe Andrault de Langeron"", ""wikidata_id"": ""Q2966071"" } ```",12.972503662109375
EXP-1828-06-12-a-i0001,5851,5860,Auvernier,Q70385,LOC,Q70385,Auvernier,,0
EXP-1828-06-12-a-i0001,5932,5941,Corcelles,Q67862,LOC,Q275356,Corcelles,,0
EXP-1828-06-12-a-i0001,6108,6143,"Aîons d'Ivernois, conseiller d'Etat",NIL,PER,Q3171902,Jean d'Izès,"```json { ""wikipedia_page"": ""Jean d'Izès"", ""wikidata_id"": ""Q3171902"" } ```",10.725225448608398
EXP-1828-06-12-a-i0001,6222,6232,St. Biaise,Q70424,LOC,Q70424,Saint-Blaise," {""wikipedia_page"":""Saint-Blaise"", ""wikidata_id"":""Q70424""} ```",14.960042953491211
EXP-1828-06-12-a-i0001,6291,6296,Voëns,Q70424,LOC,Q4966,Vonges,"{ ""wikipedia_page"": ""Vonges"", ""wikidata_id"": ""Q4966"" }",12.488375663757324
EXP-1828-06-12-a-i0001,6302,6307,Enges,Q68546,LOC,Q68546,Enges,"```json { ""wikipedia_page"":""Enges"", ""wikidata_id"":""Q68546"" } ```",13.305853843688965
EXP-1828-06-12-a-i0001,6524,6536,Liechtenhann,NIL,PER,Q1451459,Lichtenhain,"Based on the provided input text and candidates, the entity mentioned between the [ENT] tags is ""Liechtenhann"". The most appropriate Wikidata entity from the list of candidates is ""Lichtenhain"" with the Wikidata ID ""Q1451459"" and Wikipedia page title ""Lichtenhain"". ```json {""wikipedia_page"":""Lichtenhain"", ""wikidata_id"":""Q1451459""} ```",12.870665550231934
EXP-1828-06-12-a-i0001,6799,6807,Valangin,Q70194,LOC,Q70194,Valangin,,0
EXP-1828-06-12-a-i0001,7190,7198,St. Jean,NIL,LOC,Q65953328,St John,"Based on the provided text and the list of candidates, I am highly confident in disambiguating the entity ""St. Jean"" to the Wikidata entity with the Wikipedia page title ""St John"" and Wikidata ID ""Q65953328"". Here is the JSON response: ```json {""wikipedia_page"":""St John"", ""wikidata_id"":""Q65953328""} ```",11.729216575622559
EXP-1828-06-12-a-i0001,7217,7226,Ostervald,NIL,PER,Q116944,Jean-Frédéric Ostervald,"```json { ""wikipedia_page"": ""Jean-Frédéric Ostervald"", ""wikidata_id"": ""Q116944"" } ```",15.643613815307617
EXP-1828-06-12-a-i0001,7456,7461,Globe,Q7736796,PROD,Q3223120,Le Globe,"Given the text and the provided list of candidates, the entity mentioned between the [ENT] tags is ""Le Globe"". The most appropriate Wikidata entity from the list of candidates is: ```json {""wikipedia_page"":""Le Globe"", ""wikidata_id"":""Q3223120""} ```",16.461414337158203
EXP-1828-06-12-a-i0001,7468,7485,Revue britannique,Q28790553,PROD,Q7732245,The English Review,"```json { ""wikipedia_page"": ""The English Review"", ""wikidata_id"": ""Q7732245"" } ```",20.373701095581055
EXP-1828-06-12-a-i0001,7643,7653,Arrowsmith,Q301678,PER,Q5560185,John Arrowsmith,"```json { ""wikipedia_page"": ""John Arrowsmith"", ""wikidata_id"": ""Q5560185"" } ```",18.627490997314453
EXP-1828-06-12-a-i0001,7686,7697,B. Viguerie,Q13080819,PER,Q13080819,Bernard Viguerie,,0
EXP-1828-06-12-a-i0001,7735,7744,Brockhaus,Q62851,PER,Q237227,Brockhaus Enzyklopädie,"```json {""wikipedia_page"":""Brockhaus Enzyklopädie"",""wikidata_id"":""Q237227""} ```",21.918676376342773
EXP-1828-06-12-a-i0001,7795,7801,LeSage,Q267962,PER,Q267962,Alain-René Lesage,"```json {""wikipedia_page"":""Alain-René Lesage"", ""wikidata_id"":""Q267962""} ```",19.467878341674805
EXP-1828-06-12-a-i0001,8033,8059,"Sieur Quinche, instituteur",NIL,PER,Q2251335,instituteur ou institutrice,"```json { ""wikipedia_page"": ""instituteur ou institutrice"", ""wikidata_id"": ""Q2251335"" } ```",10.091720581054688
EXP-1828-06-12-a-i0001,8076,8092,place des Halles,NIL,LOC,Q20899815,place des Halles,"Based on the input text and the provided list of candidates, the entity mentioned between the [ENT] tags is ""place des Halles"". The most appropriate Wikidata entity from the list of candidates is: ```json {""wikipedia_page"": ""place des Halles"", ""wikidata_id"": ""Q20899815""} ```",17.80376625061035
EXP-1828-06-12-a-i0001,8182,8191,Neuchâtel,Q69345,LOC,Q69345,Neuchâtel,,0
EXP-1828-06-12-a-i0001,8197,8222,Al. le châtelain Alonvert,NIL,PER,Q2856887,Antoine de Laforêt,"Based on the provided text and the list of candidates, the entity mentioned between the [ENT] tags, ""Al. le châtelain Alonvert,"" can be disambiguated with high confidence as ""Antoine de Laforêt."" Therefore, the JSON response is as follows: ```json {""wikipedia_page"": ""Antoine de Laforêt"", ""wikidata_id"": ""Q2856887""} ```",16.90532875061035
EXP-1828-06-12-a-i0001,8314,8332,AL Jn .-Dl. Andrié,NIL,PER,Q2833403,Alexandre Andryane,"Based on the provided text, the entity mentioned between the [ENT] tags is ""AL Jn.-Dl. Andrié"". After analyzing the candidates, the most appropriate Wikidata entity for this name is Alexandre Andryane. Here is the JSON-formatted answer: ```json {""wikipedia_page"":""Alexandre Andryane"", ""wikidata_id"":""Q2833403""} ```",10.250712394714355
EXP-1828-06-12-a-i0001,8370,8377,J. Dorn,NIL,PER,Q1234025,Joseph Dorn,"```json { ""wikipedia_page"": ""Joseph Dorn"", ""wikidata_id"": ""Q1234025"" } ```",13.093084335327148
EXP-1828-06-12-a-i0001,8645,8657,grosdeNaples,Q2634,LOC,Q2634,Naples,"```json { ""wikipedia_page"": ""Naples"", ""wikidata_id"": ""Q2634"" } ```",8.242203712463379
EXP-1828-06-12-a-i0001,8866,8874,Mulhouse,Q79815,LOC,Q79815,Mulhouse,,0
EXP-1828-06-12-a-i0001,9315,9320,Chine,Q29520,LOC,Q4240236,crêpe de Chine,"Based on the input text and the provided list of candidates, the most appropriate Wikidata entity for the entity mentioned between the [ENT] tags is: - Wikipedia Page: crêpe de Chine - Wikidata ID: Q4240236 Here is the JSON-formatted answer: ```json { ""wikipedia_page"": ""crêpe de Chine"", ""wikidata_id"": ""Q4240236"" } ```",12.541954040527344
EXP-1828-06-12-a-i0001,9526,9542,Al Julie Steiner,NIL,PER,Q2833968,Alexandre Pierre Julienne,"```json { ""wikipedia_page"": ""Alexandre Pierre Julienne"", ""wikidata_id"": ""Q2833968"" } ```",11.958212852478027
EXP-1828-06-12-a-i0001,9753,9761,Florence,Q2044,LOC,Q2044,Florence,"```json { ""wikipedia_page"": ""Florence"", ""wikidata_id"": ""Q2044"" } ```",17.419464111328125
EXP-1828-06-12-a-i0001,9813,9827,M veuve Benoit,NIL,PER,Q3311479,Michelle de Bonneuil,"Based on the provided text and list of candidates, the entity mentioned within the [ENT] tags is ""M veuve Benoit"". Among the candidates, the closest match is ""Joseph Benoît"", who is a canut and man politique français. Here is the JSON-formatted answer: ```json {""wikipedia_page"":""Michelle de Bonneuil"", ""wikidata_id"":""Q3311479""} ```",8.61096477508545
EXP-1828-06-12-a-i0001,9839,9857,Al. Aleuron-Perret,NIL,PER,NIL,Al. Aleuron-Perret,"```json {""wikipedia_page"":""NIL"", ""wikidata_id"":""NIL""} ```",0
EXP-1828-06-12-a-i0001,9876,9904,"Em. Alatthey, bottier du Roi",NIL,PER,Q3588275,Émiland Gauthey,"```json { ""wikipedia_page"": ""Émiland Gauthey"", ""wikidata_id"": ""Q3588275"" } ```",13.899784088134766
EXP-1828-06-12-a-i0001,9986,9991,Paris,Q90,LOC,Q90,Paris,"{ ""wikipedia_page"": ""Paris"", ""wikidata_id"": ""Q90"" }",17.51508903503418
EXP-1828-06-12-a-i0001,10288,10310,"AI "" -Jeanrenaud-Racle",NIL,PER,Q16011426,Jean Alexandre Durand de La Roque,"```json {""wikipedia_page"": ""Jean Alexandre Durand de La Roque"", ""wikidata_id"": ""Q16011426""} ```",8.622185707092285
EXP-1828-06-12-a-i0001,10338,10342,Inde,Q668,LOC,Q668,Inde,"```json { ""wikipedia_page"": ""Inde"", ""wikidata_id"": ""Q668"" } ```",19.760908126831055
EXP-1828-06-12-a-i0001,10367,10386,Fanchette Philippin,NIL,PER,Q3065724,famille de Champlitte-Pontailler,"```json { ""wikipedia_page"": ""Fanchette Philippin"", ""wikidata_id"": ""Q3065724"" } ```",16.783836364746094
EXP-1828-06-12-a-i0001,10550,10573,"Jean Schlatter, fermier",NIL,PER,Q131512,agriculteur ou agricultrice,"Based on the input text, the entity mentioned between the [ENT] tags is ""Jean Schlatter"". Among the provided candidates, the closest match with high confidence is: ```json { ""wikipedia_page"": ""agriculteur ou agricultrice"", ""wikidata_id"": ""Q131512"" } ``` Here is the JSON response: ```json { ""wikipedia_page"": ""agriculteur ou agricultrice"", ""wikidata_id"": ""Q131512"" } ```",16.89153289794922
EXP-1828-06-12-a-i0001,10577,10587,M. de Luze,NIL,PER,Q11964889,Cognac De Luze,"Here's the JSON response for the given text and list of candidates: ```json { ""wikipedia_page"": ""Cognac De Luze"", ""wikidata_id"": ""Q11964889"" } ``` The entity ""M. de Luze"" mentioned between the [ENT] tags in the text corresponds most confidently to the Wikidata entity ""Cognac De Luze"" with the given list of candidates.",11.818947792053223
EXP-1828-06-12-a-i0001,10593,10607,Prés de _Reuse,NIL,LOC,Q547958,Reux,"{ ""wikipedia_page"": ""Reux"", ""wikidata_id"": ""Q547958"" }",14.580430030822754
EXP-1828-06-12-a-i0001,10741,10755,"Marti, sellier",NIL,PER,Q25377245,solier,"```json { ""wikipedia_page"": ""solier"", ""wikidata_id"": ""Q25377245"" } ```",8.710094451904297
EXP-1828-06-12-a-i0001,10792,10813,lithographie Gagnebin,NIL,ORG,Q3050958,Elie Gagnebin,"Given the input text and the JSON list of candidates, the entity mentioned between the [ENT] tags is ""Gagnebin"". The candidate that matches this entity with high confidence is: ```json {""wikipedia_page"":""Elie Gagnebin"", ""wikidata_id"":""Q3050958""} ``` Thus, the JSON response is: ```json {""wikipedia_page"":""Elie Gagnebin"", ""wikidata_id"":""Q3050958""} ```",16.20415687561035
EXP-1828-06-12-a-i0001,10859,10866,Annonay,Q238366,LOC,Q238366,Annonay,,0
EXP-1828-06-12-a-i0001,10962,10969,Palerme,Q2656,LOC,Q2656,Palerme,"Based on the provided text and the list of candidates, the entity mentioned between [ENT] tags is ""Palerme"". The most appropriate Wikidata entity from the list of candidates is ""Palerme"". Here is the JSON-formatted answer: ```json {""wikipedia_page"":""Palerme"", ""wikidata_id"":""Q2656""} ```",21.118736267089844
EXP-1828-06-12-a-i0001,10977,10989,Al Wittnauer,NIL,PER,Q8028615,Wittnauer,"```json { ""wikipedia_page"": ""Wittnauer"", ""wikidata_id"": ""Q8028615"" } ```",15.603100776672363
EXP-1828-06-12-a-i0001,11016,11031,AI Wavre-Wattel,NIL,PER,Q181314,Wavre,"```json { ""wikipedia_page"": ""Wavre"", ""wikidata_id"": ""Q181314"" } ```",15.00021743774414
EXP-1828-06-12-a-i0001,11110,11115,Dijon,Q7003,LOC,Q7003,Dijon,"Based on the provided text and list of candidates, the entity mentioned between the [ENT] tags is ""Dijon."" The most appropriate Wikidata entity is: ```json { ""wikipedia_page"": ""Dijon"", ""wikidata_id"": ""Q7003"" } ```",21.8342342376709
EXP-1828-06-12-a-i0001,11481,11494,Samuel Dubois,NIL,PER,Q3483472,Sieur Dubois,,0
EXP-1828-06-12-a-i0001,11498,11507,Colombier,Q70339,LOC,Q1353510,Colombiers,"```json { ""wikipedia_page"": ""Colombiers"", ""wikidata_id"": ""Q1353510"" } ```",20.380687713623047
EXP-1828-06-12-a-i0001,11569,11578,Vaumarcus,Q70467,LOC,Q29786091,Château de Vaumarcus,"```json { ""wikipedia_page"": ""Château de Vaumarcus"", ""wikidata_id"": ""Q29786091"" } ```",19.196819305419922
EXP-1828-06-12-a-i0001,11585,11608,M. Preud'homme-Favarger,NIL,PER,Q3321464,Monsieur Prudhomme,"Based on the provided input text and the list of candidates, the entity mentioned between the [ENT] tags, ""M. Preud'homme-Favarger,"" can be disambiguated to: ```json { ""wikipedia_page"": ""Monsieur Prudhomme"", ""wikidata_id"": ""Q3321464"" } ``` This entity appears to match highly confidently with the candidate ""Monsieur Prudhomme"" based on the context and the given candidates.",19.464815139770508
EXP-1828-06-12-a-i0001,12080,12100,AlAL Pettavel frères,NIL,PER,Q21007947,Argental,"```json {""wikipedia_page"": ""AlAL Pettavel frères"", ""wikidata_id"": ""Q21007947""} ```",15.88662052154541
EXP-1828-06-12-a-i0001,12143,12150,Cologne,Q365,LOC,Q2863,Eau de Cologne,"```json { ""wikipedia_page"": ""Eau de Cologne"", ""wikidata_id"": ""Q2863"" } ```",16.49615478515625
EXP-1828-06-12-a-i0001,12183,12187,Nice,Q33959,LOC,Q3142820,Huile d'olive de Nice,"```json {""wikipedia_page"":""Huile d'olive de Nice"", ""wikidata_id"":""Q3142820""} ```",13.508835792541504
EXP-1828-06-12-a-i0001,12194,12202,Provence,Q101081,LOC,Q101081,Provence,"{ ""wikipedia_page"": ""Provence"", ""wikidata_id"": ""Q101081"" }",19.460548400878906
EXP-1828-06-12-a-i0001,12225,12232,Alaille,Q536450,ORG,Q536450,Maille,"Based on the input text and the provided list of candidates, the entities [ENT] Alaille [ENT] correspond to ""Maille"". Therefore, the disambiguated Wikidata entity is: ```json {""wikipedia_page"":""Maille"", ""wikidata_id"":""Q536450""} ```",15.919868469238281
EXP-1828-06-12-a-i0001,12245,12250,Paris,Q90,LOC,Q90,Paris,,0
EXP-1828-06-12-a-i0001,12338,12348,C. Steiner,NIL,PER,Q1037954,Karl Friedrich Steiner,"```json {""wikipedia_page"": ""Karl Friedrich Steiner"", ""wikidata_id"": ""Q1037954""} ```",16.507171630859375
EXP-1828-06-12-a-i0001,12360,12378,AI. DeLuzc-De-Luze,NIL,PER,Q11964889,Cognac De Luze,"```json {""wikipedia_page"":""Cognac De Luze"", ""wikidata_id"":""Q11964889""} ```",16.24680519104004
EXP-1858-05-08-a-i0001,91,119,citoyen Aug. L'Ecuyer-Pœllon,NIL,PER,NIL,citoyen Aug. L'Ecuyer-Pœllon,"Based on the provided text and the list of candidates, the entities mentioned between the [ENT] tags are ""Aug. L'Ecuyer-Pœllon"" and ""Frédéric-Auguste Mathey"". Neither of these entities have a high confidence match in the provided list of candidates. Therefore, the JSON response is: ```json {""wikipedia_page"":""NIL"", ""wikidata_id"":""NIL""} ```",0
EXP-1858-05-08-a-i0001,183,209,citoyen Jaques-Henri Favre,NIL,PER,Q923619,Jules Favre,"```json {""wikipedia_page"":""Jules Favre"", ""wikidata_id"":""Q923619""} ```",17.017993927001953
EXP-1858-05-08-a-i0001,325,334,Neuchâtel,Q69345,LOC,Q69345,Neuchâtel,,0
EXP-1858-05-08-a-i0001,550,555,Locle,Q64093,LOC,Q64093,Le Locle,,0
EXP-1858-05-08-a-i0001,587,629,"citoyen Frédéric-Auguste Mathey, pierrisle",NIL,PER,NIL,"citoyen Frédéric-Auguste Mathey, pierrisle","```json {""wikipedia_page"":""NIL"", ""wikidata_id"":""NIL""} ```",0
EXP-1858-05-08-a-i0001,644,649,Locle,Q64093,LOC,Q64093,Le Locle,,0
EXP-1858-05-08-a-i0001,725,730,Locle,Q64093,LOC,Q64093,Le Locle,,0
EXP-1858-05-08-a-i0001,868,873,Locle,Q64093,LOC,Q64093,Le Locle,,0
EXP-1858-05-08-a-i0001,1037,1042,Locle,Q64093,LOC,Q64093,Le Locle,,0
EXP-1858-05-08-a-i0001,1181,1186,Locle,Q64093,LOC,Q64093,Le Locle,,0
EXP-1858-05-08-a-i0001,1272,1314,citoyen L _' -Edouard Uuguenin-Witillcmiii,NIL,PER,Q47516319,Louis Deglatigny,"Based on the provided text and the candidates list, the entity mentioned between the [ENT] tags is likely to be ""Louis Edouard Hugiieiiin-Wuilleiiii'fî"". Given the context of the text and the provided list of candidates, the most appropriate Wikidata entity seems to be ""Louis Deglatigny"". Here is the JSON-formatted answer: ```json {""wikipedia_page"": ""Louis Deglatigny"", ""wikidata_id"": ""Q47516319""} ```",12.689166069030762
EXP-1858-05-08-a-i0001,1319,1324,Locle,Q64093,LOC,Q64093,Le Locle,,0
EXP-1858-05-08-a-i0001,1363,1368,Locle,Q64093,LOC,Q64093,Le Locle,,0
EXP-1858-05-08-a-i0001,1382,1398,Charles-Frédéric,NIL,PER,NIL,Charles-Frédéric,"```json { ""wikipedia_page"": ""NIL"", ""wikidata_id"": ""NIL"" } ```",0
EXP-1858-05-08-a-i0001,1541,1546,Locle,Q64093,LOC,Q64093,Le Locle,,0
EXP-1858-05-08-a-i0001,1720,1766,citoyen Louis-Edouard Hugiieiiin-Wuilleiiii'fî,NIL,PER,NIL,citoyen Louis-Edouard Hugiieiiin-Wuilleiiii'fî,"```json {""wikipedia_page"":"""", ""wikidata_id"":""NIL""} ```",0
EXP-1858-05-08-a-i0001,1902,1907,Locle,Q64093,LOC,Q64093,Le Locle,,0
EXP-1858-05-08-a-i0001,2130,2135,Locle,Q64093,LOC,Q64093,Le Locle,,0
EXP-1858-05-08-a-i0001,2221,2252,citoyen Jules relet-Courvoisicr,NIL,PER,NIL,citoyen Jules relet-Courvoisicr,"{ ""wikipedia_page"": ""NIL"", ""wikidata_id"": ""NIL"" }",0
EXP-1858-05-08-a-i0001,2259,2264,Locle,Q64093,LOC,Q64093,Le Locle,,0
EXP-1858-05-08-a-i0001,2278,2321,"Philibert Pcrrelet, marchand de fournitures",NIL,PER,Q116776,Abraham Louis Perrelet,"Based on the provided text and the given list of candidates, the entity mentioned within the [ENT] tags is ""Philibert Pcrrelet"". After analyzing the context and comparing with the list of candidates, the most appropriate Wikidata entity is ""Abraham Louis Perrelet"" due to the similar name and occupation as a horloger suisse. Here is the JSON response: ```json {""wikipedia_page"":""Abraham Louis Perrelet"", ""wikidata_id"":""Q116776""} ```",17.684795379638672
EXP-1858-05-08-a-i0001,2336,2341,Locle,Q64093,LOC,Q64093,Le Locle,,0
EXP-1858-05-08-a-i0001,2484,2489,Locle,Q64093,LOC,Q64093,Le Locle,,0
EXP-1858-05-08-a-i0001,2663,2697,ciloyen Jules Perrelet-Courvoisicr,NIL,PER,NIL,ciloyen Jules Perrelet-Courvoisicr,"```json { ""wikipedia_page"": ""Jules Perrelet"", ""wikidata_id"": ""Q7885745"" } ```",0
EXP-1858-05-08-a-i0001,2832,2837,Locle,Q64093,LOC,Q64093,Le Locle,,0
EXP-1858-05-08-a-i0001,3052,3069,la Chaux-de-Fonds,Q68124,LOC,Q68124,La Chaux-de-Fonds,,0
EXP-1858-05-08-a-i0001,3148,3188,"citoyen Charles Bastide, ancien coiffeur",NIL,PER,Q3164603,Jean-Charles-Alphonse Avinain,"Based on the input text and the provided list of candidates, the entities mentioned within the [ENT] tags are: 1. [ENT] citoyen Charles Bastide 2. [ENT] ancien coiffeur Given the historical context and the list of candidates, the most appropriate Wikidata entity for ""Charles Bastide"" is ""Jean-Charles-Alphonse Avinain"", which is listed with the Wikidata ID ""Q3164603"". However, given the specific context of ""Charles Bastide"" being an ""ancien coiffeur"" and not a ""criminel"", it is not a perfect match but is the best available option. The entity ""ancien coiffeur"" can be disambiguated as ""coiffeur ou coiffeuse"" with the Wikidata ID ""Q55187"". Here is the JSON response: ```json { ""wikipedia_page"": ""Jean-Charles-Alphonse Avinain"", ""wikidata_id"": ""Q3164603"" } ```",12.016459465026855
EXP-1858-05-08-a-i0001,3311,3330,citoyen Ch. Bastide,NIL,PER,Q352398,Jules Bastide,"```json { ""wikipedia_page"": ""Charles Bastide"", ""wikidata_id"": ""Q352398"" } ```",15.187236785888672
EXP-1858-05-08-a-i0001,3425,3442,la Chaux-de-Fonds,Q68124,LOC,Q68124,La Chaux-de-Fonds,,0
EXP-1858-05-08-a-i0001,3669,3677,de-Fonds,Q68124,LOC,Q68124,La Chaux-de-Fonds,"```json { ""wikipedia_page"": ""La Chaux-de-Fonds"", ""wikidata_id"": ""Q68124"" } ```",19.615856170654297
EXP-1858-05-08-a-i0001,3850,3864,Chaux-de-Fonds,Q68124,LOC,Q68124,La Chaux-de-Fonds,,0
EXP-1858-05-08-a-i0001,3921,3949,"citoyen Simon Fournier, chef",NIL,PER,Q154954,personne physique,"```json {""wikipedia_page"": ""personne physique"", ""wikidata_id"": ""Q154954""} ```",8.359478950500488
EXP-1858-05-08-a-i0001,3979,3993,Chaux-de-Fonds,Q68124,LOC,Q68124,La Chaux-de-Fonds,,0
EXP-1858-05-08-a-i0001,4072,4080,Fournier,NIL,PER,Q21494576,Fournier,,0
EXP-1858-05-08-a-i0001,4167,4184,la Chaux-de-Fonds,Q68124,LOC,Q68124,La Chaux-de-Fonds,,0
EXP-1858-05-08-a-i0001,4354,4371,la Chaux-de-Fonds,Q68124,LOC,Q68124,La Chaux-de-Fonds,,0
EXP-1858-05-08-a-i0001,4560,4606,"ci-| toyen Henri-François Duvanel _, négociant",NIL,PER,Q111191632,commerçant,"Based on the provided text and the list of candidates, the entity mentioned between the [ENT] tags in the sentence ""Les créanciers de la masse en décret du [ENT] ci-| toyen Henri-François Duvanel _"" seems to be related to a ""négociant"" or a merchant. Among the provided candidates, the most appropriate entity that matches this description is: - Wikipedia page: ""négociant"" - Wikidata ID: ""Q111191632"" Therefore, the JSON-formatted answer is: ```json {""wikipedia_page"":""négociant"", ""wikidata_id"":""Q111191632""} ```",7.934667587280273
EXP-1858-05-08-a-i0001,4612,4624,Brot-Dessous,Q70522,LOC,Q70522,Brot-Dessous,"```json { ""wikipedia_page"": ""Brot-Dessous"", ""wikidata_id"": ""Q70522"" } ```",17.346994400024414
EXP-1858-05-08-a-i0001,4736,4742,Boudry,Q69507,LOC,Q69507,Boudry,,0
EXP-1858-05-08-a-i0001,4972,5002,i toyen Henri-François Duvanel,NIL,PER,NIL,i toyen Henri-François Duvanel,"Based on the provided text and list of candidates, the most appropriate Wikidata entity for the entity tagged with [ENT] is Henri Duvanel with Wikidata ID Q21055128 and Wikipedia page title 'Henri Duvanel'. However, given the context and the year of the article (1858), this candidate does not seem highly confident. Therefore, it is classified as ""NIL"". ```json {""wikipedia_page"":"""", ""wikidata_id"":""NIL""} ```",0
EXP-1868-04-22-a-i0042,15,30,Grande-Bretagne,Q145,LOC,Q23666,Grande-Bretagne,,0
EXP-1868-04-22-a-i0042,33,88,"Sir Strafford Norlhcole, secrétaire d'Elat des colonies",Q332650,PER,Q332650,Stafford Northcote,"{ ""wikipedia_page"": ""Stafford Northcote"", ""wikidata_id"": ""Q332650"" }",12.600323677062988
EXP-1868-04-22-a-i0042,100,117,sir Robert Napier,Q336474,PER,Q336474,Robert Napier,"Based on the provided text and the list of candidates, the entity mentioned between the [ENT] tags is ""Robert Napier."" The most appropriate Wikidata entity from the list of candidates is ""Robert Napier"" with Wikidata ID Q336474 and Wikipedia page title ""Robert Napier."" ``` {""wikipedia_page"": ""Robert Napier"", ""wikidata_id"": ""Q336474""} ```",20.53007698059082
EXP-1868-04-22-a-i0042,299,346,"général Slaveley, commandant la seconde colonne",Q5082648,PER,Q5082648,Charles Staveley,"```json {""wikipedia_page"": ""Charles Staveley"", ""wikidata_id"": ""Q5082648""} ```",14.578855514526367
EXP-1868-04-22-a-i0042,531,538,Magdala,Q2279371,LOC,Q4880851,Magdala,"```json { ""wikipedia_page"": ""Magdala"", ""wikidata_id"": ""Q4880851"" } ```",15.459587097167969
EXP-1868-04-22-a-i0042,560,573,colonel Payre,NIL,PER,Q44611032,Paul de Pitray,"{ ""wikipedia_page"": ""Paul de Pitray"", ""wikidata_id"": ""Q44611032"" }",15.388664245605469
EXP-1868-04-22-a-i0042,623,631,Thédoros,NIL,PER,Q3526453,Théodore Lefebvre,"Based on the provided text and candidates list, the entity mentioned between the [ENT] tags is ""Thédoros,"" which seems to be a variant of the name ""Théodore."" Among the provided candidates, ""Théodore Lefebvre"" is the closest match in terms of name and relevance to the historical context of the text. Therefore, the Wikidata ID and Wikipedia page title for ""Thédoros"" would be: ```json {""wikipedia_page"":""Théodore Lefebvre"", ""wikidata_id"":""Q3526453""} ```",14.321516990661621
EXP-1868-04-22-a-i0042,647,654,Magdala,Q2279371,LOC,Q4880851,Magdala,"```json { ""wikipedia_page"": ""Magdala"", ""wikidata_id"": ""Q4880851"" } ```",15.154547691345215
EXP-1868-04-22-a-i0042,799,807,àSalford,Q1142118,LOC,Q47952,Salford,"```json { ""wikipedia_page"": ""Salford"", ""wikidata_id"": ""Q47952"" } ```",14.135632514953613
EXP-1868-04-22-a-i0042,940,948,M Pocbin,NIL,PER,NIL,M Pocbin,"```json {""wikipedia_page"": ""NIL"", ""wikidata_id"": ""NIL""} ```",0
EXP-1868-04-22-a-i0042,968,975,Salford,Q1142118,LOC,Q47952,Salford," { ""wikipedia_page"": ""Salford"", ""wikidata_id"": ""Q47952"" }",21.19684600830078
EXP-1868-04-22-a-i0042,1003,1009,France,Q142,LOC,Q142,France,"```json { ""wikipedia_page"": ""France"", ""wikidata_id"": ""Q142"" } ```",19.915027618408203
EXP-1868-04-22-a-i0042,1132,1139,Hérault,Q12545,LOC,Q12545,Hérault,,0
EXP-1868-04-22-a-i0042,1146,1160,Montagne-Noire,Q1509963,LOC,Q1509963,Montagne Noire,,0
EXP-1868-04-22-a-i0042,1191,1198,Avignon,Q6397,LOC,Q6397,Avignon,,0
EXP-1868-04-22-a-i0042,1284,1299,vallée du Rhône,Q2747791,LOC,Q602,Rhône,,0
EXP-1868-04-22-a-i0042,1332,1340,Provence,Q101081,LOC,Q101081,Provence,,0
EXP-1868-04-22-a-i0042,1347,1360,Bas-Languedoc,Q809717,LOC,Q809717,,,0
EXP-1868-04-22-a-i0042,1511,1516,Berne,Q11911,LOC,Q70,Berne,"Based on the input text and the provided candidate list, the most appropriate Wikidata entity for the entity tagged with [ENT] is ""Berne"" (Wikidata ID: Q70). Here is the JSON-formatted answer: ```json {""wikipedia_page"": ""Berne"", ""wikidata_id"": ""Q70""} ```",21.623220443725586
EXP-1868-04-22-a-i0042,1679,1685,Valais,Q834,LOC,Q834,canton du Valais,"Given the input text, the entity between the [ENT] tags is ""Valais"". From the provided list of candidates, the most appropriate Wikidata entity is ""canton du Valais"" with Wikidata ID ""Q834"". Here is the JSON response: ```json {""wikipedia_page"":""canton du Valais"", ""wikidata_id"":""Q834""} ```",17.978801727294922
EXP-1868-04-22-a-i0042,1771,1782,Haul-Valaîs,Q3128417,LOC,Q3128417,Haut-Valais,"```json { ""wikipedia_page"": ""Haut-Valais"", ""wikidata_id"": ""Q3128417"" } ```",16.370420455932617
EXP-1868-04-22-a-i0042,1793,1797,Sion,Q68136,LOC,Q68136,Sion,"```json { ""wikipedia_page"": ""Sion"", ""wikidata_id"": ""Q68136"" } ```",18.88836669921875
EXP-1868-04-22-a-i0042,1805,1813,Amérique,Q828,LOC,Q828,Amérique,"```json { ""wikipedia_page"": ""Amérique"", ""wikidata_id"": ""Q828"" } ```",16.678844451904297
EXP-1868-04-22-a-i0042,1975,1987,Buénos-Ayrcs,Q1486,LOC,Q1486,Buenos Aires,"```json {""wikipedia_page"":""Buenos Aires"", ""wikidata_id"":""Q1486""} ```",15.730308532714844
EXP-1868-04-22-a-i0042,1993,2003,Montevideo,Q1335,LOC,Q1335,Montevideo,,0
EXP-1868-04-22-a-i0042,2046,2061,Amérique du Sud,Q18,LOC,Q18,Amérique du Sud,,0
EXP-1868-04-22-a-i0042,2134,2143,NEUCHATEL,Q69345,LOC,Q69345,Neuchâtel,"```json { ""wikipedia_page"": ""Neuchâtel"", ""wikidata_id"": ""Q69345"" } ```",7.8083600997924805
EXP-1868-04-22-a-i0042,2266,2281,VUnion libérale,NIL,PROD,Q3047755,Union libérale,"```json { ""wikipedia_page"": ""Union libérale"", ""wikidata_id"": ""Q3047755"" } ```",9.869513511657715
EXP-1868-04-22-a-i0042,2937,2959,M. le professeur Desor,NIL,PER,Q84445,Pierre Jean Édouard Desor,"```json { ""wikipedia_page"": ""Pierre Jean Édouard Desor"", ""wikidata_id"": ""Q84445"" } ```",11.374547004699707
EXP-1868-04-22-a-i0042,3050,3096,"M. Angus ! e Quartier-La Tente, démissionnaire",NIL,PER,NIL,"M. Angus ! e Quartier-La Tente, démissionnaire","Based on the provided input text, the entities tagged with [ENT] are ""M. Angus"" and ""Quartier-La Tente"". After analyzing the text and considering the list of candidates, neither ""M. Angus"" nor ""Quartier-La Tente"" match any of the provided candidates with high confidence. Therefore, the response is: ```json {""wikipedia_page"":""NIL"", ""wikidata_id"":""NIL""} ```",0
EXP-1868-04-22-a-i0042,3120,3136,l'Union libérale,NIL,PROD,Q17172636,Union libérale,"Based on the provided text and list of candidates, the entity mentioned within the [ENT] tags is ""Union libérale"". The most appropriate Wikidata entity from the list is: ```json {""wikipedia_page"": ""Union libérale"", ""wikidata_id"": ""Q17172636""} ```",14.42605972290039
EXP-1868-04-22-a-i0042,3450,3472,district du Val-de-Ruz,Q661256,LOC,Q661256,district du Val-de-Ruz,"```json {""wikipedia_page"": ""district du Val-de-Ruz"", ""wikidata_id"": ""Q661256""} ```",20.358150482177734
EXP-1868-04-22-a-i0042,3527,3540,Fontainemelon,Q68544,LOC,Q68544,Fontainemelon,,0
EXP-1868-04-22-a-i0042,3906,3919,Fontainemclon,Q68544,LOC,Q1163953,Fontaine-Milon,,0
EXP-1868-04-22-a-i0042,4061,4067,Areuse,Q111680,LOC,Q111680,Areuse,,0
EXP-1868-04-22-a-i0042,4077,4084,Môliers,NIL,LOC,Q184883,Moulins,,0
EXP-1868-04-22-a-i0042,4101,4108,jeune R,NIL,PER,Q3031,fille,"{""wikipedia_page"":""fille"", ""wikidata_id"":""Q3031""}",6.315990447998047
EXP-1868-04-22-a-i0042,4364,4370,Areuse,Q111680,LOC,Q111680,Areuse,"Based on the analysis of the input text and the list of candidates, the entity mentioned between the [ENT] tags can be disambiguated as follows: ```json { ""wikipedia_page"": ""Areuse"", ""wikidata_id"": ""Q111680"" } ```",18.20747947692871
EXP-1878-02-14-a-i0050,21,25,ROME,Q220,LOC,Q220,Rome,"Given the input text which mentions the entities ""Rome"" and ""Rome antique"", and the provided list of candidates, the most appropriate Wikidata entities can be identified. Here is the JSON-formatted answer: ```json { ""wikipedia_page"": ""Rome"", ""wikidata_id"": ""Q220"" }, { ""wikipedia_page"": ""Rome antique"", ""wikidata_id"": ""Q1747689"" } ``` These entities correspond to the most relevant Wikidata entries within the given context.",18.792821884155273
EXP-1878-02-14-a-i0050,29,35,Pie IX,Q43720,PER,Q43720,Pie IX,,0
EXP-1878-02-14-a-i0050,67,76,St-Pierre,Q12512,LOC,Q1017168,Saint-Pierre,"Based on the input text provided and the list of candidates, the entity mentioned between the [ENT] tags is ""Saint-Pierre"". The most appropriate Wikidata entity from the list of candidates is: ```json {""wikipedia_page"": ""Saint-Pierre"", ""wikidata_id"": ""Q1017168""} ``` The Wikidata ID ""Q1017168"" corresponds to the Wikipedia page ""Saint-Pierre"" which is a commune in the French department of Alpes-de-Haute-Provence.",19.27342987060547
EXP-1878-02-14-a-i0050,1227,1231,ROKE,Q220,LOC,NIL,ROKE,"```json { ""wikipedia_page"": ""NIL"", ""wikidata_id"": ""NIL"" } ```",0
EXP-1878-02-14-a-i0050,1250,1281,"eardinai-eamerlingue, Mgr Pecei",Q43922,PER,Q318580,Pierre d'Ailly,"```json { ""wikipedia_page"": ""Pierre d'Ailly"", ""wikidata_id"": ""Q318580"" } ```",11.012125968933105
EXP-1878-02-14-a-i0050,1348,1352,Rome,Q220,LOC,Q220,Rome,,0
EXP-1878-02-14-a-i0050,1406,1417,Saint-Siège,Q159583,ORG,Q159583,Saint-Siège,,0
EXP-1878-02-14-a-i0050,1507,1516,St-Pierre,Q12512,LOC,Q12512,basilique Saint-Pierre,,0
EXP-1878-02-14-a-i0050,1561,1568,Vatican,Q237,LOC,Q237,Vatican,,0
EXP-1878-02-14-a-i0050,1649,1655,Pie IX,Q43720,PER,Q43720,Pie IX,,0
EXP-1878-02-14-a-i0050,1707,1711,ROME,Q220,LOC,Q220,Rome,,0
EXP-1878-02-14-a-i0050,1824,1828,Rome,Q220,LOC,Q220,Rome,,0
EXP-1878-02-14-a-i0050,2059,2075,chapelle Sixtine,Q2943,LOC,Q2943,chapelle Sixtine,,0
EXP-1878-02-14-a-i0050,2077,2084,LONDRES,Q84,LOC,Q84,Londres,,0
EXP-1878-02-14-a-i0050,2169,2183,Constantinople,Q16869,LOC,Q16869,Constantinople,,0
EXP-1878-02-14-a-i0050,2201,2208,Turquie,Q43,LOC,Q43,Turquie,"```json {""wikipedia_page"":""Turquie"", ""wikidata_id"":""Q43""} ```",19.59908103942871
EXP-1878-02-14-a-i0050,2299,2313,Constantinople,Q16869,LOC,Q16869,Constantinople,,0
EXP-1878-02-14-a-i0050,2318,2330,Morning-Post,Q1750567,PROD,Q6912873,Morning Star,"```json { ""wikipedia_page"": ""Morning Star"", ""wikidata_id"": ""Q6912873"" } ```",16.251726150512695
EXP-1878-02-14-a-i0050,2342,2348,Berlin,Q64,LOC,Q64,Berlin,"```json {""wikipedia_page"":""Berlin"", ""wikidata_id"":""Q64""} ```",20.847864151000977
EXP-1878-02-14-a-i0050,2355,2373,empereur Guillaume,Q150652,PER,Q150652,Guillaume Ier,"```json { ""wikipedia_page"": ""Guillaume Ier"", ""wikidata_id"": ""Q150652"" } ```",19.876995086669922
EXP-1878-02-14-a-i0050,2402,2411,Reichstag,Q160208,ORG,Q160208,Reichstag,"```json { ""wikipedia_page"": ""Reichstag"", ""wikidata_id"": ""Q160208"" } ```",21.587121963500977
EXP-1878-02-14-a-i0050,2661,2675,Constantinople,Q16869,LOC,Q16869,Constantinople,,0
EXP-1878-02-14-a-i0050,2680,2688,Standard,Q666494,PROD,Q666494,Evening Standard,"```json { ""wikipedia_page"": ""Evening Standard"", ""wikidata_id"": ""Q666494"" } ```",14.294305801391602
EXP-1878-02-14-a-i0050,2699,2705,Russie,Q34266,LOC,Q34266,Empire russe,"```json { ""wikipedia_page"": ""Empire russe"", ""wikidata_id"": ""Q34266"" } ```",16.70232582092285
EXP-1878-02-14-a-i0050,2712,2719,Turquie,Q43,LOC,Q12560,Empire ottoman,"```json {""wikipedia_page"":""Empire ottoman"", ""wikidata_id"":""Q12560""} ```",17.79456329345703
EXP-1878-02-14-a-i0050,2831,2837,Manche,Q34640,LOC,Q34640,Manche,,0
EXP-1878-02-14-a-i0050,2865,2874,Gibraltar,Q1410,LOC,Q1410,Gibraltar,,0
EXP-1878-02-14-a-i0050,2919,2923,POLA,NIL,LOC,Q2415273,Pola,"```json { ""wikipedia_page"": ""Pola"", ""wikidata_id"": ""Q2415273"" } ```",13.921579360961914
EXP-1878-02-14-a-i0050,3004,3010,Levant,Q81483,LOC,Q81483,Levant,"```json {""wikipedia_page"": ""Levant"", ""wikidata_id"": ""Q81483""} ```",17.40966796875
EXP-1878-02-14-a-i0050,3064,3083,contre-amiral Barry,NIL,PER,Q1593841,John Barry,"```json { ""wikipedia_page"": ""John Barry"", ""wikidata_id"": ""Q1593841"" } ```",17.113306045532227
EXP-1878-02-14-a-i0050,3116,3130,ST-PéTEESBODEG,Q656,LOC,Q656,Saint-Pétersbourg,"```json {""wikipedia_page"":""Saint-Pétersbourg"", ""wikidata_id"":""Q656""} ```",12.505277633666992
EXP-1878-02-14-a-i0050,3149,3168,prince Gortschakoff,Q327020,PER,Q327020,Alexandre Gortchakov,,0
EXP-1878-02-14-a-i0050,3204,3210,Berlin,Q64,LOC,Q64,Berlin,"Based on the provided input text and list of candidates, the entity ""Berlin"" is mentioned within the [ENT] tags. After evaluating the context and comparing the candidates, the most appropriate Wikidata entity for ""Berlin"" is: ```json {""wikipedia_page"":""Berlin"", ""wikidata_id"":""Q64""} ```",18.19536590576172
EXP-1878-02-14-a-i0050,3212,3218,Vienne,Q1741,LOC,Q1741,Vienne,,0
EXP-1878-02-14-a-i0050,3220,3227,Londres,Q84,LOC,Q84,Londres,"```json { ""wikipedia_page"": ""Londres"", ""wikidata_id"": ""Q84"" } ```",22.00461196899414
EXP-1878-02-14-a-i0050,3229,3234,Paris,Q90,LOC,Q90,Paris,"Based on the provided input text and candidates list, there are two entities to be disambiguated: [ENT] Paris [ENT]. The most appropriate Wikidata entity for the first entity [ENT] Paris is: - Wikipedia Page: Paris - Wikidata ID: Q90 The most appropriate Wikidata entity for the second entity [ENT] Paris is: - Wikipedia Page: Paris - Wikidata ID: Q90 Since both entities refer to the same city, Paris, the JSON response will be: ```json {""wikipedia_page"": ""Paris"", ""wikidata_id"": ""Q90""} ```",18.20618438720703
EXP-1878-02-14-a-i0050,3238,3242,Rome,Q220,LOC,Q220,Rome,"Based on the provided text and considering the list of candidates, the entity mentioned between the [ENT] tags appears to be ""Rome"". The most appropriate Wikidata entity from the list of candidates is ""Rome"" with the Wikidata ID ""Q220"". Here is the JSON response: ```json {""wikipedia_page"":""Rome"", ""wikidata_id"":""Q220""} ```",19.81312370300293
EXP-1878-02-14-a-i0050,3368,3382,Constantinople,Q16869,LOC,Q16869,Constantinople,,0
EXP-1878-02-14-a-i0050,3695,3709,Constantinople,Q16869,LOC,Q16869,Constantinople,,0
EXP-1878-02-14-a-i0050,3915,3929,Constantinople,Q16869,LOC,Q16869,Constantinople,,0
EXP-1878-02-14-a-i0050,4053,4070,grand duc Nicolas,Q160869,PER,Q40787,Nicolas II de Russie,"```json { ""wikipedia_page"": ""Nicolas II de Russie"", ""wikidata_id"": ""Q40787"" } ```",16.137086868286133
EXP-1918-09-10-a-i0035,0,6,SUISSE,Q39,LOC,Q39,Suisse,"Here is the analysis of the input text and the disambiguation of the entity mentioned between the [ENT] tags: ```json {""wikipedia_page"":""Suisse"", ""wikidata_id"":""Q39""} ``` The entity ""SUISSE"" within the input text refers to the country ""Suisse"" (Switzerland), which is correctly identified from the list of candidates with the Wikidata ID ""Q39"" and the Wikipedia page title ""Suisse"".",9.661088943481445
EXP-1918-09-10-a-i0035,234,251,canton de Schwytz,Q12433,LOC,Q12433,canton de Schwytz,,0
EXP-1918-09-10-a-i0035,531,537,Suisse,Q39,LOC,Q39,Suisse,,0
EXP-1918-09-10-a-i0035,668,677,Allemagne,Q183,LOC,Q183,Allemagne,"Based on the provided input text and the list of candidates, the most appropriate Wikidata entity for the [ENT] tags is ""Allemagne"" (Q183). The text mentions ""l'[ENT] Allemagne [ENT] "" which clearly refers to the country ""Allemagne"". Here is the JSON formatted answer: ```json {""wikipedia_page"":""Allemagne"", ""wikidata_id"":""Q183""} ```",20.369747161865234
EXP-1918-09-10-a-i0035,736,742,Suisse,Q39,LOC,Q39,Suisse,"Based on the provided text and the list of candidates, the entity mentioned between the [ENT] tags is ""Suisse"". The most appropriate Wikidata entity is the one with the Wikipedia page title ""Suisse"" and Wikidata ID ""Q39"". Returning the JSON-formatted answer: ```json {""wikipedia_page"": ""Suisse"", ""wikidata_id"": ""Q39""} ```",20.116132736206055
EXP-1918-09-10-a-i0035,1534,1539,Berne,Q70,LOC,Q70,Berne,"```json {""wikipedia_page"":""Berne"", ""wikidata_id"":""Q70""} ```",13.59479808807373
EXP-1918-09-10-a-i0035,1666,1689,Lo Journal des Hellènes,NIL,PROD,Q2166804,The Journal of Hellenic Studies,"```json { ""wikipedia_page"": ""The Journal of Hellenic Studies"", ""wikidata_id"": ""Q2166804"" } ```",17.793107986450195
EXP-1918-09-10-a-i0035,1827,1840,Echo de Grèce,NIL,PROD,Q1062944,Voix de la Grèce,"```json {""wikipedia_page"":""Voix de la Grèce"", ""wikidata_id"":""Q1062944""} ```",15.503247261047363
EXP-1918-09-10-a-i0035,2289,2305,Conseil National,Q676078,ORG,Q676078,Conseil national,,0
EXP-1918-09-10-a-i0035,2312,2327,Conseil fédéral,Q30917,ORG,Q30917,Conseil fédéral,,0
EXP-1918-09-10-a-i0035,2453,2469,Conseil national,Q676078,ORG,Q676078,Conseil national,,0
EXP-1918-09-10-a-i0035,2481,2492,Jnnod-Bloch,Q3188436,PER,Q949281,Jean-Richard Bloch,"```json { ""wikipedia_page"": ""Jean-Richard Bloch"", ""wikidata_id"": ""Q949281"" } ```",17.890966415405273
EXP-1918-09-10-a-i0035,2499,2514,__ etall ___. —,NIL,ORG,Q1005485,Office fédéral des assurances sociales,"```json { ""wikipedia_page"": ""Office fédéral des assurances sociales"", ""wikidata_id"": ""Q1005485"" } ```",4.4889235496521
EXP-1918-09-10-a-i0035,2537,2543,Suisse,NIL,PROD,Q39,Suisse,"```json { ""wikipedia_page"": ""Suisse"", ""wikidata_id"": ""Q39"" } ```",16.96878433227539
EXP-1918-09-10-a-i0035,2550,2556,Genève,Q71,LOC,Q71,Genève,,0
EXP-1918-09-10-a-i0035,2629,2640,Jules Bloch,Q3188436,PER,Q3188436,Jules Bloch,,0
EXP-1918-09-10-a-i0035,2732,2739,Entente,NIL,ORG,Q177859,Triple-Entente,"```json { ""wikipedia_page"": ""Triple-Entente"", ""wikidata_id"": ""Q177859"" } ```",14.640339851379395
EXP-1918-09-10-a-i0035,2803,2812,Allemagne,Q183,LOC,Q183,Allemagne,"```json { ""wikipedia_page"": ""Allemagne"", ""wikidata_id"": ""Q183"" } ```",16.254337310791016
EXP-1918-09-10-a-i0035,2957,3001,"Metallum, société anonyme avec siège à Berne",NIL,ORG,Q462491,Berna,"```json { ""wikipedia_page"": ""Berna"", ""wikidata_id"": ""Q462491"" } ```",14.330989837646484
EXP-1918-09-10-a-i0035,3067,3075,A. E. G.,Q158276,ORG,Q158276,Allgemeine Elektricitäts-Gesellschaft,"```json { ""wikipedia_page"": ""Allgemeine Elektricitäts-Gesellschaft"", ""wikidata_id"": ""Q158276"" } ```",13.34813117980957
EXP-1918-09-10-a-i0035,3079,3085,Berlin,Q31910791,LOC,Q64,Berlin,"```json {""wikipedia_page"": ""Berlin"", ""wikidata_id"": ""Q64""} ```",21.56837272644043
EXP-1918-09-10-a-i0035,3256,3267,Jules Bloch,Q3188436,PER,Q3188436,Jules Bloch,,0
EXP-1918-09-10-a-i0035,3361,3369,Metallum,NIL,ORG,Q1623333,,"```json { ""wikipedia_page"": ""Metallum"", ""wikidata_id"": ""Q1623333"" } ```",13.183629035949707
EXP-1918-09-10-a-i0035,3678,3688,outre-Rhin,NIL,LOC,NIL,outre-Rhin,"```json {""wikipedia_page"":""NIL"", ""wikidata_id"":""NIL""} ```",0
EXP-1918-09-10-a-i0035,3762,3776,M. de Rathenau,Q135645,PER,Q135645,Walther Rathenau,"{""wikipedia_page"":""Walther Rathenau"", ""wikidata_id"":""Q135645""}",20.51226043701172
EXP-1918-09-10-a-i0035,3852,3860,Metallum,NIL,ORG,Q2003133,Metallo,"```json { ""wikipedia_page"": ""Metallum"", ""wikidata_id"": ""Q2003133"" } ```",12.58222484588623
EXP-1918-09-10-a-i0035,3877,3890,M. Schulthess,Q118243,PER,Q118243,Edmund Schulthess,,0
EXP-1918-09-10-a-i0035,3930,3939,Démocrate,NIL,PROD,Q3222534,Le Démocrate,"Based on the text provided and the list of candidates, the entity mentioned between the [ENT] tags is ""Le Démocrate"". There is a high confidence that this entity refers to the party ""Le Démocrate"" with the Wikipedia page title ""Le Démocrate"" and the Wikidata ID ""Q3222534"". ```json {""wikipedia_page"":""Le Démocrate"", ""wikidata_id"":""Q3222534""} ```",16.05230140686035
EXP-1918-09-10-a-i0035,3992,3997,Bloch,Q3188436,PER,Q112683801,Jacques Bloch,"Here is the JSON-formatted output for the input text: ```json { ""wikipedia_page"": ""Jacques Bloch"", ""wikidata_id"": ""Q112683801"" } ``` The entity mentioned between the [ENT] tags is ""Bloch"", which matches the candidate ""Jacques Bloch"" from the list.",19.446067810058594
EXP-1918-09-10-a-i0035,4118,4132,M. Jules Bloch,Q3188436,PER,Q3188436,Jules Bloch,"Based on the input text and the provided list of candidates, the entity mentioned between the [ENT] tags, ""M. Jules Bloch"", can be confidently disambiguated to the Wikidata entity with the ID Q3188436 and the Wikipedia page title ""Jules Bloch"". ```json {""wikipedia_page"":""Jules Bloch"",""wikidata_id"":""Q3188436""} ```",21.051189422607422
EXP-1918-09-10-a-i0035,4179,4187,M. Bloch,Q3188436,PER,NIL,M. Bloch,"```json { ""wikipedia_page"": ""M. Bloch"", ""wikidata_id"": ""NIL"" } ```",0
EXP-1918-09-10-a-i0035,4417,4487,"M. Achille Rossé, ancien employé du département de l'économie publique",NIL,PER,NIL,"M. Achille Rossé, ancien employé du département de l'économie publique","Based on the provided input text and the list of candidates, there is no high confidence match for the entity tagged with [ENT] M. Achille Rossé. Therefore, the response is: ```json {""wikipedia_page"": ""NIL"", ""wikidata_id"": ""NIL""} ``` The entity ""M. Achille Rossé"" does not match any of the provided candidates with high confidence.",0
EXP-1918-09-10-a-i0035,4503,4511,M. Bloch,Q3188436,PER,Q156585,Marc Bloch,,0
EXP-1918-09-10-a-i0035,4590,4598,C. F. F.,Q83835,ORG,Q83835,Chemins de fer fédéraux suisses,"Based on the provided input text and the list of candidates, the entity ""C. F. F."" can be confidently matched with the Wikidata entity ""Chemins de fer fédéraux suisses"". Thus, the corresponding Wikipedia page title is ""Chemins de fer fédéraux suisses"" and the Wikidata ID is ""Q83835"". ```json { ""wikipedia_page"": ""Chemins de fer fédéraux suisses"", ""wikidata_id"": ""Q83835"" } ```",18.132230758666992
EXP-1918-09-10-a-i0035,4633,4641,C. F. F.,Q83835,ORG,Q83835,Chemins de fer fédéraux suisses,,0
EXP-1918-09-10-a-i0035,4782,4797,Conseil fédéral,Q30917,ORG,Q30917,Conseil fédéral,,0
EXP-1918-09-10-a-i0035,4872,4880,C. F. F.,Q83835,ORG,Q83835,Chemins de fer fédéraux suisses,,0
EXP-1918-09-10-a-i0035,4987,4993,Suisse,Q39,LOC,Q39,Suisse,,0
EXP-1918-09-10-a-i0035,5500,5508,Germanie,Q183,LOC,Q43287,Empire allemand,"```json {""wikipedia_page"":""Empire allemand"", ""wikidata_id"":""Q43287""} ```",15.872987747192383
EXP-1918-09-10-a-i0035,5544,5554,Decauville,Q240681,ORG,Q17073548,Voitures automobiles Decauville,"```json { ""wikipedia_page"": ""Voitures automobiles Decauville"", ""wikidata_id"": ""Q17073548"" } ```",10.144548416137695
EXP-1918-09-10-a-i0035,5908,5918,Decauville,Q240681,ORG,Q240681,Decauville,"```json { ""wikipedia_page"": ""Decauville"", ""wikidata_id"": ""Q240681"" } ```",19.039531707763672
EXP-1918-09-10-a-i0035,5925,5931,Suisse,Q39,LOC,Q39,Suisse,"Based on the provided text and the list of candidates, the entity mentioned between the [ENT] tags is ""Suisse"". The most appropriate Wikidata entity from the list of candidates is: ```json {""wikipedia_page"":""Suisse"", ""wikidata_id"":""Q39""} ```",17.854265213012695
EXP-1918-09-10-a-i0035,6459,6468,Allemagne,Q183,LOC,Q183,Allemagne,"Based on the input text and the list of candidates, the entity mentioned between the [ENT] tags is ""Allemagne"". The most appropriate Wikidata entity from the list of candidates is ""Allemagne"" with the ID Q183. ```json { ""wikipedia_page"": ""Allemagne"", ""wikidata_id"": ""Q183"" } ```",18.09822654724121
EXP-1918-09-10-a-i0035,6471,6482,Schaffhouse,Q9009,LOC,Q9009,Schaffhouse,,0
EXP-1918-09-10-a-i0035,6827,6832,BERNE,Q70,LOC,Q70,Berne,,0
EXP-1918-09-10-a-i0035,7056,7062,VALAIS,Q834,LOC,Q834,canton du Valais,"```json { ""wikipedia_page"": ""canton du Valais"", ""wikidata_id"": ""Q834"" } ```",21.168132781982422
EXP-1918-09-10-a-i0035,7146,7153,Monthey,Q64051,LOC,Q64051,Monthey,,0
EXP-1918-09-10-a-i0035,7159,7178,quatre frères Comte,NIL,PER,NIL,quatre frères Comte,"```json {""wikipedia_page"":""NIL"", ""wikidata_id"":""NIL""} ```",0
EXP-1918-09-10-a-i0035,7444,7452,FRIBOURG,Q25621447,LOC,Q36378,Fribourg,,0
EXP-1918-09-10-a-i0035,7543,7548,Bulle,Q68308,LOC,Q68308,Bulle,,0
EXP-1918-09-10-a-i0035,7705,7712,Liberté,NIL,PROD,Q1303632,La Liberté,"Based on the provided text and the list of candidates, the entity ""Liberté"" is most likely referring to the ""quotidien suisse édité à Fribourg"" as it is the most relevant contextually within the text. Therefore, the most appropriate Wikidata entity from the list of candidates is: ```json {""wikipedia_page"":""La Liberté"", ""wikidata_id"":""Q1303632""} ```",8.291935920715332
EXP-1918-09-10-a-i0035,8067,8090,"Mme veuve Gremaud, Riaz",NIL,PER,Q106765820,Joseph Riaud,"Based on the provided text and list of candidates, the most appropriate Wikidata entity for the entity tagged with [ENT] in the text ""Caude Riaz"" is ""Joseph Riaud"" with the Wikidata ID ""Q106765820"" and the Wikipedia page title ""Joseph Riaud"". ```json { ""wikipedia_page"": ""Joseph Riaud"", ""wikidata_id"": ""Q106765820"" } ```",14.692621231079102
EXP-1918-09-10-a-i0035,8190,8197,Hongrie,Q28,LOC,Q171150,royaume de Hongrie,"```json { ""wikipedia_page"": ""royaume de Hongrie"", ""wikidata_id"": ""Q171150"" } ```",16.24223518371582
EXP-1918-09-10-a-i0035,8389,8415,"M. Musy, conseiller d'Etat",Q674180,PER,Q674180,Jean-Marie Musy,"Based on the provided text, the entity mentioned between the [ENT] tags is likely ""Jean-Marie Musy"". The most appropriate Wikidata entity from the list of candidates is: ```json { ""wikipedia_page"": ""Jean-Marie Musy"", ""wikidata_id"": ""Q674180"" } ```",15.25015640258789
EXP-1918-09-10-a-i0035,8540,8546,GENÈVE,Q71,LOC,Q71,Genève,,0
EXP-1918-09-10-a-i0035,8617,8632,M. Ad. Lachenal,Q377118,PER,Q377118,Adrien Lachenal,,0
EXP-1918-09-10-a-i0035,8634,8685,"M. Henri Fazy, président du Conseil d'Etat genevois",Q3131072,PER,NIL,"M. Henri Fazy, président du Conseil d'Etat genevois","```json { ""wikipedia_page"": ""Henri Fazy"", ""wikidata_id"": ""Q429709"" } ```",0
EXP-1918-09-10-a-i0035,8724,8750,"M. Willemin, jeune radical",NIL,PER,Q78075287,Jacques Louis Willemin,"{ ""wikipedia_page"": ""Jacques Louis Willemin"", ""wikidata_id"": ""Q78075287"" }",15.560140609741211
EXP-1918-09-10-a-i0035,8881,8908,réfractaire turc nommé Seni,NIL,PER,Q65160041,Réfractaire à l'armée,"```json { ""wikipedia_page"": ""Réfractaire à l'armée"", ""wikidata_id"": ""Q65160041"" } ```",9.830301284790039
EXP-1918-09-10-a-i0035,8915,8949,déserteur français nommé Pétermann,NIL,PER,Q48760289,déserteur au cours de la Première Guerre mondiale en France,"```json {""wikipedia_page"":""déserteur au cours de la Première Guerre mondiale en France"", ""wikidata_id"":""Q48760289""} ```",13.57472038269043
EXP-1918-09-10-a-i0035,9067,9073,Genève,Q71,LOC,Q71,Genève,,0
EXP-1918-12-13-a-i0061,78,83,Berne,Q70,LOC,Q70,Berne,"```json { ""wikipedia_page"": ""Berne"", ""wikidata_id"": ""Q70"" } ```",20.699567794799805
EXP-1918-12-13-a-i0061,91,103,Zurcher Post,NIL,ORG,Q614803,La Poste suisse,"```json { ""wikipedia_page"": ""La Poste suisse"", ""wikidata_id"": ""Q614803"" } ```",11.852686882019043
EXP-1918-12-13-a-i0061,111,126,Conseil fédéral,Q30917,ORG,Q30917,Conseil fédéral,,0
EXP-1918-12-13-a-i0061,144,162,Chambres fédérales,Q684719,ORG,Q517449,Chambre des députés,,0
EXP-1918-12-13-a-i0061,297,312,Conseil fédéral,Q30917,ORG,Q30917,Conseil fédéral,,0
EXP-1918-12-13-a-i0061,344,362,Chambres fédérales,Q684719,ORG,Q684719,Assemblée fédérale suisse,"```json { ""wikipedia_page"": ""Assemblée fédérale suisse"", ""wikidata_id"": ""Q684719"" } ```",18.826814651489258
EXP-1918-12-13-a-i0061,418,443,Conseil national M. Cossy,Q2156773,PER,Q676078,Conseil national,"Based on the provided text and candidates, the [ENT] tagged with ""Conseil national"" seems to refer to the ""chambre basse de l'Assemblée fédérale suisse"" (Wikipedia Page: Conseil national, Wikidata ID: Q676078). ```json {""wikipedia_page"":""Conseil national"", ""wikidata_id"":""Q676078""} ```",16.380937576293945
EXP-1918-12-13-a-i0061,445,449,Vaud,Q12771,LOC,Q12771,canton de Vaud,"```json {""wikipedia_page"": ""canton de Vaud"", ""wikidata_id"": ""Q12771""} ```",20.21997833251953
EXP-1918-12-13-a-i0061,862,872,M. Huggler,NIL,PER,Q1912725,Max Huggler,"{ ""wikipedia_page"": ""Max Huggler"", ""wikidata_id"": ""Q1912725"" }",20.208805084228516
EXP-1918-12-13-a-i0061,874,880,Zurich,Q72,LOC,Q72,Zurich,,0
EXP-1918-12-13-a-i0061,922,930,M. Ryser,Q18633299,PER,Q684090,Fritz Ryser,"```json { ""wikipedia_page"": ""Fritz Ryser"", ""wikidata_id"": ""Q684090"" } ```",18.117036819458008
EXP-1918-12-13-a-i0061,932,944,Jura bernois,Q70,LOC,Q247613,Jura bernois,"```json { ""wikipedia_page"": ""Jura bernois"", ""wikidata_id"": ""Q247613"" } ```",19.692516326904297
EXP-1918-12-13-a-i0061,991,1006,Conseil fédéral,Q30917,ORG,Q30917,Conseil fédéral,,0
EXP-1918-12-13-a-i0061,1092,1108,Conseil national,Q676078,ORG,Q676078,Conseil national,,0
EXP-1918-12-13-a-i0061,1167,1176,M. Hirter,Q1641554,PER,Q5392722,Hans Hirter,"Based on the provided text, the most relevant Wikidata entity for the name ""Hirter"" within the given context and the list of candidates is ""Hans Hirter"" (Wikipedia page: Hans Hirter, Wikidata ID: Q5392722). Here is the JSON response: ```json { ""wikipedia_page"": ""Hans Hirter"", ""wikidata_id"": ""Q5392722"" } ```",19.51645278930664
EXP-1918-12-13-a-i0061,1178,1183,Berne,Q70,LOC,Q70,Berne,"{ ""wikipedia_page"": ""Berne"", ""wikidata_id"": ""Q70"" }",19.265188217163086
EXP-1918-12-13-a-i0061,1237,1242,Berne,Q70,LOC,Q70,Berne,,0
EXP-1918-12-13-a-i0061,1477,1493,Banque nationale,Q597394,ORG,Q597394,Banque nationale suisse,,0
EXP-1918-12-13-a-i0061,1564,1577,Confédération,Q170156,LOC,Q170156,confédération,"```json { ""wikipedia_page"": ""Confédération"", ""wikidata_id"": ""Q170156"" } ```",10.400410652160645
EXP-1918-12-13-a-i0061,1946,1952,Russie,Q159,LOC,Q34266,Empire russe,"{ ""wikipedia_page"": ""Empire russe"", ""wikidata_id"": ""Q34266"" }",15.608499526977539
EXP-1918-12-13-a-i0061,2113,2123,M. Platten,Q124088,PER,Q124088,Fritz Platten,"Based on the input text and the list of candidates, the entity tagged with [ENT] M. Platten [ENT] can be best matched with Fritz Platten. The Wikidata ID for Fritz Platten is Q124088. Here is the JSON response: ```json { ""wikipedia_page"": ""Fritz Platten"", ""wikidata_id"": ""Q124088"" } ```",18.84866714477539
EXP-1918-12-13-a-i0061,2125,2131,Zurich,Q72,LOC,Q72,Zurich,"Based on the provided text and the list of candidates, the entity mentioned between the [ENT] tags is ""Zurich"". The most appropriate Wikidata entity from the list of candidates is ""Zurich"". The JSON-formatted response is: ```json {""wikipedia_page"": ""Zurich"", ""wikidata_id"": ""Q72""} ```",21.511444091796875
EXP-1918-12-13-a-i0061,2255,2264,MM. Grimm,Q115645,PER,Q6701,Jacob Grimm,"Based on the input text, the entity mentioned between the [ENT] tags is ""Grimm"". From the list of candidates, the most appropriate Wikidata entity for ""Grimm"" is: - Jacob Grimm (Wikipedia page: ""Jacob Grimm"", Wikidata ID: ""Q6701"") Therefore, the JSON-formatted answer is: ```json {""wikipedia_page"":""Jacob Grimm"", ""wikidata_id"":""Q6701""} ```",15.959216117858887
EXP-1918-12-13-a-i0061,2268,2274,Muller,NIL,PER,Q3131688,Henri Muller,"```json { ""wikipedia_page"": ""Henri Muller"", ""wikidata_id"": ""Q3131688"" } ```",13.747062683105469
EXP-1918-12-13-a-i0061,2289,2300,bolchévisme,Q571627,PROD,Q83372,bolchevik,,0
EXP-1918-12-13-a-i0061,2443,2460,M. Jacques Schmid,Q994148,PER,Q994148,Jacques Schmid,"Based on the provided text and the list of candidates, the entity mentioned between the [ENT] tags is ""Jacques Schmid."" The most appropriate Wikidata entity from the list of candidates is: ```json {""wikipedia_page"": ""Jacques Schmid"", ""wikidata_id"": ""Q994148""} ```",21.48162078857422
EXP-1918-12-13-a-i0061,2462,2469,Soleure,Q68965,LOC,Q68965,Soleure,"```json { ""wikipedia_page"": ""Soleure"", ""wikidata_id"": ""Q68965"" } ```",14.914682388305664
EXP-1918-12-13-a-i0061,2548,2555,Soleure,Q68965,LOC,Q68965,Soleure,"```json { ""wikipedia_page"": ""Soleure"", ""wikidata_id"": ""Q68965"" } ```",14.30064868927002
EXP-1918-12-13-a-i0061,2562,2569,Granges,Q68420,LOC,NIL,Granges,"```json {""wikipedia_page"":"""", ""wikidata_id"":""NIL""} ```",0
EXP-1918-12-13-a-i0061,2713,2723,M. Reymond,Q3302675,PER,Q4392628,Jean-Émile Reymond,,0
EXP-1918-12-13-a-i0061,2725,2729,Vaud,Q12771,LOC,Q12771,canton de Vaud,"Based on the provided candidates and considering the text ""M. Reymond ([ENT] Vaud [ENT] ) fait l'éloge de l'armée, qui a fait, preuve d'un calme extraordinaire et qui mérite toute notre confiance."", the most appropriate Wikidata entity from the list is ""canton de Vaud"" (Q12771). Here is the JSON-formatted answer: ```json { ""wikipedia_page"": ""canton de Vaud"", ""wikidata_id"": ""Q12771"" } ```",18.94927978515625
EXP-1918-12-13-a-i0061,3118,3134,M. Robert Schmid,NIL,PER,Q4019031,Werner Schmid,"```json {""wikipedia_page"":""Werner Schmid"", ""wikidata_id"":""Q4019031""} ```",17.72658348083496
EXP-1918-12-13-a-i0061,3136,3142,Zurich,Q72,LOC,Q72,Zurich,,0
EXP-1918-12-13-a-i0061,3516,3523,M. Musv,Q674180,PER,Q718557,Joseph-Alfred Mousseau,"```json { ""wikipedia_page"": ""Joseph-Alfred Mousseau"", ""wikidata_id"": ""Q718557"" } ```",15.331216812133789
EXP-1918-12-13-a-i0061,3525,3533,Fribourg,Q36378,LOC,Q36378,Fribourg,"```json {""wikipedia_page"": ""Fribourg"", ""wikidata_id"": ""Q36378""} ```",21.249217987060547
EXP-1918-12-13-a-i0061,3575,3581,Russie,Q159,LOC,Q34266,Empire russe,"Based on the provided text and the list of candidates, the entity mentioned between the [ENT] tags in the phrase ""en [ENT] Russie [ENT]"" is highly likely to refer to the ""Empire russe"". The context and the specific historical period (1918) suggest that the most appropriate Wikidata entity is ""Empire russe"" (Q34266). Here is the JSON response: ```json {""wikipedia_page"":""Empire russe"", ""wikidata_id"":""Q34266""} ```",16.88627052307129
EXP-1918-12-13-a-i0061,3598,3605,Platten,Q124088,PER,Q124088,Fritz Platten,"```json { ""wikipedia_page"": ""Fritz Platten"", ""wikidata_id"": ""Q124088"" } ```",19.838687896728516
EXP-1918-12-13-a-i0061,3822,3837,Conseil fédéral,Q30917,ORG,Q30917,Conseil fédéral,"{ ""wikipedia_page"": ""Conseil fédéral"", ""wikidata_id"": ""Q30917"" }",18.431076049804688
EXP-1918-12-13-a-i0061,3983,3992,M. Graber,Q120363,PER,Q106240065,Michael Graber,"```json { ""wikipedia_page"": ""Michael Graber"", ""wikidata_id"": ""Q106240065"" } ```",19.327957153320312
EXP-1918-12-13-a-i0061,4030,4037,M. Musy,Q674180,PER,Q674180,Jean-Marie Musy,"```json { ""wikipedia_page"": ""Jean-Marie Musy"", ""wikidata_id"": ""Q674180"" } ```",20.894968032836914
EXP-1928-05-29-a-i0007,43,70,Feuille d'Avig de Neuchâtel,Q646229,PROD,Q3488707,Société typographique de Neuchâtel,"```json { ""wikipedia_page"": ""Société typographique de Neuchâtel"", ""wikidata_id"": ""Q3488707"" } ```",14.49536418914795
EXP-1928-05-29-a-i0007,96,103,Kellogg,Q193009,PER,Q578245,Will Keith Kellogg,"```json { ""wikipedia_page"": ""Will Keith Kellogg"", ""wikidata_id"": ""Q578245"" } ```",15.015758514404297
EXP-1928-05-29-a-i0007,105,110,PARIS,Q90,LOC,Q90,Paris,"```json { ""wikipedia_page"": ""Paris"", ""wikidata_id"": ""Q90"" } ```",15.145223617553711
EXP-1928-05-29-a-i0007,116,121,Havas,Q516033,ORG,Q2826560,Agence Havas,"```json {""wikipedia_page"": ""Agence Havas"", ""wikidata_id"": ""Q2826560""} ```",9.740655899047852
EXP-1928-05-29-a-i0007,141,150,New. York,Q60,LOC,Q60,New York,,0
EXP-1928-05-29-a-i0007,156,170,Petit Parisien,Q831299,PROD,Q831299,Le Petit Parisien,,0
EXP-1928-05-29-a-i0007,181,191,M. Kellogg,Q193009,PER,Q193009,Frank Billings Kellogg,"Based on the provided text and the list of candidates, the most appropriate Wikidata entity is ""Frank Billings Kellogg."" The text mentions ""M. Kellogg,"" which is highly likely referring to Frank Billings Kellogg, given his significant role in the Kellogg-Briand Pact. Here is the JSON-formatted response: ```json {""wikipedia_page"": ""Frank Billings Kellogg"", ""wikidata_id"": ""Q193009""} ```",16.894975662231445
EXP-1928-05-29-a-i0007,318,325,Kellogg,Q193009,PER,Q193009,Frank Billings Kellogg,"```json { ""wikipedia_page"": ""Frank Billings Kellogg"", ""wikidata_id"": ""Q193009"" } ```",14.684876441955566
EXP-1928-05-29-a-i0007,1013,1023,M. Kellogg,Q193009,PER,Q193009,Frank Billings Kellogg,"```json { ""wikipedia_page"": ""Frank Billings Kellogg"", ""wikidata_id"": ""Q193009"" } ```",16.273366928100586
EXP-1928-05-29-a-i0007,1042,1054,M. Venizelos,Q205545,PER,Q205545,Elefthérios Venizélos,,0
EXP-1928-05-29-a-i0007,1056,1063,LONDRES,Q84,LOC,Q84,Londres,"```json { ""wikipedia_page"": ""Londres"", ""wikidata_id"": ""Q84"" } ``` The highly confident entity mentioned between the [ENT] tags is ""Londres"".",18.629779815673828
EXP-1928-05-29-a-i0007,1069,1074,Havas,Q516033,ORG,Q2826560,Agence Havas,"{""wikipedia_page"":""Agence Havas"", ""wikidata_id"":""Q2826560""}",10.737238883972168
EXP-1928-05-29-a-i0007,1084,1094,Daily Mail,Q210534,PROD,Q210534,Daily Mail,,0
EXP-1928-05-29-a-i0007,1143,1148,Grèce,Q41,LOC,Q41,Grèce,,0
EXP-1928-05-29-a-i0007,1188,1200,M. Venizelos,Q205545,PER,Q205545,Elefthérios Venizélos,,0
EXP-1928-05-29-a-i0007,1412,1424,M. Venizelos,Q205545,PER,Q205545,Elefthérios Venizélos,,0
EXP-1928-05-29-a-i0007,1594,1604,Georges II,Q152935,PER,Q152935,Georges II,"```json { ""wikipedia_page"": ""Georges II"", ""wikidata_id"": ""Q152935"" } ```",20.844717025756836
EXP-1928-05-29-a-i0007,1614,1624,Constantin,Q152099,PER,Q152099,Constantin Ier de Grèce,"```json {""wikipedia_page"": ""Constantin Ier de Grèce"", ""wikidata_id"": ""Q152099""} ```",18.60901641845703
EXP-1928-05-29-a-i0007,1626,1638,M. Venizelos,Q205545,PER,Q205545,Elefthérios Venizélos,"Based on the input text and the provided list of candidates, the entity mentioned between the [ENT] tags is ""M. Venizelos"". Among the candidates, ""Elefthérios Venizélos"" is a highly confident match. Therefore, the JSON-formatted answer is: ```json {""wikipedia_page"": ""Elefthérios Venizélos"", ""wikidata_id"": ""Q205545""} ```",19.83231544494629
EXP-1928-05-29-a-i0007,1797,1819,Szen _ -f _ o. tl. ard,Q604516,LOC,Q31628,Sergueï Essénine,"```json { ""wikipedia_page"": ""Sergueï Essénine"", ""wikidata_id"": ""Q31628"" } ```",4.105678558349609
EXP-1928-05-29-a-i0007,1823,1831,BELGRADE,Q3711,LOC,Q3711,Belgrade,"```json { ""wikipedia_page"": ""Belgrade"", ""wikidata_id"": ""Q3711"" } ```",21.717632293701172
EXP-1928-05-29-a-i0007,1837,1842,Havas,Q516033,ORG,Q1034461,Adolf Havas,"```json { ""wikipedia_page"": ""Adolf Havas"", ""wikidata_id"": ""Q1034461"" } ```",7.9131999015808105
EXP-1928-05-29-a-i0007,1868,1876,Belgrade,Q3711,LOC,Q3711,Belgrade,,0
EXP-1928-05-29-a-i0007,1890,1897,Novosti,Q1192921,PROD,Q7065072,Novosti AD,"Based on the input text and the list of candidates, the entity mentioned between the [ENT] tags is ""Novosti"". The corresponding Wikipedia page title and Wikidata ID are as follows: ```json {""wikipedia_page"": ""Novosti AD"", ""wikidata_id"": ""Q7065072""} ```",18.154052734375
EXP-1928-05-29-a-i0007,1907,1913,Zagreb,Q1435,LOC,Q1435,Zagreb,,0
EXP-1928-05-29-a-i0007,1940,1948,Belgrade,Q3711,LOC,Q3711,Belgrade,,0
EXP-1928-05-29-a-i0007,2003,2009,Italie,Q38,LOC,Q38,Italie,,0
EXP-1928-05-29-a-i0007,2030,2038,Bulgarie,Q219,LOC,Q219,Bulgarie,,0
EXP-1928-05-29-a-i0007,2085,2090,Sofia,Q472,LOC,Q472,Sofia,,0
EXP-1928-05-29-a-i0007,2461,2466,PARIS,Q90,LOC,Q90,Paris,,0
EXP-1928-05-29-a-i0007,2472,2477,Havas,Q516033,ORG,Q516033,Havas,"Based on the provided text and the list of candidates, the entity mentioned between the [ENT] tags is ""Havas"". After evaluating the list of candidates, the most appropriate Wikidata entity for the entity ""Havas"" in the given context is: ```json { ""wikipedia_page"": ""Havas"", ""wikidata_id"": ""Q516033"" } ```",14.400083541870117
EXP-1928-05-29-a-i0007,2493,2507,Petit Parisien,Q831299,PROD,Q831299,Le Petit Parisien,,0
EXP-1928-05-29-a-i0007,2547,2552,lande,Q55,LOC,Q12563,Landes,"Based on the provided input text and list of candidates, let's analyze the entity [ENT] mentioned: The input text contains the word ""lande"" within the [ENT] tags. To disambiguate this entity, the context should be considered. The text mentions a match between ""lande"" and Uruguay. Given the context, ""lande"" likely refers to a geographical region or a town. Among the provided candidates, the most appropriate match is: 1. ""Landes"" (wikipedia_page: ""Landes"", wikidata_id: ""Q12563"") Therefore, the disambiguated entity is: ```json {""wikipedia_page"":""Landes"", ""wikidata_id"":""Q12563""} ```",8.864653587341309
EXP-1928-05-29-a-i0007,2553,2560,Uruguay,Q77,LOC,Q134916,équipe d'Uruguay de football,,0
EXP-1928-05-29-a-i0007,2918,2932,Silésie BERLIN,Q64,LOC,Q81720,Silésie,"```json { ""wikipedia_page"": ""Silésie"", ""wikidata_id"": ""Q81720"" } ```",18.009244918823242
EXP-1928-05-29-a-i0007,2938,2943,Wolff,Q552226,ORG,Q91507,Joseph Wulf,"{""wikipedia_page"": ""Joseph Wulf"", ""wikidata_id"": ""Q91507""}",12.91594123840332
EXP-1928-05-29-a-i0007,2953,2970,Vossische Zeitung,Q675003,PROD,Q675003,Vossische Zeitung,,0
EXP-1928-05-29-a-i0007,3019,3026,Silésie,Q81720,LOC,Q81720,Silésie,,0
EXP-1928-05-29-a-i0007,3045,3056,Reichenbach,Q157462,LOC,Q46849,Reichenbach im Vogtland,"```json {""wikipedia_page"": ""Reichenbach im Vogtland"", ""wikidata_id"": ""Q46849""} ```",18.23066520690918
EXP-1928-05-29-a-i0007,3060,3071,Schweitnitz,Q387396,LOC,Q1649610,Schweinitz,"Based on the input text and the list of candidates, here's the analysis and disambiguation: ```json { ""wikipedia_page"": ""Schweinitz"", ""wikidata_id"": ""Q1649610"" } ```",17.924274444580078
EXP-1928-05-29-a-i0007,3367,3378,Reichenbach,Q157462,LOC,Q157462,Reichenbach,"```json { ""wikipedia_page"": ""Reichenbach"", ""wikidata_id"": ""Q157462"" } ```",17.02734375
EXP-1928-05-29-a-i0007,3385,3396,Schweitnitz,Q387396,LOC,Q884127,Schweinitz,"Based on the input text and the list of candidates, the most appropriate Wikidata entity for the entity tagged with [ENT] is: ```json {""wikipedia_page"":""Schweinitz"", ""wikidata_id"":""Q884127""} ```",19.074460983276367
EXP-1928-05-29-a-i0007,3517,3526,Weistritz,Q1018675,LOC,Q1018675,Bystrzyca,,0
EXP-1928-05-29-a-i0007,3573,3586,Riesengebirge,Q214644,LOC,Q214644,Monts des Géants,,0
EXP-1928-05-29-a-i0007,3723,3732,STOCKHOLM,Q1754,LOC,Q1754,Stockholm,,0
EXP-1928-05-29-a-i0007,3738,3743,Wolff,Q552226,ORG,Q120947,Theodor Wolff,"Based on the provided text and list of candidates, the entity mentioned in the text between [ENT] tags is ""Wolff"". After reviewing the candidates, the most appropriate Wikidata entity for ""Wolff"" is ""Theodor Wolff"" from the list of candidates. Here is the JSON response: ```json {""wikipedia_page"": ""Theodor Wolff"", ""wikidata_id"": ""Q120947""} ```",12.878378868103027
EXP-1928-05-29-a-i0007,3832,3845,ville de Sala,Q930262,LOC,NIL,ville de Sala,"Based on the input text and the provided list of candidates, the most appropriate Wikidata entity for the entity tagged with [ENT] in the context of ""Stockholm"" is: ```json {""wikipedia_page"":""Stockholm"", ""wikidata_id"":""Q77""} ``` Explanation: The text mentions ""Stockholm"" in the context of a city where the accident occurred, and the candidate ""Stockholm"" (Q77) fits this context best.",0
EXP-1928-05-29-a-i0007,4243,4251,Toujquet,Q323164,LOC,Q323164,Le Touquet-Paris-Plage,"Based on the given text and the list of candidates, the entity ""Touquettes"" and ""Touquet"" are mentioned. However, there is no clear distinction between the two entities in the context provided. Given the context, it seems more appropriate to select ""Le Touquet-Paris-Plage"" due to its historical significance and the context of the article. Thus, the disambiguated entity is: ```json {""wikipedia_page"":""Le Touquet-Paris-Plage"", ""wikidata_id"":""Q323164""} ```",16.370250701904297
EXP-1928-05-29-a-i0007,4253,4258,PARIS,Q90,LOC,Q90,Paris,"```json {""wikipedia_page"": ""Paris"", ""wikidata_id"": ""Q90""} ```",14.771615982055664
EXP-1928-05-29-a-i0007,4264,4269,Havas,Q516033,ORG,Q516033,Havas,"```json {""wikipedia_page"":""Havas"", ""wikidata_id"":""Q516033""} ```",10.504985809326172
EXP-1928-05-29-a-i0007,4289,4300,_Tbu * quet,Q323164,LOC,Q99646599,presse écrite au Touquet-Paris-Plage,"```json { ""wikipedia_page"": ""Le Touquet-Paris-Plage"", ""wikidata_id"": ""Q99646599"" } ```",3.408240556716919
EXP-1928-05-29-a-i0007,4369,4379,Mme Wilson,Q5460813,PER,Q3290753,Marguerite Wilson,"Based on the provided list of candidates and the text, the likely entity mentioned between the [ENT] tags is ""Marguerite Wilson"". Therefore, the JSON-formatted answer is: ```json {""wikipedia_page"":""Marguerite Wilson"", ""wikidata_id"":""Q3290753""} ```",11.311988830566406
EXP-1928-05-29-a-i0007,4400,4405,Truay,Q206539,LOC,Q5489,Troyes,,0
EXP-1928-05-29-a-i0007,4697,4705,BELGRADE,Q3711,LOC,Q3711,Belgrade,,0
EXP-1928-05-29-a-i0007,4711,4716,Avala,Q31530751,ORG,Q790075,Avala,"Given the input text and the list of candidates, the entity mentioned between the [ENT] tags is ""Avala"". Based on the list of candidates, the most appropriate Wikidata entity for ""Avala"" is ""Avala"". The JSON object is as follows: ```json {""wikipedia_page"":""Avala"", ""wikidata_id"":""Q790075""} ```",11.624773979187012
EXP-1928-05-29-a-i0007,4791,4799,Belgrade,Q3711,LOC,Q3711,Belgrade,,0
EXP-1928-05-29-a-i0007,4809,4815,Italie,Q38,LOC,Q38,Italie,"```json { ""wikipedia_page"": ""Italie"", ""wikidata_id"": ""Q38"" } ```",18.605653762817383
EXP-1928-05-29-a-i0007,4974,4982,Belgrade,Q3711,LOC,Q3711,Belgrade,,0
EXP-1928-05-29-a-i0007,5028,5053,Buenos-Ayres BUENOS-AYRES,Q1486,LOC,Q1486,Buenos Aires,,0
EXP-1928-05-29-a-i0007,5059,5064,Havas,Q516033,ORG,NIL,Havas,"```json {""wikipedia_page"":"""", ""wikidata_id"":""NIL""} ``` The entity ""Havas"" mentioned between the [ENT] tags does not match with any of the Wikidata entities in the provided list with high confidence.",0
EXP-1928-05-29-a-i0007,5119,5170,"M. César Aseltra, ancien lieutenant-colonel italien",NIL,PER,Q5202590,César Mayoral,"Based on the provided text, the entity mentioned between the [ENT] tags is ""César Aseltra"". Among the list of candidates, the most appropriate Wikidata entity is ""César Mayoral"" (wikidata_id: Q5202590). ```json {""wikipedia_page"":""César Mayoral"", ""wikidata_id"":""Q5202590""} ```",8.865901947021484
EXP-1928-05-29-a-i0007,5289,5296,Wilkins,Q577806,PER,Q577806,George Hubert Wilkins,"```json {""wikipedia_page"":""George Hubert Wilkins"", ""wikidata_id"":""Q577806""} ```",15.300092697143555
EXP-1928-05-29-a-i0007,5300,5307,Eielson,Q2938873,PER,NIL,Eielson,"Based on the provided candidates and the given input text, the entity ""Eielson"" mentioned in the text is not explicitly listed in the Wikidata candidates. Given the name ""Eielson"" and the context, the most likely match would be ""Kim Il-sung"" based on historical figures and the time period. However, since Kim Il-sung is not mentioned directly in the text, and there's no high confidence match, the entity should be classified as NIL. ```json {""wikipedia_page"":"""", ""wikidata_id"":""NIL""} ```",0
EXP-1928-05-29-a-i0007,5310,5320,Copenhague,Q1748,LOC,Q1748,Copenhague,"```json { ""wikipedia_page"": ""Copenhague"", ""wikidata_id"": ""Q1748"" } ```",21.919958114624023
EXP-1928-05-29-a-i0007,5322,5332,COPENHAGUE,Q1748,LOC,Q1748,Copenhague,,0
EXP-1928-05-29-a-i0007,5338,5343,Havas,Q516033,ORG,Q2826560,Agence Havas,"Based on the provided text and the list of candidates, the entity mentioned between the [ENT] tags is ""Havas"". The most appropriate Wikidata entity for this entity is ""Agence Havas"". ```json {""wikipedia_page"":""Agence Havas"", ""wikidata_id"":""Q2826560""} ```",7.7351460456848145
EXP-1928-05-29-a-i0007,5352,5369,aviateur. Wilkins,Q577806,PER,Q4569319,,"```json { ""wikipedia_page"": ""Wilkins et Eielson"", ""wikidata_id"": ""Q4569319"" } ```",9.582029342651367
EXP-1928-05-29-a-i0007,5373,5380,EielsOn,Q2938873,PER,Q2938873,Carl Ben Eielson,"```json { ""wikipedia_page"": ""Carl Ben Eielson"", ""wikidata_id"": ""Q2938873"" } ```",10.349153518676758
EXP-1928-05-29-a-i0007,5435,5439,Oslo,Q585,LOC,Q585,Oslo,,0
EXP-1928-05-29-a-i0007,5535,5544,Chantoung,Q43407,LOC,Q43407,Shandong,"```json { ""wikipedia_page"": ""Shandong"", ""wikidata_id"": ""Q43407"" } ```",13.805584907531738
EXP-1928-05-29-a-i0007,5546,5551,PARIS,Q90,LOC,Q90,Paris,"```json { ""wikipedia_page"": ""Paris"", ""wikidata_id"": ""Q90"" } ```",21.512710571289062
EXP-1928-05-29-a-i0007,5557,5562,Havas,Q516033,ORG,Q2826560,Agence Havas,"{ ""wikipedia_page"": ""Agence Havas"", ""wikidata_id"": ""Q2826560"" }",10.938719749450684
EXP-1928-05-29-a-i0007,5571,5584,Petit Journal,Q2115162,PROD,Q2115162,Le Petit Journal,"```json {""wikipedia_page"":""Le Petit Journal"", ""wikidata_id"":""Q2115162""} ```",15.868555068969727
EXP-1928-05-29-a-i0007,5620,5627,Londres,Q84,LOC,Q84,Londres,"Based on the provided input text, I will analyze the entity marked between the [ENT] tags and select the most appropriate Wikidata entity from the given list of candidates. Let's proceed with the disambiguation. The text states: ""Le « Petit Journal __ i publie la dépêche suivante de [ENT] Londres [ENT] :"" In this context, ""Londres"" is a city name, which matches one of the candidates in the list. ### Disambiguation Result: - Wikipedia Page Title: Londres - Wikidata ID: Q84 Therefore, the final JSON response is: ```json {""wikipedia_page"":""Londres"", ""wikidata_id"":""Q84""} ```",20.898757934570312
EXP-1928-05-29-a-i0007,5644,5649,Tokio,Q1490,LOC,Q1490,Tokyo,"```json {""wikipedia_page"":""Tokyo"", ""wikidata_id"":""Q1490""} ```",20.6398868560791
EXP-1928-05-29-a-i0007,5779,5788,Chantoung,Q43407,LOC,Q43407,Shandong,"```json {""wikipedia_page"":""Shandong"", ""wikidata_id"":""Q43407""} ```",15.462849617004395
EXP-1928-05-29-a-i0007,5905,5913,S. < LN.,Q38130,ORG,Q38130,Société des Nations,"```json { ""wikipedia_page"": ""Société des Nations"", ""wikidata_id"": ""Q38130"" } ```",4.371676445007324
EXP-1928-05-29-a-i0007,6029,6036,Mohamed,Q9458,PER,Q9458,Mahomet,,0
EXP-1928-05-29-a-i0007,6199,6207,Mohammed,Q9458,PER,Q9458,Mahomet,,0
EXP-1928-05-29-a-i0007,6564,6572,Mohammed,Q9458,PER,Q5837762,Mohammed,"```json { ""wikipedia_page"": ""Mohammed"", ""wikidata_id"": ""Q5837762"" } ```",10.886012077331543
EXP-1928-08-15-a-i0065,21,28,THALWIL,Q68959,LOC,Q68959,Thalwil,,0
EXP-1928-08-15-a-i0065,111,119,Gattikon,Q22631161,LOC,Q22631161,Gattikon,,0
EXP-1928-08-15-a-i0065,129,136,Thalwil,Q68959,LOC,Q68959,Thalwil,,0
EXP-1928-08-15-a-i0065,317,333,frères Bretscher,NIL,PER,Q28317675,Karl Bretscher,"Based on the provided input text and the list of candidates, the entities mentioned between the [ENT] tags are ""frères Bretscher."" The candidate list contains several entries with the name ""Bretscher."" Given the context and the candidates, the most appropriate Wikidata entity is ""Karl Bretscher,"" who was a politician. Here is the JSON response: ```json {""wikipedia_page"": ""Karl Bretscher"", ""wikidata_id"": ""Q28317675""} ```",16.940370559692383
EXP-1928-08-15-a-i0065,622,629,THALWIL,Q68959,LOC,Q68959,Thalwil,"```json { ""wikipedia_page"": ""Thalwil"", ""wikidata_id"": ""Q68959"" } ```",15.046777725219727
EXP-1928-08-15-a-i0065,663,671,Gattikon,Q22631161,LOC,Q22631161,Gattikon,"```json {""wikipedia_page"":""Gattikon"", ""wikidata_id"":""Q22631161""} ```",12.859774589538574
EXP-1928-08-15-a-i0065,1039,1045,WAENGI,Q68177,LOC,Q68177,Wängi,"{ ""wikipedia_page"": ""Wängi"", ""wikidata_id"": ""Q68177"" }",14.713866233825684
EXP-1928-08-15-a-i0065,1136,1179,"M. Meier-Bâr, menuisier et ébéniste à Wângi",NIL,PER,NIL,"M. Meier-Bâr, menuisier et ébéniste à Wângi","Based on the input text and provided list of candidates, the entity mentioned between the [ENT] tags is likely referring to a person named ""Meier-Bâr"". However, none of the provided candidates directly match this name with high confidence. Therefore, the most appropriate response is: ```json {""wikipedia_page"":""NIL"", ""wikidata_id"":""NIL""} ```",0
EXP-1928-08-15-a-i0065,1181,1190,Thurgovie,Q12713,LOC,Q12713,canton de Thurgovie,"{""wikipedia_page"":""canton de Thurgovie"", ""wikidata_id"":""Q12713""}",21.261165618896484
EXP-1928-08-15-a-i0065,1388,1392,MURI,Q69011,LOC,NIL,MURI,"```json {""wikipedia_page"": """", ""wikidata_id"": ""NIL""} ```",0
EXP-1928-08-15-a-i0065,1468,1472,Bùnz,Q366169,LOC,Q366169,Bünz,"```json {""wikipedia_page"":""Bünz"", ""wikidata_id"":""Q366169""} ```",18.346227645874023
EXP-1928-08-15-a-i0065,1477,1484,Argovie,Q11972,LOC,Q11972,canton d'Argovie,,0
EXP-1928-08-15-a-i0065,1619,1626,LUCERNE,Q4191,LOC,Q4191,Lucerne,"```json { ""wikipedia_page"": ""Lucerne"", ""wikidata_id"": ""Q4191"" } ```",20.579730987548828
EXP-1928-08-15-a-i0065,1677,1684,Neudorf,Q7149,LOC,Q66772,Neuendorf,"```json { ""wikipedia_page"": ""Neudorf"", ""wikidata_id"": ""Q66772"" } ```",13.440485954284668
EXP-1928-08-15-a-i0065,2012,2022,BREMGARTEN,Q64139,LOC,Q64139,Bremgarten AG,,0
EXP-1928-08-15-a-i0065,2024,2031,Argovie,Q11972,LOC,Q11972,canton d'Argovie,,0
EXP-1928-08-15-a-i0065,2058,2064,Bunzen,Q64784,LOC,Q64784,Bünzen,"```json { ""wikipedia_page"": ""Bünzen"", ""wikidata_id"": ""Q64784"" } ```",19.926280975341797
EXP-1928-08-15-a-i0065,2230,2243,Sièrre SIERRE,Q68297,LOC,Q68297,Sierre,"```json {""wikipedia_page"":""Sierre"", ""wikidata_id"":""Q68297""} ```",19.205476760864258
EXP-1928-08-15-a-i0065,2400,2406,Sierre,Q68297,LOC,Q68297,Sierre,,0
EXP-1928-08-15-a-i0065,2455,2513,"M. Troillet, Conseiller d'Etat, président de l'Association",NIL,PER,Q94816415,Maurice Troillet,"```json { ""wikipedia_page"": ""Maurice Troillet"", ""wikidata_id"": ""Q94816415"" } ```",17.281883239746094
EXP-1928-08-15-a-i0065,2548,2574,"Mgr Biéler, évêque de Sion",Q15621564,PER,Q3311142,Michel de Bouliers II,"```json { ""wikipedia_page"": ""Michel de Bouliers II"", ""wikidata_id"": ""Q3311142"" } ```",18.583797454833984
EXP-1928-08-15-a-i0065,2665,2676,M. Troillet,NIL,PER,Q94816415,Maurice Troillet,,0
EXP-1928-08-15-a-i0065,2709,2745,"M. Gard, avocat, commissaire général",NIL,PER,Q22212258,Michel Gaudart de Soulages,"```json { ""wikipedia_page"": ""Michel Gaudart de Soulages"", ""wikidata_id"": ""Q22212258"" } ```",12.494287490844727
EXP-1928-08-15-a-i0065,2788,2794,Sierre,Q68297,LOC,Q68297,Sierre,,0
EXP-1928-08-15-a-i0065,2847,2853,Valais,Q834,LOC,Q2993738,Conseil d'État du canton du Valais,"```json { ""wikipedia_page"": ""Conseil d'État du canton du Valais"", ""wikidata_id"": ""Q2993738"" } ```",13.832764625549316
EXP-1928-08-15-a-i0065,2949,2964,Val d'Anniviers,Q672472,LOC,Q672472,val d'Anniviers,,0
EXP-1928-08-15-a-i0065,2996,3019,municipalité de Vissoye,Q689112,LOC,Q689112,Vissoie,"```json {""wikipedia_page"":""Vissoie"", ""wikidata_id"":""Q689112""} ```",20.68328094482422
EXP-1928-08-15-a-i0065,3044,3052,Grimentz,Q869551,LOC,Q869551,Grimentz,,0
EXP-1928-08-15-a-i0065,3074,3078,ORBE,Q68213,LOC,Q68213,Orbe,"```json {""wikipedia_page"":""Orbe"", ""wikidata_id"":""Q68213""} ```",12.591227531433105
EXP-1928-08-15-a-i0065,3219,3225,Signal,Q22389485,LOC,Q2285070,signal de Bougy,"```json { ""wikipedia_page"": ""signal de Bougy"", ""wikidata_id"": ""Q2285070"" } ```",14.82852554321289
GDL-1798-07-18-a-i0001,0,21,RÉPUBLIQUE HELVÉTIQUE,Q39,LOC,Q3456471,République lémanique,"{""wikipedia_page"":""République lémanique"", ""wikidata_id"":""Q3456471""}",14.93468189239502
GDL-1798-07-18-a-i0001,90,105,Canton du Léman,Q676467,LOC,Q676467,canton du Léman,,0
GDL-1798-07-18-a-i0001,203,213,Directoire,Q219817,ORG,Q219817,Directoire,"```json { ""wikipedia_page"": ""Directoire"", ""wikidata_id"": ""Q219817"" } ```",9.74210262298584
GDL-1798-07-18-a-i0001,381,391,Directoire,Q219817,ORG,Q219817,Directoire,"{""wikipedia_page"": ""Directoire"", ""wikidata_id"": ""Q219817""}",12.73110580444336
GDL-1798-07-18-a-i0001,1128,1136,Secretan,Q2612972,PER,Q20012648,famille Secretan,"```json {""wikipedia_page"": ""famille Secretan"", ""wikidata_id"": ""Q20012648""} ```",12.380254745483398
GDL-1798-07-18-a-i0001,1138,1148,Ca * rrard,NIL,PER,NIL,Ca * rrard,"Based on the provided text and list of candidates, the entities within the [ENT] tags are ""Ca * rrard"" and ""Huffi, Bourgeois & Haas"". Neither of these entities has a clear match with high confidence in the provided candidate list. Therefore, the disambiguated entities are classified as ""NIL"". ```json {""wikipedia_page"":""NIL"", ""wikidata_id"":""NIL""} ```",0
GDL-1798-07-18-a-i0001,1150,1155,Huffi,NIL,PER,NIL,Huffi,"Based on the provided input text and the list of candidates, the entity mentioned between the [ENT] tags does not match any of the candidates with high confidence. Therefore, the output is: ```json {""wikipedia_page"":"""",""wikidata_id"":""NIL""} ```",0
GDL-1798-07-18-a-i0001,1157,1166,Bourgeois,NIL,PER,Q1711802,Robert Bourgeois,"Based on the provided candidates and the historical context of the text, the entity mentioned in the text is likely referring to a person named ""Bourgeois"" rather than the term ""bourgeoisie"" or any other entity. Given the context of French political and social life in the late 18th century, it is reasonable to assume that the entity is a person of note. Among the candidates, the most fitting is ""Robert Bourgeois"" who served as a military and political figure in France. Here is the JSON response: ```json { ""wikipedia_page"": ""Robert Bourgeois"", ""wikidata_id"": ""Q1711802"" } ```",10.039484024047852
GDL-1798-07-18-a-i0001,1169,1173,Haas,NIL,PER,NIL,Haas,"```json { ""wikipedia_page"": ""NIL"", ""wikidata_id"": ""NIL"" } ```",0
GDL-1818-03-13-a-i0005,0,6,Suisse,Q39,LOC,Q39,Suisse,"{""wikipedia_page"": ""Suisse"", ""wikidata_id"": ""Q39""}",17.48554801940918
GDL-1818-03-13-a-i0005,23,52,S. A. le prince ds Metternich,Q45662,PER,Q45662,Klemens Wenzel von Metternich,"```json { ""wikipedia_page"": ""Klemens Wenzel von Metternich"", ""wikidata_id"": ""Q45662"" } ```",8.529834747314453
GDL-1818-03-13-a-i0005,63,69,Vienne,Q1741,LOC,Q1741,Vienne,,0
GDL-1818-03-13-a-i0005,107,140,S. E. M. l'avoyer de V / aueville,Q117863,PER,Q3130349,Antoine Alexandre Henry Oulevay,"Based on the input text and the list of candidates, the entity mentioned between the [ENT] tags is ""Antoine Alexandre Henry Oulevay"". Given the high confidence that this entity matches the description, the corresponding Wikipedia page title and Wikidata ID are: ```json {""wikipedia_page"":""Antoine Alexandre Henry Oulevay"", ""wikidata_id"":""Q3130349""} ```",7.179769515991211
GDL-1818-03-13-a-i0005,229,254,M. le baron V ^ n Berchem,NIL,PER,Q3853087,Max van Berchem,"```json { ""wikipedia_page"": ""Max van Berchem"", ""wikidata_id"": ""Q3853087"" } ```",10.541959762573242
GDL-1818-03-13-a-i0005,1042,1047,Berne,Q70,LOC,Q70,Berne,,0
GDL-1818-03-13-a-i0005,1378,1385,Trieste,Q546,LOC,Q546,Trieste,,0
GDL-1818-03-13-a-i0005,1387,1396,Marseille,Q23482,LOC,Q23482,Marseille,,0
GDL-1818-03-13-a-i0005,1400,1408,Livourne,Q6761,LOC,Q6761,Livourne,,0
GDL-1818-03-13-a-i0005,1619,1641,M. le conseiller Luthy,Q23061106,PER,Q3184227,Joseph-Dominique Louis,"```json {""wikipedia_page"": ""Joseph-Dominique Louis"", ""wikidata_id"": ""Q3184227""} ```",11.059208869934082
GDL-1818-03-13-a-i0005,1645,1652,Soleure,Q68965,LOC,Q68965,Soleure,"```json { ""wikipedia_page"": ""Soleure"", ""wikidata_id"": ""Q68965"" } ```",21.3619441986084
GDL-1818-03-13-a-i0005,1676,1680,Bâle,Q78,LOC,Q78,Bâle,,0
GDL-1818-03-13-a-i0005,1838,1852,canton de Bâle,Q660776,LOC,Q12172,canton de Bâle-Ville,,0
GDL-1818-03-13-a-i0005,1903,1910,Lucerne,Q12121,LOC,Q4191,Lucerne,"Based on the input text and the provided list of candidates, the entity mentioned between the [ENT] tags is likely referring to ""Lucerne"". Here is the disambiguated entity: ```json { ""wikipedia_page"": ""Lucerne"", ""wikidata_id"": ""Q4191"" } ``` This selection is highly confident as the text explicitly mentions ""Lucerne"" in the context of the election of new bishops.",19.372241973876953
GDL-1818-03-13-a-i0005,1917,1922,Berne,Q11911,LOC,Q70,Berne,"```json { ""wikipedia_page"": ""Berne"", ""wikidata_id"": ""Q70"" } ```",18.331296920776367
GDL-1818-03-13-a-i0005,1929,1937,lWrgovic,Q11972,LOC,NIL,lWrgovic,"Based on the analysis of the provided text, the entity mentioned between the [ENT] tags is ""lWrgovic"". However, the list of candidates does not include a match for this entity with high confidence. Therefore, the value of the ""wikidata_id"" key is set to ""NIL"". The JSON-formatted answer is as follows: ```json {""wikipedia_page"":""NIL"", ""wikidata_id"":""NIL""} ```",0
GDL-1818-03-13-a-i0005,2169,2177,St. Gall,Q12746,LOC,Q25607,Saint-Gall,,0
GDL-1818-03-13-a-i0005,2647,2656,Thurgovie,Q12713,LOC,Q12713,canton de Thurgovie,"Based on the input text and the provided list of candidates, the entities between the [ENT] tags are ""Thurgovie"". The most appropriate Wikidata entity from the list of candidates is: ```json {""wikipedia_page"":""canton de Thurgovie"", ""wikidata_id"":""Q12713""} ```",17.390583038330078
GDL-1818-03-13-a-i0005,2803,2809,Genève,Q11917,LOC,Q71,Genève,"Based on the provided text, I will analyze the entity mentioned between the [ENT] tags and select the most appropriate Wikidata entity from the list of candidates. The entity in question is ""Genève"". After reviewing the list of candidates, I can see that the entity ""Genève"" is present in the list with the Wikidata ID ""Q71"" and the Wikipedia page title ""Genève"". This entity is a location in Switzerland and is the capital of the canton of Geneva. Therefore, the most appropriate Wikidata entity for this entity is ""Genève"" with the Wikidata ID ""Q71"" and the Wikipedia page title ""Genève"". Here is the JSON object with the selected entity: ```json { ""wikipedia_page"": ""Genève"", ""wikidata_id"": ""Q71"" } ```",21.238834381103516
GDL-1818-03-13-a-i0005,3070,3074,Bâ'e,Q660776,LOC,Q202455,Bâgé-le-Châtel,"```json { ""wikipedia_page"": ""Bâgé-le-Châtel"", ""wikidata_id"": ""Q202455"" } ```",15.473566055297852
GDL-1818-03-13-a-i0005,3901,3907,France,Q142,LOC,Q142,France,,0
GDL-1818-03-13-a-i0005,4625,4649,prince Adam Jablonowiski,NIL,PER,Q4535907,Antoni Jabłonowski,"```json { ""wikipedia_page"": ""Antoni Jabłonowski"", ""wikidata_id"": ""Q4535907"" } ```",15.548955917358398
GDL-1818-03-13-a-i0005,4685,4693,Varsovie,Q270,LOC,Q270,Varsovie,,0
GDL-1818-03-13-a-i0005,4699,4706,Soleure,Q68965,LOC,Q68965,Soleure,"```json {""wikipedia_page"":""Soleure"", ""wikidata_id"":""Q68965""} ```",18.823444366455078
GDL-1818-03-13-a-i0005,4754,4771,général Koskiusko,Q191479,PER,Q191479,Tadeusz Kościuszko,"```json { ""wikipedia_page"": ""Tadeusz Kościuszko"", ""wikidata_id"": ""Q191479"" } ```",18.732025146484375
GDL-1818-03-13-a-i0005,4787,4791,Bâle,Q78,LOC,Q78,Bâle,,0
GDL-1818-03-13-a-i0005,4823,4828,Suède,Q34,LOC,Q34,Suède,"```json { ""wikipedia_page"": ""Suède"", ""wikidata_id"": ""Q34"" } ```",14.041007995605469
GDL-1818-03-13-a-i0005,5278,5287,Ge : ièva,Q71,LOC,Q71,Genève,"```json {""wikipedia_page"":""Genève"", ""wikidata_id"":""Q71""} ```",7.386205673217773
GDL-1818-03-13-a-i0005,5529,5537,Hambourg,Q1055,LOC,Q1055,Hambourg,"```json {""wikipedia_page"":""Hambourg"", ""wikidata_id"":""Q1055""} ```",18.4265079498291
GDL-1818-03-13-a-i0005,5565,5571,Genève,Q71,LOC,Q71,Genève,"```json { ""wikipedia_page"": ""Genève"", ""wikidata_id"": ""Q71"" } ```",15.965242385864258
GDL-1818-08-04-a-i0002,0,6,France,Q142,LOC,Q142,France,"The analysis of the input text reveals that the entity mentioned between the [ENT] tags is ""France"". Among the provided list of candidates, the most appropriate Wikidata entity for this entity is: - Wikipedia Page: France - Wikidata ID: Q142 Here is the JSON-formatted answer: ```json {""wikipedia_page"":""France"", ""wikidata_id"":""Q142""} ```",20.386178970336914
GDL-1818-08-04-a-i0002,8,13,PARIS,Q90,LOC,Q90,Paris,"```json { ""wikipedia_page"": ""Paris"", ""wikidata_id"": ""Q90"" } ```",16.42728614807129
GDL-1818-08-04-a-i0002,99,108,Vitrolles,Q961254,LOC,Q205709,Vitrolles,"```json { ""wikipedia_page"": ""Vitrolles"", ""wikidata_id"": ""Q205709"" } ```",16.78324317932129
GDL-1818-08-04-a-i0002,274,294,générai ChapecUlaine,NIL,PER,Q3132244,Henri de Cathelineau,"{""wikipedia_page"": ""Henri de Cathelineau"", ""wikidata_id"": ""Q3132244""}",14.705305099487305
GDL-1818-08-04-a-i0002,362,368,France,Q142,LOC,Q142,France,,0
GDL-1818-08-04-a-i0002,507,516,Bonaparte,Q517,PER,Q517,Napoléon Ier,"```json { ""wikipedia_page"": ""Napoléon Ier"", ""wikidata_id"": ""Q517"" } ```",21.214111328125
GDL-1818-08-04-a-i0002,580,594,général Canuel,Q3484236,PER,Q3484236,Simon Canuel,,0
GDL-1818-08-04-a-i0002,732,752,MM. de Chatetubriant,Q49767,PER,Q43034057,Geoffroy Louis de Chateaubriand,"{ ""wikipedia_page"": ""Geoffroy Louis de Chateaubriand"", ""wikidata_id"": ""Q43034057"" }",18.218666076660156
GDL-1818-08-04-a-i0002,754,764,Dubouchage,Q3288135,PER,Q3309508,Michel Dubocage,,0
GDL-1818-08-04-a-i0002,766,776,Fitzjaraes,Q3580080,PER,NIL,Fitzjaraes,"```json {""wikipedia_page"":""NIL"", ""wikidata_id"":""NIL""} ```",0
GDL-1818-08-04-a-i0002,779,787,Polignac,Q350613,PER,Q1247737,Melchior de Polignac,,0
GDL-1818-08-04-a-i0002,877,888,-jH. Canuel,Q3484236,PER,Q3484236,Simon Canuel,"```json { ""wikipedia_page"": ""Simon Canuel"", ""wikidata_id"": ""Q3484236"" } ```",13.985579490661621
GDL-1818-08-04-a-i0002,918,987,"M. de Chabrol, ancien « fcii oMiïhonévBes ^ ûeV'OBCren prévôt de Lyon",Q2966514,PER,Q3270807,Léon Chabrol,"{ ""wikipedia_page"": ""Léon Chabrol"", ""wikidata_id"": ""Q3270807"" }",16.682640075683594
GDL-1818-08-04-a-i0002,1255,1261,Calais,Q6454,LOC,Q6454,Calais,"```json { ""wikipedia_page"": ""Calais"", ""wikidata_id"": ""Q6454"" } ```",19.28028678894043
GDL-1818-08-04-a-i0002,1276,1285,Cambridge,Q350,LOC,Q350,Cambridge,"Given the input text and the list of candidates, the entity tagged with [ENT] is most likely referring to a place named ""Cambridge"" rather than the individual ""Charles Bentinck"" or other entities. The context indicates that Cambridge is a location, and it is being used in the context of a geographical reference in the sentence. Therefore, selecting the Cambridge located in the United Kingdom (as there is no ambiguity) would be the most appropriate Wikidata entity. The JSON response should be: ```json { ""wikipedia_page"": ""Cambridge"", ""wikidata_id"": ""Q350"" } ```",8.006961822509766
GDL-1818-08-04-a-i0002,1297,1301,Kent,Q67479626,LOC,Q157009,Édouard Auguste de Kent,"```json { ""wikipedia_page"": ""Édouard Auguste de Kent"", ""wikidata_id"": ""Q157009"" } ```",7.230803966522217
GDL-1818-08-04-a-i0002,1314,1322,Clarence,NIL,LOC,Q1264532,duc de Clarence,"```json {""wikipedia_page"": ""duc de Clarence"", ""wikidata_id"": ""Q1264532""} ```",8.608070373535156
GDL-1818-08-04-a-i0002,1327,1342,journal de Lyon,NIL,PROD,Q3001302,Courrier de Lyon,"Based on the provided input text and candidate list, the entity mentioned between the [ENT] tags is ""Journal de Lyon"". The most appropriate Wikidata entity from the list of candidates is ""Courrier de Lyon"" with Wikidata ID ""Q3001302"". ```json {""wikipedia_page"":""Courrier de Lyon"", ""wikidata_id"":""Q3001302""} ```",21.205787658691406
GDL-1818-08-04-a-i0002,1388,1397,Vcrmaison,Q1385472,LOC,NIL,Vcrmaison,"```json {""wikipedia_page"":""NIL"", ""wikidata_id"":""NIL""} ```",0
GDL-1818-08-04-a-i0002,2448,2468,commune- de Marsannè,Q659785,LOC,Q659785,Marsanne,"```json {""wikipedia_page"": ""Marsanne"", ""wikidata_id"": ""Q659785""} ```",15.754278182983398
GDL-1818-08-04-a-i0002,2470,2475,Drôme,Q3364,LOC,Q3364,Drôme,,0
GDL-1818-08-04-a-i0002,2738,2751,fille Bau-Mfd,NIL,PER,Q3263786,Louise Maillat,"Based on the provided text and the list of candidates, the entity mentioned between the [ENT] tags is ""Louise Maillat"". The Wikidata ID for Louise Maillat is Q3263786. The Wikipedia page title is Louise Maillat. Here is the JSON object with the disambiguated entity: ```json {""wikipedia_page"": ""Louise Maillat"", ""wikidata_id"": ""Q3263786""} ```",7.065680027008057
GDL-1818-08-04-a-i0002,3286,3294,St. Malo,Q163108,LOC,Q163108,Saint-Malo,"```json { ""wikipedia_page"": ""Saint-Malo"", ""wikidata_id"": ""Q163108"" } ```",20.181198120117188
GDL-1818-08-04-a-i0002,3336,3346,% Domingue,Q861551,LOC,Q861551,Saint-Domingue,"```json { ""wikipedia_page"": ""Saint-Domingue"", ""wikidata_id"": ""Q861551"", ""confidence"": ""high"" } ```",7.95743465423584
GDL-1818-08-04-a-i0002,3386,3392,Pétion,Q353464,PER,Q947901,Jérôme Pétion de Villeneuve,"Based on the provided text and the list of candidates, here's the analysis and disambiguation: ```json { ""wikipedia_page"": ""Jérôme Pétion de Villeneuve"", ""wikidata_id"": ""Q947901"" } ``` The entity `[ENT] Pétion [ENT]` in the text most likely refers to Jérôme Pétion de Villeneuve, who is a notable personality in French politics and aligns best with the given context and historical period.",9.16558837890625
GDL-1818-08-04-a-i0002,3527,3539,Chris-'tophe,Q353458,PER,Q353458,Henri Christophe,"```json { ""wikipedia_page"": ""Henri Christophe"", ""wikidata_id"": ""Q353458"" } ```",9.95346736907959
GDL-1818-08-04-a-i0002,3727,3732,Boyer,Q449421,PER,Q3131328,Henri Jacques Jean Boyer,"Given the context provided and the list of candidates, it appears that the entity mentioned between the [ENT] tags is likely related to the governance of Saint Malo. The most fitting candidate from the given list, considering the historical context and the title of the article, is: ```json {""wikipedia_page"": ""Henri Jacques Jean Boyer"", ""wikidata_id"": ""Q3131328""} ``` This candidate is a military figure from the same period and fits the context of the article where Boyer is mentioned in relation to the governance and conflicts in Saint Malo.",13.794960975646973
GDL-1818-08-04-a-i0002,3736,3781,"M ^ le cardinal duc de Bayane, pair de France",Q1080412,PER,Q1509927,Pairie de France,"```json { ""wikipedia_page"": ""Pairie de France"", ""wikidata_id"": ""Q1509927"" } ```",6.964827537536621
GDL-1818-08-04-a-i0002,3824,3829,Paris,Q90,LOC,Q90,Paris,"```json {""wikipedia_page"":""Paris"", ""wikidata_id"":""Q90""} ```",17.13456916809082
GDL-1818-08-04-a-i0002,3948,3955,Pie Vil,Q124754,PER,Q124754,Pie VII,"```json { ""wikipedia_page"": ""Pie VII"", ""wikidata_id"": ""Q124754"" } ```",16.364938735961914
GDL-1818-08-04-a-i0002,4048,4060,aie de Corse,Q22011067,LOC,Q14112,Corse,"```json { ""wikipedia_page"": ""Corse"", ""wikidata_id"": ""Q14112"" } ```",11.975214004516602
GDL-1818-08-04-a-i0002,4097,4104,Aiaccio,Q40104,LOC,Q40104,Ajaccio,"```json { ""wikipedia_page"": ""Ajaccio"", ""wikidata_id"": ""Q40104"" } ```",20.538095474243164
GDL-1818-08-04-a-i0002,4348,4354,France,Q142,LOC,Q142,France,"```json { ""wikipedia_page"": ""France"", ""wikidata_id"": ""Q142"" } ```",19.176359176635742
GDL-1818-08-04-a-i0002,4360,4366,Italie,Q38,LOC,Q2643575,Royaume d'Italie,"```json {""wikipedia_page"":""Royaume d'Italie"", ""wikidata_id"":""Q2643575""} ```",11.772873878479004
GDL-1818-08-04-a-i0002,4398,4403,Corse,Q22011067,LOC,Q14112,Corse,"Based on the provided text and the list of candidates, the entities mentioned between the [ENT] tags are ""Corse"" and ""Corse"". The most appropriate Wikidata entity for these entities is the one with the Wikidata ID 'Q14112' and the Wikipedia page title ""Corse"". Here is the JSON-formatted answer: ```json {""wikipedia_page"":""Corse"", ""wikidata_id"":""Q14112""} ```",21.457263946533203
GDL-1828-07-04-a-i0008,0,7,ESPAGNE,Q3399982,LOC,Q29,Espagne,"```json {""wikipedia_page"":""Espagne"", ""wikidata_id"":""Q29""} ```",8.111306190490723
GDL-1828-07-04-a-i0008,9,15,MADRID,Q2807,LOC,Q2807,Madrid,"```json { ""wikipedia_page"": ""Madrid"", ""wikidata_id"": ""Q2807"" } ```",13.579484939575195
GDL-1828-07-04-a-i0008,77,83,Oporto,Q36433,LOC,Q36433,Porto,"{""wikipedia_page"": ""Porto"", ""wikidata_id"": ""Q36433""}",15.220247268676758
GDL-1828-07-04-a-i0008,169,179,don Miguel,Q310790,PER,Q310790,Michel Ier de Portugal,"{""wikipedia_page"":""Michel Ier de Portugal"", ""wikidata_id"":""Q310790""}",15.134769439697266
GDL-1828-07-04-a-i0008,226,231,Beira,NIL,LOC,Q814828,Beira,"```json { ""wikipedia_page"": ""Beira"", ""wikidata_id"": ""Q814828"" } ```",12.126954078674316
GDL-1828-07-04-a-i0008,392,398,Oporto,Q36433,LOC,Q36433,Porto,"Based on the input text and given candidates, the entity ""Oporto"" is mentioned. The most appropriate Wikidata entity for ""Oporto"" from the provided list of candidates is: ```json {""wikipedia_page"":""Porto"", ""wikidata_id"":""Q36433""} ```",17.118087768554688
GDL-1828-07-04-a-i0008,406,413,Coïmbre,Q45412,LOC,Q45412,Coimbra,,0
GDL-1828-07-04-a-i0008,470,485,général Cadaval,NIL,PER,Q5600806,"Nuno Caetano Álvares Pereira de Melo, 6.º Duque de Cadaval","{""wikipedia_page"":""Nuno Caetano Álvares Pereira de Melo, 6.º Duque de Cadaval"",""wikidata_id"":""Q5600806""}",18.786296844482422
GDL-1828-07-04-a-i0008,556,568,général Fons,NIL,PER,Q15967534,Antoine François Blondeau du Fays,"{""wikipedia_page"": ""Antoine-François Blondeau du Fays"", ""wikidata_id"": ""Q15967534""}",16.85329246520996
GDL-1828-07-04-a-i0008,607,614,Coïmbre,Q45412,LOC,Q45412,Coimbra,,0
GDL-1828-07-04-a-i0008,791,799,Portugal,Q45670,LOC,Q45,Portugal,"```json { ""wikipedia_page"": ""Portugal"", ""wikidata_id"": ""Q45"" } ```",20.08997344970703
GDL-1828-07-04-a-i0008,890,901,curé Mérino,Q9029811,PER,Q3184373,Joseph-Michel-Jean-Baptiste-Paul-Augustin Micolon de Guérines,"```json { ""wikipedia_page"": ""Joseph-Michel-Jean-Baptiste-Paul-Augustin Micolon de Guérines"", ""wikidata_id"": ""Q3184373"" } ```",11.370241165161133
GDL-1828-07-04-a-i0008,968,978,ddn Miguel,Q310790,PER,Q310790,Michel Ier de Portugal,"```json { ""wikipedia_page"": ""Michel Ier de Portugal"", ""wikidata_id"": ""Q310790"" } ```",14.167360305786133
GDL-1828-07-04-a-i0008,1066,1074,Portugal,Q45670,LOC,Q45,Portugal,,0
GDL-1828-07-04-a-i0008,1385,1393,Portugal,Q45670,LOC,Q45,Portugal,"```json { ""wikipedia_page"": ""Portugal"", ""wikidata_id"": ""Q45"" } ```",21.803268432617188
GDL-1828-07-04-a-i0008,1400,1406,FRANCE,Q142,LOC,Q142,France,"```json {""wikipedia_page"":""France"", ""wikidata_id"":""Q142""} ```",18.525012969970703
GDL-1828-07-04-a-i0008,1567,1573,France,Q142,LOC,Q142,France,"```json { ""wikipedia_page"": ""France"", ""wikidata_id"": ""Q142"" } ```",20.5006103515625
GDL-1828-07-04-a-i0008,1682,1693,M. Salverte,Q3061110,PER,NIL,M. Salverte,"Based on the provided text and list of candidates, the entity mentioned between [ENT] tags is ""M. Salverte"". None of the candidates match with high confidence. Therefore, the JSON response is: ```json {""wikipedia_page"": ""NIL"", ""wikidata_id"": ""NIL""} ```",0
GDL-1828-07-04-a-i0008,2606,2612,Suisse,Q39,LOC,Q39,Suisse,"```json {""wikipedia_page"":""Suisse"", ""wikidata_id"":""Q39""} ```",19.72646713256836
GDL-1828-07-04-a-i0008,2890,2896,France,Q142,LOC,Q142,France,"Based on the input text, the entity tagged with [ENT] is likely to refer to the 'France'. Therefore, the JSON output will be: ```json {""wikipedia_page"":""France"", ""wikidata_id"":""Q142""} ```",19.518468856811523
GDL-1828-07-04-a-i0008,2993,3004,M. de Conny,Q20926228,PER,Q20926228,Félix de Conny,"```json { ""wikipedia_page"": ""Félix de Conny"", ""wikidata_id"": ""Q20926228"" } ```",16.12626838684082
GDL-1828-07-04-a-i0008,3098,3104,France,Q142,LOC,Q7778,histoire de France,"{""wikipedia_page"":""histoire de France"", ""wikidata_id"":""Q7778""}",13.602843284606934
GDL-1828-07-04-a-i0008,3587,3593,France,Q142,LOC,Q142,France,"Based on the context of the input text, the entity mentioned between the [ENT] tags is ""France"". The most appropriate Wikidata entity from the list of candidates is the one with the Wikipedia page title ""France"" and Wikidata ID ""Q142"". Here is the JSON output: ```json {""wikipedia_page"":""France"", ""wikidata_id"":""Q142""} ```",16.701858520507812
GDL-1828-07-04-a-i0008,3602,3610,Helvétie,Q39,LOC,Q39,Suisse,"```json { ""wikipedia_page"": ""Suisse"", ""wikidata_id"": ""Q39"" } ```",19.5926513671875
GDL-1828-07-04-a-i0008,4101,4110,MARSEILLE,Q23482,LOC,Q23482,Marseille,"```json {""wikipedia_page"": ""Marseille"", ""wikidata_id"": ""Q23482""} ```",20.377811431884766
GDL-1828-07-04-a-i0008,4137,4142,Tunis,Q3572,LOC,Q3572,Tunis,,0
GDL-1828-07-04-a-i0008,4235,4242,Navarin,Q238440,LOC,Q238440,bataille de Navarin,"```json {""wikipedia_page"": ""bataille de Navarin"", ""wikidata_id"": ""Q238440""} ```",16.19606590270996
GDL-1828-07-04-a-i0008,4454,4461,Biserte,Q189546,LOC,Q189546,Bizerte,"```json { ""wikipedia_page"": ""Bizerte"", ""wikidata_id"": ""Q189546"" } ```",21.878061294555664
GDL-1828-07-04-a-i0008,4664,4680,M. Blanche .-nay,NIL,PER,Q15967319,Pahin de La Blancherie,"Based on the provided candidates and the text, the entity [ENT] M. Blanche.-nay [ENT] can be confidently disambiguated to: ```json {""wikipedia_page"":""Pahin de La Blancherie"", ""wikidata_id"":""Q15967319""} ``` This selection is based on the contextual information that the entity is a journalist French, which matches the description of the candidate 'Pahin de La Blancherie'.",7.44594669342041
GDL-1838-05-15-a-i0002,0,7,AFRIQUE,Q15,LOC,Q27381,Afrique du Nord," JSON Answer: ```json {""wikipedia_page"":""Afrique du Nord"", ""wikidata_id"":""Q27381""} ```",15.819967269897461
GDL-1838-05-15-a-i0002,52,61,deBelidah,Q216990,LOC,Q216990,Blida,"```json { ""wikipedia_page"": ""Blida"", ""wikidata_id"": ""Q216990"" } ```",16.945804595947266
GDL-1838-05-15-a-i0002,128,134,France,Q142,LOC,Q142,France,"```json { ""wikipedia_page"": ""France"", ""wikidata_id"": ""Q142"" } ```",14.546180725097656
GDL-1838-05-15-a-i0002,139,153,maréchal Valée,Q1743317,PER,Q1743317,Sylvain Charles Valée,,0
GDL-1838-05-15-a-i0002,221,228,Bélidah,Q216990,LOC,Q216990,Blida,,0
GDL-1838-05-15-a-i0002,562,569,Bélidah,Q216990,LOC,Q216990,Blida,,0
GDL-1838-05-15-a-i0002,895,901,France,Q142,LOC,Q142,France,"```json { ""wikipedia_page"": ""France"", ""wikidata_id"": ""Q142"" } ```",16.700347900390625
GDL-1838-05-15-a-i0002,969,989,plaine de la Melidja,NIL,LOC,Q18923505,Plaine de la Medjana,"Here's the disambiguated entity from the given text: ```json { ""wikipedia_page"": ""Plaine de la Medjana"", ""wikidata_id"": ""Q18923505"" } ```",13.323993682861328
GDL-1848-07-04-a-i0001,0,20,CONFÉDÉRATION SUISSE,Q39,LOC,Q39,Suisse,"```json {""wikipedia_page"": ""Suisse"", ""wikidata_id"": ""Q39""} ```",15.356769561767578
GDL-1848-07-04-a-i0001,22,39,DIÈTE l'ÉDÉIlA LE,Q250641,ORG,Q2751,Sienne,"```json {""wikipedia_page"": ""Sienne"", ""wikidata_id"": ""Q2751""} ```",6.710572242736816
GDL-1848-07-04-a-i0001,389,422,Neuchâld SI. Gonzalve-Petitpierre,Q78068340,PER,Q1949443,Conseil d'État du canton de Neuchâtel,"```json { ""wikipedia_page"": ""Conseil d'État du canton de Neuchâtel"", ""wikidata_id"": ""Q1949443"" } ```",16.92833137512207
GDL-1848-07-04-a-i0001,1649,1669,Confédération Suisse,Q39,LOC,Q39,Suisse,,0
GDL-1848-07-04-a-i0001,1746,1752,Tessin,Q31008,LOC,Q3592370,Étienne Tassin,,0
GDL-1848-07-04-a-i0001,1873,1880,Argovie,Q11972,LOC,Q11972,canton d'Argovie,,0
GDL-1848-07-04-a-i0001,2127,2144,conseil des Etals,Q609037,ORG,Q609037,Conseil des États,"```json { ""wikipedia_page"": ""Conseil des États"", ""wikidata_id"": ""Q609037"" } ```",14.642696380615234
GDL-1848-07-04-a-i0001,2283,2289,Zurich,Q11943,LOC,Q72,Zurich,,0
GDL-1848-07-04-a-i0001,2541,2547,Suisse,Q39,LOC,Q355857,État fédéral de 1848,"```json {""wikipedia_page"":""État fédéral de 1848"", ""wikidata_id"":""Q355857""} ```",14.747797966003418
GDL-1848-07-04-a-i0001,2577,2583,Europe,Q46,LOC,Q466039,Europe continentale,"```json { ""wikipedia_page"": ""Europe continentale"", ""wikidata_id"": ""Q466039"" } ```",14.543264389038086
GDL-1848-07-04-a-i0001,2609,2615,Luceme,Q12121,LOC,Q466176,Luc Coene,"```json { ""wikipedia_page"": ""Luc Coene"", ""wikidata_id"": ""Q466176"" } ```",14.35476303100586
GDL-1848-07-04-a-i0001,2732,2743,fiàle-ville,Q12172,LOC,NIL,fiàle-ville,"{ ""wikipedia_page"": ""Genève"", ""wikidata_id"": ""Q730"" }",0
GDL-1848-07-04-a-i0001,2944,2952,Scliwylz,Q12433,LOC,Q5378959,Enio Sclisizzi,"```json {""wikipedia_page"":""Enio Sclisizzi"", ""wikidata_id"":""Q5378959""} ```",16.92249870300293
GDL-1848-07-04-a-i0001,3009,3015,Glatis,Q63912,LOC,Q3102777,Georges Glatz,"```json {""wikipedia_page"":""Georges Glatz"", ""wikidata_id"":""Q3102777""} ```",16.986818313598633
GDL-1848-07-04-a-i0001,3034,3040,Suisse,Q39,LOC,Q39,Suisse,"```json { ""wikipedia_page"": ""Suisse"", ""wikidata_id"": ""Q39"" } ```",19.64630126953125
GDL-1848-07-04-a-i0001,3112,3118,Genève,Q11917,LOC,Q71,Genève,"{ ""wikipedia_page"": ""Genève"", ""wikidata_id"": ""Q71"" }",14.49746322631836
GDL-1848-07-04-a-i0001,3120,3130,M. Aimeras,Q2643720,PER,Q3379212,Philippe Alméras,"```json { ""wikipedia_page"": ""Philippe Alméras"", ""wikidata_id"": ""Q3379212"" } ```",19.11067008972168
GDL-1848-07-04-a-i0001,3530,3536,Genève,Q11917,LOC,Q71,Genève,"Based on the provided text and the list of candidates, the entity mentioned between the [ENT] tags is ""Genève"". Given the context, the most appropriate Wikidata entity to disambiguate this entity is: ```json {""wikipedia_page"": ""Genève"", ""wikidata_id"": ""Q71""} ```",16.883487701416016
GDL-1848-07-04-a-i0001,3668,3675,Grisons,Q11925,LOC,Q11925,canton des Grisons,"```json {""wikipedia_page"": ""canton des Grisons"", ""wikidata_id"": ""Q11925""} ```",18.799856185913086
GDL-1848-07-04-a-i0001,3743,3747,fond,Q12771,LOC,Q1928060,Fonds-Saint-Denis,"```json { ""wikipedia_page"": ""Fonds-Saint-Denis"", ""wikidata_id"": ""Q1928060"" } ```",5.586933135986328
GDL-1848-07-04-a-i0001,3777,3791,canton de Vaud,Q12771,LOC,Q12771,canton de Vaud,,0
GDL-1848-07-04-a-i0001,4084,4094,Sonderbund,Q672595,ORG,Q672595,Sonderbund,"```json {""wikipedia_page"": ""Sonderbund"", ""wikidata_id"": ""Q672595""} ```",20.393321990966797
GDL-1848-07-04-a-i0001,4166,4172,Suisse,Q39,LOC,Q39,Suisse,"```json {""wikipedia_page"":""Suisse"", ""wikidata_id"":""Q39""} ```",19.24651336669922
GDL-1848-07-04-a-i0001,4333,4342,Thurgovie,Q12713,LOC,Q12713,canton de Thurgovie,"Given the input text and the list of candidates, the entity [ENT] Thurgovie appears to refer to the canton of Thurgovie. Here is the JSON response: ```json {""wikipedia_page"":""canton de Thurgovie"", ""wikidata_id"":""Q12713""} ```",21.12940788269043
GDL-1848-07-04-a-i0001,4392,4398,Palais,Q834,LOC,Q30911,Palais fédéral,"Based on the provided text and the candidates list, the entity between the [ENT] tags ""Palais"" appears to refer to the ""Palais fédéral"" in Bern, Switzerland. This is the most appropriate match based on the context of the text. ```json { ""wikipedia_page"": ""Palais fédéral"", ""wikidata_id"": ""Q30911"" } ```",10.973531723022461
GDL-1848-07-04-a-i0001,4436,4441,Berne,Q11911,ORG,Q70,Berne,"```json {""wikipedia_page"": ""Berne"", ""wikidata_id"": ""Q70""} ```",21.942758560180664
GDL-1848-07-04-a-i0001,4724,4730,Zurich,Q11943,LOC,Q72,Zurich,"```json { ""wikipedia_page"": ""Zurich"", ""wikidata_id"": ""Q72"" } ```",21.46602439880371
GDL-1848-07-04-a-i0001,4732,4739,Solaire,Q11929,LOC,Q68965,Soleure,"Based on the provided text and list of candidates, the entity mentioned between the [ENT] tags is ""Soleure"". The most appropriate Wikidata entity from the list of candidates that matches this entity is ""Soleure"" (Wikidata ID: Q68965). Here is the JSON-formatted response: ```json {""wikipedia_page"": ""Soleure"", ""wikidata_id"": ""Q68965""} ```",12.144632339477539
GDL-1848-07-04-a-i0001,4741,4753,Schaff Iwtme,Q12697,LOC,Q12697,canton de Schaffhouse,"{ ""wikipedia_page"": ""canton de Schaffhouse"", ""wikidata_id"": ""Q12697"" } { ""wikipedia_page"": ""canton de Schwytz"", ""wikidata_id"": ""Q12433"" }",16.544391632080078
GDL-1848-07-04-a-i0001,4755,4762,St-Gall,Q12746,LOC,Q12746,canton de Saint-Gall,,0
GDL-1848-07-04-a-i0001,4764,4771,Argovie,Q11972,LOC,Q11972,canton d'Argovie,,0
GDL-1848-07-04-a-i0001,4773,4779,Valais,Q834,LOC,Q834,canton du Valais,"Based on the provided text and the list of candidates, the entity ""Valais"" is correctly matched with the candidate with the Wikipedia page ""canton du Valais"" and Wikidata ID ""Q834"". Here is the JSON response: ```json {""wikipedia_page"":""canton du Valais"", ""wikidata_id"":""Q834""} ```",21.229883193969727
GDL-1848-07-04-a-i0001,4781,4788,Gerièue,Q11917,LOC,Q388306,district de la Gruyère,"```json { ""wikipedia_page"": ""district de la Gruyère"", ""wikidata_id"": ""Q388306"" } ```",15.724686622619629
GDL-1848-07-04-a-i0001,4790,4799,Thurgovie,Q12713,LOC,Q12713,canton de Thurgovie,,0
GDL-1848-07-04-a-i0001,4801,4809,Gri sons,Q11925,LOC,Q11925,canton des Grisons,"Based on the analysis of the input text and the given list of candidates, the entity mentioned between the [ENT] tags (""Gri sons"") is highly likely to be ""canton des Grisons"". Therefore, the corresponding Wikipedia page title and Wikidata ID are: ```json {""wikipedia_page"":""canton des Grisons"", ""wikidata_id"":""Q11925""} ```",18.776296615600586
GDL-1848-07-04-a-i0001,4811,4824,Baie campagne,Q12146,LOC,Q12146,canton de Bâle-Campagne,"```json { ""wikipedia_page"": ""canton de Bâle-Campagne"", ""wikidata_id"": ""Q12146"" } ```",13.569718360900879
GDL-1848-07-04-a-i0001,4826,4834,Fribourg,Q12640,LOC,Q12640,canton de Fribourg,,0
GDL-1848-07-04-a-i0001,4836,4842,Glaris,Q11922,LOC,Q11922,canton de Glaris,"```json {""wikipedia_page"":""canton de Glaris"", ""wikidata_id"":""Q11922""} ```",19.85442543029785
GDL-1848-07-04-a-i0001,4844,4850,Luceme,Q12121,LOC,Q4191,Lucerne,"```json { ""wikipedia_page"": ""Lucerne"", ""wikidata_id"": ""Q4191"" } ```",12.957837104797363
GDL-1848-07-04-a-i0001,4854,4857,Zug,Q11933,LOC,Q11933,canton de Zoug,"Based on the provided text and the list of candidates, the entity [ENT] Zug is clearly referring to the canton of Zoug. Here is the JSON response: ```json {""wikipedia_page"": ""canton de Zoug"", ""wikidata_id"": ""Q11933""} ```",21.281137466430664
GDL-1848-07-04-a-i0001,4859,4868,Neuchâlel,Q12738,LOC,Q12738,canton de Neuchâtel,,0
GDL-1848-07-04-a-i0001,4870,4880,Bàle-ville,Q12172,LOC,Q78,Bâle,"{""wikipedia_page"":""Bâle"", ""wikidata_id"":""Q78""}",20.9420223236084
GDL-1848-07-04-a-i0001,4884,4888,Vaud,Q12771,LOC,Q12771,canton de Vaud,"Based on the provided text and the list of candidates, the entity mentioned between the [ENT] tags is ""Vaud"". The most appropriate Wikidata entity for ""Vaud"" from the list of candidates is: ```json {""wikipedia_page"":""canton de Vaud"", ""wikidata_id"":""Q12771""} ```",21.830068588256836
GDL-1848-07-04-a-i0001,4913,4920,Schwylz,Q12433,LOC,NIL,Schwylz,"```json {""wikipedia_page"":"""", ""wikidata_id"":""NIL""} ```",0
GDL-1848-07-04-a-i0001,4949,4952,Uri,Q12404,LOC,Q12404,canton d'Uri,"```json {""wikipedia_page"": ""canton d'Uri"", ""wikidata_id"": ""Q12404""} ```",19.84316635131836
GDL-1848-07-04-a-i0001,4954,4965,Unlerwalden,Q214069,LOC,Q12404,canton d'Uri,"Based on the provided input text and the list of candidates, the entity mentioned between the [ENT] tags, ""Uri, Unlerwalden et Appenzell-intérieur"", can be disambiguated with high confidence. The correct Wikidata ID is 'Q12404' for ""Uri"" and 'Q12094' for ""Appenzell Rhodes-Intérieures"". However, since ""Unlerwalden"" is not mentioned in the list of candidates, it will be classified as ""NIL"". Here is the JSON response: ```json {""wikipedia_page"": ""canton de Uri"", ""wikidata_id"": ""Q12404""}, {""wikipedia_page"": ""canton d'Appenzell Rhodes-Intérieures"", ""wikidata_id"": ""Q12094""}, {""wikipedia_page"": ""NIL"", ""wikidata_id"": ""NIL""} ```",14.665176391601562
GDL-1848-07-04-a-i0001,4969,4988,Appenzell-intérieur,Q12094,LOC,Q12094,canton d'Appenzell Rhodes-Intérieures,,0
GDL-1848-07-04-a-i0001,5180,5185,Berne,Q11911,LOC,Q11911,canton de Berne,,0
GDL-1848-07-04-a-i0001,5254,5264,Bàle-ville,Q12172,LOC,Q12172,canton de Bâle-Ville,"```json { ""wikipedia_page"": ""canton de Bâle-Ville"", ""wikidata_id"": ""Q12172"" } ```",19.871366500854492
GDL-1848-07-04-a-i0001,5266,5271,Berne,Q11911,LOC,Q11911,canton de Berne,"```json { ""wikipedia_page"": ""canton de Berne"", ""wikidata_id"": ""Q11911"" } ```",19.87088966369629
GDL-1848-07-04-a-i0001,5275,5281,Genève,Q11917,LOC,Q11917,canton de Genève,"```json { ""wikipedia_page"": ""canton de Genève"", ""wikidata_id"": ""Q11917"" } ```",17.53312873840332
GDL-1848-07-04-a-i0001,5283,5288,Berne,Q11911,LOC,Q70,Berne,"{""wikipedia_page"":""Berne"", ""wikidata_id"":""Q70""}",20.191991806030273
GDL-1848-07-04-a-i0001,5615,5621,Europe,Q46,LOC,Q46,Europe,"Based on the provided text, the entity mentioned between the [ENT] tags is likely referring to ""Europe"". After analyzing the list of candidates, the most appropriate Wikidata entity is: ```json {""wikipedia_page"": ""Europe"", ""wikidata_id"": ""Q46""} ``` This entity's description matches the historical context of the text, making it the most confident match among the candidates.",19.960838317871094
GDL-1848-07-04-a-i0001,5666,5672,Suisse,Q39,LOC,Q39,Suisse," Given the provided input text, the entity mentioned within the [ENT] tags is ""Suisse"". Among the provided list of candidates, the most appropriate Wikidata entity is ""Suisse"" with the Wikidata ID ""Q39"". Therefore, the JSON-formatted answer is: ```json {""wikipedia_page"":""Suisse"", ""wikidata_id"":""Q39""} ```",20.572437286376953
GDL-1848-07-04-a-i0001,5931,5938,GRISONS,Q11925,LOC,Q11925,canton des Grisons,"```json { ""wikipedia_page"": ""canton des Grisons"", ""wikidata_id"": ""Q11925"" } ```",15.217850685119629
GDL-1848-07-04-a-i0001,5940,5945,Cornu,Q69007,LOC,Q68819,Cornol,"```json { ""wikipedia_page"": ""Cornol"", ""wikidata_id"": ""Q68819"" } ```",15.27983283996582
GDL-1848-07-04-a-i0001,6476,6481,Tyrol,Q16543832,LOC,Q153809,Tyrol,"```json { ""wikipedia_page"": ""Tyrol"", ""wikidata_id"": ""Q153809"" } ```",16.712820053100586
GDL-1848-07-04-a-i0001,6491,6501,Luinbardie,Q1210,LOC,Q914498,Longobardie (thème),"Based on the provided text and the list of candidates, the entity ""Longobardie"" matches the context with high confidence. Here is the JSON output: ```json {""wikipedia_page"":""Longobardie (thème)"",""wikidata_id"":""Q914498""} ```",11.5303316116333
GDL-1848-07-04-a-i0001,7166,7220,"M. Albertmi de Ponte, président du gouvernement actuel",Q42314535,PER,Q16025607,Albert Dormoy,"```json {""wikipedia_page"":""Albert Dormoy"",""wikidata_id"":""Q16025607""} ```",8.292258262634277
GDL-1848-07-04-a-i0001,7460,7464,Rhin,Q584,LOC,Q584,Rhin,"```json {""wikipedia_page"": ""Rhin"", ""wikidata_id"": ""Q584""} ```",21.99486541748047
GDL-1848-07-04-a-i0001,7701,7706,BERNE,Q11911,LOC,Q70,Berne,,0
GDL-1848-07-04-a-i0001,7783,7789,Vororl,Q687312,ORG,Q38981,Vorarlberg,"Based on the provided text, the entity tagged with [ENT] is ""Vororl"". After analyzing the candidates, the most appropriate Wikidata entity is ""Vorarlberg"". ```json {""wikipedia_page"":""Vorarlberg"", ""wikidata_id"":""Q38981""} ```",13.660966873168945
GDL-1848-07-04-a-i0001,7872,7896,MM. 'Ochsenbeinet Tiller,NIL,PER,Q19506619,Johann Anton Tillier,"Based on the given input text and candidate list, the entity mentioned between the [ENT] tags is ""Ochsenbeinet Tiller"". There is a candidate with the same name in the list: Johann Anton Tillier. ```json {""wikipedia_page"":""Johann Anton Tillier"", ""wikidata_id"":""Q19506619""} ```",12.372941017150879
GDL-1848-07-04-a-i0001,7955,7976,M. le comte lleinhart,Q15968796,PER,Q37490919,Antoine Marie Rodolphe Liénart,"```json { ""wikipedia_page"": ""Antoine Marie Rodolphe Liénart"", ""wikidata_id"": ""Q37490919"" } ```",10.945849418640137
GDL-1848-07-04-a-i0001,8050,8056,Suisse,Q39,LOC,Q39,Suisse,,0
GDL-1848-07-04-a-i0001,8155,8159,Saxe,Q153015,LOC,Q1202,Saxe,"Based on the provided text and list of candidates, the entities mentioned between the [ENT] tags are ""Saxe"" and ""Saxe"". Considering the historical context and the list of candidates, the most appropriate Wikidata entity for ""Saxe"" is: - ""land (état) d'Allemagne"" with Wikidata ID Q1202 and Wikipedia page title ""Saxe"". Here is the JSON-formatted answer: ```json {""wikipedia_page"": ""Saxe"", ""wikidata_id"": ""Q1202""} ```",18.753211975097656
GDL-1848-07-04-a-i0001,8181,8187,Suisse,Q39,LOC,Q39,Suisse,"```json {""wikipedia_page"": ""Suisse"", ""wikidata_id"": ""Q39""} ```",17.58326530456543
GDL-1848-07-04-a-i0001,8284,8294,M. Eénélon,NIL,PER,Q3588616,Émile Lenoël,"```json {""wikipedia_page"": ""Émile Lenoël"", ""wikidata_id"": ""Q3588616""} ```",12.119878768920898
GDL-1848-07-04-a-i0001,8298,8307,M. Thiard,Q789734,PER,Q3524511,Thierry Sandre,"Based on the provided text and list of candidates, the entity tagged with [ENT] is ""M. Thiard"". After comparing the candidates, it appears that the most appropriate Wikidata entity is ""Thierry Sandre"", which aligns with ""M. Thiard"" mentioned in the text. Therefore, the JSON response will be: ```json {""wikipedia_page"":""Thierry Sandre"", ""wikidata_id"":""Q3524511""} ```",9.118509292602539
GDL-1848-07-04-a-i0001,8359,8367,FIUBOUKG,Q12640,LOC,NIL,FIUBOUKG,"```json {""wikipedia_page"":""FIUBOUKG"", ""wikidata_id"":""NIL""} ```",0
GDL-1848-07-04-a-i0001,9283,9290,JNeyruz,Q66466,LOC,Q16026707,Jean Denayrouse,"```json {""wikipedia_page"": ""Jean Denayrouse"", ""wikidata_id"": ""Q16026707""} ```",11.788924217224121
GDL-1848-07-04-a-i0001,9717,9739,MM. le docleur Bussard,Q18683241,PER,Q18683241,Jean-François-Marcellin Bussard,"```json { ""wikipedia_page"": ""Jean-François-Marcellin Bussard"", ""wikidata_id"": ""Q18683241"" } ```",14.369217872619629
GDL-1848-07-04-a-i0001,9743,9812,"Castela, membre du conseil d'Etat et directeur de la police cantonale",Q15621773,PER,Q15727952,Nicolas-Antoine-Xavier Castella de Berlens,"```json {""wikipedia_page"":""Nicolas-Antoine-Xavier Castella de Berlens"", ""wikidata_id"":""Q15727952""} ```",15.136711120605469
GDL-1848-07-04-a-i0001,9838,9867,"M. Thorin, préfet de Fribourg",Q15663331,PER,Q28658015,François Dubois-Thorn,"```json {""wikipedia_page"": ""François Dubois-Thorn"", ""wikidata_id"": ""Q28658015""} ```",13.592248916625977
GDL-1848-07-04-a-i0001,9898,9912,conseil d'Etat,Q2717001,ORG,Q2717001,Conseil d'État du canton de Fribourg,"```json { ""wikipedia_page"": ""Conseil d'État du canton de Fribourg"", ""wikidata_id"": ""Q2717001"" } ```",14.632669448852539
GDL-1848-07-04-a-i0001,9932,9959,"M. Chalonay, démissionnaire",NIL,PER,NIL,"M. Chalonay, démissionnaire","{""wikipedia_page"":""NIL"", ""wikidata_id"":""NIL""}",0
GDL-1848-07-04-a-i0001,9961,9978,M. Abram Fasnacht,NIL,PER,Q23060241,Alfred Fasnacht,"```json { ""wikipedia_page"": ""Alfred Fasnacht"", ""wikidata_id"": ""Q23060241"" } ``` As ""Abram Fasnacht"" is not in the list of candidates, and considering the high likelihood of it being a misspelling related to ""Alfred Fasnacht"" from the context, I have assigned ""Alfred Fasnacht"" as the most appropriate Wikidata entity.",13.450094223022461
GDL-1848-07-04-a-i0001,10037,10046,M. Thorin,Q15663331,PER,Q15663331,Alexandre Thorin,"```json { ""wikipedia_page"": ""Alexandre Thorin"", ""wikidata_id"": ""Q15663331"" } ```",14.351101875305176
GDL-1848-07-04-a-i0001,10223,10245,district de la St-Gine,Q645585,LOC,Q645585,district de la Singine,"```json { ""wikipedia_page"": ""district de la Singine"", ""wikidata_id"": ""Q645585"" } ```",12.453654289245605
GDL-1848-07-04-a-i0001,10798,10812,conseil d'Elat,Q2717001,ORG,Q2994280,Conseil souverain d'Alsace,"```json {""wikipedia_page"": ""Conseil souverain d'Alsace"", ""wikidata_id"": ""Q2994280""} ```",15.819295883178711
GDL-1848-07-04-a-i0001,11169,11175,GENÈVE,Q11917,LOC,Q71,Genève,,0
GDL-1848-07-04-a-i0001,11271,11312,"M. Fallot, imprimeur du Journal de Genève",NIL,PER,Q501154,Journal de Genève,"```json {""wikipedia_page"":""Journal de Genève"", ""wikidata_id"":""Q501154""} ```",14.2972993850708
GDL-1848-07-04-a-i0001,11318,11362,"M. Jaquemot, imprimeur dé la Voix Catholique",NIL,PER,NIL,"M. Jaquemot, imprimeur dé la Voix Catholique","```json { ""wikipedia_page"": ""NIL"", ""wikidata_id"": ""NIL"" } ```",0
GDL-1848-07-04-a-i0001,11441,11447,Tessin,Q31008,LOC,Q2048795,Grand Conseil du canton du Tessin,"```json {""wikipedia_page"":""Grand Conseil du canton du Tessin"",""wikidata_id"":""Q2048795""} ```",16.112491607666016
GDL-1848-07-04-a-i0001,11546,11556,Sonderbund,Q672595,ORG,Q672595,Sonderbund,"```json { ""wikipedia_page"": ""Sonderbund"", ""wikidata_id"": ""Q672595"" } ```",21.17871856689453
GDL-1848-07-04-a-i0001,11617,11623,Vienne,Q1741,LOC,Q1741,Vienne,"```json { ""wikipedia_page"": ""Vienne"", ""wikidata_id"": ""Q1741"" } ```",21.320714950561523
GDL-1848-07-04-a-i0001,11697,11703,Glaris,Q11922,LOC,Q63912,Glaris,"Here is the disambiguated entity mentioned between the [ENT] tags: ```json { ""wikipedia_page"": ""Glaris"", ""wikidata_id"": ""Q63912"" } ```",20.98842430114746
GDL-1848-07-04-a-i0001,11850,11856,Vienne,Q1741,LOC,Q1741,Vienne,"```json { ""wikipedia_page"": ""Vienne"", ""wikidata_id"": ""Q1741"" } ```",17.26367950439453
GDL-1848-07-04-a-i0001,11862,11868,Zurich,Q11943,LOC,Q72,Zurich,"```json { ""wikipedia_page"": ""Zurich"", ""wikidata_id"": ""Q72"" } ```",21.588768005371094
GDL-1848-07-04-a-i0001,11952,11959,Lucerne,Q12121,LOC,Q4191,Lucerne,"```json { ""wikipedia_page"": ""Lucerne"", ""wikidata_id"": ""Q4191"" } ```",20.777681350708008
GDL-1848-07-04-a-i0001,12090,12097,Schwylz,Q12433,LOC,Q68155,Schwytz,"```json {""wikipedia_page"":""Schwytz"", ""wikidata_id"":""Q68155""} ```",17.475038528442383
GDL-1848-07-04-a-i0001,12118,12161,redoutédesbaleliersdulae des Quatre-Cantons,Q14381,LOC,NIL,redoutédesbaleliersdulae des Quatre-Cantons,"Based on the input text provided, the entities mentioned between the [ENT] tags are ""Fœhn"" and ""des baleliers de la Diète des Quatre-Cantons"". After analyzing the text and the provided list of candidates, the most appropriate Wikidata entity for ""Fœhn"" is ""Fœhn"" with the Wikipedia page title ""Fœhn (vent)"" and Wikidata ID ""Q1100700"". However, the entity ""des baleliers de la Diète des Quatre-Cantons"" does not have a corresponding Wikidata entity in the provided list of candidates. Therefore, the response is: ```json { ""wikipedia_page"": ""Fœhn (vent)"", ""wikidata_id"": ""Q1100700"" } ```",0
GDL-1848-07-04-a-i0001,12208,12228,vallée de la Jluotha,Q66069,LOC,NIL,vallée de la Jluotha,"```json { ""wikipedia_page"": """", ""wikidata_id"": ""NIL"" } ```",0
GDL-1848-07-04-a-i0001,12343,12350,Argovie,Q11972,LOC,Q11972,canton d'Argovie,"The entity mentioned between the [ENT] tags is ""Argovie"". Among the provided candidates, the most appropriate Wikidata entity is: ```json {""wikipedia_page"":""canton d'Argovie"", ""wikidata_id"":""Q11972""} ```",16.45529556274414
GDL-1848-07-04-a-i0001,12430,12515,"Henri Zschokke, cet aimable et infatigable écrivain, l'ami et l'instituteur du peuple",Q66207,PER,Q66207,Johann Heinrich Daniel Zschokke,"Based on the input text and the list of candidates, the most likely Wikidata entity for the [ENT] tags is ""Henri Zschokke"" with Wikidata ID ""Q66207"" and Wikipedia page title ""Johann Heinrich Daniel Zschokke"". Here is the JSON-formatted answer: ```json {""wikipedia_page"":""Johann Heinrich Daniel Zschokke"", ""wikidata_id"":""Q66207""} ```",16.0826358795166
GDL-1848-07-04-a-i0001,12541,12545,Arau,Q14274,LOC,Q14274,Aarau,"```json { ""wikipedia_page"": ""Aarau"", ""wikidata_id"": ""Q14274"" } ```",18.28723907470703
GDL-1848-07-04-a-i0001,12587,12595,LAESANMÎ,Q807,LOC,NIL,LAESANMÎ,"Based on the provided input text and the JSON list of candidates, the entity mentioned between the [ENT] tags is ""LAESANMÎ"". After analyzing the text and the candidates, I am not confident in selecting any of the provided candidates with high confidence. Therefore, the final answer is: ```json {""wikipedia_page"":"""", ""wikidata_id"":""NIL""} ```",0
GDL-1848-07-04-a-i0001,12612,12626,conseil d'Etat,Q662792,ORG,Q2546890,Conseil d'État du canton de Genève,"```json { ""wikipedia_page"": ""Conseil d'État du canton de Genève"", ""wikidata_id"": ""Q2546890"" } ```",9.497029304504395
GDL-1848-07-04-a-i0001,12704,12715,M. Fornerod,Q116978,PER,Q2839378,Aloÿs Fornerod,"{ ""wikipedia_page"": ""Aloÿs Fornerod"", ""wikidata_id"": ""Q2839378"" }",19.32883644104004
GDL-1848-07-04-a-i0001,12719,12733,conseil d'Elat,Q662792,ORG,NIL,conseil d'Elat,"``` { ""wikipedia_page"": ""NIL"", ""wikidata_id"": ""NIL"" } ```",0
GDL-1848-07-04-a-i0001,12759,12774,M. Guex-Gaudard,NIL,PER,Q94949060,Eugène Goussard,"{ ""wikipedia_page"": ""Eugène Goussard"", ""wikidata_id"": ""Q94949060"" }",19.408687591552734
GDL-1848-07-04-a-i0001,12876,12892,canton de VpûdV',Q12771,LOC,Q1726601,canton d'Orvault,"Based on the provided input text and the list of candidates, the entity mentioned between the [ENT] tags is ""canton de VpûdV'"". The closest match from the list of candidates is: - Canton d'Orvault (Q1726601) Therefore, the JSON-formatted answer is: ```json {""wikipedia_page"":""canton d'Orvault"", ""wikidata_id"":""Q1726601""} ```",8.47905158996582
GDL-1848-07-04-a-i0001,13169,13175,France,Q142,LOC,Q142,France,"```json {""wikipedia_page"": ""France"", ""wikidata_id"": ""Q142""} ```",17.210206985473633
GDL-1848-07-04-a-i0001,13885,13891,France,Q142,LOC,Q142,France,"Based on the input text and the provided list of candidates, the entity between the [ENT] tags is likely referring to ""France."" Among the candidates, the entity with the wikipedia_page ""France"" and wikidata_id ""Q142"" is the most appropriate match. ```json {""wikipedia_page"":""France"", ""wikidata_id"":""Q142""} ```",16.552698135375977
GDL-1848-10-03-a-i0001,0,20,CONFÉDÉRATION SUISSE,Q39,LOC,Q39,Suisse,"{ ""wikipedia_page"": ""Suisse"", ""wikidata_id"": ""Q39"" }",19.770790100097656
GDL-1848-10-03-a-i0001,22,27,BERNE,Q11911,LOC,Q70,Berne,,0
GDL-1848-10-03-a-i0001,32,42,Directoire,Q219817,ORG,Q667135,"département fédéral de la défense, de la protection de la population et des sports","Based on the provided text and the list of candidates, the most appropriate Wikidata entity for the entity tagged with [ENT] is ""Département fédéral de la défense, de la protection de la population et des sports"". ```json {""wikipedia_page"": ""Département fédéral de la défense, de la protection de la population et des sports"", ""wikidata_id"": ""Q667135""} ```",9.276922225952148
GDL-1848-10-03-a-i0001,372,378,Zurich,Q11943,LOC,Q72,Zurich,"```json { ""wikipedia_page"": ""Zurich"", ""wikidata_id"": ""Q72"" } ```",19.463748931884766
GDL-1848-10-03-a-i0001,380,390,Bàle-ville,Q12172,LOC,NIL,Bàle-ville,"Given the input text and the list of candidates, the entity mentioned between the [ENT] tags ""Bàle-ville"" does not have a high-confidence counterpart in the provided list of candidates. Therefore, the disambiguation result is: ```json {""wikipedia_page"": ""NIL"", ""wikidata_id"": ""NIL""} ```",0
GDL-1848-10-03-a-i0001,788,800,Trachselwald,Q661104,LOC,Q67086,Trachselwald,"```json { ""wikipedia_page"": ""Trachselwald"", ""wikidata_id"": ""Q67086"" } ```",17.864444732666016
GDL-1848-10-03-a-i0001,805,811,Signau,Q661807,LOC,Q67289,Signau,"```json {""wikipedia_page"":""Signau"", ""wikidata_id"":""Q67289""} ```",17.09234619140625
GDL-1848-10-03-a-i0001,818,829,Konolfingen,Q661300,LOC,Q66211,Konolfingen,"Based on the analysis of the provided text, the entity between the [ENT] tags is ""Konolfingen"". From the list of candidates, the most appropriate Wikidata entity is: ```json {""wikipedia_page"":""Konolfingen"", ""wikidata_id"":""Q66211""} ```",19.176076889038086
GDL-1848-10-03-a-i0001,859,896,Emmenthal MM. l'ancien avoyer Neubaus,Q1732469,PER,Q684648,Emmental,"Based on the input text provided, the entity mentioned between the [ENT] tags is ""Emmenthal"". After analyzing the candidates, the most appropriate Wikidata entity that matches the entity mentioned in the text is ""Emmental"". Here is the JSON object formatted as requested: ```json {""wikipedia_page"": ""Emmental"", ""wikidata_id"": ""Q684648""} ```",11.89828109741211
GDL-1848-10-03-a-i0001,902,924,conseillers Oehsenbein,Q558011,PER,Q558011,Ulrich Ochsenbein,"```json { ""wikipedia_page"": ""Ulrich Ochsenbein"", ""wikidata_id"": ""Q558011"" } ``` Disambiguation: - The first [ENT] tag refers to ""Ulrich Ochsenbein,"" a well-known politician in Swiss history. The candidate in the list with the Wikipedia page ""Ulrich Ochsenbein"" and Wikidata ID ""Q558011"" matches this entity. - The second [ENT] tag refers to ""Oehsenbein,"" which is likely a variant or misspelling of ""Ochsenbein."" The candidate in the list with the Wikipedia page ""Ulrich Ochsenbein"" and Wikidata ID ""Q558011"" also matches this entity.",9.526226043701172
GDL-1848-10-03-a-i0001,928,937,Slajmpfly,Q662344,PER,Q667489,Alfred Schläppi,"```json { ""wikipedia_page"": ""Alfred Schläppi"", ""wikidata_id"": ""Q667489"" } ```",16.537952423095703
GDL-1848-10-03-a-i0001,1042,1049,Aarberg,Q64113,LOC,Q64113,Aarberg,,0
GDL-1848-10-03-a-i0001,1105,1112,Seeland,Q691156,LOC,Q2265231,Seeland,"```json { ""wikipedia_page"": ""Seeland"", ""wikidata_id"": ""Q2265231"" } ```",16.052865982055664
GDL-1848-10-03-a-i0001,1128,1133,Berne,Q70,LOC,Q70,Berne,,0
GDL-1848-10-03-a-i0001,1280,1297,conseil des Etats,Q609037,ORG,Q609037,Conseil des États,"Given the input text and the list of candidates, the entity [ENT] ""Conseil des États"" should be disambiguated. The text explicitly mentions ""[ENT] Conseil des États [ENT]"", which is clearly referring to the ""Conseil des États"" from the list of candidates. Using the provided list, the most appropriate Wikidata entity is: - **Wikipedia page**: Conseil des États - **Wikidata ID**: Q609037 Thus, the JSON-formatted answer is: ```json {""wikipedia_page"": ""Conseil des États"", ""wikidata_id"": ""Q609037""} ```",19.264921188354492
GDL-1848-10-03-a-i0001,1327,1342,conseil fédéral,Q30917,ORG,Q30917,Conseil fédéral,"```json { ""wikipedia_page"": ""Conseil fédéral"", ""wikidata_id"": ""Q30917"" } ```",20.400747299194336
GDL-1848-10-03-a-i0001,1360,1379,hôtel de la Monnaie,NIL,LOC,Q1728061,,,0
GDL-1848-10-03-a-i0001,1386,1400,bataillon Benz,NIL,ORG,Q680587,Bataillon Thälmann,"{""wikipedia_page"": ""Bataillon Thälmann"", ""wikidata_id"": ""Q680587""}",12.14371395111084
GDL-1848-10-03-a-i0001,1405,1411,Zurich,Q11943,LOC,Q72,Zurich,"```json { ""wikipedia_page"": ""Zurich"", ""wikidata_id"": ""Q72"" } ```",20.629135131835938
GDL-1848-10-03-a-i0001,1419,1433,bataillon Fiih,NIL,ORG,NIL,bataillon Fiih,"Based on the provided text and the list of candidates, the entity mentioned between the [ENT] tags does not match any of the provided candidates with high confidence. Therefore, the output is: ```json {""wikipedia_page"":"""", ""wikidata_id"":""NIL""} ```",0
GDL-1848-10-03-a-i0001,1438,1445,Sl-Gall,Q12746,LOC,Q25607,Saint-Gall,"{ ""wikipedia_page"": ""Saint-Gall"", ""wikidata_id"": ""Q25607"" }",17.55718421936035
GDL-1848-10-03-a-i0001,1535,1541,Tessin,Q31008,LOC,Q12724,canton du Tessin,"Based on the provided text, the entity mentioned between the [ENT] tags is likely referring to the ""Tessin"" canton in Switzerland. Here's the JSON-formatted answer: ```json {""wikipedia_page"":""canton du Tessin"", ""wikidata_id"":""Q12724""} ```",20.83061408996582
GDL-1848-10-03-a-i0001,1582,1592,Bellinzone,Q64044,LOC,Q64044,Bellinzone,,0
GDL-1848-10-03-a-i0001,1596,1630,MM. les anciens landammann Abyberg,Q1311183,PER,Q15973344,Firmin Aubergé,"```json { ""wikipedia_page"": ""Firmin Aubergé"", ""wikidata_id"": ""Q15973344"" } ```",8.268132209777832
GDL-1848-10-03-a-i0001,1634,1642,Holdener,Q21294690,PER,Q21294689,Fridolin Holdener,"{ ""wikipedia_page"": ""Fridolin Holdener"", ""wikidata_id"": ""Q21294689"" }",12.308741569519043
GDL-1848-10-03-a-i0001,1647,1654,Schwyiz,Q12433,LOC,Q68155,Schwytz,"Based on the provided input text and the list of candidates, the entity tagged with [ENT] is likely referring to ""Schwyiz"" as it is the only candidate with a relevant description from the list. Therefore, the JSON-formatted response is: ```json { ""wikipedia_page"": ""Schwyiz"", ""wikidata_id"": ""Q68155"" } ```",15.162534713745117
GDL-1848-10-03-a-i0001,1759,1767,Inspruck,Q1735,LOC,Q1735,Innsbruck,"```json {""wikipedia_page"":""Innsbruck"", ""wikidata_id"":""Q1735""} ```",20.07292938232422
GDL-1848-10-03-a-i0001,1850,1857,Messine,Q13666,LOC,Q13666,Messine,,0
GDL-1848-10-03-a-i0001,1859,1872,M. Gonzenbacb,NIL,PER,Q98807002,Hans Jakob Gonzenbach,"```json {""wikipedia_page"":""Hans Jakob Gonzenbach"", ""wikidata_id"":""Q98807002""} ```",16.729265213012695
GDL-1848-10-03-a-i0001,2022,2029,Messine,Q13666,LOC,Q13666,Messine,,0
GDL-1848-10-03-a-i0001,2105,2112,Païenne,Q2656,LOC,Q1236193,Peanía,"```json { ""wikipedia_page"": ""Païenne"", ""wikidata_id"": ""Q1236193"" } ```",13.895630836486816
GDL-1848-10-03-a-i0001,3308,3319,rue Giudeca,Q21167359,LOC,Q3974618,,"```json { ""wikipedia_page"": ""rue de la Giudecca"", ""wikidata_id"": ""Q3974618"" } ```",16.098451614379883
GDL-1848-10-03-a-i0001,3324,3338,faubourg Zaera,NIL,LOC,Q109037694,Faubourg Nézin,"```json {""wikipedia_page"":""Faubourg Nézin"", ""wikidata_id"":""Q109037694""} ```",12.978099822998047
GDL-1848-10-03-a-i0001,3346,3368,deux villages de Gazzi,Q2183964,LOC,Q60848649,,"Based on the provided text and the list of candidates, the entities mentioned between the [ENT] tags are ""Gazzi"" and ""Conlessa"". The most appropriate Wikidata entities from the list of candidates are: - ""Gazzi"" corresponds to ""Gazzi"" with Wikidata ID Q60848649. - ""Conlessa"" corresponds to ""Zillis"" with Wikidata ID Q27943319. Here is the JSON object with the selected entities: ```json { ""wikipedia_page"": ""Gazzi"", ""wikidata_id"": ""Q60848649"" } ```",11.109889030456543
GDL-1848-10-03-a-i0001,3375,3383,Conlessa,Q490808,LOC,Q55031,Conza della Campania,"```json { ""wikipedia_page"": ""Conza della Campania"", ""wikidata_id"": ""Q55031"" } ```",16.822689056396484
GDL-1848-10-03-a-i0001,3417,3424,Calania,Q1903,LOC,Q495936,Caronia,"{ ""wikipedia_page"": ""Caronia"", ""wikidata_id"": ""Q495936"" }",17.007963180541992
GDL-1848-10-03-a-i0001,3490,3506,ville de Messine,Q13666,LOC,Q13666,Messine,"```json { ""wikipedia_page"": ""Messine"", ""wikidata_id"": ""Q13666"" } ```",18.33403778076172
GDL-1848-10-03-a-i0001,3658,3671,M. Gonzenbacb,NIL,PER,NIL,M. Gonzenbacb,"No match with high confidence found for the entities tagged with [ENT]. Both are classified as ""NIL"". ```json {""wikipedia_page"":"""",""wikidata_id"":""NIL""} ```",0
GDL-1848-10-03-a-i0001,3759,3785,"M. Jacques Zwiki, brasseur",NIL,PER,Q836904,brasseur,"```json { ""wikipedia_page"": ""brasseur"", ""wikidata_id"": ""Q836904"" } ```",10.64369010925293
GDL-1848-10-03-a-i0001,3918,3930,MM. Colondre,NIL,PER,Q881900,Blaise Colomban de Bender,"```json {""wikipedia_page"":""Colomban de Bender"", ""wikidata_id"":""Q881900""} ```",7.990902423858643
GDL-1848-10-03-a-i0001,3990,4009,M. Valenlin Schaber,NIL,PER,NIL,M. Valenlin Schaber,"Based on the input text and the list of candidates, the entity within the [ENT] tags ""Monsieur Valenlin Schaber"" does not match any of the provided Wikidata candidates with high confidence. Therefore, the Wikidata ID is classified as ""NIL"". The JSON formatted answer is: ```json {""wikipedia_page"":"""", ""wikidata_id"":""NIL""} ```",0
GDL-1848-10-03-a-i0001,4125,4144,MM. A. Diernwachter,NIL,PER,NIL,MM. A. Diernwachter,"```json { ""wikipedia_page"": ""NIL"", ""wikidata_id"": ""NIL"" } ```",0
GDL-1848-10-03-a-i0001,4148,4190,"Henri lirunner, possesseurs d'une fabrique",NIL,PER,Q1605910,Henri Lioret,"Based on the input text and the provided list of candidates, the entity tagged between [ENT] is ""Henri Lioret"". The most appropriate Wikidata entity from the list of candidates is: ```json {""wikipedia_page"":""Henri Lioret"", ""wikidata_id"":""Q1605910""} ```",13.442108154296875
GDL-1848-10-03-a-i0001,4253,4270,M. Jacques Signer,NIL,PER,Q78071359,Jakob Signer,"```json { ""wikipedia_page"": ""Jakob Signer"", ""wikidata_id"": ""Q78071359"" } ```",17.35331916809082
GDL-1848-10-03-a-i0001,4311,4327,M. Jacques Ruegg,NIL,PER,NIL,M. Jacques Ruegg,"```json { ""wikipedia_page"": ""NIL"", ""wikidata_id"": ""NIL"" } ```",0
GDL-1848-10-03-a-i0001,4550,4555,Berne,Q11911,LOC,Q70,Berne,,0
GDL-1848-10-03-a-i0001,4638,4643,Berne,Q11911,LOC,Q70,Berne,"Based on the input text and the provided list of candidates, the entity mentioned between the [ENT] tags is ""Berne"". The most appropriate Wikidata entity from the list is: ```json {""wikipedia_page"": ""Berne"", ""wikidata_id"": ""Q70""} ```",21.37264633178711
GDL-1848-10-03-a-i0001,4759,4765,Suisse,Q39,LOC,Q39,Suisse,"```json {""wikipedia_page"": ""Suisse"", ""wikidata_id"": ""Q39""} ```",16.75357437133789
GDL-1848-10-03-a-i0001,4829,4848,grand duché de Bade,Q186320,LOC,Q186320,grand-duché de Bade,"{""wikipedia_page"": ""grand-duché de Bade"", ""wikidata_id"": ""Q186320""}",19.105384826660156
GDL-1848-10-03-a-i0001,4925,4931,Suisse,Q39,LOC,Q39,Suisse,"Based on the provided text and the list of candidates, the entity mentioned between the [ENT] tags is ""Suisse"". The most appropriate Wikidata entity from the list of candidates is: ```json {""wikipedia_page"": ""Suisse"", ""wikidata_id"": ""Q39""} ```",19.161113739013672
GDL-1848-10-03-a-i0001,5189,5250,"organe de l'envoyé du pouvoir central germanique, M. lïaveaux",Q1448649,PER,Q3420649,Raymond Balthazar Phélypeaux,"{ ""wikipedia_page"": ""Raymond Balthazar Phélypeaux"", ""wikidata_id"": ""Q3420649"" }",8.207852363586426
GDL-1848-10-03-a-i0001,5517,5523,Suisse,Q39,LOC,Q39,Suisse,"```json {""wikipedia_page"": ""Suisse"", ""wikidata_id"": ""Q39""} ```",17.24568748474121
GDL-1848-10-03-a-i0001,5542,5551,Francfort,Q1794,LOC,Q1794,Francfort-sur-le-Main,,0
GDL-1848-10-03-a-i0001,5562,5569,Cologne,Q365,LOC,Q365,Cologne,,0
GDL-1848-10-03-a-i0001,5656,5661,Berne,Q70,LOC,Q70,Berne,,0
GDL-1848-10-03-a-i0001,5812,5820,Radelzki,Q153500,PER,Q153500,Joseph Radetzky,"```json { ""wikipedia_page"": ""Joseph Radetzky"", ""wikidata_id"": ""Q153500"" } ```",20.9611759185791
GDL-1848-10-03-a-i0001,5973,5982,Lombardie,Q1210,LOC,Q1210,Lombardie,"```json { ""wikipedia_page"": ""Lombardie"", ""wikidata_id"": ""Q1210"" } ```",18.94585609436035
GDL-1848-10-03-a-i0001,6161,6167,Tessin,Q31008,LOC,Q12724,canton du Tessin,"To disambiguate the entity mentioned between the [ENT] tags in the provided text, I will analyze the candidates and select the most appropriate Wikidata entity from the list. The text contains the phrase ""gouvernement du [ENT] Tessin [ENT]."" Given the context, the most likely candidate is the ""canton du Tessin."" This candidate is described as ""canton de la Suisse,"" which aligns with the mention of the ""gouvernement du Tessin"" in the text. Therefore, the most appropriate Wikidata entity is: - Wikipedia page: ""canton du Tessin"" - Wikidata ID: ""Q12724"" The JSON response will be: ```json {""wikipedia_page"":""canton du Tessin"", ""wikidata_id"":""Q12724""} ```",17.91047477722168
GDL-1848-10-03-a-i0001,6370,6376,Vienne,Q1741,LOC,Q1741,Vienne,"{""wikipedia_page"":""Vienne"", ""wikidata_id"":""Q1741""}",21.194944381713867
GDL-1848-10-03-a-i0001,6411,6421,Directoire,Q219817,ORG,Q219817,Directoire,"```json {""wikipedia_page"": ""Directoire"", ""wikidata_id"": ""Q219817""} ```",8.472525596618652
GDL-1848-10-03-a-i0001,7258,7264,Konitz,Q64058,LOC,Q1796540,Könitz,"```json {""wikipedia_page"": ""Konitz"", ""wikidata_id"": ""Q1796540""} ```",12.39918041229248
GDL-1848-10-03-a-i0001,7311,7321,Ochsenbein,Q558011,PER,Q558011,Ulrich Ochsenbein,"```json { ""wikipedia_page"": ""Ulrich Ochsenbein"", ""wikidata_id"": ""Q558011"" } ```",20.113889694213867
GDL-1848-10-03-a-i0001,7323,7328,Funek,NIL,PER,Q16439243,Alphonse Funck,"```json { ""wikipedia_page"": ""Alphonse Funck"", ""wikidata_id"": ""Q16439243"" } ```",14.700521469116211
GDL-1848-10-03-a-i0001,7330,7340,Imobersteg,NIL,PER,Q18626136,Jakob Imobersteg,"```json { ""wikipedia_page"": ""Jakob Imobersteg"", ""wikidata_id"": ""Q18626136"" } ```",17.995040893554688
GDL-1848-10-03-a-i0001,7342,7353,D Schneider,NIL,PER,Q368966,Eugène Schneider,"```json { ""wikipedia_page"": ""Eugène Schneider"", ""wikidata_id"": ""Q368966"" } ```",9.385112762451172
GDL-1848-10-03-a-i0001,7355,7367,D Wyttenbach,NIL,PER,Q116034,Daniel Albert Wyttenbach,"```json { ""wikipedia_page"": ""Daniel Albert Wyttenbach"", ""wikidata_id"": ""Q116034"" } ```",14.409795761108398
GDL-1848-10-03-a-i0001,7574,7595,ancien avoyer Neuhaus,Q1732469,PER,Q3052526,Emmanuel-Michel-Bertrand-Gaspard Neuhaus,"``` {""wikipedia_page"":""Emmanuel-Michel-Bertrand-Gaspard Neuhaus"", ""wikidata_id"":""Q3052526""} ```",10.287511825561523
GDL-1848-10-03-a-i0001,7973,7977,Jura,Q12755,LOC,Q12755,canton du Jura,"Based on the provided input text and the list of candidates, the entity mentioned between the [ENT] tags is ""Jura"". The most appropriate Wikidata entity for this entity is ""canton du Jura"" (Q12755). Here is the JSON-formatted answer: ```json { ""wikipedia_page"": ""canton du Jura"", ""wikidata_id"": ""Q12755"" } ```",19.333473205566406
GDL-1848-10-03-a-i0001,8217,8303,"M. Migy, juge d'appel, ancien commissaire fédéral dans le canton d'Uri et de Neuchàtel",Q2061299,PER,Q2061299,Paul Migy,"```json { ""wikipedia_page"": ""Paul Migy"", ""wikidata_id"": ""Q2061299"" } ```",14.74843692779541
GDL-1858-07-12-a-i0002,22,28,FRANGE,Q142,LOC,NIL,FRANGE,"{""wikipedia_page"":""NIL"", ""wikidata_id"":""NIL""}",0
GDL-1858-07-12-a-i0002,65,72,Gazette,Q3099751,PROD,Q2306879,La Gazette,"Based on the provided text and list of candidates, the entity mentioned between the [ENT] tags is ""Gazette"". The most appropriate Wikidata entity from the list of candidates is ""La Gazette"". ```json {""wikipedia_page"":""La Gazette"", ""wikidata_id"":""Q2306879""} ```",17.941640853881836
GDL-1858-07-12-a-i0002,75,80,Paris,Q90,LOC,Q90,Paris,"```json { ""wikipedia_page"": ""Paris"", ""wikidata_id"": ""Q90"" } ```",21.025955200195312
GDL-1858-07-12-a-i0002,230,240,Angleterre,Q21,LOC,Q9439,Victoria,"Based on the input text and the provided list of candidates, the entity mentioned between the [ENT] tags is ""la reine d'Angleterre"". The most appropriate Wikidata entity from the list of candidates is ""Victoria"" (Wikidata ID: Q9439). Here's the JSON-formatted answer: ```json {""wikipedia_page"":""Victoria"", ""wikidata_id"":""Q9439""} ```",13.519904136657715
GDL-1858-07-12-a-i0002,254,264,Cher bourg,Q3667188,LOC,Q160199,Cherbourg-Octeville,,0
GDL-1858-07-12-a-i0002,270,278,Moniteur,Q1410997,PROD,Q1410997,Le Moniteur universel,"{ ""wikipedia_page"": ""Le Moniteur universel"", ""wikidata_id"": ""Q1410997"" }",14.911361694335938
GDL-1858-07-12-a-i0002,356,370,reine Victoria,Q9439,PER,Q9439,Victoria,,0
GDL-1858-07-12-a-i0002,381,390,Cherbourg,Q3667188,LOC,Q160199,Cherbourg-Octeville,,0
GDL-1858-07-12-a-i0002,428,442,M. de Persigny,Q3174556,PER,Q3174556,Victor de Persigny,"Based on the provided input text and list of candidates, the entity mentioned between the [ENT] tags, ""M. de Persigny"", can be confidently disambiguated to the Wikidata entity with the corresponding Wikipedia page title ""Victor de Persigny"". Here is the JSON-formatted answer: ```json {""wikipedia_page"":""Victor de Persigny"", ""wikidata_id"":""Q3174556""} ```",18.147907257080078
GDL-1858-07-12-a-i0002,552,557,Paris,Q90,LOC,Q90,Paris,"Based on the provided text, the entity mentioned between the [ENT] tags is ""Paris"". The most appropriate Wikidata entity from the list of candidates is also ""Paris"" with the Wikidata ID ""Q90"". ```json {""wikipedia_page"":""Paris"", ""wikidata_id"":""Q90""} ```",20.198640823364258
GDL-1858-07-12-a-i0002,605,615,Angleterre,Q21,LOC,NIL,Angleterre," {""wikipedia_page"":"""", ""wikidata_id"":""NIL""}",0
GDL-1858-07-12-a-i0002,654,662,Moniteur,Q1410997,PROD,Q590961,Le Moniteur,"Based on the provided text, the entity marked by [ENT] tags is ""Le Moniteur"". After analyzing the JSON list of candidates, the most appropriate Wikidata entity that matches ""Le Moniteur"" is: - Wikipedia page: Le Moniteur - Wikidata ID: Q590961 Therefore, the JSON-formatted answer is: ```json {""wikipedia_page"":""Le Moniteur"", ""wikidata_id"":""Q590961""} ```",14.249887466430664
GDL-1858-07-12-a-i0002,722,728,France,Q142,LOC,Q142,France,"{""wikipedia_page"":""France"", ""wikidata_id"":""Q142""}",20.26917266845703
GDL-1858-07-12-a-i0002,1435,1449,reine Victoria,Q9439,PER,Q9439,Victoria,,0
GDL-1858-07-12-a-i0002,1470,1485,Lord Malmesbury,Q321003,PER,Q333555,James Harris,"```json {""wikipedia_page"": ""James Harris"", ""wikidata_id"": ""Q333555""} ```",21.94879150390625
GDL-1858-07-12-a-i0002,1487,1497,lord Derby,Q237829,PER,Q332789,Edward Stanley,"```json { ""wikipedia_page"": ""Edward Smith-Stanley"", ""wikidata_id"": ""Q332789"" } ```",16.74677848815918
GDL-1858-07-12-a-i0002,1501,1512,M. Disraeli,Q82006,PER,Q82006,Benjamin Disraeli,"```json { ""wikipedia_page"": ""Benjamin Disraeli"", ""wikidata_id"": ""Q82006"" } ```",19.69552993774414
GDL-1858-07-12-a-i0002,1536,1544,Malakoff,Q128764,LOC,Q253721,Malakoff,"Given the input text and the list of candidates, the entity mentioned between [ENT] tags is ""Malakoff"". From the given list of candidates, the most appropriate match is: - **Wikipedia Page:** Malakoff - **Wikidata ID:** Q253721 Thus, the JSON-formatted answer is: ```json { ""wikipedia_page"": ""Malakoff"", ""wikidata_id"": ""Q253721"" } ```",14.312569618225098
GDL-1858-07-12-a-i0002,1632,1654,M le comte de Walewski,Q435375,PER,Q2848798,André Walewski,"```json {""wikipedia_page"": ""André Walewski"", ""wikidata_id"": ""Q2848798""} ```",11.489725112915039
GDL-1858-07-12-a-i0002,1730,1748,château d'Eliolles,Q81711098,LOC,Q1103953,Étiolles,"Based on the provided text and candidates, the entity mentioned between the [ENT] tags is ""château d'Eliolles."" The most appropriate Wikidata entity from the list of candidates is ""Étiolles."" ```json {""wikipedia_page"": ""Étiolles"", ""wikidata_id"": ""Q1103953""} ```",14.857666969299316
GDL-1858-07-12-a-i0002,2038,2042,Nord,NIL,PROD,Q12661,Nord,"Based on the provided input text and the list of Wikidata candidates, the entity mentioned between the [ENT] tags is ""Nord"". The most appropriate Wikidata entity from the list that matches this entity is: ```json {""wikipedia_page"": ""Nord"", ""wikidata_id"": ""Q12661""} ```",12.825766563415527
GDL-1858-07-12-a-i0002,2117,2135,Indépendance belge,Q25381777,PROD,Q25381777,L'Indépendance belge,"Based on the provided text, the entity mentioned between the [ENT] tags is ""Indépendance belge"". This corresponds to the Wikidata entity with the Wikipedia page title ""L'Indépendance belge"" and Wikidata ID ""Q25381777"". ```json {""wikipedia_page"":""L'Indépendance belge"", ""wikidata_id"":""Q25381777""} ```",16.4307918548584
GDL-1858-07-12-a-i0002,2740,2748,Moldavie,Q18366588,LOC,Q10957559,principauté de Moldavie,"```json { ""wikipedia_page"": ""principauté de Moldavie"", ""wikidata_id"": ""Q10957559"" } ```",20.833290100097656
GDL-1858-07-12-a-i0002,2755,2763,Valachie,Q171393,LOC,Q389004,principauté de Valachie,,0
GDL-1858-07-12-a-i0002,3041,3056,prince Napoléon,Q7721,PER,Q517,Napoléon Ier,"{ ""wikipedia_page"": ""Napoléon Ier"", ""wikidata_id"": ""Q517"" }",20.19525909423828
GDL-1858-07-12-a-i0002,3116,3123,Limoges,Q45656,LOC,Q45656,Limoges,,0
GDL-1858-07-12-a-i0002,3162,3170,Bordeaux,Q1479,LOC,Q1479,Bordeaux,,0
GDL-1858-07-12-a-i0002,3313,3335,Morning des Adoerliser,Q6912784,PROD,NIL,Morning des Adoerliser,"```json { ""wikipedia_page"": ""NIL"", ""wikidata_id"": ""NIL"" } ``` Explanation: The entities ""Morning des Adoerliser"" and ""Adoerliser"" are not present in the list of candidates and do not match any known Wikidata entities with high confidence. Therefore, the values for ""wikipedia_page"" and ""wikidata_id"" are set to ""NIL"".",0
GDL-1858-07-12-a-i0002,3439,3448,Galignani,Q6219202,PER,Q104821408,Galignani's Messenger,"```json { ""wikipedia_page"": ""Galignani's Messenger"", ""wikidata_id"": ""Q104821408"" } ```",18.135000228881836
GDL-1858-07-12-a-i0002,3812,3843,église en ruines de Sainte-Anne,Q1551966,LOC,Q1551966,église Sainte-Anne de Jérusalem,,0
GDL-1858-07-12-a-i0002,3847,3856,Jérusalem,Q1218,LOC,Q1218,Jérusalem,"```json {""wikipedia_page"": ""Jérusalem"", ""wikidata_id"": ""Q1218""} ```",21.767784118652344
GDL-1858-07-12-a-i0002,3988,3993,Paris,Q90,LOC,Q90,Paris,,0
GDL-1858-07-12-a-i0002,4127,4169,"M. de Montigny, consul français à Shanghaï",Q2960657,PER,Q2960657,Charles de Montigny,"Based on the provided input text and the JSON list of candidates, the most appropriate Wikidata entity for the entity tagged with [ENT] M. de Montigny, consul français à Shanghaï is: ```json {""wikipedia_page"":""Charles de Montigny"", ""wikidata_id"":""Q2960657""} ```",20.021320343017578
GDL-1858-07-12-a-i0002,4226,4232,Simoda,Q653402,LOC,Q653402,Shimoda,"Based on the provided input text and the list of candidates, the entity [ENT] Simoda [ENT] can be disambiguated to the following entity: ```json {""wikipedia_page"":""Shimoda"", ""wikidata_id"":""Q653402""} ```",18.500198364257812
GDL-1858-07-12-a-i0002,4242,4247,Japon,Q17,LOC,Q188712,empire du Japon,"```json {""wikipedia_page"":""empire du Japon"", ""wikidata_id"":""Q188712""} ```",13.679062843322754
GDL-1858-07-12-a-i0002,4252,4267,Théâtre-lyrique,Q2601319,ORG,Q2601319,Théâtre-Lyrique,"```json {""wikipedia_page"": ""Théâtre-Lyrique"", ""wikidata_id"": ""Q2601319""} ```",20.13188362121582
GDL-1858-07-12-a-i0002,4282,4299,M. Van-den-Heusel,NIL,PER,Q3092655,Félix de Vandenesse,"```json {""wikipedia_page"": ""Félix de Vandenesse"", ""wikidata_id"": ""Q3092655""} ```",16.09449577331543
GDL-1858-07-12-a-i0002,4318,4343,Duprez Mme Von-den-Heusel,Q30505075,PER,Q583649,Gilbert Duprez,"Based on the provided input text and the list of candidates, the entity mentioned between the [ENT] tags is likely ""Gilbert Duprez"". Therefore, the JSON response is: ```json {""wikipedia_page"":""Gilbert Duprez"", ""wikidata_id"":""Q583649""} ```",16.747955322265625
GDL-1858-07-12-a-i0002,4373,4393,Mme Miolhan-Carvalbo,Q1630239,PER,Q1630239,Caroline Miolan-Carvalho,"Here is the JSON response: ```json {""wikipedia_page"":""Caroline Miolan-Carvalho"", ""wikidata_id"":""Q1630239""} ```",20.718833923339844
GDL-1858-07-12-a-i0002,4463,4471,Moniteur,Q1410997,PROD,Q590961,Le Moniteur,"```json { ""wikipedia_page"": ""Le Moniteur"", ""wikidata_id"": ""Q590961"" } ```",13.935473442077637
GDL-1858-07-12-a-i0002,4830,4841,M. Delangle,Q329134,PER,Q329134,Claude Alphonse Delangle,"```json { ""wikipedia_page"": ""Claude Alphonse Delangle"", ""wikidata_id"": ""Q329134"" } ```",19.535226821899414
GDL-1868-10-24-a-i0010,55,62,GAZETTE,Q3099751,PROD,Q2306879,La Gazette,"Based on the provided input text and the list of candidates, the entity `GAZETTE` mentioned between the [ENT] tags most likely refers to ""La Gazette"". Given the context and the available candidates, there's a high level of confidence that ""La Gazette"" is the correct disambiguation. Here is the JSON-formatted response: ```json {""wikipedia_page"":""La Gazette"", ""wikidata_id"":""Q2306879""} ```",15.51890754699707
GDL-1868-10-24-a-i0010,65,70,Paris,Q90,LOC,Q90,Paris,"Based on the provided input text and the list of candidates, the entity mentioned in the text as ""Paris"" is likely referring to the capital city of France. The most appropriate Wikidata entity from the list of candidates is ""Paris"" with Wikidata ID Q90. ```json {""wikipedia_page"":""Paris"", ""wikidata_id"":""Q90""} ```",21.598464965820312
GDL-1868-10-24-a-i0010,135,148,maréchal Niel,Q115701,PER,Q115701,Adolphe Niel,,0
GDL-1868-10-24-a-i0010,221,229,Biarritz,Q132790,LOC,Q132790,Biarritz,,0
GDL-1868-10-24-a-i0010,476,489,maréchal Niel,Q115701,PER,Q115701,Adolphe Niel,,0
GDL-1868-10-24-a-i0010,1236,1249,maréchal Niel,Q115701,PER,Q115701,Adolphe Niel,"{""wikipedia_page"": ""Adolphe Niel"", ""wikidata_id"": ""Q115701""}",17.153196334838867
GDL-1868-10-24-a-i0010,2121,2136,Constitutionnel,Q3221742,PROD,Q3221742,Le Constitutionnel,"{""wikipedia_page"": ""Le Constitutionnel"", ""wikidata_id"": ""Q3221742""}",12.922334671020508
GDL-1868-10-24-a-i0010,2366,2381,Conslitutionnel,Q3221742,PROD,Q3221742,Le Constitutionnel,"```json { ""wikipedia_page"": ""Le Constitutionnel"", ""wikidata_id"": ""Q3221742"" } ```",14.137287139892578
GDL-1868-10-24-a-i0010,2449,2457,Biarritz,Q132790,LOC,Q132790,Biarritz,,0
GDL-1868-10-24-a-i0010,2621,2626,Paris,Q90,LOC,Q90,Paris,,0
GDL-1868-10-24-a-i0010,2735,2740,Paris,Q90,LOC,Q90,Paris,,0
GDL-1868-10-24-a-i0010,2808,2828,cimetière Montmartre,Q746647,LOC,Q746647,cimetière de Montmartre,,0
GDL-1868-10-24-a-i0010,2854,2871,général Cavaignac,Q379702,PER,Q379702,Eugène Cavaignac,,0
GDL-1868-10-24-a-i0010,3183,3191,Lanterne,Q3209961,PROD,Q3209961,La Lanterne,"```json { ""wikipedia_page"": ""La Lanterne"", ""wikidata_id"": ""Q3209961"" } ```",14.793608665466309
GDL-1868-10-24-a-i0010,3196,3214,M. Henri Rochefort,Q642060,PER,Q642060,Henri Rochefort,,0
GDL-1868-10-24-a-i0010,3364,3375,M. Walewski,Q435375,PER,Q435375,Alexandre Colonna Walewski,"Based on the provided text and the list of candidates, the entity mentioned between the [ENT] tags is ""Walewski"". Among the candidates, the one that matches best is ""Alexandre Colonna Walewski"" with the wikidata_id ""Q435375"". Here is the JSON response: ```json {""wikipedia_page"":""Alexandre Colonna Walewski"", ""wikidata_id"":""Q435375""} ```",14.967931747436523
GDL-1868-10-24-a-i0010,3819,3828,M. Sarcey,Q1384953,PER,Q1384953,Francisque Sarcey,"{""wikipedia_page"":""Francisque Sarcey"", ""wikidata_id"":""Q1384953""}",20.932632446289062
GDL-1868-10-24-a-i0010,3919,3935,Journal de Paris,Q3186842,PROD,Q3186842,Journal de Paris,,0
GDL-1868-10-24-a-i0010,4055,4060,Paris,Q90,LOC,Q90,Paris,"```json { ""wikipedia_page"": ""Paris"", ""wikidata_id"": ""Q90"" } ```",19.109058380126953
GDL-1868-10-24-a-i0010,4572,4577,Paris,Q90,LOC,Q90,Paris,"Based on the provided text and list of candidates, the entity mentioned between the [ENT] tags appears to be ""Paris"". After analyzing the context and the list of candidates, it's highly confident that the entity refers to the city of Paris, the capital of France. ```json {""wikipedia_page"":""Paris"", ""wikidata_id"":""Q90""} ```",16.756879806518555
GDL-1868-10-24-a-i0010,4590,4594,Nord,NIL,PROD,Q12661,Nord,"```json {""wikipedia_page"": ""Nord"", ""wikidata_id"": ""Q12661""} ```",10.546278953552246
GDL-1868-10-24-a-i0010,5761,5769,Moniteur,Q1410997,PROD,Q1410997,Le Moniteur universel,"In the context of the provided text, the entity tagged with [ENT] is ""Moniteur"". Among the candidates, the most appropriate match is ""Le Moniteur universel"" with Wikidata ID Q1410997. Here is the JSON response: ```json {""wikipedia_page"": ""Le Moniteur universel"", ""wikidata_id"": ""Q1410997""} ```",14.320877075195312
GDL-1868-10-24-a-i0010,5825,5847,Bulletin international,NIL,PROD,Q27791873,,,0
GDL-1868-10-24-a-i0010,5911,5918,Bavière,Q154195,LOC,Q154195,royaume de Bavière,"{ ""wikipedia_page"": ""royaume de Bavière"", ""wikidata_id"": ""Q154195"" }",18.154722213745117
GDL-1868-10-24-a-i0010,5984,5990,Landau,Q7052,LOC,Q7052,Landau in der Pfalz,"```json { ""wikipedia_page"": ""Landau in der Pfalz"", ""wikidata_id"": ""Q7052"" } ```",19.702625274658203
GDL-1868-10-24-a-i0010,5996,6002,France,Q142,LOC,Q142,France,"```json {""wikipedia_page"":""France"", ""wikidata_id"":""Q142""} ```",15.403481483459473
GDL-1868-10-24-a-i0010,6125,6131,Prusse,Q918723,LOC,Q38872,Prusse,"{""wikipedia_page"": ""Prusse"", ""wikidata_id"": ""Q38872""}",18.88289451599121
GDL-1868-10-24-a-i0010,6280,6287,Mayence,Q1720,LOC,Q1720,Mayence,,0
GDL-1868-10-24-a-i0010,6356,6372,Journal de Paris,Q3186842,PROD,Q3186842,Journal de Paris,,0
GDL-1868-10-24-a-i0010,6405,6420,M. Yillemessant,Q3136165,PER,Q3136165,Hippolyte de Villemessant,,0
GDL-1868-10-24-a-i0010,6447,6453,Figaro,Q216047,PROD,Q216047,Le Figaro,,0
GDL-1868-10-24-a-i0010,6507,6522,Diable à Quatre,NIL,PROD,Q3222292,Le Diable à quatre,"```json { ""wikipedia_page"": ""Le Diable à quatre"", ""wikidata_id"": ""Q3222292"" } ```",14.667789459228516
GDL-1868-10-24-a-i0010,6601,6617,M. Jules Richard,Q4182026,PER,Q3106477,Gilles Richard,,0
GDL-1868-10-24-a-i0010,6641,6655,Sainte-Pélagie,Q1641986,LOC,Q1641986,prison Sainte-Pélagie,,0
GDL-1868-10-24-a-i0010,6867,6883,M. Jules Richard,Q4182026,PER,Q726779,Jules Richard,"```json { ""wikipedia_page"": ""Jules Richard"", ""wikidata_id"": ""Q726779"" } ```",21.090164184570312
GDL-1868-10-24-a-i0010,6909,6925,M. Jules Richard,Q4182026,PER,Q726779,Jules Richard,"Based on the provided text and candidates, the entity mentioned between the [ENT] tags is highly likely to refer to ""Jules Richard"" (Q726779). This entity is specifically mentioned in the text as being currently detained at Sainte-Pélagie for a press offense, which matches the description of the candidate. ```json {""wikipedia_page"":""Jules Richard"", ""wikidata_id"":""Q726779""} ```",21.920034408569336
GDL-1868-10-24-a-i0010,7068,7083,Diable à Quatre,NIL,PROD,Q3222292,Le Diable à quatre,,0
GDL-1868-10-24-a-i0010,7085,7103,M. Edouard Lockroy,Q733836,PER,Q733836,Édouard Lockroy,,0
GDL-1868-10-24-a-i0010,7327,7342,Diable à Quatre,NIL,PROD,Q3222292,Le Diable à quatre,"```json {""wikipedia_page"": ""Le Diable à quatre"", ""wikidata_id"": ""Q3222292""} ```",21.785818099975586
GDL-1868-10-24-a-i0010,7529,7545,Diable à Qua tre,NIL,PROD,Q3222294,Le Diable à quatre,"```json {""wikipedia_page"":""Le Diable à quatre"", ""wikidata_id"":""Q3222294""} ```",15.4745454788208
GDL-1868-10-24-a-i0010,7623,7629,France,Q142,LOC,Q142,France,,0
GDL-1868-10-24-a-i0010,7689,7697,Lanterne,Q3209961,PROD,Q3209961,La Lanterne,"Based on the analysis of the input text, the most appropriate Wikidata entity for the entities tagged with [ENT] is: ```json { ""wikipedia_page"": ""La Lanterne"", ""wikidata_id"": ""Q3209961"" } ```",15.919920921325684
GDL-1868-10-24-a-i0010,7701,7707,Italie,Q172579,LOC,Q38,Italie,"```json {""wikipedia_page"":""Italie"", ""wikidata_id"":""Q38""} ```",21.067291259765625
GDL-1868-10-24-a-i0010,7714,7739,Gazetta militare italiana,NIL,PROD,Q371338,Gazzetta Ufficiale della Repubblica Italiana,,0
GDL-1868-10-24-a-i0010,8248,8256,Florence,Q2044,LOC,Q2044,Florence,,0
GDL-1868-10-24-a-i0010,8298,8306,Cagliari,Q1897,LOC,Q1897,Cagliari,"```json {""wikipedia_page"": ""Cagliari"", ""wikidata_id"": ""Q1897""} ```",19.704984664916992
GDL-1868-10-24-a-i0010,8308,8314,Prusse,Q918723,LOC,Q27306,royaume de Prusse,"```json {""wikipedia_page"":""royaume de Prusse"", ""wikidata_id"":""Q27306""} ```",19.204702377319336
GDL-1868-10-24-a-i0010,8330,8336,Berlin,Q64,LOC,Q64,Berlin,"```json {""wikipedia_page"":""Berlin"", ""wikidata_id"":""Q64""} ```",19.92082977294922
GDL-1868-10-24-a-i0010,8340,8344,Nord,NIL,PROD,Q150981,Confédération de l'Allemagne du Nord,"```json { ""wikipedia_page"": ""Confédération de l'Allemagne du Nord"", ""wikidata_id"": ""Q150981"" } ```",11.442744255065918
GDL-1868-10-24-a-i0010,8516,8522,Prusse,Q918723,LOC,Q38872,Prusse,"```json { ""wikipedia_page"": ""Prusse"", ""wikidata_id"": ""Q38872"" } ```",21.184675216674805
GDL-1868-10-24-a-i0010,8597,8618,district de Gumbinnen,Q897050,LOC,Q553008,district de Gumbinnen,"```json { ""wikipedia_page"": ""district de Gumbinnen"", ""wikidata_id"": ""Q553008"" } ```",14.364605903625488
GDL-1868-10-24-a-i0010,8866,8872,Prusse,Q918723,LOC,Q27306,royaume de Prusse,"{ ""wikipedia_page"": ""Royaume de Prusse"", ""wikidata_id"": ""Q27306"" }",17.795276641845703
GDL-1868-10-24-a-i0010,8910,8921,Nouvelliste,Q3345294,PROD,Q3225065,Le Nouvelliste de Lyon,"```json { ""wikipedia_page"": ""Le Nouvelliste de Lyon"", ""wikidata_id"": ""Q3225065"" } ```",10.401449203491211
GDL-1868-10-24-a-i0010,9010,9016,Berlin,Q64,LOC,Q64,Berlin,"```json { ""wikipedia_page"": ""Berlin"", ""wikidata_id"": ""Q64"" } ```",18.731569290161133
GDL-1868-10-24-a-i0010,9040,9046,Suisse,Q39,LOC,Q39,Suisse,"```json { ""wikipedia_page"": ""Suisse"", ""wikidata_id"": ""Q39"" } ```",16.273794174194336
GDL-1868-10-24-a-i0010,9085,9093,Autriche,Q28513,LOC,Q40,Autriche,"Based on the input text and the list of candidates, the entity mentioned between the [ENT] tags is ""Autriche"". Given the context, it is highly likely that this refers to the modern-day country of Austria, which is represented in the list of candidates. ```json {""wikipedia_page"":""Autriche"", ""wikidata_id"":""Q40""} ```",16.540435791015625
GDL-1868-10-24-a-i0010,9133,9139,Prague,Q1085,LOC,Q1085,Prague,,0
GDL-1868-10-24-a-i0010,9234,9240,Bohême,Q39193,LOC,Q39193,Bohême,,0
GDL-1868-10-24-a-i0010,9305,9311,Prague,Q1085,LOC,Q1085,Prague,"```json { ""wikipedia_page"": ""Prague"", ""wikidata_id"": ""Q1085"" } ```",21.964956283569336
GDL-1868-10-24-a-i0010,9562,9570,Autriche,Q28513,LOC,Q40,Autriche,"Based on the input text and the provided list of candidates, the entity mentioned between the [ENT] tags is most likely ""Autriche"". Therefore, the corresponding Wikipedia page title and Wikidata ID are as follows: ```json {""wikipedia_page"":""Autriche"", ""wikidata_id"":""Q40""} ```",20.380170822143555
GDL-1868-10-24-a-i0010,9611,9628,Gazette de Vienne,Q697173,PROD,Q697173,Wiener Zeitung,,0
GDL-1868-10-24-a-i0010,9729,9737,Gallicie,Q180086,LOC,Q180086,Galicie,"```json { ""wikipedia_page"": ""Galicie"", ""wikidata_id"": ""Q180086"" } ```",18.63067626953125
GDL-1868-10-24-a-i0010,9760,9775,comte de Taaffe,Q550748,PER,Q7026281,Nicholas Taaffe,"{""wikipedia_page"": ""Nicholas Taaffe"", ""wikidata_id"": ""Q7026281""}",13.475015640258789
GDL-1868-10-24-a-i0010,9790,9800,Reichsrath,Q697775,ORG,Q697775,Reichsrat,,0
GDL-1868-10-24-a-i0010,10205,10220,comte de Taaffe,Q550748,PER,Q7026281,Nicholas Taaffe," ```json {""wikipedia_page"": ""Nicholas Taaffe"", ""wikidata_id"": ""Q7026281""} ```",13.53629207611084
GDL-1868-10-24-a-i0010,10311,10317,Europe,Q46,LOC,Q46,Europe,"```json { ""wikipedia_page"": ""Europe"", ""wikidata_id"": ""Q46"" } ```",19.285343170166016
GDL-1868-10-24-a-i0010,10324,10352,Chambre des députés de Peslh,Q648716,ORG,Q320265,Chambre des députés,,0
GDL-1868-10-24-a-i0010,10462,10469,M. Deak,Q508823,PER,Q508823,Ferenc Deák,"Based on the provided text and list of candidates, the entity mentioned between the [ENT] tags is ""M. Deak"". The most appropriate Wikidata entity from the list of candidates for this entity is: ```json {""wikipedia_page"":""Ferenc Deák"", ""wikidata_id"":""Q508823""} ```",17.58869743347168
GDL-1868-10-24-a-i0010,10504,10512,M. Tisza,Q254737,PER,Q336493,István Tisza,"```json { ""wikipedia_page"": ""István Tisza"", ""wikidata_id"": ""Q336493"" } ```",18.26775360107422
GDL-1868-10-24-a-i0010,10579,10585,Presse,Q3211911,PROD,Q689934,Die Presse,,0
GDL-1868-10-24-a-i0010,10590,10596,Vienne,Q1741,LOC,Q1741,Vienne,,0
GDL-1868-10-24-a-i0010,10959,10965,Bohême,Q39193,LOC,Q39193,Bohême,"```json { ""wikipedia_page"": ""Bohême"", ""wikidata_id"": ""Q39193"" } ```",21.670167922973633
GDL-1868-10-24-a-i0010,11447,11454,Espagne,Q3399982,LOC,Q29,Espagne,"```json { ""wikipedia_page"": ""Espagne"", ""wikidata_id"": ""Q29"" } ```",21.144092559814453
GDL-1868-10-24-a-i0010,11508,11514,Havane,Q1563,LOC,Q1563,La Havane,,0
GDL-1868-10-24-a-i0010,11600,11611,île de Cuba,Q241,LOC,Q241,Cuba,"{""wikipedia_page"":""Cuba"", ""wikidata_id"":""Q241""}",18.217567443847656
GDL-1868-10-24-a-i0010,11674,11681,Espagne,Q3399982,LOC,Q29,Espagne,,0
GDL-1878-12-20-a-i0026,0,8,LAUSANNE,Q807,LOC,Q807,Lausanne,,0
GDL-1878-12-20-a-i0026,231,239,Lausanne,Q807,LOC,Q807,Lausanne,,0
GDL-1878-12-20-a-i0026,534,542,Lausanne,Q807,LOC,Q807,Lausanne,,0
GDL-1878-12-20-a-i0026,548,553,Berne,Q70,LOC,Q70,Berne,,0
GDL-1878-12-20-a-i0026,609,631,tunnel de la Cornallaz,NIL,LOC,Q107059388,tunnel de la Cornallaz,,0
GDL-1878-12-20-a-i0026,709,726,gare de Chexbi'es,NIL,LOC,Q5846029,gare de Chambésy,,0
GDL-1878-12-20-a-i0026,833,838,Berne,Q70,LOC,Q70,Berne,,0
GDL-1878-12-20-a-i0026,880,896,gare de Chexbres,NIL,LOC,Q15964085,Chexbres-Village,,0
GDL-1878-12-20-a-i0026,915,923,Lausanne,Q807,LOC,Q807,Lausanne,,0
GDL-1878-12-20-a-i0026,1004,1009,Berne,Q70,LOC,Q70,Berne,,0
GDL-1878-12-20-a-i0026,1076,1081,Broyé,Q2926348,LOC,Q870065,Broye,,0
GDL-1878-12-20-a-i0026,1103,1109,Moudon,Q70202,LOC,Q70202,Moudon,,0
GDL-1878-12-20-a-i0026,1142,1152,Chàtillens,Q678690,LOC,Q678690,Châtillens,,0
GDL-1878-12-20-a-i0026,1156,1165,Palézieux,Q689254,LOC,Q5552050,Palézieux,,0
GDL-1878-12-20-a-i0026,1318,1327,Palézieux,Q689254,LOC,Q5552050,Palézieux,,0
GDL-1878-12-20-a-i0026,1408,1413,Berne,Q70,LOC,Q70,Berne,,0
GDL-1878-12-20-a-i0026,1423,1431,Lausanne,Q807,LOC,Q807,Lausanne,,0
GDL-1878-12-20-a-i0026,1493,1508,vallée du Rhône,Q2747791,LOC,Q3554088,vallée du Rhône,"```json { ""wikipedia_page"": ""vallée du Rhône"", ""wikidata_id"": ""Q3554088"" } ```",20.74761199951172
GDL-1878-12-20-a-i0026,2035,2046,le Bouveret,Q675700,LOC,Q12174805,Le Bouveret,"{""wikipedia_page"":""Le Bouveret"", ""wikidata_id"":""Q12174805""}",18.040870666503906
GDL-1878-12-20-a-i0026,2050,2063,Saint-Maurice,Q69545,LOC,Q69545,Saint-Maurice,"```json { ""wikipedia_page"": ""Saint-Maurice"", ""wikidata_id"": ""Q69545"" } ```",20.684085845947266
GDL-1878-12-20-a-i0026,2145,2153,Evionnaz,Q70163,LOC,Q70163,Evionnaz,,0
GDL-1878-12-20-a-i0026,2185,2191,Valais,Q834,LOC,Q834,canton du Valais,"```json { ""wikipedia_page"": ""canton du Valais"", ""wikidata_id"": ""Q834"" } ```",15.372843742370605
GDL-1878-12-20-a-i0026,2230,2240,St-Triphon,Q2678646,LOC,Q2678646,Saint-Triphon,"{""wikipedia_page"":""Saint-Triphon"", ""wikidata_id"":""Q2678646""}",20.67112159729004
GDL-1878-12-20-a-i0026,2309,2315,Jougne,Q923421,LOC,Q923421,Jougne,"Based on the given text and the list of candidates, the entity mentioned between the [ENT] tags is likely the commune of Jougne. The most appropriate Wikidata entity from the list of candidates is: ```json {""wikipedia_page"": ""Jougne"", ""wikidata_id"": ""Q923421""} ```",16.469133377075195
GDL-1878-12-20-a-i0026,2401,2406,Paris,Q90,LOC,Q90,Paris,"```json {""wikipedia_page"": ""Paris"", ""wikidata_id"": ""Q90""} ```",13.93403434753418
GDL-1878-12-20-a-i0026,2617,2634,compagnie S .-O .,NIL,ORG,Q670692,Compagnie de la Suisse occidentale et du Simplon,"```json { ""wikipedia_page"": ""Compagnie de la Suisse occidentale et du Simplon"", ""wikidata_id"": ""Q670692"" } ```",10.49290943145752
GDL-1878-12-20-a-i0026,2682,2698,gare de Lausanne,Q669678,LOC,Q669678,Lausanne,,0
GDL-1888-12-07-a-i0003,10,16,PAÏU 8,Q90,LOC,Q8326017,Henri Pajon,"{""wikipedia_page"":""Henri Pajon"", ""wikidata_id"":""Q8326017""}",12.764396667480469
GDL-1888-12-07-a-i0003,55,60,Paris,Q90,LOC,Q90,Paris,"```json { ""wikipedia_page"": ""Paris"", ""wikidata_id"": ""Q90"" } ```",19.89336395263672
GDL-1888-12-07-a-i0003,92,102,M. Auffray,Q13080924,PER,Q3083856,François Auffray,,0
GDL-1888-12-07-a-i0003,160,169,M. Wilson,Q3014816,PER,Q3014816,Daniel Wilson,"```json { ""wikipedia_page"": ""Daniel Wilson"", ""wikidata_id"": ""Q3014816"" } ```",14.035353660583496
GDL-1888-12-07-a-i0003,176,192,boulevard Baudiu,NIL,LOC,NIL,boulevard Baudiu,"{ ""wikipedia_page"": ""boulevard Baudiu"", ""wikidata_id"": ""NIL"" }",0
GDL-1888-12-07-a-i0003,214,216,S.,NIL,PER,Q184371,Sedan,"```json { ""wikipedia_page"": ""Sedan"", ""wikidata_id"": ""Q184371"" } ```",4.190237045288086
GDL-1888-12-07-a-i0003,280,288,Ardennes,Q3164,LOC,Q3164,Ardennes,"```json { ""wikipedia_page"": ""Ardennes"", ""wikidata_id"": ""Q3164"" } ```",19.7186336517334
GDL-1888-12-07-a-i0003,475,492,général Boulanger,Q315747,PER,Q315747,Georges Boulanger,,0
GDL-1888-12-07-a-i0003,754,762,Ardennes,Q3164,LOC,Q3164,Ardennes,,0
GDL-1888-12-07-a-i0003,792,814,"M. Linard, républicain",NIL,PER,Q3045178,Désiré Linard," ```json {""wikipedia_page"":""Désiré Linard"", ""wikidata_id"":""Q3045178""} ```",16.910423278808594
GDL-1888-12-07-a-i0003,846,878,M. Auffray. monarchiste clérical,Q13080924,PER,Q3083856,François Auffray,"```json {""wikipedia_page"": ""François Auffray"", ""wikidata_id"": ""Q3083856""} ```",19.74411392211914
GDL-1888-12-07-a-i0003,976,987,rue de Sèze,Q3451070,LOC,Q3451070,rue de Sèze,,0
GDL-1888-12-07-a-i0003,1052,1062,M. Auffray,Q13080924,PER,Q3083856,François Auffray,,0
GDL-1888-12-07-a-i0003,1064,1075,M. Michelin,Q3131641,PER,Q3131641,Henri Michelin,"Based on the provided text and the list of candidates, the entity [ENT] M. Michelin [ENT] can be confidently assigned to the candidate with the following details: ```json {""wikipedia_page"": ""Henri Michelin"", ""wikidata_id"": ""Q3131641""} ```",16.453044891357422
GDL-1888-12-07-a-i0003,1593,1610,général Boulanger,Q315747,PER,Q315747,Georges Boulanger,,0
GDL-1888-12-07-a-i0003,1951,1963,Arthur Meyer,Q2865261,PER,Q2865261,Arthur Meyer,,0
GDL-1888-12-07-a-i0003,2041,2053,MM. Laguerre,Q3103015,PER,Q3103015,Jean Henri Georges Laguerre,,0
GDL-1888-12-07-a-i0003,2055,2063,Michelin,Q3131641,PER,Q151107,Michelin,"Based on the analysis of the text, the entity mentioned between the [ENT] tags is ""Michelin"". The most appropriate Wikidata entity from the list of candidates is: ```json {""wikipedia_page"": ""Michelin"", ""wikidata_id"": ""Q151107""} ``` The entity ""Michelin"" refers to a multinational company, which aligns with the context of the text where it is mentioned in relation to the general Boulanger and other political figures.",20.499919891357422
GDL-1888-12-07-a-i0003,2065,2072,Laisant,Q25318,PER,Q25318,Charles-Ange Laisant,,0
GDL-1888-12-07-a-i0003,2074,2081,Vergoin,Q3301498,PER,Q3301498,Maurice Vergoin,,0
GDL-1888-12-07-a-i0003,2245,2262,général Boulanger,Q315747,PER,Q315747,Georges Boulanger,,0
GDL-1888-12-07-a-i0003,2418,2428,M. Auffray,Q13080924,PER,Q3083856,François Auffray,,0
GDL-1888-12-07-a-i0003,2454,2462,Ardennes,Q3164,LOC,Q3164,Ardennes,"Based on the provided input text and the list of candidates, the entity mentioned between the [ENT] tags is ""Ardennes"". Given the context of the text, the most appropriate Wikidata entity from the list of candidates is: - Wikipedia Page: ""Ardennes"" - Wikidata ID: ""Q3164"" Therefore, the JSON response is: ```json {""wikipedia_page"":""Ardennes"", ""wikidata_id"":""Q3164""} ```",20.52219581604004
GDL-1888-12-07-a-i0003,2495,2507,comte Dillon,Q2865079,PER,Q2417073,Theobald de Dillon,"```json { ""wikipedia_page"": ""Theobald de Dillon"", ""wikidata_id"": ""Q2417073"" } ```",21.893003463745117
GDL-1888-12-07-a-i0003,2516,2521,Somme,Q12770,LOC,NIL,Somme,"```json { ""wikipedia_page"": ""NIL"", ""wikidata_id"": ""NIL"" } ```",0
GDL-1888-12-07-a-i0003,2646,2657,rue de Sèze,Q3451070,LOC,Q3451070,rue de Sèze,,0
GDL-1888-12-07-a-i0003,2813,2824,M. Michelin,Q3131641,PER,Q3131641,Henri Michelin,"```json { ""wikipedia_page"": ""Henri Michelin"", ""wikidata_id"": ""Q3131641"" } ```",18.418621063232422
GDL-1888-12-07-a-i0003,2897,2907,M. Auffray,Q13080924,PER,Q3083856,François Auffray,,0
GDL-1888-12-07-a-i0003,2979,2988,M. Wilson,Q3014816,PER,Q128956,Harold Wilson,"```json { ""wikipedia_page"": ""Harold Wilson"", ""wikidata_id"": ""Q128956"" } ```",15.846402168273926
GDL-1888-12-07-a-i0003,3196,3204,M. Grévy,Q296083,PER,Q296083,Jules Grévy,,0
GDL-1888-12-07-a-i0003,3275,3289,M. Veil-Picard,Q3065562,PER,Q3065562,famille Veil-Picard,,0
GDL-1888-12-07-a-i0003,3568,3577,M. Wilson,Q3014816,PER,Q3014816,Daniel Wilson,"```json {""wikipedia_page"": ""Daniel Wilson"", ""wikidata_id"": ""Q3014816""} ```",12.67254638671875
GDL-1888-12-07-a-i0003,3755,3774,boulevard Haussmann,Q895076,LOC,Q895076,boulevard Haussmann,,0
GDL-1888-12-07-a-i0003,3918,3924,Baudin,NIL,PER,Q2993834,Pierre Baudin,"Based on the analysis of the input text, the entity mentioned between the [ENT] tags is ""Baudin"". Among the candidates provided, the most appropriate match with high confidence is: ```json {""wikipedia_page"":""Pierre Baudin"", ""wikidata_id"":""Q2993834""} ```",21.11318588256836
GDL-1888-12-07-a-i0003,3958,3963,Seine,Q1142326,LOC,Q514278,liste des préfets de la Seine,"Here is the response in JSON format: ```json { ""wikipedia_page"": ""préfet de la Seine"", ""wikidata_id"": ""Q514278"" } ``` Explanation: - The text mentions ""préfet de la Seine"" multiple times, which corresponds to the candidate in the list with the Wikipedia page title ""liste des préfets de la Seine"" and Wikidata ID ""Q514278"". - Despite the candidate having the type ""MISC"" which indicates it's a list page, the disambiguation is still confident because it's the only candidate relevant to the historical context of the text.",17.311660766601562
GDL-1888-12-07-a-i0003,3983,3993,M. Floquet,Q471311,PER,Q471311,Charles Floquet,,0
GDL-1888-12-07-a-i0003,4358,4373,rue Saint-Denis,Q2174628,LOC,Q2174628,rue Saint-Denis,,0
GDL-1898-06-27-a-i0011,22,27,BERNE,Q70,LOC,Q70,Berne,,0
GDL-1898-06-27-a-i0011,147,177,"M. Hirter, conseiller national",Q1641554,PER,Q1641554,Johann Daniel Hirter,"{ ""wikipedia_page"": ""Johann Daniel Hirter"", ""wikidata_id"": ""Q1641554"" }",18.409610748291016
GDL-1898-06-27-a-i0011,306,351,"M. Milliet, directeur de la régie de l'alcool",NIL,PER,Q78066663,François-Louis Milliet,"{ ""wikipedia_page"": ""François-Louis Milliet"", ""wikidata_id"": ""Q78066663"" }",14.947721481323242
GDL-1898-06-27-a-i0011,738,753,Suisse centrale,Q30978,LOC,Q30978,Suisse centrale,,0
GDL-1898-06-27-a-i0011,765,775,Interlaken,Q68103,LOC,Q68103,Interlaken,,0
GDL-1898-06-27-a-i0011,990,997,ARGOVIE,Q11972,LOC,Q11972,canton d'Argovie,"```json {""wikipedia_page"":""canton d'Argovie"", ""wikidata_id"":""Q11972""} ```",19.52440643310547
GDL-1898-06-27-a-i0011,1036,1067,Société des pontonniers de Bàle,NIL,ORG,Q1518624,,"```json { ""wikipedia_page"": ""Société des pontonniers de Bâle"", ""wikidata_id"": ""Q1518624"" } ```",21.27613067626953
GDL-1898-06-27-a-i0011,1080,1091,Rheinfelden,Q269667,LOC,Q269667,Rheinfelden,,0
GDL-1898-06-27-a-i0011,1184,1188,Rhin,Q21198444,LOC,Q584,Rhin,,0
GDL-1898-06-27-a-i0011,1359,1365,VALAIS,Q834,LOC,Q834,canton du Valais,"```json { ""wikipedia_page"": ""canton du Valais"", ""wikidata_id"": ""Q834"" } ```",14.152616500854492
GDL-1898-06-27-a-i0011,1386,1390,Sion,Q68136,LOC,Q68136,Sion,"Here is the JSON-formatted answer: ```json {""wikipedia_page"":""Sion"", ""wikidata_id"":""Q68136""} ```",19.772539138793945
GDL-1898-06-27-a-i0011,1439,1450,Tourtemagne,Q70054,LOC,Q70054,Tourtemagne,"```json { ""wikipedia_page"": ""Tourtemagne"", ""wikidata_id"": ""Q70054"" } ```",18.537445068359375
GDL-1898-06-27-a-i0011,1766,1777,Tourtemagne,Q70054,LOC,Q15075778,Loutremange,,0
GDL-1898-06-27-a-i0011,2070,2076,Loèche,Q69590,LOC,Q69590,Loèche,"Based on the provided text, the entities mentioned between the [ENT] tags are ""Loèche"" and ""Loèche"". The most appropriate Wikidata entity for both entities is Loèche (ID: Q69590). ```json {""wikipedia_page"":""Loèche"",""wikidata_id"":""Q69590""} ```",17.085058212280273
GDL-1898-06-27-a-i0011,2326,2332,GENÈVE,Q71,LOC,Q71,Genève,,0
GDL-1898-06-27-a-i0011,2373,2381,Jonction,Q3209888,LOC,Q3209888,La Jonction,,0
GDL-1898-06-27-a-i0011,2498,2504,Barret,NIL,PER,NIL,Barret,"```json { ""wikipedia_page"": ""NIL"", ""wikidata_id"": ""NIL"" } ```",0
GDL-1898-06-27-a-i0011,2506,2512,Genève,Q71,LOC,Q71,Genève,,0
GDL-1898-06-27-a-i0011,2555,2561,Calame,NIL,PER,Q60802982,Charles Calame,"```json { ""wikipedia_page"": ""Charles Calame"", ""wikidata_id"": ""Q60802982"" } ```",15.823383331298828
GDL-1898-06-27-a-i0011,2563,2569,Genève,Q71,LOC,Q71,Genève,,0
GDL-1898-06-27-a-i0011,2591,2597,Genoud,NIL,PER,Q321908,Genod,"```json { ""wikipedia_page"": ""Genod"", ""wikidata_id"": ""Q321908"" } ```",20.37281036376953
GDL-1898-06-27-a-i0011,2599,2605,Genève,Q71,LOC,Q71,Genève,,0
GDL-1898-06-27-a-i0011,2627,2634,Terrier,NIL,PER,NIL,Terrier,"```json {""wikipedia_page"":""NIL"", ""wikidata_id"":""NIL""} ```",0
GDL-1898-06-27-a-i0011,2636,2644,Lausanne,Q807,LOC,Q807,Lausanne,,0
GDL-1908-06-09-a-i0014,0,20,CONFÉDÉRATION SUISSE,Q39,LOC,Q39,Suisse,,0
GDL-1908-06-09-a-i0014,38,51,éditeur Kreis,NIL,PER,Q2516702,Verlag Kreuz,"```json {""wikipedia_page"":""Verlag Kreuz"", ""wikidata_id"":""Q2516702""} ```",15.264057159423828
GDL-1908-06-09-a-i0014,55,59,Bâle,Q78,LOC,Q78,Bâle,,0
GDL-1908-06-09-a-i0014,160,166,D Wolf,NIL,PER,Q2831646,Albert Wolf,"```json { ""wikipedia_page"": ""Albert Wolf"", ""wikidata_id"": ""Q2831646"" } ``` Explanation: The entity mentioned between the [ENT] tags is ""D Wolf"". The most appropriate Wikidata entity from the list of candidates is ""Albert Wolf"" with Wikidata ID ""Q2831646"".",17.78336524963379
GDL-1908-06-09-a-i0014,363,369,Suisse,Q39,LOC,Q39,Suisse,,0
GDL-1908-06-09-a-i0014,661,668,Bernina,Q277177,LOC,Q277177,ligne de la Bernina,"```json { ""wikipedia_page"": ""ligne de la Bernina"", ""wikidata_id"": ""Q277177"" } ```",19.389251708984375
GDL-1908-06-09-a-i0014,758,765,Bernina,Q23013963,LOC,Q427415,chaîne de la Bernina,"```json { ""wikipedia_page"": ""chaîne de la Bernina"", ""wikidata_id"": ""Q427415"" } ```",18.202579498291016
GDL-1908-06-09-a-i0014,904,910,Tirano,Q40868,LOC,Q40868,Tirano,,0
GDL-1908-06-09-a-i0014,914,923,Poschiavo,Q69503,LOC,Q69503,Poschiavo,,0
GDL-1908-06-09-a-i0014,1117,1156,Société suisse des facteurs de dépêches,NIL,ORG,Q1726379,,"```json { ""wikipedia_page"": ""Association suisse des facteurs de dépêches"", ""wikidata_id"": ""Q1726379"" } ```",17.895240783691406
GDL-1908-06-09-a-i0014,1172,1180,Lausanne,Q807,LOC,Q807,Lausanne,,0
GDL-1908-06-09-a-i0014,1251,1255,Bâle,Q78,LOC,Q78,Bâle,,0
GDL-1908-06-09-a-i0014,1313,1324,Winterthour,Q9125,LOC,Q9125,Winterthour,,0
GDL-1908-06-09-a-i0014,1664,1669,Righi,Q15291,LOC,Q15291,Rigi,"```json { ""wikipedia_page"": ""Rigi"", ""wikidata_id"": ""Q15291"" } ```",16.16187286376953
GDL-1908-06-09-a-i0014,1671,1677,Sœntis,Q15224,LOC,Q15224,Säntis,"```json { ""wikipedia_page"": ""Säntis"", ""wikidata_id"": ""Q15224"" } ```",16.859037399291992
GDL-1908-06-09-a-i0014,1679,1686,Gothard,Q688549,LOC,Q688549,Massif du Saint-Gothard,"```json { ""wikipedia_page"": ""Massif du Saint-Gothard"", ""wikidata_id"": ""Q688549"" } ```",17.98053741455078
GDL-1908-06-09-a-i0014,1688,1694,Pilate,Q15265,LOC,Q15265,Pilatus,"```json { ""wikipedia_page"": ""Pilatus"", ""wikidata_id"": ""Q15265"" } ```",15.937485694885254
GDL-1908-06-09-a-i0014,1709,1723,Haute-Engadine,Q1789552,LOC,Q1789552,Haute-Engadine,"```json { ""wikipedia_page"": ""Haute-Engadine"", ""wikidata_id"": ""Q1789552"" } ```",19.597837448120117
GDL-1908-06-09-a-i0014,1823,1832,Allemagne,Q183,LOC,Q183,Allemagne,,0
GDL-1908-06-09-a-i0014,1834,1839,Berne,Q70,LOC,Q70,Berne,,0
GDL-1908-06-09-a-i0014,1873,1882,Allemagne,Q183,LOC,Q183,Allemagne,"```json { ""wikipedia_page"": ""Allemagne"", ""wikidata_id"": ""Q183"" } ```",21.857885360717773
GDL-1908-06-09-a-i0014,2277,2283,Suisse,Q39,LOC,Q39,Suisse,"{ ""wikipedia_page"": ""Suisse"", ""wikidata_id"": ""Q39"" }",20.64540672302246
GDL-1908-06-09-a-i0014,3104,3110,Prusse,Q918723,LOC,Q38872,Prusse,,0
GDL-1908-06-09-a-i0014,3502,3506,Bâle,Q78,LOC,Q78,Bâle,,0
GDL-1908-06-09-a-i0014,3509,3517,Hambourg,Q1055,LOC,Q1055,Hambourg,,0
GDL-1918-05-16-a-i0086,0,6,DoiwaE,Q3588286,PER,Q193826,Douai,"```json {""wikipedia_page"": ""Douai"", ""wikidata_id"": ""Q193826""} ```",5.102755546569824
GDL-1918-05-16-a-i0086,132,140,Parisrlo,Q90,LOC,Q90,Paris,"{ ""wikipedia_page"": ""Paris"", ""wikidata_id"": ""Q90"" }",12.280460357666016
GDL-1918-05-16-a-i0086,221,231,Montdidier,Q21970,LOC,Q74308,Montdidier,"```json {""wikipedia_page"": ""Montdidier"", ""wikidata_id"": ""Q74308""} ```",18.661117553710938
GDL-1918-05-16-a-i0086,241,251,Montdidier,Q21970,LOC,Q74308,Montdidier,"```json { ""wikipedia_page"": ""Montdidier"", ""wikidata_id"": ""Q74308"" } ```",17.101627349853516
GDL-1918-05-16-a-i0086,255,260,Noyon,Q49831,LOC,Q49831,Noyon,,0
GDL-1918-05-16-a-i0086,383,391,llaiïïea,Q584297,LOC,Q188743,Lisieux,"Based on the provided text and the list of candidates, the entity mentioned within the [ENT] tags is ""Lisieux"". Given the context of the text, it is highly probable that the entity referred to is ""Lisieux"" (commune française du département du Calvados). Here is the corresponding JSON response: ```json {""wikipedia_page"":""Lisieux"", ""wikidata_id"":""Q188743""} ```",5.570255756378174
GDL-1918-05-16-a-i0086,445,449,Avre,Q739893,LOC,Q476475,Avre,"```json {""wikipedia_page"":""Avre"", ""wikidata_id"":""Q476475""} ```",21.36295509338379
GDL-1918-05-16-a-i0086,805,811,BofUot,Q711896,LOC,Q1082240,Boisse-Penchot,"```json {""wikipedia_page"": ""Boisé-Penchot"", ""wikidata_id"": ""Q1082240""} ```",13.498865127563477
GDL-1918-05-16-a-i0086,892,908,Ohomin-des-Damos,Q1069359,LOC,Q797505,Dahomey,"Based on the provided list of candidates and the input text, the entities mentioned between [ENT] tags are ""Dahomey"" and ""Damas-aux-Bois"". After reviewing the candidates, the most appropriate Wikidata entity for ""Dahomey"" is ""Dahomey"" with Wikidata ID Q797505 and Wikipedia page title ""Dahomey"". The most appropriate Wikidata entity for ""Damas-aux-Bois"" is ""Damas-aux-Bois"" with Wikidata ID Q1062235 and Wikipedia page title ""Damas-aux-Bois"". Therefore, the JSON-formatted answer is: ```json {""wikipedia_page"":""Dahomey"", ""wikidata_id"":""Q797505""} {""wikipedia_page"":""Damas-aux-Bois"", ""wikidata_id"":""Q1062235""} ```",12.416028022766113
GDL-1918-05-16-a-i0086,994,1000,BoveHe,Q583114,LOC,Q1098455,Bovée-sur-Barboure,"{ ""wikipedia_page"": ""Bovée-sur-Barboure"", ""wikidata_id"": ""Q1098455"" }",9.498202323913574
GDL-1918-05-16-a-i0086,1025,1033,Londires,Q84,LOC,Q84,Londres,"```json { ""wikipedia_page"": ""Londres"", ""wikidata_id"": ""Q84"" } ```",17.24425506591797
GDL-1918-05-16-a-i0086,1077,1081,Lens,Q165271,LOC,Q165271,Lens,,0
GDL-1918-05-16-a-i0086,1189,1195,Bobecq,Q469871,LOC,Q685648,Mobecq,,0
GDL-1918-05-16-a-i0086,1265,1284,vallées de la Somme,NIL,LOC,Q37646,Somme," {""wikipedia_page"":""Somme"", ""wikidata_id"":""Q37646""}",16.0599308013916
GDL-1918-05-16-a-i0086,1293,1298,Ancre,Q489438,LOC,Q489438,Ancre,"Based on the provided text and candidates, the entity mentioned between the [ENT] tags is ""Ancre"". From the JSON list of candidates, the most appropriate Wikidata entity is: ```json {""wikipedia_page"":""Ancre"", ""wikidata_id"":""Q489438""} ```",18.1676025390625
GDL-1918-05-16-a-i0086,1311,1319,Bétliuno,Q207145,LOC,Q207145,Béthune,"{""wikipedia_page"":""Béthune"", ""wikidata_id"":""Q207145""}",16.502490997314453
GDL-1918-05-16-a-i0086,1330,1345,forêt de Nleppe,NIL,LOC,Q3078916,forêt de Nieppe,"```json { ""wikipedia_page"": ""forêt de Nieppe"", ""wikidata_id"": ""Q3078916"" } ```",16.090200424194336
GDL-1918-05-16-a-i0086,1411,1422,Morlancourt,Q639056,LOC,Q639056,Morlancourt,,0
GDL-1918-05-16-a-i0086,1437,1444,Kemnraï,Q1024880,LOC,Q1016999,Kemnay,"```json {""wikipedia_page"": ""Kemnay"", ""wikidata_id"": ""Q1016999""} ```",13.610979080200195
GDL-1918-05-16-a-i0086,1446,1453,Londres,Q84,LOC,Q84,Londres,"```json { ""wikipedia_page"": ""Londres"", ""wikidata_id"": ""Q84"" } ```",19.189775466918945
GDL-1918-05-16-a-i0086,1492,1500,lieu ter,Q130879,ORG,NIL,lieu ter,"```json {""wikipedia_page"":"""", ""wikidata_id"":""NIL""} ```",0
GDL-1918-05-16-a-i0086,1567,1575,Flandres,Q234,LOC,Q36769,Flandre française,"```json {""wikipedia_page"":""Flandre française"", ""wikidata_id"":""Q36769""} ```",17.62289810180664
GDL-1918-05-16-a-i0086,2858,2869,Mont Kemmel,Q209541,LOC,Q209541,mont Kemmel,"{""wikipedia_page"": ""mont Kemmel"", ""wikidata_id"": ""Q209541""}",20.87177276611328
GDL-1918-05-16-a-i0086,3035,3040,Somme,Q12770,LOC,Q132568,bataille de la Somme,"Based on the analysis of the input text, the entity mentioned between the [ENT] tags is ""Somme."" From the provided list of candidates, the most appropriate Wikidata entity is: ```json {""wikipedia_page"": ""bataille de la Somme"", ""wikidata_id"": ""Q132568""} ```",21.39943504333496
GDL-1918-05-16-a-i0086,3047,3053,Verdun,Q1368088,LOC,Q130847,bataille de Verdun,"Given the context of the input text and the list of candidates, the entity mentioned between the [ENT] tags, ""Verdun,"" is highly likely to refer to the battle of Verdun, which is a significant historical event occurring during World War I. The most appropriate Wikidata entity from the list of candidates is: ```json {""wikipedia_page"":""bataille de Verdun"", ""wikidata_id"":""Q130847""} ```",18.40721893310547
GDL-1918-05-16-a-i0086,3128,3136,Flandres,Q234,LOC,Q234,Flandre,"```json { ""wikipedia_page"": ""Flandre"", ""wikidata_id"": ""Q234"" } ```",21.337175369262695
GDL-1918-05-16-a-i0086,3777,3786,La Olytte,Q921682,LOC,Q798445,La Goulette,"```json {""wikipedia_page"":""La Goulette"", ""wikidata_id"":""Q798445""} ```",10.177900314331055
GDL-1918-05-16-a-i0086,3788,3799,Dlckebusche,NIL,LOC,Q22069,Schneckenbusch,"```json { ""wikipedia_page"": ""Schneckenbusch"", ""wikidata_id"": ""Q22069"" } ```",10.80583381652832
GDL-1918-05-16-a-i0086,3893,3899,Berlin,Q64,LOC,Q64,Berlin,"```json {""wikipedia_page"": ""Berlin"", ""wikidata_id"": ""Q64""} ```",19.537546157836914
GDL-1918-05-16-a-i0086,3940,3946,Kemmel,Q209541,LOC,Q1024880,Kemmel,"Based on the provided input text and list of candidates, the entity mentioned between the [ENT] tags is ""Kemmel"". The most appropriate Wikidata entity from the list of candidates is: ```json {""wikipedia_page"":""Kemmel"", ""wikidata_id"":""Q1024880""} ```",12.561551094055176
GDL-1918-05-16-a-i0086,4270,4276,Kemmel,Q209541,LOC,Q209541,mont Kemmel,"```json { ""wikipedia_page"": ""mont Kemmel"", ""wikidata_id"": ""Q209541"" } ```",12.699692726135254
GDL-1918-05-16-a-i0086,4395,4398,Lys,Q208493,LOC,Q208493,Lys,"Based on the provided text and the list of candidates, the entity mentioned between the [ENT] tags is ""Lys"". Given the context, it is most likely referring to the river ""Lys"" in France and Belgium. Therefore, the appropriate Wikidata entity is: ```json {""wikipedia_page"": ""Lys"", ""wikidata_id"": ""Q208493""} ```",16.445585250854492
GDL-1918-05-16-a-i0086,4405,4423,canal de La Bassée,Q1032668,LOC,Q375776,La Bassée,"```json { ""wikipedia_page"": ""La Bassée"", ""wikidata_id"": ""Q375776"" } ```",16.747966766357422
GDL-1918-05-16-a-i0086,4432,4438,Scarpe,Q1818615,LOC,Q4873010,Bataille de la Scarpe (1918),"```json { ""wikipedia_page"": ""Bataille de la Scarpe (1918)"", ""wikidata_id"": ""Q4873010"" } ```",13.024651527404785
GDL-1918-05-16-a-i0086,4450,4457,Bucquoy,Q995400,LOC,Q995400,Bucquoy,,0
GDL-1918-05-16-a-i0086,4540,4545,Ancre,Q489438,LOC,Q489438,Ancre,"Based on the input text and the provided list of candidates, the entity mentioned between the [ENT] tags is ""Ancre"". After analyzing the context and the list of candidates, the most appropriate Wikidata entity is: ```json {""wikipedia_page"":""Ancre"", ""wikidata_id"":""Q489438""} ```",16.250465393066406
GDL-1918-05-16-a-i0086,4552,4557,Somme,Q1736061,LOC,Q37646,Somme,"```json { ""wikipedia_page"": ""Somme"", ""wikidata_id"": ""Q37646"" } ```",19.4404239654541
GDL-1918-05-16-a-i0086,4618,4622,Bray,Q251119,LOC,NIL,Bray,"```json {""wikipedia_page"":""NIL"", ""wikidata_id"":""NIL""} ```",0
GDL-1918-05-16-a-i0086,4625,4631,Conbie,Q71469,LOC,Q71469,Corbie,"```json { ""wikipedia_page"": ""Corbie"", ""wikidata_id"": ""Q71469"" } ```",18.068984985351562
GDL-1918-05-16-a-i0086,4835,4852,VJMers-Bretonneux,Q677163,LOC,Q677163,Villers-Bretonneux,"Based on the provided text, the entity between the [ENT] tags is ""Villers-Bretonneux"". From the list of candidates, the most appropriate Wikidata entity is: ```json {""wikipedia_page"": ""Villers-Bretonneux"", ""wikidata_id"": ""Q677163""} ```",19.057340621948242
GDL-1918-05-16-a-i0086,4875,4879,Luoe,Q3265095,LOC,Q279370,Loue,"```json { ""wikipedia_page"": ""Loue"", ""wikidata_id"": ""Q279370"" } ```",21.511682510375977
GDL-1918-05-16-a-i0086,4888,4892,Avre,Q739893,LOC,Q476475,Avre,,0
GDL-1918-05-16-a-i0086,4966,4970,Avre,Q739893,LOC,Q739893,Avre,,0
GDL-1918-05-16-a-i0086,5010,5016,Castel,Q2941347,LOC,Q2941347,Castel,"Based on the provided text and list of candidates, the entity mentioned between the [ENT] tags is ""Castel"". The most appropriate Wikidata entity from the list of candidates is: ```json {""wikipedia_page"": ""Castel"", ""wikidata_id"": ""Q2941347""} ```",15.598857879638672
GDL-1918-05-16-a-i0086,5257,5263,Calais,Q6454,LOC,Q6454,Calais,"```json { ""wikipedia_page"": ""Calais"", ""wikidata_id"": ""Q6454"" } ```",20.646480560302734
GDL-1918-05-16-a-i0086,5265,5274,Dunkerque,Q45797,LOC,Q45797,Dunkerque,,0
GDL-1918-05-16-a-i0086,5406,5412,Vienne,Q1741,LOC,Q1741,Vienne,,0
GDL-1918-05-16-a-i0086,5440,5451,Monte Corno,Q31655103,LOC,Q1479762,mont Conero,"```json { ""wikipedia_page"": ""Monte Corno"", ""wikidata_id"": ""Q1479762"" } ```",18.405025482177734
GDL-1918-05-16-a-i0086,5594,5598,Pola,Q4656,LOC,Q4656,Pula,"```json { ""wikipedia_page"": ""Pula"", ""wikidata_id"": ""Q4656"" } ```",19.77294921875
GDL-1918-05-16-a-i0086,5666,5671,Borne,Q220,LOC,Q16353135,,"```json { ""wikipedia_page"": ""Borne"", ""wikidata_id"": ""Q16353135"" } ```",15.55155086517334
GDL-1918-05-16-a-i0086,5871,5877,Genova,Q71,LOC,Q1449,Gênes,"```json { ""wikipedia_page"": ""Gênes"", ""wikidata_id"": ""Q1449"" } ```",18.849403381347656
GDL-1918-05-16-a-i0086,5951,5962,Monte Corno,Q31655103,LOC,Q1479762,mont Conero,"```json { ""wikipedia_page"": ""Monte Corno"", ""wikidata_id"": ""Q1479762"" } ```",20.059621810913086
GDL-1918-05-16-a-i0086,5974,5982,Valknnsa,Q327644,LOC,Q4007327,Val Cenise,"```json {""wikipedia_page"":""Val Cenise"", ""wikidata_id"":""Q4007327""} ```",11.736690521240234
GDL-1918-05-16-a-i0086,6032,6039,Pasubio,Q699575,LOC,Q699575,Pasubio,"```json {""wikipedia_page"": ""Pasubio"", ""wikidata_id"": ""Q699575""} ```",18.506088256835938
GDL-1918-05-16-a-i0086,6077,6095,gare de Pri molano,Q3970614,LOC,Q3970614,Primolano,"```json { ""wikipedia_page"": ""Primolano"", ""wikidata_id"": ""Q3970614"" } ```",16.78789710998535
GDL-1918-05-16-a-i0086,6147,6158,col Oaprile,NIL,LOC,Q511182,col Agnel,"Based on the provided text and the candidates, the most appropriate Wikidata entity for the entity tagged with [ENT] is the 'col d'Agnel' with the Wikidata ID of 'Q511182'. Here is the JSON response: ```json {""wikipedia_page"": ""col d'Agnel"", ""wikidata_id"": ""Q511182""} ```",11.862676620483398
GDL-1918-05-16-a-i0086,6185,6190,Alano,Q39897,LOC,Q39897,Alano di Piave,"{ ""wikipedia_page"": ""Alano di Piave"", ""wikidata_id"": ""Q39897"" }",12.330825805664062
GDL-1918-05-16-a-i0086,6206,6211,Piave,Q213462,LOC,Q213462,Piave,,0
GDL-1918-05-16-a-i0086,6296,6315,région de Soreslano,NIL,LOC,Q40862,Saronno,"```json { ""wikipedia_page"": ""Saronno"", ""wikidata_id"": ""Q40862"" } ```",8.668383598327637
GDL-1918-05-16-a-i0086,6500,6505,Piave,Q213462,LOC,Q213462,Piave,"```json { ""wikipedia_page"": ""Piave"", ""wikidata_id"": ""Q213462"" } ``` The entity mentioned between the [ENT] tags is ""Piave"", which matches the Wikidata entity from the list of candidates.",21.44315528869629
GDL-1918-05-16-a-i0086,6507,6513,Berlin,Q64,LOC,Q64,Berlin,"Based on the provided text and the list of candidates, the entity ""Berlin"" is most likely referring to the city and capital of Germany. Given the context of the text and the historical period (1918), the most appropriate Wikidata entity is: ```json {""wikipedia_page"": ""Berlin"", ""wikidata_id"": ""Q64""} ```",18.684480667114258
GDL-1918-05-16-a-i0086,6609,6615,Kemmel,Q1024880,LOC,Q1024880,Kemmel,"Based on the provided text and the list of candidates, the entity [ENT] Kemmel can be confidently disambiguated as: ```json {""wikipedia_page"":""Kemmel"", ""wikidata_id"":""Q1024880""} ```",21.150066375732422
GDL-1918-05-16-a-i0086,6757,6764,Moreuil,Q115426,LOC,Q115426,Moreuil,"Based on the provided text and the candidate list, the entity ""Moreuil"" is mentioned within the [ENT] tags. This entity is confidently identified from the candidate list. Here is the JSON formatted output: ```json {""wikipedia_page"":""Moreuil"", ""wikidata_id"":""Q115426""} ```",20.235429763793945
GDL-1928-12-01-a-i0015,101,107,Moscou,Q649,LOC,Q649,Moscou,,0
GDL-1928-12-01-a-i0015,310,316,Russie,Q159,LOC,Q159,Russie,,0
GDL-1928-12-01-a-i0015,332,340,Le Temps,Q639137,PROD,Q673324,Le Temps,,0
GDL-1928-12-01-a-i0015,410,426,Union soviétique,Q15180,LOC,Q15180,Union soviétique,,0
GDL-1928-12-01-a-i0015,548,553,Chine,Q29520,LOC,Q148,république populaire de Chine,"```json {""wikipedia_page"":""république populaire de Chine"", ""wikidata_id"":""Q148""} ```",18.23707389831543
GDL-1928-12-01-a-i0015,564,571,Balkans,Q23522,LOC,Q23522,Balkans,"```json { ""wikipedia_page"": ""Balkans"", ""wikidata_id"": ""Q23522"" } ```",19.193565368652344
GDL-1928-12-01-a-i0015,576,583,Afrique,Q15,LOC,Q15,Afrique,"Based on the provided text and candidates, the entity tagged as [ENT] is ""Afrique"". The most appropriate Wikidata entity from the list of candidates is: ```json {""wikipedia_page"": ""Afrique"", ""wikidata_id"": ""Q15""} ```",15.15567684173584
GDL-1928-12-01-a-i0015,1059,1065,Berlin,Q64,LOC,Q64,Berlin,"Based on the provided text and candidates, the entity mentioned between [ENT] tags is ""Berlin"". Among the candidates, the most appropriate match is the first entry with the Wikipedia page ""Berlin"" and Wikidata ID ""Q64"". Here is the JSON response: ```json {""wikipedia_page"":""Berlin"", ""wikidata_id"":""Q64""} ```",21.04273796081543
GDL-1928-12-01-a-i0015,1197,1203,Moscou,Q649,LOC,Q649,Moscou,,0
GDL-1928-12-01-a-i0015,1534,1543,Allemagne,Q183,LOC,Q43287,Empire allemand,"```json { ""wikipedia_page"": ""Empire allemand"", ""wikidata_id"": ""Q43287"" } ```",12.723793983459473
GDL-1928-12-01-a-i0015,1704,1710,Moscou,Q649,LOC,Q649,Moscou,"Based on the provided input text and the list of candidates, the entity tagged with [ENT] ""Moscou"" appears highly confident. The matching entity from the list of candidates is ""Moscou"" with the Wikidata ID 'Q649'. Here is the JSON-formatted answer: ```json {""wikipedia_page"":""Moscou"",""wikidata_id"":""Q649""} ```",21.610172271728516
GDL-1928-12-01-a-i0015,1715,1721,Berlin,Q64,LOC,Q64,Berlin,"Based on the provided text and the list of candidates, the entity mentioned between the [ENT] tags is ""Berlin"". The most appropriate Wikidata entity from the list of candidates is: ```json {""wikipedia_page"":""Berlin"", ""wikidata_id"":""Q64""} ```",18.223155975341797
GDL-1928-12-01-a-i0015,1891,1908,VAction française,Q496011,PROD,Q496011,L'Action française,"```json { ""wikipedia_page"": ""L'Action française"", ""wikidata_id"": ""Q496011"" } ```",18.97140121459961
GDL-1928-12-01-a-i0015,1944,1958,M. 'Bain ville,Q966894,PER,Q966894,Jacques Bainville,"```json {""wikipedia_page"":""Jacques Bainville"", ""wikidata_id"":""Q966894""} ```",17.25246810913086
GDL-1928-12-01-a-i0015,2175,2193,président Coolidge,Q36023,PER,Q36023,Calvin Coolidge,,0
GDL-1928-12-01-a-i0015,2216,2229,M. Streeemann,Q103955,PER,Q103955,Gustav Stresemann,"```json {""wikipedia_page"":""Gustav Stresemann"", ""wikidata_id"":""Q103955""} ```",13.928208351135254
GDL-1928-12-01-a-i0015,2294,2299,Dawes,Q184565,PER,Q156528,plan Dawes," { ""wikipedia_page"": ""plan Dawes"", ""wikidata_id"": ""Q156528"" }",12.82809829711914
GDL-1928-12-01-a-i0015,2346,2355,Allemagne,Q183,LOC,NIL,Allemagne,"Based on the provided text and the list of candidates, the entities [ENT] in ""à expliquer le mécanisme. Dans un article de VAction française intitulé « Importante découverte » M. 'Bain ville souligne « qu'une des plus récentes découvertes que l'on ait faites dans cotte mystérieuse physiologie, c'est que la ques'i. iu des transferts r, f r'p ^ nl plus qu'à un état primitif <.-.'-.-:: nées humaines >. Le président Coolidge d'une part, écrit-il, M. Streeemann de l'autte, sont d'accord pour signaler que, jusqu'ici, le plan Dawes a été exécuté grâce à des prêts consentis à l'[ENT] Allemagne [ENT] et que ces prêts sont d'origine : ci'. iue. Comme les Etats-Unis sont eux-mêmes payés, au titre des dettes de guerre, grâce aux versements de l'Allemagne, ils lo sont donc avec leur propre argent qui, venu de New-York à Berlin, passe n Paris et à Londres d'où il retourne à New-York. Cest admirable. C'est plus fort que l'immortelle découverte de Harvey. Mais si c'est",0
GDL-1928-12-01-a-i0015,2410,2420,Etats-Unis,Q30,LOC,Q30,États-Unis,"Based on the given list of candidates and the text provided, the entity mentioned between the [ENT] tags is ""États-Unis"". The most appropriate Wikidata entity from the list of candidates is: ```json { ""wikipedia_page"": ""États-Unis"", ""wikidata_id"": ""Q30"" } ```",20.774730682373047
GDL-1928-12-01-a-i0015,2500,2509,Allemagne,Q183,LOC,Q43287,Empire allemand,"```json { ""wikipedia_page"": ""Empire allemand"", ""wikidata_id"": ""Q43287"" } ```",14.491228103637695
GDL-1928-12-01-a-i0015,2565,2573,New-York,Q60,LOC,Q60,New York,,0
GDL-1928-12-01-a-i0015,2576,2582,Berlin,Q64,LOC,Q64,Berlin,"Based on the provided input text and the list of candidates, the entities mentioned between the [ENT] tags are likely referring to the city of Berlin, Germany. Therefore, the most appropriate Wikidata entity from the list of candidates is: ```json {""wikipedia_page"": ""Berlin"", ""wikidata_id"": ""Q64""} ```",21.595256805419922
GDL-1928-12-01-a-i0015,2592,2597,Paris,Q90,LOC,Q90,Paris,"Based on the provided input text, the entity mentioned between the [ENT] tags is ""Paris"". The most appropriate Wikidata entity from the list of candidates is ""Paris"" with the Wikidata ID ""Q90"" and the Wikipedia page title ""Paris"". Here is the disambiguated entity in JSON format: ```json {""wikipedia_page"":""Paris"", ""wikidata_id"":""Q90""} ```",19.110593795776367
GDL-1928-12-01-a-i0015,2603,2610,Londres,Q84,LOC,Q84,Londres,"```json {""wikipedia_page"": ""Londres"", ""wikidata_id"": ""Q84""} ```",21.816946029663086
GDL-1928-12-01-a-i0015,2630,2638,New-York,Q60,LOC,Q60,New York,,0
GDL-1928-12-01-a-i0015,2703,2709,Harvey,Q93128,PER,Q93128,William Harvey,"Based on the provided text and the list of candidates, the entity mentioned between the [ENT] tags is ""Harvey"". Among the candidates, ""William Harvey"" is the most appropriate match given the historical context and the description. Here is the JSON-formatted response: ```json {""wikipedia_page"":""William Harvey"",""wikidata_id"":""Q93128""} ```",18.143980026245117
GDL-1928-12-01-a-i0015,2769,2777,New-York,Q60,LOC,Q60,New York,,0
GDL-1938-04-22-a-i0048,133,139,Italie,Q38,LOC,Q38,Italie,"Given the input text and the list of candidates, the entity mentioned within the [ENT] tags is ""Italie"" (Italy). Based on the provided candidates, the most appropriate Wikidata entity is: ```json {""wikipedia_page"":""Italie"", ""wikidata_id"":""Q38""} ```",21.308414459228516
GDL-1938-04-22-a-i0048,183,198,Grande-Bretagne,Q161885,LOC,Q23666,Grande-Bretagne,,0
GDL-1938-04-22-a-i0048,390,396,Italie,Q38,LOC,Q38,Italie,"{""wikipedia_page"": ""Italie"", ""wikidata_id"": ""Q38""} Explanation: The entity mentioned between the [ENT] tags in the input text is ""Italie"" which corresponds to the Wikidata entity with the ID ""Q38"".",19.20646095275879
GDL-1938-04-22-a-i0048,608,614,France,Q142,LOC,Q142,France,"{""wikipedia_page"": ""France"", ""wikidata_id"": ""Q142""}",19.105783462524414
GDL-1938-04-22-a-i0048,901,907,Italie,Q38,LOC,Q38,Italie,,0
GDL-1938-04-22-a-i0048,1362,1368,Italie,Q38,LOC,Q38,Italie,,0
GDL-1938-04-22-a-i0048,1749,1755,Suisse,Q39,LOC,Q39,Suisse,"Based on the input text and the provided list of candidates, the entity mentioned between the [ENT] tags is ""Suisse"" (Switzerland). The most appropriate Wikidata entity from the list of candidates that matches this entity with high confidence is: ```json {""wikipedia_page"":""Suisse"", ""wikidata_id"":""Q39""} ```",20.689064025878906
GDL-1938-04-22-a-i0048,1770,1776,Italie,Q38,LOC,Q38,Italie,"```json { ""wikipedia_page"": ""Italie"", ""wikidata_id"": ""Q38"" } ```",21.122432708740234
GDL-1938-04-22-a-i0048,2248,2254,Italie,Q38,LOC,Q38,Italie,,0
GDL-1938-04-22-a-i0048,2376,2382,Valais,Q834,LOC,Q834,canton du Valais,"```json { ""wikipedia_page"": ""canton du Valais"", ""wikidata_id"": ""Q834"" } ```",16.175222396850586
GDL-1938-04-22-a-i0048,2585,2600,Italie fasciste,Q48742118,LOC,Q48742118,Italie fasciste,"Based on the provided text and the list of candidates, the entity [ENT] Italie fasciste [ENT] can be confidently matched with the candidate 'Italie fasciste' (Wikidata ID: Q48742118). The JSON-formatted answer is: ```json {""wikipedia_page"": ""Italie fasciste"", ""wikidata_id"": ""Q48742118""} ```",21.141136169433594
GDL-1938-04-22-a-i0048,2720,2726,Italie,Q38,LOC,Q38,Italie,"```json { ""wikipedia_page"": ""Italie"", ""wikidata_id"": ""Q38"" } ```",21.953460693359375
GDL-1938-04-22-a-i0048,2974,2996,libéralisme économique,Q729119,PROD,Q729119,libéralisme économique,,0
GDL-1938-10-12-a-i0095,49,54,Paris,Q90,LOC,Q90,Paris,"```json {""wikipedia_page"": ""Paris"", ""wikidata_id"": ""Q90""} ```",16.7773380279541
GDL-1938-10-12-a-i0095,112,118,Europe,Q46,LOC,Q46,Europe,"```json {""wikipedia_page"":""Europe"", ""wikidata_id"":""Q46""} ```",21.10369110107422
GDL-1938-10-12-a-i0095,179,196,chancelier Hitler,Q352,PER,Q352,Adolf Hitler,"Based on the provided text, the entity mentioned between the [ENT] tags is ""chancelier Hitler"". Among the list of candidates, the entity that best matches is: ```json {""wikipedia_page"":""Adolf Hitler"", ""wikidata_id"":""Q352""} ```",15.461980819702148
GDL-1938-10-12-a-i0095,199,209,Sarrebruck,Q1724,LOC,Q127089,Sarrebruck,"Based on the input text and the provided list of candidates, the most appropriate Wikidata entity for the entity mentioned between the [ENT] tags is: ```json {""wikipedia_page"":""Sarrebruck"", ""wikidata_id"":""Q127089""} ``` Justification: - The text mentions ""Sarrebruck"" in the context of a location in Germany where the Chancellor Hitler made a speech. - The candidate ""Sarrebruck"" (Wikipedia page: Sarrebruck, Wikidata ID: Q127089) fits this context best as it refers to the city of Sarrebruck, which is a significant location in Germany.",13.854676246643066
GDL-1938-10-12-a-i0095,294,303,Allemagne,Q183,LOC,Q183,Allemagne,"```json { ""wikipedia_page"": ""Allemagne"", ""wikidata_id"": ""Q183"" } ```",18.24689483642578
GDL-1938-10-12-a-i0095,498,504,Italie,Q38,LOC,Q38,Italie,"```json { ""wikipedia_page"": ""Italie"", ""wikidata_id"": ""Q38"" } ```",21.679765701293945
GDL-1938-10-12-a-i0095,559,565,Berlin,Q64,LOC,Q64,Berlin,"Based on the analysis of the input text and the list of candidates, the entities mentioned between the [ENT] tags are ""Berlin"" and ""Berlin"". Given the context, both entities are highly likely to refer to the city of Berlin, Germany. Therefore, the most appropriate Wikidata entity for both entities is: ```json {""wikipedia_page"":""Berlin"", ""wikidata_id"":""Q64""} ```",17.423580169677734
GDL-1938-10-12-a-i0095,566,570,Rome,Q220,LOC,Q220,Rome,"{""wikipedia_page"": ""Rome"", ""wikidata_id"": ""Q220""}",20.944501876831055
GDL-1938-10-12-a-i0095,608,618,MM. Hitler,Q352,PER,Q352,Adolf Hitler,"Based on the provided text, the entities marked by [ENT] tags are likely referring to Adolf Hitler and Benito Mussolini. Given the candidates provided, the most appropriate Wikidata entities are: - Adolf Hitler - Benito Mussolini Therefore, the JSON-formatted answer is: ```json {""wikipedia_page"":""Adolf Hitler"", ""wikidata_id"":""Q352""} ``` This selection is highly confident as both entities are mentioned in the context of politics and their relationship with each other.",17.59484100341797
GDL-1938-10-12-a-i0095,622,631,Mussolini,Q23559,PER,Q23559,Benito Mussolini,"Based on the provided text and the list of candidates, the correct disambiguation would be: ```json {""wikipedia_page"": ""Benito Mussolini"", ""wikidata_id"": ""Q23559""} ``` The text mentions ""Mussolini"" in the context of the Italian leader and his relationship with Hitler, which is clearly linked to Benito Mussolini.",21.349685668945312
GDL-1938-10-12-a-i0095,845,855,Sarrebruck,Q1724,LOC,Q22544,Sarrebourg,"{ ""wikipedia_page"": ""Sarrebourg"", ""wikidata_id"": ""Q22544"" }",16.869667053222656
GDL-1938-10-12-a-i0095,912,916,Rome,Q220,LOC,Q220,Rome,"```json { ""wikipedia_page"": ""Rome"", ""wikidata_id"": ""Q220"" } ```",21.18890953063965
GDL-1938-10-12-a-i0095,970,976,Munich,Q1726,LOC,Q1726,Munich,,0
GDL-1938-10-12-a-i0095,1029,1035,Berlin,Q64,LOC,Q64,Berlin,"```json {""wikipedia_page"": ""Berlin"", ""wikidata_id"": ""Q64""} ```",18.97810935974121
GDL-1938-10-12-a-i0095,1039,1043,Rome,Q220,LOC,Q220,Rome,"```json { ""wikipedia_page"": ""Rome"", ""wikidata_id"": ""Q220"" } ```",18.189651489257812
GDL-1938-10-12-a-i0095,1381,1389,Ethiopie,Q115,LOC,Q115,Éthiopie,"```json { ""wikipedia_page"": ""Éthiopie"", ""wikidata_id"": ""Q115"" } ```",20.754179000854492
GDL-1938-10-12-a-i0095,1397,1407,Angleterre,Q21,LOC,Q145,Royaume-Uni,"Based on the provided input text and the list of candidates, the entity mentioned between the [ENT] tags is likely to be ""Royaume-Uni"". Here is the JSON object with the corresponding Wikipedia page title and Wikidata ID: ```json {""wikipedia_page"":""Royaume-Uni"", ""wikidata_id"":""Q145""} ```",15.005002975463867
GDL-1938-10-12-a-i0095,1455,1467,Méditerranée,Q4918,LOC,Q4918,mer Méditerranée,"```json { ""wikipedia_page"": ""mer Méditerranée"", ""wikidata_id"": ""Q4918"" } ```",20.768360137939453
GDL-1948-07-15-a-i0035,53,58,AIGLE,Q43195,LOC,Q43195,Aigle,,0
GDL-1948-07-15-a-i0035,96,101,C. P.,NIL,PER,NIL,C. P.,"```json {""wikipedia_page"": ""NIL"", ""wikidata_id"": ""NIL""} ```",0
GDL-1948-07-15-a-i0035,105,110,Aigle,Q43195,LOC,Q43195,Aigle,,0
GDL-1948-07-15-a-i0035,266,277,rue du Midi,NIL,LOC,Q3452448,rue du Midi,,0
GDL-1948-07-15-a-i0035,284,304,carrefour du Tilleul,NIL,LOC,Q19951265,rue des Tilleuls,"```json {""wikipedia_page"": ""rue des Tilleuls"", ""wikidata_id"": ""Q19951265""} ```",18.940187454223633
GDL-1948-07-15-a-i0035,703,720,Temple du Cloître,NIL,LOC,Q60427469,temple de l'église protestante unie de France de Collioure,"```json { ""wikipedia_page"": ""temple de l'église protestante unie de France de Collioure"", ""wikidata_id"": ""Q60427469"" } ```",15.715219497680664
GDL-1948-07-15-a-i0035,1162,1167,C. P.,NIL,PER,Q3001387,CP,"Based on the provided text, the [ENT] tags refer to ""C.P."" and ""C. P."". The most appropriate Wikidata entity from the list of candidates for ""C.P."" is ""CP"", which stands for ""année d'école élémentaire en France"". The corresponding Wikipedia page title and Wikidata ID for ""C.P."" are: ```json { ""wikipedia_page"": ""CP"", ""wikidata_id"": ""Q3001387"" } ```",4.1135969161987305
GDL-1948-07-15-a-i0035,1825,1836,R. Deladoey,NIL,PER,Q3174396,Jean Roidot-Déléage,,0
GDL-1948-07-15-a-i0035,1862,1875,C. Chevillard,NIL,PER,Q1029147,Camille Chevillard,,0
GDL-1948-07-15-a-i0035,1894,1902,H. Cross,NIL,PER,Q3132707,Henry Cros,,0
GDL-1948-07-15-a-i0035,1946,1956,Chr. Rouge,NIL,PER,NIL,Chr. Rouge,"```json {""wikipedia_page"":""NIL"", ""wikidata_id"":""NIL""} ```",0
GDL-1948-07-15-a-i0035,1974,1988,J. Oberhaensli,NIL,PER,Q12949133,Jeanne Rousselois,,0
GDL-1948-07-15-a-i0035,2006,2009,BEX,Q52261,LOC,NIL,BEX,"Based on the input text and the given JSON list of candidates, the entity mentioned between the [ENT] tags is ""BEX"". None of the candidates in the provided list match this entity with high confidence. Therefore, the response is: ```json { ""wikipedia_page"": ""NIL"", ""wikidata_id"": ""NIL"" } ```",0
GDL-1948-07-15-a-i0035,2034,2039,C. P.,NIL,PER,NIL,C. P.,"```json {""wikipedia_page"":""NIL"", ""wikidata_id"":""NIL""} ```",0
GDL-1948-07-15-a-i0035,2115,2125,MM. Sublel,NIL,PER,NIL,MM. Sublel,"```json { ""wikipedia_page"": ""NIL"", ""wikidata_id"": ""NIL"" } ```",0
GDL-1948-07-15-a-i0035,2127,2135,Bralschi,NIL,PER,Q3105236,Gianluigi Braschi,"```json {""wikipedia_page"":""Gianluigi Braschi"", ""wikidata_id"":""Q3105236""} ```",16.29942512512207
GDL-1948-07-15-a-i0035,2137,2147,Nicollerat,NIL,PER,Q18744965,Nicolas Schiffler,"Based on the provided text and the list of candidates, the most appropriate Wikidata entity for [ENT] Nicollerat is: ```json {""wikipedia_page"":""Nicolas Schiffler"", ""wikidata_id"":""Q18744965""} ``` The entity [ENT] Nicollerat is likely to match with ""Nicolas Schiffler"" based on the context and the provided list of candidates.",17.855117797851562
GDL-1948-07-15-a-i0035,2149,2156,Soutier,NIL,PER,Q3474329,Sautier,"```json {""wikipedia_page"": ""Sautier"", ""wikidata_id"": ""Q3474329""} ```",16.48744010925293
GDL-1948-07-15-a-i0035,2158,2164,Favrod,NIL,PER,Q2958115,Charles-Henri Favrod,"```json { ""wikipedia_page"": ""Charles-Henri Favrod"", ""wikidata_id"": ""Q2958115"" } ```",17.12272071838379
GDL-1948-07-15-a-i0035,2168,2178,Zumbrunnen,NIL,PER,Q3175145,Jean Zumbrunnen,"```json { ""wikipedia_page"": ""Jean Zumbrunnen"", ""wikidata_id"": ""Q3175145"" } ```",20.247129440307617
GDL-1948-07-15-a-i0035,2183,2215,"premier des candidats, M. Buitin",NIL,PER,Q3309089,Michel Boutin,"```json { ""wikipedia_page"": ""Michel Boutin"", ""wikidata_id"": ""Q3309089"" } ```",10.918850898742676
GDL-1948-07-15-a-i0035,2228,2248,M. Maurice Fontannaz,NIL,PER,Q12353056,Nancy Fontannaz,"```json { ""wikipedia_page"": ""Nancy Fontannaz"", ""wikidata_id"": ""Q12353056"" } ```",20.38431167602539
GDL-1948-07-15-a-i0035,2379,2387,Tavalles,NIL,LOC,Q1353747,vallée de Tavannes,,0
GDL-1948-07-15-a-i0035,2447,2466,Chapelle des Posses,NIL,LOC,Q937599,La Chapelle-des-Pots,"Based on the provided text and the list of candidates, the entity mentioned between the [ENT] tags is ""Chapelle des Posses"". From the list of candidates, the most appropriate match is: ```json {""wikipedia_page"":""La Chapelle-des-Pots"", ""wikidata_id"":""Q937599""} ```",18.364879608154297
GDL-1948-07-15-a-i0035,2490,2500,M. Reymond,NIL,PER,Q3310795,Michel Rémon,"```json { ""wikipedia_page"": ""Michel Rémon"", ""wikidata_id"": ""Q3310795"" } ```",14.876737594604492
GDL-1948-07-15-a-i0035,2515,2531,La Tour de Peilz,Q69721,LOC,Q69721,La Tour-de-Peilz,,0
GDL-1948-07-15-a-i0035,2566,2589,M. le syndic Sollberger,Q2960241,PER,Q2960241,Charles Sollberger,"```json { ""wikipedia_page"": ""Charles Sollberger"", ""wikidata_id"": ""Q2960241"" } ```",16.776567459106445
GDL-1948-07-15-a-i0035,2624,2631,Solalex,Q27849991,LOC,Q68201,Thônex,"```json {""wikipedia_page"":""Thônex"", ""wikidata_id"":""Q68201""} ```",19.328205108642578
GDL-1948-07-15-a-i0035,2696,2699,Bex,Q52261,LOC,Q52261,Bex,,0
GDL-1948-07-15-a-i0035,2717,2757,Société des Forces motrices de l'Avançon,NIL,ORG,Q3488135,Société des forces motrices de l'Arve,"```json { ""wikipedia_page"": ""Société des Forces motrices de l'Avançon"", ""wikidata_id"": ""Q3488135"" } ```",20.246675491333008
GDL-1948-07-15-a-i0035,2811,2817,RENENS,Q69745,LOC,Q69745,Renens,,0
GDL-1948-07-15-a-i0035,2849,2854,C. P.,NIL,PER,NIL,C. P.,"```json {""wikipedia_page"":""NIL"", ""wikidata_id"":""NIL""} ```",0
GDL-1948-07-15-a-i0035,2903,2920,"M. Ruedi, notaire",NIL,PER,Q189010,notaire,"```json { ""wikipedia_page"": ""notaire"", ""wikidata_id"": ""Q189010"" } ```",15.86703109741211
GDL-1948-07-15-a-i0035,2925,2959,Société de développement de Renens,NIL,ORG,Q69745,Renens,"```json { ""wikipedia_page"": ""Renens"", ""wikidata_id"": ""Q69745"" } ```",19.591886520385742
GDL-1948-07-15-a-i0035,3008,3022,MM. D Dusserre,NIL,PER,Q2842386,Ambroise Jules Joubert-Bonnaire,"I have analyzed the input text and the list of candidates. Based on the context of the text, the entity mentioned between the [ENT] tags is ""D Dusserre"" (Chavannes). From the list of candidates, I can match this with the entity ""Ambroise Jules Joubert-Bonnaire"" (wikipedia_page: ""Ambroise Jules Joubert-Bonnaire"", wikidata_id: ""Q2842386""). Here is the JSON object: ```json {""wikipedia_page"": ""Ambroise Jules Joubert-Bonnaire"", ""wikidata_id"": ""Q2842386""} ```",13.308331489562988
GDL-1948-07-15-a-i0035,3024,3033,Chavannes,Q22485060,LOC,Q52704,Chavannes-le-Chêne,,0
GDL-1948-07-15-a-i0035,3036,3051,Clardon Antoine,NIL,PER,Q2853687,Antoine Blatin,,0
GDL-1948-07-15-a-i0035,3053,3061,Ecublens,Q69716,LOC,Q69716,Ecublens,,0
GDL-1948-07-15-a-i0035,3064,3069,Moraz,NIL,PER,Q2959846,Charles Morazé,"Based on the provided text and candidates, I can confidently match [ENT] to the entity 'Morazé'. The most appropriate Wikidata entity from the list of candidates is 'Charles Morazé' (wikipedia_page: ""Charles Morazé"", wikidata_id: ""Q2959846""). Here is the JSON-formatted answer: ```json { ""wikipedia_page"": ""Charles Morazé"", ""wikidata_id"": ""Q2959846"" } ```",15.88515853881836
GDL-1948-07-15-a-i0035,3071,3079,Crissier,Q57121,LOC,Q57121,Crissier,"Based on the provided text and the list of candidates, the entity mentioned between the [ENT] tags is highly confident as ""Crissier"". Therefore, the JSON output will be: ```json {""wikipedia_page"":""Crissier"", ""wikidata_id"":""Q57121""} ```",19.8187313079834
GDL-1948-07-15-a-i0035,3082,3093,MM. Manriry,NIL,PER,NIL,MM. Manriry,"```json { ""wikipedia_page"": ""NIL"", ""wikidata_id"": ""NIL"" } ```",0
GDL-1948-07-15-a-i0035,3095,3103,Christin,NIL,PER,Q1063395,Charles-Gabriel-Frédéric Christin,"Based on the provided text and list of candidates, the most appropriate Wikidata entity for the entity tagged with [ENT] is: ```json {""wikipedia_page"": ""Charles-Gabriel-Frédéric Christin"", ""wikidata_id"": ""Q1063395""} ``` Here's the disambiguation reasoning: - The name ""Christin"" appears in the text in the context of politics, which suggests a political figure. - Among the candidates, ""Charles-Gabriel-Frédéric Christin"" has a description of ""homme politique français,"" which closely matches the political context in the text.",14.47678279876709
GDL-1948-07-15-a-i0035,3105,3112,Clardon,NIL,PER,Q3309772,Michel Glardon,"```json { ""wikipedia_page"": ""Michel Glardon"", ""wikidata_id"": ""Q3309772"" } ```",15.502413749694824
GDL-1948-07-15-a-i0035,3124,3128,Ross,NIL,PER,Q908629,Ross,"```json { ""wikipedia_page"": ""Ross"", ""wikidata_id"": ""Q908629"" } ```",11.282798767089844
GDL-1948-07-15-a-i0035,3130,3137,Coderey,NIL,PER,Q2362681,Louis Coderre,"```json { ""wikipedia_page"": ""Claude Coderre"", ""wikidata_id"": ""Q2362681"" } ```",15.89562702178955
GDL-1948-07-15-a-i0035,3141,3156,Arthur Miéville,NIL,PER,Q78066642,Adrien Miéville,,0
GDL-1948-07-15-a-i0035,3174,3180,Renens,Q69745,LOC,Q647,Rennes,,0
GDL-1948-07-15-a-i0035,3231,3240,Chavannes,Q22485060,LOC,Q1168879,Chevannes,,0
GDL-1948-07-15-a-i0035,3242,3250,Ecublens,Q69716,LOC,Q69716,Ecublens,,0
GDL-1948-07-15-a-i0035,3252,3260,Crissier,Q57121,LOC,Q57121,Crissier,"```json { ""wikipedia_page"": ""Crissier"", ""wikidata_id"": ""Q57121"" } ```",20.829233169555664
GDL-1948-07-15-a-i0035,3264,3270,Renens,Q69745,LOC,Q647,Rennes,,0
GDL-1948-07-15-a-i0035,3418,3424,Renens,Q69745,LOC,Q647,Rennes,,0
GDL-1948-12-11-a-i0039,27,36,Châtelard,Q1809798,LOC,Q861652,Châtelard,,0
GDL-1948-12-11-a-i0039,63,72,Châtelard,Q1809798,LOC,Q861652,Châtelard,,0
GDL-1948-12-11-a-i0039,73,86,Mon- '' treux,Q69354,LOC,Q69354,Montreux,"Based on the provided text and the list of candidates, the entity mentioned between the [ENT] tags is ""Mon-'' treux"". From the list of candidates, the most appropriate match is: - ""Montreux"" with Wikidata ID ""Q69354"". Therefore, the JSON response is: ```json {""wikipedia_page"": ""Montreux"", ""wikidata_id"": ""Q69354""} ```",17.435861587524414
GDL-1948-12-11-a-i0039,266,270,Vaud,Q12771,LOC,Q12771,canton de Vaud,,0
GDL-1948-12-11-a-i0039,716,725,Châtelard,Q1809798,LOC,Q861652,Châtelard,"```json { ""wikipedia_page"": ""Châtelard"", ""wikidata_id"": ""Q861652"" } ```",20.992876052856445
GDL-1948-12-11-a-i0039,930,944,Conseil d'Etat,Q662792,ORG,Q769657,Conseil d'État,"```json { ""wikipedia_page"": ""Conseil d'État"", ""wikidata_id"": ""Q769657"" } ```",17.991769790649414
GDL-1958-07-29-a-i0071,146,159,Confédération,Q39,LOC,Q39,Suisse,"Based on the context provided in the French press article of 1958-07-29, the entity ""Confédération"" is likely referring to the ""Confédération suisse"" or ""Ancienne Confédération suisse"". Given the context and the historical period, the most appropriate Wikidata entity is: ```json { ""wikipedia_page"": ""Suisse"", ""wikidata_id"": ""Q39"" } ```",19.774927139282227
GDL-1958-07-29-a-i0071,223,270,Département fédéral des finances et des douanes,Q662317,ORG,Q662317,Département fédéral des finances,,0
GDL-1968-05-30-a-i0128,63,70,LONDRES,Q84,LOC,Q84,Londres,"```json { ""wikipedia_page"": ""Londres"", ""wikidata_id"": ""Q84"" } ```",21.949777603149414
GDL-1968-05-30-a-i0128,153,156,BRI,Q309195,ORG,Q309195,Banque des règlements internationaux,"```json { ""wikipedia_page"": ""Banque des règlements internationaux"", ""wikidata_id"": ""Q309195"" } ```",20.068815231323242
GDL-1968-05-30-a-i0128,158,194,Banque des Règlements Internationaux,Q309195,ORG,Q309195,Banque des règlements internationaux,,0
GDL-1968-05-30-a-i0128,345,348,BRI,Q309195,ORG,Q309195,Banque des règlements internationaux,"```json { ""wikipedia_page"": ""Banque des règlements internationaux"", ""wikidata_id"": ""Q309195"" } ```",16.833768844604492
GDL-1968-05-30-a-i0128,368,384,Banque de France,Q806950,ORG,Q806950,Banque de France,,0
GDL-1968-05-30-a-i0128,567,573,Europe,Q46,LOC,Q46,Europe,,0
GDL-1968-05-30-a-i0128,986,989,BRI,Q309195,ORG,Q309195,Banque des règlements internationaux,"```json {""wikipedia_page"": ""Banque des règlements internationaux"", ""wikidata_id"": ""Q309195""} ```",19.85072898864746
GDL-1968-05-30-a-i0128,1034,1058,"Aile-, magne occidentale",Q713750,LOC,Q16640771,Générale Occidentale,"```json {""wikipedia_page"": ""Générale Occidentale"", ""wikidata_id"": ""Q16640771""} ```",11.904157638549805
GDL-1968-05-30-a-i0128,1137,1139,Ap,Q40469,ORG,NIL,Ap,"{ ""wikipedia_page"": ""NIL"", ""wikidata_id"": ""NIL"" }",0
GDL-1968-11-02-a-i0267,29,40,Paul Morand,Q272,PER,Q272,Paul Morand,,0
GDL-1968-11-02-a-i0267,46,64,Académie française,Q161806,ORG,Q161806,Académie française,,0
GDL-1968-11-02-a-i0267,105,116,Paul Morand,Q272,PER,Q272,Paul Morand,,0
GDL-1968-11-02-a-i0267,164,181,Jean Schlumberger,Q322520,PER,Q322520,Jean Schlumberger,,0
GDL-1968-11-02-a-i0267,297,309,Schlumberger,Q322520,PER,Q322520,Jean Schlumberger,,0
GDL-1968-11-02-a-i0267,327,351,Nouvelle Revue Française,Q616067,PROD,Q616067,La Nouvelle Revue française,,0
GDL-1968-11-02-a-i0267,355,361,Morand,Q272,PER,Q272,Paul Morand,,0
GDL-1968-11-02-a-i0267,456,462,Morand,Q272,PER,Q272,Paul Morand,,0
GDL-1968-11-02-a-i0267,590,601,Tour Eiffel,Q243,LOC,Q243,tour Eiffel,,0
GDL-1968-11-02-a-i0267,792,798,Morand,Q272,PER,Q15268944,Eugène Morand,,0
GDL-1968-11-02-a-i0267,1338,1344,Morand,Q272,PER,Q272,Paul Morand,,0
GDL-1968-11-02-a-i0267,1377,1384,Paulhan,Q470557,PER,Q470557,Jean Paulhan,,0
GDL-1968-11-02-a-i0267,1400,1406,Proust,Q7199,PER,Q7199,Marcel Proust,,0
GDL-1968-11-02-a-i0267,1799,1810,Paul Morand,Q272,PER,Q272,Paul Morand,,0
GDL-1968-11-02-a-i0267,1826,1837,Tour Eiffel,Q243,LOC,Q243,tour Eiffel,,0
GDL-1968-11-02-a-i0267,2165,2182,Jean Schlumberger,Q322520,PER,Q322520,Jean Schlumberger,,0
GDL-1968-11-02-a-i0267,2262,2279,Jean Schlumberger,Q322520,PER,Q322520,Jean Schlumberger,,0
GDL-1968-11-02-a-i0267,2373,2382,Gallimard,Q273819,ORG,Q273819,Éditions Gallimard,,0
GDL-1968-11-02-a-i0267,2698,2710,Schlumberger,Q322520,PER,Q704218,Gustave Schlumberger,,0
GDL-1968-11-02-a-i0267,2930,2942,Schlumberger,Q322520,PER,Q704218,Gustave Schlumberger,,0
GDL-1968-11-02-a-i0267,3252,3256,Gide,Q47484,PER,Q47484,André Gide,,0
GDL-1968-11-02-a-i0267,3260,3274,Martin du Gard,Q129155,PER,Q129155,Roger Martin du Gard,,0
GDL-1968-11-02-a-i0267,3326,3329,NRF,Q616067,ORG,Q616067,La Nouvelle Revue française,"```json { ""wikipedia_page"": ""La Nouvelle Revue française"", ""wikidata_id"": ""Q616067"" } ```",16.018705368041992
GDL-1968-11-02-a-i0267,3359,3374,Edmond Gilliard,Q3047840,PER,Q3047840,Edmond Gilliard,,0
GDL-1968-11-02-a-i0267,3399,3414,Cahiers vaudois,Q15695408,PROD,Q15695408,Cahiers vaudois,,0
GDL-1968-11-02-a-i0267,3435,3440,Ramuz,Q123635,PER,Q123635,Charles Ferdinand Ramuz,"Based on the provided text, the entity mentioned between the [ENT] tags is ""Ramuz"". Among the candidates, the most appropriate Wikidata entity is ""Charles Ferdinand Ramuz"". Here is the JSON object with the selected Wikipedia page title and Wikidata ID: ```json {""wikipedia_page"": ""Charles Ferdinand Ramuz"", ""wikidata_id"": ""Q123635""} ```",19.695552825927734
GDL-1968-11-02-a-i0267,3502,3526,avenida de Los Pacificos,NIL,LOC,NIL,avenida de Los Pacificos,"Based on the input text and the list of candidates, the two entities mentioned within the [ENT] tags are ""avenue de Los Pacificos"" and ""Pucnte Vjeja"". However, none of the provided candidates match these entities with high confidence. Therefore, the JSON response is: ```json {""wikipedia_page"": ""NIL"", ""wikidata_id"": ""NIL""} ```",0
GDL-1968-11-02-a-i0267,3553,3577,quartier de Pucnte Vjeja,NIL,LOC,NIL,quartier de Pucnte Vjeja,"```json { ""wikipedia_page"": ""NIL"", ""wikidata_id"": ""NIL"" } ```",0
GDL-1968-11-02-a-i0267,3605,3615,Villacorte,NIL,LOC,Q21493529,Villacorta,"Based on the provided text, the entities between the [ENT] tags are ""Villacorte"" and ""Villacorte"". - ""Villacorte"" appears twice in the text. The most likely candidate from the list is ""Villacorta"" with Wikidata ID ""Q21493529"" and Wikipedia page ""Villacorta"". Thus, the JSON object for the disambiguated entity is: ```json {""wikipedia_page"":""Villacorta"", ""wikidata_id"":""Q21493529""} ``` For the second entity ""Villacorte"", none of the candidates match with high confidence, so the value is ""NIL"": ```json {""wikipedia_page"":""NIL"", ""wikidata_id"":""NIL""} ```",16.675670623779297
GDL-1968-11-02-a-i0267,3681,3694,Gonzalo Arias,Q3699081,PER,Q3699081,Gonzalo Arias,,0
GDL-1968-11-02-a-i0267,3839,3853,Euscbio Martin,NIL,PER,Q2889235,Eusebio Pérez Martín,"```json {""wikipedia_page"":""Eusebio Pérez Martín"", ""wikidata_id"":""Q2889235""} ```",20.65897560119629
GDL-1968-11-02-a-i0267,3879,3885,Martin,NIL,PER,Q134160,José de San Martín,"```json {""wikipedia_page"":""José de San Martín"", ""wikidata_id"":""Q134160""} ```",13.57896900177002
GDL-1968-11-02-a-i0267,4087,4122,général Tranco sauveur de la patrie,NIL,PER,NIL,général Tranco sauveur de la patrie,"```json { ""wikipedia_page"": ""NIL"", ""wikidata_id"": ""NIL"" } ```",0
GDL-1968-11-02-a-i0267,4376,4382,Martin,NIL,PER,Q3099074,Gaston Martin,"```json {""wikipedia_page"":""Gaston Martin"", ""wikidata_id"":""Q3099074""} ```",13.281896591186523
GDL-1968-11-02-a-i0267,4413,4419,Martin,NIL,PER,NIL,Martin,"```json { ""wikipedia_page"": ""NIL"", ""wikidata_id"": ""NIL"" } ```",0
GDL-1968-11-02-a-i0267,4500,4514,Eusebio Martin,NIL,PER,Q16031392,,,0
GDL-1968-11-02-a-i0267,4657,4665,Le Monde,Q12461,PROD,Q12461,Le Monde,,0
GDL-1968-11-02-a-i0267,4681,4688,Espagne,Q29,LOC,Q29,Espagne,,0
GDL-1968-11-02-a-i0267,4761,4767,Madrid,Q2807,LOC,Q2807,Madrid,,0
GDL-1968-11-02-a-i0267,4818,4870,"M. Gonzalo Arias, fonctionnaire de ! Unesco, à Paris",Q3699081,PER,Q3699081,Gonzalo Arias,"The entity mentioned between the [ENT] tags in the provided text is ""Gonzalo Arias"". Based on the given list of candidates, the most appropriate Wikidata entity is ""Gonzalo Arias"" with the following details: - Wikipedia page: Gonzalo Arias - Wikidata ID: Q3699081 Here is the JSON response: ```json {""wikipedia_page"":""Gonzalo Arias"", ""wikidata_id"":""Q3699081""} ```",11.493711471557617
GDL-1968-11-02-a-i0267,4945,4964,Jean-Marie Domenach,Q3167641,PER,Q3167641,Jean-Marie Domenach,,0
GDL-1968-11-02-a-i0267,5600,5613,totalitarisme,Q128135,PROD,Q128135,totalitarisme,,0
GDL-1968-11-02-a-i0267,5798,5810,Albin-Michel,Q2190366,ORG,Q2190366,Éditions Albin Michel,,0
GDL-1968-11-02-a-i0267,5872,5900,Armel Guerne. son adaptateur,Q2047594,PER,Q2047594,Armel Guerne,,0
GDL-1968-11-02-a-i0267,6081,6089,Occident,Q160381,LOC,Q160381,civilisation occidentale,,0
GDL-1968-11-02-a-i0267,6190,6198,Kawabata,Q43736,PER,Q43736,Yasunari Kawabata,"```json {""wikipedia_page"":""Yasunari Kawabata"", ""wikidata_id"":""Q43736""} ```",21.858924865722656
GDL-1968-11-02-a-i0267,6200,6209,Guy Dunmr,Q3121746,PER,Q3121746,Guy Dumur,,0
GDL-1968-11-02-a-i0267,6346,6354,Sarraute,Q297758,PER,Q297758,Nathalie Sarraute,,0
GDL-1968-11-02-a-i0267,6361,6374,Robbe-Grillet,Q216266,PER,Q216266,Alain Robbe-Grillet,,0
GDL-1968-11-02-a-i0267,6517,6525,Kawabata,Q43736,PER,Q43736,Yasunari Kawabata,,0
GDL-1968-11-02-a-i0267,6633,6641,Kawabata,Q43736,PER,Q43736,Yasunari Kawabata,,0
GDL-1968-11-02-a-i0267,6766,6785,France Albin-Michel,Q2831889,PER,Q2190366,Éditions Albin Michel,"```json { ""wikipedia_page"": ""Éditions Albin Michel"", ""wikidata_id"": ""Q2190366"" } ```",19.73354148864746
GDL-1968-11-02-a-i0267,6917,6932,Israélien Agnon,Q133042,PER,Q133042,Samuel Joseph Agnon,"```json {""wikipedia_page"": ""Samuel Joseph Agnon"", ""wikidata_id"": ""Q133042""} ```",15.716682434082031
GDL-1968-11-02-a-i0267,6945,6967,Guatémaltèque Asturias,Q75603,PER,Q75603,Miguel Ángel Asturias,"```json {""wikipedia_page"":""Miguel Ángel Asturias"", ""wikidata_id"":""Q75603""} ```",13.420660972595215
GDL-1968-11-02-a-i0267,6982,7008,Japonais Yanusari Kawabata,Q43736,PER,Q43736,Yasunari Kawabata,"Based on the input text and the candidate list, the entity mentioned within the [ENT] tags is ""Yasuari Kawabata"". The corresponding Wikidata ID and Wikipedia page title are: ```json {""wikipedia_page"": ""Yasunari Kawabata"", ""wikidata_id"": ""Q43736""} ```",18.217063903808594
GDL-1968-11-02-a-i0267,7054,7067,André Malraux,Q151164,PER,Q151164,André Malraux,,0
GDL-1968-11-02-a-i0267,7127,7133,Thonon,Q206165,LOC,Q206165,Thonon-les-Bains,,0
GDL-1968-11-02-a-i0267,7275,7297,Municipalité de Thonon,NIL,ORG,Q28942567,Thonon Agglomération,,0
GDL-1968-11-02-a-i0267,7461,7467,Thonon,Q206165,LOC,Q206165,Thonon-les-Bains,,0
GDL-1968-11-02-a-i0267,7579,7599,Municipalité de Caen,NIL,ORG,Q41185,Caen,,0
GDL-1968-11-02-a-i0267,7629,7639,Jo Trehard,Q3179419,PER,Q3179419,Jo Tréhard,,0
GDL-1968-11-02-a-i0267,7690,7714,Théâtre national de Caen,Q3527622,ORG,Q3527622,théâtre de Caen,,0
GDL-1968-11-02-a-i0267,7770,7775,Paris,Q90,LOC,Q90,Paris,"```json { ""wikipedia_page"": ""Paris"", ""wikidata_id"": ""Q90"" } ```",19.060962677001953
GDL-1968-11-02-a-i0267,7943,7950,Trehard,Q3179419,PER,Q3179419,Jo Tréhard,,0
GDL-1968-11-02-a-i0267,8049,8058,Normandie,Q18677875,LOC,Q15878,Normandie,,0
GDL-1968-11-02-a-i0267,8073,8087,Champs-Elysées,Q550,LOC,Q550,avenue des Champs-Élysées,,0
GDL-1968-11-02-a-i0267,8103,8118,Opéra de Vienne,Q209937,ORG,Q209937,opéra d'État de Vienne,,0
GDL-1968-11-02-a-i0267,8170,8175,Paris,Q90,LOC,Q90,Paris,,0
GDL-1968-11-02-a-i0267,8240,8254,Alwin Nikoldis,Q449880,PER,Q449880,Alwin Nikolais,,0
GDL-1968-11-02-a-i0267,8331,8349,Gazette littéraire,NIL,PROD,Q3099770,Gazette littéraire de l'Europe,"The entity mentioned between the [ENT] tags is related to the ""Gazette littéraire de l'Europe"". This matches with the provided candidate with high confidence. ```json {""wikipedia_page"":""Gazette littéraire de l'Europe"", ""wikidata_id"":""Q3099770""} ```",19.247222900390625
GDL-1968-11-02-a-i0267,8569,8581,Rauschcnberg,Q164358,PER,Q164358,Robert Rauschenberg,,0
GDL-1968-11-02-a-i0267,8606,8611,Paris,Q90,LOC,Q857276,musée d'Art moderne de Paris,"{""wikipedia_page"": ""musée d'Art moderne de Paris"", ""wikidata_id"": ""Q857276""}",13.851924896240234
GDL-1968-11-02-a-i0267,8626,8643,Galerie Sonnabend,NIL,ORG,Q531499,Ileana Sonnabend,,0
GDL-1968-11-02-a-i0267,8685,8714,Musée municipal d'art moderne,Q857276,ORG,Q857276,musée d'Art moderne de Paris,,0
GDL-1968-11-02-a-i0267,8755,8767,Rauschenberg,Q164358,PER,Q164358,Robert Rauschenberg,,0
GDL-1968-11-02-a-i0267,8899,8905,Calder,Q151580,PER,Q151580,Alexander Calder,,0
GDL-1968-11-02-a-i0267,8911,8917,Maeght,Q2742485,ORG,Q1435689,Fondation Maeght,,0
GDL-1968-11-02-a-i0267,8921,8927,Stahly,Q468744,PER,Q468744,François Stahly,,0
GDL-1968-11-02-a-i0267,8933,8948,Galerie Speyers,NIL,ORG,Q87671134,Kunstverein Speyer,,0
GDL-1968-11-02-a-i0267,9087,9093,Jouvet,Q60801,PER,Q60801,Louis Jouvet,,0
GDL-1968-11-02-a-i0267,9109,9118,Giraudoux,Q309974,PER,Q309974,Jean Giraudoux,"```json {""wikipedia_page"":""Jean Giraudoux"", ""wikidata_id"":""Q309974""} ```",18.708250045776367
GDL-1968-11-02-a-i0267,9198,9202,Piaf,Q1631,PER,Q1631,Édith Piaf,,0
GDL-1968-11-02-a-i0267,9216,9228,Raymond Asso,Q2552540,PER,Q2552540,Raymond Asso,,0
GDL-1968-11-02-a-i0267,9246,9258,Raymond Asso,Q2552540,PER,Q2552540,Raymond Asso,,0
GDL-1968-11-02-a-i0267,9337,9344,Montand,Q106057,PER,Q106057,Yves Montand,"```json { ""wikipedia_page"": ""Yves Montand"", ""wikidata_id"": ""Q106057"" } ```",20.881399154663086
GDL-1968-11-02-a-i0267,9359,9366,Olympia,Q915451,ORG,Q915451,Olympia,"```json {""wikipedia_page"": ""Olympia"", ""wikidata_id"": ""Q915451""} ```",18.79643440246582
GDL-1968-11-02-a-i0267,9372,9377,Gréco,Q156485,PER,Q156485,Juliette Gréco,"```json {""wikipedia_page"":""Juliette Gréco"", ""wikidata_id"":""Q156485""} ``` Explanation: The entity mentioned between the [ENT] tags is ""Gréco,"" which is highly likely to refer to the French singer and actress Juliette Gréco. Given the context of the article (mentioning another French singer, Édith Piaf), and the provided candidate list, Juliette Gréco is the most appropriate match.",19.822086334228516
GDL-1968-11-02-a-i0267,9391,9397,Bobino,Q888776,ORG,Q888776,Bobino,"```json { ""wikipedia_page"": ""Bobino"", ""wikidata_id"": ""Q888776"" } ```",19.70426368713379
GDL-1968-11-02-a-i0267,9438,9451,Pierre Perret,Q2093776,PER,Q2093776,Pierre Perret,,0
GDL-1968-11-02-a-i0267,9469,9483,Georges Chelon,Q3102470,PER,Q3102470,Georges Chelon,,0
GDL-1968-11-02-a-i0267,9525,9530,Seine,Q1471,LOC,Q19944990,La Seine musicale,"```json { ""wikipedia_page"": ""La Seine musicale"", ""wikidata_id"": ""Q19944990"" } ```",13.278462409973145
GDL-1978-06-23-a-i0197,342,349,Londres,Q84,LOC,Q84,Londres,,0
GDL-1978-06-23-a-i0197,356,370,M. Cyrus Vance,Q296661,PER,Q296661,Cyrus Vance,,0
GDL-1978-06-23-a-i0197,414,420,Israël,Q801,LOC,Q801,Israël,"Based on the provided text and the list of candidates, the entity mentioned between the [ENT] tags is ""Israël"". Considering the context and the list of candidates, the most appropriate Wikidata entity is: ```json {""wikipedia_page"":""Israël"", ""wikidata_id"":""Q801""} ```",20.60063362121582
GDL-1978-06-23-a-i0197,426,432,Egypte,Q79,LOC,Q79,Égypte,"```json {""wikipedia_page"": ""Égypte"", ""wikidata_id"": ""Q79""} ```",20.477436065673828
GDL-1978-06-23-a-i0197,521,534,Proche-Orient,Q7204,LOC,Q48214,Proche-Orient,,0
GDL-1978-06-23-a-i0197,582,591,Jérusalem,Q1218,LOC,Q1218,Jérusalem,,0
GDL-1978-06-23-a-i0197,595,603,Le Caire,Q85,LOC,Q85,Le Caire,,0
GDL-1978-06-23-a-i0197,741,749,New York,Q60,LOC,Q60,New York,,0
GDL-1978-06-23-a-i0197,752,767,Louis Wiznitzer,NIL,PER,Q16744989,Luis Kemnitzer,,0
GDL-1978-06-23-a-i0197,940,950,Etats-Unis,Q30,LOC,Q30,États-Unis,,0
GDL-1978-06-23-a-i0197,1046,1055,M. Sadate,Q42013,PER,Q42013,Anouar el-Sadate,,0
GDL-1978-06-23-a-i0197,1537,1590,"M. Holding Carter, porte-parole du Département d'Etat",Q5875974,PER,Q4960960,Brendan Kyle Hatcher,"Given the input text and the list of candidates, the entity tagged between [ENT] is ""M. Holding Carter"". Among the candidates, the most appropriate Wikidata entity is ""Brendan Kyle Hatcher"" with the Wikidata ID ""Q4960960"" and the Wikipedia page title ""Brendan Kyle Hatcher"". Here is the JSON-formatted answer: ```json { ""wikipedia_page"": ""Brendan Kyle Hatcher"", ""wikidata_id"": ""Q4960960"" } ```",14.873198509216309
GDL-1978-06-23-a-i0197,1716,1769,"M. Javits, sénateur de New York juif et pro-israèlien",Q1875906,PER,Q1875906,Jacob K. Javits,"```json { ""wikipedia_page"": ""Jacob K. Javits"", ""wikidata_id"": ""Q1875906"" } ```",19.036746978759766
GDL-1978-06-23-a-i0197,1789,1797,Capitole,Q54109,LOC,Q54109,Capitole des États-Unis,,0
GDL-1978-06-23-a-i0197,1930,1936,Israël,Q801,LOC,Q801,Israël,,0
GDL-1978-06-23-a-i0197,1969,1978,M. Carter,Q23685,PER,Q23685,Jimmy Carter,,0
GDL-1978-06-23-a-i0197,1993,2001,M. Begin,Q130873,PER,Q130873,Menahem Begin,,0
GDL-1978-06-23-a-i0197,2214,2217,USA,Q30,LOC,Q30,États-Unis,,0
GDL-1978-06-23-a-i0197,2250,2256,Israël,Q801,LOC,Q801,Israël,,0
GDL-1978-06-23-a-i0197,2331,2342,Cisjordanie,Q36678,LOC,Q36678,Cisjordanie,,0
GDL-1978-06-23-a-i0197,2346,2350,Gaza,Q39760,LOC,Q47492,Gaza,,0
GDL-1978-06-23-a-i0197,2365,2371,Israël,Q801,LOC,Q801,Israël,"```json { ""wikipedia_page"": ""Israël"", ""wikidata_id"": ""Q801"" } ```",20.31205940246582
GDL-1978-06-23-a-i0197,2458,2464,Egypte,Q79,LOC,Q79,Égypte,,0
GDL-1978-06-23-a-i0197,2600,2610,Etats-Unis,Q30,LOC,Q30,États-Unis,,0
GDL-1978-06-23-a-i0197,2701,2710,M. Sadate,Q42013,PER,Q42013,Anouar el-Sadate,,0
GDL-1978-06-23-a-i0197,2736,2747,roi Hussein,Q146906,PER,Q146906,Hussein Ier de Jordanie,,0
GDL-1988-07-08-a-i0186,0,26,J 3 ENÈVE Nastassia Kinski,Q76711,PER,Q76711,Nastassja Kinski,"Based on the provided text and the list of candidates, the entity ""Nastassia Kinski"" is mentioned. Among the list of candidates, there is a match: ""Nastassia Kinski"" with the wikipedia_page ""Nastassja Kinski"" and wikidata_id ""Q76711"". ```json {""wikipedia_page"":""Nastassja Kinski"", ""wikidata_id"":""Q76711""} ```",12.498323440551758
GDL-1988-07-08-a-i0186,55,58,ATS,Q430109,ORG,Q108408357,Admission sur titre,"Based on the analysis of the input text, the entity mentioned between the [ENT] tags is ""ATS"". Among the list of candidates, the closest match is ""Admission sur titre"" with Wikidata ID Q108408357, which corresponds to a French system allowing students from universities to enter a grande école. Here is the JSON output: ```json {""wikipedia_page"": ""Admission sur titre"", ""wikidata_id"": ""Q108408357""} ```",9.059357643127441
GDL-1988-07-08-a-i0186,63,87,actrice Nastassia Kinski,Q76711,PER,Q76711,Nastassja Kinski,,0
GDL-1988-07-08-a-i0186,114,120,Genève,Q71,LOC,Q71,Genève,,0
GDL-1988-07-08-a-i0186,151,172,société Leila Film SA,NIL,ORG,Q112176862,société par actions simplifiée,"Based on the provided text and the list of candidates, the entity mentioned between [ENT] tags is ""société Leila Film SA"". Among the provided candidates, the closest match is ""société par actions simplifiée"" (Wikidata ID: Q112176862), as it is a type of society in France. Therefore, the disambiguated entity is: ```json {""wikipedia_page"":""société par actions simplifiée"", ""wikidata_id"":""Q112176862""} ```",14.430879592895508
GDL-1988-07-08-a-i0186,234,275,"Henri Dunant, fondateur de la Croix-Rouge",Q12091,PER,Q12091,Henry Dunant,,0
GDL-1988-07-08-a-i0186,280,303,Conseil d'Etat genevois,Q2546890,ORG,Q2546890,Conseil d'État du canton de Genève,,0
GDL-1988-07-08-a-i0186,398,414,Nastassia Kinski,Q76711,PER,Q76711,Nastassja Kinski,,0
GDL-1988-07-08-a-i0186,600,616,Nastassia Kinski,Q76711,PER,Q76711,Nastassja Kinski,,0
GDL-1988-07-08-a-i0186,694,700,Genève,Q71,LOC,Q71,Genève,,0
GDL-1988-07-08-a-i0186,740,756,Nastassia Kinski,Q76711,PER,Q76711,Nastassja Kinski,,0
GDL-1988-07-08-a-i0186,805,843,Comité International de la Croix-Rouge,Q5987345,ORG,Q5987345,Comité international de la Croix-Rouge,,0
GDL-1988-07-08-a-i0186,845,849,CICR,Q5987345,ORG,Q5987345,Comité international de la Croix-Rouge,,0
GDL-1988-07-08-a-i0186,855,869,Conseil d'Etat,Q2546890,ORG,Q2546890,Conseil d'État du canton de Genève,,0
IMP-1908-10-03-a-i0027,22,28,FRANCE,Q142,LOC,Q142,France,"```json {""wikipedia_page"":""France"", ""wikidata_id"":""Q142""} ```",18.8038387298584
IMP-1908-10-03-a-i0027,114,127,rue du Temple,Q3452610,LOC,Q3452610,rue du Temple,,0
IMP-1908-10-03-a-i0027,137,163,rue Notre-Dame-de-Nazareth,Q3449324,LOC,Q3449324,rue Notre-Dame-de-Nazareth,,0
IMP-1908-10-03-a-i0027,444,463,hôpital Saint-Louis,Q1569396,ORG,Q1569396,hôpital Saint-Louis,"```json { ""wikipedia_page"": ""hôpital Saint-Louis"", ""wikidata_id"": ""Q1569396"" } ```",19.406652450561523
IMP-1908-10-03-a-i0027,535,543,Guillard,NIL,PER,Q3262105,Louis Guillard,"Based on the provided input text and the list of candidates, the entity mentioned between the [ENT] tags is most likely ""Louis Guillard"" (footballeur français). Here is the JSON-formatted answer: ```json {""wikipedia_page"": ""Louis Guillard"", ""wikidata_id"": ""Q3262105""} ```",11.12266731262207
IMP-1908-10-03-a-i0027,683,692,ALLEMAGNE,Q183,LOC,Q183,Allemagne,"Based on the input text and the provided list of candidates, the entity mentioned between the [ENT] tags is ""Allemagne"". The most appropriate Wikidata entity from the list of candidates is: ```json {""wikipedia_page"":""Allemagne"", ""wikidata_id"":""Q183""} ```",11.65239143371582
IMP-1908-10-03-a-i0027,718,728,Magdebourg,Q1733,LOC,Q1733,Magdebourg,,0
IMP-1908-10-03-a-i0027,752,827,"Paul Reindel, ancien exécuteur des hautes œuvres pour la Prusse occidentale",NIL,PER,Q1461675,Friedrich Reindel,"```json {""wikipedia_page"":""Paul Reindel"", ""wikidata_id"":""Q1461675""} ```",15.488425254821777
IMP-1908-10-03-a-i0027,994,1001,M. Paul,NIL,PER,Q1461675,Friedrich Reindel,"```json {""wikipedia_page"": ""Friedrich Reindel"", ""wikidata_id"": ""Q1461675""} ```",7.046615123748779
IMP-1908-10-03-a-i0027,1094,1101,Reindel,NIL,PER,Q1461675,Friedrich Reindel,"```json {""wikipedia_page"": ""Friedrich Reindel"", ""wikidata_id"": ""Q1461675""} ```",17.681175231933594
IMP-1908-10-03-a-i0027,1314,1323,Allemagne,Q183,LOC,NIL,Allemagne,"```json {""wikipedia_page"": ""NIL"", ""wikidata_id"": ""NIL""} ```",0
IMP-1908-10-03-a-i0027,1332,1347,iJKeaz Schwietz,NIL,PER,Q68155,Schwytz,"Based on the provided text and the list of candidates, the entity [ENT] that appears to be a location with significance related to the text is ""Schweitz"". Therefore, the most appropriate Wikidata entity from the list of candidates is ""Schwytz"". ```json { ""wikipedia_page"": ""Schwytz"", ""wikidata_id"": ""Q68155"" } ```",7.930434703826904
IMP-1908-10-03-a-i0027,1367,1376,Br eslasi,Q1799,LOC,Q690996,Bresles,"Based on the given input text and the list of candidates, the entity mentioned between the [ENT] tags, ""Breslasi"", is likely referring to ""Bresles"", a commune in the French department of the Oise. Here is the JSON output with the selected Wikidata entity: ```json {""wikipedia_page"": ""Bresles"", ""wikidata_id"": ""Q690996""} ```",5.725841045379639
IMP-1908-10-03-a-i0027,1408,1415,Reindel,NIL,PER,Q1461675,Friedrich Reindel,"Based on the provided text and list of candidates, the entity mentioned between [ENT] tags is ""Reindel"". The most appropriate Wikidata entity from the list of candidates is ""Friedrich Reindel"". ```json {""wikipedia_page"":""Friedrich Reindel"", ""wikidata_id"":""Q1461675""} ```",16.68637466430664
IMP-1908-10-03-a-i0027,1429,1444,femme _JVie & e,NIL,PER,NIL,femme _JVie & e,"Based on the provided input text and candidates, the entity mentioned between the [ENT] tags in the text does not match any of the provided candidates with high confidence. Therefore, the Wikidata ID should be ""NIL"". ```json {""wikipedia_page"":"""", ""wikidata_id"":""NIL""} ```",0
IMP-1908-10-03-a-i0027,1467,1476,Hambour'g,Q1055,LOC,Q1055,Hambourg,"```json { ""wikipedia_page"": ""Hambourg"", ""wikidata_id"": ""Q1055"" } ```",15.822410583496094
IMP-1908-10-03-a-i0027,1585,1625,"Mailau, cet employé de la ville d'Altona",NIL,PER,Q16157611,Wilhelm Altenloh,"{""wikipedia_page"":""Wilhelm Altenloh"", ""wikidata_id"":""Q16157611""} Analysis: - The text mentions ""Reindel"" who executed ""Mailau"", an employee of the city of Altona. - The candidate ""Wilhelm Altenloh"" is a jurist from the same time period and might be relevant given the context of criminal activity and legal execution. - The other candidates do not match the context or the historical period mentioned in the text. - As the disambiguation is straightforward and the candidate matches the historical context with high confidence, the selected Wikidata entity is ""Wilhelm Altenloh"" with the corresponding Wikipedia page title.",9.606493949890137
IMP-1908-10-03-a-i0027,1757,1763,RUSSIE,Q159,LOC,Q159,Russie,"```json { ""wikipedia_page"": ""Russie"", ""wikidata_id"": ""Q159"" } ```",14.179431915283203
IMP-1908-10-03-a-i0027,1852,1859,Bosdani,NIL,LOC,Q15710469,Bostane,"Based on the provided input text and the list of candidates, the entity `[ENT]` in the article corresponds to ""Bostan"". Among the provided candidates, the closest match is ""Bostane"". ```json {""wikipedia_page"":""Bostane"", ""wikidata_id"":""Q15710469""} ```",12.496220588684082
IMP-1908-10-03-a-i0027,3075,3080,Vilna,Q216,LOC,Q216,Vilnius,,0
IMP-1908-10-03-a-i0027,3623,3631,Soboline,NIL,LOC,NIL,Soboline,"Based on the provided text and the list of candidates, the entity tagged with [ENT] in the text is likely to be the city of Soboline. However, none of the candidates in the list match this entity. Therefore, the answer is: ```json {""wikipedia_page"": ""NIL"", ""wikidata_id"": ""NIL""} ```",0
IMP-1908-10-03-a-i0027,4703,4713,ANGLETERRE,Q21,LOC,Q1156248,Angleterre et pays de Galles,"```json {""wikipedia_page"":""Angleterre et pays de Galles"", ""wikidata_id"":""Q1156248""} ```",12.79174518585205
IMP-1908-10-03-a-i0027,4762,4776,Daily _Express,Q610190,PROD,Q610190,Daily Express,,0
IMP-1908-10-03-a-i0027,5028,5038,Angleterre,Q21,LOC,Q21,Angleterre,,0
IMP-1908-10-03-a-i0027,5568,5581,Daily Express,Q610190,PROD,Q610190,Daily Express,,0
IMP-1908-10-03-a-i0027,5815,5823,New-York,Q60,LOC,Q60,New York,,0
IMP-1908-10-03-a-i0027,5835,5891,"M !. Pierpont Morgan, le célèbre milliarc aire américain",Q54168,PER,NIL,"M !. Pierpont Morgan, le célèbre milliarc aire américain","Based on the provided text and the list of candidates, the entity mentioned between the [ENT] tags is ""Pierpont Morgan"". Among the candidates, the most appropriate Wikidata entity is: ```json {""wikipedia_page"": ""Pierpont Morgan"", ""wikidata_id"": ""Q108014""} ```",0
IMP-1908-10-03-a-i0027,5999,6024,baron James de Rothschild,Q6128825,PER,Q922667,James de Rothschild,"Based on the provided input text and list of candidates, the most appropriate Wikidata entity for the entity tagged with [ENT] is: ```json {""wikipedia_page"":""James de Rothschild"", ""wikidata_id"":""Q922667""} ```",19.486980438232422
IMP-1908-10-03-a-i0027,6044,6063,Banque d'Angleterre,Q183231,ORG,Q183231,banque d'Angleterre,,0
IMP-1938-09-23-a-i0145,49,64,Tchécoslovaquie,Q33946,LOC,Q33946,Tchécoslovaquie,,0
IMP-1938-09-23-a-i0145,70,92,général tchèque Sirovy,Q974542,PER,Q974542,Jan Syrový,"{ ""wikipedia_page"": ""Jan Syrový"", ""wikidata_id"": ""Q974542"" }",19.02265167236328
IMP-1938-09-23-a-i0145,140,164,Prague La Chaux-de-Fonds,Q68124,LOC,Q1085,Prague,"Based on the provided list of candidates, the most appropriate Wikidata entity for the entity tagged with [ENT] in the input text is ""Prague"" with the Wikidata ID ""Q1085"". ```json { ""wikipedia_page"": ""Prague"", ""wikidata_id"": ""Q1085"" } ```",13.774693489074707
IMP-1938-09-23-a-i0145,203,212,Godesberg,Q153260,LOC,Q153260,Bad Godesberg,"{ ""wikipedia_page"": ""Bad Godesberg"", ""wikidata_id"": ""Q153260"" }",20.8823184967041
IMP-1938-09-23-a-i0145,398,404,Berlin,Q64,LOC,NIL,Berlin,"Based on the provided input text and the list of candidates, no candidate matches the entity tagged as [ENT] with high confidence. Therefore, the answer is: ```json {""wikipedia_page"": ""NIL"", ""wikidata_id"": ""NIL""} ```",0
IMP-1938-09-23-a-i0145,651,657,Prague,Q1085,LOC,Q1085,Prague,"Based on the provided text, the entity mentioned within the [ENT] tags is ""Prague"". Given the context and the list of candidates, the most appropriate Wikidata entity for ""Prague"" is the one with the wikipedia_page ""Prague"" and the wikidata_id ""Q1085"". Here is the JSON response: ```json { ""wikipedia_page"": ""Prague"", ""wikidata_id"": ""Q1085"" } ```",17.92154884338379
IMP-1938-09-23-a-i0145,763,777,général Sirovy,Q974542,PER,Q974542,Jan Syrový,"```json {""wikipedia_page"":""Jan Syrový"", ""wikidata_id"":""Q974542""} ```",19.23908805847168
IMP-1938-09-23-a-i0145,884,889,Reich,Q7318,LOC,Q960541,Reich,"Given the input text and the list of candidates, the entity mentioned in the text between the [ENT] tags is ""Reich"" (in French, ""le Reich""). The most appropriate Wikidata entity from the list of candidates that matches this entity with high confidence is the one with the Wikipedia page title ""Reich"" and Wikidata ID ""Q960541"". The response in JSON format is: ```json {""wikipedia_page"":""Reich"", ""wikidata_id"":""Q960541""} ```",13.89773178100586
IMP-1938-09-23-a-i0145,943,949,Prague,Q1085,LOC,Q1085,Prague,"```json { ""wikipedia_page"": ""Prague"", ""wikidata_id"": ""Q1085"" } ```",19.184432983398438
IMP-1938-09-23-a-i0145,1072,1078,Hitler,Q352,PER,Q352,Adolf Hitler,"```json { ""wikipedia_page"": ""Adolf Hitler"", ""wikidata_id"": ""Q352"" } ```",21.988252639770508
IMP-1938-09-23-a-i0145,1249,1258,Godesberg,Q153260,LOC,Q153260,Bad Godesberg,"```json { ""wikipedia_page"": ""Bad Godesberg"", ""wikidata_id"": ""Q153260"" } ```",20.246265411376953
IMP-1938-09-23-a-i0145,1311,1320,Godesberg,Q153260,LOC,Q153260,Bad Godesberg,"{ ""wikipedia_page"": ""Bad Godesberg"", ""wikidata_id"": ""Q153260"" }",19.532413482666016
IMP-1938-09-23-a-i0145,1439,1453,M. Chamberlain,Q10664,PER,Q10664,Neville Chamberlain,,0
IMP-1938-09-23-a-i0145,1472,1479,Londres,Q84,LOC,Q84,Londres,,0
IMP-1938-09-23-a-i0145,1518,1535,chancelier Hitler,Q352,PER,Q352,Adolf Hitler,"Based on the provided text and the list of candidates, it is highly likely that the entity mentioned between the [ENT] tags is a reference to ""Hitler"". The text explicitly mentions ""chancelier Hitler"", which aligns with the candidate ""Adolf Hitler"" from the list. Here is the JSON-formatted answer: ```json {""wikipedia_page"":""Adolf Hitler"", ""wikidata_id"":""Q352""} ```",15.38963508605957
IMP-1938-09-23-a-i0145,1640,1655,Tchécoslovaquie,Q33946,LOC,Q33946,Tchécoslovaquie,,0
IMP-1938-09-23-a-i0145,1674,1680,Oeuvre,Q1880717,PROD,Q1880717,L'Œuvre,"```json {""wikipedia_page"":""L'Œuvre"", ""wikidata_id"":""Q1880717""} ```",10.833962440490723
IMP-1938-09-23-a-i0145,1836,1842,Hitler,Q352,PER,Q352,Adolf Hitler,"```json { ""wikipedia_page"": ""Adolf Hitler"", ""wikidata_id"": ""Q352"" } ```",20.264606475830078
IMP-1938-09-23-a-i0145,2062,2068,Prague,Q1085,LOC,Q1085,Prague,,0
IMP-1938-09-23-a-i0145,2229,2237,Varsovie,Q270,LOC,Q270,Varsovie,"{""wikipedia_page"": ""Varsovie"", ""wikidata_id"": ""Q270""}",21.57393455505371
IMP-1938-09-23-a-i0145,2243,2251,Budapest,Q1781,LOC,Q1781,Budapest,,0
IMP-1938-09-23-a-i0145,2490,2497,Londres,Q84,LOC,Q84,Londres,,0
IMP-1938-09-23-a-i0145,2552,2558,Prague,Q1085,LOC,Q1085,Prague,,0
IMP-1938-09-23-a-i0145,2867,2873,Prague,Q1085,LOC,Q1085,Prague,,0
IMP-1938-09-23-a-i0145,3021,3027,Epoque,Q63171281,PROD,Q112206500,L'Époque,"```json { ""wikipedia_page"": ""L'Époque"", ""wikidata_id"": ""Q112206500"" } ```",10.278185844421387
IMP-1938-09-23-a-i0145,3151,3157,Europe,Q46,LOC,Q466039,Europe continentale,"```json {""wikipedia_page"":""Europe continentale"", ""wikidata_id"":""Q466039""} ```",13.234106063842773
IMP-1938-09-23-a-i0145,3319,3325,Berlin,Q64,LOC,Q64,Berlin,"```json {""wikipedia_page"":""Berlin"", ""wikidata_id"":""Q64""} ```",17.54559898376465
IMP-1938-09-23-a-i0145,3331,3337,Vienne,Q1741,LOC,Q1741,Vienne,"Based on the provided text and candidates list, the most appropriate Wikidata entity for the entity tagged with [ENT] Vienna is: ```json { ""wikipedia_page"": ""Vienne"", ""wikidata_id"": ""Q1741"" } ```",21.641199111938477
IMP-1938-09-23-a-i0145,3343,3350,Breslau,Q1799,LOC,Q1799,Wrocław,"Based on the analysis of the input text, the entities mentioned between the [ENT] tags are ""Breslau"" and ""Trieste"". After comparing these entities with the provided list of candidates, I found the most appropriate Wikidata entity for ""Breslau"" which is ""Wrocław"" with the Wikidata ID Q1799 and the Wikipedia page title ""Wrocław"". For ""Trieste"", there is no match in the provided list of candidates. Therefore, the JSON-formatted answer is: ```json {""wikipedia_page"":""Wrocław"", ""wikidata_id"":""Q1799""}, {""wikipedia_page"":""NIL"", ""wikidata_id"":""NIL""} ```",21.787933349609375
IMP-1938-09-23-a-i0145,3356,3363,Trieste,Q546,LOC,Q546,Trieste,,0
IMP-1938-09-23-a-i0145,3396,3401,Paris,Q90,LOC,Q90,Paris,"```json {""wikipedia_page"":""Paris"", ""wikidata_id"":""Q90""} ```",17.4108943939209
IMP-1938-09-23-a-i0145,3486,3492,Europe,Q46,LOC,Q46,Europe,"Given the input text and the list of candidates, the entity mentioned between the [ENT] tags is ""Europe"". Based on the provided list of candidates, the most appropriate Wikidata entity is: ```json {""wikipedia_page"":""Europe"", ""wikidata_id"":""Q46""} ```",17.354230880737305
IMP-1938-09-23-a-i0145,3497,3506,Allemagne,Q183,LOC,Q7318,Troisième Reich,"```json { ""wikipedia_page"": ""Troisième Reich"", ""wikidata_id"": ""Q7318"" } ```",13.893369674682617
IMP-1938-09-23-a-i0145,3693,3700,Journal,Q3223697,PROD,Q3223697,Le Journal,"```json {""wikipedia_page"":""Le Journal"", ""wikidata_id"":""Q3223697""} ```",13.172636032104492
IMP-1938-09-23-a-i0145,3811,3815,Rome,Q220,LOC,Q220,Rome,"```json { ""wikipedia_page"": ""Rome"", ""wikidata_id"": ""Q220"" } ```",15.059070587158203
IMP-1938-09-23-a-i0145,3905,3910,Reich,Q7318,ORG,Q7318,Troisième Reich," {""wikipedia_page"": ""Troisième Reich"", ""wikidata_id"": ""Q7318""}",12.748313903808594
IMP-1938-09-23-a-i0145,3929,3944,Tchécoslovaquie,Q33946,LOC,Q33946,Tchécoslovaquie,,0
IMP-1938-09-23-a-i0145,4003,4011,Roumanie,Q218,LOC,Q218,Roumanie,"Based on the input text and the provided list of candidates, the entities mentioned between the [ENT] tags are ""Roumanie"" and ""Roumanie."" Among the candidates, the most appropriate Wikidata entity for ""Roumanie"" is: ```json {""wikipedia_page"":""Roumanie"", ""wikidata_id"":""Q218""} ``` Therefore, the JSON response is: ```json {""wikipedia_page"":""Roumanie"", ""wikidata_id"":""Q218""} ```",20.09908676147461
IMP-1938-09-23-a-i0145,4294,4297,P..,NIL,PER,NIL,P..,"Based on the provided text and the list of candidates, the entity marked as [ENT] P.. is ambiguous and does not match any of the candidates with high confidence. Therefore, the response should be: ```json {""wikipedia_page"":""NIL"", ""wikidata_id"":""NIL""} ``` This means that the entity ""P.."" is not confidently disambiguated to any known Wikidata entity from the provided list of candidates.",0
IMP-1958-02-28-a-i0106,12,46,M. Paul CHAUDET Conseiller fédéral,Q118284,PER,Q118284,Paul Chaudet,"```json { ""wikipedia_page"": ""Paul Chaudet"", ""wikidata_id"": ""Q118284"" } ```",14.166969299316406
IMP-1958-02-28-a-i0106,175,196,"Cërcîè ~""__-. "" Sapin",NIL,ORG,Q713296,Michel Sapin,"{ ""wikipedia_page"": ""Michel Sapin"", ""wikidata_id"": ""Q713296"" }",10.310017585754395
IMP-1958-02-28-a-i0106,225,240,M. Paul Chaudet,Q118284,PER,Q43510162,Claude Pahud,,0
IMP-1958-02-28-a-i0106,459,473,Giuseppe Motta,Q559892,PER,Q559892,Giuseppe Motta,,0
IMP-1958-02-28-a-i0106,476,493,Rodolphe Rubattel,Q661957,PER,Q661957,Rodolphe Rubattel,,0
IMP-1958-02-28-a-i0106,497,514,Edmond Schulthess,Q118243,PER,Q118243,Edmund Schulthess,,0
IMP-1958-02-28-a-i0106,517,533,Max _Petitnierre,Q664453,PER,Q664453,Max Petitpierre,,0
IMP-1958-02-28-a-i0106,585,600,M. Paul Chaudet,Q118284,PER,Q118284,Paul Chaudet,,0
IMP-1958-02-28-a-i0106,684,713,Département militaire fédéral,NIL,ORG,Q667135,"département fédéral de la défense, de la protection de la population et des sports",,0
IMP-1958-02-28-a-i0106,1004,1014,M. Chaudet,Q118284,PER,Q3309719,Michel Gaudet,,0
IMP-1958-02-28-a-i0106,1218,1244,Conseiller fédéral Chaudet,Q118284,PER,Q1065124,Charles Juillard,,0
IMP-1958-02-28-a-i0106,1288,1305,La Chaux-de-Fonds,Q68124,LOC,Q68124,La Chaux-de-Fonds,,0
IMP-1958-02-28-a-i0106,1573,1602,Département militaire fédéral,NIL,ORG,Q667135,"département fédéral de la défense, de la protection de la population et des sports",,0
IMP-1958-02-28-a-i0106,1626,1676,Conseiller d'Etat et aux Etats Jean-Louis Barrelet,NIL,PER,Q96261376,Jean-Louis Barrelet,"```json {""wikipedia_page"": ""Jean-Louis Barrelet"", ""wikidata_id"": ""Q96261376""} ```",21.08940887451172
IMP-1958-02-28-a-i0106,1680,1720,"M. Jules Favre, vice-président de l'ANEP",NIL,PER,Q20971864,Jean-Pierre Aubry,"```json {""wikipedia_page"": ""Jean-Pierre Aubry"", ""wikidata_id"": ""Q20971864""} ```",15.409048080444336
IMP-1958-02-28-a-i0106,1808,1819,L'IMPARTIAL,Q3204036,PROD,Q3204036,L'Impartial,"```json { ""wikipedia_page"": ""L'Impartial"", ""wikidata_id"": ""Q3204036"" } ```",8.00278377532959
IMP-1988-12-30-a-i0015,0,11,Marie-Laure,NIL,PER,Q109044425,Marie-Laure,"Here is the JSON response based on the provided text and list of candidates: ```json { ""wikipedia_page"": ""Marie-Laure"", ""wikidata_id"": ""Q109044425"" } ```",18.339223861694336
IMP-1988-12-30-a-i0015,15,23,Virginie,NIL,PER,Q7934739,Virginie,"```json { ""wikipedia_page"": ""Virginie"", ""wikidata_id"": ""Q7934739"" } ```",18.56302261352539
IMP-1988-12-30-a-i0015,75,80,Libye,Q1016,LOC,Q1016,Libye,,0
IMP-1988-12-30-a-i0015,122,134,Méditerranée,Q155552,LOC,Q4918,mer Méditerranée,"```json {""wikipedia_page"":""mer Méditerranée"", ""wikidata_id"":""Q4918""} ```",21.98288917541504
IMP-1988-12-30-a-i0015,145,168,mère Jacqueline Valente,NIL,PER,NIL,mère Jacqueline Valente,"```json {""wikipedia_page"": ""NIL"", ""wikidata_id"": ""NIL""} ```",0
IMP-1988-12-30-a-i0015,191,241,groupe palestinien dissident Fatah-CR d'Abou Nidal,Q1638579,ORG,Q1638579,Fatah-Conseil révolutionnaire,"```json {""wikipedia_page"":""Fatah-Conseil révolutionnaire"", ""wikidata_id"":""Q1638579""} ```",21.137235641479492
IMP-1988-12-30-a-i0015,268,279,Marie-Laure,NIL,PER,Q109044425,Marie-Laure,"```json {""wikipedia_page"": ""Marie-Laure"", ""wikidata_id"": ""Q109044425""} ```",17.17051124572754
IMP-1988-12-30-a-i0015,283,291,Virginie,NIL,PER,Q18589835,Nadia Khiari,,0
IMP-1988-12-30-a-i0015,417,425,Benghazi,Q40816,LOC,Q40816,Benghazi,,0
IMP-1988-12-30-a-i0015,427,432,Libye,Q1016,LOC,Q1016,Libye,,0
IMP-1988-12-30-a-i0015,471,490,père Pascal Bétille,NIL,PER,Q3367490,Pascal Loubet,"```json { ""wikipedia_page"": ""Pascal Loubet"", ""wikidata_id"": ""Q3367490"" } ```",17.93154525756836
IMP-1988-12-30-a-i0015,493,500,Tripoli,Q3579,LOC,Q3579,Tripoli,,0
IMP-1988-12-30-a-i0015,531,564,ambassadeur français Léon Bouvier,Q3270771,PER,Q3270771,Léon Bouvier,,0
IMP-1988-12-30-a-i0015,614,620,France,Q142,LOC,Q142,France,,0
IMP-1988-12-30-a-i0015,688,694,Istres,Q203759,LOC,Q203759,Istres,,0
IMP-1988-12-30-a-i0015,704,734,agence de presse libyenne Jana,Q1163812,ORG,Q192283,agence de presse,,0
IMP-1988-12-30-a-i0015,966,976,M. Bouvier,Q3270771,PER,Q3270771,Léon Bouvier,"Based on the provided text and the list of candidates, the entity mentioned between the [ENT] tags is ""Léon Bouvier."" The Wikidata ID for Léon Bouvier is ""Q3270771,"" and the Wikipedia page title is ""Léon Bouvier."" Here is the JSON-formatted answer: ```json {""wikipedia_page"": ""Léon Bouvier"", ""wikidata_id"": ""Q3270771""} ```",15.640164375305176
IMP-1988-12-30-a-i0015,980,990,M. Bétille,NIL,PER,Q3419138,Raoul Béteille,"Based on the input text, the entity mentioned between the [ENT] tags appears to be 'Raoul Béteille'. The given list of candidates includes an entity named 'Raoul Béteille' with the Wikidata ID 'Q3419138' and the Wikipedia page title 'Raoul Béteille'. Therefore, the entity can be confidently disambiguated. Here is the JSON-formatted answer: ```json { ""wikipedia_page"": ""Raoul Béteille"", ""wikidata_id"": ""Q3419138"" } ```",18.241106033325195
IMP-1988-12-30-a-i0015,1002,1020,Jacqueline Valente,NIL,PER,Q22210048,Jacqueline Cadet,,0
IMP-1988-12-30-a-i0015,1054,1061,Tripoli,Q3579,LOC,Q3579,Tripoli,,0
IMP-1988-12-30-a-i0015,1205,1227,Jean-Charles Marchiani,Q3164674,PER,Q3164674,Jean-Charles Marchiani,,0
IMP-1988-12-30-a-i0015,1330,1335,Liban,Q822,LOC,Q822,Liban,,0
IMP-1988-12-30-a-i0015,1346,1353,KADHAFI,Q19878,PER,Q19878,Mouammar Kadhafi,,0
IMP-1988-12-30-a-i0015,1357,1374,groupe Abou Nidal,Q1638579,ORG,Q1638579,Fatah-Conseil révolutionnaire,,0
IMP-1988-12-30-a-i0015,1406,1414,Beyrouth,Q3820,LOC,Q3820,Beyrouth,,0
IMP-1988-12-30-a-i0015,1472,1505,dirigeant libyen Mouammar Kadhafi,Q19878,PER,Q19878,Mouammar Kadhafi,,0
IMP-1988-12-30-a-i0015,1564,1575,Marie-Laure,NIL,PER,Q109044425,Marie-Laure,"```json { ""wikipedia_page"": ""Marie-Laure"", ""wikidata_id"": ""Q109044425"" } ```",15.15865707397461
IMP-1988-12-30-a-i0015,1579,1587,Virginie,NIL,PER,Q3560717,Virginie Caillet,"Based on the provided text, the entity between the [ENT] tags is ""Virginie"" which appears twice. Considering the list of candidates, the most appropriate match is: ```json {""wikipedia_page"":""Virginie Caillet"", ""wikidata_id"":""Q3560717""} ``` However, since the exact match ""Virginie Caillet"" is not present in the list of candidates, the closest match is: ```json {""wikipedia_page"":""Virginie Guyot"", ""wikidata_id"":""Q3560743""} ``` So, the final answer is: ```json {""wikipedia_page"":""Virginie Guyot"", ""wikidata_id"":""Q3560743""} ```",18.711267471313477
IMP-1988-12-30-a-i0015,1589,1609,Mme Brigitte Valente,NIL,PER,Q3087834,Frigide Barjot,,0
IMP-1988-12-30-a-i0015,1626,1649,"père, M. Pascal Bétille",NIL,PER,Q3219088,Laurent Béteille,"```json { ""wikipedia_page"": ""Laurent Béteille"", ""wikidata_id"": ""Q3219088"" } ```",18.638429641723633
IMP-1988-12-30-a-i0015,1679,1687,Beyrouth,Q3820,LOC,Q3820,Beyrouth,,0
IMP-1988-12-30-a-i0015,1748,1754,France,Q142,LOC,Q142,France,,0
IMP-1988-12-30-a-i0015,1793,1796,ats,Q430109,ORG,NIL,ats,"```json {""wikipedia_page"":""Agence France Press"", ""wikidata_id"":""Q7901""} ```",0
IMP-1988-12-30-a-i0015,1798,1801,afp,Q40464,ORG,Q40464,Agence France-Presse,,0
IMP-1998-07-23-a-i0080,0,13,Proche-Orient,Q48214,LOC,Q48214,Proche-Orient,,0
IMP-1998-07-23-a-i0080,70,83,Proche-Orient,Q48214,LOC,Q48214,Proche-Orient,,0
IMP-1998-07-23-a-i0080,109,145,"président palestinien, Yasser Arafat",Q34211,PER,Q2336111,président de l'Autorité palestinienne,,0
IMP-1998-07-23-a-i0080,198,204,Israël,Q801,LOC,Q801,Israël,,0
IMP-1998-07-23-a-i0080,351,356,Golan,Q83210,LOC,Q83210,plateau du Golan,,0
IMP-1998-07-23-a-i0080,362,367,Syrie,Q858,LOC,Q858,Syrie,,0
IMP-1998-07-23-a-i0080,424,437,Yasser Arafat,Q34211,PER,Q34211,Yasser Arafat,,0
IMP-1998-07-23-a-i0080,457,461,Gaza,Q47492,LOC,Q47492,Gaza,,0
IMP-1998-07-23-a-i0080,585,591,Israël,Q801,LOC,Q801,Israël,,0
IMP-1998-07-23-a-i0080,684,695,Cisjordanie,Q36678,LOC,Q36678,Cisjordanie,,0
IMP-1998-07-23-a-i0080,871,884,Yasser Arafat,Q34211,PER,Q34211,Yasser Arafat,,0
IMP-1998-07-23-a-i0080,985,995,Washington,Q61,LOC,Q61,Washington,"```json { ""wikipedia_page"": ""Washington"", ""wikidata_id"": ""Q61"" } ```",17.967967987060547
IMP-1998-07-23-a-i0080,1037,1048,Cisjordanie,Q36678,LOC,Q36678,Cisjordanie,,0
IMP-1998-07-23-a-i0080,1153,1158,Syrie,Q858,LOC,Q858,Syrie,"```json { ""wikipedia_page"": ""Syrie"", ""wikidata_id"": ""Q858"" } ```",21.847429275512695
IMP-1998-07-23-a-i0080,1162,1165,afp,Q40464,ORG,Q40464,Agence France-Presse,,0
IMP-1998-07-23-a-i0080,1166,1172,reuter,Q130879,ORG,Q130879,Reuters,"```json {""wikipedia_page"": ""Reuters"", ""wikidata_id"": ""Q130879""} ```",21.906726837158203
IMP-2008-04-28-a-i0239,0,13,Stéphane Joly,Q2360344,PER,Q2360344,Stéphane Joly,,0
IMP-2008-04-28-a-i0239,104,110,Suisse,Q39,LOC,Q39,Suisse,,0
IMP-2008-04-28-a-i0239,120,133,Stéphane Joly,Q2360344,PER,Q2360344,Stéphane Joly,,0
IMP-2008-04-28-a-i0239,168,176,Hambourg,Q1055,LOC,Q1055,Hambourg,,0
IMP-2008-04-28-a-i0239,236,241,Pékin,Q956,LOC,Q8567,Jeux olympiques d'été de 2008,"```json {""wikipedia_page"":""Jeux olympiques d'été de 2008"", ""wikidata_id"":""Q8567""} ```",16.760848999023438
IMP-2008-04-28-a-i0239,273,285,Stade Genève,NIL,ORG,Q215295,Stade de Genève,,0
IMP-2008-04-28-a-i0239,386,394,Breuleux,Q68086,LOC,Q68086,Les Breuleux,"```json { ""wikipedia_page"": ""Les Breuleux"", ""wikidata_id"": ""Q68086"" } ```",18.592182159423828
IMP-2008-04-28-a-i0239,634,648,Patrick Wieser,Q87462075,PER,Q87462075,Patrick Wieser,,0
IMP-2008-04-28-a-i0239,672,678,Suisse,Q39,LOC,Q6367904,Records de Suisse d'athlétisme,"Based on the input text and the list of candidates, the [ENT] tagged entity ""Suisse [ENT] de semi-marathon"" can be disambiguated to ""Records de Suisse d'athlétisme"". ```json {""wikipedia_page"":""Records de Suisse d'athlétisme"", ""wikidata_id"":""Q6367904""} ```",12.966636657714844
IMP-2008-04-28-a-i0239,763,782,Kényan Daid Mandago,Q936612,PER,Q1294766,Paul Kangogo Kanda,"After analyzing the input text, the entity ""Kényan Daid Mandago"" mentioned between the [ENT] tags is most likely associated with the candidate ""Daid Mandago"". Therefore, the JSON response is: ```json {""wikipedia_page"":""Daid Mandago"", ""wikidata_id"":""Q1294766""} ``` This ID corresponds to the given list of candidates.",19.815200805664062
IMP-2008-04-28-a-i0239,810,835,compatriote Wilfred Kigen,Q351451,PER,Q21467451,Wilfred Kirwa Kigen,"Based on the provided text and the list of candidates, the entity ""Wilfred Kigen"" mentioned between the [ENT] tags seems to be a Kényan runner. Among the candidates, the most appropriate match is: ```json {""wikipedia_page"": ""Wilfred Kirwa Kigen"", ""wikidata_id"": ""Q21467451""} ```",18.024904251098633
IMP-2008-04-28-a-i0239,864,885,Russe Irina Timofeeva,Q451089,PER,Q451089,Irina Timofeyeva,"```json {""wikipedia_page"":""Irina Timofeyeva"", ""wikidata_id"":""Q451089""} ```",19.43030548095703
IMP-2008-04-28-a-i0239,953,978,Kényane Pamela Chepchumba,Q274701,PER,Q274701,Pamela Chepchumba,"```json { ""wikipedia_page"": ""Pamela Chepchumba"", ""wikidata_id"": ""Q274701"" } ```",19.754194259643555
IMP-2008-04-28-a-i0239,1005,1022,Kényan Abel Kirui,Q1704,PER,Q1704,Abel Kirui,"```json { ""wikipedia_page"": ""Abel Kirui"", ""wikidata_id"": ""Q1704"" } ```",21.806394577026367
IMP-2008-04-28-a-i0239,1062,1068,Vienne,Q1741,LOC,Q1741,Vienne,,0
IMP-2008-04-28-a-i0239,1118,1143,compatriotes Duncan Kibet,Q922817,PER,Q922817,Duncan Kibet,"```json {""wikipedia_page"":""Duncan Kibet"", ""wikidata_id"":""Q922817""} ```",14.05051040649414
IMP-2008-04-28-a-i0239,1147,1158,Paul Biwott,Q945837,PER,Q945837,Paul Biwott,,0
IMP-2008-04-28-a-i0239,1163,1187,Roumaine Luminata Talpos,NIL,PER,Q1117558,Luminița Talpoș,"```json { ""wikipedia_page"": ""Luminița Talpoș"", ""wikidata_id"": ""Q1117558"" } ```",21.85161590576172
IMP-2008-04-28-a-i0239,1249,1265,si STÉPHANE JOLY,Q2360344,PER,NIL,si STÉPHANE JOLY,"```json { ""wikipedia_page"": ""NIL"", ""wikidata_id"": ""NIL"" } ```",0
IMP-2008-10-17-a-i0019,60,63,BNS,Q597394,ORG,Q597394,Banque nationale suisse,,0
IMP-2008-10-17-a-i0019,87,90,UBS,Q193199,ORG,Q193199,UBS,,0
IMP-2008-10-17-a-i0019,225,248,Banque nationale suisse,Q597394,ORG,Q597394,Banque nationale suisse,,0
IMP-2008-10-17-a-i0019,250,253,BNS,Q597394,ORG,Q597394,Banque nationale suisse,,0
IMP-2008-10-17-a-i0019,258,261,UBS,Q193199,ORG,Q193199,UBS,,0
IMP-2008-10-17-a-i0019,336,339,UBS,Q193199,ORG,Q193199,UBS,,0
IMP-2008-10-17-a-i0019,441,454,Credit Suisse,Q372657,ORG,Q372657,Credit Suisse,,0
IMP-2008-10-17-a-i0019,456,458,CS,Q372657,ORG,Q372657,Credit Suisse,,0
IMP-2008-10-17-a-i0019,585,588,BNS,Q597394,ORG,Q597394,Banque nationale suisse,,0
IMP-2008-10-17-a-i0019,596,601,Berne,Q70,LOC,Q70,Berne,,0
IMP-2008-10-17-a-i0019,665,667,CS,Q372657,ORG,Q372657,Credit Suisse,,0
IMP-2008-10-17-a-i0019,743,762,Philippe Hildebrand,Q116927,PER,Q116927,Philipp Hildebrand,,0
IMP-2008-10-17-a-i0019,1139,1142,BNS,Q597394,ORG,Q597394,Banque nationale suisse,,0
IMP-2008-10-17-a-i0019,1186,1189,UBS,Q193199,ORG,Q193199,UBS,"```json { ""wikipedia_page"": ""UBS"", ""wikidata_id"": ""Q193199"" } ```",21.709630966186523
IMP-2008-10-17-a-i0019,1336,1342,Suisse,Q39,LOC,Q39,Suisse,"```json { ""wikipedia_page"": ""Suisse"", ""wikidata_id"": ""Q39"" } ```",21.51963996887207
IMP-2008-10-17-a-i0019,1383,1390,Islande,Q189,LOC,Q189,Islande,,0
IMP-2008-10-17-a-i0019,1392,1429,"Jean-Pierre Roth, président de la BNS",Q120468,PER,Q120468,Jean-Pierre Roth,,0
IMP-2008-10-17-a-i0019,1535,1541,Suisse,Q39,LOC,NIL,Suisse,"Based on the provided input text and candidates, I will disambiguate the entity mentioned between the [ENT] tags. Input Text: ""comme les banques cantonales, de reprendre part au marché interbancaire, a expliqué le numéro 2 de la BNS. Autrement dit, l’opération de soutien à l’UBS est moins « une solution pour une banque » qu’une « solution à un problème du système » bancaire dans son ensemble. A la question de savoir si la Suisse était en train de suivre l’exemple de l’Islande, Jean-Pierre Roth, président de la BNS, a répondu avec un brin d’ironie que la situation suisse n’était en aucun cas comparable, « si ce que la [ENT] Suisse [ENT] est aussi une île » à un certain degré. Le Credit Suisse a renoncé à l’aide de l’Etat. Mais la BNS serait a priori et si nécessaire prête à l’aider aussi, selon Jean-Pierre Roth. « Nous sommes là pour toute la famille », a-t-il ajouté, en relevant que les enfants sont « tous différents ». De manière plus générale, la situation des marchés financiers a connu un changement dramatique ces deux dernières semaines, du fait des craint",0
IMP-2008-10-17-a-i0019,1585,1598,Credit Suisse,Q372657,ORG,Q372657,Credit Suisse,,0
IMP-2008-10-17-a-i0019,1637,1640,BNS,Q597394,ORG,Q597394,Banque nationale suisse,,0
IMP-2008-10-17-a-i0019,1703,1719,Jean-Pierre Roth,Q120468,PER,Q120468,Jean-Pierre Roth,,0
IMP-2008-10-17-a-i0019,2086,2089,BNS,Q597394,ORG,Q309195,Banque des règlements internationaux,,0
IMP-2008-10-17-a-i0019,2322,2325,BNS,Q597394,ORG,Q66344,banque centrale,,0
IMP-2008-10-17-a-i0019,2444,2447,ats,Q430109,ORG,Q300079,AT Internet,"Based on the provided text and the list of candidates, the entity mentioned between the [ENT] tags is ""ats"". After analyzing the context and the list of candidates, I have identified the most appropriate Wikidata entity for this mention. The corresponding Wikipedia page title and Wikidata ID are: ```json {""wikipedia_page"":""AT Internet"", ""wikidata_id"":""Q300079""} ```",12.121567726135254
