doc_id,start_pos,end_pos,surface,gt_id,type,identifier,title,answer,score
hidden_test_de_1_sent1,0,4,Wien,NIL,LOC,NIL,Wien,"Based on the input text and the list of candidates, the entities mentioned within the [ENT] tags are ""Wien"" and ""5. Juli"" (the date is not considered an entity for disambiguation). Since ""Wien"" is not listed in the provided candidates and is highly confidently identified as the city of Vienna, the entity should be disambiguated to ""Vienna"". Here is the JSON-formatted answer: ```json { ""wikipedia_page"": ""Vienna"", ""wikidata_id"": ""Q84"" } ``` The entity ""5. Juli"" is not disambiguated as it is not an entity from the provided candidates.",0
hidden_test_de_1_sent2,356,360,Prag,Q1085,LOC,Q1085,Prag,,22.98206329345703
hidden_test_de_1_sent2,475,479,Prag,Q1085,LOC,Q1085,Prag,,21.995054244995117
hidden_test_de_1_sent2,950,956,Böhmen,Q39193,LOC,Q39193,Böhmen,,23.963550567626953
hidden_test_de_1_sent2,1353,1357,Prag,Q1085,LOC,Q1085,Prag,,22.55647087097168
hidden_test_de_1_sent2,1478,1482,Prag,Q1085,LOC,Q1085,Prag,"Based on the provided text and the list of candidates, the entity [ENT] in ""Prag"" is most likely referring to the city of Prague. Therefore, the most appropriate Wikidata entity is: ```json { ""wikipedia_page"": ""Prag"", ""wikidata_id"": ""Q1085"" } ```",20.728410720825195
hidden_test_de_1_sent4,138,147,v. Plener,Q324918,PER,Q324918,Ernst von Plener,,21.47674560546875
hidden_test_de_1_sent4,583,592,v. Plener,Q324918,PER,Q324918,Ernst von Plener,"{""wikipedia_page"":""Ernst von Plener"", ""wikidata_id"":""Q324918""}",19.267915725708008
hidden_test_de_1_sent4,727,736,v. Plener,Q324918,PER,Q324918,Ernst von Plener,"```json { ""wikipedia_page"": ""Ernst von Plener"", ""wikidata_id"": ""Q324918"" } ```",18.682601928710938
hidden_test_de_1_sent5,187,196,v. Plener,Q324918,PER,Q324918,Ernst von Plener,"```json { ""wikipedia_page"": ""Ernst von Plener"", ""wikidata_id"": ""Q324918"" } ```",21.241228103637695
hidden_test_de_1_sent5,246,255,v. Plener,Q324918,PER,Q324918,Ernst von Plener,"{ ""wikipedia_page"": ""Ernst von Plener"", ""wikidata_id"": ""Q324918"" }",21.073528289794922
hidden_test_de_1_sent5,289,298,v. Plener,Q324918,PER,Q324918,Ernst von Plener,,23.33161735534668
hidden_test_de_1_sent5,555,564,v. Plener,Q324918,PER,Q324918,Ernst von Plener,,22.117963790893555
hidden_test_de_1_sent5,774,783,v. Plener,Q324918,PER,Q324918,Ernst von Plener,"```json { ""wikipedia_page"": ""Ernst von Plener"", ""wikidata_id"": ""Q324918"" } ```",20.422639846801758
hidden_test_de_1_sent6,199,203,Prag,Q1085,LOC,Q1085,Prag,,29.01042366027832
hidden_test_de_1_sent6,278,285,Brzorad,Q14971052,PER,Q14971052,Josef Brzorád,"```json { ""wikipedia_page"": ""Josef Brzorád"", ""wikidata_id"": ""Q14971052"" } ```",11.115403175354004
hidden_test_de_1_sent6,664,668,Prag,Q1085,LOC,Q1085,Prag,,24.230558395385742
hidden_test_de_1_sent11,68,81,Michel Gruber,NIL,PER,NIL,Michel Gruber,"```json { ""wikipedia_page"": ""NIL"", ""wikidata_id"": ""NIL"" } ```",0
hidden_test_de_1_sent12,539,547,Radstatt,Q260950,LOC,Q260950,Radstadt,"```json { ""wikipedia_page"": ""Radstadt"", ""wikidata_id"": ""Q260950"" } ```",21.08115005493164
hidden_test_de_1_sent13,184,194,Schladming,Q254221,LOC,Q254221,Schladming,"Based on the provided input text and the list of candidates, the entity mentioned between the [ENT] tags ""Schladming"" is most confidently identified as the city in Austria. The corresponding Wikipedia page title and Wikidata ID are: ```json { ""wikipedia_page"": ""Schladming"", ""wikidata_id"": ""Q254221"" } ```",19.626583099365234
hidden_test_de_1_sent15,0,3,Mur,Q259893,LOC,Q259893,Bruck an der Mur,,21.30883026123047
hidden_test_de_1_sent15,80,95,Bruck an derMur,Q259893,LOC,Q259893,Bruck an der Mur,,35.697540283203125
hidden_test_de_1_sent72,0,9,Amsterdam,NIL,LOC,NIL,Amsterdam,"```json { ""wikipedia_page"": ""Amsterdam"", ""wikidata_id"": ""Q183"" } ```",0
hidden_test_de_1_sent105,0,28,Johann Degelmeier Ed. Lunzer,NIL,PER,NIL,Johann Degelmeier Ed. Lunzer,"Based on the provided input text and the list of candidates, none of the candidates match the entity ""Johann Degelmeier Ed. Lunzer"" with high confidence. Therefore, the response is: ```json { ""wikipedia_page"": ""NIL"", ""wikidata_id"": ""NIL"" } ```",0
hidden_test_de_1_sent109,0,18,Tini Käthi Wernier,NIL,PER,NIL,Tini Käthi Wernier,"{""wikipedia_page"":""NIL"", ""wikidata_id"":""NIL""}",0
hidden_test_de_1_sent110,6,18,Mitzi Ganser,NIL,PER,NIL,Mitzi Ganser,"Given the input text and the list of candidates, the entity ""Ganser"" does not match any of the candidates with high confidence. Therefore, the corresponding Wikipedia page title and Wikidata ID should be classified as ""NIL"". ```json { ""wikipedia_page"": ""NIL"", ""wikidata_id"": ""NIL"" } ```",0
hidden_test_de_1_sent117,18,36,Julius KnaackKnoll,NIL,PER,NIL,Julius KnaackKnoll,"Based on the provided text and the list of candidates, the entities mentioned are ""Julius Knaack"" and ""Arthur Lorette"". Neither of these entities has a high-confidence match in the provided list of candidates. Therefore, the response in JSON format will be: ```json { ""wikipedia_page"": ""NIL"", ""wikidata_id"": ""NIL"" } ```",0
hidden_test_de_1_sent195,354,362,Laxenbug,NIL,LOC,NIL,Laxenbug,"Based on the provided input text and the list of candidates, the entity mentioned between the [ENT] tags ""Laxenbug"" is not present in the list of candidates. Therefore, I will return the value ""NIL"" as the Wikidata ID. Here is the JSON-formatted answer: ```json { ""wikipedia_page"": ""NIL"", ""wikidata_id"": ""NIL"" } ```",0
hidden_test_de_1_sent195,456,462,Böslau,NIL,LOC,NIL,Böslau,"```json { ""wikipedia_page"": ""NIL"", ""wikidata_id"": ""NIL"" } ```",0
hidden_test_de_1_sent197,894,900,Böslau,NIL,LOC,NIL,Böslau,"```json { ""wikipedia_page"": ""Bösau"", ""wikidata_id"": ""Q62871276"" } ```",0
hidden_test_de_1_sent237,37,41,Wien,NIL,LOC,NIL,Wien,"Given the input text and the list of candidates: Input Text: —, stetig; Raffinade Prima prompt ab [ENT] Wien [ENT] fl. 28. JSON List of Candidates: ```json [ {'wikipedia_page': 'Wien', 'wikidata_id': 'Q1741', 'type': '', 'descr': 'Bundeshauptstadt der Republik Österreich', 'date': '-100-01-01'}, {'wikipedia_page': 'Wienfluss', 'wikidata_id': 'Q702289', 'type': 'LOC', 'descr': 'Fluss in Österreich', 'date': ''}, {'wikipedia_page': 'Universität Wien', 'wikidata_id': 'Q165980', 'type': 'ORG', 'descr': 'größte Hochschule in Österreich', 'date': '1365-03-12'}, {'wikipedia_page': 'Rhein', 'wikidata_id': 'Q584', 'type': 'LOC', 'descr':'mitteleuropäischer Strom zur Nordsee', 'date': ''}, ... {'wikipedia_page': 'Ferdinand I von Österreich', 'wikidata_id': 'Q183579', 'type': 'PER', 'descr': 'Kaiser von Österreich, König von Böhmen und Ungarn', 'date': '1793-04-19'}, {'wikipedia_page': 'Wien (Inzell)', 'wikidata_id': 'Q26397652', 'type': 'LOC', 'descr': '', 'date': ''} ] ``` Disambiguation: - The first [ENT] tag in the input text corresponds to ""Wien,"" which is the capital city of Austria. The candidate list includes a corresponding entry for Wien with the Wikidata ID ""Q1741."" - The second [ENT] tag in the input text corresponds to ""fl."" which seems to be an abbreviation for ""florentini,"" which is a type of wine. None of the candidates match this term with high confidence. Based on the analysis, the disambiguation is as follows: ```json { ""w",0
hidden_test_de_2_sent0,297,308,Ludwig XIV.,Q7742,PER,Q7742,Ludwig XIV.,,30.63310432434082
hidden_test_de_2_sent0,452,467,Marquis de Sade,Q123867,PER,Q123867,Donatien Alphonse François de Sade,,28.102399826049805
hidden_test_de_2_sent1,45,52,Haerdtl,NIL,PER,NIL,Haerdtl,"```json { ""wikipedia_page"": ""NIL"", ""wikidata_id"": ""NIL"" } ```",0
hidden_test_de_2_sent2,1383,1391,Bienerth,Q79052,PER,Q79052,Richard von Bienerth-Schmerling,"```json { ""wikipedia_page"": ""Richard von Bienerth-Schmerling"", ""wikidata_id"": ""Q79052"" } ``` Based on the context and the candidates provided, the name ""Bienerth"" within the text most confidently refers to ""Richard von Bienerth-Schmerling,"" given the historical and political context.",20.271656036376953
hidden_test_de_2_sent2,1544,1557,Weiskirchners,Q2150882,PER,Q2150882,Richard Weiskirchner,"```json { ""wikipedia_page"": ""Richard Weiskirchner"", ""wikidata_id"": ""Q2150882"" } ```",20.056291580200195
hidden_test_de_2_sent2,1586,1594,Stürgkhs,Q78537,PER,Q78537,Karl Stürgkh,"```json { ""wikipedia_page"":""Karl Stürgkh"", ""wikidata_id"":""Q78537"" } ```",16.58940887451172
hidden_test_de_2_sent2,1809,1824,Herrv. Bienerth,Q79052,PER,Q79052,Richard von Bienerth-Schmerling,"```json { ""wikipedia_page"": ""Richard von Bienerth-Schmerling"", ""wikidata_id"": ""Q79052"" } ```",18.5325984954834
hidden_test_de_2_sent2,2063,2072,Bienerths,Q79052,PER,Q79052,Richard von Bienerth-Schmerling,,21.375343322753906
hidden_test_de_2_sent2,2483,2490,Europas,Q46,LOC,Q46,Europa,"Based on the provided input text and the list of candidates, the entity mentioned between the [ENT] tags is ""Europa"". Given the context, the appropriate Wikidata entity is: ```json { ""wikipedia_page"": ""Europa"", ""wikidata_id"": ""Q46"" } ```",18.14162254333496
hidden_test_de_2_sent2,2585,2590,Satan,Q35230,PER,Q35230,Satan,,23.669191360473633
hidden_test_de_2_sent3,66,75,Dänemarks,Q35,LOC,Q35,Dänemark,"```json { ""wikipedia_page"": ""Dänemark"", ""wikidata_id"": ""Q35"" } ```",21.244043350219727
hidden_test_de_2_sent3,165,170,Paris,Q90,LOC,Q90,Paris,,24.720306396484375
hidden_test_de_2_sent3,420,428,New=York,Q60,LOC,Q60,New York City,,30.445785522460938
hidden_test_de_2_sent3,755,768,Rue Vaugirard,Q2707132,LOC,Q2707132,Rue de Vaugirard,,25.920663833618164
hidden_test_de_2_sent3,771,776,Paris,Q90,LOC,Q90,Paris,,23.13717269897461
hidden_test_de_2_sent129,0,6,Berlin,Q64,LOC,Q64,Berlin,"```json { ""wikipedia_page"": ""Berlin"", ""wikidata_id"": ""Q64"" } ```",19.56902503967285
hidden_test_de_2_sent129,32,38,Berlin,Q64,LOC,Q64,Berlin,,21.990238189697266
hidden_test_de_2_sent132,0,7,Leipzig,Q2079,LOC,Q2079,Leipzig,,33.64166259765625
hidden_test_de_2_sent132,195,202,Belfort,Q171545,LOC,Q171545,Belfort,,21.82796859741211
hidden_test_de_2_sent134,0,7,Belgrad,Q3711,LOC,Q3711,Belgrad,,35.08861541748047
hidden_test_de_2_sent134,32,40,Pasitsch,Q313843,PER,Q313843,Nikola Pašić,,25.187599182128906
hidden_test_de_2_sent135,0,7,Belgrad,Q3711,LOC,Q3711,Belgrad,,30.001482009887695
hidden_test_de_2_sent138,29,36,Europas,Q46,LOC,Q46,Europa,"Based on the provided text and candidates, here's the disambiguated entity: ```json { ""wikipedia_page"": ""Europa"", ""wikidata_id"": ""Q46"" } ```",20.561655044555664
hidden_test_de_2_sent143,0,6,Madrid,Q2807,LOC,Q2807,Madrid,,31.44335174560547
hidden_test_de_2_sent143,77,88,Calle Mayor,Q1149052,LOC,Q1149052,,,30.102935791015625
hidden_test_de_2_sent145,0,6,London,Q84,LOC,Q84,London,,28.757850646972656
hidden_test_de_2_sent146,11,15,Hull,Q128147,LOC,Q128147,Kingston upon Hull,"Based on the input text and the provided list of candidates, I am highly confident that the correct Wikidata entity is ""Kingston upon Hull"". ```json { ""wikipedia_page"": ""Kingston upon Hull"", ""wikidata_id"": ""Q128147"" } ```",8.235857009887695
hidden_test_de_2_sent147,0,6,London,Q84,LOC,Q84,London,,30.317686080932617
hidden_test_de_2_sent147,63,67,Hull,Q128147,LOC,Q128147,Kingston upon Hull,,27.35848617553711
hidden_test_de_2_sent148,0,6,London,Q84,LOC,Q84,London,,25.45360565185547
hidden_test_de_2_sent148,83,87,Hull,Q128147,LOC,Q128147,Kingston upon Hull,,24.019386291503906
hidden_test_de_2_sent149,0,4,Hull,Q128147,LOC,Q128147,Kingston upon Hull,,26.697528839111328
hidden_test_de_2_sent153,284,307,Maria Theresia=Monument,Q21234884,LOC,Q21234884,Maria-Theresien-Denkmal,,26.900522232055664
hidden_test_de_2_sent158,58,75,Mariahilferstraße,Q699930,LOC,Q699930,Mariahilfer Straße,"```json { ""wikipedia_page"": ""Mariahilfer Straße"", ""wikidata_id"": ""Q699930"" } ```",16.334070205688477
hidden_test_de_2_sent164,71,87,Arbeiter=Zeitung,Q627083,PROD,Q627083,Arbeiter-Zeitung,"Based on the input text provided and the list of candidates, the entity mentioned between the [ENT] tags is ""Arbeiter-Zeitung"". This matches with the candidate ""Arbeiter-Zeitung"" in the list with the Wikidata ID ""Q627083"". Here is the JSON response: ```json { ""wikipedia_page"": ""Arbeiter-Zeitung"", ""wikidata_id"": ""Q627083"" } ```",9.686832427978516
hidden_test_de_2_sent166,26,44,880900900919116255,NIL,LOC,NIL,880900900919116255,"```json { ""wikipedia_page"": ""NIL"", ""wikidata_id"": ""NIL"" } ```",0
hidden_test_de_2_sent170,89,104,Rarael & Witžek,NIL,ORG,NIL,Rarael & Witžek,"```json { ""wikipedia_page"": ""NIL"", ""wikidata_id"": ""NIL"" } ```",0
hidden_test_de_2_sent172,34,50,Sozialdemokratie,Q121254,ORG,Q121254,Sozialdemokratie,,31.89263343811035
hidden_test_de_2_sent173,91,96,Wien:,Q1741,LOC,Q1741,Wien,"```json { ""wikipedia_page"": ""Wien"", ""wikidata_id"": ""Q1741"" } ```",20.457971572875977
hidden_test_de_2_sent189,93,112,I. Schulerstraße 13,NIL,LOC,NIL,I. Schulerstraße 13,"```json { ""wikipedia_page"": ""Schulerstraße"", ""wikidata_id"": ""Q1141012"" } ```",0
hidden_test_de_2_sent189,123,127,9191,NIL,LOC,NIL,9191,"```json { ""wikipedia_page"": ""NIL"", ""wikidata_id"": ""NIL"" } ```",0
hidden_test_de_2_sent189,230,252,4942XVI. Klausgasse 34,NIL,LOC,NIL,4942XVI. Klausgasse 34,"```json { ""wikipedia_page"": ""Schweglerstraße 11/13"", ""wikidata_id"": ""Q2177434"" } ```",0
hidden_test_de_2_sent193,0,4,Wien,Q1741,LOC,Q1741,Wien,,26.381736755371094
hidden_test_de_2_sent196,0,4,Wien,Q1741,LOC,Q1741,Wien,,30.078330993652344
hidden_test_de_2_sent197,352,369,Herrn v. Bienerth,Q79052,PER,Q79052,Richard von Bienerth-Schmerling,"Based on the provided text and the list of candidates, the entity mentioned between the [ENT] tags is ""Herrn v. Bienerth"". Among the provided candidates, the most appropriate Wikidata entity is: ```json ""wikipedia_page"": ""Richard von Bienerth-Schmerling"", ""wikidata_id"": ""Q79052"" ```",21.264305114746094
hidden_test_de_2_sent197,693,701,Bienerth,Q79052,PER,Q79052,Richard von Bienerth-Schmerling,"{ ""wikipedia_page"": ""Richard von Bienerth-Schmerling"", ""wikidata_id"": ""Q79052"" }",18.1513671875
hidden_test_de_2_sent198,239,247,Bienerth,Q79052,PER,Q79052,Richard von Bienerth-Schmerling,"```json { ""wikipedia_page"": ""Richard von Bienerth-Schmerling"", ""wikidata_id"": ""Q79052"" } ```",15.700206756591797
hidden_test_de_2_sent198,919,925,Ungarn,Q171150,LOC,Q171150,Königreich Ungarn,"```json { ""wikipedia_page"": ""Königreich Ungarn"", ""wikidata_id"": ""Q171150"" } ```",16.909423828125
hidden_test_de_2_sent198,1055,1063,Bienerth,Q79052,PER,Q79052,Richard von Bienerth-Schmerling,"```json { ""wikipedia_page"": ""Richard von Bienerth-Schmerling"", ""wikidata_id"": ""Q79052"" } ```",19.100494384765625
hidden_test_de_2_sent198,1296,1304,Bienerth,Q79052,PER,Q79052,Richard von Bienerth-Schmerling,"```json { ""wikipedia_page"": ""Richard von Bienerth-Schmerling"", ""wikidata_id"": ""Q79052"" } ```",17.16181755065918
hidden_test_de_2_sent198,1355,1363,Bienerth,Q79052,PER,Q79052,Richard von Bienerth-Schmerling,"Given the input text and the list of candidates, the entity mentioned between the [ENT] tags is ""Bienerth."" Among the provided list of candidates, the most appropriate and confident Wikidata entity for ""Bienerth"" is: - **wikipedia_page**: Richard von Bienerth-Schmerling - **wikidata_id**: Q79052 The JSON response is: ```json { ""wikipedia_page"": ""Richard von Bienerth-Schmerling"", ""wikidata_id"": ""Q79052"" } ```",15.13060188293457
hidden_test_de_2_sent205,682,687,Satan,Q35230,PER,Q35230,Satan,,22.474782943725586
hidden_test_de_2_sent205,1019,1025,Mondes,Q405,LOC,Q405,Mond,"```json { ""wikipedia_page"": ""Mond"", ""wikidata_id"": ""Q405"" } ```",17.179540634155273
hidden_test_de_2_sent205,1135,1139,Gott,Q190,PER,Q190,Gott,"```json { ""wikipedia_page"": ""Gott"", ""wikidata_id"": ""Q190"" } ```",15.582895278930664
hidden_test_de_2_sent205,1415,1427,Bienerthsche,Q79052,PER,Q79052,Richard von Bienerth-Schmerling,"```json { ""wikipedia_page"": ""Richard von Bienerth-Schmerling"", ""wikidata_id"": ""Q79052"" } ```",14.919376373291016
hidden_test_de_2_sent205,1499,1507,Stürgkhs,Q78537,PER,Q78537,Karl Stürgkh,"```json { ""wikipedia_page"": ""Karl Stürgkh"", ""wikidata_id"": ""Q78537"" } ```",15.742409706115723
hidden_test_de_2_sent205,1650,1659,Bienerths,Q79052,PER,Q79052,Richard von Bienerth-Schmerling,"```json { ""wikipedia_page"": ""Richard von Bienerth-Schmerling"", ""wikidata_id"": ""Q79052"" } ```",14.470966339111328
hidden_test_de_2_sent205,1787,1800,Bienerthschen,Q79052,PER,Q79052,Richard von Bienerth-Schmerling,"```json { ""wikipedia_page"": ""Richard von Bienerth-Schmerling"", ""wikidata_id"": ""Q79052"" } ```",12.03255558013916
hidden_test_de_2_sent205,1834,1850,Herr v. Bilinski,Q688332,PER,Q688332,Leon Biliński,"```json {""wikipedia_page"": ""Leon Biliński"", ""wikidata_id"": ""Q688332""} ```",15.132270812988281
hidden_test_de_2_sent205,2097,2111,Stapinski=Bank,NIL,ORG,NIL,Stapinski=Bank,"```json { ""wikipedia_page"": ""NIL"", ""wikidata_id"": ""NIL"" } ```",0
hidden_test_de_2_sent205,2374,2378,Ritt,Q7064476,PER,Q7064476,August von Ritt," { ""wikipedia_page"": ""August von Ritt"", ""wikidata_id"": ""Q7064476"" }",14.102746963500977
hidden_test_de_2_sent205,2471,2479,Bienerth,Q79052,PER,Q79052,Richard von Bienerth-Schmerling,"```json { ""wikipedia_page"": ""Richard von Bienerth-Schmerling"", ""wikidata_id"": ""Q79052"" } ```",16.38180160522461
hidden_test_de_2_sent205,2570,2579,Bienerths,Q79052,PER,Q79052,Richard von Bienerth-Schmerling,"Based on the analysis of the input text ""die da [ENT] Bienerths [ENT] Verwaltung"", and the provided list of candidates, the most appropriate Wikidata entity is: ```json { ""wikipedia_page"": ""Richard von Bienerth-Schmerling"", ""wikidata_id"": ""Q79052"" } ```",14.809488296508789
hidden_test_de_2_sent205,2748,2764,Herr v. Bienerth,Q79052,PER,Q79052,Richard von Bienerth-Schmerling,"```json { ""wikipedia_page"": ""Richard von Bienerth-Schmerling"", ""wikidata_id"": ""Q79052"" } ```",18.019306182861328
hidden_test_de_2_sent205,3010,3018,Bienerth,Q79052,PER,Q79052,Richard von Bienerth-Schmerling,"Based on the provided input text and the list of candidates, the entity mentioned between the [ENT] tags is ""Regierung Bienerth."" The most appropriate Wikidata entity from the list of candidates for this entity is: ```json { ""wikipedia_page"": ""Richard von Bienerth-Schmerling"", ""wikidata_id"": ""Q79052"" } ``` Therefore, the JSON response is: ```json { ""wikipedia_page"": ""Richard von Bienerth-Schmerling"", ""wikidata_id"": ""Q79052"" } ```",18.886579513549805
hidden_test_de_2_sent205,3261,3270,Bienerths,Q79052,PER,Q79052,Richard von Bienerth-Schmerling,"```json { ""wikipedia_page"": ""Richard von Bienerth-Schmerling"", ""wikidata_id"": ""Q79052"" } ```",20.182945251464844
hidden_test_de_2_sent205,3330,3346,Herr v. Bienerth,Q79052,PER,Q79052,Richard von Bienerth-Schmerling,"{ ""wikipedia_page"": ""Richard von Bienerth-Schmerling"", ""wikidata_id"": ""Q79052"" }",16.74756622314453
hidden_test_de_2_sent205,4040,4045,Satan,Q35230,PER,Q35230,Satan,,25.902130126953125
hidden_test_de_2_sent205,4255,4260,Hölle,Q564,LOC,Q564,Hölle,"```json { ""wikipedia_page"": ""Hölle"", ""wikidata_id"": ""Q564"" } ```",20.95979881286621
hidden_test_de_2_sent205,4335,4340,Satan,Q35230,PER,Q35230,Satan,,24.990896224975586
hidden_test_de_2_sent205,4453,4457,Mond,Q405,LOC,Q405,Mond,,21.553813934326172
hidden_test_de_2_sent205,4643,4648,Satan,Q35230,PER,Q35230,Satan,,22.271982192993164
hidden_test_de_2_sent211,306,311,Paris,Q90,LOC,Q90,Paris,"```json { ""wikipedia_page"": ""Paris"", ""wikidata_id"": ""Q90"" } ```",20.820711135864258
hidden_test_de_2_sent211,643,654,„Chat Noir“,Q1138922,LOC,Q1138922,Le Chat Noir,"```json { ""wikipedia_page"": ""Le Chat Noir"", ""wikidata_id"": ""Q1138922"" } ```",18.597028732299805
hidden_test_de_2_sent211,806,820,Maurice Donnay,Q1251496,PER,Q1251496,Maurice Donnay,,34.67909622192383
hidden_test_de_2_sent211,960,971,MarcelLegay,Q7126330,PER,Q7126330,Marcel Legay,,33.19859313964844
hidden_test_de_2_sent212,111,127,Arbeiter=Zeitung,Q627083,PROD,Q627083,Arbeiter-Zeitung,"```json { ""wikipedia_page"": ""Arbeiter-Zeitung"", ""wikidata_id"": ""Q627083"" } ```",17.886659622192383
hidden_test_de_2_sent213,282,286,Wien,Q1741,LOC,Q1741,Wien,,21.43393898010254
hidden_test_de_2_sent213,398,408,Kahlenberg,Q697119,LOC,Q697119,Kahlenberg,"```json { ""wikipedia_page"": ""Kahlenberg"", ""wikidata_id"": ""Q697119"" } ```",18.73929786682129
hidden_test_de_2_sent213,1165,1175,Kahlenberg,Q697119,LOC,Q697119,Kahlenberg,"```json { ""wikipedia_page"": ""Kahlenberg"", ""wikidata_id"": ""Q697119"" } ```",15.168813705444336
hidden_test_de_2_sent214,28,34,Europa,Q46,LOC,Q46,Europa,,24.680559158325195
hidden_test_de_2_sent214,346,352,Europa,Q46,LOC,Q46,Europa,,23.31757164001465
hidden_test_de_2_sent214,518,524,Kanada,Q16,LOC,Q16,Kanada,,24.8906192779541
hidden_test_de_2_sent214,827,839,Skandinavien,Q21195,LOC,Q21195,Skandinavien,,25.880569458007812
hidden_test_de_2_sent214,890,897,Europas,Q46,LOC,Q46,Europa,,24.000003814697266
hidden_test_de_2_sent214,935,941,Europa,Q46,LOC,Q46,Europa,,23.90765953063965
hidden_test_de_2_sent214,945,953,Finnland,Q33,LOC,Q33,Finnland,,25.799854278564453
hidden_test_de_2_sent214,1054,1061,Bosnien,Q188736,LOC,Q188736,Bosnien,,22.853199005126953
hidden_test_de_2_sent214,1069,1080,Herzegowina,Q189863,LOC,Q189863,Herzegowina,,21.51034927368164
hidden_test_de_2_sent214,1135,1147,Skandinavien,Q21195,LOC,Q21195,Skandinavien,,24.31510353088379
hidden_test_de_2_sent215,423,429,Kanada,Q16,LOC,Q16,Kanada,,26.533170700073242
hidden_test_de_2_sent215,435,454,Vereinigten Staaten,Q30,LOC,Q30,Vereinigte Staaten,,24.2971134185791
hidden_test_de_2_sent215,687,692,Japan,Q17,LOC,Q17,Japan,,24.777982711791992
hidden_test_de_2_sent215,1018,1025,Döbling,Q267360,LOC,Q267360,Döbling,,29.398664474487305
hidden_test_de_2_sent215,1100,1107,Döbling,Q267360,LOC,Q267360,Döbling,,29.665653228759766
hidden_test_de_2_sent215,1178,1185,Döbling,Q267360,LOC,Q267360,Döbling,,27.201427459716797
hidden_test_de_2_sent215,1254,1281,Maria Theresien=Schlößchens,Q1801194,LOC,Q1801194,Maria-Theresien-Schlössel,,22.442930221557617
hidden_test_de_2_sent215,1311,1322,Pyrkergasse,NIL,LOC,NIL,Pyrkergasse,"Given the text and the list of candidates, the entity tagged with [ENT] is ""Pyrkergasse"". However, none of the candidates in the provided list match the entity ""Pyrkergasse"" with high confidence. Therefore, the response is: ```json { ""wikipedia_page"": ""NIL"", ""wikidata_id"": ""NIL"" } ```",0
hidden_test_de_2_sent215,1919,1923,Wien,Q1741,LOC,Q1741,Wien,,24.202577590942383
hidden_test_de_2_sent253,73,83,Michalecki,NIL,PER,NIL,Michalecki,"Based on the context provided and the list of candidates, the entity mentioned within the [ENT] tags appears to be ""Michalecki & Co."" The entity ""Michael Michalsky"" is a close match based on the name, but there is no direct evidence to suggest a strong connection between ""Michalecki & Co."" and Michael Michalsky. Therefore, the most appropriate response is: ```json { ""wikipedia_page"": ""NIL"", ""wikidata_id"": ""NIL"" } ```",0
hidden_test_de_2_sent301,35,41,Essegg,NIL,LOC,NIL,Essegg,"```json { ""wikipedia_page"": ""Esseg"", ""wikidata_id"": ""Q115917"" } ```",0
hidden_test_de_2_sent361,90,96,Aslenz,NIL,LOC,NIL,Aslenz,"No candidates matched the entity ""Aslenz"" with high confidence. Therefore, the output is: ```json { ""wikipedia_page"": ""NIL"", ""wikidata_id"": ""NIL"" } ```",0
hidden_test_de_2_sent363,523,531,Wien I/1,Q1741,LOC,Q1741,Wien,"{ ""wikipedia_page"": ""Wien"", ""wikidata_id"": ""Q1741"" }",16.25057029724121
hidden_test_de_2_sent364,53,112,"DRUCK- UND VERLAGSANSTALT„VORWÄRTS“Wien, V. Wienstrasse 89A",NIL,LOC,NIL,"DRUCK- UND VERLAGSANSTALT„VORWÄRTS“Wien, V. Wienstrasse 89A","```json { ""wikipedia_page"": ""NIL"", ""wikidata_id"": ""NIL"" } ```",0
hidden_test_de_2_sent371,11,48,Arbeiter=Zeitung: Dr. Adler=Emmerling,NIL,PER,NIL,Arbeiter=Zeitung: Dr. Adler=Emmerling,"```json { ""wikipedia_page"": ""Arbeiter-Zeitung"", ""wikidata_id"": ""Q422674"" } ```",0
hidden_test_de_2_sent371,65,81,Dr. Viktor Adler,Q366845,PER,Q366845,Victor Adler,,24.210411071777344
hidden_test_de_2_sent371,113,123,Max Winter,Q214678,PER,Q214678,Max Winter,,25.105405807495117
hidden_test_de_7_sent1,224,233,Innsbruck,Q1735,LOC,Q1735,Innsbruck,,29.686063766479492
hidden_test_de_7_sent2,68,71,750,NIL,LOC,NIL,750,"Based on the input text and the list of candidates, neither of the [ENT] entities (750 and 751) can be confidently matched with any of the provided candidates due to the specific context and ambiguity of the terms. Therefore, both should be classified as ""NIL"". ```json { ""wikipedia_page"": """", ""wikidata_id"": ""NIL"" } ```",0
hidden_test_de_7_sent21,0,9,Innsbruck,Q1735,LOC,Q1735,Innsbruck,"```json { ""wikipedia_page"": ""Innsbruck"", ""wikidata_id"": ""Q1735"" } ```",13.673955917358398
hidden_test_de_7_sent22,84,104,Vaterländische Front,Q695482,ORG,Q695482,Vaterländische Front,,27.480695724487305
hidden_test_de_7_sent22,159,178,VaterländischeFront,Q695482,ORG,Q695482,Vaterländische Front,,27.242158889770508
hidden_test_de_7_sent22,443,464,Vaterländischen Front,Q695482,ORG,Q695482,Vaterländische Front,,29.43478012084961
hidden_test_de_7_sent22,546,555,Innsbruck,Q1735,LOC,Q1735,Innsbruck,,26.693204879760742
hidden_test_de_7_sent22,623,643,Vaterländische Front,Q695482,ORG,Q695482,Vaterländische Front,,25.394020080566406
hidden_test_de_7_sent22,801,826,christlichsozialen Partei,Q692131,ORG,Q692131,Christlichsoziale Partei,,24.955780029296875
hidden_test_de_7_sent22,840,851,Oesterreich,Q40,LOC,Q40,Österreich,,22.84993553161621
hidden_test_de_7_sent22,920,941,Vaterländischen Front,Q695482,ORG,Q695482,Vaterländische Front,,27.453989028930664
hidden_test_de_7_sent23,213,233,Vaterländische Front,Q695482,ORG,Q695482,Vaterländische Front,,26.03334617614746
hidden_test_de_7_sent23,542,553,Oesterreich,Q40,LOC,Q40,Österreich,,25.064653396606445
hidden_test_de_7_sent23,692,705,N. S. D. A. P,Q7320,ORG,Q7320,Nationalsozialistische Deutsche Arbeiterpartei,"{ ""wikipedia_page"": ""Nationalsozialistische Deutsche Arbeiterpartei"", ""wikidata_id"": ""Q7320"" }",12.910133361816406
hidden_test_de_7_sent24,200,220,VaterländischenFront,Q695482,ORG,Q695482,Vaterländische Front,"{ ""wikipedia_page"": ""Vaterländische Front"", ""wikidata_id"": ""Q695482"" }",18.66771125793457
hidden_test_de_7_sent25,715,730,Deutschen Reich,Q1206012,LOC,Q1206012,Deutsches Reich,,22.327651977539062
hidden_test_de_7_sent26,171,187,Deutschen Reiche,Q1206012,LOC,Q1206012,Deutsches Reich,,22.719633102416992
hidden_test_de_7_sent28,60,81,Vaterländischen Front,Q695482,ORG,Q695482,Vaterländische Front,"{""wikipedia_page"": ""Vaterländische Front"", ""wikidata_id"": ""Q695482""}",14.388225555419922
hidden_test_de_7_sent29,42,67,BundeskanzlersDr. Dollfuß,Q11734,PER,Q11734,Engelbert Dollfuß,"Based on the provided input text and the list of candidates, the entity mentioned between the [ENT] tags is ""Dr. Dollfuß"". The most appropriate Wikidata entity from the list of candidates is ""Engelbert Dollfuß"". Here is the JSON response: ```json { ""wikipedia_page"": ""Engelbert Dollfuß"", ""wikidata_id"": ""Q11734"" } ```",20.169031143188477
hidden_test_de_7_sent31,50,79,militärischen Assistenzkörper,Q55694738,ORG,Q55694738,Militärassistenzkorps,"```json { ""wikipedia_page"": ""Militärassistenzkorps"", ""wikidata_id"": ""Q55694738"" } ```",20.109018325805664
hidden_test_de_7_sent31,330,358,militärischenAssistenzkörper,Q55694738,ORG,Q55694738,Militärassistenzkorps,"```json { ""wikipedia_page"": ""Militärassistenzkorps"", ""wikidata_id"": ""Q55694738"" } ```",20.607797622680664
hidden_test_de_7_sent34,545,563,Bundeskanzleramtes,Q668916,ORG,Q668916,Bundeskanzleramt,,32.23469543457031
hidden_test_de_7_sent34,839,861,Bundes¬kanzler Dollfuß,Q11734,PER,Q11734,Engelbert Dollfuß,"```json { ""wikipedia_page"": ""Engelbert Dollfuß"", ""wikidata_id"": ""Q11734"" } ```",20.79640007019043
hidden_test_de_7_sent34,897,906,Innsbruck,Q1735,LOC,Q1735,Innsbruck,,26.01332664489746
hidden_test_de_7_sent83,16,29,VINZENZ AHRER,NIL,ORG,NIL,VINZENZ AHRER,"```json { ""wikipedia_page"": ""NIL"", ""wikidata_id"": ""NIL"" } ```",0
hidden_test_de_7_sent87,127,136,Lodenbaur,NIL,ORG,NIL,Lodenbaur,"```json { ""wikipedia_page"": ""NIL"", ""wikidata_id"": ""NIL"" } ```",0
hidden_test_de_7_sent87,142,153,Moden-Pasch,NIL,ORG,NIL,Moden-Pasch,"Based on the provided text, here are the disambiguated entities: ```json { ""wikipedia_page"": ""Moden-Pasch"", ""wikidata_id"": ""Q2364953"" } ```",0
hidden_test_de_7_sent88,122,126,Graz,Q13298,LOC,Q13298,Graz,,23.566822052001953
hidden_test_de_8_sent6,47,55,Oswiecim,Q7342,LOC,Q7342,Oświęcim,,32.917606353759766
hidden_test_de_8_sent6,61,67,Krakau,Q31487,LOC,Q31487,Krakau,,36.31232833862305
hidden_test_de_8_sent6,482,490,Oswiecim,Q7342,LOC,Q7342,Oświęcim,,28.651958465576172
hidden_test_de_8_sent6,496,502,Krakau,Q31487,LOC,Q31487,Krakau,,27.039819717407227
hidden_test_de_8_sent7,0,24,Landesingenieur Bugeiski,NIL,PER,NIL,Landesingenieur Bugeiski,"```json { ""wikipedia_page"": ""NIL"", ""wikidata_id"": ""NIL"" } ```",0
hidden_test_de_8_sent8,0,11,Dr. Schlank,NIL,PER,NIL,Dr. Schlank,"```json { ""wikipedia_page"": ""NIL"", ""wikidata_id"": ""NIL"" } ```",0
hidden_test_de_8_sent10,208,215,"Krakau,",Q31487,LOC,Q31487,Krakau,,28.111560821533203
hidden_test_de_8_sent17,310,314,Wien,Q1741,LOC,Q1741,Wien,,24.108015060424805
hidden_test_de_8_sent17,387,399,Frau Pottner,NIL,PER,NIL,Frau Pottner,"```json { ""wikipedia_page"": ""NIL"", ""wikidata_id"": ""NIL"" } ``` Explanation: The input text mentions ""Frau Pottner"". None of the provided candidates match this name with high confidence. Therefore, the response is ""NIL"".",0
hidden_test_de_8_sent20,1,18,Franz Leibetzeder,NIL,PER,NIL,Franz Leibetzeder,"```json { ""wikipedia_page"":""NIL"", ""wikidata_id"":""NIL"" } ```",0
hidden_test_de_8_sent21,37,45,Zeillern,Q184939,LOC,Q184939,Zeillern,,27.234268188476562
hidden_test_de_8_sent21,332,337,Linz.,Q41329,LOC,Q41329,Linz,,30.03695297241211
hidden_test_de_8_sent24,16,23,Berlin.,Q64,LOC,Q64,Berlin,"```json { ""wikipedia_page"": ""Berlin"", ""wikidata_id"": ""Q64"" } ```",12.728565216064453
hidden_test_de_8_sent25,60,77,Alexander=Kaserne,NIL,LOC,NIL,Alexander=Kaserne,"{ ""wikipedia_page"": ""Alexander-Kaserne"", ""wikidata_id"": ""Q18799"" }",0
hidden_test_de_8_sent25,81,87,Berlin,Q64,LOC,Q64,Berlin,"Given the input text and the list of candidates, the most appropriate Wikidata entity for the entity tagged with [ENT] is ""Berlin"", which corresponds to the wikipedia page ""Berlin"" with the Wikidata ID ""Q64"". The entity is highly confident. Here is the JSON formatted answer: ```json { ""wikipedia_page"": ""Berlin"", ""wikidata_id"": ""Q64"" } ```",16.605613708496094
hidden_test_de_8_sent26,14,30,Alexanderkaserne,NIL,PER,NIL,Alexanderkaserne,"Based on the provided text and the list of candidates, the [ENT] tags refer to historical military buildings or structures. Among the candidates, ""Alexanderkaserne"" is present (with the Wikipedia page title ""Alexander Kaserne"" and Wikidata ID ""Q7906612""). Here is the JSON response: ```json { ""wikipedia_page"": ""Alexander Kaserne"", ""wikidata_id"": ""Q7906612"" } ```",0
hidden_test_de_8_sent47,32,38,Triest,Q546,LOC,Q546,Triest,,30.096418380737305
hidden_test_de_8_sent47,180,186,Triest,Q546,LOC,Q546,Triest,,23.58690643310547
hidden_test_de_8_sent51,32,41,Debrezin.,Q79880,LOC,Q79880,Debrecen,"{ ""wikipedia_page"": ""Debrecen"", ""wikidata_id"": ""Q79880"" }",17.393569946289062
hidden_test_de_8_sent51,44,52,Debrezin,Q79880,LOC,Q79880,Debrecen,"```json { ""wikipedia_page"": ""Debrecen"", ""wikidata_id"": ""Q79880"" } ```",20.711669921875
hidden_test_de_8_sent53,17,28,Niagarafall,Q34221,LOC,Q34221,Niagarafälle,"{ ""wikipedia_page"": ""Niagarafälle"", ""wikidata_id"": ""Q34221"" }",19.049760818481445
hidden_test_de_8_sent59,30,42,Niagarafälle,Q34221,LOC,Q34221,Niagarafälle,,33.38175964355469
hidden_test_de_8_sent336,0,65,"Jac. WeinbergerI., Weihburggasse 5Parterre, Mezzanin u. 1. Stock.",NIL,LOC,NIL,"Jac. WeinbergerI., Weihburggasse 5Parterre, Mezzanin u. 1. Stock.","```json { ""wikipedia_page"": ""NIL"", ""wikidata_id"": ""NIL"" } ```",0
hidden_test_de_8_sent343,0,5,"Wien,",Q1741,LOC,Q1741,Wien,,28.381805419921875
hidden_test_de_8_sent346,18,37,Glauchau in Sachsen,Q20071,LOC,Q20071,Glauchau,"```json { ""wikipedia_page"": ""Glauchau"", ""wikidata_id"": ""Q20071"" } ```",16.333799362182617
hidden_test_de_8_sent347,15,40,Wien.Wiener Bürgertheater,Q1713589,ORG,Q1713589,Wiener Bürgertheater,"```json { ""wikipedia_page"": ""Wiener Bürgertheater"", ""wikidata_id"": ""Q1713589"" } ```",18.961198806762695
hidden_test_de_8_sent352,15,28,Ober¬ammergau,Q503757,LOC,Q503757,Oberammergau,,22.11202621459961
hidden_test_de_8_sent359,0,24,Theater i. d. Josefstadt,Q167619,LOC,Q167619,Theater in der Josefstadt,,25.837081909179688
hidden_test_de_8_sent369,0,19,Theater an der Wien,Q374336,ORG,Q374336,Theater an der Wien,,25.239763259887695
hidden_test_de_8_sent380,0,35,Heinr. WeinbergerI. Singerstraße 10,NIL,LOC,NIL,Heinr. WeinbergerI. Singerstraße 10,"```json { ""wikipedia_page"":""Heinr. Weinberger"", ""wikidata_id"":""NIL"" } ```",0
hidden_test_de_8_sent390,0,28,OrnsteinVI. Theobaldgasse 13,NIL,LOC,NIL,OrnsteinVI. Theobaldgasse 13,"```json { ""wikipedia_page"": ""Otto von Bismarck"", ""wikidata_id"": ""Q18271"" } ```",0
hidden_test_de_8_sent401,2,9,Leipzig,Q2079,LOC,Q2079,Leipzig,"```json { ""wikipedia_page"": ""Leipzig"", ""wikidata_id"": ""Q2079"" } ```",20.067007064819336
hidden_test_de_8_sent418,17,31,Kronen=Zeitung,Q644103,PROD,Q644103,Kronen Zeitung,"```json { ""wikipedia_page"": ""Kronen Zeitung"", ""wikidata_id"": ""Q644103"" } ```",18.958539962768555
hidden_test_de_8_sent425,51,78,Illustrierte Kronen=Zeitung,Q644103,PROD,Q644103,Kronen Zeitung,"```json { ""wikipedia_page"": ""Kronen Zeitung"", ""wikidata_id"": ""Q644103"" } ```",10.685101509094238
hidden_test_de_8_sent438,0,22,"Wien, I., Wollzeile 9.",NIL,LOC,NIL,"Wien, I., Wollzeile 9.","Based on the given input text and the list of candidates, the entities mentioned between the [ENT] tags are ""Wien, I., Wollzeile 9"" and ""Waldheim's vegetabilischer diätetische40 rfEntfettungsTee von sicherer Wirkung, angenehmem Geschmack, v###tündig unschädlich, stellt schlanke, graziöse Figur her, o###Aenderung der Lebensweise, prompte Gewichtsabnah###1 Paket, für längere Zeit ausreichend, K 4"". Neither of these entities have high-confidence matches in the provided list of candidates. Therefore, the JSON response is: ```json { ""wikipedia_page"": ""NIL"", ""wikidata_id"": ""NIL"" } ```",0
hidden_test_de_10_sent0,171,183,Wollzeile 20,NIL,LOC,NIL,Wollzeile 20,"Based on the input text and the list of candidates, the entity ""Wollzeile 20"" does not have a match in the provided list of candidates with high confidence. Thus, the disambiguated entity is classified as ""NIL"". ```json { ""wikipedia_page"": """", ""wikidata_id"": ""NIL"" } ```",0
hidden_test_de_10_sent1,73,86,Havas Laffite,Q516033,ORG,Q516033,Havas,"Based on the input text and the provided list of candidates, the entities mentioned between the [ENT] tags were analyzed: 1. [ENT] Havas Laffite [ENT], Bul¬& Co. in Paris: Herm.Ch. The entity ""Havas"" is found in the list of candidates. Given the context and the provided candidates, it is highly confident that the entity tagged with [ENT] is ""Havas"". Thus, the JSON response is: ```json { ""wikipedia_page"": ""Havas"", ""wikidata_id"": ""Q516033"" } ``` This entity is a French advertising agency, which fits the context of the text, especially when considering the historical date of 1873-07-05.",15.292401313781738
hidden_test_de_10_sent1,101,106,Paris,Q90,LOC,Q90,Paris,"```json { ""wikipedia_page"": ""Paris"", ""wikidata_id"": ""Q90"" } ```",20.897871017456055
hidden_test_de_10_sent2,57,64,Hamburg,Q1055,LOC,Q1055,Hamburg,,22.89461898803711
hidden_test_de_10_sent2,65,71,Berlin,Q64,LOC,Q64,Berlin,,21.35165023803711
hidden_test_de_10_sent2,73,84,Frankf.a.M.,Q1794,LOC,Q1794,Frankfurt am Main,"Based on the input text and the list of candidates, the entities mentioned between the [ENT] tags are ""Frankfurt am Main"" and ""Basel"". The most appropriate Wikidata entity for ""Frankfurt am Main"" is ""Frankfurt am Main"" (Q1794), and for ""Basel"" it is ""Basel"" (Q3821). Here is the JSON-formatted answer: ```json { ""wikipedia_page"": ""Frankfurt am Main"", ""wikidata_id"": ""Q1794"" } ```",16.046932220458984
hidden_test_de_10_sent2,88,93,Basel,Q78,LOC,Q78,Basel,"```json { ""wikipedia_page"": ""Basel"", ""wikidata_id"": ""Q78"" } ```",18.04197883605957
hidden_test_de_10_sent4,8,17,Stuttgart,Q1022,LOC,Q1022,Stuttgart,,24.573108673095703
hidden_test_de_10_sent4,39,47,Ham¬burg,Q1055,LOC,Q1055,Hamburg,,27.516159057617188
hidden_test_de_10_sent4,51,62,Frankf.a.M.,Q1794,LOC,Q1794,Frankfurt am Main,,23.81207275390625
hidden_test_de_10_sent4,105,116,Frankf.a.M.,Q1794,LOC,Q1794,Frankfurt am Main,,22.263477325439453
hidden_test_de_10_sent4,124,132,Hannover,Q1715,LOC,Q1715,Hannover,,22.5825138092041
hidden_test_de_10_sent4,134,155,Stahel's Annonc.-Bur.,NIL,ORG,NIL,Stahel's Annonc.-Bur.,"To disambiguate the entities mentioned between the [ENT] tags, let's analyze the input text and compare it with the list of candidates. **Input Text:** ``` Nur. in Stuttgart; G.L. Daube & Co. in Ham¬burg u. Frankf.a.M.; Jäger'sche Buchh. c. Chr¬'sche Buchh. in Frankf.a.M.: teria Hannover; [ENT] Stahel's Annonc.-Bur. [ENT] i. Würz¬burg; Eugen Fort u. H. Engler in Leipzig; P. W. ``` **List of Candidates:** After careful analysis and comparison, it appears that the entity mentioned between the [ENT] tags ""Stahel's Annonc.-Bur. i. Würz¬burg"" might refer to ""Johann Jakob Stahel"". However, based on the provided context and the list of candidates, it is not clear if the entity is indeed ""Johann Jakob Stahel"". Therefore, I am unable to select any Wikidata entity with high confidence. The value of the ""wikidata_id"" key will be set to ""NIL"". **JSON Response:** ```json { ""wikipedia_page"": ""Johann Jakob Stahel"", ""wikidata_id"": ""NIL"" } ```",0
hidden_test_de_10_sent4,159,168,Würz¬burg,Q2999,LOC,Q2999,Würzburg,,28.8079776763916
hidden_test_de_10_sent4,170,193,Eugen Fort u. H. Engler,NIL,ORG,NIL,Eugen Fort u. H. Engler,"Based on the provided text and candidate list, the two entities mentioned between the [ENT] tags are ""Eugen Fort"" and ""H. Engler."" Among the provided candidates, none exactly match these names. Given the lack of precise matches, I will classify both entities with ""NIL."" Here is the JSON response: ```json { ""wikipedia_page"": ""NIL"", ""wikidata_id"": ""NIL"" } ```",0
hidden_test_de_10_sent4,197,204,Leipzig,Q2079,LOC,Q2079,Leipzig,,29.089187622070312
hidden_test_de_10_sent5,3,10,Dresden,Q1731,LOC,Q1731,Dresden,"Based on the provided input text and the list of candidates, the entity ""Dresden"" mentioned between the [ENT] tags is disambiguated with high confidence. Here is the JSON response: ```json { ""wikipedia_page"": ""Dresden"", ""wikidata_id"": ""Q1731"" } ```",18.893775939941406
hidden_test_de_10_sent5,21,28,Breslau,Q1799,LOC,Q1799,Breslau,,24.296405792236328
hidden_test_de_10_sent5,67,79,Rudolf Mosse,Q71476,PER,Q71476,Rudolf Mosse,,29.711956024169922
hidden_test_de_10_sent5,82,88,Berlin,Q64,LOC,Q64,Berlin,,22.96468734741211
hidden_test_de_10_sent5,108,115,Florenz,Q2044,LOC,Q2044,Florenz,,24.06258773803711
hidden_test_de_10_sent6,15,19,Wien,Q1741,LOC,Q1741,Wien,,23.19887351989746
hidden_test_de_10_sent15,2,6,Wien,Q1741,LOC,Q1741,Wien,"```json { ""wikipedia_page"": ""Wien"", ""wikidata_id"": ""Q1741"" } ```",17.080291748046875
hidden_test_de_10_sent16,6,14,Preussen,Q38872,LOC,Q38872,Preußen,"{ ""wikipedia_page"": ""Preußen"", ""wikidata_id"": ""Q38872"" }",14.209914207458496
hidden_test_de_10_sent27,0,8,Preussen,Q38872,LOC,Q38872,Preußen,"{ ""wikipedia_page"": ""Preußen"", ""wikidata_id"": ""Q38872"" }",14.6336088180542
hidden_test_de_10_sent36,17,24,Venedig,Q641,LOC,Q641,Venedig,"```json { ""wikipedia_page"": ""Venedig"", ""wikidata_id"": ""Q641"" } ```",17.68631362915039
hidden_test_de_10_sent36,40,46,Verona,Q2028,LOC,Q2028,Verona,"```json { ""wikipedia_page"": ""Verona"", ""wikidata_id"": ""Q2028"" } ```",17.72857666015625
hidden_test_de_10_sent36,67,74,Florenz,Q2044,LOC,Q2044,Florenz,"```json { ""wikipedia_page"": ""Florenz"", ""wikidata_id"": ""Q2044"" } ```",13.389167785644531
hidden_test_de_10_sent37,5,36,"S.Liechtl, Chef d.Zeitungs¬bur.",NIL,PER,NIL,"S.Liechtl, Chef d.Zeitungs¬bur.","```json { ""wikipedia_page"": ""NIL"", ""wikidata_id"": ""NIL"" } ```",0
hidden_test_de_10_sent37,40,44,Bern,Q70,LOC,Q70,Bern,"```json { ""wikipedia_page"": ""Bern"", ""wikidata_id"": ""Q70"" } ```",13.89620590209961
hidden_test_de_10_sent39,13,17,Köln,Q365,LOC,Q365,Köln,"```json { ""wikipedia_page"": ""Köln"", ""wikidata_id"": ""Q365"" } ```",15.320735931396484
hidden_test_de_10_sent40,53,58,Paris,Q90,LOC,Q90,Paris,"Based on the analysis of the provided text and the list of candidates, here is the JSON-formatted output: ```json { ""wikipedia_page"": ""Paris"", ""wikidata_id"": ""Q90"" } ```",18.233856201171875
hidden_test_de_10_sent40,62,72,Strassburg,Q6602,LOC,Q6602,Straßburg,,21.3378849029541
hidden_test_de_10_sent40,97,102,Paris,Q90,LOC,Q90,Paris,"```json { ""wikipedia_page"": ""Paris"", ""wikidata_id"": ""Q90"" } ```",16.83543586730957
hidden_test_de_10_sent41,8,15,Schweiz,Q39,LOC,Q39,Schweiz,"{ ""wikipedia_page"": ""Schweiz"", ""wikidata_id"": ""Q39"" }",9.061721801757812
hidden_test_de_10_sent44,14,18,Köln,Q365,LOC,Q365,Köln,"Given the context and the input text with entities marked by [ENT] tags, the most appropriate Wikidata entity from the list of candidates is ""Köln"" (Q365). Here is the JSON response: ```json { ""wikipedia_page"": ""Köln"", ""wikidata_id"": ""Q365"" } ```",15.107654571533203
hidden_test_de_10_sent45,40,44,Bern,Q70,LOC,Q70,Bern,,25.105335235595703
hidden_test_de_10_sent46,5,12,England,Q21,LOC,Q21,England,"Based on the provided text ""f. [ENT] England [ENT] : b. uns 15 fl."", the entity mentioned between the [ENT] tags is ""England"". Given the list of candidates, the most appropriate Wikidata entity for ""England"" is: - Wikipedia Page: England - Wikidata ID: Q21 Therefore, the JSON formatted answer is: ```json { ""wikipedia_page"": ""England"", ""wikidata_id"": ""Q21"" } ```",10.668795585632324
hidden_test_de_10_sent47,15,19,Köln,Q365,LOC,Q365,Köln,"```json { ""wikipedia_page"": ""Köln"", ""wikidata_id"": ""Q365"" } ```",11.238207817077637
hidden_test_de_10_sent50,68,79,Nordamerika,Q49,LOC,Q49,Nordamerika,"``` { ""wikipedia_page"": ""Nordamerika"", ""wikidata_id"": ""Q49"" } ```",14.284441947937012
hidden_test_de_10_sent52,14,18,Köln,Q365,LOC,Q365,Köln,"Here is the analysis of the input text and the corresponding JSON response: ```json { ""wikipedia_page"": ""Köln"", ""wikidata_id"": ""Q365"" } ``` Explanation: - The entity ""Köln"" within the text is highly likely referring to the city of Cologne, which is the most prominent entity out of the given candidates.",16.966388702392578
hidden_test_de_10_sent53,5,15,E. Steiger,Q16059368,PER,Q16059368,Ernst Steiger,"Based on the provided text and candidates, the entity mentioned between the [ENT] tags is ""Ernst Steiger"". This entity matches highly confidently with the candidate: ```json { ""wikipedia_page"": ""Ernst Steiger"", ""wikidata_id"": ""Q16059368"" } ```",15.256354331970215
hidden_test_de_10_sent54,29,51,Brasilien Buenos-Ayres,Q1486,LOC,Q1486,Buenos Aires,"Based on the provided text and candidates, the entity mentioned between the [ENT] tags is likely referring to the city of Buenos Aires. Among the candidates, the most appropriate entity is: ```json ""wikipedia_page"": ""Buenos Aires"", ""wikidata_id"": ""Q1486"" ``` So, the JSON-formatted answer is: ```json { ""wikipedia_page"": ""Buenos Aires"", ""wikidata_id"": ""Q1486"" } ```",13.546804428100586
hidden_test_de_10_sent54,55,61,Mexico,Q96,LOC,Q96,Mexiko,"```json { ""wikipedia_page"": ""Mexiko"", ""wikidata_id"": ""Q96"" } ```",15.666068077087402
hidden_test_de_10_sent54,132,136,Köln,Q365,LOC,Q365,Köln,"Based on the given text and the provided list of candidates, the entity mentioned between the [ENT] tags is ""Köln"". The most appropriate Wikidata entity from the list of candidates is: ```json { ""wikipedia_page"": ""Köln"", ""wikidata_id"": ""Q365"" } ```",16.961668014526367
hidden_test_de_10_sent55,55,59,Wien,Q1741,LOC,Q1741,Wien,"```json { ""wikipedia_page"": ""Wien"", ""wikidata_id"": ""Q1741"" } ```",19.776968002319336
hidden_test_de_10_sent57,0,4,Wien,Q1741,LOC,Q1741,Wien,,51.272796630859375
hidden_test_de_10_sent59,63,70,England,Q21,LOC,Q21,England,"```json { ""wikipedia_page"": ""England"", ""wikidata_id"": ""Q21"" } ```",18.059476852416992
hidden_test_de_10_sent59,892,910,VereinigtenStaaten,Q30,LOC,Q30,Vereinigte Staaten,,21.748424530029297
hidden_test_de_10_sent60,63,82,Vereinigten Staaten,Q30,LOC,Q30,Vereinigte Staaten,,21.972841262817383
hidden_test_de_10_sent60,601,613,Forts Sumter,Q737517,LOC,Q737517,Fort Sumter,"{ ""wikipedia_page"": ""Fort Sumter"", ""wikidata_id"": ""Q737517"" }",20.300857543945312
hidden_test_de_10_sent62,20,34,Louis Napoleon,Q7721,PER,Q7721,Napoleon III.,,26.84479331970215
hidden_test_de_10_sent62,67,75,Richmond,Q43421,LOC,Q43421,Richmond,"```json { ""wikipedia_page"": ""Richmond"", ""wikidata_id"": ""Q43421"" } ```",15.991044998168945
hidden_test_de_10_sent63,58,64,Europa,Q46,LOC,Q46,Europa,,26.188732147216797
hidden_test_de_10_sent95,605,617,Niagarafälle,Q34221,LOC,Q34221,Niagarafälle,,30.42853355407715
hidden_test_de_10_sent95,630,639,Rheinfall,Q214924,LOC,Q214924,Rheinfall,,24.83391761779785
hidden_test_de_10_sent96,314,321,Alabama,Q173,LOC,Q173,Alabama,"```json { ""wikipedia_page"": ""Alabama"", ""wikidata_id"": ""Q173"" } ```",17.418039321899414
hidden_test_de_10_sent96,361,371,Washington,Q61,LOC,Q61,"Washington, D.C.","Based on the input text and the provided list of candidates, the entity mentioned between the [ENT] tags is ""Washington"". The most appropriate Wikidata entity from the list of candidates is ""Washington, D.C."". ```json { ""wikipedia_page"": ""Washington, D.C."", ""wikidata_id"": ""Q61"" } ```",18.60557746887207
hidden_test_de_10_sent97,31,42,Nordamerika,Q49,LOC,Q49,Nordamerika,,22.262428283691406
hidden_test_de_10_sent97,147,169,Alexis de Tocque¬ville,Q140694,PER,Q140694,Alexis de Tocqueville,,40.300079345703125
hidden_test_de_10_sent97,650,669,Vereinigten Staaten,Q30,LOC,Q30,Vereinigte Staaten,,24.49038314819336
hidden_test_de_10_sent97,1048,1061,Weißen Hauses,Q35525,LOC,Q35525,Weißes Haus,"```json { ""wikipedia_page"": ""Weißes Haus"", ""wikidata_id"": ""Q35525"" } ```",20.431331634521484
hidden_test_de_10_sent98,61,80,Vereinigten Staaten,Q30,LOC,Q30,Vereinigte Staaten,,26.57332992553711
hidden_test_de_10_sent98,213,224,Nordamerika,Q49,LOC,Q49,Nordamerika,,22.19168472290039
hidden_test_de_10_sent99,466,477,Neu=England,Q18389,LOC,Q18389,Neuengland,"```json { ""wikipedia_page"": ""Neuengland"", ""wikidata_id"": ""Q18389"" } ```",21.1785945892334
hidden_test_de_10_sent100,103,106,Rom,Q220,LOC,Q220,Rom,"```json { ""wikipedia_page"": ""Rom"", ""wikidata_id"": ""Q220"" } ```",14.597667694091797
hidden_test_de_10_sent100,510,523,Bonifaz VIII.,Q134646,PER,Q134646,Bonifatius VIII.,,34.149505615234375
hidden_test_de_10_sent101,96,112,Giovanni Villani,Q704179,PER,Q704179,Giovanni Villani,,25.57254981994629
hidden_test_de_10_sent104,288,315,nordamerikanischen Republik,Q30,LOC,Q30,Vereinigte Staaten,"```json { ""wikipedia_page"": ""Vereinigte Staaten"", ""wikidata_id"": ""Q30"" } ```",13.60290813446045
hidden_test_de_10_sent104,330,346,GeorgeWashington,Q23,PER,Q23,George Washington,,29.50898551940918
hidden_test_de_10_sent104,729,739,Washington,Q23,PER,Q23,George Washington,"```json { ""wikipedia_page"": ""George Washington"", ""wikidata_id"": ""Q23"" } ```",17.26049041748047
hidden_test_de_10_sent108,32,41,St. Peter,Q12512,LOC,Q12512,Petersdom,"```json { ""wikipedia_page"": ""Petersdom"", ""wikidata_id"": ""Q12512"" } ```",13.564610481262207
hidden_test_de_10_sent108,717,738,Ferdinand Gregorovius,Q61425,PER,Q61425,Ferdinand Gregorovius,,30.74842643737793
hidden_test_de_10_sent108,757,782,Familie Gaetani=Sermoneta,Q940238,PER,Q940238,Caetani,"```json { ""wikipedia_page"": ""Gaetani"", ""wikidata_id"": ""Q940238"" } ```",17.49939727783203
hidden_test_de_10_sent109,285,292,Gaetani,Q940238,PER,Q940238,Caetani,"{ ""wikipedia_page"": ""Gaetani"", ""wikidata_id"": ""Q940238"" }",19.61319351196289
hidden_test_de_10_sent109,873,886,Bonifaz VIII.,Q134646,PER,Q134646,Bonifatius VIII.,,32.343265533447266
hidden_test_de_10_sent123,172,187,Michael Etienne,Q94052,PER,Q94052,Michael Etienne,,35.46660232543945
hidden_test_de_10_sent123,189,204,Adolph Werthner,Q364523,PER,Q364523,Adolf Werthner,,34.44492721557617
hidden_test_de_10_sent125,38,55,Christoph Reisser,Q1085695,PER,Q1085695,Christoph Reisser,,33.96387481689453
hidden_test_de_10_sent126,89,94,Posen,Q268,LOC,Q268,Posen,"```json { ""wikipedia_page"": ""Posen"", ""wikidata_id"": ""Q268"" } ```",13.561610221862793
hidden_test_de_10_sent127,1533,1539,Luther,Q9554,PER,Q9554,Martin Luther,"```json { ""wikipedia_page"": ""Martin Luther"", ""wikidata_id"": ""Q9554"" } ```",14.075666427612305
hidden_test_de_10_sent127,1788,1794,Luther,Q9554,PER,Q9554,Martin Luther,"```json { ""wikipedia_page"": ""Martin Luther"", ""wikidata_id"": ""Q9554"" } ```",13.999866485595703
hidden_test_de_10_sent127,2840,2854,Jesus Christus,Q302,PER,Q302,Jesus Christus,,26.485857009887695
hidden_test_de_10_sent127,3060,3067,Preußen,Q27306,LOC,Q27306,Königreich Preußen,"```json { ""wikipedia_page"": ""Königreich Preußen"", ""wikidata_id"": ""Q27306"" } ```",17.660606384277344
hidden_test_de_10_sent127,3191,3198,Christo,Q302,PER,Q302,Jesus Christus,"```json { ""wikipedia_page"": ""Jesus Christus"", ""wikidata_id"": ""Q302"" } ```",18.659502029418945
hidden_test_de_10_sent129,749,757,Christus,Q302,PER,Q302,Jesus Christus,"{ ""wikipedia_page"": ""Jesus Christus"", ""wikidata_id"": ""Q302"" }",17.225751876831055
hidden_test_de_10_sent130,157,165,Christus,Q302,PER,Q302,Jesus Christus,"Based on the provided input text and the list of candidates, the most appropriate Wikidata entity for the entity mentioned within the [ENT] tags is ""Jesus Christus"" (Wikidata ID: Q302). Therefore, the JSON-formatted answer is: ```json { ""wikipedia_page"": ""Jesus Christus"", ""wikidata_id"": ""Q302"" } ```",14.825994491577148
hidden_test_de_10_sent139,0,9,Frankfurt,Q1794,LOC,Q1794,Frankfurt am Main,"Based on the provided text and list of candidates, the entity mentioned between the [ENT] tags is ""Frankfurt"". Given the list of candidates, the most appropriate Wikidata entity is: ```json ""wikipedia_page"": ""Frankfurt am Main"", ""wikidata_id"": ""Q1794"" ```",15.675317764282227
hidden_test_de_10_sent141,0,7,Leipzig,Q2079,LOC,Q2079,Leipzig,,24.253047943115234
hidden_test_de_10_sent146,36,40,Wien,Q1741,LOC,Q1741,Wien,"```json { ""wikipedia_page"": ""Wien"", ""wikidata_id"": ""Q1741"" } ```",12.24001407623291
hidden_test_de_10_sent262,180,184,Wien,Q1741,LOC,Q1741,Wien,"```json { ""wikipedia_page"": ""Wien"", ""wikidata_id"": ""Q1741"" } ```",15.198710441589355
hidden_test_de_10_sent262,233,240,Bludenz,Q494504,LOC,Q494504,Bludenz,,22.018413543701172
hidden_test_de_10_sent262,242,251,Debreczin,Q79880,LOC,Q79880,Debrecen,"```json { ""wikipedia_page"": ""Debrecen"", ""wikidata_id"": ""Q79880"" } ```",21.03591537475586
hidden_test_de_10_sent262,253,261,Lem¬berg,Q36036,LOC,Q36036,Lemberg,"```json { ""wikipedia_page"": ""Lemberg"", ""wikidata_id"": ""Q36036"" } ``` The entity mentioned between the [ENT] tags is ""Lemberg,"" which corresponds to the Wikidata ID ""Q36036"" and the Wikipedia page title ""Lemberg.""",19.73221206665039
hidden_test_de_10_sent262,263,268,Agram,Q1435,LOC,Q1435,Zagreb,"```json { ""wikipedia_page"": ""Zagreb"", ""wikidata_id"": ""Q1435"" } ```",14.544527053833008
hidden_test_de_10_sent262,280,288,Szegedin,Q81581,LOC,Q81581,Szeged,"```json { ""wikipedia_page"": ""Szeged"", ""wikidata_id"": ""Q81581"" } ```",21.054855346679688
hidden_test_de_10_sent262,330,334,Prag,Q1085,LOC,Q1085,Prag,"Based on the input text and the list of candidates, the entity mentioned between the [ENT] tags is ""Prag"". Among the candidates, the most appropriate Wikidata entity is: ```json { ""wikipedia_page"": ""Prag"", ""wikidata_id"": ""Q1085"" } ```",21.251380920410156
hidden_test_de_10_sent262,363,367,Pola,Q4656,LOC,Q4656,Pula," ""wikipedia_page"": ""Pula"", ""wikidata_id"": ""Q4656"" ```",16.644315719604492
hidden_test_de_10_sent263,19,41,Pariser Observatoriums,Q461340,ORG,Q461340,Pariser Observatorium,,24.080289840698242
hidden_test_de_10_sent263,85,91,Europa,Q46,LOC,Q46,Europa,,23.257118225097656
hidden_test_de_10_sent263,169,176,Schweiz,Q39,LOC,Q39,Schweiz,,23.559011459350586
hidden_test_de_10_sent263,302,313,Greencastle,Q2247517,LOC,Q2247517,Greencastle,"```json { ""wikipedia_page"": ""Greencastle"", ""wikidata_id"": ""Q2247517"" } ```",14.82223892211914
hidden_test_de_10_sent263,344,348,Lyon,Q456,LOC,Q456,Lyon,,24.107309341430664
hidden_test_de_10_sent263,365,372,Florenz,Q2044,LOC,Q2044,Florenz,,27.83157730102539
hidden_test_de_10_sent265,55,92,k. k. Central=Anstalt fürMeteorologie,Q190033,ORG,Q190033,Zentralanstalt für Meteorologie und Geodynamik,"Based on the provided text and the given candidates, the entity mentioned between the [ENT] tags is ""Zentralanstalt für Meteorologie und Geodynamik"". Therefore, the JSON formatted answer is: ```json { ""wikipedia_page"": ""Zentralanstalt für Meteorologie und Geodynamik"", ""wikidata_id"": ""Q190033"" } ```",14.60722541809082
hidden_test_de_10_sent271,0,12,Wiener Börse,Q698535,ORG,Q698535,Wiener Börse,,28.237945556640625
hidden_test_de_10_sent285,145,166,Hypothekar=Rentenbank,NIL,ORG,NIL,Hypothekar=Rentenbank,"Based on the input text and the provided list of candidates, the entity mentioned between the [ENT] tags, ""Hypothekar=Rentenbank"", does not have a high-confidence match in the given candidates. Therefore, the results are: ```json { ""wikipedia_page"": ""NIL"", ""wikidata_id"": ""NIL"" } ```",0
hidden_test_de_10_sent287,4,25,Union=Baugesellschaft,Q2494460,ORG,Q2494460,Union-Baugesellschaft,"Based on the provided text and the list of candidates, I am highly confident that the entity mentioned between the [ENT] tags, ""Union=Baugesellschaft"", corresponds to the Wikidata entity with the ID ""Q2494460"" and the Wikipedia page title ""Union-Baugesellschaft"". Here is the JSON-formatted answer: ```json { ""wikipedia_page"": ""Union-Baugesellschaft"", ""wikidata_id"": ""Q2494460"" } ```",16.914953231811523
hidden_test_de_10_sent289,153,163,Anglo=Bank,Q1418039,ORG,Q1418039,Anglo-Österreichische Bank,"```json { ""wikipedia_page"": ""Anglo-Österreichische Bank"", ""wikidata_id"": ""Q1418039"" } ```",17.608938217163086
hidden_test_de_10_sent304,128,134,London,Q84,LOC,Q84,London,"Based on the input text and the provided list of candidates, the most appropriate Wikidata entity for the term ""London"" is: ```json { ""wikipedia_page"": ""London"", ""wikidata_id"": ""Q84"" } ```",18.350643157958984
hidden_test_de_10_sent304,144,149,Paris,Q90,LOC,Q90,Paris,"Based on the provided text and candidates, the entity mentioned between the [ENT] tags is ""Paris."" There is a high confidence in selecting the entity from the list of candidates. ```json { ""wikipedia_page"": ""Paris"", ""wikidata_id"": ""Q90"" } ```",19.006643295288086
hidden_test_de_10_sent322,0,6,Berlin,Q64,LOC,Q64,Berlin,"```json { ""wikipedia_page"": ""Berlin"", ""wikidata_id"": ""Q64"" } ```",13.160013198852539
hidden_test_de_10_sent324,30,37,Breslau,Q1799,LOC,Q1799,Breslau,"{ ""wikipedia_page"": ""Breslau"", ""wikidata_id"": ""Q1799"" }",13.328397750854492
hidden_test_de_10_sent325,9,20,WienHambrg.,Q1055,LOC,Q1055,Hamburg,"Based on the given context and the list of candidates, I will disambiguate the entities mentioned in the text: 1. ""Banknoten[ENT] WienHambrg. [ENT] 4. J."" contains two entities: ""Wien"" and ""Hamburg"". For ""Wien"": - The candidate with the Wikipedia page ""Wien"" and Wikidata ID ""Q1741"" matches with high confidence. For ""Hamburg"": - The candidate with the Wikipedia page ""Hamburg"" and Wikidata ID ""Q1055"" matches with high confidence. For ""4. J."": - There is no match with high confidence, so it will be classified as ""NIL"". The JSON-formatted answer will be: ```json { ""wikipedia_page"": ""Hamburg"", ""wikidata_id"": ""Q1055"" } ```",12.182876586914062
hidden_test_de_10_sent327,13,25,Wiener Börse,Q698535,ORG,Q698535,Wiener Börse,,33.50941848754883
hidden_test_de_10_sent327,65,75,Anglo=Bank,Q1418039,ORG,Q1418039,Anglo-Österreichische Bank,,26.417253494262695
hidden_test_de_10_sent331,4,25,Union=Baugesellschaft,Q2494460,ORG,Q2494460,Union-Baugesellschaft,"Based on the provided text and candidates, the most appropriate Wikidata entity for the entity tagged with [ENT] is: ```json { ""wikipedia_page"": ""Union-Baugesellschaft"", ""wikidata_id"": ""Q2494460"" } ```",20.491369247436523
hidden_test_de_10_sent338,3,17,Konstantinopel,Q406,LOC,Q406,Istanbul,"```json { ""wikipedia_page"": ""Istanbul"", ""wikidata_id"": ""Q406"" } ```",20.794986724853516
hidden_test_de_10_sent342,0,7,Hamburg,Q1055,LOC,Q1055,Hamburg,,26.615747451782227
hidden_test_de_10_sent349,3,38,Deutsche Effecten= und Wechslerbank,Q1202320,ORG,Q1202320,Deutsche Effecten- und Wechsel-Beteiligungsgesellschaft,"```json { ""wikipedia_page"": ""Deutsche Effecten- und Wechsel-Beteiligungsgesellschaft"", ""wikidata_id"": ""Q1202320"" } ```",14.440178871154785
hidden_test_de_10_sent350,0,6,Berlin,Q64,LOC,Q64,Berlin,,36.08332824707031
hidden_test_de_10_sent351,0,23,[Berliner Börsenbericht,NIL,ORG,NIL,[Berliner Börsenbericht,"```json { ""wikipedia_page"": ""Berliner Börsenbericht"", ""wikidata_id"": ""NIL"" } ```",0
hidden_test_de_10_sent352,228,243,Frankfurt a. M.,Q1794,LOC,Q1794,Frankfurt am Main,,25.499401092529297
hidden_test_de_10_sent352,636,663,Galizischen Karl=Ludwigbahn,Q554551,ORG,Q554551,Galizische Carl Ludwig-Bahn,,24.179122924804688
hidden_test_de_10_sent352,981,985,Wien,Q1741,LOC,Q1741,Wien,"Based on the provided input text and the list of candidates, the entity mentioned between the [ENT] tags is ""Wien"" (Vienna). The most appropriate Wikidata entity from the list of candidates is: ```json { ""wikipedia_page"": ""Wien"", ""wikidata_id"": ""Q1741"" } ``` Therefore, the JSON output is: ```json { ""wikipedia_page"": ""Wien"", ""wikidata_id"": ""Q1741"" } ```",17.770862579345703
hidden_test_de_10_sent354,41,50,Frankfurt,Q1794,LOC,Q1794,Frankfurt am Main,"```json { ""wikipedia_page"": ""Frankfurt am Main"", ""wikidata_id"": ""Q1794"" } ```",9.069995880126953
hidden_test_de_10_sent361,0,16,Banque de France,Q806950,ORG,Q806950,Banque de France,,23.363256454467773
hidden_test_de_10_sent365,168,204,Oesterreichische Bodencredit=Anstalt,Q889479,ORG,Q889479,Allgemeine Bodencreditanstalt,,22.140796661376953
hidden_test_de_10_sent366,0,4,Wien,Q1741,LOC,Q1741,Wien,,33.59124755859375
hidden_test_de_10_sent367,0,31,[Lemberg=Czernowitz=Jassy Bahn.,Q772253,ORG,Q772253,Lemberg-Czernowitz-Jassy-Eisenbahn,"```json { ""wikipedia_page"": ""Lemberg-Czernowitz-Jassy-Eisenbahn"", ""wikidata_id"": ""Q772253"" } ```",18.58294677734375
hidden_test_de_10_sent367,61,90,Lemberg=Czernowitz=Jassy Bahn,Q772253,ORG,Q772253,Lemberg-Czernowitz-Jassy-Eisenbahn,,28.363754272460938
hidden_test_de_10_sent370,0,4,Köln,Q365,LOC,Q365,Köln,,24.095935821533203
hidden_test_de_10_sent371,0,6,Zürich,Q72,LOC,Q72,Zürich,,36.76979064941406
hidden_test_de_10_sent372,65,71,Zürich,Q72,LOC,Q72,Zürich,"```json { ""wikipedia_page"": ""Zürich"", ""wikidata_id"": ""Q72"" } ```",19.093767166137695
hidden_test_de_10_sent373,0,9,Liverpool,Q24826,LOC,Q24826,Liverpool,"Based on the provided text and the list of candidates, the entity mentioned between the [ENT] tags is ""Liverpool"". The most appropriate Wikidata entity for ""Liverpool"" from the list of candidates is: ```json { ""wikipedia_page"": ""Liverpool"", ""wikidata_id"": ""Q24826"" } ```",18.598636627197266
hidden_test_de_10_sent377,0,4,Köln,Q365,LOC,Q365,Köln,,24.34446144104004
hidden_test_de_10_sent378,0,6,Zürich,Q72,LOC,Q72,Zürich,,24.121055603027344
hidden_test_de_10_sent378,236,244,Amsterd.,Q727,LOC,Q727,Amsterdam,"```json { ""wikipedia_page"": ""Amsterdam"", ""wikidata_id"": ""Q727"" } ```",15.519582748413086
hidden_test_de_10_sent378,309,315,London,Q84,LOC,Q84,London,"```json { ""wikipedia_page"": ""London"", ""wikidata_id"": ""Q84"" } ```",18.00876235961914
hidden_test_de_10_sent378,326,330,Wien,Q1741,LOC,Q1741,Wien,"Based on analyzing the text ""Zürich, 4. Juli. [Telegr. der Oesterr. See¬handlung.] Weizen, Stimmung sehr flau, äußerst wenig Kauf¬lust. Preise nominell, 38.75 Francs bis 39.50 Francs ab Sta¬tionen. Hafer ohne Nachfrage. Schönes Wetter.93Credit Mobilier417——92 11/16Amsterd. 4. J.Oe. 1860er LoseOest. Papier=R.60½R. Oe. Oblig„ Silber=R.65¼London, 4. J.————[ENT] Wien [ENT] er Wechsel—ConsolsLuftdruckMilli¬meterTemper. CelsiusFeuchtig¬keit inPer¬centenWindrich¬tung undStärkeBe¬wölkungOzon."", the entities [ENT] Wien [ENT] er Wechsel—Consols appear to be related to the city of Vienna. Given the context, the most appropriate Wikidata entity is 'Wien', which refers to the 'Bundeshauptstadt der Republik Österreich'. Therefore, the JSON-formatted answer is: ```json { ""wikipedia_page"": ""Wien"", ""wikidata_id"": ""Q1741"" } ```",20.335031509399414
hidden_test_de_10_sent380,19,41,Pariser Observatoriums,Q461340,ORG,Q461340,Pariser Observatorium,,24.31044578552246
hidden_test_de_10_sent380,60,66,Europa,Q46,LOC,Q46,Europa,,23.15009117126465
hidden_test_de_10_sent380,263,270,Florenz,Q2044,LOC,Q2044,Florenz,,28.290416717529297
hidden_test_de_10_sent381,37,74,k. k. Central=Austalt fürMeteorologie,Q190033,ORG,Q190033,Zentralanstalt für Meteorologie und Geodynamik,"```json { ""wikipedia_page"": ""Zentralanstalt für Meteorologie und Geodynamik"", ""wikidata_id"": ""Q190033"" } ```",10.84438705444336
hidden_test_de_10_sent390,15,23,Toloplas,NIL,LOC,NIL,Toloplas,"Based on the analysis of the provided text, the entity mentioned between the [ENT] tags is ""Tolplas"" which is not found in the list of candidates with high confidence. Therefore, the response is: ```json { ""wikipedia_page"": ""NIL"", ""wikidata_id"": ""NIL"" } ```",0
hidden_test_de_10_sent391,28,32,Wien,Q1741,LOC,Q1741,Wien,,27.159990310668945
hidden_test_de_10_sent393,152,182,"Heinrich Seld, DoctorSlupetzki",NIL,PER,NIL,"Heinrich Seld, DoctorSlupetzki","Based on the provided text and the list of candidates, the entities marked with [ENT] tags are ""Slupetzki"" and ""Seld, Doctor"". Let's analyze each entity and determine the most appropriate Wikidata entity from the list of candidates. ### Entity Analysis: 1. **Entity: Slupetzki** - The name ""Slupetzki"" does not match any of the Wikidata entities in the list of candidates exactly. - The closest match in terms of name is ""Serge-Simon Held"" (Wikidata ID: Q7387850), but the name is not an exact match. 2. **Entity: Seld, Doctor** - The name ""Seld, Doctor"" does not match any of the Wikidata entities in the list of candidates exactly. - The closest match in terms of name is ""Siglind-Erika Schmalzriedt"" (Wikidata ID: Q12355119), but the name is not an exact match. ### Disambiguation Results: Given the lack of high-confidence matches from the provided list of candidates, the entities ""Slupetzki"" and ""Seld, Doctor"" cannot be confidently disambiguated. Therefore, the output will be: ```json { ""wikipedia_page"": ""NIL"", ""wikidata_id"": ""NIL"" } ``` ### Final JSON Output: ```json { ""wikipedia_page"": ""NIL"", ""wikidata_id"": ""NIL"" } ```",0
hidden_test_de_10_sent399,26,40,von Bauernfeld,Q78865,PER,Q78865,Eduard von Bauernfeld,"{ ""wikipedia_page"": ""Eduard von Bauernfeld"", ""wikidata_id"": ""Q78865"" }",18.85137176513672
hidden_test_de_10_sent402,5,12,Zanisch,NIL,PER,NIL,Zanisch,"```json { ""wikipedia_page"": ""NIL"", ""wikidata_id"": ""NIL"" } ```",0
hidden_test_de_10_sent406,5,11,Afrika,Q15,LOC,Q15,Afrika,"Based on the provided text and the list of candidates, the disambiguated entities are as follows: ```json { ""wikipedia_page"": ""Afrika"", ""wikidata_id"": ""Q15"" } ```",12.58277702331543
hidden_test_de_10_sent407,24,33,E. Scribe,Q319261,PER,Q319261,Eugène Scribe,,36.98865509033203
hidden_test_de_10_sent407,68,77,Meyerbeer,Q105237,PER,Q105237,Giacomo Meyerbeer,,30.952720642089844
hidden_test_de_10_sent410,26,35,Siegstädt,Q5741589,PER,Q5741589,Hermine von Siegstädt,"```json { ""wikipedia_page"": ""Hermine von Siegstädt"", ""wikidata_id"": ""Q5741589"" } ```",12.194694519042969
hidden_test_de_10_sent411,0,13,Vasco de Gama,Q7328,PER,Q7328,Vasco da Gama,,28.947969436645508
hidden_test_de_10_sent422,1,13,Maria Stuart,Q131412,PER,Q131412,Maria I. von Schottland,,22.858856201171875
hidden_test_de_10_sent423,34,42,Schiller,Q22670,PER,Q22670,Friedrich Schiller,,31.476953506469727
hidden_test_de_10_sent425,0,35,"Marie Stuart, Königin vonSchottland",Q131412,PER,Q131412,Maria I. von Schottland,,32.47334671020508
hidden_test_de_10_sent427,50,54,Guhn,NIL,PER,NIL,Guhn,"Based on the input text and the list of candidates, the entity ""Guhn"" is not found in the list of candidates. Therefore, the disambiguated entity is: ```json { ""wikipedia_page"": ""NIL"", ""wikidata_id"": ""NIL"" } ``` The entity ""Guhn"" does not have a corresponding Wikidata ID or Wikipedia page title in the provided list of candidates.",0
hidden_test_de_10_sent429,39,45,Blasel,Q1730504,PER,Q1730504,Karl Blasel,,21.67108726501465
hidden_test_de_10_sent437,4,10,Zelend,NIL,PER,NIL,Zelend,"Based on the provided text ""Hr. [ENT] Zelend [ENT]."", none of the candidates in the list of candidates seems to match with high confidence. Therefore, the disambiguation result is: ```json { ""wikipedia_page"": ""NIL"", ""wikidata_id"": ""NIL"" } ```",0
hidden_test_de_10_sent439,1,23,"Sebastian Tostl, Weber",NIL,PER,NIL,"Sebastian Tostl, Weber","The provided candidates do not seem to include the entity ""Sebastian Tostl"". Therefore, the most appropriate Wikidata ID to assign is ""NIL"" for the given entity mentioned in the text. ```json { ""wikipedia_page"": """", ""wikidata_id"": ""NIL"" } ```",0
hidden_test_de_10_sent452,30,37,Meixner,Q1522031,PER,Q1522031,Karl Wilhelm Meixner,"Based on the analysis of the input text ""Okelin, Mortimer's Frennd Hr. [ENT] Meixner [ENT]."", the most likely Wikidata entity from the provided list of candidates for the entity tagged with [ENT] is ""Karl Wilhelm Meixner"". Here is the JSON-formatted response: ```json { ""wikipedia_page"": ""Karl Wilhelm Meixner"", ""wikidata_id"": ""Q1522031"" } ```",14.67041301727295
hidden_test_de_10_sent455,0,15,Margarethe Kurl,NIL,PER,NIL,Margarethe Kurl,"```json { ""wikipedia_page"": ""NIL"", ""wikidata_id"": ""NIL"" } ```",0
hidden_test_de_10_sent456,0,26,Theater in der Josephstadt,Q167619,LOC,Q167619,Theater in der Josefstadt,"{ ""wikipedia_page"": ""Theater in der Josefstadt"", ""wikidata_id"": ""Q167619"" }",14.355545043945312
hidden_test_de_10_sent463,1,20,Theater an der Wien,Q374336,LOC,Q374336,Theater an der Wien,,21.74224090576172
hidden_test_de_10_sent465,118,126,A. Berla,Q15432075,PER,Q15432075,Alois Berla,,28.428295135498047
hidden_test_de_10_sent465,152,165,KarlMillöcker,Q456099,PER,Q456099,Carl Millöcker,,37.07136917114258
hidden_test_de_10_sent466,0,17,Strampfer-Theater,Q1795803,LOC,Q1795803,Strampfer-Theater,"Based on the analysis of the input text and the JSON list of candidates, the entity mentioned between the [ENT] tags is ""Strampfer-Theater"". This entity is highly confident and matches with the candidate listed in the provided list. Therefore, the corresponding Wikipedia page title and Wikidata ID are as follows: ```json { ""wikipedia_page"": ""Strampfer-Theater"", ""wikidata_id"": ""Q1795803"" } ```",19.56855010986328
hidden_test_de_10_sent472,19,30,Hans Makart,Q511444,PER,Q511444,Hans Makart,,37.33721923828125
hidden_test_de_10_sent472,50,58,Vene¬dig,Q641,LOC,Q641,Venedig,"```json { ""wikipedia_page"": ""Venedig"", ""wikidata_id"": ""Q641"" } ```",13.332610130310059
hidden_test_de_10_sent472,71,88,Katharina Cornaro,Q149192,PER,Q149192,Caterina Cornaro,,25.228904724121094
hidden_test_de_10_sent474,105,121,Director E. Renz,Q1359911,PER,Q1359911,Ernst Renz,"```json { ""wikipedia_page"": ""Ernst Renz"", ""wikidata_id"": ""Q1359911"" } ```",18.572553634643555
hidden_test_de_10_sent482,33,59,Hietzing nächst Schönbrunn,Q636910,LOC,Q636910,Hietzing,"```json { ""wikipedia_page"": ""Hietzing"", ""wikidata_id"": ""Q636910"" } ```",20.913198471069336
hidden_test_de_10_sent485,0,7,Strauss,Q13894,PER,Q13894,Richard Strauss,"```json { ""wikipedia_page"": ""Richard Strauss"", ""wikidata_id"": ""Q13894"" } ```",13.97985553741455
hidden_test_de_10_sent488,35,49,St. Petersburg,Q656,LOC,Q656,Sankt Petersburg,,27.65174102783203
hidden_test_de_10_sent488,93,100,Rußland,Q34266,LOC,Q34266,Russisches Kaiserreich,"```json { ""wikipedia_page"": ""Russisches Kaiserreich"", ""wikidata_id"": ""Q34266"" } ```",19.44228172302246
hidden_test_de_10_sent489,29,44,Bäckerstraße 20,Q1018939,LOC,Q1018939,Bäckerstraße,"Based on the provided input text and list of candidates, the most appropriate Wikidata entity for the entity tagged with [ENT] is ""Bäckerstraße"". ```json { ""wikipedia_page"": ""Bäckerstraße"", ""wikidata_id"": ""Q1018939"" } ```",18.72873306274414
hidden_test_de_10_sent489,50,65,Wiener Aquarium,NIL,ORG,NIL,Wiener Aquarium,"```json { ""wikipedia_page"": ""Wiener Aquarium"", ""wikidata_id"": ""Q134926"" } ```",0
hidden_test_de_10_sent490,0,24,"Prater, Hauptallee Nr. 1",NIL,LOC,NIL,"Prater, Hauptallee Nr. 1","{ ""wikipedia_page"": ""Prater"", ""wikidata_id"": ""Q1186344"" }",0
hidden_test_de_11_sent0,36,65,radicalen FührersNikola Pasic,Q313843,PER,Q313843,Nikola Pašić,"```json { ""wikipedia_page"": ""Nikola Pašić"", ""wikidata_id"": ""Q313843"" } ```",13.443991661071777
hidden_test_de_11_sent0,362,378,radicalen Partei,Q1282536,ORG,Q1282536,Radikale Volkspartei,"```json { ""wikipedia_page"": ""Radikale Volkspartei"", ""wikidata_id"": ""Q1282536"" } ```",15.044473648071289
hidden_test_de_11_sent0,716,723,Kristic,Q2072720,PER,Q2072720,Nikola Hristić,"{ ""wikipedia_page"": ""Nikola Hristić"", ""wikidata_id"": ""Q2072720"" }",10.942731857299805
hidden_test_de_11_sent0,757,766,Novakovic,Q1276512,PER,Q1276512,Stojan Novaković,"{ ""wikipedia_page"": ""Novakovic"", ""wikidata_id"": ""Q1276512"" }",15.412656784057617
hidden_test_de_11_sent3,0,4,Wien,Q1741,LOC,Q1741,Wien,"```json { ""wikipedia_page"": ""Wien"", ""wikidata_id"": ""Q1741"" } ```",17.992202758789062
hidden_test_de_11_sent4,482,490,Galizien,Q180086,LOC,Q180086,Galizien,"```json { ""wikipedia_page"": ""Galizien"", ""wikidata_id"": ""Q180086"" } ```",20.714101791381836
hidden_test_de_11_sent4,582,586,Prag,Q1085,LOC,Q1085,Prag,"Based on the provided text and the list of candidates, the entity between the [ENT] tags is likely referring to ""Prag"". Among the candidates, the most appropriate ones are: - 'Prag' with 'wikipedia_page' as ""Prag"" and 'wikidata_id' as ""Q1085"". - 'Bahnhof Praha hlavní nádraží' with 'wikipedia_page' as ""Bahnhof Praha hlavní nádraží"" and 'wikidata_id' as ""Q751174"". Given the context of the text and the fact that ""Prag"" is the capital city of the Czech Republic, I would select the Wikidata entity ""Q1085"" for the town of Prague. Therefore, the JSON-formatted answer is: ```json { ""wikipedia_page"": ""Prag"", ""wikidata_id"": ""Q1085"" } ```",18.71309471130371
hidden_test_de_11_sent4,654,659,Donau,Q1653,LOC,Q1653,Donau,,23.529329299926758
hidden_test_de_11_sent4,695,712,Abgeordnete Morre,Q1686542,PER,Q1686542,Karl Morré,"{ ""wikipedia_page"": ""Karl Morré"", ""wikidata_id"": ""Q1686542"" }",13.961132049560547
hidden_test_de_11_sent4,736,747,Radkersburg,Q698465,LOC,Q698465,Bad Radkersburg,"```json { ""wikipedia_page"":""Bad Radkersburg"", ""wikidata_id"":""Q698465"" } ```",15.07884693145752
hidden_test_de_11_sent4,802,805,Mur,Q204040,LOC,Q204040,Mur,"```json { ""wikipedia_page"": ""Mur"", ""wikidata_id"": ""Q204040"" } ```",12.058752059936523
hidden_test_de_11_sent4,904,912,Eisenerz,Q284596,LOC,Q284596,Eisenerz,"Based on the input text and the provided list of candidates, I have determined that the entity mentioned between the [ENT] tags is ""Eisenerz"". Here's the JSON-formatted answer: ```json { ""wikipedia_page"": ""Eisenerz"", ""wikidata_id"": ""Q284596"" } ```",17.673307418823242
hidden_test_de_11_sent4,924,942,Abgeordnete Schorn,Q21685564,PER,Q21685564,Johann Schorn,"{ ""wikipedia_page"": ""Johann Schorn"", ""wikidata_id"": ""Q21685564"" }",20.238243103027344
hidden_test_de_11_sent4,1003,1020,Tiroler Landtags¬,Q1668433,ORG,Q1668433,Tiroler Landtag,"Based on the analysis of the provided text and the list of candidates, the disambiguated entity between the [ENT] tags is ""Tiroler Landtagsmajorität"". The most appropriate Wikidata entity from the list of candidates is: ```json { ""wikipedia_page"": ""Tiroler Landtag"", ""wikidata_id"": ""Q1668433"" } ```",20.51048469543457
hidden_test_de_11_sent4,1160,1166,Schorn,Q21685564,PER,Q21685564,Johann Schorn,,23.872726440429688
hidden_test_de_11_sent5,0,17,Adolph Wilbrandt:,Q67953,PER,Q67953,Adolf von Wilbrandt,"```json { ""wikipedia_page"": ""Adolf von Wilbrandt"", ""wikidata_id"": ""Q67953"" } ```",19.006174087524414
hidden_test_de_11_sent6,13,29,Adolph Wilbrandt,Q67953,PER,Q67953,Adolf von Wilbrandt,,47.90512466430664
hidden_test_de_11_sent6,101,117,Alfred v. Berger,Q88890,PER,Q88890,Alfred von Berger,,34.075828552246094
hidden_test_de_11_sent6,253,272,Friedrich Nietzsche,Q9358,PER,Q9358,Friedrich Nietzsche,,41.18315505981445
hidden_test_de_11_sent6,414,430,Alfred v. Berger,Q88890,PER,Q88890,Alfred von Berger,,34.062355041503906
hidden_test_de_11_sent6,446,455,Wilbrandt,Q67953,PER,Q67953,Adolf von Wilbrandt,,35.779571533203125
hidden_test_de_11_sent7,4,13,Nietzsche,Q9358,PER,Q9358,Friedrich Nietzsche,,21.437835693359375
hidden_test_de_11_sent8,149,165,Gottfried Keller,Q122370,PER,Q122370,Gottfried Keller,,29.993637084960938
hidden_test_de_11_sent8,169,179,Paul Heyse,Q76487,PER,Q76487,Paul Heyse,,32.44677734375
hidden_test_de_11_sent9,328,337,Wilbrandt,Q67953,PER,Q67953,Adolf von Wilbrandt,,26.948863983154297
hidden_test_de_11_sent9,691,701,Wil¬brandt,Q67953,PER,Q67953,Adolf von Wilbrandt,,24.720415115356445
hidden_test_de_11_sent9,811,820,Stuttgart,Q1022,LOC,Q1022,Stuttgart,"```json { ""wikipedia_page"": ""Stuttgart"", ""wikidata_id"": ""Q1022"" } ```",16.29026985168457
hidden_test_de_11_sent10,118,127,Wilbrandt,Q67953,PER,Q67953,Adolf von Wilbrandt,"```json { ""wikipedia_page"": ""Adolf von Wilbrandt"", ""wikidata_id"": ""Q67953"" } ```",20.749588012695312
hidden_test_de_11_sent10,643,652,Wilbrandt,Q67953,PER,Q67953,Adolf von Wilbrandt,"```json { ""wikipedia_page"": ""Adolf von Wilbrandt"", ""wikidata_id"": ""Q67953"" } ```",19.565296173095703
hidden_test_de_11_sent10,737,751,Iwan Turgenjew,Q42831,PER,Q42831,Iwan Sergejewitsch Turgenew,,42.37697982788086
hidden_test_de_11_sent10,941,973,Niederdeutschen Adolph Wilbrandt,Q67953,PER,Q67953,Adolf von Wilbrandt,,21.375680923461914
hidden_test_de_11_sent10,1055,1064,Turgenjew,Q42831,PER,Q42831,Iwan Sergejewitsch Turgenew,,27.24807357788086
hidden_test_de_11_sent11,421,430,Wilbrandt,Q67953,PER,Q67953,Adolf von Wilbrandt,,27.17014503479004
hidden_test_de_11_sent11,672,681,Wilbrandt,Q67953,PER,Q67953,Adolf von Wilbrandt,,23.34149169921875
hidden_test_de_11_sent11,858,867,Wilbrandt,Q67953,PER,Q67953,Adolf von Wilbrandt,,28.03567123413086
hidden_test_de_11_sent12,33,52,Friedrich Nietzsche,Q9358,PER,Q9358,Friedrich Nietzsche,,36.4762077331543
hidden_test_de_11_sent12,521,540,Friedrich Nietzsche,Q9358,PER,Q9358,Friedrich Nietzsche,,31.58523178100586
hidden_test_de_11_sent12,547,556,Wilbrandt,Q67953,PER,Q67953,Adolf von Wilbrandt,"{ ""wikipedia_page"": ""Adolf von Wilbrandt"", ""wikidata_id"": ""Q67953"" }",21.2896671295166
hidden_test_de_11_sent12,1221,1230,Nietzsche,Q9358,PER,Q9358,Friedrich Nietzsche,,27.8787899017334
hidden_test_de_11_sent12,1237,1246,Wilbrandt,Q67953,PER,Q67953,Adolf von Wilbrandt,,25.28021240234375
hidden_test_de_11_sent20,297,303,Petrus,Q33923,PER,Q33923,Petrus,"{ ""wikipedia_page"": ""Petrus"", ""wikidata_id"": ""Q33923"" }",18.422672271728516
hidden_test_de_11_sent20,392,398,Petrus,Q33923,PER,Q33923,Petrus,"```json { ""wikipedia_page"": ""Petrus"", ""wikidata_id"": ""Q33923"" } ```",17.052597045898438
hidden_test_de_11_sent24,236,249,Brü¬der Grimm,Q2793,PER,Q2793,Brüder Grimm,,28.62103271484375
hidden_test_de_11_sent25,0,6,Berlin,Q64,LOC,Q64,Berlin,"{ ""wikipedia_page"": ""Berlin"", ""wikidata_id"": ""Q64"" }",20.626873016357422
hidden_test_de_11_sent25,127,138,Elise Polko,Q87487,PER,Q87487,Elise Polko,,38.06535339355469
hidden_test_de_11_sent25,140,147,Breslau,Q1799,LOC,Q1799,Breslau,,28.09393310546875
hidden_test_de_11_sent25,207,218,Elise Polko,Q87487,PER,Q87487,Elise Polko,,37.01372146606445
hidden_test_de_11_sent26,728,767,R. Lechner's k. k. Hof- u. Univ.-Buchh.,NIL,ORG,NIL,R. Lechner's k. k. Hof- u. Univ.-Buchh.,"Based on the input text and the given candidates, the entity [ENT] R. Lechner's k. k. Hof- u. Univ.-Buchh. [ENT] (Wilh.Müller), l., Graben 31. appears to likely refer to Robert H. Lochner, given his role as a journalist and the context of the article from 1895. However, no candidate exactly matches the full entity described in the text. Therefore, I will classify the entity with a NIL value. The JSON response is: ```json { ""wikipedia_page"": ""NIL"", ""wikidata_id"": ""NIL"" } ```",0
hidden_test_de_11_sent26,782,795,"l., Graben 31",NIL,LOC,NIL,"l., Graben 31","```json { ""wikipedia_page"": ""NIL"", ""wikidata_id"": ""NIL"" } ```",0
hidden_test_de_11_sent27,84,137,"W. Braumüller & Sohn, k. u. k. Hof- u. Univ.-Buchdlg.",Q2572062,ORG,Q2572062,Wilhelm Braumüller Universitäts-Verlagsbuchhandlung,"```json { ""wikipedia_page"": ""Wilhelm Braumüller Universitäts-Verlagsbuchhandlung"", ""wikidata_id"": ""Q2572062"" } ``` ```json { ""wikipedia_page"": ""Duncker & Humblot"", ""wikidata_id"": ""Q316626"" } ```",21.033647537231445
hidden_test_de_11_sent27,139,151,"Wien, Graben",Q699937,LOC,Q699937,Graben,"``` { ""wikipedia_page"": ""Graben"", ""wikidata_id"": ""Q699937"" } ```",19.508758544921875
hidden_test_de_11_sent28,158,175,Dr. Eduard Bacher,Q89426,PER,Q89426,Eduard Bacher,,34.166831970214844
hidden_test_de_11_sent28,177,191,Moriz Benedikt,Q877165,PER,Q877165,Moriz Benedikt,,37.57670211791992
hidden_test_de_12_sent0,468,483,Zentralfriedhof,Q240744,LOC,Q240744,Wiener Zentralfriedhof,,28.025644302368164
hidden_test_de_12_sent3,6,12,Olmütz,Q81137,LOC,Q81137,Olmütz,,33.50050735473633
hidden_test_de_12_sent3,51,82,Ackerbauministers Baron Widmann,Q10379692,PER,Q10379692,Adalbert von Widmann,"```json { ""wikipedia_page"": ""Adalbert von Widmann"", ""wikidata_id"": ""Q10379692"" } ```",16.784130096435547
hidden_test_de_12_sent3,88,113,StatthaltersBaron Heinold,Q12028681,PER,Q12028681,Karl Heinold,"```json { ""wikipedia_page"": ""Karl Heinold"", ""wikidata_id"": ""Q12028681"" } ```",13.716325759887695
hidden_test_de_12_sent3,161,181,Grafen Jaroslaw Thun,Q15735108,PER,Q15735108,Jaroslav Thun-Hohenstein,"As requested, I have disambiguated the entity mentioned between the [ENT] tags in the provided text. The entity is ""Graf Jaroslaw Thun."" The corresponding Wikipedia page title and Wikidata ID are as follows: ```json { ""wikipedia_page"": ""Jaroslav Thun-Hohenstein"", ""wikidata_id"": ""Q15735108"" } ```",17.733009338378906
hidden_test_de_12_sent6,10,27,Grillparzerstraße,Q1145991,LOC,Q1145991,Grillparzerstraße,"```json { ""wikipedia_page"": ""Grillparzerstraße"", ""wikidata_id"": ""Q1145991"" } ```",14.842010498046875
hidden_test_de_12_sent6,38,48,Ringstraße,Q46232,LOC,Q46232,Wiener Ringstraße,"Based on the provided input text and the list of candidates, the entity mentioned between the [ENT] tags is ""Wiener Ringstraße"". The Wikidata ID for ""Wiener Ringstraße"" is Q46232, and the corresponding Wikipedia page title is ""Wiener Ringstraße"". Here is the JSON-formatted answer: ```json { ""wikipedia_page"": ""Wiener Ringstraße"", ""wikidata_id"": ""Q46232"" } ```",11.762372970581055
hidden_test_de_12_sent9,60,74,Klosterneuburg,Q487522,LOC,Q487522,Klosterneuburg,,35.060874938964844
hidden_test_de_12_sent9,131,144,Hermannskogel,Q873943,LOC,Q873943,Hermannskogel,,23.239912033081055
hidden_test_de_12_sent9,155,164,Bisamberg,Q866020,LOC,Q866020,Bisamberg,,24.811582565307617
hidden_test_de_12_sent13,5,11,Aussee,Q251065,LOC,Q251065,Bad Aussee,"Based on the input text and the list of candidates, the entity mentioned between the [ENT] tags is ""Aussee"". The most appropriate Wikidata entity from the list of candidates is: ```json { ""wikipedia_page"": ""Bad Aussee"", ""wikidata_id"": ""Q251065"" } ```",13.828835487365723
hidden_test_de_12_sent14,5,13,Bad Hall,Q259086,LOC,Q259086,Bad Hall,,28.065025329589844
hidden_test_de_12_sent14,20,27,Balaton,Q6383,LOC,Q6383,Balaton,"Based on the analysis of the input text and the candidates provided, the disambiguated entity is ""Balaton"" from the list of candidates. The Wikidata ID is ""Q6383"" and the Wikipedia page title is ""Balaton"". ```json { ""wikipedia_page"": ""Balaton"", ""wikidata_id"": ""Q6383"" } ```",19.60588836669922
hidden_test_de_12_sent14,37,50,Constantinbad,Q186207,LOC,Q186207,Konstantinovy Lázně,,23.801605224609375
hidden_test_de_12_sent14,82,91,Faakersee,Q595522,LOC,Q595522,Faaker See,,21.439857482910156
hidden_test_de_12_sent14,95,106,Franzensbad,Q756581,LOC,Q756581,Františkovy Lázně,,22.021150588989258
hidden_test_de_12_sent14,152,164,Gleichenberg,Q693550,LOC,Q693550,Bad Gleichenberg,"```json { ""wikipedia_page"": ""Bad Gleichenberg"", ""wikidata_id"": ""Q693550"" } ```",16.539209365844727
hidden_test_de_12_sent14,171,178,Gmunden,Q430449,LOC,Q430449,Gmunden,,26.507524490356445
hidden_test_de_12_sent14,184,191,Goisern,Q252674,LOC,Q252674,Bad Goisern am Hallstättersee,"```json { ""wikipedia_page"": ""Bad Goisern am Hallstättersee"", ""wikidata_id"": ""Q252674"" } ```",20.933883666992188
hidden_test_de_12_sent14,226,236,Hofgastein,Q671445,LOC,Q671445,Bad Hofgastein,,23.472570419311523
hidden_test_de_12_sent14,243,251,Karlsbad,Q384544,LOC,Q384544,Karlsbad,,25.505319595336914
hidden_test_de_12_sent15,62,71,Marienbad,Q523469,LOC,Q523469,Marienbad,"```json { ""wikipedia_page"":""Marienbad"", ""wikidata_id"":""Q523469"" } ```",14.911978721618652
hidden_test_de_12_sent16,4,11,Pistyan,Q321074,LOC,Q321074,Piešťany,,22.495502471923828
hidden_test_de_12_sent16,50,61,Reichenhall,Q487971,LOC,Q487971,Bad Reichenhall,,23.27408790588379
hidden_test_de_12_sent16,108,117,Semmering,Q659891,LOC,Q659891,Semmering,,21.850353240966797
hidden_test_de_12_sent16,123,135,Spindelmühle,Q392285,LOC,Q392285,Špindlerův Mlýn,"```json { ""wikipedia_page"": ""Špindlerův Mlýn"", ""wikidata_id"": ""Q392285"" } ```",19.83030891418457
hidden_test_de_12_sent16,141,156,Teplitz=Schönau,Q146342,LOC,Q146342,Teplitz,,21.62104606628418
hidden_test_de_12_sent16,163,179,Trencsin=Teplicz,Q532555,LOC,Q532555,Trenčianske Teplice,"{ ""wikipedia_page"": ""Trenčianske Teplice"", ""wikidata_id"": ""Q532555"" }",19.131145477294922
hidden_test_de_12_sent16,198,204,Vöslau,Q798800,LOC,Q798800,Bad Vöslau,"```json { ""wikipedia_page"": ""Bad Vöslau"", ""wikidata_id"": ""Q798800"" } ```",19.030292510986328
hidden_test_de_12_sent16,227,237,Bad Elster,Q46856,LOC,Q46856,Bad Elster,,24.20543098449707
hidden_test_de_12_sent16,244,254,BadNauheim,Q16105,LOC,Q16105,Bad Nauheim,,26.949949264526367
hidden_test_de_12_sent17,5,14,Helgoland,Q3038,LOC,Q3038,Helgoland,,21.460308074951172
hidden_test_de_12_sent18,0,73,[Der Erste Wiener Ferienkolonien=Spar=und Unterstützungsverein für Kinder,NIL,ORG,NIL,[Der Erste Wiener Ferienkolonien=Spar=und Unterstützungsverein für Kinder,"```json { ""wikipedia_page"": ""NIL"", ""wikidata_id"": ""NIL"" } ```",0
hidden_test_de_12_sent19,153,192,Fürsten Johann von und zu Liechtenstein,Q317016,PER,Q317016,Johann II.,,23.85394287109375
hidden_test_de_12_sent19,309,319,Steiermark,Q41358,LOC,Q41358,Steiermark,,23.31332015991211
hidden_test_de_12_sent19,320,330,Mitterdorf,Q696044,LOC,Q696044,Mitterdorf im Mürztal,"Based on the input text and the provided list of candidates, let's disambiguate the entities between the [ENT] tags: 1. The first [ENT] corresponds to 'Mitterdorf'. 2. The second [ENT] corresponds to 'Kindberg'. After examining the list of candidates, the closest matches for 'Mitterdorf' and 'Kindberg' are: 1. 'Mitterdorf im Mürztal' matches 'Mitterdorf' (from the list). 2. 'Kindberg' matches 'Kindberg' (from the list). Therefore, the disambiguated entities are: ```json { ""wikipedia_page"": ""Mitterdorf im Mürztal"", ""wikidata_id"": ""Q696044"" }, { ""wikipedia_page"": ""Kindberg"", ""wikidata_id"": ""Q695227"" } ```",18.891815185546875
hidden_test_de_12_sent19,335,343,Kindberg,Q695227,LOC,Q695227,Kindberg,,23.0466365814209
hidden_test_de_12_sent19,434,444,Langenwang,Q695639,LOC,Q695639,Langenwang,,25.527341842651367
hidden_test_de_12_sent19,448,473,Lu###schaun in Steiermark,NIL,LOC,NIL,Lu###schaun in Steiermark,"Based on the provided text, the entity mentioned between the [ENT] tags is ""Lu###schaun"". Given the list of candidates, none of them match this entity with high confidence. Therefore, the response will be: ```json { ""wikipedia_page"": ""NIL"", ""wikidata_id"": ""NIL"" } ```",0
hidden_test_de_12_sent22,110,119,Marienbad,Q523469,LOC,Q523469,Marienbad,,25.450326919555664
hidden_test_de_12_sent24,7,18,Votivkirche,Q254476,ORG,Q254476,Votivkirche,"```json { ""wikipedia_page"": ""Votivkirche"", ""wikidata_id"": ""Q254476"" } ```",16.137638092041016
hidden_test_de_12_sent24,90,104,Vinzenz Goller,Q2527262,PER,Q2527262,Vinzenz Goller,,45.494564056396484
hidden_test_de_12_sent24,132,147,J. Singenberger,Q6215625,PER,Q6215625,Johann Baptist Singenberger,,42.15214920043945
hidden_test_de_12_sent29,1,7,Berlin,Q64,LOC,Q64,Berlin,,23.77305030822754
hidden_test_de_12_sent29,82,88,Berlin,Q64,LOC,Q64,Berlin,,23.067148208618164
hidden_test_de_12_sent29,151,171,Rockefeller=Institut,Q270272,ORG,Q270272,Rockefeller University,,26.067230224609375
hidden_test_de_12_sent29,175,182,Newyork,Q60,LOC,Q60,New York City,,25.850963592529297
hidden_test_de_12_sent30,60,67,Newyork,Q60,LOC,Q60,New York City,,27.571022033691406
hidden_test_de_12_sent30,144,151,Ehrlich,Q57089,PER,Q57089,Paul Ehrlich,,24.542516708374023
hidden_test_de_12_sent30,155,171,Frankfurt amMain,Q1794,LOC,Q1794,Frankfurt am Main,,29.238218307495117
hidden_test_de_12_sent30,428,458,38jährige ChirurgAlexis Carrel,Q185777,PER,Q185777,Alexis Carrel,"```json { ""wikipedia_page"": ""Alexis Carrel"", ""wikidata_id"": ""Q185777"" } ```",13.261171340942383
hidden_test_de_12_sent30,463,467,Lyon,Q456,LOC,Q456,Lyon,,26.465341567993164
hidden_test_de_12_sent30,748,754,Berlin,Q64,LOC,Q64,Berlin,,21.798566818237305
hidden_test_de_12_sent33,0,6,Carrel,Q185777,PER,Q185777,Alexis Carrel,"Based on the provided text and the list of candidates, the entity mentioned between the [ENT] tags is ""Carrel."" The most appropriate Wikidata entity from the list is Alexis Carrel, a French surgeon and Nobel laureate in Medicine (1912). The JSON output is: ```json { ""wikipedia_page"": ""Alexis Carrel"", ""wikidata_id"": ""Q185777"" } ```",7.770402908325195
hidden_test_de_12_sent34,4,15,Robert Koch,Q37193,PER,Q37193,Robert Koch,,25.732664108276367
hidden_test_de_13_sent0,475,484,Hugenberg,Q65121,PER,Q65121,Alfred Hugenberg,,28.461978912353516
hidden_test_de_13_sent0,541,547,Berlin,Q64,LOC,Q64,Berlin,,22.191680908203125
hidden_test_de_13_sent0,676,695,Otto ErichHartleben,Q76279,PER,Q76279,Otto Erich Hartleben,,44.34482955932617
hidden_test_de_13_sent0,770,779,Hugenberg,Q65121,PER,Q65121,Alfred Hugenberg,,26.489830017089844
hidden_test_de_13_sent0,1280,1289,Hugenberg,Q65121,PER,Q65121,Alfred Hugenberg,"```json { ""wikipedia_page"": ""Alfred Hugenberg"", ""wikidata_id"": ""Q65121"" } ```",19.05100440979004
hidden_test_de_13_sent2,45,54,Hugenberg,Q65121,PER,Q65121,Alfred Hugenberg,"```json { ""wikipedia_page"": ""Alfred Hugenberg"", ""wikidata_id"": ""Q65121"" } ```",18.647422790527344
hidden_test_de_13_sent2,135,144,Hugenberg,Q65121,PER,Q65121,Alfred Hugenberg,,23.697010040283203
hidden_test_de_13_sent2,318,327,Westfalen,Q8614,LOC,Q8614,Westfalen,,24.53789520263672
hidden_test_de_13_sent2,332,341,Rheinland,Q152243,LOC,Q152243,Rheinland,,23.49585723876953
hidden_test_de_13_sent2,569,578,Hugenberg,Q65121,PER,Q65121,Alfred Hugenberg,,26.887981414794922
hidden_test_de_13_sent4,68,85,Hugenberg=Konzern,Q1287475,ORG,Q1287475,Hugenberg-Konzern,,24.804523468017578
hidden_test_de_13_sent4,167,184,Hugenberg=Konzern,Q1287475,ORG,Q1287475,Hugenberg-Konzern,,25.439002990722656
hidden_test_de_13_sent4,254,257,Ufa,Q41468,ORG,Q41468,UFA,,25.030433654785156
hidden_test_de_13_sent6,60,84,deutschnationalen Partei,Q158227,ORG,Q158227,Deutschnationale Volkspartei,,26.472135543823242
hidden_test_de_13_sent6,317,342,deutsch¬nationalen Partei,Q158227,ORG,Q158227,Deutschnationale Volkspartei,,25.438962936401367
hidden_test_de_13_sent6,431,440,Hugenberg,Q65121,PER,Q65121,Alfred Hugenberg,,23.960664749145508
hidden_test_de_13_sent7,81,97,Lindeiner=Wildau,Q1576937,PER,Q1576937,Hans-Erdmann von Lindeiner genannt von Wildau,,22.674339294433594
hidden_test_de_13_sent7,109,116,Hötzsch,Q95352,PER,Q95352,Otto Hoetzsch,,23.58682632446289
hidden_test_de_13_sent7,296,302,Weimar,Q3955,LOC,Q3955,Weimar,,24.16473960876465
hidden_test_de_13_sent7,444,453,Hugenberg,Q65121,PER,Q65121,Alfred Hugenberg,,27.731258392333984
hidden_test_de_13_sent7,521,530,Hugenberg,Q65121,PER,Q65121,Alfred Hugenberg,,27.022544860839844
hidden_test_de_13_sent8,19,28,Hugenberg,Q65121,PER,Q65121,Alfred Hugenberg,"```json { ""wikipedia_page"": ""Alfred Hugenberg"", ""wikidata_id"": ""Q65121"" } ``` After reviewing the input text and the list of candidates, I am highly confident that the entity mentioned between the [ENT] tags is Alfred Hugenberg. Therefore, I have selected the corresponding Wikipedia page title ""Alfred Hugenberg"" and Wikidata ID ""Q65121"".",18.933839797973633
hidden_test_de_13_sent8,211,218,Zentrum,Q157537,ORG,Q157537,Deutsche Zentrumspartei,"```json { ""wikipedia_page"": ""Deutsche Zentrumspartei"", ""wikidata_id"": ""Q157537"" } ```",16.26036262512207
hidden_test_de_13_sent13,127,133,Afrika,Q15,LOC,Q15,Afrika,"Based on the provided text and the list of candidates, the entity tagged with [ENT] fits best with the candidate ""Afrika"". The text mentions ""Afrika nerin"", which translates to ""African woman"", and there is no clear indication to pick a different candidate with high confidence. ```json { ""wikipedia_page"": ""Afrika"", ""wikidata_id"": ""Q15"" } ```",18.069772720336914
hidden_test_de_13_sent19,1,5,Wien,Q1741,LOC,Q1741,Wien,,22.76870346069336
hidden_test_de_13_sent19,60,67,Zentrum,Q157537,ORG,Q157537,Deutsche Zentrumspartei,"{ ""wikipedia_page"":""Deutsche Zentrumspartei"", ""wikidata_id"":""Q157537"" }",20.381250381469727
hidden_test_de_13_sent19,95,128,konservativenStaatsmannes Brüning,Q155398,PER,Q155398,Heinrich Brüning,"{ ""wikipedia_page"": ""Heinrich Brüning"", ""wikidata_id"": ""Q155398"" }",17.594608306884766
hidden_test_de_13_sent19,354,363,Hugenberg,Q65121,PER,Q65121,Alfred Hugenberg,,29.437482833862305
hidden_test_de_13_sent20,355,365,Hugen¬berg,Q65121,PER,Q65121,Alfred Hugenberg,,25.507537841796875
hidden_test_de_13_sent22,88,97,Hugenberg,Q65121,PER,Q65121,Alfred Hugenberg,,23.19583511352539
hidden_test_de_13_sent22,995,1004,Hugenberg,Q65121,PER,Q65121,Alfred Hugenberg,,27.978801727294922
hidden_test_de_13_sent24,71,86,Kabinett Hitler,Q159196,ORG,Q159196,Kabinett Hitler,,28.226816177368164
hidden_test_de_13_sent24,663,687,Weltwirtschaftskonferenz,Q949820,ORG,Q949820,Londoner Konferenz,"```json { ""wikipedia_page"": ""Londoner Konferenz"", ""wikidata_id"": ""Q949820"" } ```",17.54789924621582
hidden_test_de_13_sent24,837,844,England,Q21,LOC,Q21,England,"```json { ""wikipedia_page"": ""England"", ""wikidata_id"": ""Q21"" } ```",18.586721420288086
hidden_test_de_13_sent24,864,875,Deutschland,Q7318,LOC,Q7318,NS-Staat,"{""wikipedia_page"":""NS-Staat"", ""wikidata_id"":""Q7318""}",15.105928421020508
hidden_test_de_13_sent25,113,136,deutschnationale Partei,Q158227,ORG,Q158227,Deutschnationale Volkspartei,,22.72079849243164
hidden_test_de_13_sent25,157,164,Zentrum,Q157537,ORG,Q157537,Deutsche Zentrumspartei,"```json { ""wikipedia_page"": ""Deutsche Zentrumspartei"", ""wikidata_id"": ""Q157537"" } ```",17.53905487060547
hidden_test_de_13_sent25,308,315,Zentrum,Q157537,ORG,Q157537,Deutsche Zentrumspartei,"Given the text: ""Der Nationalsozialismus stürmt gegen alle Parteien anund wirft eine nach der anderen zu Boden. Jetzt ist auch die deutsche nationale Partei gefallen; einzig das Zentrum steht noch, aber es ist nicht anzunehmen, daß es allein die Kraft haben wird, dem Sturme Widerstand zuleisten, der bereits die Bruderpartei des [ENT] Zentrum [ENT] s in Bayern niedergeworfen hat. Vielleicht wird es gar nicht widerstehen wollen und wird durch freiwillige Auflösung der gewaltsamen zuvorkommen. In unaufhaltsamem Siegeslaufeilt der Nationalsozialismus über die alten Parteien hinweg der Alleinherrschaft zu. Bald wird die „Totalität“ erreicht, bald werden Nationalsozialismus und Staat identisch sein. P. G.Die Kompetenzerweiterung des Reichsverwesers."" The entity mentioned between the [ENT] tags is ""Zentrum."" From the provided list of candidates, the entity ""Zentrum"" is indeed present. Here is the JSON-formatted answer: ```json ""wikipedia_page"":""Deutsche Zentrumspartei"", ""wikidata_id"":""Q157537"" ```",15.552742004394531
hidden_test_de_13_sent28,0,8,Budapest,Q1781,LOC,Q1781,Budapest,"```json { ""wikipedia_page"": ""Budapest"", ""wikidata_id"": ""Q1781"" } ```",21.289005279541016
hidden_test_de_13_sent33,0,7,Belgrad,Q3711,LOC,Q3711,Belgrad,"Based on the provided input text and the list of candidates, the entity mentioned between the [ENT] tags is ""Belgrad"". From the list of candidates, the most appropriate Wikidata entity is ""Belgrad"" with the Wikidata ID ""Q3711"". Here is the formatted JSON response: ```json ""wikipedia_page"":""Belgrad"", ""wikidata_id"":""Q3711"" ```",9.902132034301758
hidden_test_de_13_sent34,428,471,jugosla¬wischeradikal=bäuerliche Demokratie,NIL,ORG,NIL,jugosla¬wischeradikal=bäuerliche Demokratie,"Based on the provided input text and candidates, the entity mentioned between the [ENT] tags, ""jugosla¬wischeradikal=bäuerliche Demokratie"", does not match any of the provided candidates with high confidence. Therefore, the response is: ```json { ""wikipedia_page"": """", ""wikidata_id"": ""NIL"" } ```",0
hidden_test_de_13_sent41,631,637,Europa,Q46,LOC,Q46,Europa,,22.019210815429688
hidden_test_de_13_sent41,810,816,Afrika,Q15,LOC,Q15,Afrika,,22.532264709472656
hidden_test_de_13_sent48,38,43,Brünn,Q14960,LOC,Q14960,Brünn,,29.17671775817871
hidden_test_de_13_sent49,27,35,W. A. C.,Q581990,ORG,Q581990,Wiener AC,"{ ""wikipedia_page"": ""Wiener AC"", ""wikidata_id"": ""Q581990"" }",19.903398513793945
hidden_test_de_13_sent49,148,154,Urfahr,Q1322586,LOC,Q1322586,Urfahr,,23.072919845581055
hidden_test_de_13_sent51,96,115,SüdlicherWienerwald,Q251246,LOC,Q251246,Wienerwald,,25.52960205078125
hidden_test_de_13_sent52,29,53,Paulmauer=TürnitzerHöger,Q2465101,LOC,Q2465101,Türnitzer Höger,"```json { ""wikipedia_page"": ""Türnitzer Höger"", ""wikidata_id"": ""Q2465101"" } ```",17.730751037597656
hidden_test_de_13_sent52,63,73,Hütteldorf,Q1423660,LOC,Q1423660,Hütteldorf,"{ ""wikipedia_page"": ""Hütteldorf"", ""wikidata_id"": ""Q1423660"" }",18.168943405151367
hidden_test_de_13_sent53,13,28,St. Aegyd a. N.,Q676688,LOC,Q676688,St. Aegyd am Neuwalde,"```json { ""wikipedia_page"": ""St. Aegyd am Neuwalde"", ""wikidata_id"": ""Q676688"" } ```",15.319034576416016
hidden_test_de_13_sent53,37,47,Dr. Weiler,NIL,PER,NIL,Dr. Weiler,"```json { ""wikipedia_page"": ""NIL"", ""wikidata_id"": ""NIL"" } ```",0
hidden_test_de_13_sent53,98,111,Aspangbahnhof,Q2568785,LOC,Q2568785,Wien Aspangbahnhof,,26.43069076538086
hidden_test_de_13_sent54,13,23,Winzendorf,Q672292,LOC,Q672292,Winzendorf-Muthmannsdorf,"```json { ""wikipedia_page"": ""Winzendorf-Muthmannsdorf"", ""wikidata_id"": ""Q672292"" } ```",15.309802055358887
hidden_test_de_13_sent54,65,72,Gesäuse,Q1519873,LOC,Q1519873,Gesäuse,"```json { ""wikipedia_page"": ""Gesäuse"", ""wikidata_id"": ""Q1519873"" } ```",21.122949600219727
hidden_test_de_13_sent54,74,84,Planspitze,Q455208,LOC,Q455208,Planspitze,,24.399293899536133
hidden_test_de_13_sent54,145,156,Westbahnhof,Q698145,LOC,Q698145,Wien Westbahnhof,"Based on the provided text and candidate list, I will analyze the entities tagged with [ENT] and suggest the most appropriate Wikidata entity. The first entity is ""Westbahnhof"". There is a match in the candidate list with the description ""Bahnhof der Westbahn und Station der U-Bahn Wien"" and Wikidata ID ""Q698145"". The second entity is also ""Westbahnhof"". Again, there is a match in the candidate list with the description ""U-Bahn-Station Wien Westbahnhof"" and Wikidata ID ""Q17100214"". Therefore, the disambiguated entities are: 1. ""Westbahnhof"" -> ""Wien Westbahnhof"" with Wikidata ID ""Q698145"" 2. ""Westbahnhof"" -> ""Westbahnhof"" with Wikidata ID ""Q17100214"" Here is the JSON response: ```json { ""wikipedia_page"": ""Wien Westbahnhof"", ""wikidata_id"": ""Q698145"" } ``` ```json { ""wikipedia_page"": ""Westbahnhof"", ""wikidata_id"": ""Q17100214"" } ```",16.43387794494629
hidden_test_de_13_sent56,10,17,Gesäuse,Q1519873,LOC,Q1519873,Gesäuse,"```json { ""wikipedia_page"": ""Gesäuse"", ""wikidata_id"": ""Q1519873"" } ```",20.481176376342773
hidden_test_de_13_sent58,50,81,Oesterreichischen Automobilklub,Q306059,ORG,Q306059,Österreichischer Automobil-Club,,41.17798614501953
hidden_test_de_13_sent58,173,178,Donau,Q1653,LOC,Q1653,Donau,,25.03075408935547
hidden_test_de_13_sent63,0,5,Paris,Q90,LOC,Q90,Paris,,29.312292098999023
hidden_test_de_13_sent63,60,66,London,Q84,LOC,Q84,London,,24.455564498901367
hidden_test_de_13_sent63,123,145,französische Parlament,Q632552,ORG,Q632552,Französisches Parlament,,27.343595504760742
hidden_test_de_13_sent68,0,6,Berlin,Q64,LOC,Q64,Berlin,,24.38105583190918
hidden_test_de_13_sent68,22,37,Reichsregierung,Q2139657,ORG,Q2139657,Reichsregierung,"```json { ""wikipedia_page"": ""Reichsregierung"", ""wikidata_id"": ""Q2139657"" } ```",20.836074829101562
hidden_test_de_13_sent76,378,401,Direktors Desider Vitez,NIL,PER,NIL,Direktors Desider Vitez,"```json { ""wikipedia_page"": ""NIL"", ""wikidata_id"": ""NIL"" } ```",0
hidden_test_de_13_sent76,533,604,"Präsi¬denten, der Reichraminger Holzindustrie=A.=G., Eugen v. Stir¬ling",NIL,PER,NIL,"Präsi¬denten, der Reichraminger Holzindustrie=A.=G., Eugen v. Stir¬ling","```json { ""wikipedia_page"": ""Präsident, Reichraminger Holzindustrie=A.=G."", ""wikidata_id"": ""Q12345678"" } ``` Explanation: The entity ""Präsident, Reichraminger Holzindustrie=A.=G."" is disambiguated to the Wikidata entity with the ID ""Q12345678"". The corresponding Wikipedia page title is ""Präsident, Reichraminger Holzindustrie=A.=G."".",0
hidden_test_de_13_sent76,616,631,Paul v. Zsolnay,Q1805034,PER,Q1805034,Paul Zsolnay,,30.305423736572266
hidden_test_de_13_sent80,0,4,Graz,Q13298,LOC,Q13298,Graz,,28.04747200012207
hidden_test_de_13_sent80,48,53,Ramus,Q89911,PER,Q89911,Pierre Ramus,"```json { ""wikipedia_page"": ""Pierre Ramus"", ""wikidata_id"": ""Q89911"" } ```",11.333154678344727
hidden_test_de_13_sent80,647,660,Grazer Klinik,Q1798169,ORG,Q1798169,LKH-Universitätsklinikum Graz,,22.889062881469727
hidden_test_de_13_sent80,669,673,Graz,Q13298,LOC,Q13298,Graz,,22.60079002380371
hidden_test_de_13_sent85,0,10,Korneuburg,Q659841,LOC,Q659841,Korneuburg,,30.112878799438477
hidden_test_de_13_sent85,342,352,Korneuburg,Q659841,LOC,Q659841,Korneuburg,,26.05629539489746
hidden_test_de_13_sent85,424,446,Oberlandesgericht Wien,Q15837274,ORG,Q15837274,Oberlandesgericht Wien,,40.165740966796875
hidden_test_de_13_sent85,515,526,Kor¬neuburg,Q659841,LOC,Q659841,Korneuburg,,25.093441009521484
hidden_test_de_13_sent89,253,282,Bundesministeriums für Justiz,Q872203,ORG,Q872203,Bundesministerium für Justiz,,36.93569564819336
hidden_test_de_13_sent89,512,534,Verfassungsgerichtshof,Q873868,ORG,Q873868,Verfassungsgerichtshof,,31.933834075927734
hidden_test_de_13_sent91,74,78,Graz,Q13298,LOC,Q13298,Graz,,22.663331985473633
hidden_test_de_13_sent91,206,234,Senatspräsidenten Dr. Hoffer,NIL,PER,NIL,Senatspräsidenten Dr. Hoffer,"Based on the input text and the provided candidates, the entity mentioned between the [ENT] tags is likely referring to a specific senator or a senate of a particular city. However, none of the provided candidates match the context with high confidence. Therefore, the answer is: ```json {""wikipedia_page"": ""NIL"", ""wikidata_id"": ""NIL""} ```",0
hidden_test_de_13_sent92,500,522,Verfassungsgerichtshof,Q873868,ORG,Q873868,Verfassungsgerichtshof,,33.95231628417969
hidden_test_de_13_sent95,0,11,Stephansdom,Q5943,LOC,Q5943,Stephansdom,,30.51032066345215
hidden_test_de_13_sent95,112,117,Maria,Q345,PER,Q345,Maria,,23.364084243774414
hidden_test_de_13_sent95,171,185,August Weirich,Q28112720,PER,Q28112720,August Weirich,,37.0105094909668
hidden_test_de_13_sent95,210,222,I. Mitterer:,Q1657490,PER,Q1657490,Ignaz Mitterer,,30.23603630065918
hidden_test_de_13_sent95,387,393,Gounod,Q180278,PER,Q180278,Charles Gounod,,27.46572494506836
hidden_test_de_13_sent95,395,406,Weingartner,Q316920,PER,Q316920,Felix Weingartner,,24.30839729309082
hidden_test_de_13_sent107,0,6,London,Q84,LOC,Q84,London,"```json { ""wikipedia_page"": ""London"", ""wikidata_id"": ""Q84"" } ```",18.559419631958008
hidden_test_de_13_sent109,22,34,United Steel,Q72539,ORG,Q72539,US Steel,,27.90978240966797
hidden_test_de_13_sent109,57,66,Rio Tinto,Q821293,ORG,Q821293,Rio Tinto Group,,25.220876693725586
hidden_test_de_13_sent110,0,7,Newyork,Q60,LOC,Q60,New York City,,28.339427947998047
hidden_test_de_13_sent113,16,20,Graz,Q13298,LOC,Q13298,Graz,,25.22723960876465
hidden_test_de_13_sent115,16,30,oberösterreich,Q41967,LOC,Q41967,Oberösterreich,,23.977663040161133
hidden_test_de_13_sent116,18,32,oberösterreich,Q41967,LOC,Q41967,Oberösterreich,,23.523090362548828
hidden_test_de_13_sent118,17,22,Newag,Q766622,ORG,Q766622,Newag,"Based on the input text and the provided list of candidates, the entity mentioned between the [ENT] tags is ""Newag"". The most appropriate Wikidata entity from the list of candidates is: ```json { ""wikipedia_page"": ""Newag"", ""wikidata_id"": ""Q766622"" } ``` The entity ""Newag"" is a Polish company that produces railway equipment, which matches the context of the input text.",11.237476348876953
hidden_test_de_13_sent120,15,20,Tiwag,Q1271744,ORG,Q1271744,TIWAG,"Based on the provided input text and the list of candidates, the entity mentioned between the [ENT] tags is ""Tiwag"". The most appropriate Wikidata entity from the list of candidates is ""Tiwag"" with the following details: ```json ""wikipedia_page"": ""TIWAG"", ""wikidata_id"": ""Q1271744"" ```",12.464548110961914
hidden_test_de_13_sent120,58,63,Tiwag,Q1271744,ORG,Q1271744,TIWAG,"Based on the provided text and the list of candidates, the entity mentioned between the [ENT] tags appears to be ""Tiwag"". The most appropriate Wikidata entity from the list of candidates is ""TIWAG"" with the Wikipedia page title ""TIWAG"" and Wikidata ID ""Q1271744"". Here is the JSON object with the selected entity: ```json { ""wikipedia_page"": ""TIWAG"", ""wikidata_id"": ""Q1271744"" } ```",13.01345443725586
hidden_test_de_13_sent122,17,22,Newag,Q766622,ORG,Q766622,Newag,"```json { ""wikipedia_page"": ""Newag"", ""wikidata_id"": ""Q766622"" } ```",10.928903579711914
hidden_test_de_13_sent125,16,32,niederösterreich,Q42497,LOC,Q42497,Niederösterreich,,21.41055679321289
hidden_test_de_13_sent130,0,4,Wien,Q1741,LOC,Q1741,Wien,,36.521915435791016
hidden_test_de_13_sent150,0,6,Bremen,Q24879,LOC,Q24879,Bremen,,27.564491271972656
hidden_test_de_13_sent151,0,9,Liverpool,Q24826,LOC,Q24826,Liverpool,,26.07219696044922
hidden_test_de_13_sent152,0,7,Newyork,Q60,LOC,Q60,New York City,,25.1175479888916
hidden_test_de_13_sent152,149,163,Großbritannien,Q23666,LOC,Q23666,Großbritannien,"```json { ""wikipedia_page"": ""Großbritannien"", ""wikidata_id"": ""Q23666"" } ```",18.204010009765625
hidden_test_de_13_sent153,0,10,Neworleans,Q34404,LOC,Q34404,New Orleans,"```json { ""wikipedia_page"": ""New Orleans"", ""wikidata_id"": ""Q34404"" } ```",17.888853073120117
hidden_test_de_13_sent154,0,10,Alexandria,Q87,LOC,Q87,Alexandria,"{ ""wikipedia_page"":""Alexandria"", ""wikidata_id"":""Q87"" }",18.01814079284668
hidden_test_de_13_sent154,296,303,Chicago,Q1297,LOC,Q1297,Chicago,,21.53213882446289
hidden_test_de_13_sent157,0,7,Newyork,Q60,LOC,Q60,New York City,"{ ""wikipedia_page"": ""New York City"", ""wikidata_id"": ""Q60"" }",19.53498077392578
hidden_test_de_13_sent157,27,35,Manitoba,Q1948,LOC,Q1948,Manitoba,"```json { ""wikipedia_page"": ""Manitoba"", ""wikidata_id"": ""Q1948"" } ```",19.808670043945312
hidden_test_de_13_sent159,34,42,Winnipeg,Q2135,LOC,Q2135,Winnipeg,"```json { ""wikipedia_page"": ""Winnipeg"", ""wikidata_id"": ""Q2135"" } ```",15.884769439697266
hidden_test_de_13_sent162,2,15,Johann=Strauß,Q83309,PER,Q83309,Johann Strauss (Sohn),,21.879945755004883
hidden_test_de_13_sent162,32,55,Deutsches Volkstheater:,Q688555,LOC,Q688555,Volkstheater,,26.096702575683594
hidden_test_de_13_sent162,93,119,Theater in der Josefstadt:,Q167619,LOC,Q167619,Theater in der Josefstadt,,29.544145584106445
hidden_test_de_13_sent162,156,175,Theater ander Wien:,Q374336,LOC,Q374336,Theater an der Wien,,25.209508895874023
hidden_test_de_13_sent163,69,73,Wien,Q1741,LOC,Q1741,Wien,"```json { ""wikipedia_page"": ""Wien"", ""wikidata_id"": ""Q1741"" } ```",16.832767486572266
hidden_test_de_13_sent165,12,17,Donau,Q1653,LOC,Q1653,Donau,"```json { ""wikipedia_page"": ""Donau"", ""wikidata_id"": ""Q1653"" } ```",20.430402755737305
hidden_test_de_13_sent165,52,61,Schärding,Q255012,LOC,Q255012,Schärding,,27.58609962463379
hidden_test_de_13_sent165,63,66,Inn,Q14369,LOC,Q14369,Inn,,22.02566146850586
hidden_test_de_13_sent165,78,92,Engelhartszell,Q660958,LOC,Q660958,Engelhartszell,,25.238927841186523
hidden_test_de_13_sent165,94,99,Donau,Q1653,LOC,Q1653,Donau,"```json { ""wikipedia_page"": ""Donau"", ""wikidata_id"": ""Q1653"" } ```",20.924774169921875
hidden_test_de_13_sent165,111,115,Linz,Q41329,LOC,Q41329,Linz,,24.088886260986328
hidden_test_de_13_sent165,117,122,Donau,Q1653,LOC,Q1653,Donau,"```json { ""wikipedia_page"": ""Donau"", ""wikidata_id"": ""Q1653"" } ```",20.839370727539062
hidden_test_de_13_sent165,135,139,Wels,Q178582,LOC,Q178582,Wels,,25.68728256225586
hidden_test_de_13_sent165,141,146,Traun,Q664341,LOC,Q664341,Traun,"```json { ""wikipedia_page"": ""Traun"", ""wikidata_id"": ""Q664341"" } ```",19.962480545043945
hidden_test_de_13_sent165,160,170,Mauthausen,Q658855,LOC,Q658855,Mauthausen,,25.71549415588379
hidden_test_de_13_sent165,172,177,Donau,Q1653,LOC,Q1653,Donau,,21.46436309814453
hidden_test_de_13_sent165,191,196,Steyr,Q260320,LOC,Q260320,Steyr,,24.532041549682617
hidden_test_de_13_sent165,198,202,Enns,Q217524,LOC,Q217524,Enns,,22.582202911376953
hidden_test_de_13_sent165,214,219,Stein,Q18631130,LOC,Q18631130,Stein an der Donau,"```json { ""wikipedia_page"": ""Stein an der Donau"", ""wikidata_id"": ""Q18631130"" } ```",20.21047592163086
hidden_test_de_13_sent165,220,225,Donau,Q1653,LOC,Q1653,Donau,"```json { ""wikipedia_page"": ""Donau"", ""wikidata_id"": ""Q1653"" } ```",21.251249313354492
hidden_test_de_13_sent165,239,257,"Wien, Reichsbrücke",Q684821,LOC,Q684821,Reichsbrücke,,27.805755615234375
hidden_test_de_13_sent165,269,288,"Wien,Schwedenbrücke",Q2254658,LOC,Q2254658,Schwedenbrücke,,24.083505630493164
hidden_test_de_13_sent165,299,306,Hohenau,Q660761,LOC,Q660761,Hohenau an der March,"```json { ""wikipedia_page"": ""Hohenau an der March"", ""wikidata_id"": ""Q660761"" } ```",19.700580596923828
hidden_test_de_13_sent165,308,313,March,Q179251,LOC,Q179251,March,"Based on the provided input text and the list of candidates, the entity mentioned within the [ENT] tags is ""March"". From the list of candidates, the most appropriate Wikidata entity is: ```json { ""wikipedia_page"": ""March"", ""wikidata_id"": ""Q179251"" } ``` This matches the provided string ""March"" with high confidence.",15.862555503845215
hidden_test_de_13_sent165,324,330,Angern,Q538297,LOC,Q538297,Angern an der March,"Based on the provided input text and the list of candidates, the most appropriate Wikidata entity for the entity tagged with [ENT] ""Angern"" in the text is: ```json { ""wikipedia_page"": ""Angern an der March"", ""wikidata_id"": ""Q538297"" } ```",15.65570068359375
hidden_test_de_13_sent165,366,384,Wien. Reichsbrücke,Q684821,LOC,Q684821,Reichsbrücke,,24.31947135925293
hidden_test_de_13_sent166,13,31,Dr. Ernst Benedikt,Q1348810,PER,Q1348810,Ernst Benedikt,,21.59391975402832
hidden_test_de_13_sent166,132,176,"Dr. Julian Sternberg Wien, III. Lagergasse 1",NIL,LOC,NIL,"Dr. Julian Sternberg Wien, III. Lagergasse 1","Based on the provided input text and the list of candidates, the entity ""Dr. Julian Sternberg"" mentioned between the [ENT] tags is not present in the given list of candidates. Therefore, I will classify the entity with a NIL value. ```json ""wikipedia_page"":""NIL"", ""wikidata_id"":""NIL"" ```",0
hidden_test_de_13_sent167,20,24,Wien,Q1741,LOC,Q1741,Wien,,23.432374954223633
hidden_test_de_13_sent167,40,49,Semmering,Q659891,LOC,Q659891,Semmering,,23.70042610168457
hidden_test_de_13_sent167,59,68,Innsbruck,Q1735,LOC,Q1735,Innsbruck,,24.986961364746094
hidden_test_de_13_sent167,87,98,Zell a. See,Q187572,LOC,Q187572,Zell am See,,23.239635467529297
hidden_test_de_13_sent167,112,122,Klagenfurt,Q41753,LOC,Q41753,Klagenfurt am Wörthersee,"```json { ""wikipedia_page"": ""Klagenfurt am Wörthersee"", ""wikidata_id"": ""Q41753"" } ```",20.850021362304688
hidden_test_de_13_sent167,137,145,Salzburg,Q34713,LOC,Q34713,Salzburg,,23.427310943603516
hidden_test_de_13_sent167,152,157,Lienz,Q336250,LOC,Q336250,Lienz,,24.018470764160156
hidden_test_de_13_sent167,184,193,Gargellen,Q1494233,LOC,Q1494233,Gargellen,,21.803550720214844
hidden_test_de_13_sent167,194,203,Mariazell,Q264201,LOC,Q264201,Mariazell,,25.566537857055664
hidden_test_de_13_sent172,39,46,Annette,NIL,PER,NIL,Annette,"Based on the provided input text and the list of candidates, the entities mentioned in the text are: 1. Annette von Aretin 2. Annette de la Renta However, among the provided candidates, none of the entries match these names with high confidence. Therefore, both entities should be classified as NIL. The JSON response should be: ```json { ""wikipedia_page"": ""NIL"", ""wikidata_id"": ""NIL"" } ```",0
hidden_test_de_13_sent173,135,142,Annette,NIL,PER,NIL,Annette,"Based on the analysis of the input text, the entity mentioned between the [ENT] tags is ""Annette"". Among the provided list of candidates, the most appropriate Wikidata entity for ""Annette"" is not found with high confidence. Therefore, the response is: ```json { ""wikipedia_page"": ""NIL"", ""wikidata_id"": ""NIL"" } ```",0
hidden_test_de_13_sent173,303,309,Gaston,NIL,PER,NIL,Gaston,"Based on the provided text and the list of candidates, the entity mentioned between the [ENT] tags is ""Gaston"". There is not a high-confidence match among the candidates for this name. Therefore, the most appropriate response is: ```json { ""wikipedia_page"": ""NIL"", ""wikidata_id"": ""NIL"" } ```",0
hidden_test_de_13_sent181,161,167,Gaston,NIL,PER,NIL,Gaston,"Based on the provided text and the list of candidates, the entity ""Gaston"" is not explicitly mentioned in the text, and thus, it cannot be confidently disambiguated. Therefore, the Wikidata ID should be classified as ""NIL"". JSON Output: ```json { ""wikipedia_page"": """", ""wikidata_id"": ""NIL"" } ```",0
hidden_test_de_13_sent186,0,12,Pablo Casals,Q208537,PER,Q208537,Pau Casals,,26.26616096496582
hidden_test_de_13_sent187,102,113,PabloCasals,Q208537,PER,Q208537,Pau Casals,,34.096412658691406
hidden_test_de_13_sent188,48,66,Albert von Belgien,Q55008046,PER,Q55008046,Albert I. von Belgien,,33.90282440185547
hidden_test_de_13_sent188,102,108,Casals,Q208537,PER,Q208537,Pau Casals,,24.19320297241211
hidden_test_de_13_sent188,339,344,Ysaye,Q312857,PER,Q312857,Eugène Ysaÿe,,26.209213256835938
hidden_test_de_13_sent188,379,383,Wien,Q1741,LOC,Q1741,Wien,,22.447341918945312
hidden_test_de_13_sent188,515,521,Casals,Q208537,PER,Q208537,Pau Casals,,25.853919982910156
hidden_test_de_13_sent188,717,729,Pablo Casals,Q208537,PER,Q208537,Pau Casals,,35.11689758300781
hidden_test_de_13_sent188,959,968,Beethoven,Q255,PER,Q255,Ludwig van Beethoven,,29.832469940185547
hidden_test_de_13_sent188,973,977,Bach,Q1339,PER,Q1339,Johann Sebastian Bach,"{ ""wikipedia_page"": ""Johann Sebastian Bach"", ""wikidata_id"": ""Q1339"" }",20.980438232421875
hidden_test_de_13_sent188,1112,1118,Casals,Q208537,PER,Q208537,Pau Casals,,23.7291259765625
hidden_test_de_13_sent188,1142,1152,Barce¬lona,Q1492,PER,Q1492,Barcelona,,24.39217185974121
hidden_test_de_13_sent188,1241,1247,Casals,Q208537,PER,Q208537,Pau Casals,,21.63620948791504
hidden_test_de_13_sent188,1278,1284,Madrid,Q2807,LOC,Q2807,Madrid,,24.52707290649414
hidden_test_de_13_sent190,8,36,Königin Viktoria von England,Q9439,PER,Q9439,Victoria,,32.4495964050293
hidden_test_de_13_sent190,59,65,Casals,Q208537,PER,Q208537,Pau Casals,,29.33115005493164
hidden_test_de_13_sent190,164,175,Insel Wight,Q9679,LOC,Q9679,Wight,,22.40091323852539
hidden_test_de_13_sent190,191,197,Casals,Q208537,PER,Q208537,Pau Casals,,26.363399505615234
hidden_test_de_13_sent190,364,370,Casals,Q208537,PER,Q208537,Pau Casals,"{ ""wikipedia_page"": ""Pau Casals"", ""wikidata_id"": ""Q208537"" }",17.607301712036133
hidden_test_de_13_sent190,387,393,Madrid,Q2807,LOC,Q2807,Madrid,,23.818113327026367
hidden_test_de_13_sent190,491,507,Königin Viktoria,Q9439,PER,Q9439,Victoria,,29.783838272094727
hidden_test_de_13_sent190,651,655,Bach,Q1339,PER,Q1339,Johann Sebastian Bach,"{ ""wikipedia_page"": ""Johann Sebastian Bach"", ""wikidata_id"": ""Q1339"" }",18.811946868896484
hidden_test_de_13_sent191,0,6,Casals,Q208537,PER,Q208537,Pau Casals," { ""wikipedia_page"": ""Pau Casals"", ""wikidata_id"": ""Q208537"" }",19.05274200439453
hidden_test_de_13_sent191,276,289,Johann Strauß,Q83309,PER,Q83309,Johann Strauss (Sohn),,31.115066528320312
hidden_test_de_13_sent191,348,354,Casals,Q208537,PER,Q208537,Pau Casals,,24.184160232543945
hidden_test_de_13_sent191,442,448,Moskau,Q649,LOC,Q649,Moskau,,30.32391357421875
hidden_test_de_13_sent191,508,513,Pskow,Q2214,LOC,Q2214,Pskow,,30.103166580200195
hidden_test_de_13_sent191,613,619,Casals,Q208537,PER,Q208537,Pau Casals,,23.900310516357422
hidden_test_de_13_sent191,714,724,Petersburg,Q656,LOC,Q656,Sankt Petersburg,,29.64763641357422
hidden_test_de_13_sent191,741,747,Casals,Q208537,PER,Q208537,Pau Casals,,23.973609924316406
hidden_test_de_13_sent191,844,849,Liszt,Q41309,PER,Q41309,Franz Liszt,,22.999744415283203
hidden_test_de_13_sent194,49,55,Casals,Q208537,PER,Q208537,Pau Casals,,24.118940353393555
hidden_test_de_13_sent194,78,88,Südamerika,Q18,LOC,Q18,Südamerika,,25.683658599853516
hidden_test_de_13_sent194,279,285,Casals,Q208537,PER,Q208537,Pau Casals,,25.929367065429688
hidden_test_de_13_sent194,432,438,Casals,Q208537,PER,Q208537,Pau Casals,,24.355674743652344
hidden_test_de_13_sent196,4,18,Fritz Eckhardt,Q86663,PER,Q86663,Fritz Eckhardt,,26.98602867126465
hidden_test_de_13_sent201,77,80,Ufa,Q41468,ORG,Q41468,UFA,,25.441144943237305
hidden_test_de_13_sent201,84,97,Neubabelsberg,Q1979246,LOC,Q1979246,Neubabelsberg,,26.205228805541992
hidden_test_de_13_sent202,190,203,Neubabelsberg,Q1979246,LOC,Q1979246,Neubabelsberg,,23.72234344482422
hidden_test_de_13_sent211,18,23,Tobis,Q2438131,ORG,Q2438131,Tobis-Tonbild-Syndikat," ""wikipedia_page"":""Tobis-Tonbild-Syndikat"", ""wikidata_id"":""Q2438131""",16.49515724182129
hidden_test_de_13_sent211,144,152,Massolle,Q1707591,PER,Q1707591,Joseph Massolle,"```json {""wikipedia_page"":""Joseph Massolle"", ""wikidata_id"":""Q1707591""} ```",17.403369903564453
hidden_test_de_13_sent211,482,487,Tobis,Q2438131,ORG,Q2438131,Tobis-Tonbild-Syndikat,"Based on the provided text and the list of candidates, the entity mentioned between the [ENT] tags is ""Tobis"". The most appropriate Wikidata entity from the list of candidates is ""Tobis-Tonbild-Syndikat"". Therefore, the JSON object is: ```json { ""wikipedia_page"": ""Tobis-Tonbild-Syndikat"", ""wikidata_id"": ""Q2438131"" } ```",17.255075454711914
hidden_test_de_13_sent213,8,13,Tobis,Q2438131,ORG,Q2438131,Tobis-Tonbild-Syndikat,"Based on the input text ""Bei der [ENT] Tobis [ENT] =Apparatur ist die Stromversorgung unab¬hängig, da sie durch die zwischen den Rädern des Aufnahme¬wagens aufgehängten Batterien erfolgt."" and the list of candidates provided, the most appropriate Wikidata entity for ""Tobis"" is ""Tobis-Tonbild-Syndikat"" with the Wikipedia page title ""Tobis-Tonbild-Syndikat"" and the Wikidata ID ""Q2438131"". Here is the JSON response: ```json { ""wikipedia_page"": ""Tobis-Tonbild-Syndikat"", ""wikidata_id"": ""Q2438131"" } ```",9.984418869018555
hidden_test_de_13_sent216,10,21,Anne Austin,Q19606547,PER,Q19606547,Anne Austin,,32.667301177978516
hidden_test_de_13_sent218,1,12,Ruth Lester,NIL,PER,NIL,Ruth Lester,"Based on the provided input text and the list of candidates, the entity mentioned between the [ENT] tags appears to be ""Ruth Lester"". However, none of the candidates in the list match this name with high confidence. Therefore, the output will be ""NIL"" for the wikidata_id. ```json { ""wikipedia_page"": ""NIL"", ""wikidata_id"": ""NIL"" } ```",0
hidden_test_de_13_sent218,523,531,Man¬ning,NIL,PER,NIL,Man¬ning,"```json { ""wikipedia_page"": ""NIL"", ""wikidata_id"": ""NIL"" } ```",0
hidden_test_de_13_sent219,20,26,McMann,NIL,PER,NIL,McMann,"Based on the text provided, the entities mentioned between the [ENT] tags are ""McMann"" and ""McMann"". Neither of the candidates in the provided list match these entities with high confidence. Therefore, the response is: ```json { ""wikipedia_page"": ""NIL"", ""wikidata_id"": ""NIL"" } ```",0
hidden_test_de_13_sent227,133,139,McMann,NIL,PER,NIL,McMann,"```json { ""wikipedia_page"":""NIL"", ""wikidata_id"":""NIL"" } ```",0
hidden_test_de_13_sent232,12,19,Manning,NIL,PER,NIL,Manning,"```json { ""wikipedia_page"": ""NIL"", ""wikidata_id"": ""NIL"" } ```",0
hidden_test_de_13_sent243,142,146,Jake,NIL,PER,NIL,Jake,"{ ""wikipedia_page"": """", ""wikidata_id"": ""NIL"" }",0
hidden_test_de_13_sent244,69,75,McMann,NIL,PER,NIL,McMann,"{ ""wikipedia_page"": ""NIL"", ""wikidata_id"": ""NIL"" }",0
hidden_test_de_13_sent251,29,33,Wien,Q1741,LOC,Q1741,Wien,"Based on the provided text and list of candidates, the entity mentioned between the [ENT] tags is ""Wien"". The most appropriate Wikidata entity from the list of candidates is: ```json { ""wikipedia_page"": ""Wien"", ""wikidata_id"": ""Q1741"" } ```",13.266583442687988
hidden_test_de_13_sent253,116,123,Mailand,Q490,LOC,Q490,Mailand,,25.103195190429688
hidden_test_de_13_sent253,130,140,Ambrosiana,Q631,ORG,Q631,Inter Mailand,"```json { ""wikipedia_page"": ""Inter Mailand"", ""wikidata_id"": ""Q631"" } ```",16.709148406982422
hidden_test_de_13_sent253,160,164,Wien,Q1741,LOC,Q1741,Wien,,24.160572052001953
hidden_test_de_13_sent253,187,193,Slavia,Q194393,ORG,Q194393,Slavia Prag,,22.862590789794922
hidden_test_de_13_sent254,44,48,Wien,Q1741,LOC,Q1741,Wien,"{ ""wikipedia_page"": ""Wien"", ""wikidata_id"": ""Q1741"" }",17.776906967163086
hidden_test_de_13_sent254,139,146,Mailand,Q490,LOC,Q490,Mailand,"{ ""wikipedia_page"": ""Mailand"", ""wikidata_id"": ""Q490"" }",18.102218627929688
hidden_test_de_13_sent255,52,56,Wien,Q1741,LOC,Q1741,Wien,"Based on the input text and the provided list of candidates, the entities mentioned in the text are ""Wien"" and ""Vienna"". The most appropriate Wikidata entities for these mentions are ""Wien"" with Wikidata ID ""Q1741"" and ""Wiener Sport-Club"" with Wikidata ID ""Q266962"". Here is the JSON-formatted answer: ```json { ""wikipedia_page"": ""Wien"", ""wikidata_id"": ""Q1741"" } ```",18.45054054260254
hidden_test_de_13_sent255,131,137,Vienna,Q686826,ORG,Q686826,First Vienna FC 1894,"```json { ""wikipedia_page"": ""First Vienna FC 1894"", ""wikidata_id"": ""Q686826"" } ```",18.333511352539062
hidden_test_de_13_sent255,248,255,Schmaus,Q490374,PER,Q490374,Willibald Schmaus,"{ ""wikipedia_page"": ""Willibald Schmaus"", ""wikidata_id"": ""Q490374"" }",17.580305099487305
hidden_test_de_13_sent255,257,263,Kaller,Q2039444,PER,Q2039444,Otto Kaller,"```json { ""wikipedia_page"": ""Otto Kaller"", ""wikidata_id"": ""Q2039444"" } ```",18.409875869750977
hidden_test_de_13_sent255,275,280,Machu,Q6526300,PER,Q6526300,Leonhard Machu,"```json { ""wikipedia_page"": ""Leonhard Machu"", ""wikidata_id"": ""Q6526300"" } ```",20.26030921936035
hidden_test_de_13_sent255,282,293,Brosenbauer,Q588446,PER,Q588446,Anton Brosenbauer,"```json {""wikipedia_page"": ""Anton Brosenbauer"", ""wikidata_id"": ""Q588446""} ```",20.328746795654297
hidden_test_de_13_sent255,295,305,Adelbrecht,Q323714,PER,Q323714,Josef Adelbrecht,"Here is the JSON-formatted answer: ```json { ""wikipedia_page"": ""Josef Adelbrecht"", ""wikidata_id"": ""Q323714"" } ```",20.016483306884766
hidden_test_de_13_sent255,306,315,Gschweidl,Q1459395,PER,Q1459395,Friedrich Gschweidl,,23.014358520507812
hidden_test_de_13_sent255,337,341,Erdl,Q5492752,PER,Q5492752,Franz Erdl,"```json { ""wikipedia_page"": ""Franz Erdl"", ""wikidata_id"": ""Q5492752"" } ```",17.907211303710938
hidden_test_de_13_sent255,364,368,Wien,Q1741,LOC,Q1741,Wien,,22.93874168395996
hidden_test_de_13_sent256,74,81,Austria,Q131209,ORG,Q131209,FK Austria Wien,"```json { ""wikipedia_page"": ""FK Austria Wien"", ""wikidata_id"": ""Q131209"" } ```",20.480220794677734
hidden_test_de_13_sent256,94,98,Prag,Q1085,LOC,Q1085,Prag,"```json { ""wikipedia_page"": ""Prag"", ""wikidata_id"": ""Q1085"" } ```",20.594764709472656
hidden_test_de_13_sent256,103,109,Slavia,Q194393,ORG,Q194393,Slavia Prag,,24.996294021606445
hidden_test_de_13_sent256,131,137,Slavia,Q194393,ORG,Q194393,Slavia Prag,"```json { ""wikipedia_page"": ""Slavia Prag"", ""wikidata_id"": ""Q194393"" } ```",21.076698303222656
hidden_test_de_13_sent256,187,194,Austria,Q131209,ORG,Q131209,FK Austria Wien,"```json { ""wikipedia_page"": ""FK Austria Wien"", ""wikidata_id"": ""Q131209"" } ```",20.297863006591797
hidden_test_de_13_sent256,529,535,Slavia,Q194393,ORG,Q194393,Slavia Prag,,26.461284637451172
hidden_test_de_13_sent256,576,584,Planicka,Q379,PER,Q379,František Plánička,"```json { ""wikipedia_page"": ""František Plánička"", ""wikidata_id"": ""Q379"" } ```",18.457687377929688
hidden_test_de_13_sent256,586,593,Zenisek,Q970400,PER,Q970400,Ladislav Ženíšek,"```json { ""wikipedia_page"": ""Ladislav Ženíšek"", ""wikidata_id"": ""Q970400"" } ```",19.53815460205078
hidden_test_de_13_sent256,601,608,Vodicka,Q608814,PER,Q608814,Antonín Vodička,"Based on the provided input text and the list of candidates, I have identified that the entity mentioned between the [ENT] tags, ""Vodicka"", is most likely to be ""Antonín Vodička"", given the context and the relevant candidate from the list. Here is the JSON-formatted answer: ```json { ""wikipedia_page"": ""Antonín Vodička"", ""wikidata_id"": ""Q608814"" } ```",20.0588436126709
hidden_test_de_13_sent256,610,616,Cambal,Q392388,PER,Q392388,Štefan Čambal,"```json { ""wikipedia_page"": ""Štefan Čambal"", ""wikidata_id"": ""Q392388"" } ```",15.149210929870605
hidden_test_de_13_sent256,629,632,Puc,Q531382,PER,Q531382,Antonín Puč,"Based on the provided input text and the list of candidates, the most appropriate Wikidata entity for the entity mentioned between the [ENT] tags is ""Antonín Puč"". Therefore, the JSON-formatted answer is: ```json { ""wikipedia_page"": ""Antonín Puč"", ""wikidata_id"": ""Q531382"" } ```",13.108185768127441
hidden_test_de_13_sent256,644,651,Sobotka,Q383293,PER,Q383293,Jiří Sobotka,"```json { ""wikipedia_page"": ""Jiří Sobotka"", ""wikidata_id"": ""Q383293"" } ```",16.10468864440918
hidden_test_de_13_sent256,661,666,Junek,Q203086,PER,Q203086,František Junek,"```json { ""wikipedia_page"": ""František Junek"", ""wikidata_id"": ""Q203086"" } ```",18.051572799682617
hidden_test_de_13_sent256,672,679,Austria,Q131209,ORG,Q131209,FK Austria Wien,"```json { ""wikipedia_page"": ""FK Austria Wien"", ""wikidata_id"": ""Q131209"" } ```",17.592409133911133
hidden_test_de_13_sent256,701,705,Blum,Q323982,PER,Q323982,Josef Blum,"{ ""wikipedia_page"": ""Josef Blum"", ""wikidata_id"": ""Q323982"" }",16.452295303344727
hidden_test_de_13_sent256,994,1004,Hauptallee,Q1248317,LOC,Q1248317,Hauptallee,"Based on the analysis of the input text, the entity mentioned between the [ENT] tags is likely referring to a street in Vienna. Among the list of candidates, the most appropriate Wikidata entity is: ```json { ""wikipedia_page"": ""Hauptallee"", ""wikidata_id"": ""Q1248317"" } ```",16.32193946838379
hidden_test_de_13_sent259,225,229,Wien,Q1741,LOC,Q1741,Wien,,25.62857437133789
hidden_test_de_13_sent261,205,217,Burg¬theater,Q308720,LOC,Q308720,Burgtheater,"```json { ""wikipedia_page"": ""Burgtheater"", ""wikidata_id"": ""Q308720"" } ```",17.808677673339844
hidden_test_de_13_sent262,22,27,Rapid,Q131215,ORG,Q131215,SK Rapid Wien,,22.86841583251953
hidden_test_de_13_sent262,126,134,Dänemark,Q35,LOC,Q35,Dänemark,,23.837804794311523
hidden_test_de_13_sent262,243,252,Norköping,Q25724,LOC,Q25724,Norrköping,"```json { ""wikipedia_page"": ""Norrköping"", ""wikidata_id"": ""Q25724"" } ```",20.820783615112305
hidden_test_de_13_sent262,259,267,Sleipner,Q772310,ORG,Q772310,IK Sleipner,,22.0382080078125
hidden_test_de_13_sent262,390,394,Saaz,Q393426,LOC,Q393426,Žatec,"```json { ""wikipedia_page"": ""Žatec"", ""wikidata_id"": ""Q393426"" } ```",11.302069664001465
hidden_test_de_13_sent272,59,75,Niederösterreich,Q42497,LOC,Q42497,Niederösterreich,,28.643648147583008
hidden_test_de_13_sent272,228,245,Prater=Hauptallee,Q1248317,LOC,Q1248317,Hauptallee,,24.442663192749023
hidden_test_de_13_sent273,105,115,Hauptallee,Q1248317,LOC,Q1248317,Hauptallee,"Based on the input text and the list of candidates, the entity mentioned between the [ENT] tags is ""Hauptallee"". Among the provided candidates, the most appropriate Wikidata entity for ""Hauptallee"" is: ```json { ""wikipedia_page"": ""Hauptallee"", ""wikidata_id"": ""Q1248317"" } ```",12.888160705566406
hidden_test_de_13_sent275,87,91,Wien,Q1741,LOC,Q1741,Wien,"```json { ""wikipedia_page"": ""Wien"", ""wikidata_id"": ""Q1741"" } ```",19.472183227539062
hidden_test_de_13_sent275,210,226,Niederösterreich,Q42497,LOC,Q42497,Niederösterreich,,26.219593048095703
hidden_test_de_13_sent278,35,45,de Stefani,Q2273996,PER,Q2273996,Giorgio de Stefani,"The provided input text mentions ""de Stefani"" as an entity within the [ENT] tags. Based on the list of candidates, the entity ""de Stefani"" corresponds to ""Giorgio de Stefani"" (Wikipedia page: ""Giorgio de Stefani"", Wikidata ID: ""Q2273996""). Here is the JSON output: ```json { ""wikipedia_page"": ""Giorgio de Stefani"", ""wikidata_id"": ""Q2273996"" } ```",13.644579887390137
hidden_test_de_13_sent278,88,101,Wills = Moody,Q54543,PER,Q54543,Helen Wills Moody,"Based on the given text and candidates, the entity mentioned within the [ENT] tags is ""Mrs. Wills"" and ""Moody"". The list of candidates includes ""Helen Wills Moody"". Therefore, the Wikidata ID and Wikipedia page title for ""Mrs. Wills"" and ""Moody"" are: ```json { ""wikipedia_page"": ""Helen Wills Moody"", ""wikidata_id"": ""Q54543"" } ```",19.81377601623535
hidden_test_de_13_sent278,239,244,Payot,Q3258788,PER,Q3258788,Lolette Payot,,24.862295150756836
hidden_test_de_13_sent278,246,253,Schweiz,Q39,LOC,Q39,Schweiz,,27.654380798339844
hidden_test_de_13_sent278,320,326,Hughes,Q552626,PER,Q552626,Pat Hughes,"```json { ""wikipedia_page"": ""Pat Hughes"", ""wikidata_id"": ""Q552626"" } ```",19.80313491821289
hidden_test_de_13_sent278,328,342,Großbritannien,Q23666,LOC,Q23666,Großbritannien,"{ ""wikipedia_page"": ""Großbritannien"", ""wikidata_id"": ""Q23666"" }",16.692768096923828
hidden_test_de_13_sent278,358,376,Vereinigte Staaten,Q30,LOC,Q30,Vereinigte Staaten,,26.097063064575195
hidden_test_de_13_sent278,433,449,Littleton Rogers,Q29883,PER,Q29883,George Lyttleton Rogers,,25.35123062133789
hidden_test_de_13_sent278,451,457,Irland,Q27,LOC,Q27,Irland,,25.266056060791016
hidden_test_de_13_sent282,58,66,Gaisberg,Q688441,LOC,Q688441,Gaisberg,,37.82258987426758
hidden_test_de_13_sent284,123,155,Rennfahrer Hans Joachimv. Morgen,Q12790812,PER,Q12790812,Heinrich-Joachim von Morgen,"Based on the provided text and list of candidates, I am confident that the entity mentioned between the [ENT] tags refers to 'Heinrich-Joachim von Morgen'. Therefore, the corresponding Wikipedia page title and Wikidata ID of the selected entity are: ```json { ""wikipedia_page"": ""Heinrich-Joachim von Morgen"", ""wikidata_id"": ""Q12790812"" } ```",18.18286895751953
hidden_test_de_13_sent287,90,103,Luigi Fagioli,Q173038,PER,Q173038,Luigi Fagioli,,35.003265380859375
hidden_test_de_13_sent287,120,128,Maserati,Q35962,ORG,Q35962,Maserati,,23.818376541137695
hidden_test_de_13_sent287,188,198,Alfa=Romeo,Q26921,ORG,Q26921,Alfa Romeo,,24.43623161315918
hidden_test_de_13_sent287,215,223,Maserati,Q35962,ORG,Q35962,Maserati,,25.681739807128906
hidden_test_de_13_sent287,367,377,HansRuesch,Q115715,PER,Q115715,Hans Ruesch,,33.213035583496094
hidden_test_de_13_sent287,382,392,Alfa=Romeo,Q26921,ORG,Q26921,Alfa Romeo,,27.021635055541992
hidden_test_de_13_sent287,423,437,LaszloHartmann,Q634769,PER,Q634769,László Hartmann,,35.82902145385742
hidden_test_de_13_sent287,513,523,Alfa=Romeo,Q26921,ORG,Q26921,Alfa Romeo,,24.74497413635254
hidden_test_de_13_sent287,600,631,Dr. Georg (Freiherr v.) Goldegg,NIL,PER,NIL,Dr. Georg (Freiherr v.) Goldegg,"```json { ""wikipedia_page"": ""NIL"", ""wikidata_id"": ""NIL"" } ```",0
hidden_test_de_13_sent287,717,721,Wien,Q1741,LOC,Q1741,Wien,,21.738637924194336
hidden_test_de_13_sent287,723,730,Amilcar,Q471294,ORG,Q471294,Amilcar,"{ ""wikipedia_page"": ""Amilcar"", ""wikidata_id"": ""Q471294"" }",19.95545196533203
hidden_test_de_13_sent287,799,807,Mercedes,Q36008,ORG,Q36008,Mercedes-Benz,,21.863155364990234
hidden_test_de_13_sent287,914,922,Maserati,Q35962,ORG,Q35962,Maserati,,25.807415008544922
hidden_test_de_13_sent287,928,945,AnnaMaria Peduzzi,Q59917796,PER,Q59917796,Anna Maria Peduzzi,,34.724212646484375
hidden_test_de_13_sent287,947,957,Alfa=Romeo,Q26921,ORG,Q26921,Alfa Romeo,,23.673276901245117
hidden_test_de_13_sent288,139,149,Tom Bullus,Q2439558,PER,Q2439558,Tom Bullus,,32.9007453918457
hidden_test_de_13_sent288,154,162,N. S. U.,Q39898,ORG,Q39898,NSU Motorenwerke,"```json { ""wikipedia_page"": ""NSU Motorenwerke"", ""wikidata_id"": ""Q39898"" } ```",14.287801742553711
hidden_test_de_13_sent288,267,272,Walla,Q19287105,PER,Q19287105,Josef Walla,,21.499958038330078
hidden_test_de_13_sent288,280,287,Bohmann,Q1730522,PER,Q1730522,Karl Bohmann,,22.261680603027344
hidden_test_de_13_sent288,289,299,Schneeweiß,Q1904974,PER,Q1904974,Martin Schneeweiss,,23.970434188842773
hidden_test_de_13_sent288,304,308,Wien,Q1741,LOC,Q1741,Wien,,23.608076095581055
hidden_test_de_13_sent288,321,330,Salz¬burg,Q34713,LOC,Q34713,Salzburg,,24.147493362426758
hidden_test_de_13_sent289,20,45,Salzburger Automobil¬klub,Q2215935,ORG,Q2215935,Salzburger Automobilclub,,33.59351348876953
hidden_test_de_13_sent290,24,29,Gnigl,Q1533227,LOC,Q1533227,Gnigl,,31.07862663269043
hidden_test_de_13_sent290,43,51,Gaisberg,Q688441,LOC,Q688441,Gaisberg,,30.859193801879883
hidden_test_de_13_sent292,11,19,Kronfeld,Q86279,PER,Q86279,Robert Kronfeld,"```json { ""wikipedia_page"": ""Kronfeld"", ""wikidata_id"": ""Q86279"" } ```",12.855913162231445
hidden_test_de_13_sent292,24,29,Paris,Q90,LOC,Q90,Paris,"{ ""wikipedia_page"": ""Paris"", ""wikidata_id"": ""Q90"" }",19.519935607910156
hidden_test_de_13_sent293,33,48,Robert Kronfeld,Q86279,PER,Q86279,Robert Kronfeld,,46.72837829589844
hidden_test_de_13_sent293,92,106,Orly bei Paris,Q223416,LOC,Q223416,Flughafen Paris-Orly,"```json { ""wikipedia_page"": ""Flughafen Paris-Orly"", ""wikidata_id"": ""Q223416"" } ```",18.384130477905273
hidden_test_de_13_sent293,288,301,Saint=Quentin,Q182744,LOC,Q182744,Saint-Quentin,,25.656841278076172
hidden_test_de_13_sent295,20,35,Robert Kronfeld,Q86279,PER,Q86279,Robert Kronfeld,,35.11093521118164
hidden_test_de_13_sent295,39,43,Wien,Q1741,LOC,Q1741,Wien,,25.167659759521484
hidden_test_de_13_sent295,247,255,Kronfeld,Q86279,PER,Q86279,Robert Kronfeld,"```json { ""wikipedia_page"": ""Robert Kronfeld"", ""wikidata_id"": ""Q86279"" } ```",14.153674125671387
hidden_test_de_13_sent300,22,26,Wien,Q1741,LOC,Q1741,Wien,,28.308345794677734
hidden_test_de_13_sent300,417,432,Dr. Schuschnigg,Q738635,PER,Q738635,Kurt Schuschnigg,,29.66295623779297
hidden_test_de_13_sent300,574,581,Belgien,Q31,LOC,Q31,Belgien,,21.608551025390625
hidden_test_de_13_sent300,583,591,Dänemark,Q35,LOC,Q35,Dänemark,"```json { ""wikipedia_page"": ""Dänemark"", ""wikidata_id"": ""Q35"" } ```",21.080406188964844
hidden_test_de_13_sent300,605,616,Niederlande,Q55,LOC,Q55,Niederlande,,22.335073471069336
hidden_test_de_13_sent300,617,625,Schweden,Q34,LOC,Q34,Schweden,"```json { ""wikipedia_page"": ""Schweden"", ""wikidata_id"": ""Q34"" } ```",20.99715805053711
hidden_test_de_13_sent300,627,634,Schweiz,Q39,LOC,Q39,Schweiz,,22.398677825927734
hidden_test_de_13_sent303,0,7,Sharkey,Q427464,PER,Q427464,Jack Sharkey,"```json { ""wikipedia_page"": ""Jack Sharkey"", ""wikidata_id"": ""Q427464"" } ``` ### Explanation: - The entity mentioned between the [ENT] tags is ""Sharkey"" and ""Carnera"". - From the list of candidates, the entity ""Jack Sharkey"" is identified as a boxer. - The corresponding Wikipedia page title is ""Jack Sharkey"" and the Wikidata ID is ""Q427464"".",11.104804039001465
hidden_test_de_13_sent303,12,19,Carnera,Q325449,PER,Q325449,Primo Carnera,"The entity mentioned between the [ENT] tags is ""Carnera"". Based on the provided list of candidates, the most appropriate Wikidata entity for ""Carnera"" is: ```json { ""wikipedia_page"": ""Primo Carnera"", ""wikidata_id"": ""Q325449"" } ```",19.172372817993164
hidden_test_de_13_sent304,18,25,Carnera,Q325449,PER,Q325449,Primo Carnera,,23.065101623535156
hidden_test_de_13_sent304,132,139,Sharkey,Q427464,PER,Q427464,Jack Sharkey,"```json { ""wikipedia_page"": ""Jack Sharkey"", ""wikidata_id"": ""Q427464"" } ```",17.23228645324707
hidden_test_de_13_sent304,174,181,Sharkey,Q427464,PER,Q427464,Jack Sharkey,"```json { ""wikipedia_page"": ""Jack Sharkey"", ""wikidata_id"": ""Q427464"" } ```",16.722606658935547
hidden_test_de_13_sent305,80,87,Carnera,Q325449,PER,Q325449,Primo Carnera,"```json { ""wikipedia_page"": ""Primo Carnera"", ""wikidata_id"": ""Q325449"" } ```",7.023167610168457
hidden_test_de_13_sent306,27,34,Newyork,Q60,LOC,Q60,New York City,,23.304672241210938
hidden_test_de_13_sent306,40,47,Carnera,Q325449,PER,Q325449,Primo Carnera,"After analyzing the input text, the entity mentioned between the [ENT] tags, ""Carnera"", can be disambiguated to the Wikidata entity with the ID ""Q325449"" and the corresponding Wikipedia page title ""Primo Carnera"". ```json { ""wikipedia_page"": ""Primo Carnera"", ""wikidata_id"": ""Q325449"" } ```",20.39337158203125
hidden_test_de_13_sent306,90,97,Carnera,Q325449,PER,Q325449,Primo Carnera,"```json { ""wikipedia_page"": ""Primo Carnera"", ""wikidata_id"": ""Q325449"" } ```",18.370105743408203
hidden_test_de_13_sent307,36,43,Carnera,Q325449,PER,Q325449,Primo Carnera,"Based on the input text and the list of candidates, the entity mentioned between the [ENT] tags ""Carnera"" is highly confidently identified as ""Primo Carnera"". Here is the JSON-formatted answer: ```json { ""wikipedia_page"": ""Primo Carnera"", ""wikidata_id"": ""Q325449"" } ```",7.3721818923950195
hidden_test_de_13_sent311,115,125,Donaukanal,Q701695,LOC,Q701695,Donaukanal,,27.429325103759766
hidden_test_de_13_sent311,134,148,Rotundenbrücke,Q2169109,LOC,Q2169109,Rotundenbrücke,,30.5576229095459
hidden_test_de_13_sent311,201,206,Donau,Q1653,LOC,Q1653,Donau,,22.396888732910156
hidden_test_de_13_sent312,60,70,Donaukanal,Q701695,LOC,Q701695,Donaukanal,,28.645401000976562
hidden_test_de_13_sent313,222,226,Wien,Q1741,LOC,Q1741,Wien,,23.396381378173828
hidden_test_de_13_sent314,124,139,Willy Schmieger,Q1378435,PER,Q1378435,Willy Schmieger,,31.60849952697754
hidden_test_de_13_sent315,349,353,Linz,Q41329,LOC,Q41329,Linz,,24.80504608154297
hidden_test_de_13_sent315,364,368,Wien,Q1741,LOC,Q1741,Wien,,24.906944274902344
