doc_id,start_pos,end_pos,surface,gt_id,type,identifier,title,answer,score
EXP-1798-01-04-a-i0005,41,63,Charlotte née Bourgoin,NIL,PER,Q75317700,Charlotte de Bourbon,,24.346643447875977
EXP-1798-01-04-a-i0005,74,87,Joseph Digiez,NIL,PER,Q3185851,Joseph de Lévis-Gaudiez,,30.440139770507812
EXP-1798-01-04-a-i0005,92,108,Maurice Bourgoin,NIL,PER,Q5583761,Maurice Bourguin,,28.732677459716797
EXP-1798-01-04-a-i0005,142,168,sieur Jaques Charles Gicot,NIL,PER,NIL,sieur Jaques Charles Gicot,"{ ""wikipedia_page"": ""Jacques Charles Gicot"", ""wikidata_id"": ""NIL"" }",19.804134368896484
EXP-1798-01-04-a-i0005,210,224,Conseil d'Etat,NIL,ORG,Q769657,Conseil d'État,,23.135080337524414
EXP-1798-01-04-a-i0005,343,365,Jean-Baptiste Bourgoin,NIL,PER,Q106301283,Jean-Baptiste-François de Bourgeon,,29.993371963500977
EXP-1798-01-04-a-i0005,498,506,Landeron,Q70204,LOC,Q70204,Le Landeron,"{ ""wikipedia_page"": ""Le Landeron"", ""wikidata_id"": ""Q70204"" }",15.51573657989502
EXP-1798-01-04-a-i0005,978,992,Val-de-Travers,Q70526,LOC,Q70526,Val-de-Travers,,23.30463218688965
EXP-1798-01-04-a-i0005,999,1062,"sieur Daniel Meuron, maïUe charpentier, _bourgeois de Neuchatel",NIL,PER,NIL,"sieur Daniel Meuron, maïUe charpentier, _bourgeois de Neuchatel","{ ""wikipedia_page"": ""Neuchâtel"", ""wikidata_id"": ""Q31717"" }",13.274709701538086
EXP-1798-01-04-a-i0005,1142,1176,Frédéric-Henri _Lequin de Fleurier,NIL,PER,Q3092505,Félix Lequien,,23.971765518188477
EXP-1798-01-04-a-i0005,1183,1202,Marie-Louise Meuron,NIL,PER,Q3292670,Marie Louise Mignot,,26.557435989379883
EXP-1798-01-04-a-i0005,1224,1238,Jouas Frédéric,NIL,PER,NIL,Jouas Frédéric,"{ ""wikipedia_page"": ""Auguste Lequin de Fleurier"", ""wikidata_id"": ""NIL"" }",16.882022857666016
EXP-1798-01-04-a-i0005,1240,1247,Auguste,NIL,PER,NIL,Auguste,"{ ""wikipedia_page"": ""Auguste Lequin de Fleurier"", ""wikidata_id"": ""NIL"" }",21.767662048339844
EXP-1798-01-04-a-i0005,1249,1258,Alexandre,NIL,PER,Q2833898,Alexandre Méchin,,22.58196258544922
EXP-1798-01-04-a-i0005,1262,1284,Louise -Rosalio Lequin,NIL,PER,Q1647537,Louise-Félicité de Kéralio,,26.393260955810547
EXP-1798-01-04-a-i0005,1504,1525,Frédéric Henri Lequin,NIL,PER,Q21369851,Louis Henri René Dequin,,23.40509796142578
EXP-1798-01-04-a-i0005,1675,1689,Val de-Travers,Q70526,LOC,Q2507850,Val de Travers,"{ ""wikipedia_page"": ""Val de Travers"", ""wikidata_id"": ""Q2507850"" }",16.442581176757812
EXP-1798-02-15-a-i0004,74,83,Neuchatel,Q69345,LOC,Q69345,Neuchâtel,"{ ""wikipedia_page"": ""Neuchâtel"", ""wikidata_id"": ""Q69345"" }",4.618776321411133
EXP-1798-02-15-a-i0004,363,421,"Jean'""Fréderic / Stnuffer, meunier aux moulins de la Prise",NIL,PER,NIL,"Jean'""Fréderic / Stnuffer, meunier aux moulins de la Prise","{ ""wikipedia_page"": ""Jean Frédéric Stnuffer"", ""wikidata_id"": ""NIL"" }",13.337179183959961
EXP-1798-02-15-a-i0004,659,672,sœurs _Gendre,NIL,PER,NIL,sœurs _Gendre,"{ ""wikipedia_page"": ""Les sœurs Gendre"", ""wikidata_id"": ""NIL"" }",12.129313468933105
EXP-1798-02-15-a-i0004,735,747,Mlle. Eckard,NIL,PER,Q55596841,,"{ ""wikipedia_page"": ""Eckard"", ""wikidata_id"": ""Q55596841"" }",13.401156425476074
EXP-1798-02-15-a-i0004,753,768,rue des Moulins,NIL,LOC,Q3451926,rue des Moulins,"{ ""wikipedia_page"": ""rue des Moulins"", ""wikidata_id"": ""Q3451926"" }",16.484174728393555
EXP-1798-02-15-a-i0004,838,855,demoiselle Eckard,NIL,PER,Q48756800,Madame Girard,"{ ""wikipedia_page"": ""Madame Girard"", ""wikidata_id"": ""Q48756800"" }",12.802123069763184
EXP-1798-02-15-a-i0004,1900,1909,Neuchatel,Q69345,LOC,Q69345,Neuchâtel,,24.020353317260742
EXP-1798-02-15-a-i0004,1996,2045,"Jean-Frédéric Borel, maître charpentier à Couve t",NIL,PER,Q18578258,Antoine-Charles-Thérèse Borel,"{ ""wikipedia_page"": ""Jean-Frédéric Borel"", ""wikidata_id"": ""Q18578258"" }",17.163970947265625
EXP-1798-02-15-a-i0004,2205,2238,"M. Rougemont, commissaire général",NIL,PER,Q3308793,Michel-Nicolas Balisson de Rougemont,"{ ""wikipedia_page"": ""Michel-Nicolas Balisson de Rougemont"", ""wikidata_id"": ""Q3308793"" }",10.867834091186523
EXP-1798-02-15-a-i0004,2318,2351,"M. Fa vre, négociant sur la place",NIL,PER,Q16711050,François Favre,"{ ""wikipedia_page"": ""François Favre"", ""wikidata_id"": ""Q16711050"" }",6.130941390991211
EXP-1798-02-15-a-i0004,2472,2501,sieur Quartier _^ instituteur,NIL,PER,NIL,sieur Quartier _^ instituteur,"{ ""wikipedia_page"": ""NIL"", ""wikidata_id"": ""NIL"" }",8.55579662322998
EXP-1798-02-15-a-i0004,3030,3039,Neuchatel,Q69345,LOC,Q69345,Neuchâtel,,26.190427780151367
EXP-1798-02-15-a-i0004,3043,3051,Chaumont,Q1068390,LOC,Q193880,Chaumont,"{ ""wikipedia_page"": ""Chaumont"", ""wikidata_id"": ""Q193880"" }",18.781917572021484
EXP-1798-02-15-a-i0004,3133,3151,Jean Pierre Baxdet,NIL,PER,NIL,Jean Pierre Baxdet,"{ ""wikipedia_page"": ""Jean-Pierre Baxdet"", ""wikidata_id"": ""NIL"" }",19.946393966674805
EXP-1798-02-15-a-i0004,3299,3335,Compagnie des Marchands de Neuchatel,NIL,ORG,NIL,Compagnie des Marchands de Neuchatel,"{ ""wikipedia_page"": ""Compagnie des Marchands de Neuchatel"", ""wikidata_id"": ""NIL"" }",19.771963119506836
EXP-1798-02-15-a-i0004,3444,3459,M. Henri Gigaud,NIL,PER,NIL,M. Henri Gigaud,"{ ""wikipedia_page"": ""Henri Gigaud"", ""wikidata_id"": ""NIL"" }",16.987653732299805
EXP-1798-02-15-a-i0004,3509,3520,M. Ghatenay,NIL,PER,NIL,M. Ghatenay,"{ ""wikipedia_page"": ""Ghatenay"", ""wikidata_id"": ""NIL"" }",14.781097412109375
EXP-1798-02-15-a-i0004,3558,3594,"M. le greffier Péter, son secrétaire",NIL,PER,Q80687,secrétaire,"{ ""wikipedia_page"": ""secrétaire"", ""wikidata_id"": ""Q80687"" }",9.373659133911133
EXP-1808-09-01-a-i0001,369,383,Chaux-de-Fonds,Q68124,LOC,Q68124,La Chaux-de-Fonds,,23.67177963256836
EXP-1808-09-01-a-i0001,423,439,Henri Jean-Maire,NIL,PER,Q1605889,Henri Jeanmaire,"{ ""wikipedia_page"": ""Henri Jeanmaire"", ""wikidata_id"": ""Q1605889"" }",16.729816436767578
EXP-1808-09-01-a-i0001,487,501,Chaùx-de-Fonds,Q68124,LOC,Q68124,La Chaux-de-Fonds,"{ ""wikipedia_page"": ""La Chaux-de-Fonds"", ""wikidata_id"": ""Q68124"" }",21.836097717285156
EXP-1808-09-01-a-i0001,645,661,Henri Jean-Maire,NIL,PER,Q1605889,Henri Jeanmaire,"{ ""wikipedia_page"": ""Henri Jean-Maire"", ""wikidata_id"": ""Q1605889"" }",15.972898483276367
EXP-1808-09-01-a-i0001,668,691,Reine née Robert-Nicoud,NIL,PER,Q511602,Barbe-Nicole Clicquot-Ponsardin Veuve Clicquot,"{ ""wikipedia_page"": ""Barbe-Nicole Clicquot-Ponsardin Veuve Clicquot"", ""wikidata_id"": ""Q511602"" }",16.544063568115234
EXP-1808-09-01-a-i0001,1088,1102,Chaux-de Fonds,Q68124,LOC,Q68124,La Chaux-de-Fonds,"{ ""wikipedia_page"": ""La Chaux-de-Fonds"", ""wikidata_id"": ""Q68124"" }",21.197893142700195
EXP-1808-09-01-a-i0001,1141,1150,Henriette,NIL,PER,Q28143950,Henriette de Clercq,"{ ""wikipedia_page"": ""Henriette de Clercq"", ""wikidata_id"": ""Q28143950"" }",14.674169540405273
EXP-1808-09-01-a-i0001,1168,1217,sieur cap itaine-lieutenant Jaques Henri Boûrquin,NIL,PER,NIL,sieur cap itaine-lieutenant Jaques Henri Boûrquin,"{ ""wikipedia_page"": ""Jaques Henri Boûrquin"", ""wikidata_id"": ""NIL"" }",12.421921730041504
EXP-1808-09-01-a-i0001,1228,1233,Jacob,NIL,PER,Q41567869,Jacques Bougier,"{ ""wikipedia_page"": ""Jacques Bougier"", ""wikidata_id"": ""Q41567869"" }",18.3092098236084
EXP-1808-09-01-a-i0001,1242,1253,Jaques Guye,NIL,PER,Q3158382,Jacques Boyé,,23.33294677734375
EXP-1808-09-01-a-i0001,1259,1268,Verrières,Q69807,LOC,Q1617196,Verrières-en-Forez,"{ ""wikipedia_page"": ""Verrières-en-Forez"", ""wikidata_id"": ""Q1617196"" }",14.25416374206543
EXP-1808-09-01-a-i0001,1304,1317,Cote-aux-Fées,Q68526,LOC,Q68526,La Côte-aux-Fées,"{ ""wikipedia_page"": ""La Côte-aux-Fées"", ""wikidata_id"": ""Q68526"" }",20.332054138183594
EXP-1808-09-01-a-i0001,1425,1434,Verrières,Q69807,LOC,Q69807,Les Verrières,"{ ""wikipedia_page"": ""Les Verrières"", ""wikidata_id"": ""Q69807"" }",13.239503860473633
EXP-1808-09-01-a-i0001,1468,1510,"M. Charles Cousandièr, "" maire du dit lieu",NIL,PER,NIL,"M. Charles Cousandièr, "" maire du dit lieu","{ ""wikipedia_page"": ""Charles Cousandièr"", ""wikidata_id"": ""NIL"" }",10.300718307495117
EXP-1808-09-01-a-i0001,1768,1777,Verrières,Q69807,LOC,Q1626408,Verrières,"{ ""wikipedia_page"": ""Verrières"", ""wikidata_id"": ""Q1626408"" }",13.863219261169434
EXP-1808-09-01-a-i0001,1802,1829,"H .-F. JEAHJAQUET, greffier",NIL,PER,Q3260499,Louis-François Jéhan,"{ ""wikipedia_page"": ""Louis-François Jéhan"", ""wikidata_id"": ""Q3260499"" }",14.611988067626953
EXP-1808-09-01-a-i0001,1865,1890,sieur Charles-Henri vêpre,NIL,PER,NIL,sieur Charles-Henri vêpre,"{ ""wikipedia_page"": ""NIL"", ""wikidata_id"": ""NIL"" }",11.939948081970215
EXP-1808-09-01-a-i0001,1898,1931,demoiselle Julie-Valérie Bonvêpre,NIL,PER,Q38120567,Juliette Bonheur,"{ ""wikipedia_page"": ""Juliette Bonheur"", ""wikidata_id"": ""Q38120567"" }",16.777069091796875
EXP-1808-09-01-a-i0001,1954,2022,"M. Charles-Guillaume Bonvêpre, membre du Grand-Conseil et hôpitalier",NIL,PER,NIL,"M. Charles-Guillaume Bonvêpre, membre du Grand-Conseil et hôpitalier","{ ""wikipedia_page"": ""Susanne Petitpierre"", ""wikidata_id"": ""NIL"" }",14.670984268188477
EXP-1808-09-01-a-i0001,2033,2057,damé Susanne Petitpierre,NIL,PER,Q537012,Anne-Marguerite Petit Du Noyer,"{ ""wikipedia_page"": ""Anne-Marguerite Petit Du Noyer"", ""wikidata_id"": ""Q537012"" }",14.876648902893066
EXP-1808-09-01-a-i0001,2083,2092,Neuchatel,Q69345,LOC,Q69345,Neuchâtel,,25.187211990356445
EXP-1808-09-01-a-i0001,2366,2375,Neuchatel,Q69345,LOC,Q69345,Neuchâtel,,28.008602142333984
EXP-1808-09-01-a-i0001,2695,2704,Neuchatel,Q69345,LOC,Q69345,Neuchâtel,,24.4897518157959
EXP-1808-09-01-a-i0001,2750,2764,Jonas Bes 6 on,NIL,PER,NIL,Jonas Bes 6 on,"{ ""wikipedia_page"": ""Église de Jonas Beson"", ""wikidata_id"": ""NIL"" }",9.479670524597168
EXP-1808-09-01-a-i0001,2768,2775,Engolon,Q70469,LOC,Q70469,Engollon,"{ ""wikipedia_page"": ""Engolon"", ""wikidata_id"": ""Q70469"" }",16.096651077270508
EXP-1808-09-01-a-i0001,2899,2910,Henri Favre,NIL,PER,Q2510810,Henri-Louis Favre,,23.823402404785156
EXP-1808-09-01-a-i0001,2915,2922,Villard,NIL,LOC,Q1216976,Villard-sur-Doron,"{ ""wikipedia_page"": ""Villard-sur-Doron"", ""wikidata_id"": ""Q1216976"" }",16.253517150878906
EXP-1808-09-01-a-i0001,2938,2960,Jeanne-Marie née Morel,NIL,PER,Q1535197,Jean-Marie Morel,,22.094188690185547
EXP-1808-09-01-a-i0001,2971,2988,Jean-Daniel Favre,NIL,PER,Q3171959,Jean Fabre,,24.40005874633789
EXP-1808-09-01-a-i0001,3313,3321,Valangin,Q70194,LOC,Q70194,Valangin,,23.976455688476562
EXP-1808-09-01-a-i0001,3487,3495,Valangin,Q70194,LOC,Q70194,Valangin,,22.96281623840332
EXP-1808-09-01-a-i0001,3502,3520,Marianne Perrenoud,NIL,PER,Q5998156,Marie Dénarnaud,,22.028980255126953
EXP-1808-09-01-a-i0001,3525,3533,la Sagne,Q68532,LOC,Q68532,La Sagne,"{ ""wikipedia_page"": ""La Sagne"", ""wikidata_id"": ""Q68532"" }",16.361892700195312
EXP-1808-09-01-a-i0001,3548,3563,Jacob Perrenoud,NIL,PER,NIL,Jacob Perrenoud,"{ ""wikipedia_page"": ""NIL"", ""wikidata_id"": ""NIL"" }",20.024471282958984
EXP-1808-09-01-a-i0001,3571,3588,Judith née Jaquet,NIL,PER,Q2387489,Mademoiselle Judith,"{ ""wikipedia_page"": ""Judith née Jaquet"", ""wikidata_id"": ""Q2387489"" }",19.078489303588867
EXP-1808-09-01-a-i0001,3648,3657,Neuchatel,Q69345,LOC,Q69345,Neuchâtel,"{ ""wikipedia_page"": ""Neuchâtel"", ""wikidata_id"": ""Q69345"" }",19.637998580932617
EXP-1808-09-01-a-i0001,4591,4600,Neuchatel,Q69345,LOC,Q69345,Neuchâtel,,23.781213760375977
EXP-1808-09-01-a-i0001,4678,4687,la _Sagoe,Q68532,LOC,Q607456,La Bazoge,"{ ""wikipedia_page"": ""La Bazoge"", ""wikidata_id"": ""Q607456"" }",11.4557523727417
EXP-1808-09-01-a-i0001,4791,4814,voitnrier Louis Floquet,NIL,PER,NIL,voitnrier Louis Floquet,"{ ""wikipedia_page"": ""Louis Floquet"", ""wikidata_id"": ""Q336805"" }",14.934659004211426
EXP-1808-09-01-a-i0001,4920,4927,Yverdon,Q63946,LOC,Q63946,Yverdon-les-Bains,,24.792964935302734
EXP-1808-09-01-a-i0001,5173,5180,Yveidon,Q63946,LOC,Q761703,Yvoire,"{ ""wikipedia_page"": ""Yvoire"", ""wikidata_id"": ""Q761703"" }",15.291891098022461
EXP-1808-09-01-a-i0001,5204,5226,"AUBERJOSOIS, président",NIL,PER,Q2870883,Audéjos,"{ ""wikipedia_page"": ""Audéjos"", ""wikidata_id"": ""Q2870883"" }",9.530657768249512
EXP-1808-09-01-a-i0001,5232,5253,"F. COREVOïT, greffier",NIL,PER,NIL,"F. COREVOïT, greffier","{ ""wikipedia_page"": ""NIL"", ""wikidata_id"": ""NIL"" }",10.77589225769043
EXP-1808-09-01-a-i0001,5448,5463,ruelle Honhomme,NIL,LOC,Q3450653,rue de Charonne,"{ ""wikipedia_page"": ""rue de Charonne"", ""wikidata_id"": ""Q3450653"" }",10.062625885009766
EXP-1808-09-01-a-i0001,5487,5503,Plan de Serriere,NIL,LOC,Q3479984,Serrière,"{ ""wikipedia_page"": ""Serrière"", ""wikidata_id"": ""Q3479984"" }",11.277132034301758
EXP-1808-09-01-a-i0001,5618,5641,M. le capitaine Jacobel,NIL,PER,Q3159493,Jacques Marie Anatole Le Clerc de Juigné,"{ ""wikipedia_page"": ""Jacques Marie Anatole Le Clerc de Juigné"", ""wikidata_id"": ""Q3159493"" }",7.572742938995361
EXP-1808-09-01-a-i0001,5988,5997,Colombier,Q70339,LOC,Q1011965,Colombier,,27.34648895263672
EXP-1808-09-01-a-i0001,6175,6184,Colombier,Q70339,LOC,Q1011965,Colombier,,23.422483444213867
EXP-1808-09-01-a-i0001,6284,6299,M. ne Charrière,NIL,PER,Q315020,Henri Charrière,"{ ""wikipedia_page"": ""Henri Charrière"", ""wikidata_id"": ""Q315020"" }",8.35191535949707
EXP-1808-09-01-a-i0001,6324,6333,Colombier,Q70339,LOC,Q1011965,Colombier,,22.166034698486328
EXP-1808-09-01-a-i0001,6388,6392,Bôle,Q70472,LOC,Q70472,Bôle,"{ ""wikipedia_page"": ""Bôle"", ""wikidata_id"": ""Q70472"" }",18.957168579101562
EXP-1808-09-01-a-i0001,6396,6405,Colombier,Q70339,LOC,Q1011965,Colombier,,22.838481903076172
EXP-1808-09-01-a-i0001,6504,6510,Preyla,NIL,LOC,Q721193,Péreille,"{ ""wikipedia_page"": ""Péreille"", ""wikidata_id"": ""Q721193"" }",19.19658660888672
EXP-1808-09-01-a-i0001,6557,6566,Chatenaya,NIL,LOC,Q838698,Châtenay,,22.63803482055664
EXP-1808-09-01-a-i0001,6628,6652,sieurs Jean-David Mauley,NIL,PER,NIL,sieurs Jean-David Mauley,"{ ""wikipedia_page"": ""Jean Confesse"", ""wikidata_id"": ""NIL"" }",17.516826629638672
EXP-1808-09-01-a-i0001,6657,6670,Jean Confesse,NIL,PER,Q24478688,affaire Seznec,,24.780864715576172
EXP-1808-09-01-a-i0001,6746,6761,Félix Tinembart,NIL,PER,Q453302,Fouquier-Tinville,"{ ""wikipedia_page"": ""Fouquier-Tinville"", ""wikidata_id"": ""Q453302"" }",16.392953872680664
EXP-1808-09-01-a-i0001,6906,6912,Bevaix,Q68700,LOC,Q68700,Bevaix,,32.03187561035156
EXP-1808-09-01-a-i0001,7044,7053,Neuchatel,Q69345,LOC,Q69345,Neuchâtel,,28.054710388183594
EXP-1808-09-01-a-i0001,7516,7522,Bevaix,Q68700,LOC,Q174257,Beauvais,,26.010082244873047
EXP-1808-09-01-a-i0001,7560,7583,"J. -J. PERNET, greffier",NIL,PER,Q3173905,Jean Pernet,"{ ""wikipedia_page"": ""Jean Pernet"", ""wikidata_id"": ""Q3173905"" }",14.411057472229004
EXP-1808-09-01-a-i0001,7608,7614,M. Roy,NIL,PER,NIL,M. Roy,"{ ""wikipedia_page"": ""M. Roy"", ""wikidata_id"": ""NIL"" }",12.759597778320312
EXP-1828-06-12-a-i0001,38,95,"César d'Ivernois, conseiller d'Etat et maire de Colombier",NIL,PER,Q797699,César d'Albret,"{ ""wikipedia_page"": ""César d'Ivernois"", ""wikidata_id"": ""Q797699"" }",19.552461624145508
EXP-1828-06-12-a-i0001,182,197,Samuel Huguenin,NIL,PER,Q3510132,Sébastien Huguenet I,,26.018985748291016
EXP-1828-06-12-a-i0001,340,363,deJusticeduditColombier,Q70339,LOC,Q5148001,château de Colombier,"{ ""wikipedia_page"": ""château de Colombier"", ""wikidata_id"": ""Q5148001"" }",11.500835418701172
EXP-1828-06-12-a-i0001,490,508,"F. C'LtRC, £ ffier",NIL,PER,Q1403377,franc,"{ ""wikipedia_page"": ""Franc"", ""wikidata_id"": ""Q1403377"" }",4.182758808135986
EXP-1828-06-12-a-i0001,538,556,AL Fiançois. Racle,NIL,PER,NIL,AL Fiançois. Racle,"{ ""wikipedia_page"": """", ""wikidata_id"": ""NIL"" }",14.767951011657715
EXP-1828-06-12-a-i0001,561,571,Neuveville,Q69476,LOC,Q69476,La Neuveville,"{ ""wikipedia_page"": ""La Neuveville"", ""wikidata_id"": ""Q69476"" }",19.105894088745117
EXP-1828-06-12-a-i0001,596,601,Berne,Q70,LOC,Q70,Berne,,24.8526611328125
EXP-1828-06-12-a-i0001,706,718,AlAL Millier,NIL,PER,Q2958151,Charles-Jean-Marie Alquier,"{ ""wikipedia_page"": ""Alquier"", ""wikidata_id"": ""Q2958151"" }",8.854532241821289
EXP-1828-06-12-a-i0001,720,739,Sivary père et Comp,NIL,PER,Q1964905,Jacques Savary,"{ ""wikipedia_page"": ""Jacques Savary"", ""wikidata_id"": ""Q1964905"" }",7.767489910125732
EXP-1828-06-12-a-i0001,744,752,Fribourg,Q36378,LOC,Q36378,Fribourg,"{ ""wikipedia_page"": ""Fribourg"", ""wikidata_id"": ""Q36378"" }",21.173892974853516
EXP-1828-06-12-a-i0001,756,762,Suisse,Q39,LOC,Q39,Suisse,"{ ""wikipedia_page"": ""Suisse"", ""wikidata_id"": ""Q39"" }",18.278535842895508
EXP-1828-06-12-a-i0001,972,977,Berne,Q70,LOC,Q70,Berne,,29.55694007873535
EXP-1828-06-12-a-i0001,1917,1994,"Al. le juge civil Freudo'nreich, lieutenant d'Avoyer de la Préfecture à Berne",NIL,PER,NIL,"Al. le juge civil Freudo'nreich, lieutenant d'Avoyer de la Préfecture à Berne","{ ""wikipedia_page"": ""Freudenerich"", ""wikidata_id"": ""NIL"" }",12.397363662719727
EXP-1828-06-12-a-i0001,2167,2172,Berne,Q70,LOC,Q70,Berne,,26.120615005493164
EXP-1828-06-12-a-i0001,2499,2562,"Al. Freudenreich, lieutenant d'Avoyer de la Préfecture de Berne",NIL,PER,Q55883172,Adalbert Freiherr von Schleinitz,"{ ""wikipedia_page"": ""Al. Freudenreich"", ""wikidata_id"": ""Q55883172"" }",16.411731719970703
EXP-1828-06-12-a-i0001,2566,2571,Berne,Q70,LOC,Q70,Berne,,28.23395347595215
EXP-1828-06-12-a-i0001,2620,2637,"signéKocH, avocat",NIL,PER,Q40348,avocat ou avocate,"{ ""wikipedia_page"": ""avocat ou avocate"", ""wikidata_id"": ""Q40348"" }",8.50967788696289
EXP-1828-06-12-a-i0001,4450,4462,10 Juin 1828,NIL,LOC,Q16647138,juin 1828,"{ ""wikipedia_page"": ""juin 1828"", ""wikidata_id"": ""Q16647138"" }",13.547260284423828
EXP-1828-06-12-a-i0001,4472,4546,"lesecrétairc-de-viUe et président de la Commission de santé, G .-F. GALLOT",NIL,PER,NIL,"lesecrétairc-de-viUe et président de la Commission de santé, G .-F. GALLOT","{ ""wikipedia_page"": ""G.-F. GALLOT"", ""wikidata_id"": ""NIL"" }",12.763994216918945
EXP-1828-06-12-a-i0001,4602,4656,M la grand baillive de Gingins-Chevilly née Pillichody,NIL,PER,Q18636964,Louis-Georges-François Pillichody,"{ ""wikipedia_page"": ""Louis-Georges-François Pillichody"", ""wikidata_id"": ""Q18636964"" }",10.443492889404297
EXP-1828-06-12-a-i0001,4996,5004,St. Jean,NIL,LOC,Q3462568,Saint-Jean,"{ ""wikipedia_page"": ""Saint-Jean"", ""wikidata_id"": ""Q3462568"" }",11.124079704284668
EXP-1828-06-12-a-i0001,5126,5169,"Seigneur Fischer, _giand baillif de Cerlier",NIL,PER,Q664678,Le Cellier,"{ ""wikipedia_page"": ""Le Cellier"", ""wikidata_id"": ""Q664678"" }",11.93243408203125
EXP-1828-06-12-a-i0001,5187,5207,"J- HARTMANN, notaire",NIL,PER,Q189010,notaire,"{ ""wikipedia_page"": ""notaire"", ""wikidata_id"": ""Q189010"" }",14.114540100097656
EXP-1828-06-12-a-i0001,5291,5321,AL le Comte Louis de Pourtalès,Q60107781,PER,Q2531062,Saint-Paul-lès-Dax,"{ ""wikipedia_page"": ""Saint-Paul-lès-Dax"", ""wikidata_id"": ""Q2531062"" }",10.615870475769043
EXP-1828-06-12-a-i0001,5327,5332,Ponts,Q68617,LOC,Q536477,Ponts,"{ ""wikipedia_page"": ""Ponts"", ""wikidata_id"": ""Q536477"" }",15.769864082336426
EXP-1828-06-12-a-i0001,5649,5654,Ponts,Q68617,LOC,Q752975,Les Ponts-de-Cé,"{ ""wikipedia_page"": ""Les Ponts-de-Cé"", ""wikidata_id"": ""Q752975"" }",14.189163208007812
EXP-1828-06-12-a-i0001,5697,5729,"M. de Aleuron, conseiller d'Etat",NIL,PER,NIL,"M. de Aleuron, conseiller d'Etat","{ ""wikipedia_page"": ""M. de Aleuron"", ""wikidata_id"": ""NIL"" }",13.204519271850586
EXP-1828-06-12-a-i0001,5851,5860,Auvernier,Q70385,LOC,Q70385,Auvernier,,25.088321685791016
EXP-1828-06-12-a-i0001,5932,5941,Corcelles,Q67862,LOC,Q275356,Corcelles,,27.03957748413086
EXP-1828-06-12-a-i0001,6108,6143,"Aîons d'Ivernois, conseiller d'Etat",NIL,PER,NIL,"Aîons d'Ivernois, conseiller d'Etat","{ ""wikipedia_page"": ""NIL"", ""wikidata_id"": ""NIL"" }",11.086626052856445
EXP-1828-06-12-a-i0001,6222,6232,St. Biaise,Q70424,LOC,Q70424,Saint-Blaise,"{ ""wikipedia_page"": ""Saint-Blaise"", ""wikidata_id"": ""Q70424"" }",14.960042953491211
EXP-1828-06-12-a-i0001,6291,6296,Voëns,Q70424,LOC,Q885999,Voyennes,"{ ""wikipedia_page"": ""Voëns"", ""wikidata_id"": ""Q885999"" }",13.175073623657227
EXP-1828-06-12-a-i0001,6302,6307,Enges,Q68546,LOC,Q68546,Enges,"{ ""wikipedia_page"": ""Enges"", ""wikidata_id"": ""Q68546"" }",13.305853843688965
EXP-1828-06-12-a-i0001,6524,6536,Liechtenhann,NIL,PER,Q1451459,Lichtenhain,"{ ""wikipedia_page"": ""Lichtenhain"", ""wikidata_id"": ""Q1451459"" }",12.870665550231934
EXP-1828-06-12-a-i0001,6799,6807,Valangin,Q70194,LOC,Q70194,Valangin,,24.894296646118164
EXP-1828-06-12-a-i0001,7190,7198,St. Jean,NIL,LOC,Q50037286,clinique Saint-Jean,"{ ""wikipedia_page"": ""clinique Saint-Jean"", ""wikidata_id"": ""Q50037286"" }",12.170405387878418
EXP-1828-06-12-a-i0001,7217,7226,Ostervald,NIL,PER,Q116944,Jean-Frédéric Ostervald,"{ ""wikipedia_page"": ""Jean-Frédéric Ostervald"", ""wikidata_id"": ""Q116944"" }",15.643613815307617
EXP-1828-06-12-a-i0001,7456,7461,Globe,Q7736796,PROD,Q3223120,Le Globe,"{ ""wikipedia_page"": ""Le Globe"", ""wikidata_id"": ""Q3223120"" }",16.461414337158203
EXP-1828-06-12-a-i0001,7468,7485,Revue britannique,Q28790553,PROD,Q7748054,,"{ ""wikipedia_page"": ""Revue britannique"", ""wikidata_id"": ""Q7748054"" }",20.155092239379883
EXP-1828-06-12-a-i0001,7643,7653,Arrowsmith,Q301678,PER,Q301678,Aaron Arrowsmith,"{ ""wikipedia_page"": ""Aaron Arrowsmith"", ""wikidata_id"": ""Q301678"" }",20.784286499023438
EXP-1828-06-12-a-i0001,7686,7697,B. Viguerie,Q13080819,PER,Q13080819,Bernard Viguerie,,22.899608612060547
EXP-1828-06-12-a-i0001,7735,7744,Brockhaus,Q62851,PER,Q109947,Heinrich Brockhaus,"{ ""wikipedia_page"": ""Heinrich Brockhaus"", ""wikidata_id"": ""Q109947"" }",17.983531951904297
EXP-1828-06-12-a-i0001,7795,7801,LeSage,Q267962,PER,Q267962,Alain-René Lesage,"{ ""wikipedia_page"": ""Alain-René Lesage"", ""wikidata_id"": ""Q267962"" }",19.467878341674805
EXP-1828-06-12-a-i0001,8033,8059,"Sieur Quinche, instituteur",NIL,PER,Q2251335,instituteur ou institutrice,"{ ""wikipedia_page"": ""instituteur ou institutrice"", ""wikidata_id"": ""Q2251335"" }",10.091720581054688
EXP-1828-06-12-a-i0001,8076,8092,place des Halles,NIL,LOC,Q20899815,place des Halles,"{ ""wikipedia_page"": ""place des Halles"", ""wikidata_id"": ""Q20899815"" }",17.80376625061035
EXP-1828-06-12-a-i0001,8182,8191,Neuchâtel,Q69345,LOC,Q69345,Neuchâtel,,24.360910415649414
EXP-1828-06-12-a-i0001,8197,8222,Al. le châtelain Alonvert,NIL,PER,Q2839288,Alonzo de Soto Mayor,"{ ""wikipedia_page"": ""Alonzo de Soto Mayor"", ""wikidata_id"": ""Q2839288"" }",16.558902740478516
EXP-1828-06-12-a-i0001,8314,8332,AL Jn .-Dl. Andrié,NIL,PER,Q3083535,François-Marie Andrieux,"{ ""wikipedia_page"": ""François-Marie Andrieux"", ""wikidata_id"": ""Q3083535"" }",10.104804039001465
EXP-1828-06-12-a-i0001,8370,8377,J. Dorn,NIL,PER,Q1234025,Joseph Dorn,"{ ""wikipedia_page"": ""Joseph Dorn"", ""wikidata_id"": ""Q1234025"" }",13.093084335327148
EXP-1828-06-12-a-i0001,8645,8657,grosdeNaples,Q2634,LOC,Q2634,Naples,"{ ""wikipedia_page"": ""Naples"", ""wikidata_id"": ""Q2634"" }",8.242203712463379
EXP-1828-06-12-a-i0001,8866,8874,Mulhouse,Q79815,LOC,Q79815,Mulhouse,,23.317779541015625
EXP-1828-06-12-a-i0001,9315,9320,Chine,Q29520,LOC,Q4240236,crêpe de Chine,"{ ""wikipedia_page"": ""crêpe de Chine"", ""wikidata_id"": ""Q4240236"" }",12.541954040527344
EXP-1828-06-12-a-i0001,9526,9542,Al Julie Steiner,NIL,PER,Q3498084,Steiner Leisure,"{ ""wikipedia_page"": ""Julie Steiner"", ""wikidata_id"": ""Q3498084"" }",12.767070770263672
EXP-1828-06-12-a-i0001,9753,9761,Florence,Q2044,LOC,Q2044,Florence,"{ ""wikipedia_page"": ""Florence"", ""wikidata_id"": ""Q2044"" }",17.419464111328125
EXP-1828-06-12-a-i0001,9813,9827,M veuve Benoit,NIL,PER,Q3086371,Françoise-Albine Benoist,"{ ""wikipedia_page"": ""Françoise-Albine Benoist"", ""wikidata_id"": ""Q3086371"" }",8.583057403564453
EXP-1828-06-12-a-i0001,9839,9857,Al. Aleuron-Perret,NIL,PER,NIL,Al. Aleuron-Perret,"{ ""wikipedia_page"": ""Al. Aleuron-Perret"", ""wikidata_id"": ""NIL"" }",20.607337951660156
EXP-1828-06-12-a-i0001,9876,9904,"Em. Alatthey, bottier du Roi",NIL,PER,NIL,"Em. Alatthey, bottier du Roi","{ ""wikipedia_page"": ""Em. Alatthey"", ""wikidata_id"": ""NIL"" }",14.323664665222168
EXP-1828-06-12-a-i0001,9986,9991,Paris,Q90,LOC,Q90,Paris,"{ ""wikipedia_page"": ""Paris"", ""wikidata_id"": ""Q90"" }",17.51508903503418
EXP-1828-06-12-a-i0001,10288,10310,"AI "" -Jeanrenaud-Racle",NIL,PER,NIL,"AI "" -Jeanrenaud-Racle","{ ""wikipedia_page"": ""Jeanrenaud-Racle"", ""wikidata_id"": ""NIL"" }",8.622185707092285
EXP-1828-06-12-a-i0001,10338,10342,Inde,Q668,LOC,Q668,Inde,"{ ""wikipedia_page"": ""Inde"", ""wikidata_id"": ""Q668"" }",19.760908126831055
EXP-1828-06-12-a-i0001,10367,10386,Fanchette Philippin,NIL,PER,NIL,Fanchette Philippin,"{ ""wikipedia_page"": ""Fanchette Philippin"", ""wikidata_id"": ""NIL"" }",17.38743782043457
EXP-1828-06-12-a-i0001,10550,10573,"Jean Schlatter, fermier",NIL,PER,Q3062119,exploitant ou exploitante agricole,"{ ""wikipedia_page"": ""exploitant ou exploitante agricole"", ""wikidata_id"": ""Q3062119"" }",15.844812393188477
EXP-1828-06-12-a-i0001,10577,10587,M. de Luze,NIL,PER,Q2385736,Hubert de Luze,"{ ""wikipedia_page"": ""Hubert de Luze"", ""wikidata_id"": ""Q2385736"" }",10.542684555053711
EXP-1828-06-12-a-i0001,10593,10607,Prés de _Reuse,NIL,LOC,Q3408745,Près-La-Rose,"{ ""wikipedia_page"": ""Près de Reuse"", ""wikidata_id"": ""Q3408745"" }",14.169458389282227
EXP-1828-06-12-a-i0001,10741,10755,"Marti, sellier",NIL,PER,Q25377245,solier,"{ ""wikipedia_page"": ""Soliers"", ""wikidata_id"": ""Q25377245"" }",8.710094451904297
EXP-1828-06-12-a-i0001,10792,10813,lithographie Gagnebin,NIL,ORG,Q3050958,Elie Gagnebin,"{ ""wikipedia_page"": ""Lithographie Gagnebin"", ""wikidata_id"": ""Q3050958"" }",16.20415687561035
EXP-1828-06-12-a-i0001,10859,10866,Annonay,Q238366,LOC,Q238366,Annonay,,24.4564266204834
EXP-1828-06-12-a-i0001,10962,10969,Palerme,Q2656,LOC,Q2656,Palerme,"{ ""wikipedia_page"": ""Palerme"", ""wikidata_id"": ""Q2656"" }",21.118736267089844
EXP-1828-06-12-a-i0001,10977,10989,Al Wittnauer,NIL,PER,Q8028615,Wittnauer,"{ ""wikipedia_page"": ""Al Wittnauer"", ""wikidata_id"": ""Q8028615"" }",15.603100776672363
EXP-1828-06-12-a-i0001,11016,11031,AI Wavre-Wattel,NIL,PER,NIL,AI Wavre-Wattel,"{ ""wikipedia_page"": ""Wavre-Wattel"", ""wikidata_id"": ""NIL"" }",15.709319114685059
EXP-1828-06-12-a-i0001,11110,11115,Dijon,Q7003,LOC,NIL,Dijon,"{ ""wikipedia_page"": ""vinaigre rouge et blanc de Dijon"", ""wikidata_id"": ""NIL"" }",21.8342342376709
EXP-1828-06-12-a-i0001,11481,11494,Samuel Dubois,NIL,PER,Q3483472,Sieur Dubois,,23.27880859375
EXP-1828-06-12-a-i0001,11498,11507,Colombier,Q70339,LOC,Q70339,Colombier,"{ ""wikipedia_page"": ""Colombier"", ""wikidata_id"": ""Q70339"" }",20.14711570739746
EXP-1828-06-12-a-i0001,11569,11578,Vaumarcus,Q70467,LOC,Q29786091,Château de Vaumarcus,"{ ""wikipedia_page"": ""Château de Vaumarcus"", ""wikidata_id"": ""Q29786091"" }",19.196819305419922
EXP-1828-06-12-a-i0001,11585,11608,M. Preud'homme-Favarger,NIL,PER,Q3321464,Monsieur Prudhomme,"{ ""wikipedia_page"": ""Monsieur Prud'homme"", ""wikidata_id"": ""Q3321464"" }",19.464815139770508
EXP-1828-06-12-a-i0001,12080,12100,AlAL Pettavel frères,NIL,PER,NIL,AlAL Pettavel frères,"{ ""wikipedia_page"": ""AlAL Pettavel frères"", ""wikidata_id"": ""NIL"" }",17.024555206298828
EXP-1828-06-12-a-i0001,12143,12150,Cologne,Q365,LOC,Q2863,Eau de Cologne,"{ ""wikipedia_page"": ""Eau de Cologne"", ""wikidata_id"": ""Q2863"" }",16.49615478515625
EXP-1828-06-12-a-i0001,12183,12187,Nice,Q33959,LOC,Q185163,OGC Nice,"{ ""wikipedia_page"": ""OGC Nice"", ""wikidata_id"": ""Q185163"" }",14.193401336669922
EXP-1828-06-12-a-i0001,12194,12202,Provence,Q101081,LOC,Q101081,Provence,"{ ""wikipedia_page"": ""Provence"", ""wikidata_id"": ""Q101081"" }",19.460548400878906
EXP-1828-06-12-a-i0001,12225,12232,Alaille,Q536450,ORG,Q536450,Maille,"{ ""wikipedia_page"": ""Maille"", ""wikidata_id"": ""Q536450"" }",15.919868469238281
EXP-1828-06-12-a-i0001,12245,12250,Paris,Q90,LOC,Q90,Paris,,22.36800765991211
EXP-1828-06-12-a-i0001,12338,12348,C. Steiner,NIL,PER,NIL,C. Steiner,"{ ""wikipedia_page"": ""C. Steiner"", ""wikidata_id"": ""NIL"" }",16.633281707763672
EXP-1828-06-12-a-i0001,12360,12378,AI. DeLuzc-De-Luze,NIL,PER,Q11964889,Cognac De Luze,"{ ""wikipedia_page"": ""Cognac De Luze"", ""wikidata_id"": ""Q11964889"" }",16.24680519104004
EXP-1858-05-08-a-i0001,91,119,citoyen Aug. L'Ecuyer-Pœllon,NIL,PER,NIL,citoyen Aug. L'Ecuyer-Pœllon,"{ ""wikipedia_page"": ""Jacques-Henri Favre"", ""wikidata_id"": ""NIL"" }",16.792377471923828
EXP-1858-05-08-a-i0001,183,209,citoyen Jaques-Henri Favre,NIL,PER,NIL,citoyen Jaques-Henri Favre,"{ ""wikipedia_page"": ""Jaques-Henri Favre"", ""wikidata_id"": ""Q9267958"" }",17.017993927001953
EXP-1858-05-08-a-i0001,325,334,Neuchâtel,Q69345,LOC,Q69345,Neuchâtel,,27.244739532470703
EXP-1858-05-08-a-i0001,550,555,Locle,Q64093,LOC,Q64093,Le Locle,,26.971128463745117
EXP-1858-05-08-a-i0001,587,629,"citoyen Frédéric-Auguste Mathey, pierrisle",NIL,PER,NIL,"citoyen Frédéric-Auguste Mathey, pierrisle","{ ""wikipedia_page"": ""Frédéric-Auguste Mathey"", ""wikidata_id"": ""NIL"" }",9.53104019165039
EXP-1858-05-08-a-i0001,644,649,Locle,Q64093,LOC,Q64093,Le Locle,,25.162752151489258
EXP-1858-05-08-a-i0001,725,730,Locle,Q64093,LOC,Q64093,Le Locle,,25.072433471679688
EXP-1858-05-08-a-i0001,868,873,Locle,Q64093,LOC,Q64093,Le Locle,,26.00568389892578
EXP-1858-05-08-a-i0001,1037,1042,Locle,Q64093,LOC,Q64093,Le Locle,,24.333850860595703
EXP-1858-05-08-a-i0001,1181,1186,Locle,Q64093,LOC,Q64093,Le Locle,,23.918020248413086
EXP-1858-05-08-a-i0001,1272,1314,citoyen L _' -Edouard Uuguenin-Witillcmiii,NIL,PER,NIL,citoyen L _' -Edouard Uuguenin-Witillcmiii,"{ ""wikipedia_page"": ""Louis-Edouard Hugiieiiin-Wuilleiiii'fî"", ""wikidata_id"": ""NIL"" }",13.864368438720703
EXP-1858-05-08-a-i0001,1319,1324,Locle,Q64093,LOC,Q64093,Le Locle,,26.049747467041016
EXP-1858-05-08-a-i0001,1363,1368,Locle,Q64093,LOC,Q64093,Le Locle,,25.764846801757812
EXP-1858-05-08-a-i0001,1382,1398,Charles-Frédéric,NIL,PER,Q1065442,Charles Friderich,"{ ""wikipedia_page"": ""Charles Friderich"", ""wikidata_id"": ""Q1065442"" }",12.95925235748291
EXP-1858-05-08-a-i0001,1541,1546,Locle,Q64093,LOC,Q64093,Le Locle,,28.020549774169922
EXP-1858-05-08-a-i0001,1720,1766,citoyen Louis-Edouard Hugiieiiin-Wuilleiiii'fî,NIL,PER,NIL,citoyen Louis-Edouard Hugiieiiin-Wuilleiiii'fî,"{ ""wikipedia_page"": ""Louis-Edouard Hugiieiiin-Wuilleiiii'fî"", ""wikidata_id"": ""NIL"" }",13.110902786254883
EXP-1858-05-08-a-i0001,1902,1907,Locle,Q64093,LOC,Q64093,Le Locle,,28.0207462310791
EXP-1858-05-08-a-i0001,2130,2135,Locle,Q64093,LOC,Q64093,Le Locle,,23.7226619720459
EXP-1858-05-08-a-i0001,2221,2252,citoyen Jules relet-Courvoisicr,NIL,PER,NIL,citoyen Jules relet-Courvoisicr,"{ ""wikipedia_page"": ""Philibert Perrelet"", ""wikidata_id"": ""NIL"" }",11.835223197937012
EXP-1858-05-08-a-i0001,2259,2264,Locle,Q64093,LOC,Q64093,Le Locle,,24.46117401123047
EXP-1858-05-08-a-i0001,2278,2321,"Philibert Pcrrelet, marchand de fournitures",NIL,PER,Q116776,Abraham Louis Perrelet,"{ ""wikipedia_page"": ""Abraham Louis Perrelet"", ""wikidata_id"": ""Q116776"" }",17.684795379638672
EXP-1858-05-08-a-i0001,2336,2341,Locle,Q64093,LOC,Q64093,Le Locle,,27.53668212890625
EXP-1858-05-08-a-i0001,2484,2489,Locle,Q64093,LOC,Q64093,Le Locle,,28.96321678161621
EXP-1858-05-08-a-i0001,2663,2697,ciloyen Jules Perrelet-Courvoisicr,NIL,PER,NIL,ciloyen Jules Perrelet-Courvoisicr,"{ ""wikipedia_page"": ""Philibert Perrelet"", ""wikidata_id"": ""NIL"" }",13.24502182006836
EXP-1858-05-08-a-i0001,2832,2837,Locle,Q64093,LOC,Q64093,Le Locle,,27.847381591796875
EXP-1858-05-08-a-i0001,3052,3069,la Chaux-de-Fonds,Q68124,LOC,Q68124,La Chaux-de-Fonds,,31.63059425354004
EXP-1858-05-08-a-i0001,3148,3188,"citoyen Charles Bastide, ancien coiffeur",NIL,PER,Q55187,coiffeur ou coiffeuse,"{ ""wikipedia_page"": ""coiffeur ou coiffeuse"", ""wikidata_id"": ""Q55187"" }",11.891413688659668
EXP-1858-05-08-a-i0001,3311,3330,citoyen Ch. Bastide,NIL,PER,Q15973537,Louis-Barthélémy Bastide,"{ ""wikipedia_page"": ""Louis-Barthélémy Bastide"", ""wikidata_id"": ""Q15973537"" }",14.875426292419434
EXP-1858-05-08-a-i0001,3425,3442,la Chaux-de-Fonds,Q68124,LOC,Q68124,La Chaux-de-Fonds,,27.89484977722168
EXP-1858-05-08-a-i0001,3669,3677,de-Fonds,Q68124,LOC,Q68124,La Chaux-de-Fonds,"{ ""wikipedia_page"": ""La Chaux-de-Fonds"", ""wikidata_id"": ""Q68124"" }",19.615856170654297
EXP-1858-05-08-a-i0001,3850,3864,Chaux-de-Fonds,Q68124,LOC,Q68124,La Chaux-de-Fonds,,27.176551818847656
EXP-1858-05-08-a-i0001,3921,3949,"citoyen Simon Fournier, chef",NIL,PER,Q215627,personne,"{ ""wikipedia_page"": ""personne"", ""wikidata_id"": ""Q215627"" }",9.56714153289795
EXP-1858-05-08-a-i0001,3979,3993,Chaux-de-Fonds,Q68124,LOC,Q68124,La Chaux-de-Fonds,,25.8674259185791
EXP-1858-05-08-a-i0001,4072,4080,Fournier,NIL,PER,Q21494576,Fournier,,22.172271728515625
EXP-1858-05-08-a-i0001,4167,4184,la Chaux-de-Fonds,Q68124,LOC,Q68124,La Chaux-de-Fonds,,24.225135803222656
EXP-1858-05-08-a-i0001,4354,4371,la Chaux-de-Fonds,Q68124,LOC,Q68124,La Chaux-de-Fonds,,28.424148559570312
EXP-1858-05-08-a-i0001,4560,4606,"ci-| toyen Henri-François Duvanel _, négociant",NIL,PER,Q966434,Jacques Vincent de Gournay,"{ ""wikipedia_page"": ""négociant"", ""wikidata_id"": ""Q966434"" }",7.276003837585449
EXP-1858-05-08-a-i0001,4612,4624,Brot-Dessous,Q70522,LOC,Q70522,Brot-Dessous,"{ ""wikipedia_page"": ""Brot-Dessous"", ""wikidata_id"": ""Q70522"" }",17.346994400024414
EXP-1858-05-08-a-i0001,4736,4742,Boudry,Q69507,LOC,Q69507,Boudry,,29.32759666442871
EXP-1858-05-08-a-i0001,4972,5002,i toyen Henri-François Duvanel,NIL,PER,Q21055128,Henri Duvanel,"{ ""wikipedia_page"": ""Henri Duvanel"", ""wikidata_id"": ""Q21055128"" }",12.068942070007324
EXP-1868-04-22-a-i0042,15,30,Grande-Bretagne,Q145,LOC,Q23666,Grande-Bretagne,,25.114778518676758
EXP-1868-04-22-a-i0042,33,88,"Sir Strafford Norlhcole, secrétaire d'Elat des colonies",Q332650,PER,Q332650,Stafford Northcote,"{ ""wikipedia_page"": ""Stafford Northcote"", ""wikidata_id"": ""Q332650"" }",12.600323677062988
EXP-1868-04-22-a-i0042,100,117,sir Robert Napier,Q336474,PER,Q336474,Robert Napier,"{ ""wikipedia_page"": ""Robert Napier"", ""wikidata_id"": ""Q336474"" }",20.53007698059082
EXP-1868-04-22-a-i0042,299,346,"général Slaveley, commandant la seconde colonne",Q5082648,PER,Q7528077,John Slade,"{ ""wikipedia_page"": ""John Slade"", ""wikidata_id"": ""Q7528077"" }",13.12720012664795
EXP-1868-04-22-a-i0042,531,538,Magdala,Q2279371,LOC,Q4880851,Magdala,"{ ""wikipedia_page"": ""Magdala"", ""wikidata_id"": ""Q4880851"" }",15.459587097167969
EXP-1868-04-22-a-i0042,560,573,colonel Payre,NIL,PER,NIL,colonel Payre,"{ ""wikipedia_page"": ""Paul Payre"", ""wikidata_id"": ""NIL"" }",15.835392951965332
EXP-1868-04-22-a-i0042,623,631,Thédoros,NIL,PER,Q2418786,Théodoros fils de Séleucos,"{ ""wikipedia_page"": ""Théodoros fils de Séleucos"", ""wikidata_id"": ""Q2418786"" }",14.722734451293945
EXP-1868-04-22-a-i0042,647,654,Magdala,Q2279371,LOC,Q4880851,Magdala,"{ ""wikipedia_page"": ""Magdala"", ""wikidata_id"": ""Q4880851"" }",15.154547691345215
EXP-1868-04-22-a-i0042,799,807,àSalford,Q1142118,LOC,Q1142118,cité de Salford,"{ ""wikipedia_page"": ""cité de Salford"", ""wikidata_id"": ""Q1142118"" }",12.395252227783203
EXP-1868-04-22-a-i0042,940,948,M Pocbin,NIL,PER,Q3185501,Joseph Pochon,"{ ""wikipedia_page"": ""Joseph Pochon"", ""wikidata_id"": ""Q3185501"" }",12.226299285888672
EXP-1868-04-22-a-i0042,968,975,Salford,Q1142118,LOC,Q47952,Salford,"{ ""wikipedia_page"": ""Salford"", ""wikidata_id"": ""Q47952"" }",21.19684600830078
EXP-1868-04-22-a-i0042,1003,1009,France,Q142,LOC,Q142,France,"{ ""wikipedia_page"": ""France"", ""wikidata_id"": ""Q142"" }",19.915027618408203
EXP-1868-04-22-a-i0042,1132,1139,Hérault,Q12545,LOC,Q12545,Hérault,,27.930484771728516
EXP-1868-04-22-a-i0042,1146,1160,Montagne-Noire,Q1509963,LOC,Q1509963,Montagne Noire,,22.136783599853516
EXP-1868-04-22-a-i0042,1191,1198,Avignon,Q6397,LOC,Q6397,Avignon,,30.23342514038086
EXP-1868-04-22-a-i0042,1284,1299,vallée du Rhône,Q2747791,LOC,Q602,Rhône,,23.21628761291504
EXP-1868-04-22-a-i0042,1332,1340,Provence,Q101081,LOC,Q101081,Provence,,23.1575984954834
EXP-1868-04-22-a-i0042,1347,1360,Bas-Languedoc,Q809717,LOC,Q809717,,,26.75316047668457
EXP-1868-04-22-a-i0042,1511,1516,Berne,Q11911,LOC,Q70,Berne,"{ ""wikipedia_page"": ""Berne"", ""wikidata_id"": ""Q70"" }",21.623220443725586
EXP-1868-04-22-a-i0042,1679,1685,Valais,Q834,LOC,Q834,canton du Valais,"{ ""wikipedia_page"": ""canton du Valais"", ""wikidata_id"": ""Q834"" }",17.978801727294922
EXP-1868-04-22-a-i0042,1771,1782,Haul-Valaîs,Q3128417,LOC,Q3128417,Haut-Valais,"{ ""wikipedia_page"": ""Haut-Valais"", ""wikidata_id"": ""Q3128417"" }",16.370420455932617
EXP-1868-04-22-a-i0042,1793,1797,Sion,Q68136,LOC,Q68136,Sion,"{ ""wikipedia_page"": ""Sion"", ""wikidata_id"": ""Q68136"" }",18.88836669921875
EXP-1868-04-22-a-i0042,1805,1813,Amérique,Q828,LOC,Q828,Amérique,"{ ""wikipedia_page"": ""Amérique"", ""wikidata_id"": ""Q828"" }",16.678844451904297
EXP-1868-04-22-a-i0042,1975,1987,Buénos-Ayrcs,Q1486,LOC,Q1486,Buenos Aires,"{ ""wikipedia_page"": ""Buenos Aires"", ""wikidata_id"": ""Q1486"" }",15.730308532714844
EXP-1868-04-22-a-i0042,1993,2003,Montevideo,Q1335,LOC,Q1335,Montevideo,,25.547346115112305
EXP-1868-04-22-a-i0042,2046,2061,Amérique du Sud,Q18,LOC,Q18,Amérique du Sud,,23.541778564453125
EXP-1868-04-22-a-i0042,2134,2143,NEUCHATEL,Q69345,LOC,Q69345,Neuchâtel,"{ ""wikipedia_page"": ""Neuchâtel"", ""wikidata_id"": ""Q69345"" }",7.8083600997924805
EXP-1868-04-22-a-i0042,2266,2281,VUnion libérale,NIL,PROD,Q3047755,Union libérale,"{ ""wikipedia_page"": ""Union libérale"", ""wikidata_id"": ""Q3047755"" }",9.869513511657715
EXP-1868-04-22-a-i0042,2937,2959,M. le professeur Desor,NIL,PER,Q84445,Pierre Jean Édouard Desor,"{ ""wikipedia_page"": ""Pierre Jean Édouard Desor"", ""wikidata_id"": ""Q84445"" }",11.374547004699707
EXP-1868-04-22-a-i0042,3050,3096,"M. Angus ! e Quartier-La Tente, démissionnaire",NIL,PER,Q29919702,Jules Angot des Rotours,"{ ""wikipedia_page"": ""Jules Angot des Rotours"", ""wikidata_id"": ""Q29919702"" }",10.482263565063477
EXP-1868-04-22-a-i0042,3120,3136,l'Union libérale,NIL,PROD,Q17172636,Union libérale,"{ ""wikipedia_page"": ""Union libérale"", ""wikidata_id"": ""Q17172636"" }",14.42605972290039
EXP-1868-04-22-a-i0042,3450,3472,district du Val-de-Ruz,Q661256,LOC,Q661256,district du Val-de-Ruz,"{ ""wikipedia_page"": ""district du Val-de-Ruz"", ""wikidata_id"": ""Q661256"" }",20.358150482177734
EXP-1868-04-22-a-i0042,3527,3540,Fontainemelon,Q68544,LOC,Q68544,Fontainemelon,,29.13672637939453
EXP-1868-04-22-a-i0042,3906,3919,Fontainemclon,Q68544,LOC,Q1163953,Fontaine-Milon,,23.74382781982422
EXP-1868-04-22-a-i0042,4061,4067,Areuse,Q111680,LOC,Q111680,Areuse,,27.261018753051758
EXP-1868-04-22-a-i0042,4077,4084,Môliers,NIL,LOC,Q184883,Moulins,,25.363609313964844
EXP-1868-04-22-a-i0042,4101,4108,jeune R,NIL,PER,Q3031,fille,"{ ""wikipedia_page"": ""fille"", ""wikidata_id"": ""Q3031"" }",6.315990447998047
EXP-1868-04-22-a-i0042,4364,4370,Areuse,Q111680,LOC,Q111680,Areuse,"{ ""wikipedia_page"": ""Areuse"", ""wikidata_id"": ""Q111680"" }",18.20747947692871
EXP-1878-02-14-a-i0050,21,25,ROME,Q220,LOC,Q220,Rome,"{ ""wikipedia_page"": ""Rome"", ""wikidata_id"": ""Q220"" }",18.792821884155273
EXP-1878-02-14-a-i0050,29,35,Pie IX,Q43720,PER,Q43720,Pie IX,,29.378997802734375
EXP-1878-02-14-a-i0050,67,76,St-Pierre,Q12512,LOC,Q185678,Saint-Pierre,"{ ""wikipedia_page"": ""Saint-Pierre"", ""wikidata_id"": ""Q185678"" }",21.9829044342041
EXP-1878-02-14-a-i0050,1227,1231,ROKE,Q220,LOC,Q152457,Roch,"{ ""wikipedia_page"": ""Roch"", ""wikidata_id"": ""Q152457"" }",6.62928581237793
EXP-1878-02-14-a-i0050,1250,1281,"eardinai-eamerlingue, Mgr Pecei",Q43922,PER,NIL,"eardinai-eamerlingue, Mgr Pecei","{ ""wikipedia_page"": ""Pius IX"", ""wikidata_id"": ""Q142"" }",12.250190734863281
EXP-1878-02-14-a-i0050,1348,1352,Rome,Q220,LOC,Q220,Rome,,22.217744827270508
EXP-1878-02-14-a-i0050,1406,1417,Saint-Siège,Q159583,ORG,Q159583,Saint-Siège,,25.568601608276367
EXP-1878-02-14-a-i0050,1507,1516,St-Pierre,Q12512,LOC,Q12512,basilique Saint-Pierre,,24.938756942749023
EXP-1878-02-14-a-i0050,1561,1568,Vatican,Q237,LOC,Q237,Vatican,,22.8527774810791
EXP-1878-02-14-a-i0050,1649,1655,Pie IX,Q43720,PER,Q43720,Pie IX,,30.615703582763672
EXP-1878-02-14-a-i0050,1707,1711,ROME,Q220,LOC,Q220,Rome,,24.5223445892334
EXP-1878-02-14-a-i0050,1824,1828,Rome,Q220,LOC,Q220,Rome,,23.12076759338379
EXP-1878-02-14-a-i0050,2059,2075,chapelle Sixtine,Q2943,LOC,Q2943,chapelle Sixtine,,31.379772186279297
EXP-1878-02-14-a-i0050,2077,2084,LONDRES,Q84,LOC,Q84,Londres,,25.439233779907227
EXP-1878-02-14-a-i0050,2169,2183,Constantinople,Q16869,LOC,Q16869,Constantinople,,26.758094787597656
EXP-1878-02-14-a-i0050,2201,2208,Turquie,Q43,LOC,Q43,Turquie,"{ ""wikipedia_page"": ""Turquie"", ""wikidata_id"": ""Q43"" }",19.59908103942871
EXP-1878-02-14-a-i0050,2299,2313,Constantinople,Q16869,LOC,Q16869,Constantinople,,25.956167221069336
EXP-1878-02-14-a-i0050,2318,2330,Morning-Post,Q1750567,PROD,Q1750567,Morning Post,"{ ""wikipedia_page"": ""Morning Post"", ""wikidata_id"": ""Q1750567"" }",21.491249084472656
EXP-1878-02-14-a-i0050,2342,2348,Berlin,Q64,LOC,Q64,Berlin,"{ ""wikipedia_page"": ""Berlin"", ""wikidata_id"": ""Q64"" }",20.847864151000977
EXP-1878-02-14-a-i0050,2355,2373,empereur Guillaume,Q150652,PER,Q2677,Guillaume II,"{ ""wikipedia_page"": ""Guillaume II"", ""wikidata_id"": ""Q2677"" }",20.5689754486084
EXP-1878-02-14-a-i0050,2402,2411,Reichstag,Q160208,ORG,Q160208,Reichstag,"{ ""wikipedia_page"": ""Reichstag"", ""wikidata_id"": ""Q160208"" }",21.587121963500977
EXP-1878-02-14-a-i0050,2661,2675,Constantinople,Q16869,LOC,Q16869,Constantinople,,25.13975715637207
EXP-1878-02-14-a-i0050,2680,2688,Standard,Q666494,PROD,Q19874294,Le standard,"{ ""wikipedia_page"": ""Le standard"", ""wikidata_id"": ""Q19874294"" }",11.527095794677734
EXP-1878-02-14-a-i0050,2699,2705,Russie,Q34266,LOC,Q159,Russie,"{ ""wikipedia_page"": ""Russie"", ""wikidata_id"": ""Q159"" }",19.016611099243164
EXP-1878-02-14-a-i0050,2712,2719,Turquie,Q43,LOC,Q43,Turquie,"{ ""wikipedia_page"": ""Turquie"", ""wikidata_id"": ""Q43"" }",20.658605575561523
EXP-1878-02-14-a-i0050,2831,2837,Manche,Q34640,LOC,Q34640,Manche,,23.360580444335938
EXP-1878-02-14-a-i0050,2865,2874,Gibraltar,Q1410,LOC,Q1410,Gibraltar,,25.83039093017578
EXP-1878-02-14-a-i0050,2919,2923,POLA,NIL,LOC,Q4656,Pula,"{ ""wikipedia_page"": ""Pula"", ""wikidata_id"": ""Q4656"" }",13.079530715942383
EXP-1878-02-14-a-i0050,3004,3010,Levant,Q81483,LOC,Q81483,Levant,"{ ""wikipedia_page"": ""Levant"", ""wikidata_id"": ""Q81483"" }",17.40966796875
EXP-1878-02-14-a-i0050,3064,3083,contre-amiral Barry,NIL,PER,Q7341900,Robert Barrie,"{ ""wikipedia_page"": ""Robert Barrie"", ""wikidata_id"": ""Q7341900"" }",17.829843521118164
EXP-1878-02-14-a-i0050,3116,3130,ST-PéTEESBODEG,Q656,LOC,Q656,Saint-Pétersbourg,"{ ""wikipedia_page"": ""Saint-Pétersbourg"", ""wikidata_id"": ""Q656"" }",12.505277633666992
EXP-1878-02-14-a-i0050,3149,3168,prince Gortschakoff,Q327020,PER,Q327020,Alexandre Gortchakov,,24.85418128967285
EXP-1878-02-14-a-i0050,3204,3210,Berlin,Q64,LOC,Q64,Berlin,"{ ""wikipedia_page"": ""Berlin"", ""wikidata_id"": ""Q64"" }",18.19536590576172
EXP-1878-02-14-a-i0050,3212,3218,Vienne,Q1741,LOC,Q1741,Vienne,,22.645036697387695
EXP-1878-02-14-a-i0050,3220,3227,Londres,Q84,LOC,Q84,Londres,"{ ""wikipedia_page"": ""Londres"", ""wikidata_id"": ""Q84"" }",22.00461196899414
EXP-1878-02-14-a-i0050,3229,3234,Paris,Q90,LOC,Q90,Paris,"{ ""wikipedia_page"": ""Paris"", ""wikidata_id"": ""Q90"" }",18.20618438720703
EXP-1878-02-14-a-i0050,3238,3242,Rome,Q220,LOC,Q18712931,ambassade du Royaume-Uni en Italie,"{ ""wikipedia_page"": ""ambassade du Royaume-Uni en Italie"", ""wikidata_id"": ""Q18712931"" }",12.79440689086914
EXP-1878-02-14-a-i0050,3368,3382,Constantinople,Q16869,LOC,Q16869,Constantinople,,25.81482696533203
EXP-1878-02-14-a-i0050,3695,3709,Constantinople,Q16869,LOC,Q16869,Constantinople,,24.092004776000977
EXP-1878-02-14-a-i0050,3915,3929,Constantinople,Q16869,LOC,Q16869,Constantinople,,22.930452346801758
EXP-1878-02-14-a-i0050,4053,4070,grand duc Nicolas,Q160869,PER,Q130734,Nicolas Ier de Russie,"{ ""wikipedia_page"": ""Nicolas Ier de Russie"", ""wikidata_id"": ""Q130734"" }",17.73299217224121
EXP-1918-09-10-a-i0035,0,6,SUISSE,Q39,LOC,Q39,Suisse,"{ ""wikipedia_page"": ""Suisse"", ""wikidata_id"": ""Q39"" }",9.661088943481445
EXP-1918-09-10-a-i0035,234,251,canton de Schwytz,Q12433,LOC,Q12433,canton de Schwytz,,30.642745971679688
EXP-1918-09-10-a-i0035,531,537,Suisse,Q39,LOC,Q39,Suisse,,23.207263946533203
EXP-1918-09-10-a-i0035,668,677,Allemagne,Q183,LOC,Q41304,république de Weimar,"{ ""wikipedia_page"": ""république de Weimar"", ""wikidata_id"": ""Q41304"" }",13.217127799987793
EXP-1918-09-10-a-i0035,736,742,Suisse,Q39,LOC,Q39,Suisse,"{ ""wikipedia_page"": ""Suisse"", ""wikidata_id"": ""Q39"" }",20.116132736206055
EXP-1918-09-10-a-i0035,1534,1539,Berne,Q70,LOC,Q70,Berne,"{ ""wikipedia_page"": ""Berne"", ""wikidata_id"": ""Q70"" }",13.59479808807373
EXP-1918-09-10-a-i0035,1666,1689,Lo Journal des Hellènes,NIL,PROD,Q2166804,The Journal of Hellenic Studies,"{ ""wikipedia_page"": ""The Journal of Hellenic Studies"", ""wikidata_id"": ""Q2166804"" }",17.793107986450195
EXP-1918-09-10-a-i0035,1827,1840,Echo de Grèce,NIL,PROD,Q47781619,,"{ ""wikipedia_page"": ""Echo de Grèce"", ""wikidata_id"": ""Q47781619"" }",16.776111602783203
EXP-1918-09-10-a-i0035,2289,2305,Conseil National,Q676078,ORG,Q676078,Conseil national,,24.663129806518555
EXP-1918-09-10-a-i0035,2312,2327,Conseil fédéral,Q30917,ORG,Q30917,Conseil fédéral,,27.809646606445312
EXP-1918-09-10-a-i0035,2453,2469,Conseil national,Q676078,ORG,Q676078,Conseil national,,26.909889221191406
EXP-1918-09-10-a-i0035,2481,2492,Jnnod-Bloch,Q3188436,PER,Q949281,Jean-Richard Bloch,"{ ""wikipedia_page"": ""Jean-Richard Bloch"", ""wikidata_id"": ""Q949281"" }",17.890966415405273
EXP-1918-09-10-a-i0035,2499,2514,__ etall ___. —,NIL,ORG,NIL,__ etall ___. —,"{ ""wikipedia_page"": ""Affaire Jules Bloch"", ""wikidata_id"": ""NIL"" }",4.941076278686523
EXP-1918-09-10-a-i0035,2537,2543,Suisse,NIL,PROD,Q1150379,La Suisse,"{ ""wikipedia_page"": ""La Suisse"", ""wikidata_id"": ""Q1150379"" }",17.946578979492188
EXP-1918-09-10-a-i0035,2550,2556,Genève,Q71,LOC,Q71,Genève,,23.542665481567383
EXP-1918-09-10-a-i0035,2629,2640,Jules Bloch,Q3188436,PER,Q3188436,Jules Bloch,,27.779747009277344
EXP-1918-09-10-a-i0035,2732,2739,Entente,NIL,ORG,Q464399,entente cordiale,"{ ""wikipedia_page"": ""Entente cordiale"", ""wikidata_id"": ""Q464399"" }",12.194342613220215
EXP-1918-09-10-a-i0035,2803,2812,Allemagne,Q183,LOC,Q183,Allemagne,"{ ""wikipedia_page"": ""Allemagne"", ""wikidata_id"": ""Q183"" }",16.254337310791016
EXP-1918-09-10-a-i0035,2957,3001,"Metallum, société anonyme avec siège à Berne",NIL,ORG,Q3565061,Waffenfabrik Bern,"{ ""wikipedia_page"": ""Waffenfabrik Bern"", ""wikidata_id"": ""Q3565061"" }",15.369359970092773
EXP-1918-09-10-a-i0035,3067,3075,A. E. G.,Q158276,ORG,Q158276,Allgemeine Elektricitäts-Gesellschaft,"{ ""wikipedia_page"": ""Allgemeine Elektricitäts-Gesellschaft"", ""wikidata_id"": ""Q158276"" }",13.34813117980957
EXP-1918-09-10-a-i0035,3079,3085,Berlin,Q31910791,LOC,NIL,Berlin,"{ ""wikipedia_page"": ""A. E. G."", ""wikidata_id"": ""NIL"" }",21.56837272644043
EXP-1918-09-10-a-i0035,3256,3267,Jules Bloch,Q3188436,PER,Q3188436,Jules Bloch,,31.000024795532227
EXP-1918-09-10-a-i0035,3361,3369,Metallum,NIL,ORG,NIL,Metallum,"{ ""wikipedia_page"": ""Metallum"", ""wikidata_id"": ""NIL"" }",14.071748733520508
EXP-1918-09-10-a-i0035,3678,3688,outre-Rhin,NIL,LOC,Q663546,Rhin Supérieur,"{ ""wikipedia_page"": ""Rhin Supérieur"", ""wikidata_id"": ""Q663546"" }",11.444395065307617
EXP-1918-09-10-a-i0035,3762,3776,M. de Rathenau,Q135645,PER,Q135645,Walther Rathenau,"{ ""wikipedia_page"": ""Walther Rathenau"", ""wikidata_id"": ""Q135645"" }",20.51226043701172
EXP-1918-09-10-a-i0035,3852,3860,Metallum,NIL,ORG,NIL,Metallum,"{ ""wikipedia_page"": ""Metallum"", ""wikidata_id"": ""NIL"" }",13.77224063873291
EXP-1918-09-10-a-i0035,3877,3890,M. Schulthess,Q118243,PER,Q118243,Edmund Schulthess,,22.484725952148438
EXP-1918-09-10-a-i0035,3930,3939,Démocrate,NIL,PROD,Q3222534,Le Démocrate,"{ ""wikipedia_page"": ""Le Démocrate"", ""wikidata_id"": ""Q3222534"" }",16.05230140686035
EXP-1918-09-10-a-i0035,3992,3997,Bloch,Q3188436,PER,Q156585,Marc Bloch,"{ ""wikipedia_page"": ""Marc Bloch"", ""wikidata_id"": ""Q156585"" }",18.259220123291016
EXP-1918-09-10-a-i0035,4118,4132,M. Jules Bloch,Q3188436,PER,Q3188436,Jules Bloch,"{ ""wikipedia_page"": ""Jules Bloch"", ""wikidata_id"": ""Q3188436"" }",21.051189422607422
EXP-1918-09-10-a-i0035,4179,4187,M. Bloch,Q3188436,PER,NIL,M. Bloch,"{ ""wikipedia_page"": ""Jules Bloch"", ""wikidata_id"": ""NIL"" }",19.743844985961914
EXP-1918-09-10-a-i0035,4417,4487,"M. Achille Rossé, ancien employé du département de l'économie publique",NIL,PER,NIL,"M. Achille Rossé, ancien employé du département de l'économie publique","{ ""wikipedia_page"": ""Achille Rossé"", ""wikidata_id"": ""NIL"" }",17.070026397705078
EXP-1918-09-10-a-i0035,4503,4511,M. Bloch,Q3188436,PER,Q156585,Marc Bloch,,24.52602767944336
EXP-1918-09-10-a-i0035,4590,4598,C. F. F.,Q83835,ORG,Q83835,Chemins de fer fédéraux suisses,"{ ""wikipedia_page"": ""Chemins de fer fédéraux suisses"", ""wikidata_id"": ""Q83835"" }",18.132230758666992
EXP-1918-09-10-a-i0035,4633,4641,C. F. F.,Q83835,ORG,Q83835,Chemins de fer fédéraux suisses,,25.791522979736328
EXP-1918-09-10-a-i0035,4782,4797,Conseil fédéral,Q30917,ORG,Q30917,Conseil fédéral,,31.14240837097168
EXP-1918-09-10-a-i0035,4872,4880,C. F. F.,Q83835,ORG,Q83835,Chemins de fer fédéraux suisses,,25.259326934814453
EXP-1918-09-10-a-i0035,4987,4993,Suisse,Q39,LOC,Q39,Suisse,,22.023908615112305
EXP-1918-09-10-a-i0035,5500,5508,Germanie,Q183,LOC,Q183,Allemagne,"{ ""wikipedia_page"": ""Allemagne"", ""wikidata_id"": ""Q183"" }",18.02177619934082
EXP-1918-09-10-a-i0035,5544,5554,Decauville,Q240681,ORG,Q240681,Decauville,"{ ""wikipedia_page"": ""Decauville"", ""wikidata_id"": ""Q240681"" }",15.304821968078613
EXP-1918-09-10-a-i0035,5908,5918,Decauville,Q240681,ORG,Q240681,Decauville,"{ ""wikipedia_page"": ""Decauville"", ""wikidata_id"": ""Q240681"" }",19.039531707763672
EXP-1918-09-10-a-i0035,5925,5931,Suisse,Q39,LOC,Q39,Suisse,"{ ""wikipedia_page"": ""Suisse"", ""wikidata_id"": ""Q39"" }",17.854265213012695
EXP-1918-09-10-a-i0035,6459,6468,Allemagne,Q183,LOC,Q183,Allemagne,"{ ""wikipedia_page"": ""Allemagne"", ""wikidata_id"": ""Q183"" }",18.09822654724121
EXP-1918-09-10-a-i0035,6471,6482,Schaffhouse,Q9009,LOC,Q9009,Schaffhouse,,30.70684051513672
EXP-1918-09-10-a-i0035,6827,6832,BERNE,Q70,LOC,Q70,Berne,,29.39495086669922
EXP-1918-09-10-a-i0035,7056,7062,VALAIS,Q834,LOC,Q834,canton du Valais,"{ ""wikipedia_page"": ""canton du Valais"", ""wikidata_id"": ""Q834"" }",21.168132781982422
EXP-1918-09-10-a-i0035,7146,7153,Monthey,Q64051,LOC,Q64051,Monthey,,23.372507095336914
EXP-1918-09-10-a-i0035,7159,7178,quatre frères Comte,NIL,PER,NIL,quatre frères Comte,"{ ""wikipedia_page"": ""frères Comte"", ""wikidata_id"": ""NIL"" }",9.292706489562988
EXP-1918-09-10-a-i0035,7444,7452,FRIBOURG,Q25621447,LOC,Q36378,Fribourg,,27.07772445678711
EXP-1918-09-10-a-i0035,7543,7548,Bulle,Q68308,LOC,Q68308,Bulle,,28.854427337646484
EXP-1918-09-10-a-i0035,7705,7712,Liberté,NIL,PROD,Q1303632,La Liberté,"{ ""wikipedia_page"": ""La Liberté"", ""wikidata_id"": ""Q1303632"" }",8.291935920715332
EXP-1918-09-10-a-i0035,8067,8090,"Mme veuve Gremaud, Riaz",NIL,PER,NIL,"Mme veuve Gremaud, Riaz","{ ""wikipedia_page"": ""Riaz"", ""wikidata_id"": ""NIL"" }",15.195403099060059
EXP-1918-09-10-a-i0035,8190,8197,Hongrie,Q28,LOC,Q28513,Autriche-Hongrie,"{ ""wikipedia_page"": ""Autriche-Hongrie"", ""wikidata_id"": ""Q28513"" }",14.467551231384277
EXP-1918-09-10-a-i0035,8389,8415,"M. Musy, conseiller d'Etat",Q674180,PER,Q674180,Jean-Marie Musy,"{ ""wikipedia_page"": ""Jean-Marie Musy"", ""wikidata_id"": ""Q674180"" }",15.25015640258789
EXP-1918-09-10-a-i0035,8540,8546,GENÈVE,Q71,LOC,Q71,Genève,,27.060396194458008
EXP-1918-09-10-a-i0035,8617,8632,M. Ad. Lachenal,Q377118,PER,Q377118,Adrien Lachenal,,24.92105484008789
EXP-1918-09-10-a-i0035,8634,8685,"M. Henri Fazy, président du Conseil d'Etat genevois",Q3131072,PER,NIL,"M. Henri Fazy, président du Conseil d'Etat genevois","{ ""wikipedia_page"": ""Henri Fazy"", ""wikidata_id"": ""Q314059"" }",17.717323303222656
EXP-1918-09-10-a-i0035,8724,8750,"M. Willemin, jeune radical",NIL,PER,Q78075287,Jacques Louis Willemin,"{ ""wikipedia_page"": ""Jacques Louis Willemin"", ""wikidata_id"": ""Q78075287"" }",15.560140609741211
EXP-1918-09-10-a-i0035,8881,8908,réfractaire turc nommé Seni,NIL,PER,Q65160041,Réfractaire à l'armée,"{ ""wikipedia_page"": ""Réfractaire à l'armée"", ""wikidata_id"": ""Q65160041"" }",9.830301284790039
EXP-1918-09-10-a-i0035,8915,8949,déserteur français nommé Pétermann,NIL,PER,Q48760289,déserteur au cours de la Première Guerre mondiale en France,"{ ""wikipedia_page"": ""déserteur au cours de la Première Guerre mondiale en France"", ""wikidata_id"": ""Q48760289"" }",13.57472038269043
EXP-1918-09-10-a-i0035,9067,9073,Genève,Q71,LOC,Q71,Genève,,24.971099853515625
EXP-1918-12-13-a-i0061,78,83,Berne,Q70,LOC,Q70,Berne,"{ ""wikipedia_page"": ""Berne"", ""wikidata_id"": ""Q70"" }",20.699567794799805
EXP-1918-12-13-a-i0061,91,103,Zurcher Post,NIL,ORG,Q614803,La Poste suisse,"{ ""wikipedia_page"": ""La Poste suisse"", ""wikidata_id"": ""Q614803"" }",11.852686882019043
EXP-1918-12-13-a-i0061,111,126,Conseil fédéral,Q30917,ORG,Q30917,Conseil fédéral,,24.536279678344727
EXP-1918-12-13-a-i0061,144,162,Chambres fédérales,Q684719,ORG,Q517449,Chambre des députés,,23.592336654663086
EXP-1918-12-13-a-i0061,297,312,Conseil fédéral,Q30917,ORG,Q30917,Conseil fédéral,,23.600011825561523
EXP-1918-12-13-a-i0061,344,362,Chambres fédérales,Q684719,ORG,Q684719,Assemblée fédérale suisse,"{ ""wikipedia_page"": ""Assemblée fédérale suisse"", ""wikidata_id"": ""Q684719"" }",18.826814651489258
EXP-1918-12-13-a-i0061,418,443,Conseil national M. Cossy,Q2156773,PER,Q676078,Conseil national,"{ ""wikipedia_page"": ""Conseil national"", ""wikidata_id"": ""Q676078"" }",16.380937576293945
EXP-1918-12-13-a-i0061,445,449,Vaud,Q12771,LOC,Q12771,canton de Vaud,"{ ""wikipedia_page"": ""canton de Vaud"", ""wikidata_id"": ""Q12771"" }",20.21997833251953
EXP-1918-12-13-a-i0061,862,872,M. Huggler,NIL,PER,Q1912725,Max Huggler,"{ ""wikipedia_page"": ""Max Huggler"", ""wikidata_id"": ""Q1912725"" }",20.208805084228516
EXP-1918-12-13-a-i0061,874,880,Zurich,Q72,LOC,Q72,Zurich,,22.419204711914062
EXP-1918-12-13-a-i0061,922,930,M. Ryser,Q18633299,PER,Q684090,Fritz Ryser,"{ ""wikipedia_page"": ""Fritz Ryser"", ""wikidata_id"": ""Q684090"" }",18.117036819458008
EXP-1918-12-13-a-i0061,932,944,Jura bernois,Q70,LOC,Q247613,Jura bernois,"{ ""wikipedia_page"": ""Jura bernois"", ""wikidata_id"": ""Q247613"" }",19.692516326904297
EXP-1918-12-13-a-i0061,991,1006,Conseil fédéral,Q30917,ORG,Q30917,Conseil fédéral,,27.39019775390625
EXP-1918-12-13-a-i0061,1092,1108,Conseil national,Q676078,ORG,Q676078,Conseil national,,23.665388107299805
EXP-1918-12-13-a-i0061,1167,1176,M. Hirter,Q1641554,PER,Q1641554,Johann Daniel Hirter,"{ ""wikipedia_page"": ""Johann Daniel Hirter"", ""wikidata_id"": ""Q1641554"" }",19.339088439941406
EXP-1918-12-13-a-i0061,1178,1183,Berne,Q70,LOC,Q70,Berne,"{ ""wikipedia_page"": ""Berne"", ""wikidata_id"": ""Q70"" }",19.265188217163086
EXP-1918-12-13-a-i0061,1237,1242,Berne,Q70,LOC,Q70,Berne,,24.573266983032227
EXP-1918-12-13-a-i0061,1477,1493,Banque nationale,Q597394,ORG,Q597394,Banque nationale suisse,,24.348743438720703
EXP-1918-12-13-a-i0061,1564,1577,Confédération,Q170156,LOC,Q39,Suisse,"{ ""wikipedia_page"": ""Confédération suisse"", ""wikidata_id"": ""Q39"" }",11.72160530090332
EXP-1918-12-13-a-i0061,1946,1952,Russie,Q159,LOC,Q34266,Empire russe,"{ ""wikipedia_page"": ""Empire russe"", ""wikidata_id"": ""Q34266"" }",15.608499526977539
EXP-1918-12-13-a-i0061,2113,2123,M. Platten,Q124088,PER,Q124088,Fritz Platten,"{ ""wikipedia_page"": ""Fritz Platten"", ""wikidata_id"": ""Q124088"" }",18.84866714477539
EXP-1918-12-13-a-i0061,2125,2131,Zurich,Q72,LOC,NIL,Zurich,"{ ""wikipedia_page"": ""M. Platten"", ""wikidata_id"": ""NIL"" }",21.511444091796875
EXP-1918-12-13-a-i0061,2255,2264,MM. Grimm,Q115645,PER,Q96285,Friedrich Grimm,"{ ""wikipedia_page"": ""Friedrich Grimm"", ""wikidata_id"": ""Q96285"" }",16.65346908569336
EXP-1918-12-13-a-i0061,2268,2274,Muller,NIL,PER,Q57158,Hermann Müller,"{ ""wikipedia_page"": ""Hermann Müller"", ""wikidata_id"": ""Q57158"" }",15.223264694213867
EXP-1918-12-13-a-i0061,2289,2300,bolchévisme,Q571627,PROD,Q83372,bolchevik,,24.616262435913086
EXP-1918-12-13-a-i0061,2443,2460,M. Jacques Schmid,Q994148,PER,Q994148,Jacques Schmid,"{ ""wikipedia_page"": ""Jacques Schmid"", ""wikidata_id"": ""Q994148"" }",21.48162078857422
EXP-1918-12-13-a-i0061,2462,2469,Soleure,Q68965,LOC,Q68965,Soleure,"{ ""wikipedia_page"": ""Soleure"", ""wikidata_id"": ""Q68965"" }",14.914682388305664
EXP-1918-12-13-a-i0061,2548,2555,Soleure,Q68965,LOC,Q68965,Soleure,"{ ""wikipedia_page"": ""Soleure"", ""wikidata_id"": ""Q68965"" }",14.30064868927002
EXP-1918-12-13-a-i0061,2562,2569,Granges,Q68420,LOC,Q68420,Granges,"{ ""wikipedia_page"": ""Granges"", ""wikidata_id"": ""Q68420"" }",12.651857376098633
EXP-1918-12-13-a-i0061,2713,2723,M. Reymond,Q3302675,PER,Q4392628,Jean-Émile Reymond,,22.26024627685547
EXP-1918-12-13-a-i0061,2725,2729,Vaud,Q12771,LOC,Q12771,canton de Vaud,"{ ""wikipedia_page"": ""canton de Vaud"", ""wikidata_id"": ""Q12771"" }",18.94927978515625
EXP-1918-12-13-a-i0061,3118,3134,M. Robert Schmid,NIL,PER,Q53837522,Jakob Robert Schmid,"{ ""wikipedia_page"": ""Robert Schmid"", ""wikidata_id"": ""Q53837522"" }",18.816591262817383
EXP-1918-12-13-a-i0061,3136,3142,Zurich,Q72,LOC,Q72,Zurich,,23.94639015197754
EXP-1918-12-13-a-i0061,3516,3523,M. Musv,Q674180,PER,Q19296072,Max Muss,"{ ""wikipedia_page"": ""Max Muss"", ""wikidata_id"": ""Q19296072"" }",16.588518142700195
EXP-1918-12-13-a-i0061,3525,3533,Fribourg,Q36378,LOC,Q36378,Fribourg,"{ ""wikipedia_page"": ""Fribourg"", ""wikidata_id"": ""Q36378"" }",21.249217987060547
EXP-1918-12-13-a-i0061,3575,3581,Russie,Q159,LOC,Q34266,Empire russe,"{ ""wikipedia_page"": ""Empire russe"", ""wikidata_id"": ""Q34266"" }",16.88627052307129
EXP-1918-12-13-a-i0061,3598,3605,Platten,Q124088,PER,Q124088,Fritz Platten,"{ ""wikipedia_page"": ""Fritz Platten"", ""wikidata_id"": ""Q124088"" }",19.838687896728516
EXP-1918-12-13-a-i0061,3822,3837,Conseil fédéral,Q30917,ORG,Q30917,Conseil fédéral,"{ ""wikipedia_page"": ""Conseil fédéral"", ""wikidata_id"": ""Q30917"" }",18.431076049804688
EXP-1918-12-13-a-i0061,3983,3992,M. Graber,Q120363,PER,Q106240065,Michael Graber,"{ ""wikipedia_page"": ""Michael Graber"", ""wikidata_id"": ""Q106240065"" }",19.327957153320312
EXP-1918-12-13-a-i0061,4030,4037,M. Musy,Q674180,PER,NIL,M. Musy,"{ ""wikipedia_page"": ""M. Graber proteste contre certaines paroles de M. Musy"", ""wikidata_id"": ""NIL"" }",21.14448356628418
EXP-1928-05-29-a-i0007,43,70,Feuille d'Avig de Neuchâtel,Q646229,PROD,Q84847180,Le Véritable Messager boiteux de Neuchâtel,"{ ""wikipedia_page"": ""Feuille d'Avig de Neuchâtel"", ""wikidata_id"": ""Q84847180"" }",15.204519271850586
EXP-1928-05-29-a-i0007,96,103,Kellogg,Q193009,PER,Q193009,Frank Billings Kellogg,"{ ""wikipedia_page"": ""Frank Billings Kellogg"", ""wikidata_id"": ""Q193009"" }",14.721471786499023
EXP-1928-05-29-a-i0007,105,110,PARIS,Q90,LOC,Q90,Paris,"{ ""wikipedia_page"": ""Paris"", ""wikidata_id"": ""Q90"" }",15.145223617553711
EXP-1928-05-29-a-i0007,116,121,Havas,Q516033,ORG,Q2826560,Agence Havas,"{ ""wikipedia_page"": ""Agence Havas"", ""wikidata_id"": ""Q2826560"" }",9.740655899047852
EXP-1928-05-29-a-i0007,141,150,New. York,Q60,LOC,Q60,New York,,27.53464698791504
EXP-1928-05-29-a-i0007,156,170,Petit Parisien,Q831299,PROD,Q831299,Le Petit Parisien,,24.795984268188477
EXP-1928-05-29-a-i0007,181,191,M. Kellogg,Q193009,PER,Q193009,Frank Billings Kellogg,"{ ""wikipedia_page"": ""Frank Billings Kellogg"", ""wikidata_id"": ""Q193009"" }",16.894975662231445
EXP-1928-05-29-a-i0007,318,325,Kellogg,Q193009,PER,Q193009,Frank Billings Kellogg,"{ ""wikipedia_page"": ""Frank Billings Kellogg"", ""wikidata_id"": ""Q193009"" }",14.684876441955566
EXP-1928-05-29-a-i0007,1013,1023,M. Kellogg,Q193009,PER,Q193009,Frank Billings Kellogg,"{ ""wikipedia_page"": ""Frank Billings Kellogg"", ""wikidata_id"": ""Q193009"" }",16.273366928100586
EXP-1928-05-29-a-i0007,1042,1054,M. Venizelos,Q205545,PER,Q205545,Elefthérios Venizélos,,29.04703712463379
EXP-1928-05-29-a-i0007,1056,1063,LONDRES,Q84,LOC,Q84,Londres,"{ ""wikipedia_page"": ""Londres"", ""wikidata_id"": ""Q84"" }",18.629779815673828
EXP-1928-05-29-a-i0007,1069,1074,Havas,Q516033,ORG,Q516033,Havas,"{ ""wikipedia_page"": ""Havas"", ""wikidata_id"": ""Q516033"" }",11.562906265258789
EXP-1928-05-29-a-i0007,1084,1094,Daily Mail,Q210534,PROD,Q210534,Daily Mail,,28.860065460205078
EXP-1928-05-29-a-i0007,1143,1148,Grèce,Q41,LOC,Q41,Grèce,,23.97095489501953
EXP-1928-05-29-a-i0007,1188,1200,M. Venizelos,Q205545,PER,Q205545,Elefthérios Venizélos,,32.20077133178711
EXP-1928-05-29-a-i0007,1412,1424,M. Venizelos,Q205545,PER,Q205545,Elefthérios Venizélos,,29.21418571472168
EXP-1928-05-29-a-i0007,1594,1604,Georges II,Q152935,PER,Q152935,Georges II,"{ ""wikipedia_page"": ""Georges II"", ""wikidata_id"": ""Q152935"" }",20.844717025756836
EXP-1928-05-29-a-i0007,1614,1624,Constantin,Q152099,PER,Q152099,Constantin Ier de Grèce,"{ ""wikipedia_page"": ""Constantin Ier de Grèce"", ""wikidata_id"": ""Q152099"" }",18.60901641845703
EXP-1928-05-29-a-i0007,1626,1638,M. Venizelos,Q205545,PER,Q205545,Elefthérios Venizélos,"{ ""wikipedia_page"": ""Elefthérios Venizélos"", ""wikidata_id"": ""Q205545"" }",19.83231544494629
EXP-1928-05-29-a-i0007,1797,1819,Szen _ -f _ o. tl. ard,Q604516,LOC,NIL,Szen _ -f _ o. tl. ard,"{ ""wikipedia_page"": ""Szen _ -f _ o. tl. ard"", ""wikidata_id"": ""NIL"" }",4.729729652404785
EXP-1928-05-29-a-i0007,1823,1831,BELGRADE,Q3711,LOC,Q3711,Belgrade,"{ ""wikipedia_page"": ""Belgrade"", ""wikidata_id"": ""Q3711"" }",21.717632293701172
EXP-1928-05-29-a-i0007,1837,1842,Havas,Q516033,ORG,Q42810,Le Havre,"{ ""wikipedia_page"": ""Le Havre"", ""wikidata_id"": ""Q42810"" }",8.97338581085205
EXP-1928-05-29-a-i0007,1868,1876,Belgrade,Q3711,LOC,Q3711,Belgrade,,30.00766944885254
EXP-1928-05-29-a-i0007,1890,1897,Novosti,Q1192921,PROD,Q7065072,Novosti AD,"{ ""wikipedia_page"": ""Novosti AD"", ""wikidata_id"": ""Q7065072"" }",18.154052734375
EXP-1928-05-29-a-i0007,1907,1913,Zagreb,Q1435,LOC,Q1435,Zagreb,,24.72014617919922
EXP-1928-05-29-a-i0007,1940,1948,Belgrade,Q3711,LOC,Q3711,Belgrade,,28.32794189453125
EXP-1928-05-29-a-i0007,2003,2009,Italie,Q38,LOC,Q38,Italie,,22.500661849975586
EXP-1928-05-29-a-i0007,2030,2038,Bulgarie,Q219,LOC,Q219,Bulgarie,,25.21068572998047
EXP-1928-05-29-a-i0007,2085,2090,Sofia,Q472,LOC,Q472,Sofia,,25.322208404541016
EXP-1928-05-29-a-i0007,2461,2466,PARIS,Q90,LOC,Q90,Paris,,23.157304763793945
EXP-1928-05-29-a-i0007,2472,2477,Havas,Q516033,ORG,Q516033,Havas,"{ ""wikipedia_page"": ""Havas"", ""wikidata_id"": ""Q516033"" }",14.400083541870117
EXP-1928-05-29-a-i0007,2493,2507,Petit Parisien,Q831299,PROD,Q831299,Le Petit Parisien,,28.971080780029297
EXP-1928-05-29-a-i0007,2547,2552,lande,Q55,LOC,NIL,lande,"{ ""wikipedia_page"": ""équipe d'Uruguay de football"", ""wikidata_id"": ""Q183"" }",11.576337814331055
EXP-1928-05-29-a-i0007,2553,2560,Uruguay,Q77,LOC,Q134916,équipe d'Uruguay de football,,22.387592315673828
EXP-1928-05-29-a-i0007,2918,2932,Silésie BERLIN,Q64,LOC,Q81720,Silésie,"{ ""wikipedia_page"": ""Silésie"", ""wikidata_id"": ""Q81720"" }",18.009244918823242
EXP-1928-05-29-a-i0007,2938,2943,Wolff,Q552226,ORG,Q120947,Theodor Wolff,"{ ""wikipedia_page"": ""Theodor Wolff"", ""wikidata_id"": ""Q120947"" }",13.544174194335938
EXP-1928-05-29-a-i0007,2953,2970,Vossische Zeitung,Q675003,PROD,Q675003,Vossische Zeitung,,25.043949127197266
EXP-1928-05-29-a-i0007,3019,3026,Silésie,Q81720,LOC,Q81720,Silésie,,24.41737174987793
EXP-1928-05-29-a-i0007,3045,3056,Reichenbach,Q157462,LOC,Q46849,Reichenbach im Vogtland,"{ ""wikipedia_page"": ""Reichenbach im Vogtland"", ""wikidata_id"": ""Q46849"" }",18.23066520690918
EXP-1928-05-29-a-i0007,3060,3071,Schweitnitz,Q387396,LOC,Q884127,Schweinitz,"{ ""wikipedia_page"": ""Schweinitz"", ""wikidata_id"": ""Q884127"" }",18.689273834228516
EXP-1928-05-29-a-i0007,3367,3378,Reichenbach,Q157462,LOC,Q684902,Reichenbach,"{ ""wikipedia_page"": ""Reichenbach"", ""wikidata_id"": ""Q684902"" }",14.718884468078613
EXP-1928-05-29-a-i0007,3385,3396,Schweitnitz,Q387396,LOC,Q884127,Schweinitz,"{ ""wikipedia_page"": ""Schweinitz"", ""wikidata_id"": ""Q884127"" }",19.074460983276367
EXP-1928-05-29-a-i0007,3517,3526,Weistritz,Q1018675,LOC,Q1018675,Bystrzyca,,22.173885345458984
EXP-1928-05-29-a-i0007,3573,3586,Riesengebirge,Q214644,LOC,Q214644,Monts des Géants,,23.98442268371582
EXP-1928-05-29-a-i0007,3723,3732,STOCKHOLM,Q1754,LOC,Q1754,Stockholm,,26.611234664916992
EXP-1928-05-29-a-i0007,3738,3743,Wolff,Q552226,ORG,Q120947,Theodor Wolff,"{ ""wikipedia_page"": ""Theodor Wolff"", ""wikidata_id"": ""Q120947"" }",12.878378868103027
EXP-1928-05-29-a-i0007,3832,3845,ville de Sala,Q930262,LOC,Q37399,Sala,"{ ""wikipedia_page"": ""Sala"", ""wikidata_id"": ""Q37399"" }",14.290849685668945
EXP-1928-05-29-a-i0007,4243,4251,Toujquet,Q323164,LOC,Q323164,Le Touquet-Paris-Plage,"{ ""wikipedia_page"": ""Le Touquet-Paris-Plage"", ""wikidata_id"": ""Q323164"" }",16.370250701904297
EXP-1928-05-29-a-i0007,4253,4258,PARIS,Q90,LOC,Q90,Paris,"{ ""wikipedia_page"": ""Paris"", ""wikidata_id"": ""Q90"" }",14.771615982055664
EXP-1928-05-29-a-i0007,4264,4269,Havas,Q516033,ORG,Q516033,Havas,"{ ""wikipedia_page"": ""Havas"", ""wikidata_id"": ""Q516033"" }",10.504985809326172
EXP-1928-05-29-a-i0007,4289,4300,_Tbu * quet,Q323164,LOC,Q99646599,presse écrite au Touquet-Paris-Plage,"{ ""wikipedia_page"": ""Touquet-Paris-Plage"", ""wikidata_id"": ""Q99646599"" }",3.408240556716919
EXP-1928-05-29-a-i0007,4369,4379,Mme Wilson,Q5460813,PER,Q55465329,Theodora Wilson Wilson,"{ ""wikipedia_page"": ""Theodora Wilson Wilson"", ""wikidata_id"": ""Q55465329"" }",11.903678894042969
EXP-1928-05-29-a-i0007,4400,4405,Truay,Q206539,LOC,Q5489,Troyes,,22.352115631103516
EXP-1928-05-29-a-i0007,4697,4705,BELGRADE,Q3711,LOC,Q3711,Belgrade,,26.6510066986084
EXP-1928-05-29-a-i0007,4711,4716,Avala,Q31530751,ORG,Q790075,Avala,"{ ""wikipedia_page"": ""Avala"", ""wikidata_id"": ""Q790075"" }",11.624773979187012
EXP-1928-05-29-a-i0007,4791,4799,Belgrade,Q3711,LOC,Q3711,Belgrade,,27.738317489624023
EXP-1928-05-29-a-i0007,4809,4815,Italie,Q38,LOC,Q38,Italie,"{ ""wikipedia_page"": ""Italie"", ""wikidata_id"": ""Q38"" }",18.605653762817383
EXP-1928-05-29-a-i0007,4974,4982,Belgrade,Q3711,LOC,Q3711,Belgrade,,26.163463592529297
EXP-1928-05-29-a-i0007,5028,5053,Buenos-Ayres BUENOS-AYRES,Q1486,LOC,Q1486,Buenos Aires,,26.007705688476562
EXP-1928-05-29-a-i0007,5059,5064,Havas,Q516033,ORG,Q10957778,,"{ ""wikipedia_page"": ""Havas"", ""wikidata_id"": ""Q10957778"" }",8.467828750610352
EXP-1928-05-29-a-i0007,5119,5170,"M. César Aseltra, ancien lieutenant-colonel italien",NIL,PER,NIL,"M. César Aseltra, ancien lieutenant-colonel italien","{ ""wikipedia_page"": ""César Aseltra"", ""wikidata_id"": ""NIL"" }",9.424806594848633
EXP-1928-05-29-a-i0007,5289,5296,Wilkins,Q577806,PER,Q577806,George Hubert Wilkins,"{ ""wikipedia_page"": ""George Hubert Wilkins"", ""wikidata_id"": ""Q577806"" }",15.300092697143555
EXP-1928-05-29-a-i0007,5300,5307,Eielson,Q2938873,PER,Q3439579,Elling Eielsen,"{ ""wikipedia_page"": ""Elling Eielsen"", ""wikidata_id"": ""Q3439579"" }",14.125893592834473
EXP-1928-05-29-a-i0007,5310,5320,Copenhague,Q1748,LOC,Q1748,Copenhague,"{ ""wikipedia_page"": ""Copenhague"", ""wikidata_id"": ""Q1748"" }",21.919958114624023
EXP-1928-05-29-a-i0007,5322,5332,COPENHAGUE,Q1748,LOC,Q1748,Copenhague,,26.75954246520996
EXP-1928-05-29-a-i0007,5338,5343,Havas,Q516033,ORG,Q2826560,Agence Havas,"{ ""wikipedia_page"": ""Agence Havas"", ""wikidata_id"": ""Q2826560"" }",7.7351460456848145
EXP-1928-05-29-a-i0007,5352,5369,aviateur. Wilkins,Q577806,PER,Q151364,Vidkun Quisling,"{ ""wikipedia_page"": ""Vidkun Quisling"", ""wikidata_id"": ""Q151364"" }",9.368107795715332
EXP-1928-05-29-a-i0007,5373,5380,EielsOn,Q2938873,PER,Q2938873,Carl Ben Eielson,"{ ""wikipedia_page"": ""Carl Ben Eielson"", ""wikidata_id"": ""Q2938873"" }",10.349153518676758
EXP-1928-05-29-a-i0007,5435,5439,Oslo,Q585,LOC,Q585,Oslo,,26.198101043701172
EXP-1928-05-29-a-i0007,5535,5544,Chantoung,Q43407,LOC,NIL,Chantoung,"{ ""wikipedia_page"": ""Chantoung"", ""wikidata_id"": ""NIL"" }",14.358420372009277
EXP-1928-05-29-a-i0007,5546,5551,PARIS,Q90,LOC,Q90,Paris,"{ ""wikipedia_page"": ""Paris"", ""wikidata_id"": ""Q90"" }",21.512710571289062
EXP-1928-05-29-a-i0007,5557,5562,Havas,Q516033,ORG,Q2826560,Agence Havas,"{ ""wikipedia_page"": ""Agence Havas"", ""wikidata_id"": ""Q2826560"" }",10.938719749450684
EXP-1928-05-29-a-i0007,5571,5584,Petit Journal,Q2115162,PROD,Q2115162,Le Petit Journal,"{ ""wikipedia_page"": ""Le Petit Journal"", ""wikidata_id"": ""Q2115162"" }",15.868555068969727
EXP-1928-05-29-a-i0007,5620,5627,Londres,Q84,LOC,Q84,Londres,"{ ""wikipedia_page"": ""Londres"", ""wikidata_id"": ""Q84"" }",20.898757934570312
EXP-1928-05-29-a-i0007,5644,5649,Tokio,Q1490,LOC,Q1490,Tokyo,"{ ""wikipedia_page"": ""Tokyo"", ""wikidata_id"": ""Q1490"" }",20.6398868560791
EXP-1928-05-29-a-i0007,5779,5788,Chantoung,Q43407,LOC,Q678658,Guandong,"{ ""wikipedia_page"": ""Guandong"", ""wikidata_id"": ""Q678658"" }",16.121355056762695
EXP-1928-05-29-a-i0007,5905,5913,S. < LN.,Q38130,ORG,Q38130,Société des Nations,"{ ""wikipedia_page"": ""Société des Nations"", ""wikidata_id"": ""Q38130"" }",4.371676445007324
EXP-1928-05-29-a-i0007,6029,6036,Mohamed,Q9458,PER,Q9458,Mahomet,,25.797882080078125
EXP-1928-05-29-a-i0007,6199,6207,Mohammed,Q9458,PER,Q9458,Mahomet,,25.672527313232422
EXP-1928-05-29-a-i0007,6564,6572,Mohammed,Q9458,PER,Q9458,Mahomet,"{ ""wikipedia_page"": ""Mahomet"", ""wikidata_id"": ""Q9458"" }",15.688213348388672
EXP-1928-08-15-a-i0065,21,28,THALWIL,Q68959,LOC,Q68959,Thalwil,,24.234668731689453
EXP-1928-08-15-a-i0065,111,119,Gattikon,Q22631161,LOC,Q22631161,Gattikon,,22.673410415649414
EXP-1928-08-15-a-i0065,129,136,Thalwil,Q68959,LOC,Q68959,Thalwil,,30.061019897460938
EXP-1928-08-15-a-i0065,317,333,frères Bretscher,NIL,PER,Q28317675,Karl Bretscher,"{ ""wikipedia_page"": ""Karl Bretscher"", ""wikidata_id"": ""Q28317675"" }",16.940370559692383
EXP-1928-08-15-a-i0065,622,629,THALWIL,Q68959,LOC,Q68959,Thalwil,"{ ""wikipedia_page"": ""Thalwil"", ""wikidata_id"": ""Q68959"" }",15.046777725219727
EXP-1928-08-15-a-i0065,663,671,Gattikon,Q22631161,LOC,Q22631161,Gattikon,"{ ""wikipedia_page"": ""Gattikon"", ""wikidata_id"": ""Q22631161"" }",12.859774589538574
EXP-1928-08-15-a-i0065,1039,1045,WAENGI,Q68177,LOC,Q68177,Wängi,"{ ""wikipedia_page"": ""Wängi"", ""wikidata_id"": ""Q68177"" }",14.713866233825684
EXP-1928-08-15-a-i0065,1136,1179,"M. Meier-Bâr, menuisier et ébéniste à Wângi",NIL,PER,Q1414373,,"{ ""wikipedia_page"": ""Meier-Bär"", ""wikidata_id"": ""Q1414373"" }",12.275466918945312
EXP-1928-08-15-a-i0065,1181,1190,Thurgovie,Q12713,LOC,Q12713,canton de Thurgovie,"{ ""wikipedia_page"": ""canton de Thurgovie"", ""wikidata_id"": ""Q12713"" }",21.261165618896484
EXP-1928-08-15-a-i0065,1388,1392,MURI,Q69011,LOC,Q69011,Muri,"{ ""wikipedia_page"": ""Muri"", ""wikidata_id"": ""Q69011"" }",14.073429107666016
EXP-1928-08-15-a-i0065,1468,1472,Bùnz,Q366169,LOC,Q366169,Bünz,"{ ""wikipedia_page"": ""Bünz"", ""wikidata_id"": ""Q366169"" }",18.346227645874023
EXP-1928-08-15-a-i0065,1477,1484,Argovie,Q11972,LOC,Q11972,canton d'Argovie,,22.90679931640625
EXP-1928-08-15-a-i0065,1619,1626,LUCERNE,Q4191,LOC,Q4191,Lucerne,"{ ""wikipedia_page"": ""Lucerne"", ""wikidata_id"": ""Q4191"" }",20.579730987548828
EXP-1928-08-15-a-i0065,1677,1684,Neudorf,Q7149,LOC,Q650614,Neudorf bei Parndorf,"{ ""wikipedia_page"": ""Neudorf bei Parndorf"", ""wikidata_id"": ""Q650614"" }",12.759366989135742
EXP-1928-08-15-a-i0065,2012,2022,BREMGARTEN,Q64139,LOC,Q64139,Bremgarten AG,,24.644569396972656
EXP-1928-08-15-a-i0065,2024,2031,Argovie,Q11972,LOC,Q11972,canton d'Argovie,,25.04753875732422
EXP-1928-08-15-a-i0065,2058,2064,Bunzen,Q64784,LOC,Q64784,Bünzen,"{ ""wikipedia_page"": ""Bünzen"", ""wikidata_id"": ""Q64784"" }",19.926280975341797
EXP-1928-08-15-a-i0065,2230,2243,Sièrre SIERRE,Q68297,LOC,Q68297,Sierre,"{ ""wikipedia_page"": ""Sierre"", ""wikidata_id"": ""Q68297"" }",19.205476760864258
EXP-1928-08-15-a-i0065,2400,2406,Sierre,Q68297,LOC,Q68297,Sierre,,23.98332405090332
EXP-1928-08-15-a-i0065,2455,2513,"M. Troillet, Conseiller d'Etat, président de l'Association",NIL,PER,Q94816415,Maurice Troillet,"{ ""wikipedia_page"": ""Maurice Troillet"", ""wikidata_id"": ""Q94816415"" }",17.281883239746094
EXP-1928-08-15-a-i0065,2548,2574,"Mgr Biéler, évêque de Sion",Q15621564,PER,Q3471053,Samuel Biéler,"{ ""wikipedia_page"": ""Samuel Biéler"", ""wikidata_id"": ""Q3471053"" }",18.346065521240234
EXP-1928-08-15-a-i0065,2665,2676,M. Troillet,NIL,PER,Q94816415,Maurice Troillet,,28.864166259765625
EXP-1928-08-15-a-i0065,2709,2745,"M. Gard, avocat, commissaire général",NIL,PER,Q3084678,François Garde,"{ ""wikipedia_page"": ""François Garde"", ""wikidata_id"": ""Q3084678"" }",12.253867149353027
EXP-1928-08-15-a-i0065,2788,2794,Sierre,Q68297,LOC,Q68297,Sierre,,22.825225830078125
EXP-1928-08-15-a-i0065,2847,2853,Valais,Q834,LOC,Q834,canton du Valais,"{ ""wikipedia_page"": ""canton du Valais"", ""wikidata_id"": ""Q834"" }",21.19712257385254
EXP-1928-08-15-a-i0065,2949,2964,Val d'Anniviers,Q672472,LOC,Q672472,val d'Anniviers,,28.75542640686035
EXP-1928-08-15-a-i0065,2996,3019,municipalité de Vissoye,Q689112,LOC,Q689112,Vissoie,"{ ""wikipedia_page"": ""Vissoie"", ""wikidata_id"": ""Q689112"" }",20.68328094482422
EXP-1928-08-15-a-i0065,3044,3052,Grimentz,Q869551,LOC,Q869551,Grimentz,,24.95207977294922
EXP-1928-08-15-a-i0065,3074,3078,ORBE,Q68213,LOC,Q2028483,Orb,"{ ""wikipedia_page"": ""Orb"", ""wikidata_id"": ""Q2028483"" }",10.302826881408691
EXP-1928-08-15-a-i0065,3219,3225,Signal,Q22389485,LOC,Q3483586,Signal de Bernex,"{ ""wikipedia_page"": ""Signal de Bernex"", ""wikidata_id"": ""Q3483586"" }",14.638513565063477
GDL-1798-07-18-a-i0001,0,21,RÉPUBLIQUE HELVÉTIQUE,Q39,LOC,Q206696,République helvétique,"{ ""wikipedia_page"": ""République helvétique"", ""wikidata_id"": ""Q206696"" }",20.883699417114258
GDL-1798-07-18-a-i0001,90,105,Canton du Léman,Q676467,LOC,Q676467,canton du Léman,,24.232126235961914
GDL-1798-07-18-a-i0001,203,213,Directoire,Q219817,ORG,Q219817,Directoire,"{ ""wikipedia_page"": ""Directoire"", ""wikidata_id"": ""Q219817"" }",9.74210262298584
GDL-1798-07-18-a-i0001,381,391,Directoire,Q219817,ORG,Q219817,Directoire,"{ ""wikipedia_page"": ""Directoire"", ""wikidata_id"": ""Q219817"" }",12.73110580444336
GDL-1798-07-18-a-i0001,1128,1136,Secretan,Q2612972,PER,Q1063414,Charles Marc Secretan,"{ ""wikipedia_page"": ""Charles Marc Secretan"", ""wikidata_id"": ""Q1063414"" }",10.424970626831055
GDL-1798-07-18-a-i0001,1138,1148,Ca * rrard,NIL,PER,Q2625373,Claude Carra-Saint-Cyr,"{ ""wikipedia_page"": ""Claude Carra-Saint-Cyr"", ""wikidata_id"": ""Q2625373"" }",5.405454158782959
GDL-1798-07-18-a-i0001,1150,1155,Huffi,NIL,PER,NIL,Huffi,"{ ""wikipedia_page"": ""Huffi"", ""wikidata_id"": ""NIL"" }",8.144185066223145
GDL-1798-07-18-a-i0001,1157,1166,Bourgeois,NIL,PER,Q3102346,Georges Bourgeois,"{ ""wikipedia_page"": ""Georges Bourgeois"", ""wikidata_id"": ""Q3102346"" }",10.011337280273438
GDL-1798-07-18-a-i0001,1169,1173,Haas,NIL,PER,Q11945258,René Hauss,"{ ""wikipedia_page"": ""René Hauss"", ""wikidata_id"": ""Q11945258"" }",8.90453815460205
GDL-1818-03-13-a-i0005,0,6,Suisse,Q39,LOC,Q39,Suisse,"{ ""wikipedia_page"": ""Suisse"", ""wikidata_id"": ""Q39"" }",17.48554801940918
GDL-1818-03-13-a-i0005,23,52,S. A. le prince ds Metternich,Q45662,PER,Q45662,Klemens Wenzel von Metternich,"{ ""wikipedia_page"": ""Klemens Wenzel von Metternich"", ""wikidata_id"": ""Q45662"" }",8.529834747314453
GDL-1818-03-13-a-i0005,63,69,Vienne,Q1741,LOC,Q1741,Vienne,,22.819015502929688
GDL-1818-03-13-a-i0005,107,140,S. E. M. l'avoyer de V / aueville,Q117863,PER,NIL,S. E. M. l'avoyer de V / aueville,"{ ""wikipedia_page"": ""Vienne"", ""wikidata_id"": ""Q456"" }",7.640388011932373
GDL-1818-03-13-a-i0005,229,254,M. le baron V ^ n Berchem,NIL,PER,Q1267992,Georg von Berchem,"{ ""wikipedia_page"": ""Georg von Berchem"", ""wikidata_id"": ""Q1267992"" }",10.473654747009277
GDL-1818-03-13-a-i0005,1042,1047,Berne,Q70,LOC,Q70,Berne,,30.75849723815918
GDL-1818-03-13-a-i0005,1378,1385,Trieste,Q546,LOC,Q546,Trieste,,25.647058486938477
GDL-1818-03-13-a-i0005,1387,1396,Marseille,Q23482,LOC,Q23482,Marseille,,22.276704788208008
GDL-1818-03-13-a-i0005,1400,1408,Livourne,Q6761,LOC,Q6761,Livourne,,22.808399200439453
GDL-1818-03-13-a-i0005,1619,1641,M. le conseiller Luthy,Q23061106,PER,NIL,M. le conseiller Luthy,"{ ""wikipedia_page"": ""NIL"", ""wikidata_id"": ""NIL"" }",11.687858581542969
GDL-1818-03-13-a-i0005,1645,1652,Soleure,Q68965,LOC,Q68965,Soleure,"{ ""wikipedia_page"": ""Soleure"", ""wikidata_id"": ""Q68965"" }",21.3619441986084
GDL-1818-03-13-a-i0005,1676,1680,Bâle,Q78,LOC,Q78,Bâle,,28.91655158996582
GDL-1818-03-13-a-i0005,1838,1852,canton de Bâle,Q660776,LOC,Q12172,canton de Bâle-Ville,,24.27320671081543
GDL-1818-03-13-a-i0005,1903,1910,Lucerne,Q12121,LOC,Q12121,canton de Lucerne,"{ ""wikipedia_page"": ""canton de Lucerne"", ""wikidata_id"": ""Q12121"" }",20.12005615234375
GDL-1818-03-13-a-i0005,1917,1922,Berne,Q11911,LOC,Q11911,canton de Berne,"{ ""wikipedia_page"": ""canton de Berne"", ""wikidata_id"": ""Q11911"" }",18.17914581298828
GDL-1818-03-13-a-i0005,1929,1937,lWrgovic,Q11972,LOC,NIL,lWrgovic,"{ ""wikipedia_page"": ""LWrgovic"", ""wikidata_id"": ""NIL"" }",11.218018531799316
GDL-1818-03-13-a-i0005,2169,2177,St. Gall,Q12746,LOC,Q25607,Saint-Gall,,22.936336517333984
GDL-1818-03-13-a-i0005,2647,2656,Thurgovie,Q12713,LOC,Q12713,canton de Thurgovie,"{ ""wikipedia_page"": ""canton de Thurgovie"", ""wikidata_id"": ""Q12713"" }",17.390583038330078
GDL-1818-03-13-a-i0005,2803,2809,Genève,Q11917,LOC,Q71,Genève,"{ ""wikipedia_page"": ""Genève"", ""wikidata_id"": ""Q71"" }",21.238834381103516
GDL-1818-03-13-a-i0005,3070,3074,Bâ'e,Q660776,LOC,Q78,Bâle,"{ ""wikipedia_page"": ""Bâle"", ""wikidata_id"": ""Q78"" }",17.190767288208008
GDL-1818-03-13-a-i0005,3901,3907,France,Q142,LOC,Q142,France,,22.39570426940918
GDL-1818-03-13-a-i0005,4625,4649,prince Adam Jablonowiski,NIL,PER,Q26611,Józef Aleksander Jabłonowski,"{ ""wikipedia_page"": ""Józef Aleksander Jabłonowski"", ""wikidata_id"": ""Q26611"" }",14.865524291992188
GDL-1818-03-13-a-i0005,4685,4693,Varsovie,Q270,LOC,Q270,Varsovie,,26.27787208557129
GDL-1818-03-13-a-i0005,4699,4706,Soleure,Q68965,LOC,Q68965,Soleure,"{ ""wikipedia_page"": ""Solothurn"", ""wikidata_id"": ""Q68965"" }",18.823444366455078
GDL-1818-03-13-a-i0005,4754,4771,général Koskiusko,Q191479,PER,Q191479,Tadeusz Kościuszko,"{ ""wikipedia_page"": ""Tadeusz Kościuszko"", ""wikidata_id"": ""Q191479"" }",18.732025146484375
GDL-1818-03-13-a-i0005,4787,4791,Bâle,Q78,LOC,Q78,Bâle,,23.436359405517578
GDL-1818-03-13-a-i0005,4823,4828,Suède,Q34,LOC,Q34,Suède,"{ ""wikipedia_page"": ""Suède"", ""wikidata_id"": ""Q34"" }",14.041007995605469
GDL-1818-03-13-a-i0005,5278,5287,Ge : ièva,Q71,LOC,Q202451,Gex,"{ ""wikipedia_page"": ""Gex"", ""wikidata_id"": ""Q202451"" }",5.966001510620117
GDL-1818-03-13-a-i0005,5529,5537,Hambourg,Q1055,LOC,Q1055,Hambourg,"{ ""wikipedia_page"": ""Hambourg"", ""wikidata_id"": ""Q1055"" }",18.4265079498291
GDL-1818-03-13-a-i0005,5565,5571,Genève,Q71,LOC,Q71,Genève,"{ ""wikipedia_page"": ""Genève"", ""wikidata_id"": ""Q71"" }",15.965242385864258
GDL-1818-08-04-a-i0002,0,6,France,Q142,LOC,Q142,France,"{ ""wikipedia_page"": ""France"", ""wikidata_id"": ""Q142"" }",20.386178970336914
GDL-1818-08-04-a-i0002,8,13,PARIS,Q90,LOC,Q90,Paris,"{ ""wikipedia_page"": ""Paris"", ""wikidata_id"": ""Q90"" }",16.42728614807129
GDL-1818-08-04-a-i0002,99,108,Vitrolles,Q961254,LOC,Q205709,Vitrolles,"{ ""wikipedia_page"": ""Vitrolles"", ""wikidata_id"": ""Q205709"" }",16.78324317932129
GDL-1818-08-04-a-i0002,274,294,générai ChapecUlaine,NIL,PER,Q542474,Henri de La Rochejaquelein,"{ ""wikipedia_page"": ""Henri de La Rochejaquelein"", ""wikidata_id"": ""Q542474"" }",15.144750595092773
GDL-1818-08-04-a-i0002,362,368,France,Q142,LOC,Q142,France,,23.8348445892334
GDL-1818-08-04-a-i0002,507,516,Bonaparte,Q517,PER,NIL,Bonaparte,"{ ""wikipedia_page"": ""Napoléon Bonaparte"", ""wikidata_id"": ""Q83366"" }",21.214111328125
GDL-1818-08-04-a-i0002,580,594,général Canuel,Q3484236,PER,Q3484236,Simon Canuel,,23.67766571044922
GDL-1818-08-04-a-i0002,732,752,MM. de Chatetubriant,Q49767,PER,Q49767,François-René de Chateaubriand,"{ ""wikipedia_page"": ""François-René de Chateaubriand"", ""wikidata_id"": ""Q49767"" }",16.801912307739258
GDL-1818-08-04-a-i0002,754,764,Dubouchage,Q3288135,PER,Q3309508,Michel Dubocage,,24.88127899169922
GDL-1818-08-04-a-i0002,766,776,Fitzjaraes,Q3580080,PER,Q15969351,Henri de Saignard de La Fressange,"{ ""wikipedia_page"": ""Henri de Saignard de La Fressange"", ""wikidata_id"": ""Q15969351"" }",20.558616638183594
GDL-1818-08-04-a-i0002,779,787,Polignac,Q350613,PER,Q1247737,Melchior de Polignac,,23.252197265625
GDL-1818-08-04-a-i0002,877,888,-jH. Canuel,Q3484236,PER,Q19629635,Louis Canler,"{ ""wikipedia_page"": ""Louis Canler"", ""wikidata_id"": ""Q19629635"" }",12.967089653015137
GDL-1818-08-04-a-i0002,918,987,"M. de Chabrol, ancien « fcii oMiïhonévBes ^ ûeV'OBCren prévôt de Lyon",Q2966514,PER,Q3171186,Jean Chabrol,"{ ""wikipedia_page"": ""Jean Chabrol"", ""wikidata_id"": ""Q3171186"" }",14.872859954833984
GDL-1818-08-04-a-i0002,1255,1261,Calais,Q6454,LOC,Q6454,Calais,"{ ""wikipedia_page"": ""Calais"", ""wikidata_id"": ""Q6454"" }",19.28028678894043
GDL-1818-08-04-a-i0002,1276,1285,Cambridge,Q350,LOC,Q836810,duc de Cambridge,"{ ""wikipedia_page"": ""duc de Cambridge"", ""wikidata_id"": ""Q836810"" }",6.664423942565918
GDL-1818-08-04-a-i0002,1297,1301,Kent,Q67479626,LOC,Q1245053,duc de Kent,"{ ""wikipedia_page"": ""duc de Kent"", ""wikidata_id"": ""Q1245053"" }",6.431203365325928
GDL-1818-08-04-a-i0002,1314,1322,Clarence,NIL,LOC,Q1264532,duc de Clarence,"{ ""wikipedia_page"": ""duc de Clarence"", ""wikidata_id"": ""Q1264532"" }",8.608070373535156
GDL-1818-08-04-a-i0002,1327,1342,journal de Lyon,NIL,PROD,NIL,journal de Lyon,"{ ""wikipedia_page"": ""Le Journal de Lyon"", ""wikidata_id"": ""NIL"" }",21.205787658691406
GDL-1818-08-04-a-i0002,1388,1397,Vcrmaison,Q1385472,LOC,Q734680,Courcemain,"{ ""wikipedia_page"": ""Courcemain"", ""wikidata_id"": ""Q734680"" }",10.253663063049316
GDL-1818-08-04-a-i0002,2448,2468,commune- de Marsannè,Q659785,LOC,Q659785,Marsanne,"{ ""wikipedia_page"": ""Marsanne"", ""wikidata_id"": ""Q659785"" }",15.754278182983398
GDL-1818-08-04-a-i0002,2470,2475,Drôme,Q3364,LOC,Q3364,Drôme,,26.737579345703125
GDL-1818-08-04-a-i0002,2738,2751,fille Bau-Mfd,NIL,PER,Q3031,fille,"{ ""wikipedia_page"": ""fille"", ""wikidata_id"": ""Q3031"" }",8.095538139343262
GDL-1818-08-04-a-i0002,3286,3294,St. Malo,Q163108,LOC,Q163108,Saint-Malo,"{ ""wikipedia_page"": ""St. Malo"", ""wikidata_id"": ""Q163108"" }",20.181198120117188
GDL-1818-08-04-a-i0002,3336,3346,% Domingue,Q861551,LOC,Q3062411,expédition de Saint-Domingue,"{ ""wikipedia_page"": ""expédition de Saint-Domingue"", ""wikidata_id"": ""Q3062411"" }",8.108283996582031
GDL-1818-08-04-a-i0002,3386,3392,Pétion,Q353464,PER,Q353464,Alexandre Pétion,"{ ""wikipedia_page"": ""Alexandre Pétion"", ""wikidata_id"": ""Q353464"" }",10.85460376739502
GDL-1818-08-04-a-i0002,3527,3539,Chris-'tophe,Q353458,PER,Q353458,Henri Christophe,"{ ""wikipedia_page"": ""Henri Christophe"", ""wikidata_id"": ""Q353458"" }",9.95346736907959
GDL-1818-08-04-a-i0002,3727,3732,Boyer,Q449421,PER,Q449421,Jean-Pierre Boyer,"{ ""wikipedia_page"": ""Jean-Pierre Boyer"", ""wikidata_id"": ""Q449421"" }",13.609123229980469
GDL-1818-08-04-a-i0002,3736,3781,"M ^ le cardinal duc de Bayane, pair de France",Q1080412,PER,Q1509927,Pairie de France,"{ ""wikipedia_page"": ""Pairie de France"", ""wikidata_id"": ""Q1509927"" }",6.964827537536621
GDL-1818-08-04-a-i0002,3824,3829,Paris,Q90,LOC,NIL,Paris,"{ ""wikipedia_page"": ""cardinal de la famille de Bourbon"", ""wikidata_id"": ""NIL"" }",17.13456916809082
GDL-1818-08-04-a-i0002,3948,3955,Pie Vil,Q124754,PER,Q124754,Pie VII,"{ ""wikipedia_page"": ""Pie VII"", ""wikidata_id"": ""Q124754"" }",16.364938735961914
GDL-1818-08-04-a-i0002,4048,4060,aie de Corse,Q22011067,LOC,Q14112,Corse,"{ ""wikipedia_page"": ""Corse"", ""wikidata_id"": ""Q14112"" }",11.975214004516602
GDL-1818-08-04-a-i0002,4097,4104,Aiaccio,Q40104,LOC,Q40104,Ajaccio,"{ ""wikipedia_page"": ""Ajaccio"", ""wikidata_id"": ""Q40104"" }",20.538095474243164
GDL-1818-08-04-a-i0002,4348,4354,France,Q142,LOC,Q142,France,"{ ""wikipedia_page"": ""France"", ""wikidata_id"": ""Q142"" }",19.176359176635742
GDL-1818-08-04-a-i0002,4360,4366,Italie,Q38,LOC,Q38,Italie,"{ ""wikipedia_page"": ""Italie"", ""wikidata_id"": ""Q38"" }",19.027427673339844
GDL-1818-08-04-a-i0002,4398,4403,Corse,Q22011067,LOC,Q14112,Corse,"{ ""wikipedia_page"": ""Corse"", ""wikidata_id"": ""Q14112"" }",21.457263946533203
GDL-1828-07-04-a-i0008,0,7,ESPAGNE,Q3399982,LOC,Q29,Espagne,"{ ""wikipedia_page"": ""Espagne"", ""wikidata_id"": ""Q29"" }",8.111306190490723
GDL-1828-07-04-a-i0008,9,15,MADRID,Q2807,LOC,Q2807,Madrid,"{ ""wikipedia_page"": ""Madrid"", ""wikidata_id"": ""Q2807"" }",13.579484939575195
GDL-1828-07-04-a-i0008,77,83,Oporto,Q36433,LOC,Q36433,Porto,"{ ""wikipedia_page"": ""Porto"", ""wikidata_id"": ""Q36433"" }",15.220247268676758
GDL-1828-07-04-a-i0008,169,179,don Miguel,Q310790,PER,NIL,don Miguel,"{ ""wikipedia_page"": ""don Miguel"", ""wikidata_id"": ""NIL"" }",16.127641677856445
GDL-1828-07-04-a-i0008,226,231,Beira,NIL,LOC,Q814828,Beira,"{ ""wikipedia_page"": ""Beira"", ""wikidata_id"": ""Q814828"" }",12.126954078674316
GDL-1828-07-04-a-i0008,392,398,Oporto,Q36433,LOC,Q36433,Porto,"{ ""wikipedia_page"": ""Porto"", ""wikidata_id"": ""Q36433"" }",17.118087768554688
GDL-1828-07-04-a-i0008,406,413,Coïmbre,Q45412,LOC,Q45412,Coimbra,,24.215421676635742
GDL-1828-07-04-a-i0008,470,485,général Cadaval,NIL,PER,Q5600806,"Nuno Caetano Álvares Pereira de Melo, 6.º Duque de Cadaval","{ ""wikipedia_page"": ""Nuno Caetano Álvares Pereira de Melo, 6.º Duque de Cadaval"", ""wikidata_id"": ""Q5600806"" }",18.786296844482422
GDL-1828-07-04-a-i0008,556,568,général Fons,NIL,PER,Q15967451,Henri de Fulque,"{ ""wikipedia_page"": ""Henri de La Fressange"", ""wikidata_id"": ""Q15967451"" }",15.967103958129883
GDL-1828-07-04-a-i0008,607,614,Coïmbre,Q45412,LOC,Q45412,Coimbra,,26.793235778808594
GDL-1828-07-04-a-i0008,791,799,Portugal,Q45670,LOC,Q45,Portugal,"{ ""wikipedia_page"": ""Portugal"", ""wikidata_id"": ""Q45"" }",20.08997344970703
GDL-1828-07-04-a-i0008,890,901,curé Mérino,Q9029811,PER,Q437144,Fernando Arturo de Meriño,"{ ""wikipedia_page"": ""Fernando Arturo de Meriño"", ""wikidata_id"": ""Q437144"" }",11.321722030639648
GDL-1828-07-04-a-i0008,968,978,ddn Miguel,Q310790,PER,Q310790,Michel Ier de Portugal,"{ ""wikipedia_page"": ""Miguel Ier de Portugal"", ""wikidata_id"": ""Q310790"" }",14.167360305786133
GDL-1828-07-04-a-i0008,1066,1074,Portugal,Q45670,LOC,Q45,Portugal,,22.01906967163086
GDL-1828-07-04-a-i0008,1385,1393,Portugal,Q45670,LOC,Q45,Portugal,"{ ""wikipedia_page"": ""Portugal"", ""wikidata_id"": ""Q45"" }",21.803268432617188
GDL-1828-07-04-a-i0008,1400,1406,FRANCE,Q142,LOC,Q142,France,"{ ""wikipedia_page"": ""France"", ""wikidata_id"": ""Q142"" }",18.525012969970703
GDL-1828-07-04-a-i0008,1567,1573,France,Q142,LOC,Q58296,Première République française,"{ ""wikipedia_page"": ""Première République française"", ""wikidata_id"": ""Q58296"" }",15.109808921813965
GDL-1828-07-04-a-i0008,1682,1693,M. Salverte,Q3061110,PER,Q3061110,Eusèbe de Salverte,"{ ""wikipedia_page"": ""Eusèbe de Salverte"", ""wikidata_id"": ""Q3061110"" }",17.942777633666992
GDL-1828-07-04-a-i0008,2606,2612,Suisse,Q39,LOC,Q39,Suisse,"{ ""wikipedia_page"": ""Suisse"", ""wikidata_id"": ""Q39"" }",19.72646713256836
GDL-1828-07-04-a-i0008,2890,2896,France,Q142,LOC,Q142,France,"{ ""wikipedia_page"": ""France"", ""wikidata_id"": ""Q142"" }",19.518468856811523
GDL-1828-07-04-a-i0008,2993,3004,M. de Conny,Q20926228,PER,Q350662,Bon-Adrien Jeannot de Moncey,"{ ""wikipedia_page"": ""Bon-Adrien Jeannot de Moncey"", ""wikidata_id"": ""Q350662"" }",14.489002227783203
GDL-1828-07-04-a-i0008,3098,3104,France,Q142,LOC,Q58296,Première République française,"{ ""wikipedia_page"": ""Première République française"", ""wikidata_id"": ""Q58296"" }",14.485027313232422
GDL-1828-07-04-a-i0008,3587,3593,France,Q142,LOC,Q142,France,"{ ""wikipedia_page"": ""France"", ""wikidata_id"": ""Q142"" }",16.701858520507812
GDL-1828-07-04-a-i0008,3602,3610,Helvétie,Q39,LOC,Q602391,Helvétie,"{ ""wikipedia_page"": ""Helvétie"", ""wikidata_id"": ""Q602391"" }",15.953216552734375
GDL-1828-07-04-a-i0008,4101,4110,MARSEILLE,Q23482,LOC,Q23482,Marseille,"{ ""wikipedia_page"": ""Marseille"", ""wikidata_id"": ""Q23482"" }",20.377811431884766
GDL-1828-07-04-a-i0008,4137,4142,Tunis,Q3572,LOC,Q3572,Tunis,,24.98641586303711
GDL-1828-07-04-a-i0008,4235,4242,Navarin,Q238440,LOC,Q238440,bataille de Navarin,"{ ""wikipedia_page"": ""bataille de Navarin"", ""wikidata_id"": ""Q238440"" }",16.19606590270996
GDL-1828-07-04-a-i0008,4454,4461,Biserte,Q189546,LOC,Q189546,Bizerte,"{ ""wikipedia_page"": ""Bizerte"", ""wikidata_id"": ""Q189546"" }",21.878061294555664
GDL-1828-07-04-a-i0008,4664,4680,M. Blanche .-nay,NIL,PER,Q15967319,Pahin de La Blancherie,"{ ""wikipedia_page"": ""Pahin de La Blancherie"", ""wikidata_id"": ""Q15967319"" }",7.44594669342041
GDL-1838-05-15-a-i0002,0,7,AFRIQUE,Q15,LOC,Q15,Afrique,"{ ""wikipedia_page"": ""Afrique"", ""wikidata_id"": ""Q15"" }",20.673463821411133
GDL-1838-05-15-a-i0002,52,61,deBelidah,Q216990,LOC,Q216990,Blida,"{ ""wikipedia_page"": ""Blida"", ""wikidata_id"": ""Q216990"" }",16.945804595947266
GDL-1838-05-15-a-i0002,128,134,France,Q142,LOC,Q142,France,"{ ""wikipedia_page"": ""France"", ""wikidata_id"": ""Q142"" }",14.546180725097656
GDL-1838-05-15-a-i0002,139,153,maréchal Valée,Q1743317,PER,Q1743317,Sylvain Charles Valée,,23.884458541870117
GDL-1838-05-15-a-i0002,221,228,Bélidah,Q216990,LOC,Q216990,Blida,,22.4615421295166
GDL-1838-05-15-a-i0002,562,569,Bélidah,Q216990,LOC,Q216990,Blida,,22.10979461669922
GDL-1838-05-15-a-i0002,895,901,France,Q142,LOC,Q142,France,"{ ""wikipedia_page"": ""France"", ""wikidata_id"": ""Q142"" }",16.700347900390625
GDL-1838-05-15-a-i0002,969,989,plaine de la Melidja,NIL,LOC,NIL,plaine de la Melidja,"{ ""wikipedia_page"": ""Plaine de la Melidja"", ""wikidata_id"": ""NIL"" }",13.323993682861328
GDL-1848-07-04-a-i0001,0,20,CONFÉDÉRATION SUISSE,Q39,LOC,Q435583,Ancienne Confédération suisse,"{ ""wikipedia_page"": ""Ancienne Confédération suisse"", ""wikidata_id"": ""Q435583"" }",13.146976470947266
GDL-1848-07-04-a-i0001,22,39,DIÈTE l'ÉDÉIlA LE,Q250641,ORG,Q209773,Die,"{ ""wikipedia_page"": ""Die"", ""wikidata_id"": ""Q209773"" }",6.736321449279785
GDL-1848-07-04-a-i0001,389,422,Neuchâld SI. Gonzalve-Petitpierre,Q78068340,PER,Q12738,canton de Neuchâtel,"{ ""wikipedia_page"": ""canton de Neuchâtel"", ""wikidata_id"": ""Q12738"" }",17.175682067871094
GDL-1848-07-04-a-i0001,1649,1669,Confédération Suisse,Q39,LOC,Q39,Suisse,,31.944204330444336
GDL-1848-07-04-a-i0001,1746,1752,Tessin,Q31008,LOC,Q3592370,Étienne Tassin,,22.879043579101562
GDL-1848-07-04-a-i0001,1873,1880,Argovie,Q11972,LOC,Q11972,canton d'Argovie,,23.93759536743164
GDL-1848-07-04-a-i0001,2127,2144,conseil des Etals,Q609037,ORG,Q609037,Conseil des États,"{ ""wikipedia_page"": ""Conseil des États"", ""wikidata_id"": ""Q609037"" }",14.642696380615234
GDL-1848-07-04-a-i0001,2283,2289,Zurich,Q11943,LOC,Q72,Zurich,,22.063112258911133
GDL-1848-07-04-a-i0001,2541,2547,Suisse,Q39,LOC,Q39,Suisse,"{ ""wikipedia_page"": ""Suisse"", ""wikidata_id"": ""Q39"" }",21.97650909423828
GDL-1848-07-04-a-i0001,2577,2583,Europe,Q46,LOC,Q46,Europe,"{ ""wikipedia_page"": ""Europe"", ""wikidata_id"": ""Q46"" }",21.51877784729004
GDL-1848-07-04-a-i0001,2609,2615,Luceme,Q12121,LOC,NIL,Luceme,"{ ""wikipedia_page"": ""Luceme"", ""wikidata_id"": ""NIL"" }",16.29458236694336
GDL-1848-07-04-a-i0001,2732,2743,fiàle-ville,Q12172,LOC,NIL,fiàle-ville,"{ ""wikipedia_page"": ""NIL"", ""wikidata_id"": ""NIL"" }",9.782707214355469
GDL-1848-07-04-a-i0001,2944,2952,Scliwylz,Q12433,LOC,NIL,Scliwylz,"{ ""wikipedia_page"": ""Schwyz"", ""wikidata_id"": ""Q114511"" }",18.71977996826172
GDL-1848-07-04-a-i0001,3009,3015,Glatis,Q63912,LOC,Q1529837,Glatt (Thur),"{ ""wikipedia_page"": ""Glatt (Thur)"", ""wikidata_id"": ""Q1529837"" }",16.601102828979492
GDL-1848-07-04-a-i0001,3034,3040,Suisse,Q39,LOC,Q39,Suisse,"{ ""wikipedia_page"": ""Suisse"", ""wikidata_id"": ""Q39"" }",19.64630126953125
GDL-1848-07-04-a-i0001,3112,3118,Genève,Q11917,LOC,Q71,Genève,"{ ""wikipedia_page"": ""Genève"", ""wikidata_id"": ""Q71"" }",14.49746322631836
GDL-1848-07-04-a-i0001,3120,3130,M. Aimeras,Q2643720,PER,Q3379212,Philippe Alméras,"{ ""wikipedia_page"": ""Philippe Alméras"", ""wikidata_id"": ""Q3379212"" }",19.11067008972168
GDL-1848-07-04-a-i0001,3530,3536,Genève,Q11917,LOC,Q71,Genève,"{ ""wikipedia_page"": ""Genève"", ""wikidata_id"": ""Q71"" }",16.883487701416016
GDL-1848-07-04-a-i0001,3668,3675,Grisons,Q11925,LOC,Q11925,canton des Grisons,"{ ""wikipedia_page"": ""canton des Grisons"", ""wikidata_id"": ""Q11925"" }",18.799856185913086
GDL-1848-07-04-a-i0001,3743,3747,fond,Q12771,LOC,Q47468394,,"{ ""wikipedia_page"": ""fond"", ""wikidata_id"": ""Q47468394"" }",5.257590293884277
GDL-1848-07-04-a-i0001,3777,3791,canton de Vaud,Q12771,LOC,Q12771,canton de Vaud,,27.503795623779297
GDL-1848-07-04-a-i0001,4084,4094,Sonderbund,Q672595,ORG,Q672595,Sonderbund,"{ ""wikipedia_page"": ""Sonderbund"", ""wikidata_id"": ""Q672595"" }",20.393321990966797
GDL-1848-07-04-a-i0001,4166,4172,Suisse,Q39,LOC,Q39,Suisse,"{ ""wikipedia_page"": ""Suisse"", ""wikidata_id"": ""Q39"" }",19.24651336669922
GDL-1848-07-04-a-i0001,4333,4342,Thurgovie,Q12713,LOC,Q12713,canton de Thurgovie,"{ ""wikipedia_page"": ""canton de Thurgovie"", ""wikidata_id"": ""Q12713"" }",21.12940788269043
GDL-1848-07-04-a-i0001,4392,4398,Palais,Q834,LOC,Q30911,Palais fédéral,"{ ""wikipedia_page"": ""Palais fédéral"", ""wikidata_id"": ""Q30911"" }",10.973531723022461
GDL-1848-07-04-a-i0001,4436,4441,Berne,Q11911,ORG,Q70,Berne,"{ ""wikipedia_page"": ""Berne"", ""wikidata_id"": ""Q70"" }",21.942758560180664
GDL-1848-07-04-a-i0001,4724,4730,Zurich,Q11943,LOC,Q11943,canton de Zurich,"{ ""wikipedia_page"": ""canton de Zurich"", ""wikidata_id"": ""Q11943"" }",21.82878303527832
GDL-1848-07-04-a-i0001,4732,4739,Solaire,Q11929,LOC,Q12746,canton de Saint-Gall,"{ ""wikipedia_page"": ""canton de Saint-Gall"", ""wikidata_id"": ""Q12746"" }",12.979696273803711
GDL-1848-07-04-a-i0001,4741,4753,Schaff Iwtme,Q12697,LOC,Q12697,canton de Schaffhouse,"{ ""wikipedia_page"": ""canton de Schaffhouse"", ""wikidata_id"": ""Q12697"" }",16.544391632080078
GDL-1848-07-04-a-i0001,4755,4762,St-Gall,Q12746,LOC,Q12746,canton de Saint-Gall,,22.66264533996582
GDL-1848-07-04-a-i0001,4764,4771,Argovie,Q11972,LOC,Q11972,canton d'Argovie,,22.982757568359375
GDL-1848-07-04-a-i0001,4773,4779,Valais,Q834,LOC,Q834,canton du Valais,"{ ""wikipedia_page"": ""canton du Valais"", ""wikidata_id"": ""Q834"" }",21.229883193969727
GDL-1848-07-04-a-i0001,4781,4788,Gerièue,Q11917,LOC,NIL,Gerièue,"{ ""wikipedia_page"": ""canton de Vaud"", ""wikidata_id"": ""Q12377"" }",15.724686622619629
GDL-1848-07-04-a-i0001,4790,4799,Thurgovie,Q12713,LOC,Q12713,canton de Thurgovie,,23.923629760742188
GDL-1848-07-04-a-i0001,4801,4809,Gri sons,Q11925,LOC,Q11925,canton des Grisons,"{ ""wikipedia_page"": ""canton des Grisons"", ""wikidata_id"": ""Q11925"" }",18.776296615600586
GDL-1848-07-04-a-i0001,4811,4824,Baie campagne,Q12146,LOC,Q12146,canton de Bâle-Campagne,"{ ""wikipedia_page"": ""canton de Bâle-Campagne"", ""wikidata_id"": ""Q12146"" }",13.569718360900879
GDL-1848-07-04-a-i0001,4826,4834,Fribourg,Q12640,LOC,Q12640,canton de Fribourg,,24.092350006103516
GDL-1848-07-04-a-i0001,4836,4842,Glaris,Q11922,LOC,Q11922,canton de Glaris,"{ ""wikipedia_page"": ""canton de Glaris"", ""wikidata_id"": ""Q11922"" }",19.85442543029785
GDL-1848-07-04-a-i0001,4844,4850,Luceme,Q12121,LOC,Q12121,canton de Lucerne,"{ ""wikipedia_page"": ""canton de Lucerne"", ""wikidata_id"": ""Q12121"" }",14.859906196594238
GDL-1848-07-04-a-i0001,4854,4857,Zug,Q11933,LOC,Q11933,canton de Zoug,"{ ""wikipedia_page"": ""canton de Zoug"", ""wikidata_id"": ""Q11933"" }",21.281137466430664
GDL-1848-07-04-a-i0001,4859,4868,Neuchâlel,Q12738,LOC,Q12738,canton de Neuchâtel,,24.095317840576172
GDL-1848-07-04-a-i0001,4870,4880,Bàle-ville,Q12172,LOC,Q12172,canton de Bâle-Ville,"{ ""wikipedia_page"": ""Bâle-ville"", ""wikidata_id"": ""Q12172"" }",20.918119430541992
GDL-1848-07-04-a-i0001,4884,4888,Vaud,Q12771,LOC,Q12771,canton de Vaud,"{ ""wikipedia_page"": ""canton de Vaud"", ""wikidata_id"": ""Q12771"" }",21.830068588256836
GDL-1848-07-04-a-i0001,4913,4920,Schwylz,Q12433,LOC,Q12433,canton de Schwytz,"{ ""wikipedia_page"": ""canton de Schwytz"", ""wikidata_id"": ""Q12433"" }",19.350990295410156
GDL-1848-07-04-a-i0001,4949,4952,Uri,Q12404,LOC,Q12404,canton d'Uri,"{ ""wikipedia_page"": ""canton d'Uri"", ""wikidata_id"": ""Q12404"" }",19.84316635131836
GDL-1848-07-04-a-i0001,4954,4965,Unlerwalden,Q214069,LOC,Q214069,Canton d'Unterwald,"{ ""wikipedia_page"": ""canton d'Unterwald"", ""wikidata_id"": ""Q214069"" }",16.638818740844727
GDL-1848-07-04-a-i0001,4969,4988,Appenzell-intérieur,Q12094,LOC,Q12094,canton d'Appenzell Rhodes-Intérieures,,25.424104690551758
GDL-1848-07-04-a-i0001,5180,5185,Berne,Q11911,LOC,Q11911,canton de Berne,,24.79004669189453
GDL-1848-07-04-a-i0001,5254,5264,Bàle-ville,Q12172,LOC,Q12172,canton de Bâle-Ville,"{ ""wikipedia_page"": ""canton de Bâle-Ville"", ""wikidata_id"": ""Q12172"" }",19.871366500854492
GDL-1848-07-04-a-i0001,5266,5271,Berne,Q11911,LOC,Q70,Berne,"{ ""wikipedia_page"": ""Berne"", ""wikidata_id"": ""Q70"" }",19.315479278564453
GDL-1848-07-04-a-i0001,5275,5281,Genève,Q11917,LOC,Q71,Genève,"{ ""wikipedia_page"": ""Genève"", ""wikidata_id"": ""Q71"" }",16.33930015563965
GDL-1848-07-04-a-i0001,5283,5288,Berne,Q11911,LOC,Q11911,canton de Berne,"{ ""wikipedia_page"": ""canton de Berne"", ""wikidata_id"": ""Q11911"" }",20.800209045410156
GDL-1848-07-04-a-i0001,5615,5621,Europe,Q46,LOC,Q46,Europe,"{ ""wikipedia_page"": ""Europe"", ""wikidata_id"": ""Q46"" }",19.960838317871094
GDL-1848-07-04-a-i0001,5666,5672,Suisse,Q39,LOC,Q39,Suisse,"{ ""wikipedia_page"": ""Suisse"", ""wikidata_id"": ""Q39"" }",20.572437286376953
GDL-1848-07-04-a-i0001,5931,5938,GRISONS,Q11925,LOC,Q11925,canton des Grisons,"{ ""wikipedia_page"": ""canton des Grisons"", ""wikidata_id"": ""Q11925"" }",15.217850685119629
GDL-1848-07-04-a-i0001,5940,5945,Cornu,Q69007,LOC,Q68819,Cornol,"{ ""wikipedia_page"": ""Cornol"", ""wikidata_id"": ""Q68819"" }",15.27983283996582
GDL-1848-07-04-a-i0001,6476,6481,Tyrol,Q16543832,LOC,Q153809,Tyrol,"{ ""wikipedia_page"": ""Tyrol"", ""wikidata_id"": ""Q153809"" }",16.712820053100586
GDL-1848-07-04-a-i0001,6491,6501,Luinbardie,Q1210,LOC,Q657832,Lunigiana,"{ ""wikipedia_page"": ""Lunigiana"", ""wikidata_id"": ""Q657832"" }",13.66927433013916
GDL-1848-07-04-a-i0001,7166,7220,"M. Albertmi de Ponte, président du gouvernement actuel",Q42314535,PER,Q2422485,Albert-François de Moré de Pontgibaud,"{ ""wikipedia_page"": ""Albert-François de Moré de Pontgibaud"", ""wikidata_id"": ""Q2422485"" }",8.288496971130371
GDL-1848-07-04-a-i0001,7460,7464,Rhin,Q584,LOC,Q584,Rhin,"{ ""wikipedia_page"": ""Rhin"", ""wikidata_id"": ""Q584"" }",21.99486541748047
GDL-1848-07-04-a-i0001,7701,7706,BERNE,Q11911,LOC,Q70,Berne,,24.923442840576172
GDL-1848-07-04-a-i0001,7783,7789,Vororl,Q687312,ORG,Q38981,Vorarlberg,"{ ""wikipedia_page"": ""Vorarlberg"", ""wikidata_id"": ""Q38981"" }",13.660966873168945
GDL-1848-07-04-a-i0001,7872,7896,MM. 'Ochsenbeinet Tiller,NIL,PER,Q22246921,Othon de Lalaing,"{ ""wikipedia_page"": ""Othon de Lalaing"", ""wikidata_id"": ""Q22246921"" }",12.135937690734863
GDL-1848-07-04-a-i0001,7955,7976,M. le comte lleinhart,Q15968796,PER,Q119278,Heinrich Lienhard,"{ ""wikipedia_page"": ""Heinrich Lienhard"", ""wikidata_id"": ""Q119278"" }",10.433253288269043
GDL-1848-07-04-a-i0001,8050,8056,Suisse,Q39,LOC,Q39,Suisse,,22.369667053222656
GDL-1848-07-04-a-i0001,8155,8159,Saxe,Q153015,LOC,Q153015,royaume de Saxe,"{ ""wikipedia_page"": ""royaume de Saxe"", ""wikidata_id"": ""Q153015"" }",18.190723419189453
GDL-1848-07-04-a-i0001,8181,8187,Suisse,Q39,LOC,Q39,Suisse,"{ ""wikipedia_page"": ""Suisse"", ""wikidata_id"": ""Q39"" }",17.58326530456543
GDL-1848-07-04-a-i0001,8284,8294,M. Eénélon,NIL,PER,Q3588616,Émile Lenoël,"{ ""wikipedia_page"": ""Émile Lenoël"", ""wikidata_id"": ""Q3588616"" }",12.119878768920898
GDL-1848-07-04-a-i0001,8298,8307,M. Thiard,Q789734,PER,Q5738,Adolphe Thiers,"{ ""wikipedia_page"": ""Adolphe Thiers"", ""wikidata_id"": ""Q5738"" }",8.538661003112793
GDL-1848-07-04-a-i0001,8359,8367,FIUBOUKG,Q12640,LOC,NIL,FIUBOUKG,"{ ""wikipedia_page"": ""NIL"", ""wikidata_id"": ""NIL"" }",5.5775322914123535
GDL-1848-07-04-a-i0001,9283,9290,JNeyruz,Q66466,LOC,Q66466,Neyruz,"{ ""wikipedia_page"": ""Neyruz"", ""wikidata_id"": ""Q66466"" }",11.423816680908203
GDL-1848-07-04-a-i0001,9717,9739,MM. le docleur Bussard,Q18683241,PER,Q18683241,Jean-François-Marcellin Bussard,"{ ""wikipedia_page"": ""Jean-François-Marcellin Bussard"", ""wikidata_id"": ""Q18683241"" }",14.369217872619629
GDL-1848-07-04-a-i0001,9743,9812,"Castela, membre du conseil d'Etat et directeur de la police cantonale",Q15621773,PER,Q51023032,Didier Castella,"{ ""wikipedia_page"": ""Didier Castella"", ""wikidata_id"": ""Q51023032"" }",14.150557518005371
GDL-1848-07-04-a-i0001,9838,9867,"M. Thorin, préfet de Fribourg",Q15663331,PER,Q3588273,Émile-Ambroise Thirion,"{ ""wikipedia_page"": ""Émile-Ambroise Thirion"", ""wikidata_id"": ""Q3588273"" }",13.14360237121582
GDL-1848-07-04-a-i0001,9898,9912,conseil d'Etat,Q2717001,ORG,Q2717001,Conseil d'État du canton de Fribourg,"{ ""wikipedia_page"": ""Conseil d'État du canton de Fribourg"", ""wikidata_id"": ""Q2717001"" }",14.632669448852539
GDL-1848-07-04-a-i0001,9932,9959,"M. Chalonay, démissionnaire",NIL,PER,Q106410598,Joseph de Chastonay,"{ ""wikipedia_page"": ""Joseph de Chastonay"", ""wikidata_id"": ""Q106410598"" }",16.124385833740234
GDL-1848-07-04-a-i0001,9961,9978,M. Abram Fasnacht,NIL,PER,Q23060241,Alfred Fasnacht,"{ ""wikipedia_page"": ""Abram Fasnacht"", ""wikidata_id"": ""Q23060241"" }",13.450094223022461
GDL-1848-07-04-a-i0001,10037,10046,M. Thorin,Q15663331,PER,Q15663331,Alexandre Thorin,"{ ""wikipedia_page"": ""Alexandre Thorin"", ""wikidata_id"": ""Q15663331"" }",14.351101875305176
GDL-1848-07-04-a-i0001,10223,10245,district de la St-Gine,Q645585,LOC,Q645585,district de la Singine,"{ ""wikipedia_page"": ""district de la Singine"", ""wikidata_id"": ""Q645585"" }",12.453654289245605
GDL-1848-07-04-a-i0001,10798,10812,conseil d'Elat,Q2717001,ORG,NIL,conseil d'Elat,"{ ""wikipedia_page"": ""Conseil d'État"", ""wikidata_id"": ""Q19979"" }",17.675966262817383
GDL-1848-07-04-a-i0001,11169,11175,GENÈVE,Q11917,LOC,Q71,Genève,,25.645652770996094
GDL-1848-07-04-a-i0001,11271,11312,"M. Fallot, imprimeur du Journal de Genève",NIL,PER,Q3222634,Le Falot,"{ ""wikipedia_page"": ""Le Falot"", ""wikidata_id"": ""Q3222634"" }",15.71400260925293
GDL-1848-07-04-a-i0001,11318,11362,"M. Jaquemot, imprimeur dé la Voix Catholique",NIL,PER,NIL,"M. Jaquemot, imprimeur dé la Voix Catholique","{ ""wikipedia_page"": ""M. Jaquemot, imprimeur dé la Voix Catholique"", ""wikidata_id"": ""NIL"" }",17.564422607421875
GDL-1848-07-04-a-i0001,11441,11447,Tessin,Q31008,LOC,Q12724,canton du Tessin,"{ ""wikipedia_page"": ""canton du Tessin"", ""wikidata_id"": ""Q12724"" }",21.819812774658203
GDL-1848-07-04-a-i0001,11546,11556,Sonderbund,Q672595,ORG,Q672595,Sonderbund,"{ ""wikipedia_page"": ""Sonderbund"", ""wikidata_id"": ""Q672595"" }",21.17871856689453
GDL-1848-07-04-a-i0001,11617,11623,Vienne,Q1741,LOC,Q1741,Vienne,"{ ""wikipedia_page"": ""Vienne"", ""wikidata_id"": ""Q1741"" }",21.320714950561523
GDL-1848-07-04-a-i0001,11697,11703,Glaris,Q11922,LOC,Q63912,Glaris,"{ ""wikipedia_page"": ""Glaris"", ""wikidata_id"": ""Q63912"" }",20.98842430114746
GDL-1848-07-04-a-i0001,11850,11856,Vienne,Q1741,LOC,Q1741,Vienne,"{ ""wikipedia_page"": ""Vienne"", ""wikidata_id"": ""Q1741"" }",17.26367950439453
GDL-1848-07-04-a-i0001,11862,11868,Zurich,Q11943,LOC,Q72,Zurich,"{ ""wikipedia_page"": ""Zurich"", ""wikidata_id"": ""Q72"" }",21.588768005371094
GDL-1848-07-04-a-i0001,11952,11959,Lucerne,Q12121,LOC,Q12121,canton de Lucerne,"{ ""wikipedia_page"": ""canton de Lucerne"", ""wikidata_id"": ""Q12121"" }",19.392799377441406
GDL-1848-07-04-a-i0001,12090,12097,Schwylz,Q12433,LOC,Q68155,Schwytz,"{ ""wikipedia_page"": ""Schwytz"", ""wikidata_id"": ""Q68155"" }",17.475038528442383
GDL-1848-07-04-a-i0001,12118,12161,redoutédesbaleliersdulae des Quatre-Cantons,Q14381,LOC,Q202748,,"{ ""wikipedia_page"": ""Föhn (weather)"", ""wikidata_id"": ""Q202748"" }",7.416740417480469
GDL-1848-07-04-a-i0001,12208,12228,vallée de la Jluotha,Q66069,LOC,Q675178,vallée de Joux,"{ ""wikipedia_page"": ""vallée de Joux"", ""wikidata_id"": ""Q675178"" }",11.790093421936035
GDL-1848-07-04-a-i0001,12343,12350,Argovie,Q11972,LOC,Q11972,canton d'Argovie,"{ ""wikipedia_page"": ""canton d'Argovie"", ""wikidata_id"": ""Q11972"" }",16.45529556274414
GDL-1848-07-04-a-i0001,12430,12515,"Henri Zschokke, cet aimable et infatigable écrivain, l'ami et l'instituteur du peuple",Q66207,PER,Q66207,Johann Heinrich Daniel Zschokke,"{ ""wikipedia_page"": ""Johann Heinrich Daniel Zschokke"", ""wikidata_id"": ""Q66207"" }",16.0826358795166
GDL-1848-07-04-a-i0001,12541,12545,Arau,Q14274,LOC,Q14274,Aarau,"{ ""wikipedia_page"": ""Aarau"", ""wikidata_id"": ""Q14274"" }",18.28723907470703
GDL-1848-07-04-a-i0001,12587,12595,LAESANMÎ,Q807,LOC,NIL,LAESANMÎ,"{ ""wikipedia_page"": ""Henri Zschokke"", ""wikidata_id"": ""Q113932"" }",4.898458480834961
GDL-1848-07-04-a-i0001,12612,12626,conseil d'Etat,Q662792,ORG,Q662792,Conseil d'État du canton de Vaud,"{ ""wikipedia_page"": ""Conseil d'État du canton de Vaud"", ""wikidata_id"": ""Q662792"" }",9.476481437683105
GDL-1848-07-04-a-i0001,12704,12715,M. Fornerod,Q116978,PER,Q116978,Constant Fornerod,"{ ""wikipedia_page"": ""Constant Fornerod"", ""wikidata_id"": ""Q116978"" }",17.802690505981445
GDL-1848-07-04-a-i0001,12719,12733,conseil d'Elat,Q662792,ORG,NIL,conseil d'Elat,"{ ""wikipedia_page"": ""conseil d'État"", ""wikidata_id"": ""Q2993743"" }",15.754874229431152
GDL-1848-07-04-a-i0001,12759,12774,M. Guex-Gaudard,NIL,PER,NIL,M. Guex-Gaudard,"{ ""wikipedia_page"": ""Guillaume-Henri Guex-Gaudard"", ""wikidata_id"": ""NIL"" }",20.757856369018555
GDL-1848-07-04-a-i0001,12876,12892,canton de VpûdV',Q12771,LOC,Q1726601,canton d'Orvault,"{ ""wikipedia_page"": ""canton de Vaud"", ""wikidata_id"": ""Q1726601"" }",8.47905158996582
GDL-1848-07-04-a-i0001,13169,13175,France,Q142,LOC,Q142,France,"{ ""wikipedia_page"": ""France"", ""wikidata_id"": ""Q142"" }",17.210206985473633
GDL-1848-07-04-a-i0001,13885,13891,France,Q142,LOC,Q142,France,"{ ""wikipedia_page"": ""France"", ""wikidata_id"": ""Q142"" }",16.552698135375977
GDL-1848-10-03-a-i0001,0,20,CONFÉDÉRATION SUISSE,Q39,LOC,Q39,Suisse,"{ ""wikipedia_page"": ""Confédération suisse"", ""wikidata_id"": ""Q39"" }",19.770790100097656
GDL-1848-10-03-a-i0001,22,27,BERNE,Q11911,LOC,Q70,Berne,,24.014619827270508
GDL-1848-10-03-a-i0001,32,42,Directoire,Q219817,ORG,Q219817,Directoire,"{ ""wikipedia_page"": ""Directoire"", ""wikidata_id"": ""Q219817"" }",11.694982528686523
GDL-1848-10-03-a-i0001,372,378,Zurich,Q11943,LOC,Q11943,canton de Zurich,"{ ""wikipedia_page"": ""canton de Zurich"", ""wikidata_id"": ""Q11943"" }",18.08435821533203
GDL-1848-10-03-a-i0001,380,390,Bàle-ville,Q12172,LOC,Q78,Bâle,"{ ""wikipedia_page"": ""Bâle"", ""wikidata_id"": ""Q78"" }",12.499382972717285
GDL-1848-10-03-a-i0001,788,800,Trachselwald,Q661104,LOC,Q67086,Trachselwald,"{ ""wikipedia_page"": ""Trachselwald"", ""wikidata_id"": ""Q67086"" }",17.864444732666016
GDL-1848-10-03-a-i0001,805,811,Signau,Q661807,LOC,Q67289,Signau,"{ ""wikipedia_page"": ""Signau"", ""wikidata_id"": ""Q67289"" }",17.09234619140625
GDL-1848-10-03-a-i0001,818,829,Konolfingen,Q661300,LOC,Q66211,Konolfingen,"{ ""wikipedia_page"": ""Konolfingen"", ""wikidata_id"": ""Q66211"" }",19.176076889038086
GDL-1848-10-03-a-i0001,859,896,Emmenthal MM. l'ancien avoyer Neubaus,Q1732469,PER,Q666253,arrondissement administratif de l'Emmental,"{ ""wikipedia_page"": ""arrondissement administratif de l'Emmental"", ""wikidata_id"": ""Q666253"" }",12.252104759216309
GDL-1848-10-03-a-i0001,902,924,conseillers Oehsenbein,Q558011,PER,Q558011,Ulrich Ochsenbein,"{ ""wikipedia_page"": ""Ulrich Ochsenbein"", ""wikidata_id"": ""Q558011"" }",9.526226043701172
GDL-1848-10-03-a-i0001,928,937,Slajmpfly,Q662344,PER,Q662344,Jakob Stämpfli,"{ ""wikipedia_page"": ""Jakob Stämpfli"", ""wikidata_id"": ""Q662344"" }",17.19045066833496
GDL-1848-10-03-a-i0001,1042,1049,Aarberg,Q64113,LOC,Q64113,Aarberg,,28.74631118774414
GDL-1848-10-03-a-i0001,1105,1112,Seeland,Q691156,LOC,Q25535,Seeland,"{ ""wikipedia_page"": ""Seeland"", ""wikidata_id"": ""Q25535"" }",11.354157447814941
GDL-1848-10-03-a-i0001,1128,1133,Berne,Q70,LOC,Q70,Berne,,28.717924118041992
GDL-1848-10-03-a-i0001,1280,1297,conseil des Etats,Q609037,ORG,Q676078,Conseil national,"{ ""wikipedia_page"": ""Conseil national"", ""wikidata_id"": ""Q676078"" }",16.538454055786133
GDL-1848-10-03-a-i0001,1327,1342,conseil fédéral,Q30917,ORG,Q30917,Conseil fédéral,"{ ""wikipedia_page"": ""Conseil fédéral"", ""wikidata_id"": ""Q30917"" }",20.400747299194336
GDL-1848-10-03-a-i0001,1360,1379,hôtel de la Monnaie,NIL,LOC,Q1728061,,,26.46442413330078
GDL-1848-10-03-a-i0001,1386,1400,bataillon Benz,NIL,ORG,Q16008901,Bandes suisses,"{ ""wikipedia_page"": ""Bandes suisses"", ""wikidata_id"": ""Q16008901"" }",13.898322105407715
GDL-1848-10-03-a-i0001,1405,1411,Zurich,Q11943,LOC,Q72,Zurich,"{ ""wikipedia_page"": ""Zurich"", ""wikidata_id"": ""Q72"" }",20.629135131835938
GDL-1848-10-03-a-i0001,1419,1433,bataillon Fiih,NIL,ORG,Q16008952,régiment de Diesbach,"{ ""wikipedia_page"": ""Régiment de Diesbach"", ""wikidata_id"": ""Q16008952"" }",12.693781852722168
GDL-1848-10-03-a-i0001,1438,1445,Sl-Gall,Q12746,LOC,Q12746,canton de Saint-Gall,"{ ""wikipedia_page"": ""canton de Saint-Gall"", ""wikidata_id"": ""Q12746"" }",17.632736206054688
GDL-1848-10-03-a-i0001,1535,1541,Tessin,Q31008,LOC,Q12724,canton du Tessin,"{ ""wikipedia_page"": ""canton du Tessin"", ""wikidata_id"": ""Q12724"" }",20.83061408996582
GDL-1848-10-03-a-i0001,1582,1592,Bellinzone,Q64044,LOC,Q64044,Bellinzone,,23.313432693481445
GDL-1848-10-03-a-i0001,1596,1630,MM. les anciens landammann Abyberg,Q1311183,PER,Q15973344,Firmin Aubergé,"{ ""wikipedia_page"": ""Firmin Aubergé"", ""wikidata_id"": ""Q15973344"" }",8.268132209777832
GDL-1848-10-03-a-i0001,1634,1642,Holdener,Q21294690,PER,Q21294689,Fridolin Holdener,"{ ""wikipedia_page"": ""Fridolin Holdener"", ""wikidata_id"": ""Q21294689"" }",12.308741569519043
GDL-1848-10-03-a-i0001,1647,1654,Schwyiz,Q12433,LOC,Q68155,Schwytz,"{ ""wikipedia_page"": ""Schwytz"", ""wikidata_id"": ""Q68155"" }",15.162534713745117
GDL-1848-10-03-a-i0001,1759,1767,Inspruck,Q1735,LOC,Q1735,Innsbruck,"{ ""wikipedia_page"": ""Innsbruck"", ""wikidata_id"": ""Q1735"" }",20.07292938232422
GDL-1848-10-03-a-i0001,1850,1857,Messine,Q13666,LOC,Q13666,Messine,,24.82447052001953
GDL-1848-10-03-a-i0001,1859,1872,M. Gonzenbacb,NIL,PER,Q98807002,Hans Jakob Gonzenbach,"{ ""wikipedia_page"": ""Hans Jakob Gonzenbach"", ""wikidata_id"": ""Q98807002"" }",16.729265213012695
GDL-1848-10-03-a-i0001,2022,2029,Messine,Q13666,LOC,Q13666,Messine,,23.59044075012207
GDL-1848-10-03-a-i0001,2105,2112,Païenne,Q2656,LOC,Q1236193,Peanía,"{ ""wikipedia_page"": ""Païenne"", ""wikidata_id"": ""Q1236193"" }",13.895630836486816
GDL-1848-10-03-a-i0001,3308,3319,rue Giudeca,Q21167359,LOC,Q2936058,canal de la Giudecca,"{ ""wikipedia_page"": ""rue Giudeca"", ""wikidata_id"": ""Q2936058"" }",16.694839477539062
GDL-1848-10-03-a-i0001,3324,3338,faubourg Zaera,NIL,LOC,Q140173,Zaffaraya,"{ ""wikipedia_page"": ""Zaffaraya"", ""wikidata_id"": ""Q140173"" }",12.687911033630371
GDL-1848-10-03-a-i0001,3346,3368,deux villages de Gazzi,Q2183964,LOC,NIL,deux villages de Gazzi,"{ ""wikipedia_page"": ""Gazzi"", ""wikidata_id"": ""NIL"" }",12.310523986816406
GDL-1848-10-03-a-i0001,3375,3383,Conlessa,Q490808,LOC,Q3686171,Concesa,"{ ""wikipedia_page"": ""Concesa"", ""wikidata_id"": ""Q3686171"" }",18.49802017211914
GDL-1848-10-03-a-i0001,3417,3424,Calania,Q1903,LOC,Q54597,Caulonia,"{ ""wikipedia_page"": ""Caulonia"", ""wikidata_id"": ""Q54597"" }",16.883678436279297
GDL-1848-10-03-a-i0001,3490,3506,ville de Messine,Q13666,LOC,Q20991250,ville métropolitaine de Messine,"{ ""wikipedia_page"": ""ville métropolitaine de Messine"", ""wikidata_id"": ""Q20991250"" }",14.685680389404297
GDL-1848-10-03-a-i0001,3658,3671,M. Gonzenbacb,NIL,PER,Q3056977,Ernest Gengenbach,"{ ""wikipedia_page"": ""Gonzenbach"", ""wikidata_id"": ""Q3056977"" }",13.214585304260254
GDL-1848-10-03-a-i0001,3759,3785,"M. Jacques Zwiki, brasseur",NIL,PER,Q836904,brasseur,"{ ""wikipedia_page"": ""brasseur"", ""wikidata_id"": ""Q836904"" }",10.64369010925293
GDL-1848-10-03-a-i0001,3918,3930,MM. Colondre,NIL,PER,Q3098959,Gaston Coulondre,"{ ""wikipedia_page"": ""Gaston Coulondre"", ""wikidata_id"": ""Q3098959"" }",7.951138496398926
GDL-1848-10-03-a-i0001,3990,4009,M. Valenlin Schaber,NIL,PER,Q8312521,Alwin Schaper,"{ ""wikipedia_page"": ""Alwin Schaper"", ""wikidata_id"": ""Q8312521"" }",11.215145111083984
GDL-1848-10-03-a-i0001,4125,4144,MM. A. Diernwachter,NIL,PER,NIL,MM. A. Diernwachter,"{ ""wikipedia_page"": ""NIL"", ""wikidata_id"": ""NIL"" }",9.974567413330078
GDL-1848-10-03-a-i0001,4148,4190,"Henri lirunner, possesseurs d'une fabrique",NIL,PER,NIL,"Henri lirunner, possesseurs d'une fabrique","{ ""wikipedia_page"": ""NIL"", ""wikidata_id"": ""NIL"" }",13.442108154296875
GDL-1848-10-03-a-i0001,4253,4270,M. Jacques Signer,NIL,PER,Q78071359,Jakob Signer,"{ ""wikipedia_page"": ""Jacques Signer"", ""wikidata_id"": ""Q78071359"" }",17.35331916809082
GDL-1848-10-03-a-i0001,4311,4327,M. Jacques Ruegg,NIL,PER,Q123134,Roger Schütz,"{ ""wikipedia_page"": ""Jacques Ruegg"", ""wikidata_id"": ""Q123134"" }",15.638253211975098
GDL-1848-10-03-a-i0001,4550,4555,Berne,Q11911,LOC,Q70,Berne,,27.896408081054688
GDL-1848-10-03-a-i0001,4638,4643,Berne,Q11911,LOC,Q11911,canton de Berne,"{ ""wikipedia_page"": ""canton de Berne"", ""wikidata_id"": ""Q11911"" }",21.8791561126709
GDL-1848-10-03-a-i0001,4759,4765,Suisse,Q39,LOC,Q39,Suisse,"{ ""wikipedia_page"": ""Suisse"", ""wikidata_id"": ""Q39"" }",16.75357437133789
GDL-1848-10-03-a-i0001,4829,4848,grand duché de Bade,Q186320,LOC,Q186320,grand-duché de Bade,"{ ""wikipedia_page"": ""grand-duché de Bade"", ""wikidata_id"": ""Q186320"" }",19.105384826660156
GDL-1848-10-03-a-i0001,4925,4931,Suisse,Q39,LOC,Q39,Suisse,"{ ""wikipedia_page"": ""Suisse"", ""wikidata_id"": ""Q39"" }",19.161113739013672
GDL-1848-10-03-a-i0001,5189,5250,"organe de l'envoyé du pouvoir central germanique, M. lïaveaux",Q1448649,PER,Q3241516,Lingamiau,"{ ""wikipedia_page"": ""Lingamiau"", ""wikidata_id"": ""Q3241516"" }",8.255928039550781
GDL-1848-10-03-a-i0001,5517,5523,Suisse,Q39,LOC,Q39,Suisse,"{ ""wikipedia_page"": ""Suisse"", ""wikidata_id"": ""Q39"" }",17.24568748474121
GDL-1848-10-03-a-i0001,5542,5551,Francfort,Q1794,LOC,Q1794,Francfort-sur-le-Main,,26.5224609375
GDL-1848-10-03-a-i0001,5562,5569,Cologne,Q365,LOC,Q365,Cologne,,26.466739654541016
GDL-1848-10-03-a-i0001,5656,5661,Berne,Q70,LOC,Q70,Berne,,27.692712783813477
GDL-1848-10-03-a-i0001,5812,5820,Radelzki,Q153500,PER,Q153500,Joseph Radetzky,"{ ""wikipedia_page"": ""Joseph Radetzky"", ""wikidata_id"": ""Q153500"" }",20.9611759185791
GDL-1848-10-03-a-i0001,5973,5982,Lombardie,Q1210,LOC,Q1210,Lombardie,"{ ""wikipedia_page"": ""Lombardie"", ""wikidata_id"": ""Q1210"" }",18.94585609436035
GDL-1848-10-03-a-i0001,6161,6167,Tessin,Q31008,LOC,Q12724,canton du Tessin,"{ ""wikipedia_page"": ""canton du Tessin"", ""wikidata_id"": ""Q12724"" }",17.91047477722168
GDL-1848-10-03-a-i0001,6370,6376,Vienne,Q1741,LOC,Q1741,Vienne,"{ ""wikipedia_page"": ""Vienne"", ""wikidata_id"": ""Q1741"" }",21.194944381713867
GDL-1848-10-03-a-i0001,6411,6421,Directoire,Q219817,ORG,Q219817,Directoire,"{ ""wikipedia_page"": ""Directoire"", ""wikidata_id"": ""Q219817"" }",8.472525596618652
GDL-1848-10-03-a-i0001,7258,7264,Konitz,Q64058,LOC,Q1796540,Könitz,"{ ""wikipedia_page"": ""Könitz"", ""wikidata_id"": ""Q1796540"" }",12.39918041229248
GDL-1848-10-03-a-i0001,7311,7321,Ochsenbein,Q558011,PER,Q558011,Ulrich Ochsenbein,"{ ""wikipedia_page"": ""Ulrich Ochsenbein"", ""wikidata_id"": ""Q558011"" }",20.113889694213867
GDL-1848-10-03-a-i0001,7323,7328,Funek,NIL,PER,Q16439243,Alphonse Funck,"{ ""wikipedia_page"": ""Alphonse Funck"", ""wikidata_id"": ""Q16439243"" }",14.700521469116211
GDL-1848-10-03-a-i0001,7330,7340,Imobersteg,NIL,PER,Q1562487,Jürg Im Obersteg,"{ ""wikipedia_page"": ""Jürg Im Obersteg"", ""wikidata_id"": ""Q1562487"" }",12.517005920410156
GDL-1848-10-03-a-i0001,7342,7353,D Schneider,NIL,PER,Q368966,Eugène Schneider,"{ ""wikipedia_page"": ""Eugène Schneider"", ""wikidata_id"": ""Q368966"" }",9.385112762451172
GDL-1848-10-03-a-i0001,7355,7367,D Wyttenbach,NIL,PER,Q116034,Daniel Albert Wyttenbach,"{ ""wikipedia_page"": ""Daniel Albert Wyttenbach"", ""wikidata_id"": ""Q116034"" }",14.409795761108398
GDL-1848-10-03-a-i0001,7574,7595,ancien avoyer Neuhaus,Q1732469,PER,Q3052526,Emmanuel-Michel-Bertrand-Gaspard Neuhaus,"{ ""wikipedia_page"": ""Emmanuel-Michel-Bertrand-Gaspard Neuhaus"", ""wikidata_id"": ""Q3052526"" }",10.287511825561523
GDL-1848-10-03-a-i0001,7973,7977,Jura,Q12755,LOC,Q12755,canton du Jura,"{ ""wikipedia_page"": ""canton du Jura"", ""wikidata_id"": ""Q12755"" }",19.333473205566406
GDL-1848-10-03-a-i0001,8217,8303,"M. Migy, juge d'appel, ancien commissaire fédéral dans le canton d'Uri et de Neuchàtel",Q2061299,PER,Q2061299,Paul Migy,"{ ""wikipedia_page"": ""Paul Migy"", ""wikidata_id"": ""Q2061299"" }",14.74843692779541
GDL-1858-07-12-a-i0002,22,28,FRANGE,Q142,LOC,Q142,France,"{ ""wikipedia_page"": ""France"", ""wikidata_id"": ""Q142"" }",16.275508880615234
GDL-1858-07-12-a-i0002,65,72,Gazette,Q3099751,PROD,Q2306879,La Gazette,"{ ""wikipedia_page"": ""La Gazette"", ""wikidata_id"": ""Q2306879"" }",17.941640853881836
GDL-1858-07-12-a-i0002,75,80,Paris,Q90,LOC,Q90,Paris,"{ ""wikipedia_page"": ""Paris"", ""wikidata_id"": ""Q90"" }",21.025955200195312
GDL-1858-07-12-a-i0002,230,240,Angleterre,Q21,LOC,Q21,Angleterre,"{ ""wikipedia_page"": ""Angleterre"", ""wikidata_id"": ""Q21"" }",18.43091583251953
GDL-1858-07-12-a-i0002,254,264,Cher bourg,Q3667188,LOC,Q160199,Cherbourg-Octeville,,22.366878509521484
GDL-1858-07-12-a-i0002,270,278,Moniteur,Q1410997,PROD,Q1410997,Le Moniteur universel,"{ ""wikipedia_page"": ""Le Moniteur universel"", ""wikidata_id"": ""Q1410997"" }",14.911361694335938
GDL-1858-07-12-a-i0002,356,370,reine Victoria,Q9439,PER,Q9439,Victoria,,23.695098876953125
GDL-1858-07-12-a-i0002,381,390,Cherbourg,Q3667188,LOC,Q160199,Cherbourg-Octeville,,25.20883560180664
GDL-1858-07-12-a-i0002,428,442,M. de Persigny,Q3174556,PER,Q3174556,Victor de Persigny,"{ ""wikipedia_page"": ""Victor de Persigny"", ""wikidata_id"": ""Q3174556"" }",18.147907257080078
GDL-1858-07-12-a-i0002,552,557,Paris,Q90,LOC,Q90,Paris,"{ ""wikipedia_page"": ""Paris"", ""wikidata_id"": ""Q90"" }",20.198640823364258
GDL-1858-07-12-a-i0002,605,615,Angleterre,Q21,LOC,Q21,Angleterre,"{ ""wikipedia_page"": ""Angleterre"", ""wikidata_id"": ""Q21"" }",16.966930389404297
GDL-1858-07-12-a-i0002,654,662,Moniteur,Q1410997,PROD,Q1410997,Le Moniteur universel,"{ ""wikipedia_page"": ""Le Moniteur universel"", ""wikidata_id"": ""Q1410997"" }",15.518019676208496
GDL-1858-07-12-a-i0002,722,728,France,Q142,LOC,Q142,France,"{ ""wikipedia_page"": ""France"", ""wikidata_id"": ""Q142"" }",20.26917266845703
GDL-1858-07-12-a-i0002,1435,1449,reine Victoria,Q9439,PER,Q9439,Victoria,,26.058849334716797
GDL-1858-07-12-a-i0002,1470,1485,Lord Malmesbury,Q321003,PER,Q1277349,comte de Malmesbury,"{ ""wikipedia_page"": ""comte de Malmesbury"", ""wikidata_id"": ""Q1277349"" }",21.056703567504883
GDL-1858-07-12-a-i0002,1487,1497,lord Derby,Q237829,PER,Q237829,Edward Smith-Stanley,"{ ""wikipedia_page"": ""Edward Smith-Stanley"", ""wikidata_id"": ""Q237829"" }",16.66626739501953
GDL-1858-07-12-a-i0002,1501,1512,M. Disraeli,Q82006,PER,Q82006,Benjamin Disraeli,"{ ""wikipedia_page"": ""Benjamin Disraeli"", ""wikidata_id"": ""Q82006"" }",19.69552993774414
GDL-1858-07-12-a-i0002,1536,1544,Malakoff,Q128764,LOC,Q253721,Malakoff,"{ ""wikipedia_page"": ""Malakoff"", ""wikidata_id"": ""Q253721"" }",14.312569618225098
GDL-1858-07-12-a-i0002,1632,1654,M le comte de Walewski,Q435375,PER,Q435375,Alexandre Colonna Walewski,"{ ""wikipedia_page"": ""Alexandre Colonna Walewski"", ""wikidata_id"": ""Q435375"" }",11.204465866088867
GDL-1858-07-12-a-i0002,1730,1748,château d'Eliolles,Q81711098,LOC,Q1103953,Étiolles,"{ ""wikipedia_page"": ""Étiolles"", ""wikidata_id"": ""Q1103953"" }",14.857666969299316
GDL-1858-07-12-a-i0002,2038,2042,Nord,NIL,PROD,Q12661,Nord,"{ ""wikipedia_page"": ""Nord"", ""wikidata_id"": ""Q12661"" }",12.825766563415527
GDL-1858-07-12-a-i0002,2117,2135,Indépendance belge,Q25381777,PROD,Q25381777,L'Indépendance belge,"{ ""wikipedia_page"": ""L'Indépendance belge"", ""wikidata_id"": ""Q25381777"" }",16.4307918548584
GDL-1858-07-12-a-i0002,2740,2748,Moldavie,Q18366588,LOC,Q10957559,principauté de Moldavie,"{ ""wikipedia_page"": ""principauté de Moldavie"", ""wikidata_id"": ""Q10957559"" }",20.833290100097656
GDL-1858-07-12-a-i0002,2755,2763,Valachie,Q171393,LOC,Q389004,principauté de Valachie,,22.040788650512695
GDL-1858-07-12-a-i0002,3041,3056,prince Napoléon,Q7721,PER,Q7721,Napoléon III,"{ ""wikipedia_page"": ""Napoléon III"", ""wikidata_id"": ""Q7721"" }",19.447574615478516
GDL-1858-07-12-a-i0002,3116,3123,Limoges,Q45656,LOC,Q45656,Limoges,,24.26043701171875
GDL-1858-07-12-a-i0002,3162,3170,Bordeaux,Q1479,LOC,Q1479,Bordeaux,,23.466007232666016
GDL-1858-07-12-a-i0002,3313,3335,Morning des Adoerliser,Q6912784,PROD,Q3226756,Le Réveil-matin,"{ ""wikipedia_page"": ""Le Réveil-matin"", ""wikidata_id"": ""Q3226756"" }",14.54113483428955
GDL-1858-07-12-a-i0002,3439,3448,Galignani,Q6219202,PER,Q104821408,Galignani's Messenger,"{ ""wikipedia_page"": ""Galignani's Messenger"", ""wikidata_id"": ""Q104821408"" }",18.135000228881836
GDL-1858-07-12-a-i0002,3812,3843,église en ruines de Sainte-Anne,Q1551966,LOC,Q1551966,église Sainte-Anne de Jérusalem,,22.116653442382812
GDL-1858-07-12-a-i0002,3847,3856,Jérusalem,Q1218,LOC,Q1218,Jérusalem,"{ ""wikipedia_page"": ""Jérusalem"", ""wikidata_id"": ""Q1218"" }",21.767784118652344
GDL-1858-07-12-a-i0002,3988,3993,Paris,Q90,LOC,Q90,Paris,,23.242496490478516
GDL-1858-07-12-a-i0002,4127,4169,"M. de Montigny, consul français à Shanghaï",Q2960657,PER,Q2871225,Auguste Henri Victor Grandjean de Montigny,"{ ""wikipedia_page"": ""Auguste Henri Victor Grandjean de Montigny"", ""wikidata_id"": ""Q2871225"" }",15.39523696899414
GDL-1858-07-12-a-i0002,4226,4232,Simoda,Q653402,LOC,Q653402,Shimoda,"{ ""wikipedia_page"": ""Shimoda"", ""wikidata_id"": ""Q653402"" }",18.500198364257812
GDL-1858-07-12-a-i0002,4242,4247,Japon,Q17,LOC,Q17,Japon,"{ ""wikipedia_page"": ""Japon"", ""wikidata_id"": ""Q17"" }",18.7637939453125
GDL-1858-07-12-a-i0002,4252,4267,Théâtre-lyrique,Q2601319,ORG,Q2601319,Théâtre-Lyrique,"{ ""wikipedia_page"": ""Théâtre-Lyrique"", ""wikidata_id"": ""Q2601319"" }",20.13188362121582
GDL-1858-07-12-a-i0002,4282,4299,M. Van-den-Heusel,NIL,PER,Q22248825,Maison Van Hoecke-Dessel,"{ ""wikipedia_page"": ""Maison Van Hoecke-Dessel"", ""wikidata_id"": ""Q22248825"" }",16.774272918701172
GDL-1858-07-12-a-i0002,4318,4343,Duprez Mme Von-den-Heusel,Q30505075,PER,Q583649,Gilbert Duprez,"{ ""wikipedia_page"": ""Gilbert Duprez"", ""wikidata_id"": ""Q583649"" }",16.747955322265625
GDL-1858-07-12-a-i0002,4373,4393,Mme Miolhan-Carvalbo,Q1630239,PER,Q1630239,Caroline Miolan-Carvalho,"{ ""wikipedia_page"": ""Madame Miolan-Carvalho"", ""wikidata_id"": ""Q1630239"" }",20.718833923339844
GDL-1858-07-12-a-i0002,4463,4471,Moniteur,Q1410997,PROD,Q1410997,Le Moniteur universel,"{ ""wikipedia_page"": ""Le Moniteur universel"", ""wikidata_id"": ""Q1410997"" }",14.675159454345703
GDL-1858-07-12-a-i0002,4830,4841,M. Delangle,Q329134,PER,Q329134,Claude Alphonse Delangle,"{ ""wikipedia_page"": ""Claude Alphonse Delangle"", ""wikidata_id"": ""Q329134"" }",19.535226821899414
GDL-1868-10-24-a-i0010,55,62,GAZETTE,Q3099751,PROD,Q55597595,La Gazette (Thiers),"{ ""wikipedia_page"": ""La Gazette (Thiers)"", ""wikidata_id"": ""Q55597595"" }",13.966556549072266
GDL-1868-10-24-a-i0010,65,70,Paris,Q90,LOC,Q90,Paris,"{ ""wikipedia_page"": ""Paris"", ""wikidata_id"": ""Q90"" }",21.598464965820312
GDL-1868-10-24-a-i0010,135,148,maréchal Niel,Q115701,PER,Q115701,Adolphe Niel,,25.19887924194336
GDL-1868-10-24-a-i0010,221,229,Biarritz,Q132790,LOC,Q132790,Biarritz,,25.27704620361328
GDL-1868-10-24-a-i0010,476,489,maréchal Niel,Q115701,PER,Q115701,Adolphe Niel,,25.15833282470703
GDL-1868-10-24-a-i0010,1236,1249,maréchal Niel,Q115701,PER,Q40756,Michel Ney,"{ ""wikipedia_page"": ""Michel Ney"", ""wikidata_id"": ""Q40756"" }",14.2774019241333
GDL-1868-10-24-a-i0010,2121,2136,Constitutionnel,Q3221742,PROD,Q3221742,Le Constitutionnel,"{ ""wikipedia_page"": ""Le Constitutionnel"", ""wikidata_id"": ""Q3221742"" }",12.922334671020508
GDL-1868-10-24-a-i0010,2366,2381,Conslitutionnel,Q3221742,PROD,Q3221742,Le Constitutionnel,"{ ""wikipedia_page"": ""Le Constitutionnel"", ""wikidata_id"": ""Q3221742"" }",14.137287139892578
GDL-1868-10-24-a-i0010,2449,2457,Biarritz,Q132790,LOC,Q132790,Biarritz,,22.138498306274414
GDL-1868-10-24-a-i0010,2621,2626,Paris,Q90,LOC,Q90,Paris,,26.040950775146484
GDL-1868-10-24-a-i0010,2735,2740,Paris,Q90,LOC,Q90,Paris,,28.146774291992188
GDL-1868-10-24-a-i0010,2808,2828,cimetière Montmartre,Q746647,LOC,Q746647,cimetière de Montmartre,,39.49311447143555
GDL-1868-10-24-a-i0010,2854,2871,général Cavaignac,Q379702,PER,Q379702,Eugène Cavaignac,,29.70932388305664
GDL-1868-10-24-a-i0010,3183,3191,Lanterne,Q3209961,PROD,Q16652151,La Lanterne,"{ ""wikipedia_page"": ""La Lanterne"", ""wikidata_id"": ""Q16652151"" }",15.186376571655273
GDL-1868-10-24-a-i0010,3196,3214,M. Henri Rochefort,Q642060,PER,Q642060,Henri Rochefort,,25.154525756835938
GDL-1868-10-24-a-i0010,3364,3375,M. Walewski,Q435375,PER,Q435375,Alexandre Colonna Walewski,"{ ""wikipedia_page"": ""Alexandre Colonna Walewski"", ""wikidata_id"": ""Q435375"" }",14.967931747436523
GDL-1868-10-24-a-i0010,3819,3828,M. Sarcey,Q1384953,PER,Q1384953,Francisque Sarcey,"{ ""wikipedia_page"": ""Francisque Sarcey"", ""wikidata_id"": ""Q1384953"" }",20.932632446289062
GDL-1868-10-24-a-i0010,3919,3935,Journal de Paris,Q3186842,PROD,Q3186842,Journal de Paris,,34.631202697753906
GDL-1868-10-24-a-i0010,4055,4060,Paris,Q90,LOC,Q90,Paris,"{ ""wikipedia_page"": ""Paris"", ""wikidata_id"": ""Q90"" }",19.109058380126953
GDL-1868-10-24-a-i0010,4572,4577,Paris,Q90,LOC,Q90,Paris,"{ ""wikipedia_page"": ""Paris"", ""wikidata_id"": ""Q90"" }",16.756879806518555
GDL-1868-10-24-a-i0010,4590,4594,Nord,NIL,PROD,Q12661,Nord,"{ ""wikipedia_page"": ""Nord"", ""wikidata_id"": ""Q12661"" }",10.546278953552246
GDL-1868-10-24-a-i0010,5761,5769,Moniteur,Q1410997,PROD,Q1410997,Le Moniteur universel,"{ ""wikipedia_page"": ""Le Moniteur universel"", ""wikidata_id"": ""Q1410997"" }",14.320877075195312
GDL-1868-10-24-a-i0010,5825,5847,Bulletin international,NIL,PROD,Q27791873,,,22.081920623779297
GDL-1868-10-24-a-i0010,5911,5918,Bavière,Q154195,LOC,Q980,Bavière,"{ ""wikipedia_page"": ""Bavière"", ""wikidata_id"": ""Q980"" }",19.883358001708984
GDL-1868-10-24-a-i0010,5984,5990,Landau,Q7052,LOC,Q1408933,forteresse de Landau,"{ ""wikipedia_page"": ""forteresse de Landau"", ""wikidata_id"": ""Q1408933"" }",15.569518089294434
GDL-1868-10-24-a-i0010,5996,6002,France,Q142,LOC,Q142,France,"{ ""wikipedia_page"": ""France"", ""wikidata_id"": ""Q142"" }",15.403481483459473
GDL-1868-10-24-a-i0010,6125,6131,Prusse,Q918723,LOC,Q27306,royaume de Prusse,"{ ""wikipedia_page"": ""royaume de Prusse"", ""wikidata_id"": ""Q27306"" }",17.926677703857422
GDL-1868-10-24-a-i0010,6280,6287,Mayence,Q1720,LOC,Q1720,Mayence,,22.71976661682129
GDL-1868-10-24-a-i0010,6356,6372,Journal de Paris,Q3186842,PROD,Q3186842,Journal de Paris,,37.60979080200195
GDL-1868-10-24-a-i0010,6405,6420,M. Yillemessant,Q3136165,PER,Q3136165,Hippolyte de Villemessant,,27.226743698120117
GDL-1868-10-24-a-i0010,6447,6453,Figaro,Q216047,PROD,Q216047,Le Figaro,,25.60559844970703
GDL-1868-10-24-a-i0010,6507,6522,Diable à Quatre,NIL,PROD,Q3222292,Le Diable à quatre,"{ ""wikipedia_page"": ""Le Diable à quatre"", ""wikidata_id"": ""Q3222292"" }",14.667789459228516
GDL-1868-10-24-a-i0010,6601,6617,M. Jules Richard,Q4182026,PER,Q3106477,Gilles Richard,,26.17142677307129
GDL-1868-10-24-a-i0010,6641,6655,Sainte-Pélagie,Q1641986,LOC,Q1641986,prison Sainte-Pélagie,,24.169158935546875
GDL-1868-10-24-a-i0010,6867,6883,M. Jules Richard,Q4182026,PER,Q726779,Jules Richard,"{ ""wikipedia_page"": ""Jules Richard"", ""wikidata_id"": ""Q726779"" }",21.090164184570312
GDL-1868-10-24-a-i0010,6909,6925,M. Jules Richard,Q4182026,PER,Q726779,Jules Richard,"{ ""wikipedia_page"": ""Jules Richard"", ""wikidata_id"": ""Q726779"" }",21.920034408569336
GDL-1868-10-24-a-i0010,7068,7083,Diable à Quatre,NIL,PROD,Q3222292,Le Diable à quatre,,22.771595001220703
GDL-1868-10-24-a-i0010,7085,7103,M. Edouard Lockroy,Q733836,PER,Q733836,Édouard Lockroy,,29.662450790405273
GDL-1868-10-24-a-i0010,7327,7342,Diable à Quatre,NIL,PROD,Q3222292,Le Diable à quatre,"{ ""wikipedia_page"": ""Le Diable à quatre"", ""wikidata_id"": ""Q3222292"" }",21.785818099975586
GDL-1868-10-24-a-i0010,7529,7545,Diable à Qua tre,NIL,PROD,Q3222294,Le Diable à quatre,"{ ""wikipedia_page"": ""Le Diable à quatre"", ""wikidata_id"": ""Q3222294"" }",15.4745454788208
GDL-1868-10-24-a-i0010,7623,7629,France,Q142,LOC,Q142,France,,22.572872161865234
GDL-1868-10-24-a-i0010,7689,7697,Lanterne,Q3209961,PROD,Q3209961,La Lanterne,"{ ""wikipedia_page"": ""La Lanterne"", ""wikidata_id"": ""Q3209961"" }",15.919920921325684
GDL-1868-10-24-a-i0010,7701,7707,Italie,Q172579,LOC,Q38,Italie,"{ ""wikipedia_page"": ""Italie"", ""wikidata_id"": ""Q38"" }",21.067291259765625
GDL-1868-10-24-a-i0010,7714,7739,Gazetta militare italiana,NIL,PROD,Q371338,Gazzetta Ufficiale della Repubblica Italiana,,24.95536231994629
GDL-1868-10-24-a-i0010,8248,8256,Florence,Q2044,LOC,Q2044,Florence,,22.472721099853516
GDL-1868-10-24-a-i0010,8298,8306,Cagliari,Q1897,LOC,Q1897,Cagliari,"{ ""wikipedia_page"": ""Cagliari"", ""wikidata_id"": ""Q1897"" }",19.704984664916992
GDL-1868-10-24-a-i0010,8308,8314,Prusse,Q918723,LOC,Q27306,royaume de Prusse,"{ ""wikipedia_page"": ""royaume de Prusse"", ""wikidata_id"": ""Q27306"" }",19.204702377319336
GDL-1868-10-24-a-i0010,8330,8336,Berlin,Q64,LOC,Q64,Berlin,"{ ""wikipedia_page"": ""Berlin"", ""wikidata_id"": ""Q64"" }",19.92082977294922
GDL-1868-10-24-a-i0010,8340,8344,Nord,NIL,PROD,Q12661,Nord,"{ ""wikipedia_page"": ""Nord"", ""wikidata_id"": ""Q12661"" }",14.440977096557617
GDL-1868-10-24-a-i0010,8516,8522,Prusse,Q918723,LOC,Q27306,royaume de Prusse,"{ ""wikipedia_page"": ""royaume de Prusse"", ""wikidata_id"": ""Q27306"" }",19.1783504486084
GDL-1868-10-24-a-i0010,8597,8618,district de Gumbinnen,Q897050,LOC,Q553008,district de Gumbinnen,"{ ""wikipedia_page"": ""district de Gumbinnen"", ""wikidata_id"": ""Q553008"" }",14.364605903625488
GDL-1868-10-24-a-i0010,8866,8872,Prusse,Q918723,LOC,Q38872,Prusse,"{ ""wikipedia_page"": ""Prusse"", ""wikidata_id"": ""Q38872"" }",20.094179153442383
GDL-1868-10-24-a-i0010,8910,8921,Nouvelliste,Q3345294,PROD,Q6507379,Le Nouvelliste,"{ ""wikipedia_page"": ""Le Nouvelliste"", ""wikidata_id"": ""Q6507379"" }",10.873124122619629
GDL-1868-10-24-a-i0010,9010,9016,Berlin,Q64,LOC,Q64,Berlin,"{ ""wikipedia_page"": ""Berlin"", ""wikidata_id"": ""Q64"" }",18.731569290161133
GDL-1868-10-24-a-i0010,9040,9046,Suisse,Q39,LOC,Q39,Suisse,"{ ""wikipedia_page"": ""Suisse"", ""wikidata_id"": ""Q39"" }",16.273794174194336
GDL-1868-10-24-a-i0010,9085,9093,Autriche,Q28513,LOC,Q40,Autriche,"{ ""wikipedia_page"": ""Autriche"", ""wikidata_id"": ""Q40"" }",16.540435791015625
GDL-1868-10-24-a-i0010,9133,9139,Prague,Q1085,LOC,Q1085,Prague,,23.5421085357666
GDL-1868-10-24-a-i0010,9234,9240,Bohême,Q39193,LOC,Q39193,Bohême,,22.711973190307617
GDL-1868-10-24-a-i0010,9305,9311,Prague,Q1085,LOC,Q1085,Prague,"{ ""wikipedia_page"": ""Prague"", ""wikidata_id"": ""Q1085"" }",21.964956283569336
GDL-1868-10-24-a-i0010,9562,9570,Autriche,Q28513,LOC,Q40,Autriche,"{ ""wikipedia_page"": ""Autriche"", ""wikidata_id"": ""Q40"" }",20.380170822143555
GDL-1868-10-24-a-i0010,9611,9628,Gazette de Vienne,Q697173,PROD,Q697173,Wiener Zeitung,,22.562580108642578
GDL-1868-10-24-a-i0010,9729,9737,Gallicie,Q180086,LOC,Q180086,Galicie,"{ ""wikipedia_page"": ""Galicie"", ""wikidata_id"": ""Q180086"" }",18.63067626953125
GDL-1868-10-24-a-i0010,9760,9775,comte de Taaffe,Q550748,PER,Q550748,Eduard Taaffe,"{ ""wikipedia_page"": ""Eduard Taaffe"", ""wikidata_id"": ""Q550748"" }",12.445708274841309
GDL-1868-10-24-a-i0010,9790,9800,Reichsrath,Q697775,ORG,Q697775,Reichsrat,,22.102001190185547
GDL-1868-10-24-a-i0010,10205,10220,comte de Taaffe,Q550748,PER,Q550748,Eduard Taaffe,"{ ""wikipedia_page"": ""Eduard Taaffe"", ""wikidata_id"": ""Q550748"" }",13.405525207519531
GDL-1868-10-24-a-i0010,10311,10317,Europe,Q46,LOC,Q46,Europe,"{ ""wikipedia_page"": ""Europe"", ""wikidata_id"": ""Q46"" }",19.285343170166016
GDL-1868-10-24-a-i0010,10324,10352,Chambre des députés de Peslh,Q648716,ORG,Q320265,Chambre des députés,,24.802520751953125
GDL-1868-10-24-a-i0010,10462,10469,M. Deak,Q508823,PER,Q508823,Ferenc Deák,"{ ""wikipedia_page"": ""Ferenc Deák"", ""wikidata_id"": ""Q508823"" }",17.58869743347168
GDL-1868-10-24-a-i0010,10504,10512,M. Tisza,Q254737,PER,Q336493,István Tisza,"{ ""wikipedia_page"": ""István Tisza"", ""wikidata_id"": ""Q336493"" }",18.26775360107422
GDL-1868-10-24-a-i0010,10579,10585,Presse,Q3211911,PROD,Q689934,Die Presse,,22.14986801147461
GDL-1868-10-24-a-i0010,10590,10596,Vienne,Q1741,LOC,Q1741,Vienne,,27.58653450012207
GDL-1868-10-24-a-i0010,10959,10965,Bohême,Q39193,LOC,Q39193,Bohême,"{ ""wikipedia_page"": ""Bohême"", ""wikidata_id"": ""Q39193"" }",21.670167922973633
GDL-1868-10-24-a-i0010,11447,11454,Espagne,Q3399982,LOC,Q29,Espagne,"{ ""wikipedia_page"": ""Espagne"", ""wikidata_id"": ""Q29"" }",21.144092559814453
GDL-1868-10-24-a-i0010,11508,11514,Havane,Q1563,LOC,Q1563,La Havane,,26.52125358581543
GDL-1868-10-24-a-i0010,11600,11611,île de Cuba,Q241,LOC,Q115027,île de la Jeunesse,"{ ""wikipedia_page"": ""île de la Jeunesse"", ""wikidata_id"": ""Q115027"" }",13.702657699584961
GDL-1868-10-24-a-i0010,11674,11681,Espagne,Q3399982,LOC,Q29,Espagne,,22.18741798400879
GDL-1878-12-20-a-i0026,0,8,LAUSANNE,Q807,LOC,Q807,Lausanne,,25.447799682617188
GDL-1878-12-20-a-i0026,231,239,Lausanne,Q807,LOC,Q807,Lausanne,,27.632606506347656
GDL-1878-12-20-a-i0026,534,542,Lausanne,Q807,LOC,Q807,Lausanne,,23.983007431030273
GDL-1878-12-20-a-i0026,548,553,Berne,Q70,LOC,Q70,Berne,,25.342912673950195
GDL-1878-12-20-a-i0026,609,631,tunnel de la Cornallaz,NIL,LOC,Q107059388,tunnel de la Cornallaz,,27.388126373291016
GDL-1878-12-20-a-i0026,709,726,gare de Chexbi'es,NIL,LOC,Q5846029,gare de Chambésy,,24.54987144470215
GDL-1878-12-20-a-i0026,833,838,Berne,Q70,LOC,Q70,Berne,,25.487327575683594
GDL-1878-12-20-a-i0026,880,896,gare de Chexbres,NIL,LOC,Q15964085,Chexbres-Village,,27.673259735107422
GDL-1878-12-20-a-i0026,915,923,Lausanne,Q807,LOC,Q807,Lausanne,,25.750764846801758
GDL-1878-12-20-a-i0026,1004,1009,Berne,Q70,LOC,Q70,Berne,,23.747316360473633
GDL-1878-12-20-a-i0026,1076,1081,Broyé,Q2926348,LOC,Q870065,Broye,,22.14506721496582
GDL-1878-12-20-a-i0026,1103,1109,Moudon,Q70202,LOC,Q70202,Moudon,,25.429729461669922
GDL-1878-12-20-a-i0026,1142,1152,Chàtillens,Q678690,LOC,Q678690,Châtillens,,26.40298080444336
GDL-1878-12-20-a-i0026,1156,1165,Palézieux,Q689254,LOC,Q5552050,Palézieux,,28.819026947021484
GDL-1878-12-20-a-i0026,1318,1327,Palézieux,Q689254,LOC,Q5552050,Palézieux,,28.951465606689453
GDL-1878-12-20-a-i0026,1408,1413,Berne,Q70,LOC,Q70,Berne,,23.143829345703125
GDL-1878-12-20-a-i0026,1423,1431,Lausanne,Q807,LOC,Q807,Lausanne,,26.478303909301758
GDL-1878-12-20-a-i0026,1493,1508,vallée du Rhône,Q2747791,LOC,Q3554088,vallée du Rhône,"{ ""wikipedia_page"": ""vallée du Rhône"", ""wikidata_id"": ""Q3554088"" }",20.74761199951172
GDL-1878-12-20-a-i0026,2035,2046,le Bouveret,Q675700,LOC,Q12174805,Le Bouveret,"{ ""wikipedia_page"": ""Le Bouveret"", ""wikidata_id"": ""Q12174805"" }",18.040870666503906
GDL-1878-12-20-a-i0026,2050,2063,Saint-Maurice,Q69545,LOC,Q69545,Saint-Maurice,"{ ""wikipedia_page"": ""Saint-Maurice"", ""wikidata_id"": ""Q69545"" }",20.684085845947266
GDL-1878-12-20-a-i0026,2145,2153,Evionnaz,Q70163,LOC,Q70163,Evionnaz,,27.798906326293945
GDL-1878-12-20-a-i0026,2185,2191,Valais,Q834,LOC,Q834,canton du Valais,"{ ""wikipedia_page"": ""canton du Valais"", ""wikidata_id"": ""Q834"" }",15.372843742370605
GDL-1878-12-20-a-i0026,2230,2240,St-Triphon,Q2678646,LOC,Q2678646,Saint-Triphon,"{ ""wikipedia_page"": ""Saint-Triphon"", ""wikidata_id"": ""Q2678646"" }",20.67112159729004
GDL-1878-12-20-a-i0026,2309,2315,Jougne,Q923421,LOC,Q3239806,ligne de Pontarlier à Vallorbe,"{ ""wikipedia_page"": ""ligne de Pontarlier à Vallorbe"", ""wikidata_id"": ""Q3239806"" }",12.909018516540527
GDL-1878-12-20-a-i0026,2401,2406,Paris,Q90,LOC,Q90,Paris,"{ ""wikipedia_page"": ""Paris"", ""wikidata_id"": ""Q90"" }",13.93403434753418
GDL-1878-12-20-a-i0026,2617,2634,compagnie S .-O .,NIL,ORG,Q17355264,Compagnie du chemin de fer de Saint-Étienne à la Loire,"{ ""wikipedia_page"": ""Compagnie du chemin de fer de Saint-Étienne à la Loire"", ""wikidata_id"": ""Q17355264"" }",10.146622657775879
GDL-1878-12-20-a-i0026,2682,2698,gare de Lausanne,Q669678,LOC,Q669678,Lausanne,,29.64574432373047
GDL-1888-12-07-a-i0003,10,16,PAÏU 8,Q90,LOC,Q132671,Pau,"{ ""wikipedia_page"": ""Pau"", ""wikidata_id"": ""Q132671"" }",12.422806739807129
GDL-1888-12-07-a-i0003,55,60,Paris,Q90,LOC,Q90,Paris,"{ ""wikipedia_page"": ""Paris"", ""wikidata_id"": ""Q90"" }",19.89336395263672
GDL-1888-12-07-a-i0003,92,102,M. Auffray,Q13080924,PER,Q3083856,François Auffray,,22.691370010375977
GDL-1888-12-07-a-i0003,160,169,M. Wilson,Q3014816,PER,Q313302,Henry Wilson,"{ ""wikipedia_page"": ""Henry Wilson"", ""wikidata_id"": ""Q313302"" }",12.593220710754395
GDL-1888-12-07-a-i0003,176,192,boulevard Baudiu,NIL,LOC,NIL,boulevard Baudiu,"{ ""wikipedia_page"": ""boulevard Baudricourt"", ""wikidata_id"": ""NIL"" }",17.108993530273438
GDL-1888-12-07-a-i0003,214,216,S.,NIL,PER,Q184371,Sedan,"{ ""wikipedia_page"": ""Sedan"", ""wikidata_id"": ""Q184371"" }",4.190237045288086
GDL-1888-12-07-a-i0003,280,288,Ardennes,Q3164,LOC,Q3164,Ardennes,"{ ""wikipedia_page"": ""Ardennes"", ""wikidata_id"": ""Q3164"" }",19.7186336517334
GDL-1888-12-07-a-i0003,475,492,général Boulanger,Q315747,PER,Q315747,Georges Boulanger,,29.362098693847656
GDL-1888-12-07-a-i0003,754,762,Ardennes,Q3164,LOC,Q3164,Ardennes,,25.8607177734375
GDL-1888-12-07-a-i0003,792,814,"M. Linard, républicain",NIL,PER,Q3045178,Désiré Linard,"{ ""wikipedia_page"": ""Désiré Linard"", ""wikidata_id"": ""Q3045178"" }",16.910423278808594
GDL-1888-12-07-a-i0003,846,878,M. Auffray. monarchiste clérical,Q13080924,PER,Q3083856,François Auffray,"{ ""wikipedia_page"": ""François Auffray"", ""wikidata_id"": ""Q3083856"" }",19.74411392211914
GDL-1888-12-07-a-i0003,976,987,rue de Sèze,Q3451070,LOC,Q3451070,rue de Sèze,,22.808666229248047
GDL-1888-12-07-a-i0003,1052,1062,M. Auffray,Q13080924,PER,Q3083856,François Auffray,,22.71227264404297
GDL-1888-12-07-a-i0003,1064,1075,M. Michelin,Q3131641,PER,Q382573,André Michelin,"{ ""wikipedia_page"": ""André Michelin"", ""wikidata_id"": ""Q382573"" }",15.102578163146973
GDL-1888-12-07-a-i0003,1593,1610,général Boulanger,Q315747,PER,Q315747,Georges Boulanger,,27.23960304260254
GDL-1888-12-07-a-i0003,1951,1963,Arthur Meyer,Q2865261,PER,Q2865261,Arthur Meyer,,30.62937355041504
GDL-1888-12-07-a-i0003,2041,2053,MM. Laguerre,Q3103015,PER,Q3103015,Jean Henri Georges Laguerre,,22.838058471679688
GDL-1888-12-07-a-i0003,2055,2063,Michelin,Q3131641,PER,Q382573,André Michelin,"{ ""wikipedia_page"": ""André Michelin"", ""wikidata_id"": ""Q382573"" }",21.532470703125
GDL-1888-12-07-a-i0003,2065,2072,Laisant,Q25318,PER,Q25318,Charles-Ange Laisant,,27.774232864379883
GDL-1888-12-07-a-i0003,2074,2081,Vergoin,Q3301498,PER,Q3301498,Maurice Vergoin,,22.387351989746094
GDL-1888-12-07-a-i0003,2245,2262,général Boulanger,Q315747,PER,Q315747,Georges Boulanger,,30.32499122619629
GDL-1888-12-07-a-i0003,2418,2428,M. Auffray,Q13080924,PER,Q3083856,François Auffray,,26.162635803222656
GDL-1888-12-07-a-i0003,2454,2462,Ardennes,Q3164,LOC,Q3164,Ardennes,"{ ""wikipedia_page"": ""Ardennes"", ""wikidata_id"": ""Q3164"" }",20.52219581604004
GDL-1888-12-07-a-i0003,2495,2507,comte Dillon,Q2865079,PER,Q3579818,Édouard Dillon,"{ ""wikipedia_page"": ""Édouard Dillon"", ""wikidata_id"": ""Q3579818"" }",20.343820571899414
GDL-1888-12-07-a-i0003,2516,2521,Somme,Q12770,LOC,Q12770,Somme,"{ ""wikipedia_page"": ""Somme"", ""wikidata_id"": ""Q12770"" }",20.572404861450195
GDL-1888-12-07-a-i0003,2646,2657,rue de Sèze,Q3451070,LOC,Q3451070,rue de Sèze,,23.144914627075195
GDL-1888-12-07-a-i0003,2813,2824,M. Michelin,Q3131641,PER,Q3131641,Henri Michelin,"{ ""wikipedia_page"": ""Henri Michelin"", ""wikidata_id"": ""Q3131641"" }",18.418621063232422
GDL-1888-12-07-a-i0003,2897,2907,M. Auffray,Q13080924,PER,Q3083856,François Auffray,,27.664003372192383
GDL-1888-12-07-a-i0003,2979,2988,M. Wilson,Q3014816,PER,Q34296,Woodrow Wilson,"{ ""wikipedia_page"": ""Woodrow Wilson"", ""wikidata_id"": ""Q34296"" }",15.16313648223877
GDL-1888-12-07-a-i0003,3196,3204,M. Grévy,Q296083,PER,Q296083,Jules Grévy,,25.81700897216797
GDL-1888-12-07-a-i0003,3275,3289,M. Veil-Picard,Q3065562,PER,Q3065562,famille Veil-Picard,,25.58618927001953
GDL-1888-12-07-a-i0003,3568,3577,M. Wilson,Q3014816,PER,Q34296,Woodrow Wilson,"{ ""wikipedia_page"": ""Woodrow Wilson"", ""wikidata_id"": ""Q34296"" }",12.168703079223633
GDL-1888-12-07-a-i0003,3755,3774,boulevard Haussmann,Q895076,LOC,Q895076,boulevard Haussmann,,25.324419021606445
GDL-1888-12-07-a-i0003,3918,3924,Baudin,NIL,PER,NIL,Baudin,"{ ""wikipedia_page"": ""Baudin"", ""wikidata_id"": ""NIL"" }",21.11318588256836
GDL-1888-12-07-a-i0003,3958,3963,Seine,Q1142326,LOC,Q1142326,Seine,"{ ""wikipedia_page"": ""Seine"", ""wikidata_id"": ""Q1142326"" }",21.709623336791992
GDL-1888-12-07-a-i0003,3983,3993,M. Floquet,Q471311,PER,Q471311,Charles Floquet,,26.44628143310547
GDL-1888-12-07-a-i0003,4358,4373,rue Saint-Denis,Q2174628,LOC,Q2174628,rue Saint-Denis,,34.440574645996094
GDL-1898-06-27-a-i0011,22,27,BERNE,Q70,LOC,Q70,Berne,,27.152143478393555
GDL-1898-06-27-a-i0011,147,177,"M. Hirter, conseiller national",Q1641554,PER,Q1641554,Johann Daniel Hirter,"{ ""wikipedia_page"": ""Johann Daniel Hirter"", ""wikidata_id"": ""Q1641554"" }",18.409610748291016
GDL-1898-06-27-a-i0011,306,351,"M. Milliet, directeur de la régie de l'alcool",NIL,PER,Q78066663,François-Louis Milliet,"{ ""wikipedia_page"": ""François-Louis Milliet"", ""wikidata_id"": ""Q78066663"" }",14.947721481323242
GDL-1898-06-27-a-i0011,738,753,Suisse centrale,Q30978,LOC,Q30978,Suisse centrale,,29.494909286499023
GDL-1898-06-27-a-i0011,765,775,Interlaken,Q68103,LOC,Q68103,Interlaken,,34.440040588378906
GDL-1898-06-27-a-i0011,990,997,ARGOVIE,Q11972,LOC,Q11972,canton d'Argovie,"{ ""wikipedia_page"": ""canton d'Argovie"", ""wikidata_id"": ""Q11972"" }",19.52440643310547
GDL-1898-06-27-a-i0011,1036,1067,Société des pontonniers de Bàle,NIL,ORG,NIL,Société des pontonniers de Bàle,"{ ""wikipedia_page"": ""Société des pontonniers de Bàle"", ""wikidata_id"": ""NIL"" }",21.27613067626953
GDL-1898-06-27-a-i0011,1080,1091,Rheinfelden,Q269667,LOC,Q269667,Rheinfelden,,28.77021026611328
GDL-1898-06-27-a-i0011,1184,1188,Rhin,Q21198444,LOC,Q584,Rhin,,28.81616973876953
GDL-1898-06-27-a-i0011,1359,1365,VALAIS,Q834,LOC,Q834,canton du Valais,"{ ""wikipedia_page"": ""canton du Valais"", ""wikidata_id"": ""Q834"" }",14.152616500854492
GDL-1898-06-27-a-i0011,1386,1390,Sion,Q68136,LOC,Q68136,Sion,"{ ""wikipedia_page"": ""Sion"", ""wikidata_id"": ""Q68136"" }",19.772539138793945
GDL-1898-06-27-a-i0011,1439,1450,Tourtemagne,Q70054,LOC,Q70054,Tourtemagne,"{ ""wikipedia_page"": ""Tourtemagne"", ""wikidata_id"": ""Q70054"" }",18.537445068359375
GDL-1898-06-27-a-i0011,1766,1777,Tourtemagne,Q70054,LOC,Q15075778,Loutremange,,24.563629150390625
GDL-1898-06-27-a-i0011,2070,2076,Loèche,Q69590,LOC,Q69590,Loèche,"{ ""wikipedia_page"": ""Loèche"", ""wikidata_id"": ""Q69590"" }",17.085058212280273
GDL-1898-06-27-a-i0011,2326,2332,GENÈVE,Q71,LOC,Q71,Genève,,27.80327796936035
GDL-1898-06-27-a-i0011,2373,2381,Jonction,Q3209888,LOC,Q3209888,La Jonction,,25.991626739501953
GDL-1898-06-27-a-i0011,2498,2504,Barret,NIL,PER,Q1876611,Barret,"{ ""wikipedia_page"": ""Barret"", ""wikidata_id"": ""Q1876611"" }",16.062257766723633
GDL-1898-06-27-a-i0011,2506,2512,Genève,Q71,LOC,Q71,Genève,,25.66461944580078
GDL-1898-06-27-a-i0011,2555,2561,Calame,NIL,PER,Q621994,Alexandre Calame,"{ ""wikipedia_page"": ""Alexandre Calame"", ""wikidata_id"": ""Q621994"" }",15.696616172790527
GDL-1898-06-27-a-i0011,2563,2569,Genève,Q71,LOC,Q71,Genève,,23.490245819091797
GDL-1898-06-27-a-i0011,2591,2597,Genoud,NIL,PER,Q3371296,Paul Genoud,"{ ""wikipedia_page"": ""Genoud"", ""wikidata_id"": ""Q3371296"" }",18.165571212768555
GDL-1898-06-27-a-i0011,2599,2605,Genève,Q71,LOC,Q71,Genève,,23.39668083190918
GDL-1898-06-27-a-i0011,2627,2634,Terrier,NIL,PER,Q16679344,Terrier,"{ ""wikipedia_page"": ""Terrier"", ""wikidata_id"": ""Q16679344"" }",15.074185371398926
GDL-1898-06-27-a-i0011,2636,2644,Lausanne,Q807,LOC,Q807,Lausanne,,29.647836685180664
GDL-1908-06-09-a-i0014,0,20,CONFÉDÉRATION SUISSE,Q39,LOC,Q39,Suisse,,24.161863327026367
GDL-1908-06-09-a-i0014,38,51,éditeur Kreis,NIL,PER,Q1224237,Dietschi AG,"{ ""wikipedia_page"": ""Verlag Kreis"", ""wikidata_id"": ""Q1224237"" }",13.781502723693848
GDL-1908-06-09-a-i0014,55,59,Bâle,Q78,LOC,Q78,Bâle,,34.357810974121094
GDL-1908-06-09-a-i0014,160,166,D Wolf,NIL,PER,Q66931,Bernhard Wolff,"{ ""wikipedia_page"": ""Bernhard Wolff"", ""wikidata_id"": ""Q66931"" }",17.629682540893555
GDL-1908-06-09-a-i0014,363,369,Suisse,Q39,LOC,Q39,Suisse,,29.928312301635742
GDL-1908-06-09-a-i0014,661,668,Bernina,Q277177,LOC,Q277177,ligne de la Bernina,"{ ""wikipedia_page"": ""ligne de la Bernina"", ""wikidata_id"": ""Q277177"" }",19.389251708984375
GDL-1908-06-09-a-i0014,758,765,Bernina,Q23013963,LOC,Q686930,Ospizio Bernina,"{ ""wikipedia_page"": ""Ospizio Bernina"", ""wikidata_id"": ""Q686930"" }",16.567020416259766
GDL-1908-06-09-a-i0014,904,910,Tirano,Q40868,LOC,Q40868,Tirano,,24.74479866027832
GDL-1908-06-09-a-i0014,914,923,Poschiavo,Q69503,LOC,Q69503,Poschiavo,,23.97319221496582
GDL-1908-06-09-a-i0014,1117,1156,Société suisse des facteurs de dépêches,NIL,ORG,NIL,Société suisse des facteurs de dépêches,"{ ""wikipedia_page"": ""Société suisse des facteurs de dépêches"", ""wikidata_id"": ""NIL"" }",20.313289642333984
GDL-1908-06-09-a-i0014,1172,1180,Lausanne,Q807,LOC,Q807,Lausanne,,31.971961975097656
GDL-1908-06-09-a-i0014,1251,1255,Bâle,Q78,LOC,Q78,Bâle,,28.29046630859375
GDL-1908-06-09-a-i0014,1313,1324,Winterthour,Q9125,LOC,Q9125,Winterthour,,29.996322631835938
GDL-1908-06-09-a-i0014,1664,1669,Righi,Q15291,LOC,Q880713,Mont Rigi,"{ ""wikipedia_page"": ""Mont Rigi"", ""wikidata_id"": ""Q880713"" }",12.795068740844727
GDL-1908-06-09-a-i0014,1671,1677,Sœntis,Q15224,LOC,Q15224,Säntis,"{ ""wikipedia_page"": ""Säntis"", ""wikidata_id"": ""Q15224"" }",16.859037399291992
GDL-1908-06-09-a-i0014,1679,1686,Gothard,Q688549,LOC,Q25233,col du Saint-Gothard,"{ ""wikipedia_page"": ""col du Saint-Gothard"", ""wikidata_id"": ""Q25233"" }",16.57648277282715
GDL-1908-06-09-a-i0014,1688,1694,Pilate,Q15265,LOC,Q15265,Pilatus,"{ ""wikipedia_page"": ""Pilatus"", ""wikidata_id"": ""Q15265"" }",15.937485694885254
GDL-1908-06-09-a-i0014,1709,1723,Haute-Engadine,Q1789552,LOC,Q1789552,Haute-Engadine,"{ ""wikipedia_page"": ""Haute-Engadine"", ""wikidata_id"": ""Q1789552"" }",19.597837448120117
GDL-1908-06-09-a-i0014,1823,1832,Allemagne,Q183,LOC,Q183,Allemagne,,22.270727157592773
GDL-1908-06-09-a-i0014,1834,1839,Berne,Q70,LOC,Q70,Berne,,23.30529022216797
GDL-1908-06-09-a-i0014,1873,1882,Allemagne,Q183,LOC,Q81418,Transport ferroviaire en Allemagne,"{ ""wikipedia_page"": ""Transport ferroviaire en Allemagne"", ""wikidata_id"": ""Q81418"" }",15.864947319030762
GDL-1908-06-09-a-i0014,2277,2283,Suisse,Q39,LOC,Q39,Suisse,"{ ""wikipedia_page"": ""Suisse"", ""wikidata_id"": ""Q39"" }",20.64540672302246
GDL-1908-06-09-a-i0014,3104,3110,Prusse,Q918723,LOC,Q38872,Prusse,,23.19322395324707
GDL-1908-06-09-a-i0014,3502,3506,Bâle,Q78,LOC,Q78,Bâle,,24.90456771850586
GDL-1908-06-09-a-i0014,3509,3517,Hambourg,Q1055,LOC,Q1055,Hambourg,,26.805465698242188
GDL-1918-05-16-a-i0086,0,6,DoiwaE,Q3588286,PER,Q193826,Douai,"{ ""wikipedia_page"": ""Douai"", ""wikidata_id"": ""Q193826"" }",5.102755546569824
GDL-1918-05-16-a-i0086,132,140,Parisrlo,Q90,LOC,Q90,Paris,"{ ""wikipedia_page"": ""Paris"", ""wikidata_id"": ""Q90"" }",12.280460357666016
GDL-1918-05-16-a-i0086,221,231,Montdidier,Q21970,LOC,Q74308,Montdidier,"{ ""wikipedia_page"": ""Montdidier"", ""wikidata_id"": ""Q74308"" }",18.661117553710938
GDL-1918-05-16-a-i0086,241,251,Montdidier,Q21970,LOC,Q74308,Montdidier,"{ ""wikipedia_page"": ""Montdidier"", ""wikidata_id"": ""Q74308"" }",17.101627349853516
GDL-1918-05-16-a-i0086,255,260,Noyon,Q49831,LOC,Q49831,Noyon,,22.309242248535156
GDL-1918-05-16-a-i0086,383,391,llaiïïea,Q584297,LOC,NIL,llaiïïea,"{ ""wikipedia_page"": ""Lihons"", ""wikidata_id"": ""Q1321916"" }",5.570255756378174
GDL-1918-05-16-a-i0086,445,449,Avre,Q739893,LOC,Q739893,Avre,"{ ""wikipedia_page"": ""Avre"", ""wikidata_id"": ""Q739893"" }",21.19713020324707
GDL-1918-05-16-a-i0086,805,811,BofUot,Q711896,LOC,NIL,BofUot,"{ ""wikipedia_page"": ""NIL"", ""wikidata_id"": ""NIL"" }",14.345669746398926
GDL-1918-05-16-a-i0086,892,908,Ohomin-des-Damos,Q1069359,LOC,Q672173,Dommartin-aux-Bois,"{ ""wikipedia_page"": ""Dommartin-aux-Bois"", ""wikidata_id"": ""Q672173"" }",11.83779525756836
GDL-1918-05-16-a-i0086,994,1000,BoveHe,Q583114,LOC,Q59376605,Bois-de-Haye,"{ ""wikipedia_page"": ""Bois-de-Haye"", ""wikidata_id"": ""Q59376605"" }",8.997051239013672
GDL-1918-05-16-a-i0086,1025,1033,Londires,Q84,LOC,Q84,Londres,"{ ""wikipedia_page"": ""Londres"", ""wikidata_id"": ""Q84"" }",17.24425506591797
GDL-1918-05-16-a-i0086,1077,1081,Lens,Q165271,LOC,Q165271,Lens,,25.82815933227539
GDL-1918-05-16-a-i0086,1189,1195,Bobecq,Q469871,LOC,Q685648,Mobecq,,22.470157623291016
GDL-1918-05-16-a-i0086,1265,1284,vallées de la Somme,NIL,LOC,Q37646,Somme,"{ ""wikipedia_page"": ""Somme"", ""wikidata_id"": ""Q37646"" }",16.0599308013916
GDL-1918-05-16-a-i0086,1293,1298,Ancre,Q489438,LOC,Q489438,Ancre,"{ ""wikipedia_page"": ""Ancre"", ""wikidata_id"": ""Q489438"" }",18.1676025390625
GDL-1918-05-16-a-i0086,1311,1319,Bétliuno,Q207145,LOC,Q207145,Béthune,"{ ""wikipedia_page"": ""Béthune"", ""wikidata_id"": ""Q207145"" }",16.502490997314453
GDL-1918-05-16-a-i0086,1330,1345,forêt de Nleppe,NIL,LOC,Q3078916,forêt de Nieppe,"{ ""wikipedia_page"": ""forêt de Nieppe"", ""wikidata_id"": ""Q3078916"" }",16.090200424194336
GDL-1918-05-16-a-i0086,1411,1422,Morlancourt,Q639056,LOC,Q639056,Morlancourt,,28.044342041015625
GDL-1918-05-16-a-i0086,1437,1444,Kemnraï,Q1024880,LOC,Q1016999,Kemnay,"{ ""wikipedia_page"": ""Kemnay"", ""wikidata_id"": ""Q1016999"" }",13.610979080200195
GDL-1918-05-16-a-i0086,1446,1453,Londres,Q84,LOC,Q84,Londres,"{ ""wikipedia_page"": ""Londres"", ""wikidata_id"": ""Q84"" }",19.189775466918945
GDL-1918-05-16-a-i0086,1492,1500,lieu ter,Q130879,ORG,Q633772,Luitré,"{ ""wikipedia_page"": ""Luitré"", ""wikidata_id"": ""Q633772"" }",4.78333854675293
GDL-1918-05-16-a-i0086,1567,1575,Flandres,Q234,LOC,Q56299662,Flandre,"{ ""wikipedia_page"": ""Flandres"", ""wikidata_id"": ""Q56299662"" }",14.99960994720459
GDL-1918-05-16-a-i0086,2858,2869,Mont Kemmel,Q209541,LOC,Q209541,mont Kemmel,"{ ""wikipedia_page"": ""Mont Kemmel"", ""wikidata_id"": ""Q209541"" }",20.87177276611328
GDL-1918-05-16-a-i0086,3035,3040,Somme,Q12770,LOC,Q132568,bataille de la Somme,"{ ""wikipedia_page"": ""bataille de la Somme"", ""wikidata_id"": ""Q132568"" }",21.39943504333496
GDL-1918-05-16-a-i0086,3047,3053,Verdun,Q1368088,LOC,Q130847,bataille de Verdun,"{ ""wikipedia_page"": ""bataille de Verdun"", ""wikidata_id"": ""Q130847"" }",18.40721893310547
GDL-1918-05-16-a-i0086,3128,3136,Flandres,Q234,LOC,Q234,Flandre,"{ ""wikipedia_page"": ""Flandre"", ""wikidata_id"": ""Q234"" }",21.337175369262695
GDL-1918-05-16-a-i0086,3777,3786,La Olytte,Q921682,LOC,Q648628,Loyettes,"{ ""wikipedia_page"": ""Loyettes"", ""wikidata_id"": ""Q648628"" }",9.50716495513916
GDL-1918-05-16-a-i0086,3788,3799,Dlckebusche,NIL,LOC,Q21839544,Lichtenbusch,"{ ""wikipedia_page"": ""Lichtenbusch"", ""wikidata_id"": ""Q21839544"" }",10.124839782714844
GDL-1918-05-16-a-i0086,3893,3899,Berlin,Q64,LOC,Q64,Berlin,"{ ""wikipedia_page"": ""Berlin"", ""wikidata_id"": ""Q64"" }",19.537546157836914
GDL-1918-05-16-a-i0086,3940,3946,Kemmel,Q209541,LOC,Q1024880,Kemmel,"{ ""wikipedia_page"": ""Kemmel"", ""wikidata_id"": ""Q1024880"" }",12.561551094055176
GDL-1918-05-16-a-i0086,4270,4276,Kemmel,Q209541,LOC,Q209541,mont Kemmel,"{ ""wikipedia_page"": ""mont Kemmel"", ""wikidata_id"": ""Q209541"" }",12.699692726135254
GDL-1918-05-16-a-i0086,4395,4398,Lys,Q208493,LOC,Q208493,Lys,"{ ""wikipedia_page"": ""Lys"", ""wikidata_id"": ""Q208493"" }",16.445585250854492
GDL-1918-05-16-a-i0086,4405,4423,canal de La Bassée,Q1032668,LOC,Q375776,La Bassée,"{ ""wikipedia_page"": ""La Bassée"", ""wikidata_id"": ""Q375776"" }",16.747966766357422
GDL-1918-05-16-a-i0086,4432,4438,Scarpe,Q1818615,LOC,Q1818615,Scarpe,"{ ""wikipedia_page"": ""Scarpe"", ""wikidata_id"": ""Q1818615"" }",17.502517700195312
GDL-1918-05-16-a-i0086,4450,4457,Bucquoy,Q995400,LOC,Q995400,Bucquoy,,25.358722686767578
GDL-1918-05-16-a-i0086,4540,4545,Ancre,Q489438,LOC,Q489438,Ancre,"{ ""wikipedia_page"": ""Ancre"", ""wikidata_id"": ""Q489438"" }",16.250465393066406
GDL-1918-05-16-a-i0086,4552,4557,Somme,Q1736061,LOC,Q37646,Somme,"{ ""wikipedia_page"": ""Somme"", ""wikidata_id"": ""Q37646"" }",19.4404239654541
GDL-1918-05-16-a-i0086,4618,4622,Bray,Q251119,LOC,Q251119,Bray-sur-Somme,"{ ""wikipedia_page"": ""Bray-sur-Somme"", ""wikidata_id"": ""Q251119"" }",20.699846267700195
GDL-1918-05-16-a-i0086,4625,4631,Conbie,Q71469,LOC,Q71469,Corbie,"{ ""wikipedia_page"": ""Corbie"", ""wikidata_id"": ""Q71469"" }",18.068984985351562
GDL-1918-05-16-a-i0086,4835,4852,VJMers-Bretonneux,Q677163,LOC,Q677163,Villers-Bretonneux,"{ ""wikipedia_page"": ""Villers-Bretonneux"", ""wikidata_id"": ""Q677163"" }",19.057340621948242
GDL-1918-05-16-a-i0086,4875,4879,Luoe,Q3265095,LOC,Q208493,Lys,"{ ""wikipedia_page"": ""Lys"", ""wikidata_id"": ""Q208493"" }",17.322959899902344
GDL-1918-05-16-a-i0086,4888,4892,Avre,Q739893,LOC,Q476475,Avre,,22.221572875976562
GDL-1918-05-16-a-i0086,4966,4970,Avre,Q739893,LOC,Q739893,Avre,,22.76529312133789
GDL-1918-05-16-a-i0086,5010,5016,Castel,Q2941347,LOC,Q2941347,Castel,"{ ""wikipedia_page"": ""Castel"", ""wikidata_id"": ""Q2941347"" }",15.598857879638672
GDL-1918-05-16-a-i0086,5257,5263,Calais,Q6454,LOC,Q6454,Calais,"{ ""wikipedia_page"": ""Calais"", ""wikidata_id"": ""Q6454"" }",20.646480560302734
GDL-1918-05-16-a-i0086,5265,5274,Dunkerque,Q45797,LOC,Q45797,Dunkerque,,23.288461685180664
GDL-1918-05-16-a-i0086,5406,5412,Vienne,Q1741,LOC,Q1741,Vienne,,25.434284210205078
GDL-1918-05-16-a-i0086,5440,5451,Monte Corno,Q31655103,LOC,Q636540,Corno Grande,"{ ""wikipedia_page"": ""Monte Corno"", ""wikidata_id"": ""Q636540"" }",16.888883590698242
GDL-1918-05-16-a-i0086,5594,5598,Pola,Q4656,LOC,Q2591947,Pola,"{ ""wikipedia_page"": ""Pola"", ""wikidata_id"": ""Q2591947"" }",16.018564224243164
GDL-1918-05-16-a-i0086,5666,5671,Borne,Q220,LOC,Q893948,Borne,"{ ""wikipedia_page"": ""Borne"", ""wikidata_id"": ""Q893948"" }",14.342926025390625
GDL-1918-05-16-a-i0086,5871,5877,Genova,Q71,LOC,Q1449,Gênes,"{ ""wikipedia_page"": ""Genova"", ""wikidata_id"": ""Q1449"" }",18.849403381347656
GDL-1918-05-16-a-i0086,5951,5962,Monte Corno,Q31655103,LOC,Q2343705,Monte Corvo,"{ ""wikipedia_page"": ""Monte Corno"", ""wikidata_id"": ""Q2343705"" }",18.711814880371094
GDL-1918-05-16-a-i0086,5974,5982,Valknnsa,Q327644,LOC,Q2641550,mont Cusna,"{ ""wikipedia_page"": ""Monte Corno"", ""wikidata_id"": ""Q2641550"" }",11.926369667053223
GDL-1918-05-16-a-i0086,6032,6039,Pasubio,Q699575,LOC,Q699575,Pasubio,"{ ""wikipedia_page"": ""Pasubio"", ""wikidata_id"": ""Q699575"" }",18.506088256835938
GDL-1918-05-16-a-i0086,6077,6095,gare de Pri molano,Q3970614,LOC,Q3970614,Primolano,"{ ""wikipedia_page"": ""Primolano"", ""wikidata_id"": ""Q3970614"" }",16.78789710998535
GDL-1918-05-16-a-i0086,6147,6158,col Oaprile,NIL,LOC,NIL,col Oaprile,"{ ""wikipedia_page"": ""col d'Oaprile"", ""wikidata_id"": ""NIL"" }",13.167206764221191
GDL-1918-05-16-a-i0086,6185,6190,Alano,Q39897,LOC,Q39897,Alano di Piave,"{ ""wikipedia_page"": ""Alano di Piave"", ""wikidata_id"": ""Q39897"" }",12.330825805664062
GDL-1918-05-16-a-i0086,6206,6211,Piave,Q213462,LOC,Q213462,Piave,,24.537353515625
GDL-1918-05-16-a-i0086,6296,6315,région de Soreslano,NIL,LOC,Q60839286,,"{ ""wikipedia_page"": ""Soreslano"", ""wikidata_id"": ""Q60839286"" }",9.355818748474121
GDL-1918-05-16-a-i0086,6500,6505,Piave,Q213462,LOC,Q213462,Piave,"{ ""wikipedia_page"": ""Piave"", ""wikidata_id"": ""Q213462"" }",21.44315528869629
GDL-1918-05-16-a-i0086,6507,6513,Berlin,Q64,LOC,Q64,Berlin,"{ ""wikipedia_page"": ""Berlin"", ""wikidata_id"": ""Q64"" }",18.684480667114258
GDL-1918-05-16-a-i0086,6609,6615,Kemmel,Q1024880,LOC,Q209541,mont Kemmel,"{ ""wikipedia_page"": ""mont Kemmel"", ""wikidata_id"": ""Q209541"" }",16.246124267578125
GDL-1918-05-16-a-i0086,6757,6764,Moreuil,Q115426,LOC,Q115426,Moreuil,"{ ""wikipedia_page"": ""Moreuil"", ""wikidata_id"": ""Q115426"" }",20.235429763793945
GDL-1928-12-01-a-i0015,101,107,Moscou,Q649,LOC,Q649,Moscou,,28.422605514526367
GDL-1928-12-01-a-i0015,310,316,Russie,Q159,LOC,Q159,Russie,,23.01457977294922
GDL-1928-12-01-a-i0015,332,340,Le Temps,Q639137,PROD,Q673324,Le Temps,,24.838529586791992
GDL-1928-12-01-a-i0015,410,426,Union soviétique,Q15180,LOC,Q15180,Union soviétique,,24.77361488342285
GDL-1928-12-01-a-i0015,548,553,Chine,Q29520,LOC,Q29520,Chine,"{ ""wikipedia_page"": ""Chine"", ""wikidata_id"": ""Q29520"" }",15.29703426361084
GDL-1928-12-01-a-i0015,564,571,Balkans,Q23522,LOC,Q23522,Balkans,"{ ""wikipedia_page"": ""Balkans"", ""wikidata_id"": ""Q23522"" }",19.193565368652344
GDL-1928-12-01-a-i0015,576,583,Afrique,Q15,LOC,Q15,Afrique,"{ ""wikipedia_page"": ""Afrique"", ""wikidata_id"": ""Q15"" }",15.15567684173584
GDL-1928-12-01-a-i0015,1059,1065,Berlin,Q64,LOC,Q64,Berlin,"{ ""wikipedia_page"": ""Berlin"", ""wikidata_id"": ""Q64"" }",21.04273796081543
GDL-1928-12-01-a-i0015,1197,1203,Moscou,Q649,LOC,Q649,Moscou,,22.350303649902344
GDL-1928-12-01-a-i0015,1534,1543,Allemagne,Q183,LOC,Q183,Allemagne,"{ ""wikipedia_page"": ""Allemagne"", ""wikidata_id"": ""Q183"" }",16.32004165649414
GDL-1928-12-01-a-i0015,1704,1710,Moscou,Q649,LOC,Q649,Moscou,"{ ""wikipedia_page"": ""Moscou"", ""wikidata_id"": ""Q649"" }",21.610172271728516
GDL-1928-12-01-a-i0015,1715,1721,Berlin,Q64,LOC,Q64,Berlin,"{ ""wikipedia_page"": ""Berlin"", ""wikidata_id"": ""Q64"" }",18.223155975341797
GDL-1928-12-01-a-i0015,1891,1908,VAction française,Q496011,PROD,Q3428637,Revue d'Action française,"{ ""wikipedia_page"": ""Revue d'Action française"", ""wikidata_id"": ""Q3428637"" }",16.80878448486328
GDL-1928-12-01-a-i0015,1944,1958,M. 'Bain ville,Q966894,PER,Q966894,Jacques Bainville,"{ ""wikipedia_page"": ""Jacques Bainville"", ""wikidata_id"": ""Q966894"" }",17.25246810913086
GDL-1928-12-01-a-i0015,2175,2193,président Coolidge,Q36023,PER,Q36023,Calvin Coolidge,,22.152034759521484
GDL-1928-12-01-a-i0015,2216,2229,M. Streeemann,Q103955,PER,Q103955,Gustav Stresemann,"{ ""wikipedia_page"": ""Gustav Stresemann"", ""wikidata_id"": ""Q103955"" }",13.928208351135254
GDL-1928-12-01-a-i0015,2294,2299,Dawes,Q184565,PER,Q156528,plan Dawes,"{ ""wikipedia_page"": ""plan Dawes"", ""wikidata_id"": ""Q156528"" }",12.82809829711914
GDL-1928-12-01-a-i0015,2346,2355,Allemagne,Q183,LOC,Q183,Allemagne,"{ ""wikipedia_page"": ""Allemagne"", ""wikidata_id"": ""Q183"" }",17.87772560119629
GDL-1928-12-01-a-i0015,2410,2420,Etats-Unis,Q30,LOC,Q30,États-Unis,"{ ""wikipedia_page"": ""États-Unis"", ""wikidata_id"": ""Q30"" }",20.774730682373047
GDL-1928-12-01-a-i0015,2500,2509,Allemagne,Q183,LOC,Q183,Allemagne,"{ ""wikipedia_page"": ""Allemagne"", ""wikidata_id"": ""Q183"" }",18.14173126220703
GDL-1928-12-01-a-i0015,2565,2573,New-York,Q60,LOC,Q60,New York,,28.963144302368164
GDL-1928-12-01-a-i0015,2576,2582,Berlin,Q64,LOC,Q64,Berlin,"{ ""wikipedia_page"": ""Berlin"", ""wikidata_id"": ""Q64"" }",21.595256805419922
GDL-1928-12-01-a-i0015,2592,2597,Paris,Q90,LOC,Q90,Paris,"{ ""wikipedia_page"": ""Paris"", ""wikidata_id"": ""Q90"" }",19.110593795776367
GDL-1928-12-01-a-i0015,2603,2610,Londres,Q84,LOC,Q84,Londres,"{ ""wikipedia_page"": ""Londres"", ""wikidata_id"": ""Q84"" }",21.816946029663086
GDL-1928-12-01-a-i0015,2630,2638,New-York,Q60,LOC,Q60,New York,,25.554513931274414
GDL-1928-12-01-a-i0015,2703,2709,Harvey,Q93128,PER,Q1158274,Harvey,"{ ""wikipedia_page"": ""Harvey"", ""wikidata_id"": ""Q1158274"" }",13.71264934539795
GDL-1928-12-01-a-i0015,2769,2777,New-York,Q60,LOC,Q60,New York,,22.846555709838867
GDL-1938-04-22-a-i0048,133,139,Italie,Q38,LOC,Q38,Italie,"{ ""wikipedia_page"": ""Italie"", ""wikidata_id"": ""Q38"" }",21.308414459228516
GDL-1938-04-22-a-i0048,183,198,Grande-Bretagne,Q161885,LOC,Q23666,Grande-Bretagne,,27.218595504760742
GDL-1938-04-22-a-i0048,390,396,Italie,Q38,LOC,Q38,Italie,"{ ""wikipedia_page"": ""Italie"", ""wikidata_id"": ""Q38"" }",19.20646095275879
GDL-1938-04-22-a-i0048,608,614,France,Q142,LOC,Q142,France,"{ ""wikipedia_page"": ""France"", ""wikidata_id"": ""Q142"" }",19.105783462524414
GDL-1938-04-22-a-i0048,901,907,Italie,Q38,LOC,Q38,Italie,,22.884151458740234
GDL-1938-04-22-a-i0048,1362,1368,Italie,Q38,LOC,Q38,Italie,,23.212732315063477
GDL-1938-04-22-a-i0048,1749,1755,Suisse,Q39,LOC,Q39,Suisse,"{ ""wikipedia_page"": ""Suisse"", ""wikidata_id"": ""Q39"" }",20.689064025878906
GDL-1938-04-22-a-i0048,1770,1776,Italie,Q38,LOC,Q38,Italie,"{ ""wikipedia_page"": ""Italie"", ""wikidata_id"": ""Q38"" }",21.122432708740234
GDL-1938-04-22-a-i0048,2248,2254,Italie,Q38,LOC,Q38,Italie,,22.471357345581055
GDL-1938-04-22-a-i0048,2376,2382,Valais,Q834,LOC,Q834,canton du Valais,"{ ""wikipedia_page"": ""canton du Valais"", ""wikidata_id"": ""Q834"" }",16.175222396850586
GDL-1938-04-22-a-i0048,2585,2600,Italie fasciste,Q48742118,LOC,Q48742118,Italie fasciste,"{ ""wikipedia_page"": ""Italie fasciste"", ""wikidata_id"": ""Q48742118"" }",21.141136169433594
GDL-1938-04-22-a-i0048,2720,2726,Italie,Q38,LOC,Q38,Italie,"{ ""wikipedia_page"": ""Italie"", ""wikidata_id"": ""Q38"" }",21.953460693359375
GDL-1938-04-22-a-i0048,2974,2996,libéralisme économique,Q729119,PROD,Q729119,libéralisme économique,,23.46483039855957
GDL-1938-10-12-a-i0095,49,54,Paris,Q90,LOC,Q90,Paris,"{ ""wikipedia_page"": ""Paris"", ""wikidata_id"": ""Q90"" }",16.7773380279541
GDL-1938-10-12-a-i0095,112,118,Europe,Q46,LOC,Q46,Europe,"{ ""wikipedia_page"": ""Europe"", ""wikidata_id"": ""Q46"" }",21.10369110107422
GDL-1938-10-12-a-i0095,179,196,chancelier Hitler,Q352,PER,Q56022,chancelier d'Allemagne,"{ ""wikipedia_page"": ""chancelier Hitler"", ""wikidata_id"": ""Q56022"" }",14.965057373046875
GDL-1938-10-12-a-i0095,199,209,Sarrebruck,Q1724,LOC,Q1724,Sarrebruck,"{ ""wikipedia_page"": ""Sarrebruck"", ""wikidata_id"": ""Q1724"" }",21.641429901123047
GDL-1938-10-12-a-i0095,294,303,Allemagne,Q183,LOC,Q183,Allemagne,"{ ""wikipedia_page"": ""Allemagne"", ""wikidata_id"": ""Q183"" }",18.24689483642578
GDL-1938-10-12-a-i0095,498,504,Italie,Q38,LOC,Q38,Italie,"{ ""wikipedia_page"": ""Italie"", ""wikidata_id"": ""Q38"" }",21.679765701293945
GDL-1938-10-12-a-i0095,559,565,Berlin,Q64,LOC,NIL,Berlin,"{ ""wikipedia_page"": ""Rome"", ""wikidata_id"": ""Q83"" }",17.423580169677734
GDL-1938-10-12-a-i0095,566,570,Rome,Q220,LOC,NIL,Rome,"{ ""wikipedia_page"": ""l'axe Berlin-Rome"", ""wikidata_id"": ""NIL"" }",20.944501876831055
GDL-1938-10-12-a-i0095,608,618,MM. Hitler,Q352,PER,Q352,Adolf Hitler,"{ ""wikipedia_page"": ""Adolf Hitler"", ""wikidata_id"": ""Q352"" }",17.59484100341797
GDL-1938-10-12-a-i0095,622,631,Mussolini,Q23559,PER,Q23559,Benito Mussolini,"{ ""wikipedia_page"": ""Benito Mussolini"", ""wikidata_id"": ""Q23559"" }",21.349685668945312
GDL-1938-10-12-a-i0095,845,855,Sarrebruck,Q1724,LOC,Q1724,Sarrebruck,"{ ""wikipedia_page"": ""Sarrebruck"", ""wikidata_id"": ""Q1724"" }",20.296489715576172
GDL-1938-10-12-a-i0095,912,916,Rome,Q220,LOC,Q220,Rome,"{ ""wikipedia_page"": ""Rome"", ""wikidata_id"": ""Q220"" }",21.18890953063965
GDL-1938-10-12-a-i0095,970,976,Munich,Q1726,LOC,Q1726,Munich,,22.382774353027344
GDL-1938-10-12-a-i0095,1029,1035,Berlin,Q64,LOC,Q64,Berlin,"{ ""wikipedia_page"": ""Berlin"", ""wikidata_id"": ""Q64"" }",18.97810935974121
GDL-1938-10-12-a-i0095,1039,1043,Rome,Q220,LOC,Q220,Rome,"{ ""wikipedia_page"": ""Rome"", ""wikidata_id"": ""Q220"" }",18.189651489257812
GDL-1938-10-12-a-i0095,1381,1389,Ethiopie,Q115,LOC,Q115,Éthiopie,"{ ""wikipedia_page"": ""Éthiopie"", ""wikidata_id"": ""Q115"" }",20.754179000854492
GDL-1938-10-12-a-i0095,1397,1407,Angleterre,Q21,LOC,Q21,Angleterre,"{ ""wikipedia_page"": ""Angleterre"", ""wikidata_id"": ""Q21"" }",18.116214752197266
GDL-1938-10-12-a-i0095,1455,1467,Méditerranée,Q4918,LOC,Q4918,mer Méditerranée,"{ ""wikipedia_page"": ""mer Méditerranée"", ""wikidata_id"": ""Q4918"" }",20.768360137939453
GDL-1948-07-15-a-i0035,53,58,AIGLE,Q43195,LOC,Q43195,Aigle,,25.627094268798828
GDL-1948-07-15-a-i0035,96,101,C. P.,NIL,PER,NIL,C. P.,"{ ""wikipedia_page"": ""NIL"", ""wikidata_id"": ""NIL"" }",6.075895309448242
GDL-1948-07-15-a-i0035,105,110,Aigle,Q43195,LOC,Q43195,Aigle,,33.72715759277344
GDL-1948-07-15-a-i0035,266,277,rue du Midi,NIL,LOC,Q3452448,rue du Midi,,28.036951065063477
GDL-1948-07-15-a-i0035,284,304,carrefour du Tilleul,NIL,LOC,Q16368130,,"{ ""wikipedia_page"": ""carrefour du Tilleul"", ""wikidata_id"": ""Q16368130"" }",18.91680145263672
GDL-1948-07-15-a-i0035,703,720,Temple du Cloître,NIL,LOC,Q1430154,cloître,"{ ""wikipedia_page"": ""Cloître"", ""wikidata_id"": ""Q1430154"" }",15.030754089355469
GDL-1948-07-15-a-i0035,1162,1167,C. P.,NIL,PER,Q3001387,CP,"{ ""wikipedia_page"": ""CP"", ""wikidata_id"": ""Q3001387"" }",4.1135969161987305
GDL-1948-07-15-a-i0035,1825,1836,R. Deladoey,NIL,PER,Q3174396,Jean Roidot-Déléage,,24.32123565673828
GDL-1948-07-15-a-i0035,1862,1875,C. Chevillard,NIL,PER,Q1029147,Camille Chevillard,,31.828567504882812
GDL-1948-07-15-a-i0035,1894,1902,H. Cross,NIL,PER,Q3132707,Henry Cros,,22.162843704223633
GDL-1948-07-15-a-i0035,1946,1956,Chr. Rouge,NIL,PER,NIL,Chr. Rouge,"{ ""wikipedia_page"": ""Chr. Rouge"", ""wikidata_id"": ""NIL"" }",17.624435424804688
GDL-1948-07-15-a-i0035,1974,1988,J. Oberhaensli,NIL,PER,Q12949133,Jeanne Rousselois,,22.393142700195312
GDL-1948-07-15-a-i0035,2006,2009,BEX,Q52261,LOC,Q1144532,Benque-Dessous-et-Dessus,"{ ""wikipedia_page"": ""Benque-Dessous-et-Dessus"", ""wikidata_id"": ""Q1144532"" }",5.981658458709717
GDL-1948-07-15-a-i0035,2034,2039,C. P.,NIL,PER,Q1115593,Commission du Vieux Paris,"{ ""wikipedia_page"": ""Commission du Vieux Paris"", ""wikidata_id"": ""Q1115593"" }",6.407181262969971
GDL-1948-07-15-a-i0035,2115,2125,MM. Sublel,NIL,PER,NIL,MM. Sublel,"{ ""wikipedia_page"": ""NIL"", ""wikidata_id"": ""NIL"" }",14.922747611999512
GDL-1948-07-15-a-i0035,2127,2135,Bralschi,NIL,PER,Q3340938,Nicolas de La Brousse,"{ ""wikipedia_page"": ""Nicolas de La Brousse"", ""wikidata_id"": ""Q3340938"" }",15.985128402709961
GDL-1948-07-15-a-i0035,2137,2147,Nicollerat,NIL,PER,Q18744965,Nicolas Schiffler,"{ ""wikipedia_page"": ""Nicolas Schiffler"", ""wikidata_id"": ""Q18744965"" }",17.855117797851562
GDL-1948-07-15-a-i0035,2149,2156,Soutier,NIL,PER,Q3474329,Sautier,"{ ""wikipedia_page"": ""Sautier"", ""wikidata_id"": ""Q3474329"" }",16.48744010925293
GDL-1948-07-15-a-i0035,2158,2164,Favrod,NIL,PER,Q2958115,Charles-Henri Favrod,"{ ""wikipedia_page"": ""Charles-Henri Favrod"", ""wikidata_id"": ""Q2958115"" }",17.12272071838379
GDL-1948-07-15-a-i0035,2168,2178,Zumbrunnen,NIL,PER,Q3175145,Jean Zumbrunnen,"{ ""wikipedia_page"": ""Jean Zumbrunnen"", ""wikidata_id"": ""Q3175145"" }",20.247129440307617
GDL-1948-07-15-a-i0035,2183,2215,"premier des candidats, M. Buitin",NIL,PER,Q7192098,Pierre Boutin,"{ ""wikipedia_page"": ""Pierre Boutin"", ""wikidata_id"": ""Q7192098"" }",10.353279113769531
GDL-1948-07-15-a-i0035,2228,2248,M. Maurice Fontannaz,NIL,PER,NIL,M. Maurice Fontannaz,"{ ""wikipedia_page"": ""Maurice Fontannaz"", ""wikidata_id"": ""NIL"" }",20.38431167602539
GDL-1948-07-15-a-i0035,2379,2387,Tavalles,NIL,LOC,Q1353747,vallée de Tavannes,,29.258893966674805
GDL-1948-07-15-a-i0035,2447,2466,Chapelle des Posses,NIL,LOC,Q937599,La Chapelle-des-Pots,"{ ""wikipedia_page"": ""La Chapelle-des-Pots"", ""wikidata_id"": ""Q937599"" }",18.364879608154297
GDL-1948-07-15-a-i0035,2490,2500,M. Reymond,NIL,PER,Q3310795,Michel Rémon,"{ ""wikipedia_page"": ""Michel Rémon"", ""wikidata_id"": ""Q3310795"" }",14.876737594604492
GDL-1948-07-15-a-i0035,2515,2531,La Tour de Peilz,Q69721,LOC,Q69721,La Tour-de-Peilz,,27.370473861694336
GDL-1948-07-15-a-i0035,2566,2589,M. le syndic Sollberger,Q2960241,PER,Q2960241,Charles Sollberger,"{ ""wikipedia_page"": ""Charles Sollberger"", ""wikidata_id"": ""Q2960241"" }",16.776567459106445
GDL-1948-07-15-a-i0035,2624,2631,Solalex,Q27849991,LOC,Q99703342,,"{ ""wikipedia_page"": ""Solalex"", ""wikidata_id"": ""Q99703342"" }",18.324159622192383
GDL-1948-07-15-a-i0035,2696,2699,Bex,Q52261,LOC,Q52261,Bex,,25.919130325317383
GDL-1948-07-15-a-i0035,2717,2757,Société des Forces motrices de l'Avançon,NIL,ORG,NIL,Société des Forces motrices de l'Avançon,"{ ""wikipedia_page"": ""Société des Forces motrices de l'Avançon"", ""wikidata_id"": ""NIL"" }",20.246675491333008
GDL-1948-07-15-a-i0035,2811,2817,RENENS,Q69745,LOC,Q69745,Renens,,25.585636138916016
GDL-1948-07-15-a-i0035,2849,2854,C. P.,NIL,PER,Q3001387,CP,"{ ""wikipedia_page"": ""CP"", ""wikidata_id"": ""Q3001387"" }",6.592165470123291
GDL-1948-07-15-a-i0035,2903,2920,"M. Ruedi, notaire",NIL,PER,Q189010,notaire,"{ ""wikipedia_page"": ""Notaire"", ""wikidata_id"": ""Q189010"" }",15.86703109741211
GDL-1948-07-15-a-i0035,2925,2959,Société de développement de Renens,NIL,ORG,NIL,Société de développement de Renens,"{ ""wikipedia_page"": ""Société de développement de Renens"", ""wikidata_id"": ""NIL"" }",19.591886520385742
GDL-1948-07-15-a-i0035,3008,3022,MM. D Dusserre,NIL,PER,NIL,MM. D Dusserre,"{ ""wikipedia_page"": ""NIL"", ""wikidata_id"": ""NIL"" }",14.00467300415039
GDL-1948-07-15-a-i0035,3024,3033,Chavannes,Q22485060,LOC,Q52704,Chavannes-le-Chêne,,26.703554153442383
GDL-1948-07-15-a-i0035,3036,3051,Clardon Antoine,NIL,PER,Q2853687,Antoine Blatin,,25.405349731445312
GDL-1948-07-15-a-i0035,3053,3061,Ecublens,Q69716,LOC,Q69716,Ecublens,,27.559167861938477
GDL-1948-07-15-a-i0035,3064,3069,Moraz,NIL,PER,Q120661,Jean Morax,"{ ""wikipedia_page"": ""Jean Morax"", ""wikidata_id"": ""Q120661"" }",14.522976875305176
GDL-1948-07-15-a-i0035,3071,3079,Crissier,Q57121,LOC,Q57121,Crissier,"{ ""wikipedia_page"": ""Crissier"", ""wikidata_id"": ""Q57121"" }",19.8187313079834
GDL-1948-07-15-a-i0035,3082,3093,MM. Manriry,NIL,PER,NIL,MM. Manriry,"{ ""wikipedia_page"": ""Manriry"", ""wikidata_id"": ""NIL"" }",15.698272705078125
GDL-1948-07-15-a-i0035,3095,3103,Christin,NIL,PER,Q3350915,Olivier Christin,"{ ""wikipedia_page"": ""Olivier Christin"", ""wikidata_id"": ""Q3350915"" }",13.015562057495117
GDL-1948-07-15-a-i0035,3105,3112,Clardon,NIL,PER,Q3309772,Michel Glardon,"{ ""wikipedia_page"": ""Michel Glardon"", ""wikidata_id"": ""Q3309772"" }",15.502413749694824
GDL-1948-07-15-a-i0035,3124,3128,Ross,NIL,PER,Q16006467,Ronald Ross,"{ ""wikipedia_page"": ""Ronald Ross"", ""wikidata_id"": ""Q16006467"" }",10.874251365661621
GDL-1948-07-15-a-i0035,3130,3137,Coderey,NIL,PER,Q3370360,Paul Caudière,"{ ""wikipedia_page"": ""Paul Caudière"", ""wikidata_id"": ""Q3370360"" }",15.148906707763672
GDL-1948-07-15-a-i0035,3141,3156,Arthur Miéville,NIL,PER,Q78066642,Adrien Miéville,,25.027904510498047
GDL-1948-07-15-a-i0035,3174,3180,Renens,Q69745,LOC,Q647,Rennes,,29.020565032958984
GDL-1948-07-15-a-i0035,3231,3240,Chavannes,Q22485060,LOC,Q1168879,Chevannes,,26.031341552734375
GDL-1948-07-15-a-i0035,3242,3250,Ecublens,Q69716,LOC,Q69716,Ecublens,,24.673908233642578
GDL-1948-07-15-a-i0035,3252,3260,Crissier,Q57121,LOC,Q57121,Crissier,"{ ""wikipedia_page"": ""Crissier"", ""wikidata_id"": ""Q57121"" }",20.829233169555664
GDL-1948-07-15-a-i0035,3264,3270,Renens,Q69745,LOC,Q647,Rennes,,27.814002990722656
GDL-1948-07-15-a-i0035,3418,3424,Renens,Q69745,LOC,Q647,Rennes,,26.30830955505371
GDL-1948-12-11-a-i0039,27,36,Châtelard,Q1809798,LOC,Q861652,Châtelard,,30.28832244873047
GDL-1948-12-11-a-i0039,63,72,Châtelard,Q1809798,LOC,Q861652,Châtelard,,29.28440284729004
GDL-1948-12-11-a-i0039,73,86,Mon- '' treux,Q69354,LOC,Q69354,Montreux,"{ ""wikipedia_page"": ""Montreux"", ""wikidata_id"": ""Q69354"" }",17.435861587524414
GDL-1948-12-11-a-i0039,266,270,Vaud,Q12771,LOC,Q12771,canton de Vaud,,28.547801971435547
GDL-1948-12-11-a-i0039,716,725,Châtelard,Q1809798,LOC,Q819553,Le Châtelard,"{ ""wikipedia_page"": ""Châtelard"", ""wikidata_id"": ""Q819553"" }",19.945348739624023
GDL-1948-12-11-a-i0039,930,944,Conseil d'Etat,Q662792,ORG,Q769657,Conseil d'État,"{ ""wikipedia_page"": ""Conseil d'État"", ""wikidata_id"": ""Q769657"" }",17.991769790649414
GDL-1958-07-29-a-i0071,146,159,Confédération,Q39,LOC,Q39,Suisse,"{ ""wikipedia_page"": ""Confédération suisse"", ""wikidata_id"": ""Q39"" }",19.774927139282227
GDL-1958-07-29-a-i0071,223,270,Département fédéral des finances et des douanes,Q662317,ORG,Q662317,Département fédéral des finances,,37.86305618286133
GDL-1968-05-30-a-i0128,63,70,LONDRES,Q84,LOC,Q84,Londres,"{ ""wikipedia_page"": ""Londres"", ""wikidata_id"": ""Q84"" }",21.949777603149414
GDL-1968-05-30-a-i0128,153,156,BRI,Q309195,ORG,Q309195,Banque des règlements internationaux,"{ ""wikipedia_page"": ""Banque des règlements internationaux"", ""wikidata_id"": ""Q309195"" }",20.068815231323242
GDL-1968-05-30-a-i0128,158,194,Banque des Règlements Internationaux,Q309195,ORG,Q309195,Banque des règlements internationaux,,26.355548858642578
GDL-1968-05-30-a-i0128,345,348,BRI,Q309195,ORG,Q309195,Banque des règlements internationaux,"{ ""wikipedia_page"": ""Banque des règlements internationaux"", ""wikidata_id"": ""Q309195"" }",16.833768844604492
GDL-1968-05-30-a-i0128,368,384,Banque de France,Q806950,ORG,Q806950,Banque de France,,37.943904876708984
GDL-1968-05-30-a-i0128,567,573,Europe,Q46,LOC,Q46,Europe,,28.99089241027832
GDL-1968-05-30-a-i0128,986,989,BRI,Q309195,ORG,Q309195,Banque des règlements internationaux,"{ ""wikipedia_page"": ""Banque des règlements internationaux"", ""wikidata_id"": ""Q309195"" }",19.85072898864746
GDL-1968-05-30-a-i0128,1034,1058,"Aile-, magne occidentale",Q713750,LOC,Q16640771,Générale Occidentale,"{ ""wikipedia_page"": ""Générale Occidentale"", ""wikidata_id"": ""Q16640771"" }",11.904157638549805
GDL-1968-05-30-a-i0128,1137,1139,Ap,Q40469,ORG,Q40464,Agence France-Presse,"{ ""wikipedia_page"": ""Agence France-Presse"", ""wikidata_id"": ""Q40464"" }",7.1371588706970215
GDL-1968-11-02-a-i0267,29,40,Paul Morand,Q272,PER,Q272,Paul Morand,,45.914268493652344
GDL-1968-11-02-a-i0267,46,64,Académie française,Q161806,ORG,Q161806,Académie française,,32.67040252685547
GDL-1968-11-02-a-i0267,105,116,Paul Morand,Q272,PER,Q272,Paul Morand,,33.23818588256836
GDL-1968-11-02-a-i0267,164,181,Jean Schlumberger,Q322520,PER,Q322520,Jean Schlumberger,,36.74277114868164
GDL-1968-11-02-a-i0267,297,309,Schlumberger,Q322520,PER,Q322520,Jean Schlumberger,,33.92173385620117
GDL-1968-11-02-a-i0267,327,351,Nouvelle Revue Française,Q616067,PROD,Q616067,La Nouvelle Revue française,,35.222782135009766
GDL-1968-11-02-a-i0267,355,361,Morand,Q272,PER,Q272,Paul Morand,,32.04509735107422
GDL-1968-11-02-a-i0267,456,462,Morand,Q272,PER,Q272,Paul Morand,,27.852033615112305
GDL-1968-11-02-a-i0267,590,601,Tour Eiffel,Q243,LOC,Q243,tour Eiffel,,33.56620788574219
GDL-1968-11-02-a-i0267,792,798,Morand,Q272,PER,Q15268944,Eugène Morand,,25.682355880737305
GDL-1968-11-02-a-i0267,1338,1344,Morand,Q272,PER,Q272,Paul Morand,,29.838306427001953
GDL-1968-11-02-a-i0267,1377,1384,Paulhan,Q470557,PER,Q470557,Jean Paulhan,,31.189067840576172
GDL-1968-11-02-a-i0267,1400,1406,Proust,Q7199,PER,Q7199,Marcel Proust,,29.081315994262695
GDL-1968-11-02-a-i0267,1799,1810,Paul Morand,Q272,PER,Q272,Paul Morand,,36.45661926269531
GDL-1968-11-02-a-i0267,1826,1837,Tour Eiffel,Q243,LOC,Q243,tour Eiffel,,31.93376922607422
GDL-1968-11-02-a-i0267,2165,2182,Jean Schlumberger,Q322520,PER,Q322520,Jean Schlumberger,,37.33860778808594
GDL-1968-11-02-a-i0267,2262,2279,Jean Schlumberger,Q322520,PER,Q322520,Jean Schlumberger,,37.6270751953125
GDL-1968-11-02-a-i0267,2373,2382,Gallimard,Q273819,ORG,Q273819,Éditions Gallimard,,30.818031311035156
GDL-1968-11-02-a-i0267,2698,2710,Schlumberger,Q322520,PER,Q704218,Gustave Schlumberger,,29.321062088012695
GDL-1968-11-02-a-i0267,2930,2942,Schlumberger,Q322520,PER,Q704218,Gustave Schlumberger,,28.657583236694336
GDL-1968-11-02-a-i0267,3252,3256,Gide,Q47484,PER,Q47484,André Gide,,30.475921630859375
GDL-1968-11-02-a-i0267,3260,3274,Martin du Gard,Q129155,PER,Q129155,Roger Martin du Gard,,30.60562515258789
GDL-1968-11-02-a-i0267,3326,3329,NRF,Q616067,ORG,Q616067,La Nouvelle Revue française,"{ ""wikipedia_page"": ""La Nouvelle Revue française"", ""wikidata_id"": ""Q616067"" }",16.018705368041992
GDL-1968-11-02-a-i0267,3359,3374,Edmond Gilliard,Q3047840,PER,Q3047840,Edmond Gilliard,,40.933387756347656
GDL-1968-11-02-a-i0267,3399,3414,Cahiers vaudois,Q15695408,PROD,Q15695408,Cahiers vaudois,,23.071489334106445
GDL-1968-11-02-a-i0267,3435,3440,Ramuz,Q123635,PER,Q123635,Charles Ferdinand Ramuz,"{ ""wikipedia_page"": ""Charles Ferdinand Ramuz"", ""wikidata_id"": ""Q123635"" }",19.695552825927734
GDL-1968-11-02-a-i0267,3502,3526,avenida de Los Pacificos,NIL,LOC,Q4780530,Avenida Apoquindo,"{ ""wikipedia_page"": ""Avenida Apoquindo"", ""wikidata_id"": ""Q4780530"" }",11.443208694458008
GDL-1968-11-02-a-i0267,3553,3577,quartier de Pucnte Vjeja,NIL,LOC,NIL,quartier de Pucnte Vjeja,"{ ""wikipedia_page"": ""quartier de Pucnte Vjeja"", ""wikidata_id"": ""NIL"" }",11.078136444091797
GDL-1968-11-02-a-i0267,3605,3615,Villacorte,NIL,LOC,Q21493529,Villacorta,"{ ""wikipedia_page"": ""Villacorta"", ""wikidata_id"": ""Q21493529"" }",16.675670623779297
GDL-1968-11-02-a-i0267,3681,3694,Gonzalo Arias,Q3699081,PER,Q3699081,Gonzalo Arias,,31.19901466369629
GDL-1968-11-02-a-i0267,3839,3853,Euscbio Martin,NIL,PER,Q2889235,Eusebio Pérez Martín,"{ ""wikipedia_page"": ""Eusebio Pérez Martín"", ""wikidata_id"": ""Q2889235"" }",20.65897560119629
GDL-1968-11-02-a-i0267,3879,3885,Martin,NIL,PER,NIL,Martin,"{ ""wikipedia_page"": ""Euscbio Martin"", ""wikidata_id"": ""NIL"" }",15.232038497924805
GDL-1968-11-02-a-i0267,4087,4122,général Tranco sauveur de la patrie,NIL,PER,Q56044758,,"{ ""wikipedia_page"": ""Euscbio Martin"", ""wikidata_id"": ""Q56044758"" }",9.785185813903809
GDL-1968-11-02-a-i0267,4376,4382,Martin,NIL,PER,Q103999342,,"{ ""wikipedia_page"": ""Eusebio Martin"", ""wikidata_id"": ""Q103999342"" }",12.940309524536133
GDL-1968-11-02-a-i0267,4413,4419,Martin,NIL,PER,Q18002399,Martin,"{ ""wikipedia_page"": ""Martin"", ""wikidata_id"": ""Q18002399"" }",13.568511962890625
GDL-1968-11-02-a-i0267,4500,4514,Eusebio Martin,NIL,PER,Q16031392,,,25.541975021362305
GDL-1968-11-02-a-i0267,4657,4665,Le Monde,Q12461,PROD,Q12461,Le Monde,,27.75798797607422
GDL-1968-11-02-a-i0267,4681,4688,Espagne,Q29,LOC,Q29,Espagne,,24.978992462158203
GDL-1968-11-02-a-i0267,4761,4767,Madrid,Q2807,LOC,Q2807,Madrid,,25.53717613220215
GDL-1968-11-02-a-i0267,4818,4870,"M. Gonzalo Arias, fonctionnaire de ! Unesco, à Paris",Q3699081,PER,Q3699081,Gonzalo Arias,"{ ""wikipedia_page"": ""Gonzalo Arias"", ""wikidata_id"": ""Q3699081"" }",11.493711471557617
GDL-1968-11-02-a-i0267,4945,4964,Jean-Marie Domenach,Q3167641,PER,Q3167641,Jean-Marie Domenach,,46.43642807006836
GDL-1968-11-02-a-i0267,5600,5613,totalitarisme,Q128135,PROD,Q128135,totalitarisme,,28.630836486816406
GDL-1968-11-02-a-i0267,5798,5810,Albin-Michel,Q2190366,ORG,Q2190366,Éditions Albin Michel,,33.63158416748047
GDL-1968-11-02-a-i0267,5872,5900,Armel Guerne. son adaptateur,Q2047594,PER,Q2047594,Armel Guerne,,22.186487197875977
GDL-1968-11-02-a-i0267,6081,6089,Occident,Q160381,LOC,Q160381,civilisation occidentale,,23.252912521362305
GDL-1968-11-02-a-i0267,6190,6198,Kawabata,Q43736,PER,Q43736,Yasunari Kawabata,"{ ""wikipedia_page"": ""Yasunari Kawabata"", ""wikidata_id"": ""Q43736"" }",21.858924865722656
GDL-1968-11-02-a-i0267,6200,6209,Guy Dunmr,Q3121746,PER,Q3121746,Guy Dumur,,31.301856994628906
GDL-1968-11-02-a-i0267,6346,6354,Sarraute,Q297758,PER,Q297758,Nathalie Sarraute,,29.01725959777832
GDL-1968-11-02-a-i0267,6361,6374,Robbe-Grillet,Q216266,PER,Q216266,Alain Robbe-Grillet,,30.783336639404297
GDL-1968-11-02-a-i0267,6517,6525,Kawabata,Q43736,PER,Q43736,Yasunari Kawabata,,25.465778350830078
GDL-1968-11-02-a-i0267,6633,6641,Kawabata,Q43736,PER,Q43736,Yasunari Kawabata,,24.782663345336914
GDL-1968-11-02-a-i0267,6766,6785,France Albin-Michel,Q2831889,PER,Q2190366,Éditions Albin Michel,"{ ""wikipedia_page"": ""Éditions Albin Michel"", ""wikidata_id"": ""Q2190366"" }",19.73354148864746
GDL-1968-11-02-a-i0267,6917,6932,Israélien Agnon,Q133042,PER,Q133042,Samuel Joseph Agnon,"{ ""wikipedia_page"": ""Shmuel Yosef Agnon"", ""wikidata_id"": ""Q133042"" }",15.716682434082031
GDL-1968-11-02-a-i0267,6945,6967,Guatémaltèque Asturias,Q75603,PER,Q75603,Miguel Ángel Asturias,"{ ""wikipedia_page"": ""Miguel Ángel Asturias"", ""wikidata_id"": ""Q75603"" }",13.420660972595215
GDL-1968-11-02-a-i0267,6982,7008,Japonais Yanusari Kawabata,Q43736,PER,Q43736,Yasunari Kawabata,"{ ""wikipedia_page"": ""Yasunari Kawabata"", ""wikidata_id"": ""Q43736"" }",18.217063903808594
GDL-1968-11-02-a-i0267,7054,7067,André Malraux,Q151164,PER,Q151164,André Malraux,,39.823936462402344
GDL-1968-11-02-a-i0267,7127,7133,Thonon,Q206165,LOC,Q206165,Thonon-les-Bains,,28.300098419189453
GDL-1968-11-02-a-i0267,7275,7297,Municipalité de Thonon,NIL,ORG,Q28942567,Thonon Agglomération,,29.600505828857422
GDL-1968-11-02-a-i0267,7461,7467,Thonon,Q206165,LOC,Q206165,Thonon-les-Bains,,27.57396125793457
GDL-1968-11-02-a-i0267,7579,7599,Municipalité de Caen,NIL,ORG,Q41185,Caen,,28.95174217224121
GDL-1968-11-02-a-i0267,7629,7639,Jo Trehard,Q3179419,PER,Q3179419,Jo Tréhard,,43.448429107666016
GDL-1968-11-02-a-i0267,7690,7714,Théâtre national de Caen,Q3527622,ORG,Q3527622,théâtre de Caen,,40.698978424072266
GDL-1968-11-02-a-i0267,7770,7775,Paris,Q90,LOC,Q90,Paris,"{ ""wikipedia_page"": ""Mairie de Paris"", ""wikidata_id"": ""Q90"" }",19.060962677001953
GDL-1968-11-02-a-i0267,7943,7950,Trehard,Q3179419,PER,Q3179419,Jo Tréhard,,31.198970794677734
GDL-1968-11-02-a-i0267,8049,8058,Normandie,Q18677875,LOC,Q15878,Normandie,,25.046863555908203
GDL-1968-11-02-a-i0267,8073,8087,Champs-Elysées,Q550,LOC,Q550,avenue des Champs-Élysées,,28.374998092651367
GDL-1968-11-02-a-i0267,8103,8118,Opéra de Vienne,Q209937,ORG,Q209937,opéra d'État de Vienne,,28.682567596435547
GDL-1968-11-02-a-i0267,8170,8175,Paris,Q90,LOC,Q90,Paris,,31.24517250061035
GDL-1968-11-02-a-i0267,8240,8254,Alwin Nikoldis,Q449880,PER,Q449880,Alwin Nikolais,,27.339733123779297
GDL-1968-11-02-a-i0267,8331,8349,Gazette littéraire,NIL,PROD,Q3099770,Gazette littéraire de l'Europe,"{ ""wikipedia_page"": ""La Gazette littéraire de l'Europe"", ""wikidata_id"": ""Q3099770"" }",19.247222900390625
GDL-1968-11-02-a-i0267,8569,8581,Rauschcnberg,Q164358,PER,Q164358,Robert Rauschenberg,,26.13935089111328
GDL-1968-11-02-a-i0267,8606,8611,Paris,Q90,LOC,Q90,Paris,"{ ""wikipedia_page"": ""Paris"", ""wikidata_id"": ""Q90"" }",21.807893753051758
GDL-1968-11-02-a-i0267,8626,8643,Galerie Sonnabend,NIL,ORG,Q531499,Ileana Sonnabend,,22.722436904907227
GDL-1968-11-02-a-i0267,8685,8714,Musée municipal d'art moderne,Q857276,ORG,Q857276,musée d'Art moderne de Paris,,37.44524002075195
GDL-1968-11-02-a-i0267,8755,8767,Rauschenberg,Q164358,PER,Q164358,Robert Rauschenberg,,26.289615631103516
GDL-1968-11-02-a-i0267,8899,8905,Calder,Q151580,PER,Q151580,Alexander Calder,,25.403911590576172
GDL-1968-11-02-a-i0267,8911,8917,Maeght,Q2742485,ORG,Q1435689,Fondation Maeght,,23.244892120361328
GDL-1968-11-02-a-i0267,8921,8927,Stahly,Q468744,PER,Q468744,François Stahly,,26.03934097290039
GDL-1968-11-02-a-i0267,8933,8948,Galerie Speyers,NIL,ORG,Q87671134,Kunstverein Speyer,,23.490217208862305
GDL-1968-11-02-a-i0267,9087,9093,Jouvet,Q60801,PER,Q60801,Louis Jouvet,,23.461429595947266
GDL-1968-11-02-a-i0267,9109,9118,Giraudoux,Q309974,PER,Q309974,Jean Giraudoux,"{ ""wikipedia_page"": ""Jean Giraudoux"", ""wikidata_id"": ""Q309974"" }",18.708250045776367
GDL-1968-11-02-a-i0267,9198,9202,Piaf,Q1631,PER,Q1631,Édith Piaf,,25.398942947387695
GDL-1968-11-02-a-i0267,9216,9228,Raymond Asso,Q2552540,PER,Q2552540,Raymond Asso,,28.437204360961914
GDL-1968-11-02-a-i0267,9246,9258,Raymond Asso,Q2552540,PER,Q2552540,Raymond Asso,,29.153392791748047
GDL-1968-11-02-a-i0267,9337,9344,Montand,Q106057,PER,Q106057,Yves Montand,"{ ""wikipedia_page"": ""Yves Montand"", ""wikidata_id"": ""Q106057"" }",20.881399154663086
GDL-1968-11-02-a-i0267,9359,9366,Olympia,Q915451,ORG,Q915451,Olympia,"{ ""wikipedia_page"": ""Olympia"", ""wikidata_id"": ""Q915451"" }",18.79643440246582
GDL-1968-11-02-a-i0267,9372,9377,Gréco,Q156485,PER,Q156485,Juliette Gréco,"{ ""wikipedia_page"": ""Juliette Gréco"", ""wikidata_id"": ""Q156485"" }",19.822086334228516
GDL-1968-11-02-a-i0267,9391,9397,Bobino,Q888776,ORG,Q888776,Bobino,"{ ""wikipedia_page"": ""Bobino"", ""wikidata_id"": ""Q888776"" }",19.70426368713379
GDL-1968-11-02-a-i0267,9438,9451,Pierre Perret,Q2093776,PER,Q2093776,Pierre Perret,,38.141265869140625
GDL-1968-11-02-a-i0267,9469,9483,Georges Chelon,Q3102470,PER,Q3102470,Georges Chelon,,31.36763572692871
GDL-1968-11-02-a-i0267,9525,9530,Seine,Q1471,LOC,Q1471,Seine,"{ ""wikipedia_page"": ""Seine"", ""wikidata_id"": ""Q1471"" }",18.477582931518555
GDL-1978-06-23-a-i0197,342,349,Londres,Q84,LOC,Q84,Londres,,27.714637756347656
GDL-1978-06-23-a-i0197,356,370,M. Cyrus Vance,Q296661,PER,Q296661,Cyrus Vance,,29.671049118041992
GDL-1978-06-23-a-i0197,414,420,Israël,Q801,LOC,Q1431423,Ministère des Affaires étrangères d'Israël,"{ ""wikipedia_page"": ""Ministère des Affaires étrangères d'Israël"", ""wikidata_id"": ""Q1431423"" }",19.28180694580078
GDL-1978-06-23-a-i0197,426,432,Egypte,Q79,LOC,Q79,Égypte,"{ ""wikipedia_page"": ""Égypte"", ""wikidata_id"": ""Q79"" }",20.477436065673828
GDL-1978-06-23-a-i0197,521,534,Proche-Orient,Q7204,LOC,Q48214,Proche-Orient,,32.635345458984375
GDL-1978-06-23-a-i0197,582,591,Jérusalem,Q1218,LOC,Q1218,Jérusalem,,26.7131290435791
GDL-1978-06-23-a-i0197,595,603,Le Caire,Q85,LOC,Q85,Le Caire,,31.00568962097168
GDL-1978-06-23-a-i0197,741,749,New York,Q60,LOC,Q60,New York,,28.149538040161133
GDL-1978-06-23-a-i0197,752,767,Louis Wiznitzer,NIL,PER,Q16744989,Luis Kemnitzer,,26.821067810058594
GDL-1978-06-23-a-i0197,940,950,Etats-Unis,Q30,LOC,Q30,États-Unis,,24.662479400634766
GDL-1978-06-23-a-i0197,1046,1055,M. Sadate,Q42013,PER,Q42013,Anouar el-Sadate,,27.02715492248535
GDL-1978-06-23-a-i0197,1537,1590,"M. Holding Carter, porte-parole du Département d'Etat",Q5875974,PER,Q23131606,,"{ ""wikipedia_page"": ""William E. Colby"", ""wikidata_id"": ""Q23131606"" }",14.681692123413086
GDL-1978-06-23-a-i0197,1716,1769,"M. Javits, sénateur de New York juif et pro-israèlien",Q1875906,PER,Q1875906,Jacob K. Javits,"{ ""wikipedia_page"": ""Jacob K. Javits"", ""wikidata_id"": ""Q1875906"" }",19.036746978759766
GDL-1978-06-23-a-i0197,1789,1797,Capitole,Q54109,LOC,Q54109,Capitole des États-Unis,,25.048288345336914
GDL-1978-06-23-a-i0197,1930,1936,Israël,Q801,LOC,Q801,Israël,,22.30796241760254
GDL-1978-06-23-a-i0197,1969,1978,M. Carter,Q23685,PER,Q23685,Jimmy Carter,,26.839017868041992
GDL-1978-06-23-a-i0197,1993,2001,M. Begin,Q130873,PER,Q130873,Menahem Begin,,25.10895538330078
GDL-1978-06-23-a-i0197,2214,2217,USA,Q30,LOC,Q30,États-Unis,,22.526790618896484
GDL-1978-06-23-a-i0197,2250,2256,Israël,Q801,LOC,Q801,Israël,,24.219871520996094
GDL-1978-06-23-a-i0197,2331,2342,Cisjordanie,Q36678,LOC,Q36678,Cisjordanie,,25.66139030456543
GDL-1978-06-23-a-i0197,2346,2350,Gaza,Q39760,LOC,Q47492,Gaza,,26.281389236450195
GDL-1978-06-23-a-i0197,2365,2371,Israël,Q801,LOC,Q801,Israël,"{ ""wikipedia_page"": ""Israël"", ""wikidata_id"": ""Q801"" }",20.31205940246582
GDL-1978-06-23-a-i0197,2458,2464,Egypte,Q79,LOC,Q79,Égypte,,22.9608154296875
GDL-1978-06-23-a-i0197,2600,2610,Etats-Unis,Q30,LOC,Q30,États-Unis,,23.773900985717773
GDL-1978-06-23-a-i0197,2701,2710,M. Sadate,Q42013,PER,Q42013,Anouar el-Sadate,,25.82731056213379
GDL-1978-06-23-a-i0197,2736,2747,roi Hussein,Q146906,PER,Q146906,Hussein Ier de Jordanie,,24.274028778076172
GDL-1988-07-08-a-i0186,0,26,J 3 ENÈVE Nastassia Kinski,Q76711,PER,Q76711,Nastassja Kinski,"{ ""wikipedia_page"": ""Nastassja Kinski"", ""wikidata_id"": ""Q76711"" }",12.498323440551758
GDL-1988-07-08-a-i0186,55,58,ATS,Q430109,ORG,Q2823706,Action terroriste socialement acceptable,"{ ""wikipedia_page"": ""Action terroriste socialement acceptable"", ""wikidata_id"": ""Q2823706"" }",8.90002727508545
GDL-1988-07-08-a-i0186,63,87,actrice Nastassia Kinski,Q76711,PER,Q76711,Nastassja Kinski,,22.377103805541992
GDL-1988-07-08-a-i0186,114,120,Genève,Q71,LOC,Q71,Genève,,32.116790771484375
GDL-1988-07-08-a-i0186,151,172,société Leila Film SA,NIL,ORG,Q3212860,La Société Nouvelle de Production,"{ ""wikipedia_page"": ""La Société Nouvelle de Production"", ""wikidata_id"": ""Q3212860"" }",14.02090835571289
GDL-1988-07-08-a-i0186,234,275,"Henri Dunant, fondateur de la Croix-Rouge",Q12091,PER,Q12091,Henry Dunant,,27.86024284362793
GDL-1988-07-08-a-i0186,280,303,Conseil d'Etat genevois,Q2546890,ORG,Q2546890,Conseil d'État du canton de Genève,,37.552772521972656
GDL-1988-07-08-a-i0186,398,414,Nastassia Kinski,Q76711,PER,Q76711,Nastassja Kinski,,37.460357666015625
GDL-1988-07-08-a-i0186,600,616,Nastassia Kinski,Q76711,PER,Q76711,Nastassja Kinski,,37.790985107421875
GDL-1988-07-08-a-i0186,694,700,Genève,Q71,LOC,Q71,Genève,,26.472980499267578
GDL-1988-07-08-a-i0186,740,756,Nastassia Kinski,Q76711,PER,Q76711,Nastassja Kinski,,35.10519027709961
GDL-1988-07-08-a-i0186,805,843,Comité International de la Croix-Rouge,Q5987345,ORG,Q5987345,Comité international de la Croix-Rouge,,39.625057220458984
GDL-1988-07-08-a-i0186,845,849,CICR,Q5987345,ORG,Q5987345,Comité international de la Croix-Rouge,,30.020132064819336
GDL-1988-07-08-a-i0186,855,869,Conseil d'Etat,Q2546890,ORG,Q2546890,Conseil d'État du canton de Genève,,23.471294403076172
IMP-1908-10-03-a-i0027,22,28,FRANCE,Q142,LOC,Q142,France,"{ ""wikipedia_page"": ""France"", ""wikidata_id"": ""Q142"" }",18.8038387298584
IMP-1908-10-03-a-i0027,114,127,rue du Temple,Q3452610,LOC,Q3452610,rue du Temple,,23.30446434020996
IMP-1908-10-03-a-i0027,137,163,rue Notre-Dame-de-Nazareth,Q3449324,LOC,Q3449324,rue Notre-Dame-de-Nazareth,,29.077550888061523
IMP-1908-10-03-a-i0027,444,463,hôpital Saint-Louis,Q1569396,ORG,Q1569396,hôpital Saint-Louis,"{ ""wikipedia_page"": ""hôpital Saint-Louis"", ""wikidata_id"": ""Q1569396"" }",19.406652450561523
IMP-1908-10-03-a-i0027,535,543,Guillard,NIL,PER,Q3262105,Louis Guillard,"{ ""wikipedia_page"": ""Louis Guillard"", ""wikidata_id"": ""Q3262105"" }",11.12266731262207
IMP-1908-10-03-a-i0027,683,692,ALLEMAGNE,Q183,LOC,Q183,Allemagne,"{ ""wikipedia_page"": ""Allemagne"", ""wikidata_id"": ""Q183"" }",11.65239143371582
IMP-1908-10-03-a-i0027,718,728,Magdebourg,Q1733,LOC,Q1733,Magdebourg,,22.25739288330078
IMP-1908-10-03-a-i0027,752,827,"Paul Reindel, ancien exécuteur des hautes œuvres pour la Prusse occidentale",NIL,PER,Q1461675,Friedrich Reindel,"{ ""wikipedia_page"": ""Friedrich Reindel"", ""wikidata_id"": ""Q1461675"" }",15.488425254821777
IMP-1908-10-03-a-i0027,994,1001,M. Paul,NIL,PER,Q1461675,Friedrich Reindel,"{ ""wikipedia_page"": ""Friedrich Reindel"", ""wikidata_id"": ""Q1461675"" }",7.046615123748779
IMP-1908-10-03-a-i0027,1094,1101,Reindel,NIL,PER,NIL,Reindel,"{ ""wikipedia_page"": ""Paul Reindel"", ""wikidata_id"": ""NIL"" }",17.681175231933594
IMP-1908-10-03-a-i0027,1314,1323,Allemagne,Q183,LOC,Q183,Allemagne,"{ ""wikipedia_page"": ""Allemagne"", ""wikidata_id"": ""Q183"" }",17.128543853759766
IMP-1908-10-03-a-i0027,1332,1347,iJKeaz Schwietz,NIL,PER,Q1870138,Lorenz Schwietz,"{ ""wikipedia_page"": ""Lorenz Schwietz"", ""wikidata_id"": ""Q1870138"" }",7.957550525665283
IMP-1908-10-03-a-i0027,1367,1376,Br eslasi,Q1799,LOC,Q661525,Bresle,"{ ""wikipedia_page"": ""Bresle"", ""wikidata_id"": ""Q661525"" }",6.164270401000977
IMP-1908-10-03-a-i0027,1408,1415,Reindel,NIL,PER,Q1667809,Johann Evangelist Reindl,"{ ""wikipedia_page"": ""Johann Evangelist Reindl"", ""wikidata_id"": ""Q1667809"" }",13.938189506530762
IMP-1908-10-03-a-i0027,1429,1444,femme _JVie & e,NIL,PER,Q445015,Jeanne Weber,"{ ""wikipedia_page"": ""Jeanne Weber"", ""wikidata_id"": ""Q445015"" }",6.9158935546875
IMP-1908-10-03-a-i0027,1467,1476,Hambour'g,Q1055,LOC,Q1055,Hambourg,"{ ""wikipedia_page"": ""Hambourg"", ""wikidata_id"": ""Q1055"" }",15.822410583496094
IMP-1908-10-03-a-i0027,1585,1625,"Mailau, cet employé de la ville d'Altona",NIL,PER,Q2039877,Otto Marloh,"{ ""wikipedia_page"": ""Otto Marloh"", ""wikidata_id"": ""Q2039877"" }",9.47992992401123
IMP-1908-10-03-a-i0027,1757,1763,RUSSIE,Q159,LOC,Q159,Russie,"{ ""wikipedia_page"": ""Russie"", ""wikidata_id"": ""Q159"" }",14.179431915283203
IMP-1908-10-03-a-i0027,1852,1859,Bosdani,NIL,LOC,Q374768,Zabadani,"{ ""wikipedia_page"": ""Zabadani"", ""wikidata_id"": ""Q374768"" }",12.924487113952637
IMP-1908-10-03-a-i0027,3075,3080,Vilna,Q216,LOC,Q216,Vilnius,,23.718481063842773
IMP-1908-10-03-a-i0027,3623,3631,Soboline,NIL,LOC,NIL,Soboline,"{ ""wikipedia_page"": ""Soboline"", ""wikidata_id"": ""NIL"" }",17.320520401000977
IMP-1908-10-03-a-i0027,4703,4713,ANGLETERRE,Q21,LOC,Q21,Angleterre,"{ ""wikipedia_page"": ""Angleterre"", ""wikidata_id"": ""Q21"" }",20.084623336791992
IMP-1908-10-03-a-i0027,4762,4776,Daily _Express,Q610190,PROD,Q610190,Daily Express,,28.703554153442383
IMP-1908-10-03-a-i0027,5028,5038,Angleterre,Q21,LOC,Q21,Angleterre,,26.15427017211914
IMP-1908-10-03-a-i0027,5568,5581,Daily Express,Q610190,PROD,Q610190,Daily Express,,24.79207992553711
IMP-1908-10-03-a-i0027,5815,5823,New-York,Q60,LOC,Q60,New York,,27.661718368530273
IMP-1908-10-03-a-i0027,5835,5891,"M !. Pierpont Morgan, le célèbre milliarc aire américain",Q54168,PER,NIL,"M !. Pierpont Morgan, le célèbre milliarc aire américain","{ ""wikipedia_page"": ""J. P. Morgan"", ""wikidata_id"": ""Q174869"" }",8.884255409240723
IMP-1908-10-03-a-i0027,5999,6024,baron James de Rothschild,Q6128825,PER,Q922667,James de Rothschild,"{ ""wikipedia_page"": ""James de Rothschild"", ""wikidata_id"": ""Q922667"" }",19.486980438232422
IMP-1908-10-03-a-i0027,6044,6063,Banque d'Angleterre,Q183231,ORG,Q183231,banque d'Angleterre,,35.66796112060547
IMP-1938-09-23-a-i0145,49,64,Tchécoslovaquie,Q33946,LOC,Q33946,Tchécoslovaquie,,23.412609100341797
IMP-1938-09-23-a-i0145,70,92,général tchèque Sirovy,Q974542,PER,Q974542,Jan Syrový,"{ ""wikipedia_page"": ""Jan Syrový"", ""wikidata_id"": ""Q974542"" }",19.02265167236328
IMP-1938-09-23-a-i0145,140,164,Prague La Chaux-de-Fonds,Q68124,LOC,Q1085,Prague,"{ ""wikipedia_page"": ""Prague"", ""wikidata_id"": ""Q1085"" }",13.774693489074707
IMP-1938-09-23-a-i0145,203,212,Godesberg,Q153260,LOC,Q153260,Bad Godesberg,"{ ""wikipedia_page"": ""Bad Godesberg"", ""wikidata_id"": ""Q153260"" }",20.8823184967041
IMP-1938-09-23-a-i0145,398,404,Berlin,Q64,LOC,Q64,Berlin,"{ ""wikipedia_page"": ""Berlin"", ""wikidata_id"": ""Q64"" }",20.45952606201172
IMP-1938-09-23-a-i0145,651,657,Prague,Q1085,LOC,Q1085,Prague,"{ ""wikipedia_page"": ""Prague"", ""wikidata_id"": ""Q1085"" }",17.92154884338379
IMP-1938-09-23-a-i0145,763,777,général Sirovy,Q974542,PER,Q974542,Jan Syrový,"{ ""wikipedia_page"": ""Jan Syrový"", ""wikidata_id"": ""Q974542"" }",19.23908805847168
IMP-1938-09-23-a-i0145,884,889,Reich,Q7318,LOC,Q7318,Troisième Reich,"{ ""wikipedia_page"": ""Troisième Reich"", ""wikidata_id"": ""Q7318"" }",13.42492389678955
IMP-1938-09-23-a-i0145,943,949,Prague,Q1085,LOC,Q1085,Prague,"{ ""wikipedia_page"": ""Prague"", ""wikidata_id"": ""Q1085"" }",19.184432983398438
IMP-1938-09-23-a-i0145,1072,1078,Hitler,Q352,PER,Q352,Adolf Hitler,"{ ""wikipedia_page"": ""Adolf Hitler"", ""wikidata_id"": ""Q352"" }",21.988252639770508
IMP-1938-09-23-a-i0145,1249,1258,Godesberg,Q153260,LOC,Q153260,Bad Godesberg,"{ ""wikipedia_page"": ""Bad Godesberg"", ""wikidata_id"": ""Q153260"" }",20.246265411376953
IMP-1938-09-23-a-i0145,1311,1320,Godesberg,Q153260,LOC,Q153260,Bad Godesberg,"{ ""wikipedia_page"": ""Bad Godesberg"", ""wikidata_id"": ""Q153260"" }",19.532413482666016
IMP-1938-09-23-a-i0145,1439,1453,M. Chamberlain,Q10664,PER,Q10664,Neville Chamberlain,,25.729209899902344
IMP-1938-09-23-a-i0145,1472,1479,Londres,Q84,LOC,Q84,Londres,,22.36127471923828
IMP-1938-09-23-a-i0145,1518,1535,chancelier Hitler,Q352,PER,Q352,Adolf Hitler,"{ ""wikipedia_page"": ""chancelier Hitler"", ""wikidata_id"": ""Q352"" }",15.38963508605957
IMP-1938-09-23-a-i0145,1640,1655,Tchécoslovaquie,Q33946,LOC,Q33946,Tchécoslovaquie,,26.02703857421875
IMP-1938-09-23-a-i0145,1674,1680,Oeuvre,Q1880717,PROD,Q1880717,L'Œuvre,"{ ""wikipedia_page"": ""L'Œuvre"", ""wikidata_id"": ""Q1880717"" }",10.833962440490723
IMP-1938-09-23-a-i0145,1836,1842,Hitler,Q352,PER,Q352,Adolf Hitler,"{ ""wikipedia_page"": ""Adolf Hitler"", ""wikidata_id"": ""Q352"" }",20.264606475830078
IMP-1938-09-23-a-i0145,2062,2068,Prague,Q1085,LOC,Q1085,Prague,,23.500057220458984
IMP-1938-09-23-a-i0145,2229,2237,Varsovie,Q270,LOC,Q270,Varsovie,"{ ""wikipedia_page"": ""Varsovie"", ""wikidata_id"": ""Q270"" }",21.57393455505371
IMP-1938-09-23-a-i0145,2243,2251,Budapest,Q1781,LOC,Q1781,Budapest,,22.379438400268555
IMP-1938-09-23-a-i0145,2490,2497,Londres,Q84,LOC,Q84,Londres,,23.60477066040039
IMP-1938-09-23-a-i0145,2552,2558,Prague,Q1085,LOC,Q1085,Prague,,28.5759220123291
IMP-1938-09-23-a-i0145,2867,2873,Prague,Q1085,LOC,Q1085,Prague,,26.59445571899414
IMP-1938-09-23-a-i0145,3021,3027,Epoque,Q63171281,PROD,Q5383780,L'Époque,"{ ""wikipedia_page"": ""L'Époque"", ""wikidata_id"": ""Q5383780"" }",8.283173561096191
IMP-1938-09-23-a-i0145,3151,3157,Europe,Q46,LOC,Q46,Europe,"{ ""wikipedia_page"": ""Europe"", ""wikidata_id"": ""Q46"" }",19.355194091796875
IMP-1938-09-23-a-i0145,3319,3325,Berlin,Q64,LOC,Q64,Berlin,"{ ""wikipedia_page"": ""Berlin"", ""wikidata_id"": ""Q64"" }",17.54559898376465
IMP-1938-09-23-a-i0145,3331,3337,Vienne,Q1741,LOC,Q1741,Vienne,"{ ""wikipedia_page"": ""Vienne"", ""wikidata_id"": ""Q1741"" }",21.641199111938477
IMP-1938-09-23-a-i0145,3343,3350,Breslau,Q1799,LOC,Q664581,siège de Breslau,"{ ""wikipedia_page"": ""Breslau"", ""wikidata_id"": ""Q664581"" }",15.204111099243164
IMP-1938-09-23-a-i0145,3356,3363,Trieste,Q546,LOC,Q546,Trieste,,22.71086883544922
IMP-1938-09-23-a-i0145,3396,3401,Paris,Q90,LOC,Q90,Paris,"{ ""wikipedia_page"": ""Paris"", ""wikidata_id"": ""Q90"" }",17.4108943939209
IMP-1938-09-23-a-i0145,3486,3492,Europe,Q46,LOC,Q46,Europe,"{ ""wikipedia_page"": ""Europe"", ""wikidata_id"": ""Q46"" }",17.354230880737305
IMP-1938-09-23-a-i0145,3497,3506,Allemagne,Q183,LOC,Q183,Allemagne,"{ ""wikipedia_page"": ""Allemagne"", ""wikidata_id"": ""Q183"" }",15.881183624267578
IMP-1938-09-23-a-i0145,3693,3700,Journal,Q3223697,PROD,Q2115162,Le Petit Journal,"{ ""wikipedia_page"": ""Le Petit Journal"", ""wikidata_id"": ""Q2115162"" }",11.132079124450684
IMP-1938-09-23-a-i0145,3811,3815,Rome,Q220,LOC,Q220,Rome,"{ ""wikipedia_page"": ""Rome"", ""wikidata_id"": ""Q220"" }",15.059070587158203
IMP-1938-09-23-a-i0145,3905,3910,Reich,Q7318,ORG,Q7318,Troisième Reich,"{ ""wikipedia_page"": ""Troisième Reich"", ""wikidata_id"": ""Q7318"" }",12.748313903808594
IMP-1938-09-23-a-i0145,3929,3944,Tchécoslovaquie,Q33946,LOC,Q33946,Tchécoslovaquie,,26.58072853088379
IMP-1938-09-23-a-i0145,4003,4011,Roumanie,Q218,LOC,Q218,Roumanie,"{ ""wikipedia_page"": ""Roumanie"", ""wikidata_id"": ""Q218"" }",20.09908676147461
IMP-1938-09-23-a-i0145,4294,4297,P..,NIL,PER,Q3371917,Paul Noirot,"{ ""wikipedia_page"": ""Paul Noirot"", ""wikidata_id"": ""Q3371917"" }",4.965338706970215
IMP-1958-02-28-a-i0106,12,46,M. Paul CHAUDET Conseiller fédéral,Q118284,PER,Q118284,Paul Chaudet,"{ ""wikipedia_page"": ""Paul Chaudet"", ""wikidata_id"": ""Q118284"" }",14.166969299316406
IMP-1958-02-28-a-i0106,175,196,"Cërcîè ~""__-. "" Sapin",NIL,ORG,Q2946485,Cercle de l'Annonciade,"{ ""wikipedia_page"": ""Cercle"", ""wikidata_id"": ""Q2946485"" }",10.2050142288208
IMP-1958-02-28-a-i0106,225,240,M. Paul Chaudet,Q118284,PER,Q43510162,Claude Pahud,,27.39002227783203
IMP-1958-02-28-a-i0106,459,473,Giuseppe Motta,Q559892,PER,Q559892,Giuseppe Motta,,40.24404525756836
IMP-1958-02-28-a-i0106,476,493,Rodolphe Rubattel,Q661957,PER,Q661957,Rodolphe Rubattel,,43.95488357543945
IMP-1958-02-28-a-i0106,497,514,Edmond Schulthess,Q118243,PER,Q118243,Edmund Schulthess,,34.17112731933594
IMP-1958-02-28-a-i0106,517,533,Max _Petitnierre,Q664453,PER,Q664453,Max Petitpierre,,33.03132629394531
IMP-1958-02-28-a-i0106,585,600,M. Paul Chaudet,Q118284,PER,Q118284,Paul Chaudet,,26.149860382080078
IMP-1958-02-28-a-i0106,684,713,Département militaire fédéral,NIL,ORG,Q667135,"département fédéral de la défense, de la protection de la population et des sports",,28.32516860961914
IMP-1958-02-28-a-i0106,1004,1014,M. Chaudet,Q118284,PER,Q3309719,Michel Gaudet,,22.962961196899414
IMP-1958-02-28-a-i0106,1218,1244,Conseiller fédéral Chaudet,Q118284,PER,Q1065124,Charles Juillard,,24.0967960357666
IMP-1958-02-28-a-i0106,1288,1305,La Chaux-de-Fonds,Q68124,LOC,Q68124,La Chaux-de-Fonds,,38.86677169799805
IMP-1958-02-28-a-i0106,1573,1602,Département militaire fédéral,NIL,ORG,Q667135,"département fédéral de la défense, de la protection de la population et des sports",,26.489334106445312
IMP-1958-02-28-a-i0106,1626,1676,Conseiller d'Etat et aux Etats Jean-Louis Barrelet,NIL,PER,Q33113718,Joël Barre,"{ ""wikipedia_page"": ""Joël Barre"", ""wikidata_id"": ""Q33113718"" }",19.64078712463379
IMP-1958-02-28-a-i0106,1680,1720,"M. Jules Favre, vice-président de l'ANEP",NIL,PER,NIL,"M. Jules Favre, vice-président de l'ANEP","{ ""wikipedia_page"": ""Jules Favre"", ""wikidata_id"": ""Q313111"" }",16.074947357177734
IMP-1958-02-28-a-i0106,1808,1819,L'IMPARTIAL,Q3204036,PROD,Q3204036,L'Impartial,"{ ""wikipedia_page"": ""L'Impartial"", ""wikidata_id"": ""Q3204036"" }",8.00278377532959
IMP-1988-12-30-a-i0015,0,11,Marie-Laure,NIL,PER,Q625927,Marie-Laure de Villepin,"{ ""wikipedia_page"": ""Marie-Laure de Villepin"", ""wikidata_id"": ""Q625927"" }",16.817394256591797
IMP-1988-12-30-a-i0015,15,23,Virginie,NIL,PER,Q7934739,Virginie,"{ ""wikipedia_page"": ""Virginie"", ""wikidata_id"": ""Q7934739"" }",18.56302261352539
IMP-1988-12-30-a-i0015,75,80,Libye,Q1016,LOC,Q1016,Libye,,23.019765853881836
IMP-1988-12-30-a-i0015,122,134,Méditerranée,Q155552,LOC,Q4918,mer Méditerranée,"{ ""wikipedia_page"": ""mer Méditerranée"", ""wikidata_id"": ""Q4918"" }",21.98288917541504
IMP-1988-12-30-a-i0015,145,168,mère Jacqueline Valente,NIL,PER,Q6120168,Jacqueline Guerroudj,"{ ""wikipedia_page"": ""Jacqueline Valente"", ""wikidata_id"": ""Q6120168"" }",16.95555305480957
IMP-1988-12-30-a-i0015,191,241,groupe palestinien dissident Fatah-CR d'Abou Nidal,Q1638579,ORG,Q1638579,Fatah-Conseil révolutionnaire,"{ ""wikipedia_page"": ""Fatah-Conseil révolutionnaire"", ""wikidata_id"": ""Q1638579"" }",21.137235641479492
IMP-1988-12-30-a-i0015,268,279,Marie-Laure,NIL,PER,Q109044425,Marie-Laure,"{ ""wikipedia_page"": ""Marie-Laure"", ""wikidata_id"": ""Q109044425"" }",17.17051124572754
IMP-1988-12-30-a-i0015,283,291,Virginie,NIL,PER,Q18589835,Nadia Khiari,,23.940645217895508
IMP-1988-12-30-a-i0015,417,425,Benghazi,Q40816,LOC,Q40816,Benghazi,,37.51707077026367
IMP-1988-12-30-a-i0015,427,432,Libye,Q1016,LOC,Q1016,Libye,,26.978679656982422
IMP-1988-12-30-a-i0015,471,490,père Pascal Bétille,NIL,PER,Q3367557,Pascal Perletto,"{ ""wikipedia_page"": ""Pascal Bétille"", ""wikidata_id"": ""Q3367557"" }",19.126386642456055
IMP-1988-12-30-a-i0015,493,500,Tripoli,Q3579,LOC,Q3579,Tripoli,,31.82394027709961
IMP-1988-12-30-a-i0015,531,564,ambassadeur français Léon Bouvier,Q3270771,PER,Q3270771,Léon Bouvier,,26.377634048461914
IMP-1988-12-30-a-i0015,614,620,France,Q142,LOC,Q142,France,,25.920188903808594
IMP-1988-12-30-a-i0015,688,694,Istres,Q203759,LOC,Q203759,Istres,,26.834611892700195
IMP-1988-12-30-a-i0015,704,734,agence de presse libyenne Jana,Q1163812,ORG,Q192283,agence de presse,,25.202043533325195
IMP-1988-12-30-a-i0015,966,976,M. Bouvier,Q3270771,PER,NIL,M. Bouvier,"{ ""wikipedia_page"": ""Pascal Bétille"", ""wikidata_id"": ""NIL"" }",15.640164375305176
IMP-1988-12-30-a-i0015,980,990,M. Bétille,NIL,PER,NIL,M. Bétille,"{ ""wikipedia_page"": ""Jacqueline Valente"", ""wikidata_id"": ""NIL"" }",19.059701919555664
IMP-1988-12-30-a-i0015,1002,1020,Jacqueline Valente,NIL,PER,Q22210048,Jacqueline Cadet,,31.891088485717773
IMP-1988-12-30-a-i0015,1054,1061,Tripoli,Q3579,LOC,Q3579,Tripoli,,30.910236358642578
IMP-1988-12-30-a-i0015,1205,1227,Jean-Charles Marchiani,Q3164674,PER,Q3164674,Jean-Charles Marchiani,,37.30242156982422
IMP-1988-12-30-a-i0015,1330,1335,Liban,Q822,LOC,Q822,Liban,,22.972902297973633
IMP-1988-12-30-a-i0015,1346,1353,KADHAFI,Q19878,PER,Q19878,Mouammar Kadhafi,,25.57455062866211
IMP-1988-12-30-a-i0015,1357,1374,groupe Abou Nidal,Q1638579,ORG,Q1638579,Fatah-Conseil révolutionnaire,,24.082244873046875
IMP-1988-12-30-a-i0015,1406,1414,Beyrouth,Q3820,LOC,Q3820,Beyrouth,,32.14431381225586
IMP-1988-12-30-a-i0015,1472,1505,dirigeant libyen Mouammar Kadhafi,Q19878,PER,Q19878,Mouammar Kadhafi,,23.883071899414062
IMP-1988-12-30-a-i0015,1564,1575,Marie-Laure,NIL,PER,Q625927,Marie-Laure de Villepin,"{ ""wikipedia_page"": ""Marie-Laure de Villepin"", ""wikidata_id"": ""Q625927"" }",14.619104385375977
IMP-1988-12-30-a-i0015,1579,1587,Virginie,NIL,PER,Q3560711,Virginie Billetdoux,"{ ""wikipedia_page"": ""Virginie Billetdoux"", ""wikidata_id"": ""Q3560711"" }",18.849369049072266
IMP-1988-12-30-a-i0015,1589,1609,Mme Brigitte Valente,NIL,PER,Q3087834,Frigide Barjot,,24.96627426147461
IMP-1988-12-30-a-i0015,1626,1649,"père, M. Pascal Bétille",NIL,PER,Q3367269,Pascal Bataille,"{ ""wikipedia_page"": ""Pascal Bataille"", ""wikidata_id"": ""Q3367269"" }",18.841636657714844
IMP-1988-12-30-a-i0015,1679,1687,Beyrouth,Q3820,LOC,Q3820,Beyrouth,,30.937641143798828
IMP-1988-12-30-a-i0015,1748,1754,France,Q142,LOC,Q142,France,,24.849912643432617
IMP-1988-12-30-a-i0015,1793,1796,ats,Q430109,ORG,NIL,ats,"{ ""wikipedia_page"": ""AFP"", ""wikidata_id"": ""Q148646"" }",21.707908630371094
IMP-1988-12-30-a-i0015,1798,1801,afp,Q40464,ORG,Q40464,Agence France-Presse,,29.410245895385742
IMP-1998-07-23-a-i0080,0,13,Proche-Orient,Q48214,LOC,Q48214,Proche-Orient,,27.636159896850586
IMP-1998-07-23-a-i0080,70,83,Proche-Orient,Q48214,LOC,Q48214,Proche-Orient,,34.10744094848633
IMP-1998-07-23-a-i0080,109,145,"président palestinien, Yasser Arafat",Q34211,PER,Q2336111,président de l'Autorité palestinienne,,24.021320343017578
IMP-1998-07-23-a-i0080,198,204,Israël,Q801,LOC,Q801,Israël,,26.173086166381836
IMP-1998-07-23-a-i0080,351,356,Golan,Q83210,LOC,Q83210,plateau du Golan,,26.807764053344727
IMP-1998-07-23-a-i0080,362,367,Syrie,Q858,LOC,Q858,Syrie,,23.828794479370117
IMP-1998-07-23-a-i0080,424,437,Yasser Arafat,Q34211,PER,Q34211,Yasser Arafat,,32.97563934326172
IMP-1998-07-23-a-i0080,457,461,Gaza,Q47492,LOC,Q47492,Gaza,,32.954471588134766
IMP-1998-07-23-a-i0080,585,591,Israël,Q801,LOC,Q801,Israël,,23.77751922607422
IMP-1998-07-23-a-i0080,684,695,Cisjordanie,Q36678,LOC,Q36678,Cisjordanie,,28.216079711914062
IMP-1998-07-23-a-i0080,871,884,Yasser Arafat,Q34211,PER,Q34211,Yasser Arafat,,41.60052490234375
IMP-1998-07-23-a-i0080,985,995,Washington,Q61,LOC,Q1223,Washington,"{ ""wikipedia_page"": ""Washington"", ""wikidata_id"": ""Q1223"" }",15.333723068237305
IMP-1998-07-23-a-i0080,1037,1048,Cisjordanie,Q36678,LOC,Q36678,Cisjordanie,,24.65081787109375
IMP-1998-07-23-a-i0080,1153,1158,Syrie,Q858,LOC,Q858,Syrie,"{ ""wikipedia_page"": ""Syrie"", ""wikidata_id"": ""Q858"" }",21.847429275512695
IMP-1998-07-23-a-i0080,1162,1165,afp,Q40464,ORG,Q40464,Agence France-Presse,,26.092636108398438
IMP-1998-07-23-a-i0080,1166,1172,reuter,Q130879,ORG,Q130879,Reuters,"{ ""wikipedia_page"": ""Reuters"", ""wikidata_id"": ""Q130879"" }",21.906726837158203
IMP-2008-04-28-a-i0239,0,13,Stéphane Joly,Q2360344,PER,Q2360344,Stéphane Joly,,48.80122756958008
IMP-2008-04-28-a-i0239,104,110,Suisse,Q39,LOC,Q39,Suisse,,23.55880355834961
IMP-2008-04-28-a-i0239,120,133,Stéphane Joly,Q2360344,PER,Q2360344,Stéphane Joly,,57.145347595214844
IMP-2008-04-28-a-i0239,168,176,Hambourg,Q1055,LOC,Q1055,Hambourg,,26.985544204711914
IMP-2008-04-28-a-i0239,236,241,Pékin,Q956,LOC,Q8567,Jeux olympiques d'été de 2008,"{ ""wikipedia_page"": ""Jeux olympiques d'été de 2008"", ""wikidata_id"": ""Q8567"" }",16.760848999023438
IMP-2008-04-28-a-i0239,273,285,Stade Genève,NIL,ORG,Q215295,Stade de Genève,,27.047393798828125
IMP-2008-04-28-a-i0239,386,394,Breuleux,Q68086,LOC,Q68086,Les Breuleux,"{ ""wikipedia_page"": ""Les Breuleux"", ""wikidata_id"": ""Q68086"" }",18.592182159423828
IMP-2008-04-28-a-i0239,634,648,Patrick Wieser,Q87462075,PER,Q87462075,Patrick Wieser,,49.85048294067383
IMP-2008-04-28-a-i0239,672,678,Suisse,Q39,LOC,Q39,Suisse,"{ ""wikipedia_page"": ""Suisse"", ""wikidata_id"": ""Q39"" }",20.63154411315918
IMP-2008-04-28-a-i0239,763,782,Kényan Daid Mandago,Q936612,PER,NIL,Kényan Daid Mandago,"{ ""wikipedia_page"": ""Abel Kirui"", ""wikidata_id"": ""Q1294757"" }",21.645591735839844
IMP-2008-04-28-a-i0239,810,835,compatriote Wilfred Kigen,Q351451,PER,Q351451,Wilfred Kibet Kigen,"{ ""wikipedia_page"": ""Wilfred Kigen"", ""wikidata_id"": ""Q351451"" }",17.942991256713867
IMP-2008-04-28-a-i0239,864,885,Russe Irina Timofeeva,Q451089,PER,Q451089,Irina Timofeyeva,"{ ""wikipedia_page"": ""Irina Timofeyeva"", ""wikidata_id"": ""Q451089"" }",19.43030548095703
IMP-2008-04-28-a-i0239,953,978,Kényane Pamela Chepchumba,Q274701,PER,Q7162903,Peninah Jepchumba,"{ ""wikipedia_page"": ""Peninah Jepchumba"", ""wikidata_id"": ""Q7162903"" }",18.677766799926758
IMP-2008-04-28-a-i0239,1005,1022,Kényan Abel Kirui,Q1704,PER,Q1704,Abel Kirui,"{ ""wikipedia_page"": ""Abel Kirui"", ""wikidata_id"": ""Q1704"" }",21.806394577026367
IMP-2008-04-28-a-i0239,1062,1068,Vienne,Q1741,LOC,Q1741,Vienne,,24.972742080688477
IMP-2008-04-28-a-i0239,1118,1143,compatriotes Duncan Kibet,Q922817,PER,Q922817,Duncan Kibet,"{ ""wikipedia_page"": ""Paul Biwott"", ""wikidata_id"": ""Q922817"" }",14.05051040649414
IMP-2008-04-28-a-i0239,1147,1158,Paul Biwott,Q945837,PER,Q945837,Paul Biwott,,33.95410919189453
IMP-2008-04-28-a-i0239,1163,1187,Roumaine Luminata Talpos,NIL,PER,Q1117558,Luminița Talpoș,"{ ""wikipedia_page"": ""Luminița Talpoș"", ""wikidata_id"": ""Q1117558"" }",21.85161590576172
IMP-2008-04-28-a-i0239,1249,1265,si STÉPHANE JOLY,Q2360344,PER,Q2360344,Stéphane Joly,"{ ""wikipedia_page"": ""Stéphane Joly"", ""wikidata_id"": ""Q2360344"" }",14.941946983337402
IMP-2008-10-17-a-i0019,60,63,BNS,Q597394,ORG,Q597394,Banque nationale suisse,,34.669212341308594
IMP-2008-10-17-a-i0019,87,90,UBS,Q193199,ORG,Q193199,UBS,,28.071863174438477
IMP-2008-10-17-a-i0019,225,248,Banque nationale suisse,Q597394,ORG,Q597394,Banque nationale suisse,,47.54824447631836
IMP-2008-10-17-a-i0019,250,253,BNS,Q597394,ORG,Q597394,Banque nationale suisse,,33.65906524658203
IMP-2008-10-17-a-i0019,258,261,UBS,Q193199,ORG,Q193199,UBS,,27.357057571411133
IMP-2008-10-17-a-i0019,336,339,UBS,Q193199,ORG,Q193199,UBS,,23.29743194580078
IMP-2008-10-17-a-i0019,441,454,Credit Suisse,Q372657,ORG,Q372657,Credit Suisse,,40.90251922607422
IMP-2008-10-17-a-i0019,456,458,CS,Q372657,ORG,Q372657,Credit Suisse,,26.613006591796875
IMP-2008-10-17-a-i0019,585,588,BNS,Q597394,ORG,Q597394,Banque nationale suisse,,31.762741088867188
IMP-2008-10-17-a-i0019,596,601,Berne,Q70,LOC,Q70,Berne,,34.37822341918945
IMP-2008-10-17-a-i0019,665,667,CS,Q372657,ORG,Q372657,Credit Suisse,,28.855817794799805
IMP-2008-10-17-a-i0019,743,762,Philippe Hildebrand,Q116927,PER,Q116927,Philipp Hildebrand,,39.74285888671875
IMP-2008-10-17-a-i0019,1139,1142,BNS,Q597394,ORG,Q597394,Banque nationale suisse,,31.036231994628906
IMP-2008-10-17-a-i0019,1186,1189,UBS,Q193199,ORG,Q6881495,Union de banques suisses,"{ ""wikipedia_page"": ""Union de banques suisses"", ""wikidata_id"": ""Q6881495"" }",18.597164154052734
IMP-2008-10-17-a-i0019,1336,1342,Suisse,Q39,LOC,Q39,Suisse,"{ ""wikipedia_page"": ""Suisse"", ""wikidata_id"": ""Q39"" }",21.51963996887207
IMP-2008-10-17-a-i0019,1383,1390,Islande,Q189,LOC,Q189,Islande,,22.80837059020996
IMP-2008-10-17-a-i0019,1392,1429,"Jean-Pierre Roth, président de la BNS",Q120468,PER,Q120468,Jean-Pierre Roth,,31.282926559448242
IMP-2008-10-17-a-i0019,1535,1541,Suisse,Q39,LOC,Q39,Suisse,"{ ""wikipedia_page"": ""Suisse"", ""wikidata_id"": ""Q39"" }",17.922496795654297
IMP-2008-10-17-a-i0019,1585,1598,Credit Suisse,Q372657,ORG,Q372657,Credit Suisse,,35.78872299194336
IMP-2008-10-17-a-i0019,1637,1640,BNS,Q597394,ORG,Q597394,Banque nationale suisse,,27.742340087890625
IMP-2008-10-17-a-i0019,1703,1719,Jean-Pierre Roth,Q120468,PER,Q120468,Jean-Pierre Roth,,34.62366485595703
IMP-2008-10-17-a-i0019,2086,2089,BNS,Q597394,ORG,Q309195,Banque des règlements internationaux,,22.173351287841797
IMP-2008-10-17-a-i0019,2322,2325,BNS,Q597394,ORG,Q66344,banque centrale,,22.834686279296875
IMP-2008-10-17-a-i0019,2444,2447,ats,Q430109,ORG,Q2913213,,"{ ""wikipedia_page"": ""ATS"", ""wikidata_id"": ""Q2913213"" }",12.19327163696289
