doc_id,start_pos,end_pos,surface,gt_id,type,identifier,title,answer,score
EXP-1798-01-04-a-i0005,41,63,Charlotte née Bourgoin,NIL,PER,Q75317700,Charlotte de Bourbon,,24.346643447875977
EXP-1798-01-04-a-i0005,74,87,Joseph Digiez,NIL,PER,Q3185851,Joseph de Lévis-Gaudiez,,30.440139770507812
EXP-1798-01-04-a-i0005,92,108,Maurice Bourgoin,NIL,PER,Q5583761,Maurice Bourguin,,28.732677459716797
EXP-1798-01-04-a-i0005,142,168,sieur Jaques Charles Gicot,NIL,PER,Q3340343,Nicolas Gargot de La Rochette,,19.804134368896484
EXP-1798-01-04-a-i0005,210,224,Conseil d'Etat,NIL,ORG,Q769657,Conseil d'État,,23.135080337524414
EXP-1798-01-04-a-i0005,343,365,Jean-Baptiste Bourgoin,NIL,PER,Q106301283,Jean-Baptiste-François de Bourgeon,,29.993371963500977
EXP-1798-01-04-a-i0005,498,506,Landeron,Q70204,LOC,Q325946,Landerneau,,16.04707145690918
EXP-1798-01-04-a-i0005,978,992,Val-de-Travers,Q70526,LOC,Q70526,Val-de-Travers,,23.30463218688965
EXP-1798-01-04-a-i0005,999,1062,"sieur Daniel Meuron, maïUe charpentier, _bourgeois de Neuchatel",NIL,PER,Q3479987,Serrières,"{ ""wikipedia_page"": ""Serrières"", ""wikidata_id"": ""Q3479987"" }",11.864588737487793
EXP-1798-01-04-a-i0005,1142,1176,Frédéric-Henri _Lequin de Fleurier,NIL,PER,Q3092505,Félix Lequien,,23.971765518188477
EXP-1798-01-04-a-i0005,1183,1202,Marie-Louise Meuron,NIL,PER,Q3292670,Marie Louise Mignot,,26.557435989379883
EXP-1798-01-04-a-i0005,1224,1238,Jouas Frédéric,NIL,PER,Q21369851,Louis Henri René Dequin,,16.882022857666016
EXP-1798-01-04-a-i0005,1240,1247,Auguste,NIL,PER,Q3092505,Félix Lequien,,21.767662048339844
EXP-1798-01-04-a-i0005,1249,1258,Alexandre,NIL,PER,Q2833898,Alexandre Méchin,,22.58196258544922
EXP-1798-01-04-a-i0005,1262,1284,Louise -Rosalio Lequin,NIL,PER,Q1647537,Louise-Félicité de Kéralio,,26.393260955810547
EXP-1798-01-04-a-i0005,1504,1525,Frédéric Henri Lequin,NIL,PER,Q21369851,Louis Henri René Dequin,,23.40509796142578
EXP-1798-01-04-a-i0005,1675,1689,Val de-Travers,Q70526,LOC,Q70526,Val-de-Travers,,17.225879669189453
EXP-1798-02-15-a-i0004,74,83,Neuchatel,Q69345,LOC,Q69345,Neuchâtel,"```json {""wikipedia_page"":""Neuchâtel"", ""wikidata_id"":""Q69345""} ```",4.618776321411133
EXP-1798-02-15-a-i0004,363,421,"Jean'""Fréderic / Stnuffer, meunier aux moulins de la Prise",NIL,PER,NIL,"Jean'""Fréderic / Stnuffer, meunier aux moulins de la Prise",no,0
EXP-1798-02-15-a-i0004,659,672,sœurs _Gendre,NIL,PER,NIL,sœurs _Gendre,"```json { ""wikipedia_page"": """", ""wikidata_id"": """" } ```",0
EXP-1798-02-15-a-i0004,735,747,Mlle. Eckard,NIL,PER,NIL,Mlle. Eckard,no,0
EXP-1798-02-15-a-i0004,753,768,rue des Moulins,NIL,LOC,Q3451926,rue des Moulins,,16.484174728393555
EXP-1798-02-15-a-i0004,838,855,demoiselle Eckard,NIL,PER,NIL,demoiselle Eckard,no,0
EXP-1798-02-15-a-i0004,1900,1909,Neuchatel,Q69345,LOC,Q69345,Neuchâtel,,24.020353317260742
EXP-1798-02-15-a-i0004,1996,2045,"Jean-Frédéric Borel, maître charpentier à Couve t",NIL,PER,Q18578258,Antoine-Charles-Thérèse Borel,,17.163970947265625
EXP-1798-02-15-a-i0004,2205,2238,"M. Rougemont, commissaire général",NIL,PER,Q3308793,Michel-Nicolas Balisson de Rougemont,"Based on the provided input text and list of candidates, the entity mentioned between the [ENT] tags ""M. Rougemont, commissaire général"" matches most closely with: ```json {""wikipedia_page"":""Michel-Nicolas Balisson de Rougemont"", ""wikidata_id"":""Q3308793""} ```",10.867834091186523
EXP-1798-02-15-a-i0004,2318,2351,"M. Fa vre, négociant sur la place",NIL,PER,NIL,"M. Fa vre, négociant sur la place",no,0
EXP-1798-02-15-a-i0004,2472,2501,sieur Quartier _^ instituteur,NIL,PER,NIL,sieur Quartier _^ instituteur,no,0
EXP-1798-02-15-a-i0004,3030,3039,Neuchatel,Q69345,LOC,Q69345,Neuchâtel,,26.190427780151367
EXP-1798-02-15-a-i0004,3043,3051,Chaumont,Q1068390,LOC,Q193880,Chaumont,,18.781917572021484
EXP-1798-02-15-a-i0004,3133,3151,Jean Pierre Baxdet,NIL,PER,Q3083912,François Batbedat,,19.946393966674805
EXP-1798-02-15-a-i0004,3299,3335,Compagnie des Marchands de Neuchatel,NIL,ORG,Q3254372,maison de Neuchâtel,,19.771963119506836
EXP-1798-02-15-a-i0004,3444,3459,M. Henri Gigaud,NIL,PER,Q15973723,Émery Bigot,,16.987653732299805
EXP-1798-02-15-a-i0004,3509,3520,M. Ghatenay,NIL,PER,NIL,M. Ghatenay,no,0
EXP-1798-02-15-a-i0004,3558,3594,"M. le greffier Péter, son secrétaire",NIL,PER,NIL,"M. le greffier Péter, son secrétaire",```json {} ```,0
EXP-1808-09-01-a-i0001,369,383,Chaux-de-Fonds,Q68124,LOC,Q68124,La Chaux-de-Fonds,,23.67177963256836
EXP-1808-09-01-a-i0001,423,439,Henri Jean-Maire,NIL,PER,Q1605889,Henri Jeanmaire,,16.729816436767578
EXP-1808-09-01-a-i0001,487,501,Chaùx-de-Fonds,Q68124,LOC,Q68124,La Chaux-de-Fonds,,21.836097717285156
EXP-1808-09-01-a-i0001,645,661,Henri Jean-Maire,NIL,PER,Q1605889,Henri Jeanmaire,,15.972898483276367
EXP-1808-09-01-a-i0001,668,691,Reine née Robert-Nicoud,NIL,PER,Q3426684,René Nicod,,17.954355239868164
EXP-1808-09-01-a-i0001,1088,1102,Chaux-de Fonds,Q68124,LOC,Q68124,La Chaux-de-Fonds,,21.197893142700195
EXP-1808-09-01-a-i0001,1141,1150,Henriette,NIL,PER,Q3132484,Henriette Poincaré,,15.962979316711426
EXP-1808-09-01-a-i0001,1168,1217,sieur cap itaine-lieutenant Jaques Henri Boûrquin,NIL,PER,NIL,sieur cap itaine-lieutenant Jaques Henri Boûrquin,No,0
EXP-1808-09-01-a-i0001,1228,1233,Jacob,NIL,PER,Q3158382,Jacques Boyé,,19.14954376220703
EXP-1808-09-01-a-i0001,1242,1253,Jaques Guye,NIL,PER,Q3158382,Jacques Boyé,,23.33294677734375
EXP-1808-09-01-a-i0001,1259,1268,Verrières,Q69807,LOC,Q780175,Verrières,,15.80662727355957
EXP-1808-09-01-a-i0001,1304,1317,Cote-aux-Fées,Q68526,LOC,Q68526,La Côte-aux-Fées,,20.332054138183594
EXP-1808-09-01-a-i0001,1425,1434,Verrières,Q69807,LOC,NIL,Verrières,"""no""",0
EXP-1808-09-01-a-i0001,1468,1510,"M. Charles Cousandièr, "" maire du dit lieu",NIL,PER,NIL,"M. Charles Cousandièr, "" maire du dit lieu",no,0
EXP-1808-09-01-a-i0001,1768,1777,Verrières,Q69807,LOC,NIL,Verrières,No,0
EXP-1808-09-01-a-i0001,1802,1829,"H .-F. JEAHJAQUET, greffier",NIL,PER,NIL,"H .-F. JEAHJAQUET, greffier",```json {} ```,0
EXP-1808-09-01-a-i0001,1865,1890,sieur Charles-Henri vêpre,NIL,PER,NIL,sieur Charles-Henri vêpre,"Based on the provided text and list of candidates, I have analyzed the entities mentioned between the [ENT] tags. The text mentions ""Charles-Henri vêpre"" and ""Julie-Valérie Bonvêpre."" Neither of these entities is present in the list of candidates with high confidence. Therefore, the JSON response is: ```json {} ```",0
EXP-1808-09-01-a-i0001,1898,1931,demoiselle Julie-Valérie Bonvêpre,NIL,PER,Q3275945,Mademoiselle Valpreux,,18.1570987701416
EXP-1808-09-01-a-i0001,1954,2022,"M. Charles-Guillaume Bonvêpre, membre du Grand-Conseil et hôpitalier",NIL,PER,NIL,"M. Charles-Guillaume Bonvêpre, membre du Grand-Conseil et hôpitalier",no,0
EXP-1808-09-01-a-i0001,2033,2057,damé Susanne Petitpierre,NIL,PER,Q565700,Anne Petitpierre,,17.189361572265625
EXP-1808-09-01-a-i0001,2083,2092,Neuchatel,Q69345,LOC,Q69345,Neuchâtel,,25.187211990356445
EXP-1808-09-01-a-i0001,2366,2375,Neuchatel,Q69345,LOC,Q69345,Neuchâtel,,28.008602142333984
EXP-1808-09-01-a-i0001,2695,2704,Neuchatel,Q69345,LOC,Q69345,Neuchâtel,,24.4897518157959
EXP-1808-09-01-a-i0001,2750,2764,Jonas Bes 6 on,NIL,PER,NIL,Jonas Bes 6 on,no,0
EXP-1808-09-01-a-i0001,2768,2775,Engolon,Q70469,LOC,Q70469,Engollon,,16.096651077270508
EXP-1808-09-01-a-i0001,2899,2910,Henri Favre,NIL,PER,Q2510810,Henri-Louis Favre,,23.823402404785156
EXP-1808-09-01-a-i0001,2915,2922,Villard,NIL,LOC,Q741549,Villard,,18.229520797729492
EXP-1808-09-01-a-i0001,2938,2960,Jeanne-Marie née Morel,NIL,PER,Q1535197,Jean-Marie Morel,,22.094188690185547
EXP-1808-09-01-a-i0001,2971,2988,Jean-Daniel Favre,NIL,PER,Q3171959,Jean Fabre,,24.40005874633789
EXP-1808-09-01-a-i0001,3313,3321,Valangin,Q70194,LOC,Q70194,Valangin,,23.976455688476562
EXP-1808-09-01-a-i0001,3487,3495,Valangin,Q70194,LOC,Q70194,Valangin,,22.96281623840332
EXP-1808-09-01-a-i0001,3502,3520,Marianne Perrenoud,NIL,PER,Q5998156,Marie Dénarnaud,,22.028980255126953
EXP-1808-09-01-a-i0001,3525,3533,la Sagne,Q68532,LOC,Q68532,La Sagne,,16.361892700195312
EXP-1808-09-01-a-i0001,3548,3563,Jacob Perrenoud,NIL,PER,Q21634566,Jacques Perrault,,20.024471282958984
EXP-1808-09-01-a-i0001,3571,3588,Judith née Jaquet,NIL,PER,Q20904748,maison Jacomet,,19.514991760253906
EXP-1808-09-01-a-i0001,3648,3657,Neuchatel,Q69345,LOC,Q69345,Neuchâtel,,19.637998580932617
EXP-1808-09-01-a-i0001,4591,4600,Neuchatel,Q69345,LOC,Q69345,Neuchâtel,,23.781213760375977
EXP-1808-09-01-a-i0001,4678,4687,la _Sagoe,Q68532,LOC,NIL,la _Sagoe,no,0
EXP-1808-09-01-a-i0001,4791,4814,voitnrier Louis Floquet,NIL,PER,NIL,voitnrier Louis Floquet,no,0
EXP-1808-09-01-a-i0001,4920,4927,Yverdon,Q63946,LOC,Q63946,Yverdon-les-Bains,,24.792964935302734
EXP-1808-09-01-a-i0001,5173,5180,Yveidon,Q63946,LOC,Q63946,Yverdon-les-Bains,,17.257333755493164
EXP-1808-09-01-a-i0001,5204,5226,"AUBERJOSOIS, président",NIL,PER,NIL,"AUBERJOSOIS, président",no,0
EXP-1808-09-01-a-i0001,5232,5253,"F. COREVOïT, greffier",NIL,PER,NIL,"F. COREVOïT, greffier",no,0
EXP-1808-09-01-a-i0001,5448,5463,ruelle Honhomme,NIL,LOC,NIL,ruelle Honhomme,no,0
EXP-1808-09-01-a-i0001,5487,5503,Plan de Serriere,NIL,LOC,NIL,Plan de Serriere,```json {} ```,0
EXP-1808-09-01-a-i0001,5618,5641,M. le capitaine Jacobel,NIL,PER,Q3302756,Maximilien Henri Nicolas Jacob,"Based on the provided text and candidates list, the entities mentioned between the [ENT] tags are ""M. le capitaine Jacobel"" and ""de' vent"". After analyzing the text, the most appropriate Wikidata entity for ""M. le capitaine Jacobel"" is Maximilien Henri Nicolas Jacob, with the Wikipedia page title ""Maximilien Henri Nicolas Jacob"" and Wikidata ID ""Q3302756"". The most appropriate Wikidata entity for ""de' vent"" is not clearly identified in the provided candidates, but if the context of the text suggests it could refer to a place or person, we can consider it as 'Maître Jacques' with Wikipedia page title ""Maître Jacques"" and Wikidata ID ""Q3303253"". Here is the JSON response: ```json { ""wikipedia_page"": ""Maximilien Henri Nicolas Jacob"", ""wikidata_id"": ""Q3302756"" } ```",8.766334533691406
EXP-1808-09-01-a-i0001,5988,5997,Colombier,Q70339,LOC,Q1011965,Colombier,,27.34648895263672
EXP-1808-09-01-a-i0001,6175,6184,Colombier,Q70339,LOC,Q1011965,Colombier,,23.422483444213867
EXP-1808-09-01-a-i0001,6284,6299,M. ne Charrière,NIL,PER,Q315020,Henri Charrière,"Based on the input text and the list of candidates, the entity mentioned between the [ENT] tags is ""Charrière"". The most appropriate Wikidata entity from the given list of candidates is ""Henri Charrière"" (Wikipedia page title: Henri Charrière, Wikidata ID: Q315020). Here is the JSON-formatted answer: ```json {""wikipedia_page"": ""Henri Charrière"", ""wikidata_id"": ""Q315020""} ```",8.35191535949707
EXP-1808-09-01-a-i0001,6324,6333,Colombier,Q70339,LOC,Q1011965,Colombier,,22.166034698486328
EXP-1808-09-01-a-i0001,6388,6392,Bôle,Q70472,LOC,Q70472,Bôle,,18.957168579101562
EXP-1808-09-01-a-i0001,6396,6405,Colombier,Q70339,LOC,Q1011965,Colombier,,22.838481903076172
EXP-1808-09-01-a-i0001,6504,6510,Preyla,NIL,LOC,Q109576784,Preuille,,19.902929306030273
EXP-1808-09-01-a-i0001,6557,6566,Chatenaya,NIL,LOC,Q838698,Châtenay,,22.63803482055664
EXP-1808-09-01-a-i0001,6628,6652,sieurs Jean-David Mauley,NIL,PER,Q79982934,affaire Louvet-Sajdi,,17.516826629638672
EXP-1808-09-01-a-i0001,6657,6670,Jean Confesse,NIL,PER,Q24478688,affaire Seznec,,24.780864715576172
EXP-1808-09-01-a-i0001,6746,6761,Félix Tinembart,NIL,PER,Q1479524,Félix Tiemtarboum,,17.858592987060547
EXP-1808-09-01-a-i0001,6906,6912,Bevaix,Q68700,LOC,Q68700,Bevaix,,32.03187561035156
EXP-1808-09-01-a-i0001,7044,7053,Neuchatel,Q69345,LOC,Q69345,Neuchâtel,,28.054710388183594
EXP-1808-09-01-a-i0001,7516,7522,Bevaix,Q68700,LOC,Q174257,Beauvais,,26.010082244873047
EXP-1808-09-01-a-i0001,7560,7583,"J. -J. PERNET, greffier",NIL,PER,NIL,"J. -J. PERNET, greffier",no,0
EXP-1808-09-01-a-i0001,7608,7614,M. Roy,NIL,PER,NIL,M. Roy,No,0
EXP-1828-06-12-a-i0001,38,95,"César d'Ivernois, conseiller d'Etat et maire de Colombier",NIL,PER,Q832667,Colombier-en-Brionnais,,20.142318725585938
EXP-1828-06-12-a-i0001,182,197,Samuel Huguenin,NIL,PER,Q3510132,Sébastien Huguenet I,,26.018985748291016
EXP-1828-06-12-a-i0001,340,363,deJusticeduditColombier,Q70339,LOC,NIL,deJusticeduditColombier,no,0
EXP-1828-06-12-a-i0001,490,508,"F. C'LtRC, £ ffier",NIL,PER,NIL,"F. C'LtRC, £ ffier",no,0
EXP-1828-06-12-a-i0001,538,556,AL Fiançois. Racle,NIL,PER,Q2861843,Armand François Maximilien de Lau de Lusignan,"Based on the provided text and the list of candidates, the most appropriate Wikidata entity for the [ENT] tags is ""Armand François Maximilien de Lau de Lusignan"". Here is the JSON response: ```json { ""wikipedia_page"": ""Armand François Maximilien de Lau de Lusignan"", ""wikidata_id"": ""Q2861843"" } ```",14.202661514282227
EXP-1828-06-12-a-i0001,561,571,Neuveville,Q69476,LOC,Q70005,Noville,,19.201560974121094
EXP-1828-06-12-a-i0001,596,601,Berne,Q70,LOC,Q70,Berne,,24.8526611328125
EXP-1828-06-12-a-i0001,706,718,AlAL Millier,NIL,PER,NIL,AlAL Millier,no,0
EXP-1828-06-12-a-i0001,720,739,Sivary père et Comp,NIL,PER,NIL,Sivary père et Comp,no,0
EXP-1828-06-12-a-i0001,744,752,Fribourg,Q36378,LOC,Q36378,Fribourg,,21.173892974853516
EXP-1828-06-12-a-i0001,756,762,Suisse,Q39,LOC,Q39,Suisse,,18.278535842895508
EXP-1828-06-12-a-i0001,972,977,Berne,Q70,LOC,Q70,Berne,,29.55694007873535
EXP-1828-06-12-a-i0001,1917,1994,"Al. le juge civil Freudo'nreich, lieutenant d'Avoyer de la Préfecture à Berne",NIL,PER,NIL,"Al. le juge civil Freudo'nreich, lieutenant d'Avoyer de la Préfecture à Berne",```json {} ```,0
EXP-1828-06-12-a-i0001,2167,2172,Berne,Q70,LOC,Q70,Berne,,26.120615005493164
EXP-1828-06-12-a-i0001,2499,2562,"Al. Freudenreich, lieutenant d'Avoyer de la Préfecture de Berne",NIL,PER,Q23784104,,,18.054004669189453
EXP-1828-06-12-a-i0001,2566,2571,Berne,Q70,LOC,Q70,Berne,,28.23395347595215
EXP-1828-06-12-a-i0001,2620,2637,"signéKocH, avocat",NIL,PER,NIL,"signéKocH, avocat",no,0
EXP-1828-06-12-a-i0001,4450,4462,10 Juin 1828,NIL,LOC,NIL,10 Juin 1828,```json {} ```,0
EXP-1828-06-12-a-i0001,4472,4546,"lesecrétairc-de-viUe et président de la Commission de santé, G .-F. GALLOT",NIL,PER,Q3340340,Nicolas Galloteau-Chappron,"Based on the input text and the list of candidates, the [ENT] tags are disambiguated as follows: - The first [ENT] tag corresponds to the name ""lesecrétairc-de-viUe et président de la Commission de santé, G.-F. GALLOT"". After reviewing the list of candidates, the most appropriate match is ""Nicolas Galloteau-Chappron"". - The second [ENT] tag corresponds to the name ""VENTES PAR VjOlE D'ENCHÈRES"". This does not directly match any of the candidates provided, but it seems to refer to a generic term for auctions, which is not a personal entity. Therefore, it does not require a Wikidata entity. The JSON response is: ```json {""wikipedia_page"":""Nicolas Galloteau-Chappron"", ""wikidata_id"":""Q3340340""} ```",12.199777603149414
EXP-1828-06-12-a-i0001,4602,4656,M la grand baillive de Gingins-Chevilly née Pillichody,NIL,PER,Q2630096,Marie-Émilie de Joly de Choin,"{ ""wikipedia_page"": ""Marie-Émilie de Joly de Choin"", ""wikidata_id"": ""Q2630096"" }",9.696660041809082
EXP-1828-06-12-a-i0001,4996,5004,St. Jean,NIL,LOC,Q677433,Saint-Jean-sur-Vilaine,"Based on the input text and the given list of candidates, the most appropriate Wikidata entity for the entity tagged with [ENT] is: ```json {""wikipedia_page"": ""Saint-Jean-sur-Vilaine"", ""wikidata_id"": ""Q677433""} ```",12.083486557006836
EXP-1828-06-12-a-i0001,5126,5169,"Seigneur Fischer, _giand baillif de Cerlier",NIL,PER,Q738481,Cherier,"Based on the input text, the entity mentioned between the [ENT] tags is likely to be ""Cherier,"" which is a commune in France. Here is the JSON object with the corresponding Wikipedia page title and Wikidata ID: ```json { ""wikipedia_page"": ""Cherier"", ""wikidata_id"": ""Q738481"" } ```",11.421957969665527
EXP-1828-06-12-a-i0001,5187,5207,"J- HARTMANN, notaire",NIL,PER,Q189010,notaire,"```json {""wikipedia_page"":""notaire"", ""wikidata_id"":""Q189010""} ```",14.114540100097656
EXP-1828-06-12-a-i0001,5291,5321,AL le Comte Louis de Pourtalès,Q60107781,PER,Q60107781,Louis de Pourtalès,"```json {""wikipedia_page"":""Louis de Pourtalès"", ""wikidata_id"":""Q60107781""} ```",12.985447883605957
EXP-1828-06-12-a-i0001,5327,5332,Ponts,Q68617,LOC,Q742473,Ponts,,16.86746597290039
EXP-1828-06-12-a-i0001,5649,5654,Ponts,Q68617,LOC,Q742473,Ponts,,18.655431747436523
EXP-1828-06-12-a-i0001,5697,5729,"M. de Aleuron, conseiller d'Etat",NIL,PER,NIL,"M. de Aleuron, conseiller d'Etat","{""wikipedia_page"":"""", ""wikidata_id"":""""}",0
EXP-1828-06-12-a-i0001,5851,5860,Auvernier,Q70385,LOC,Q70385,Auvernier,,25.088321685791016
EXP-1828-06-12-a-i0001,5932,5941,Corcelles,Q67862,LOC,Q275356,Corcelles,,27.03957748413086
EXP-1828-06-12-a-i0001,6108,6143,"Aîons d'Ivernois, conseiller d'Etat",NIL,PER,NIL,"Aîons d'Ivernois, conseiller d'Etat",no,0
EXP-1828-06-12-a-i0001,6222,6232,St. Biaise,Q70424,LOC,Q16674806,Sainte-Marie-et-Blaise,,15.929330825805664
EXP-1828-06-12-a-i0001,6291,6296,Voëns,Q70424,LOC,NIL,Voëns,"```json {""wikipedia_page"":"""", ""wikidata_id"":""""} ```",0
EXP-1828-06-12-a-i0001,6302,6307,Enges,Q68546,LOC,Q68546,Enges,"```json {""wikipedia_page"": ""Enges"", ""wikidata_id"": ""Q68546""} ```",13.305853843688965
EXP-1828-06-12-a-i0001,6524,6536,Liechtenhann,NIL,PER,Q1320137,,,16.095888137817383
EXP-1828-06-12-a-i0001,6799,6807,Valangin,Q70194,LOC,Q70194,Valangin,,24.894296646118164
EXP-1828-06-12-a-i0001,7190,7198,St. Jean,NIL,LOC,NIL,St. Jean,no,0
EXP-1828-06-12-a-i0001,7217,7226,Ostervald,NIL,PER,Q21354,Ostwald,,17.29492950439453
EXP-1828-06-12-a-i0001,7456,7461,Globe,Q7736796,PROD,Q58081951,Le Globe,,18.977018356323242
EXP-1828-06-12-a-i0001,7468,7485,Revue britannique,Q28790553,PROD,Q7732245,The English Review,,20.373701095581055
EXP-1828-06-12-a-i0001,7643,7653,Arrowsmith,Q301678,PER,Q17004384,,,21.330787658691406
EXP-1828-06-12-a-i0001,7686,7697,B. Viguerie,Q13080819,PER,Q13080819,Bernard Viguerie,,22.899608612060547
EXP-1828-06-12-a-i0001,7735,7744,Brockhaus,Q62851,PER,Q237227,Brockhaus Enzyklopädie,,21.918676376342773
EXP-1828-06-12-a-i0001,7795,7801,LeSage,Q267962,PER,Q116201,Georges-Louis Le Sage,,21.726369857788086
EXP-1828-06-12-a-i0001,8033,8059,"Sieur Quinche, instituteur",NIL,PER,NIL,"Sieur Quinche, instituteur",no,0
EXP-1828-06-12-a-i0001,8076,8092,place des Halles,NIL,LOC,Q20899815,place des Halles,,17.80376625061035
EXP-1828-06-12-a-i0001,8182,8191,Neuchâtel,Q69345,LOC,Q69345,Neuchâtel,,24.360910415649414
EXP-1828-06-12-a-i0001,8197,8222,Al. le châtelain Alonvert,NIL,PER,Q359181,Emmanuel Van der Linden d'Hooghvorst,,17.233684539794922
EXP-1828-06-12-a-i0001,8314,8332,AL Jn .-Dl. Andrié,NIL,PER,Q2833403,Alexandre Andryane,"Based on the provided text, the entity between the [ENT] tags is ""A. Andrié"". The most appropriate Wikidata entity from the given list is ""Alexandre Andryane"". ```json {""wikipedia_page"": ""Alexandre Andryane"", ""wikidata_id"": ""Q2833403""} ```",10.250712394714355
EXP-1828-06-12-a-i0001,8370,8377,J. Dorn,NIL,PER,NIL,J. Dorn,no,0
EXP-1828-06-12-a-i0001,8645,8657,grosdeNaples,Q2634,LOC,NIL,grosdeNaples,```json {} ```,0
EXP-1828-06-12-a-i0001,8866,8874,Mulhouse,Q79815,LOC,Q79815,Mulhouse,,23.317779541015625
EXP-1828-06-12-a-i0001,9315,9320,Chine,Q29520,LOC,Q148,république populaire de Chine,,17.216594696044922
EXP-1828-06-12-a-i0001,9526,9542,Al Julie Steiner,NIL,PER,NIL,Al Julie Steiner,no,0
EXP-1828-06-12-a-i0001,9753,9761,Florence,Q2044,LOC,Q2044,Florence,,17.419464111328125
EXP-1828-06-12-a-i0001,9813,9827,M veuve Benoit,NIL,PER,NIL,M veuve Benoit,```json {} ```,0
EXP-1828-06-12-a-i0001,9839,9857,Al. Aleuron-Perret,NIL,PER,Q15968167,Alexandre César Hilarion de La Perrotine,,20.607337951660156
EXP-1828-06-12-a-i0001,9876,9904,"Em. Alatthey, bottier du Roi",NIL,PER,NIL,"Em. Alatthey, bottier du Roi",```json {} ```,0
EXP-1828-06-12-a-i0001,9986,9991,Paris,Q90,LOC,Q90,Paris,,17.51508903503418
EXP-1828-06-12-a-i0001,10288,10310,"AI "" -Jeanrenaud-Racle",NIL,PER,NIL,"AI "" -Jeanrenaud-Racle",no,0
EXP-1828-06-12-a-i0001,10338,10342,Inde,Q668,LOC,Q668,Inde,,19.760908126831055
EXP-1828-06-12-a-i0001,10367,10386,Fanchette Philippin,NIL,PER,Q774810,Fantine,,17.38743782043457
EXP-1828-06-12-a-i0001,10550,10573,"Jean Schlatter, fermier",NIL,PER,Q131512,agriculteur ou agricultrice,,16.89153289794922
EXP-1828-06-12-a-i0001,10577,10587,M. de Luze,NIL,PER,Q1170851,Luzé,"Based on the input text and the list of candidates, the most appropriate Wikidata entity for the entity tagged with [ENT] is: ```json {""wikipedia_page"": ""Luzé"", ""wikidata_id"": ""Q1170851""} ```",11.620391845703125
EXP-1828-06-12-a-i0001,10593,10607,Prés de _Reuse,NIL,LOC,Q282995,Puiseux-en-Retz,,15.642350196838379
EXP-1828-06-12-a-i0001,10741,10755,"Marti, sellier",NIL,PER,NIL,"Marti, sellier",no,0
EXP-1828-06-12-a-i0001,10792,10813,lithographie Gagnebin,NIL,ORG,Q3050958,Elie Gagnebin,,16.20415687561035
EXP-1828-06-12-a-i0001,10859,10866,Annonay,Q238366,LOC,Q238366,Annonay,,24.4564266204834
EXP-1828-06-12-a-i0001,10962,10969,Palerme,Q2656,LOC,Q2656,Palerme,,21.118736267089844
EXP-1828-06-12-a-i0001,10977,10989,Al Wittnauer,NIL,PER,Q8028615,Wittnauer,,15.603100776672363
EXP-1828-06-12-a-i0001,11016,11031,AI Wavre-Wattel,NIL,PER,Q3160119,Jacques Vabre,,15.709319114685059
EXP-1828-06-12-a-i0001,11110,11115,Dijon,Q7003,LOC,Q7003,Dijon,,21.8342342376709
EXP-1828-06-12-a-i0001,11481,11494,Samuel Dubois,NIL,PER,Q3483472,Sieur Dubois,,23.27880859375
EXP-1828-06-12-a-i0001,11498,11507,Colombier,Q70339,LOC,Q1058260,Colombier,,21.486347198486328
EXP-1828-06-12-a-i0001,11569,11578,Vaumarcus,Q70467,LOC,Q70467,Vaumarcus,,21.568790435791016
EXP-1828-06-12-a-i0001,11585,11608,M. Preud'homme-Favarger,NIL,PER,Q2922313,Bourgeois (entreprise),,20.144145965576172
EXP-1828-06-12-a-i0001,12080,12100,AlAL Pettavel frères,NIL,PER,Q2964265,Chocolat Delespaul-Havez,,17.024555206298828
EXP-1828-06-12-a-i0001,12143,12150,Cologne,Q365,LOC,Q365,Cologne,,17.989803314208984
EXP-1828-06-12-a-i0001,12183,12187,Nice,Q33959,LOC,Q33959,Nice,,21.878814697265625
EXP-1828-06-12-a-i0001,12194,12202,Provence,Q101081,LOC,Q101081,Provence,,19.460548400878906
EXP-1828-06-12-a-i0001,12225,12232,Alaille,Q536450,ORG,Q407451,Ayla,,18.472665786743164
EXP-1828-06-12-a-i0001,12245,12250,Paris,Q90,LOC,Q90,Paris,,22.36800765991211
EXP-1828-06-12-a-i0001,12338,12348,C. Steiner,NIL,PER,Q109510,Kilian von Steiner,,16.633281707763672
EXP-1828-06-12-a-i0001,12360,12378,AI. DeLuzc-De-Luze,NIL,PER,Q503787,Louis Auzoux,,16.536808013916016
EXP-1858-05-08-a-i0001,91,119,citoyen Aug. L'Ecuyer-Pœllon,NIL,PER,Q15969385,Joseph de Saint-Pern-Couellan,,16.792377471923828
EXP-1858-05-08-a-i0001,183,209,citoyen Jaques-Henri Favre,NIL,PER,Q923619,Jules Favre,,17.017993927001953
EXP-1858-05-08-a-i0001,325,334,Neuchâtel,Q69345,LOC,Q69345,Neuchâtel,,27.244739532470703
EXP-1858-05-08-a-i0001,550,555,Locle,Q64093,LOC,Q64093,Le Locle,,26.971128463745117
EXP-1858-05-08-a-i0001,587,629,"citoyen Frédéric-Auguste Mathey, pierrisle",NIL,PER,Q3376051,personne physique en droit français,"Based on the context provided in the input text and the candidates list, the entity mentioned within the [ENT] tags could be the person ""Frédéric-Auguste Mathey"". The entity is mentioned in the context of a legal proceeding, which matches the description of a person in legal documents. Given the list of candidates, neither ""citoyen"" nor ""citoyen actif"" seem to fit the context of a specific person in the legal case. However, the entity ""personne physique en droit français"" is a broad term that could fit for any person mentioned in a legal context. Since the name ""Frédéric-Auguste Mathey"" is unique and appears in the legal context, it is reasonable to assume that ""personne physique en droit français"" could represent this entity. Therefore, the most appropriate Wikidata entity from the list of candidates for the entity tagged with [ENT] is: ```json {""wikipedia_page"": ""personne physique en droit français"", ""wikidata_id"": ""Q3376051""} ```",8.819367408752441
EXP-1858-05-08-a-i0001,644,649,Locle,Q64093,LOC,Q64093,Le Locle,,25.162752151489258
EXP-1858-05-08-a-i0001,725,730,Locle,Q64093,LOC,Q64093,Le Locle,,25.072433471679688
EXP-1858-05-08-a-i0001,868,873,Locle,Q64093,LOC,Q64093,Le Locle,,26.00568389892578
EXP-1858-05-08-a-i0001,1037,1042,Locle,Q64093,LOC,Q64093,Le Locle,,24.333850860595703
EXP-1858-05-08-a-i0001,1181,1186,Locle,Q64093,LOC,Q64093,Le Locle,,23.918020248413086
EXP-1858-05-08-a-i0001,1272,1314,citoyen L _' -Edouard Uuguenin-Witillcmiii,NIL,PER,NIL,citoyen L _' -Edouard Uuguenin-Witillcmiii,No.,0
EXP-1858-05-08-a-i0001,1319,1324,Locle,Q64093,LOC,Q64093,Le Locle,,26.049747467041016
EXP-1858-05-08-a-i0001,1363,1368,Locle,Q64093,LOC,Q64093,Le Locle,,25.764846801757812
EXP-1858-05-08-a-i0001,1382,1398,Charles-Frédéric,NIL,PER,NIL,Charles-Frédéric,no,0
EXP-1858-05-08-a-i0001,1541,1546,Locle,Q64093,LOC,Q64093,Le Locle,,28.020549774169922
EXP-1858-05-08-a-i0001,1720,1766,citoyen Louis-Edouard Hugiieiiin-Wuilleiiii'fî,NIL,PER,NIL,citoyen Louis-Edouard Hugiieiiin-Wuilleiiii'fî,no,0
EXP-1858-05-08-a-i0001,1902,1907,Locle,Q64093,LOC,Q64093,Le Locle,,28.0207462310791
EXP-1858-05-08-a-i0001,2130,2135,Locle,Q64093,LOC,Q64093,Le Locle,,23.7226619720459
EXP-1858-05-08-a-i0001,2221,2252,citoyen Jules relet-Courvoisicr,NIL,PER,NIL,citoyen Jules relet-Courvoisicr,no,0
EXP-1858-05-08-a-i0001,2259,2264,Locle,Q64093,LOC,Q64093,Le Locle,,24.46117401123047
EXP-1858-05-08-a-i0001,2278,2321,"Philibert Pcrrelet, marchand de fournitures",NIL,PER,Q36237261,Philippe Fontenilliat,,18.13146209716797
EXP-1858-05-08-a-i0001,2336,2341,Locle,Q64093,LOC,Q64093,Le Locle,,27.53668212890625
EXP-1858-05-08-a-i0001,2484,2489,Locle,Q64093,LOC,Q64093,Le Locle,,28.96321678161621
EXP-1858-05-08-a-i0001,2663,2697,ciloyen Jules Perrelet-Courvoisicr,NIL,PER,NIL,ciloyen Jules Perrelet-Courvoisicr,no,0
EXP-1858-05-08-a-i0001,2832,2837,Locle,Q64093,LOC,Q64093,Le Locle,,27.847381591796875
EXP-1858-05-08-a-i0001,3052,3069,la Chaux-de-Fonds,Q68124,LOC,Q68124,La Chaux-de-Fonds,,31.63059425354004
EXP-1858-05-08-a-i0001,3148,3188,"citoyen Charles Bastide, ancien coiffeur",NIL,PER,NIL,"citoyen Charles Bastide, ancien coiffeur",no,0
EXP-1858-05-08-a-i0001,3311,3330,citoyen Ch. Bastide,NIL,PER,NIL,citoyen Ch. Bastide,no,0
EXP-1858-05-08-a-i0001,3425,3442,la Chaux-de-Fonds,Q68124,LOC,Q68124,La Chaux-de-Fonds,,27.89484977722168
EXP-1858-05-08-a-i0001,3669,3677,de-Fonds,Q68124,LOC,Q68124,La Chaux-de-Fonds,,19.615856170654297
EXP-1858-05-08-a-i0001,3850,3864,Chaux-de-Fonds,Q68124,LOC,Q68124,La Chaux-de-Fonds,,27.176551818847656
EXP-1858-05-08-a-i0001,3921,3949,"citoyen Simon Fournier, chef",NIL,PER,NIL,"citoyen Simon Fournier, chef",No,0
EXP-1858-05-08-a-i0001,3979,3993,Chaux-de-Fonds,Q68124,LOC,Q68124,La Chaux-de-Fonds,,25.8674259185791
EXP-1858-05-08-a-i0001,4072,4080,Fournier,NIL,PER,Q21494576,Fournier,,22.172271728515625
EXP-1858-05-08-a-i0001,4167,4184,la Chaux-de-Fonds,Q68124,LOC,Q68124,La Chaux-de-Fonds,,24.225135803222656
EXP-1858-05-08-a-i0001,4354,4371,la Chaux-de-Fonds,Q68124,LOC,Q68124,La Chaux-de-Fonds,,28.424148559570312
EXP-1858-05-08-a-i0001,4560,4606,"ci-| toyen Henri-François Duvanel _, négociant",NIL,PER,Q966434,Jacques Vincent de Gournay,"```json {""wikipedia_page"":""négociant"", ""wikidata_id"":""Q966434""} ```",7.276003837585449
EXP-1858-05-08-a-i0001,4612,4624,Brot-Dessous,Q70522,LOC,Q70522,Brot-Dessous,,17.346994400024414
EXP-1858-05-08-a-i0001,4736,4742,Boudry,Q69507,LOC,Q69507,Boudry,,29.32759666442871
EXP-1858-05-08-a-i0001,4972,5002,i toyen Henri-François Duvanel,NIL,PER,NIL,i toyen Henri-François Duvanel,no,0
EXP-1868-04-22-a-i0042,15,30,Grande-Bretagne,Q145,LOC,Q23666,Grande-Bretagne,,25.114778518676758
EXP-1868-04-22-a-i0042,33,88,"Sir Strafford Norlhcole, secrétaire d'Elat des colonies",Q332650,PER,Q332650,Stafford Northcote,"```json {""wikipedia_page"": ""Stafford Northcote"", ""wikidata_id"": ""Q332650""} ```",12.600323677062988
EXP-1868-04-22-a-i0042,100,117,sir Robert Napier,Q336474,PER,Q5482017,Francis Napier,,20.81478500366211
EXP-1868-04-22-a-i0042,299,346,"général Slaveley, commandant la seconde colonne",Q5082648,PER,Q2900932,William Staveley,"{""wikipedia_page"": ""William Staveley"", ""wikidata_id"": ""Q2900932""}",13.129281997680664
EXP-1868-04-22-a-i0042,531,538,Magdala,Q2279371,LOC,Q4880851,Magdala,,15.459587097167969
EXP-1868-04-22-a-i0042,560,573,colonel Payre,NIL,PER,Q3393996,Pol Lapeyre,,15.835392951965332
EXP-1868-04-22-a-i0042,623,631,Thédoros,NIL,PER,Q2430532,Théodore Godefroy,,15.716926574707031
EXP-1868-04-22-a-i0042,647,654,Magdala,Q2279371,LOC,NIL,Magdala,```json {} ```,0
EXP-1868-04-22-a-i0042,799,807,àSalford,Q1142118,LOC,Q47952,Salford,"The entity mentioned between the [ENT] tags is ""Salford"". Based on the provided list of candidates, the most appropriate Wikidata entity is: ```json {""wikipedia_page"": ""Salford"", ""wikidata_id"": ""Q47952""} ```",14.135632514953613
EXP-1868-04-22-a-i0042,940,948,M Pocbin,NIL,PER,NIL,M Pocbin,no,0
EXP-1868-04-22-a-i0042,968,975,Salford,Q1142118,LOC,Q47952,Salford,,21.19684600830078
EXP-1868-04-22-a-i0042,1003,1009,France,Q142,LOC,Q142,France,,19.915027618408203
EXP-1868-04-22-a-i0042,1132,1139,Hérault,Q12545,LOC,Q12545,Hérault,,27.930484771728516
EXP-1868-04-22-a-i0042,1146,1160,Montagne-Noire,Q1509963,LOC,Q1509963,Montagne Noire,,22.136783599853516
EXP-1868-04-22-a-i0042,1191,1198,Avignon,Q6397,LOC,Q6397,Avignon,,30.23342514038086
EXP-1868-04-22-a-i0042,1284,1299,vallée du Rhône,Q2747791,LOC,Q602,Rhône,,23.21628761291504
EXP-1868-04-22-a-i0042,1332,1340,Provence,Q101081,LOC,Q101081,Provence,,23.1575984954834
EXP-1868-04-22-a-i0042,1347,1360,Bas-Languedoc,Q809717,LOC,Q809717,,,26.75316047668457
EXP-1868-04-22-a-i0042,1511,1516,Berne,Q11911,LOC,Q11911,canton de Berne,,21.90073585510254
EXP-1868-04-22-a-i0042,1679,1685,Valais,Q834,LOC,Q834,canton du Valais,,17.978801727294922
EXP-1868-04-22-a-i0042,1771,1782,Haul-Valaîs,Q3128417,LOC,Q834,canton du Valais,,17.44151496887207
EXP-1868-04-22-a-i0042,1793,1797,Sion,Q68136,LOC,Q68136,Sion,,18.88836669921875
EXP-1868-04-22-a-i0042,1805,1813,Amérique,Q828,LOC,Q828,Amérique,,16.678844451904297
EXP-1868-04-22-a-i0042,1975,1987,Buénos-Ayrcs,Q1486,LOC,Q1486,Buenos Aires,,15.730308532714844
EXP-1868-04-22-a-i0042,1993,2003,Montevideo,Q1335,LOC,Q1335,Montevideo,,25.547346115112305
EXP-1868-04-22-a-i0042,2046,2061,Amérique du Sud,Q18,LOC,Q18,Amérique du Sud,,23.541778564453125
EXP-1868-04-22-a-i0042,2134,2143,NEUCHATEL,Q69345,LOC,Q69345,Neuchâtel,"```json {""wikipedia_page"":""Neuchâtel"", ""wikidata_id"":""Q69345""} ```",7.8083600997924805
EXP-1868-04-22-a-i0042,2266,2281,VUnion libérale,NIL,PROD,NIL,VUnion libérale,no,0
EXP-1868-04-22-a-i0042,2937,2959,M. le professeur Desor,NIL,PER,Q84445,Pierre Jean Édouard Desor,"```json { ""wikipedia_page"": ""Pierre Jean Édouard Desor"", ""wikidata_id"": ""Q84445"" } ```",11.374547004699707
EXP-1868-04-22-a-i0042,3050,3096,"M. Angus ! e Quartier-La Tente, démissionnaire",NIL,PER,NIL,"M. Angus ! e Quartier-La Tente, démissionnaire",no,0
EXP-1868-04-22-a-i0042,3120,3136,l'Union libérale,NIL,PROD,Q17172636,Union libérale,"Here is the JSON object with the disambiguated entity: ```json {""wikipedia_page"":""Union libérale"", ""wikidata_id"":""Q17172636""} ```",14.42605972290039
EXP-1868-04-22-a-i0042,3450,3472,district du Val-de-Ruz,Q661256,LOC,Q47455881,région Val-de-Ruz,,20.486888885498047
EXP-1868-04-22-a-i0042,3527,3540,Fontainemelon,Q68544,LOC,Q68544,Fontainemelon,,29.13672637939453
EXP-1868-04-22-a-i0042,3906,3919,Fontainemclon,Q68544,LOC,Q1163953,Fontaine-Milon,,23.74382781982422
EXP-1868-04-22-a-i0042,4061,4067,Areuse,Q111680,LOC,Q111680,Areuse,,27.261018753051758
EXP-1868-04-22-a-i0042,4077,4084,Môliers,NIL,LOC,Q184883,Moulins,,25.363609313964844
EXP-1868-04-22-a-i0042,4101,4108,jeune R,NIL,PER,NIL,jeune R,no,0
EXP-1868-04-22-a-i0042,4364,4370,Areuse,Q111680,LOC,Q111680,Areuse,,18.20747947692871
EXP-1878-02-14-a-i0050,21,25,ROME,Q220,LOC,Q220,Rome,,18.792821884155273
EXP-1878-02-14-a-i0050,29,35,Pie IX,Q43720,PER,Q43720,Pie IX,,29.378997802734375
EXP-1878-02-14-a-i0050,67,76,St-Pierre,Q12512,LOC,Q185678,Saint-Pierre,,21.9829044342041
EXP-1878-02-14-a-i0050,1227,1231,ROKE,Q220,LOC,NIL,ROKE,no,0
EXP-1878-02-14-a-i0050,1250,1281,"eardinai-eamerlingue, Mgr Pecei",Q43922,PER,NIL,"eardinai-eamerlingue, Mgr Pecei",no,0
EXP-1878-02-14-a-i0050,1348,1352,Rome,Q220,LOC,Q220,Rome,,22.217744827270508
EXP-1878-02-14-a-i0050,1406,1417,Saint-Siège,Q159583,ORG,Q159583,Saint-Siège,,25.568601608276367
EXP-1878-02-14-a-i0050,1507,1516,St-Pierre,Q12512,LOC,Q12512,basilique Saint-Pierre,,24.938756942749023
EXP-1878-02-14-a-i0050,1561,1568,Vatican,Q237,LOC,Q237,Vatican,,22.8527774810791
EXP-1878-02-14-a-i0050,1649,1655,Pie IX,Q43720,PER,Q43720,Pie IX,,30.615703582763672
EXP-1878-02-14-a-i0050,1707,1711,ROME,Q220,LOC,Q220,Rome,,24.5223445892334
EXP-1878-02-14-a-i0050,1824,1828,Rome,Q220,LOC,Q220,Rome,,23.12076759338379
EXP-1878-02-14-a-i0050,2059,2075,chapelle Sixtine,Q2943,LOC,Q2943,chapelle Sixtine,,31.379772186279297
EXP-1878-02-14-a-i0050,2077,2084,LONDRES,Q84,LOC,Q84,Londres,,25.439233779907227
EXP-1878-02-14-a-i0050,2169,2183,Constantinople,Q16869,LOC,Q16869,Constantinople,,26.758094787597656
EXP-1878-02-14-a-i0050,2201,2208,Turquie,Q43,LOC,Q43,Turquie,,19.59908103942871
EXP-1878-02-14-a-i0050,2299,2313,Constantinople,Q16869,LOC,Q16869,Constantinople,,25.956167221069336
EXP-1878-02-14-a-i0050,2318,2330,Morning-Post,Q1750567,PROD,Q1750567,Morning Post,,21.491249084472656
EXP-1878-02-14-a-i0050,2342,2348,Berlin,Q64,LOC,Q64,Berlin,,20.847864151000977
EXP-1878-02-14-a-i0050,2355,2373,empereur Guillaume,Q150652,PER,Q2677,Guillaume II,,20.5689754486084
EXP-1878-02-14-a-i0050,2402,2411,Reichstag,Q160208,ORG,Q160208,Reichstag,,21.587121963500977
EXP-1878-02-14-a-i0050,2661,2675,Constantinople,Q16869,LOC,Q16869,Constantinople,,25.13975715637207
EXP-1878-02-14-a-i0050,2680,2688,Standard,Q666494,PROD,NIL,Standard,```json {} ```,0
EXP-1878-02-14-a-i0050,2699,2705,Russie,Q34266,LOC,Q159,Russie,,19.016611099243164
EXP-1878-02-14-a-i0050,2712,2719,Turquie,Q43,LOC,Q43,Turquie,,20.658605575561523
EXP-1878-02-14-a-i0050,2831,2837,Manche,Q34640,LOC,Q34640,Manche,,23.360580444335938
EXP-1878-02-14-a-i0050,2865,2874,Gibraltar,Q1410,LOC,Q1410,Gibraltar,,25.83039093017578
EXP-1878-02-14-a-i0050,2919,2923,POLA,NIL,LOC,NIL,POLA,No,0
EXP-1878-02-14-a-i0050,3004,3010,Levant,Q81483,LOC,Q81483,Levant,,17.40966796875
EXP-1878-02-14-a-i0050,3064,3083,contre-amiral Barry,NIL,PER,Q3164035,Jean-Baptiste Dubarry,,18.511821746826172
EXP-1878-02-14-a-i0050,3116,3130,ST-PéTEESBODEG,Q656,LOC,Q656,Saint-Pétersbourg,"Based on the input text and the list of candidates, the entity between the [ENT] tags is ""ST-PéTEESBODEG"" which corresponds to ""Saint-Pétersbourg"". The JSON-formatted answer is: ```json {""wikipedia_page"":""Saint-Pétersbourg"", ""wikidata_id"":""Q656""} ```",12.505277633666992
EXP-1878-02-14-a-i0050,3149,3168,prince Gortschakoff,Q327020,PER,Q327020,Alexandre Gortchakov,,24.85418128967285
EXP-1878-02-14-a-i0050,3204,3210,Berlin,Q64,LOC,Q64,Berlin,,18.19536590576172
EXP-1878-02-14-a-i0050,3212,3218,Vienne,Q1741,LOC,Q1741,Vienne,,22.645036697387695
EXP-1878-02-14-a-i0050,3220,3227,Londres,Q84,LOC,Q84,Londres,,22.00461196899414
EXP-1878-02-14-a-i0050,3229,3234,Paris,Q90,LOC,Q90,Paris,,18.20618438720703
EXP-1878-02-14-a-i0050,3238,3242,Rome,Q220,LOC,Q220,Rome,,19.81312370300293
EXP-1878-02-14-a-i0050,3368,3382,Constantinople,Q16869,LOC,Q16869,Constantinople,,25.81482696533203
EXP-1878-02-14-a-i0050,3695,3709,Constantinople,Q16869,LOC,Q16869,Constantinople,,24.092004776000977
EXP-1878-02-14-a-i0050,3915,3929,Constantinople,Q16869,LOC,Q16869,Constantinople,,22.930452346801758
EXP-1878-02-14-a-i0050,4053,4070,grand duc Nicolas,Q160869,PER,Q130734,Nicolas Ier de Russie,,17.73299217224121
EXP-1918-09-10-a-i0035,0,6,SUISSE,Q39,LOC,Q39,Suisse,"Based on the provided input text and the list of candidates, the entity ""SUISSE"" is most likely the country of Switzerland, represented by the candidate with the Wikidata ID ""Q39"" and the Wikipedia page title ""Suisse"". ```json { ""wikipedia_page"": ""Suisse"", ""wikidata_id"": ""Q39"" } ```",9.661088943481445
EXP-1918-09-10-a-i0035,234,251,canton de Schwytz,Q12433,LOC,Q12433,canton de Schwytz,,30.642745971679688
EXP-1918-09-10-a-i0035,531,537,Suisse,Q39,LOC,Q39,Suisse,,23.207263946533203
EXP-1918-09-10-a-i0035,668,677,Allemagne,Q183,LOC,Q183,Allemagne,,20.369747161865234
EXP-1918-09-10-a-i0035,736,742,Suisse,Q39,LOC,Q39,Suisse,,20.116132736206055
EXP-1918-09-10-a-i0035,1534,1539,Berne,Q70,LOC,NIL,Berne,```json {} ```,0
EXP-1918-09-10-a-i0035,1666,1689,Lo Journal des Hellènes,NIL,PROD,Q1004380,Bulletin de correspondance hellénique,,18.419248580932617
EXP-1918-09-10-a-i0035,1827,1840,Echo de Grèce,NIL,PROD,Q47781619,,,16.776111602783203
EXP-1918-09-10-a-i0035,2289,2305,Conseil National,Q676078,ORG,Q676078,Conseil national,,24.663129806518555
EXP-1918-09-10-a-i0035,2312,2327,Conseil fédéral,Q30917,ORG,Q30917,Conseil fédéral,,27.809646606445312
EXP-1918-09-10-a-i0035,2453,2469,Conseil national,Q676078,ORG,Q676078,Conseil national,,26.909889221191406
EXP-1918-09-10-a-i0035,2481,2492,Jnnod-Bloch,Q3188436,PER,Q3170801,Jean Blot,,18.580917358398438
EXP-1918-09-10-a-i0035,2499,2514,__ etall ___. —,NIL,ORG,NIL,__ etall ___. —,no,0
EXP-1918-09-10-a-i0035,2537,2543,Suisse,NIL,PROD,Q1150379,La Suisse,,17.946578979492188
EXP-1918-09-10-a-i0035,2550,2556,Genève,Q71,LOC,Q71,Genève,,23.542665481567383
EXP-1918-09-10-a-i0035,2629,2640,Jules Bloch,Q3188436,PER,Q3188436,Jules Bloch,,27.779747009277344
EXP-1918-09-10-a-i0035,2732,2739,Entente,NIL,ORG,Q177859,Triple-Entente,"Based on the text provided and the list of candidates, the entity mentioned between the [ENT] tags is ""Entente"". The most appropriate Wikidata entity from the provided list of candidates is ""Triple-Entente"". Here is the JSON response: ```json {""wikipedia_page"":""Triple-Entente"", ""wikidata_id"":""Q177859""} ```",14.640339851379395
EXP-1918-09-10-a-i0035,2803,2812,Allemagne,Q183,LOC,Q183,Allemagne,,16.254337310791016
EXP-1918-09-10-a-i0035,2957,3001,"Metallum, société anonyme avec siège à Berne",NIL,ORG,Q2637626,Albert Berner Deutschland,,15.82175064086914
EXP-1918-09-10-a-i0035,3067,3075,A. E. G.,Q158276,ORG,Q158276,Allgemeine Elektricitäts-Gesellschaft,"```json { ""wikipedia_page"": ""Allgemeine Elektricitäts-Gesellschaft"", ""wikidata_id"": ""Q158276"" } ```",13.34813117980957
EXP-1918-09-10-a-i0035,3079,3085,Berlin,Q31910791,LOC,Q64,Berlin,,21.56837272644043
EXP-1918-09-10-a-i0035,3256,3267,Jules Bloch,Q3188436,PER,Q3188436,Jules Bloch,,31.000024795532227
EXP-1918-09-10-a-i0035,3361,3369,Metallum,NIL,ORG,NIL,Metallum,"```json {""wikipedia_page"":"""", ""wikidata_id"":""""} ```",0
EXP-1918-09-10-a-i0035,3678,3688,outre-Rhin,NIL,LOC,Q584,Rhin,"Based on the provided text and the list of candidates, the entity marked by [ENT] tags corresponds to ""Rhin"" (Wikidata ID: Q584). ```json { ""wikipedia_page"": ""Rhin"", ""wikidata_id"": ""Q584"" } ```",10.131081581115723
EXP-1918-09-10-a-i0035,3762,3776,M. de Rathenau,Q135645,PER,Q135645,Walther Rathenau,,20.51226043701172
EXP-1918-09-10-a-i0035,3852,3860,Metallum,NIL,ORG,Q15710950,Metallus,"Based on the input text and the provided list of candidates, the entity [ENT] Metallum [ENT] likely refers to an organization involved in metallurgy or related industries. The most appropriate candidate is: ```json { ""wikipedia_page"": ""Metallus"", ""wikidata_id"": ""Q15710950"" } ```",11.901680946350098
EXP-1918-09-10-a-i0035,3877,3890,M. Schulthess,Q118243,PER,Q118243,Edmund Schulthess,,22.484725952148438
EXP-1918-09-10-a-i0035,3930,3939,Démocrate,NIL,PROD,Q660046,Démocrates suisses,,16.20920753479004
EXP-1918-09-10-a-i0035,3992,3997,Bloch,Q3188436,PER,Q57240,Ernst Bloch,,20.302841186523438
EXP-1918-09-10-a-i0035,4118,4132,M. Jules Bloch,Q3188436,PER,Q60708597,Claude Bloch,,21.70142936706543
EXP-1918-09-10-a-i0035,4179,4187,M. Bloch,Q3188436,PER,Q27179144,Edmond Bloch,,19.743844985961914
EXP-1918-09-10-a-i0035,4417,4487,"M. Achille Rossé, ancien employé du département de l'économie publique",NIL,PER,Q2824939,Adolphe le Hardÿ de Beaulieu,,17.070026397705078
EXP-1918-09-10-a-i0035,4503,4511,M. Bloch,Q3188436,PER,Q156585,Marc Bloch,,24.52602767944336
EXP-1918-09-10-a-i0035,4590,4598,C. F. F.,Q83835,ORG,Q83835,Chemins de fer fédéraux suisses,,18.132230758666992
EXP-1918-09-10-a-i0035,4633,4641,C. F. F.,Q83835,ORG,Q83835,Chemins de fer fédéraux suisses,,25.791522979736328
EXP-1918-09-10-a-i0035,4782,4797,Conseil fédéral,Q30917,ORG,Q30917,Conseil fédéral,,31.14240837097168
EXP-1918-09-10-a-i0035,4872,4880,C. F. F.,Q83835,ORG,Q83835,Chemins de fer fédéraux suisses,,25.259326934814453
EXP-1918-09-10-a-i0035,4987,4993,Suisse,Q39,LOC,Q39,Suisse,,22.023908615112305
EXP-1918-09-10-a-i0035,5500,5508,Germanie,Q183,LOC,Q183,Allemagne,,18.02177619934082
EXP-1918-09-10-a-i0035,5544,5554,Decauville,Q240681,ORG,Q17073548,Voitures automobiles Decauville,"```json {""wikipedia_page"":""Voitures automobiles Decauville"", ""wikidata_id"":""Q17073548""} ```",10.144548416137695
EXP-1918-09-10-a-i0035,5908,5918,Decauville,Q240681,ORG,Q209021,Deauville,,19.95298957824707
EXP-1918-09-10-a-i0035,5925,5931,Suisse,Q39,LOC,Q39,Suisse,,17.854265213012695
EXP-1918-09-10-a-i0035,6459,6468,Allemagne,Q183,LOC,Q183,Allemagne,,18.09822654724121
EXP-1918-09-10-a-i0035,6471,6482,Schaffhouse,Q9009,LOC,Q9009,Schaffhouse,,30.70684051513672
EXP-1918-09-10-a-i0035,6827,6832,BERNE,Q70,LOC,Q70,Berne,,29.39495086669922
EXP-1918-09-10-a-i0035,7056,7062,VALAIS,Q834,LOC,Q834,canton du Valais,,21.168132781982422
EXP-1918-09-10-a-i0035,7146,7153,Monthey,Q64051,LOC,Q64051,Monthey,,23.372507095336914
EXP-1918-09-10-a-i0035,7159,7178,quatre frères Comte,NIL,PER,NIL,quatre frères Comte,no,0
EXP-1918-09-10-a-i0035,7444,7452,FRIBOURG,Q25621447,LOC,Q36378,Fribourg,,27.07772445678711
EXP-1918-09-10-a-i0035,7543,7548,Bulle,Q68308,LOC,Q68308,Bulle,,28.854427337646484
EXP-1918-09-10-a-i0035,7705,7712,Liberté,NIL,PROD,Q1303632,La Liberté,"Based on the input text and the list of candidates, the entity mentioned between the [ENT] tags is ""Liberté"" which refers to the ""quotidien suisse édité à Fribourg"" as per the candidate details. Here is the JSON response: ```json {""wikipedia_page"":""La Liberté"", ""wikidata_id"":""Q1303632""} ```",8.291935920715332
EXP-1918-09-10-a-i0035,8067,8090,"Mme veuve Gremaud, Riaz",NIL,PER,NIL,"Mme veuve Gremaud, Riaz",```json {} ```,0
EXP-1918-09-10-a-i0035,8190,8197,Hongrie,Q28,LOC,Q28,Hongrie,,20.902957916259766
EXP-1918-09-10-a-i0035,8389,8415,"M. Musy, conseiller d'Etat",Q674180,PER,NIL,"M. Musy, conseiller d'Etat",no,0
EXP-1918-09-10-a-i0035,8540,8546,GENÈVE,Q71,LOC,Q71,Genève,,27.060396194458008
EXP-1918-09-10-a-i0035,8617,8632,M. Ad. Lachenal,Q377118,PER,Q377118,Adrien Lachenal,,24.92105484008789
EXP-1918-09-10-a-i0035,8634,8685,"M. Henri Fazy, président du Conseil d'Etat genevois",Q3131072,PER,Q861595,François Gény,,17.717323303222656
EXP-1918-09-10-a-i0035,8724,8750,"M. Willemin, jeune radical",NIL,PER,Q453009,Jeunes libéraux radicaux suisses,,16.11113929748535
EXP-1918-09-10-a-i0035,8881,8908,réfractaire turc nommé Seni,NIL,PER,Q65160041,Réfractaire à l'armée,"```json { ""wikipedia_page"": ""Réfractaire à l'armée"", ""wikidata_id"": ""Q65160041"" } ```",9.830301284790039
EXP-1918-09-10-a-i0035,8915,8949,déserteur français nommé Pétermann,NIL,PER,NIL,déserteur français nommé Pétermann,```json {} ```,0
EXP-1918-09-10-a-i0035,9067,9073,Genève,Q71,LOC,Q71,Genève,,24.971099853515625
EXP-1918-12-13-a-i0061,78,83,Berne,Q70,LOC,Q70,Berne,,20.699567794799805
EXP-1918-12-13-a-i0061,91,103,Zurcher Post,NIL,ORG,Q614803,La Poste suisse,"```json {""wikipedia_page"": ""La Poste suisse"", ""wikidata_id"": ""Q614803""} ```",11.852686882019043
EXP-1918-12-13-a-i0061,111,126,Conseil fédéral,Q30917,ORG,Q30917,Conseil fédéral,,24.536279678344727
EXP-1918-12-13-a-i0061,144,162,Chambres fédérales,Q684719,ORG,Q517449,Chambre des députés,,23.592336654663086
EXP-1918-12-13-a-i0061,297,312,Conseil fédéral,Q30917,ORG,Q30917,Conseil fédéral,,23.600011825561523
EXP-1918-12-13-a-i0061,344,362,Chambres fédérales,Q684719,ORG,Q517449,Chambre des députés,,19.231821060180664
EXP-1918-12-13-a-i0061,418,443,Conseil national M. Cossy,Q2156773,PER,Q676078,Conseil national,,16.380937576293945
EXP-1918-12-13-a-i0061,445,449,Vaud,Q12771,LOC,Q12771,canton de Vaud,,20.21997833251953
EXP-1918-12-13-a-i0061,862,872,M. Huggler,NIL,PER,Q1912725,Max Huggler,,20.208805084228516
EXP-1918-12-13-a-i0061,874,880,Zurich,Q72,LOC,Q72,Zurich,,22.419204711914062
EXP-1918-12-13-a-i0061,922,930,M. Ryser,Q18633299,PER,Q18633299,Émile Ryser,,19.95988655090332
EXP-1918-12-13-a-i0061,932,944,Jura bernois,Q70,LOC,Q247613,Jura bernois,,19.692516326904297
EXP-1918-12-13-a-i0061,991,1006,Conseil fédéral,Q30917,ORG,Q30917,Conseil fédéral,,27.39019775390625
EXP-1918-12-13-a-i0061,1092,1108,Conseil national,Q676078,ORG,Q676078,Conseil national,,23.665388107299805
EXP-1918-12-13-a-i0061,1167,1176,M. Hirter,Q1641554,PER,Q5392722,Hans Hirter,,19.51645278930664
EXP-1918-12-13-a-i0061,1178,1183,Berne,Q70,LOC,Q70,Berne,,19.265188217163086
EXP-1918-12-13-a-i0061,1237,1242,Berne,Q70,LOC,Q70,Berne,,24.573266983032227
EXP-1918-12-13-a-i0061,1477,1493,Banque nationale,Q597394,ORG,Q597394,Banque nationale suisse,,24.348743438720703
EXP-1918-12-13-a-i0061,1564,1577,Confédération,Q170156,LOC,NIL,Confédération,no,0
EXP-1918-12-13-a-i0061,1946,1952,Russie,Q159,LOC,Q159,Russie,,18.9423828125
EXP-1918-12-13-a-i0061,2113,2123,M. Platten,Q124088,PER,Q124088,Fritz Platten,,18.84866714477539
EXP-1918-12-13-a-i0061,2125,2131,Zurich,Q72,LOC,Q72,Zurich,,21.511444091796875
EXP-1918-12-13-a-i0061,2255,2264,MM. Grimm,Q115645,PER,Q2793,frères Grimm,,16.91303253173828
EXP-1918-12-13-a-i0061,2268,2274,Muller,NIL,PER,NIL,Muller,Here is the JSON-formatted response: ```json {} ```,0
EXP-1918-12-13-a-i0061,2289,2300,bolchévisme,Q571627,PROD,Q83372,bolchevik,,24.616262435913086
EXP-1918-12-13-a-i0061,2443,2460,M. Jacques Schmid,Q994148,PER,Q994148,Jacques Schmid,,21.48162078857422
EXP-1918-12-13-a-i0061,2462,2469,Soleure,Q68965,LOC,Q68965,Soleure,"```json { ""wikipedia_page"": ""Soleure"", ""wikidata_id"": ""Q68965"" } ```",14.914682388305664
EXP-1918-12-13-a-i0061,2548,2555,Soleure,Q68965,LOC,NIL,Soleure,no,0
EXP-1918-12-13-a-i0061,2562,2569,Granges,Q68420,LOC,NIL,Granges,```json {} ```,0
EXP-1918-12-13-a-i0061,2713,2723,M. Reymond,Q3302675,PER,Q4392628,Jean-Émile Reymond,,22.26024627685547
EXP-1918-12-13-a-i0061,2725,2729,Vaud,Q12771,LOC,Q12771,canton de Vaud,,18.94927978515625
EXP-1918-12-13-a-i0061,3118,3134,M. Robert Schmid,NIL,PER,Q125692,Werner Schmid,,19.871278762817383
EXP-1918-12-13-a-i0061,3136,3142,Zurich,Q72,LOC,Q72,Zurich,,23.94639015197754
EXP-1918-12-13-a-i0061,3516,3523,M. Musv,Q674180,PER,Q86226,Emil Mazuw,,16.849632263183594
EXP-1918-12-13-a-i0061,3525,3533,Fribourg,Q36378,LOC,Q2833,Fribourg-en-Brisgau,,21.712717056274414
EXP-1918-12-13-a-i0061,3575,3581,Russie,Q159,LOC,Q159,Russie,,20.016782760620117
EXP-1918-12-13-a-i0061,3598,3605,Platten,Q124088,PER,Q124088,Fritz Platten,,19.838687896728516
EXP-1918-12-13-a-i0061,3822,3837,Conseil fédéral,Q30917,ORG,Q30917,Conseil fédéral,,18.431076049804688
EXP-1918-12-13-a-i0061,3983,3992,M. Graber,Q120363,PER,Q646689,Maurice Magre,,20.546857833862305
EXP-1918-12-13-a-i0061,4030,4037,M. Musy,Q674180,PER,Q22248952,Maurice Musy,,21.14448356628418
EXP-1928-05-29-a-i0007,43,70,Feuille d'Avig de Neuchâtel,Q646229,PROD,Q3337301,Naville,,15.478116989135742
EXP-1928-05-29-a-i0007,96,103,Kellogg,Q193009,PER,Q193009,Frank Billings Kellogg,"{ ""wikipedia_page"": ""Frank Billings Kellogg"", ""wikidata_id"": ""Q193009"" }",14.721471786499023
EXP-1928-05-29-a-i0007,105,110,PARIS,Q90,LOC,Q90,Paris,"Based on the provided text, the entity mentioned between the [ENT] tags is ""Paris"". The most appropriate Wikidata entity from the given list of candidates is: ```json {""wikipedia_page"":""Paris"", ""wikidata_id"":""Q90""} ```",15.145223617553711
EXP-1928-05-29-a-i0007,116,121,Havas,Q516033,ORG,NIL,Havas,no,0
EXP-1928-05-29-a-i0007,141,150,New. York,Q60,LOC,Q60,New York,,27.53464698791504
EXP-1928-05-29-a-i0007,156,170,Petit Parisien,Q831299,PROD,Q831299,Le Petit Parisien,,24.795984268188477
EXP-1928-05-29-a-i0007,181,191,M. Kellogg,Q193009,PER,Q3294126,Mark Kellogg,,17.729455947875977
EXP-1928-05-29-a-i0007,318,325,Kellogg,Q193009,PER,Q193009,Frank Billings Kellogg,"```json { ""wikipedia_page"": ""Frank Billings Kellogg"", ""wikidata_id"": ""Q193009"" } ```",14.684876441955566
EXP-1928-05-29-a-i0007,1013,1023,M. Kellogg,Q193009,PER,Q27916194,Keith Kellogg,,17.388986587524414
EXP-1928-05-29-a-i0007,1042,1054,M. Venizelos,Q205545,PER,Q205545,Elefthérios Venizélos,,29.04703712463379
EXP-1928-05-29-a-i0007,1056,1063,LONDRES,Q84,LOC,Q84,Londres,,18.629779815673828
EXP-1928-05-29-a-i0007,1069,1074,Havas,Q516033,ORG,NIL,Havas,no,0
EXP-1928-05-29-a-i0007,1084,1094,Daily Mail,Q210534,PROD,Q210534,Daily Mail,,28.860065460205078
EXP-1928-05-29-a-i0007,1143,1148,Grèce,Q41,LOC,Q41,Grèce,,23.97095489501953
EXP-1928-05-29-a-i0007,1188,1200,M. Venizelos,Q205545,PER,Q205545,Elefthérios Venizélos,,32.20077133178711
EXP-1928-05-29-a-i0007,1412,1424,M. Venizelos,Q205545,PER,Q205545,Elefthérios Venizélos,,29.21418571472168
EXP-1928-05-29-a-i0007,1594,1604,Georges II,Q152935,PER,Q152935,Georges II,,20.844717025756836
EXP-1928-05-29-a-i0007,1614,1624,Constantin,Q152099,PER,Q152099,Constantin Ier de Grèce,,18.60901641845703
EXP-1928-05-29-a-i0007,1626,1638,M. Venizelos,Q205545,PER,Q205545,Elefthérios Venizélos,,19.83231544494629
EXP-1928-05-29-a-i0007,1797,1819,Szen _ -f _ o. tl. ard,Q604516,LOC,NIL,Szen _ -f _ o. tl. ard,no,0
EXP-1928-05-29-a-i0007,1823,1831,BELGRADE,Q3711,LOC,Q3711,Belgrade,,21.717632293701172
EXP-1928-05-29-a-i0007,1837,1842,Havas,Q516033,ORG,Q1034461,Adolf Havas,"Based on the provided text and the list of candidates, the most appropriate Wikidata entity for the ""[ENT] Havas [ENT] "" tagged entity is ""Adolf Havas"". Here is the JSON-formatted answer: ```json {""wikipedia_page"": ""Adolf Havas"", ""wikidata_id"": ""Q1034461""} ```",7.9131999015808105
EXP-1928-05-29-a-i0007,1868,1876,Belgrade,Q3711,LOC,Q3711,Belgrade,,30.00766944885254
EXP-1928-05-29-a-i0007,1890,1897,Novosti,Q1192921,PROD,Q3499760,,,18.552650451660156
EXP-1928-05-29-a-i0007,1907,1913,Zagreb,Q1435,LOC,Q1435,Zagreb,,24.72014617919922
EXP-1928-05-29-a-i0007,1940,1948,Belgrade,Q3711,LOC,Q3711,Belgrade,,28.32794189453125
EXP-1928-05-29-a-i0007,2003,2009,Italie,Q38,LOC,Q38,Italie,,22.500661849975586
EXP-1928-05-29-a-i0007,2030,2038,Bulgarie,Q219,LOC,Q219,Bulgarie,,25.21068572998047
EXP-1928-05-29-a-i0007,2085,2090,Sofia,Q472,LOC,Q472,Sofia,,25.322208404541016
EXP-1928-05-29-a-i0007,2461,2466,PARIS,Q90,LOC,Q90,Paris,,23.157304763793945
EXP-1928-05-29-a-i0007,2472,2477,Havas,Q516033,ORG,NIL,Havas,No.,0
EXP-1928-05-29-a-i0007,2493,2507,Petit Parisien,Q831299,PROD,Q831299,Le Petit Parisien,,28.971080780029297
EXP-1928-05-29-a-i0007,2547,2552,lande,Q55,LOC,NIL,lande,"```json {""wikipedia_page"":"""",""wikidata_id"":""""} ```",0
EXP-1928-05-29-a-i0007,2553,2560,Uruguay,Q77,LOC,Q134916,équipe d'Uruguay de football,,22.387592315673828
EXP-1928-05-29-a-i0007,2918,2932,Silésie BERLIN,Q64,LOC,Q81720,Silésie,,18.009244918823242
EXP-1928-05-29-a-i0007,2938,2943,Wolff,Q552226,ORG,NIL,Wolff,```json {} ```,0
EXP-1928-05-29-a-i0007,2953,2970,Vossische Zeitung,Q675003,PROD,Q675003,Vossische Zeitung,,25.043949127197266
EXP-1928-05-29-a-i0007,3019,3026,Silésie,Q81720,LOC,Q81720,Silésie,,24.41737174987793
EXP-1928-05-29-a-i0007,3045,3056,Reichenbach,Q157462,LOC,Q157462,Reichenbach,,18.67523956298828
EXP-1928-05-29-a-i0007,3060,3071,Schweitnitz,Q387396,LOC,Q387396,Świdnica,,20.59785270690918
EXP-1928-05-29-a-i0007,3367,3378,Reichenbach,Q157462,LOC,Q157462,Reichenbach,,17.02734375
EXP-1928-05-29-a-i0007,3385,3396,Schweitnitz,Q387396,LOC,Q387396,Świdnica,,20.221771240234375
EXP-1928-05-29-a-i0007,3517,3526,Weistritz,Q1018675,LOC,Q1018675,Bystrzyca,,22.173885345458984
EXP-1928-05-29-a-i0007,3573,3586,Riesengebirge,Q214644,LOC,Q214644,Monts des Géants,,23.98442268371582
EXP-1928-05-29-a-i0007,3723,3732,STOCKHOLM,Q1754,LOC,Q1754,Stockholm,,26.611234664916992
EXP-1928-05-29-a-i0007,3738,3743,Wolff,Q552226,ORG,Q2588977,Wolff Verlag,,15.740291595458984
EXP-1928-05-29-a-i0007,3832,3845,ville de Sala,Q930262,LOC,Q930262,Sala,,16.72064208984375
EXP-1928-05-29-a-i0007,4243,4251,Toujquet,Q323164,LOC,Q251189,Touquettes,,16.759124755859375
EXP-1928-05-29-a-i0007,4253,4258,PARIS,Q90,LOC,NIL,PARIS,no,0
EXP-1928-05-29-a-i0007,4264,4269,Havas,Q516033,ORG,NIL,Havas,```json {} ```,0
EXP-1928-05-29-a-i0007,4289,4300,_Tbu * quet,Q323164,LOC,NIL,_Tbu * quet,no,0
EXP-1928-05-29-a-i0007,4369,4379,Mme Wilson,Q5460813,PER,NIL,Mme Wilson,no,0
EXP-1928-05-29-a-i0007,4400,4405,Truay,Q206539,LOC,Q5489,Troyes,,22.352115631103516
EXP-1928-05-29-a-i0007,4697,4705,BELGRADE,Q3711,LOC,Q3711,Belgrade,,26.6510066986084
EXP-1928-05-29-a-i0007,4711,4716,Avala,Q31530751,ORG,Q790075,Avala,"Based on the text provided, the entity mentioned between the [ENT] tags is ""Avala"". The most appropriate Wikidata entity from the given list of candidates is: ```json {""wikipedia_page"":""Avala"", ""wikidata_id"":""Q790075""} ```",11.624773979187012
EXP-1928-05-29-a-i0007,4791,4799,Belgrade,Q3711,LOC,Q3711,Belgrade,,27.738317489624023
EXP-1928-05-29-a-i0007,4809,4815,Italie,Q38,LOC,Q38,Italie,,18.605653762817383
EXP-1928-05-29-a-i0007,4974,4982,Belgrade,Q3711,LOC,Q3711,Belgrade,,26.163463592529297
EXP-1928-05-29-a-i0007,5028,5053,Buenos-Ayres BUENOS-AYRES,Q1486,LOC,Q1486,Buenos Aires,,26.007705688476562
EXP-1928-05-29-a-i0007,5059,5064,Havas,Q516033,ORG,NIL,Havas,no,0
EXP-1928-05-29-a-i0007,5119,5170,"M. César Aseltra, ancien lieutenant-colonel italien",NIL,PER,NIL,"M. César Aseltra, ancien lieutenant-colonel italien",```json {} ```,0
EXP-1928-05-29-a-i0007,5289,5296,Wilkins,Q577806,PER,NIL,Wilkins,no,0
EXP-1928-05-29-a-i0007,5300,5307,Eielson,Q2938873,PER,Q5360474,Elias Corneliussen,,16.466583251953125
EXP-1928-05-29-a-i0007,5310,5320,Copenhague,Q1748,LOC,Q1748,Copenhague,,21.919958114624023
EXP-1928-05-29-a-i0007,5322,5332,COPENHAGUE,Q1748,LOC,Q1748,Copenhague,,26.75954246520996
EXP-1928-05-29-a-i0007,5338,5343,Havas,Q516033,ORG,Q191106,Haapsalu,"{""wikipedia_page"": ""Haapsalu"", ""wikidata_id"": ""Q191106""}",7.979510307312012
EXP-1928-05-29-a-i0007,5352,5369,aviateur. Wilkins,Q577806,PER,NIL,aviateur. Wilkins,no,0
EXP-1928-05-29-a-i0007,5373,5380,EielsOn,Q2938873,PER,Q2938873,Carl Ben Eielson,"Based on the input text and the list of candidates, the entity disambiguated by the [ENT] tags is ""Carl Ben Eielson"". Here is the JSON-formatted answer: ```json {""wikipedia_page"": ""Carl Ben Eielson"", ""wikidata_id"": ""Q2938873""} ```",10.349153518676758
EXP-1928-05-29-a-i0007,5435,5439,Oslo,Q585,LOC,Q585,Oslo,,26.198101043701172
EXP-1928-05-29-a-i0007,5535,5544,Chantoung,Q43407,LOC,Q678658,Guandong,"Based on the provided text, the entity tagged with [ENT] is ""Chantoung"". Among the given candidate list, the closest match is: ```json {""wikipedia_page"": ""Guandong"", ""wikidata_id"": ""Q678658""} ``` So, the JSON response is: ```json {""wikipedia_page"":""Guandong"", ""wikidata_id"":""Q678658""} ```",14.358420372009277
EXP-1928-05-29-a-i0007,5546,5551,PARIS,Q90,LOC,Q90,Paris,,21.512710571289062
EXP-1928-05-29-a-i0007,5557,5562,Havas,Q516033,ORG,NIL,Havas,```json {} ```,0
EXP-1928-05-29-a-i0007,5571,5584,Petit Journal,Q2115162,PROD,Q2115162,Le Petit Journal,,15.868555068969727
EXP-1928-05-29-a-i0007,5620,5627,Londres,Q84,LOC,Q84,Londres,,20.898757934570312
EXP-1928-05-29-a-i0007,5644,5649,Tokio,Q1490,LOC,Q1490,Tokyo,,20.6398868560791
EXP-1928-05-29-a-i0007,5779,5788,Chantoung,Q43407,LOC,Q678658,Guandong,,16.121355056762695
EXP-1928-05-29-a-i0007,5905,5913,S. < LN.,Q38130,ORG,NIL,S. < LN.,```json {} ```,0
EXP-1928-05-29-a-i0007,6029,6036,Mohamed,Q9458,PER,Q9458,Mahomet,,25.797882080078125
EXP-1928-05-29-a-i0007,6199,6207,Mohammed,Q9458,PER,Q9458,Mahomet,,25.672527313232422
EXP-1928-05-29-a-i0007,6564,6572,Mohammed,Q9458,PER,Q9458,Mahomet,,15.688213348388672
EXP-1928-08-15-a-i0065,21,28,THALWIL,Q68959,LOC,Q68959,Thalwil,,24.234668731689453
EXP-1928-08-15-a-i0065,111,119,Gattikon,Q22631161,LOC,Q22631161,Gattikon,,22.673410415649414
EXP-1928-08-15-a-i0065,129,136,Thalwil,Q68959,LOC,Q68959,Thalwil,,30.061019897460938
EXP-1928-08-15-a-i0065,317,333,frères Bretscher,NIL,PER,Q16101728,Otto Bretscher,,18.054676055908203
EXP-1928-08-15-a-i0065,622,629,THALWIL,Q68959,LOC,Q68959,Thalwil,"```json {""wikipedia_page"":""Thalwil"", ""wikidata_id"":""Q68959""} ```",15.046777725219727
EXP-1928-08-15-a-i0065,663,671,Gattikon,Q22631161,LOC,NIL,Gattikon,"```json { ""wikipedia_page"": """", ""wikidata_id"": """" } ```",0
EXP-1928-08-15-a-i0065,1039,1045,WAENGI,Q68177,LOC,Q68177,Wängi,"```json {""wikipedia_page"":""Wängi"", ""wikidata_id"":""Q68177""} ```",14.713866233825684
EXP-1928-08-15-a-i0065,1136,1179,"M. Meier-Bâr, menuisier et ébéniste à Wângi",NIL,PER,Q1414373,,"{ ""wikipedia_page"": ""M. Meier-Bâr"", ""wikidata_id"": ""Q1414373"" }",12.275466918945312
EXP-1928-08-15-a-i0065,1181,1190,Thurgovie,Q12713,LOC,Q12713,canton de Thurgovie,,21.261165618896484
EXP-1928-08-15-a-i0065,1388,1392,MURI,Q69011,LOC,NIL,MURI,no,0
EXP-1928-08-15-a-i0065,1468,1472,Bùnz,Q366169,LOC,Q366169,Bünz,,18.346227645874023
EXP-1928-08-15-a-i0065,1477,1484,Argovie,Q11972,LOC,Q11972,canton d'Argovie,,22.90679931640625
EXP-1928-08-15-a-i0065,1619,1626,LUCERNE,Q4191,LOC,Q4191,Lucerne,,20.579730987548828
EXP-1928-08-15-a-i0065,1677,1684,Neudorf,Q7149,LOC,Q7149,Neudorf,,15.621066093444824
EXP-1928-08-15-a-i0065,2012,2022,BREMGARTEN,Q64139,LOC,Q64139,Bremgarten AG,,24.644569396972656
EXP-1928-08-15-a-i0065,2024,2031,Argovie,Q11972,LOC,Q11972,canton d'Argovie,,25.04753875732422
EXP-1928-08-15-a-i0065,2058,2064,Bunzen,Q64784,LOC,Q64784,Bünzen,,19.926280975341797
EXP-1928-08-15-a-i0065,2230,2243,Sièrre SIERRE,Q68297,LOC,Q68297,Sierre,,19.205476760864258
EXP-1928-08-15-a-i0065,2400,2406,Sierre,Q68297,LOC,Q68297,Sierre,,23.98332405090332
EXP-1928-08-15-a-i0065,2455,2513,"M. Troillet, Conseiller d'Etat, président de l'Association",NIL,PER,Q94816415,Maurice Troillet,,17.281883239746094
EXP-1928-08-15-a-i0065,2548,2574,"Mgr Biéler, évêque de Sion",Q15621564,PER,Q3292153,Marie-Nicolas-Silvestre Guillon,,18.652999877929688
EXP-1928-08-15-a-i0065,2665,2676,M. Troillet,NIL,PER,Q94816415,Maurice Troillet,,28.864166259765625
EXP-1928-08-15-a-i0065,2709,2745,"M. Gard, avocat, commissaire général",NIL,PER,NIL,"M. Gard, avocat, commissaire général",no,0
EXP-1928-08-15-a-i0065,2788,2794,Sierre,Q68297,LOC,Q68297,Sierre,,22.825225830078125
EXP-1928-08-15-a-i0065,2847,2853,Valais,Q834,LOC,Q834,canton du Valais,,21.19712257385254
EXP-1928-08-15-a-i0065,2949,2964,Val d'Anniviers,Q672472,LOC,Q672472,val d'Anniviers,,28.75542640686035
EXP-1928-08-15-a-i0065,2996,3019,municipalité de Vissoye,Q689112,LOC,Q689112,Vissoie,,20.68328094482422
EXP-1928-08-15-a-i0065,3044,3052,Grimentz,Q869551,LOC,Q869551,Grimentz,,24.95207977294922
EXP-1928-08-15-a-i0065,3074,3078,ORBE,Q68213,LOC,Q68213,Orbe,"```json {""wikipedia_page"": ""Orbe"", ""wikidata_id"": ""Q68213""} ```",12.591227531433105
EXP-1928-08-15-a-i0065,3219,3225,Signal,Q22389485,LOC,Q3483599,signal de Saint-Pierre,,15.82906436920166
GDL-1798-07-18-a-i0001,0,21,RÉPUBLIQUE HELVÉTIQUE,Q39,LOC,Q206696,République helvétique,,20.883699417114258
GDL-1798-07-18-a-i0001,90,105,Canton du Léman,Q676467,LOC,Q676467,canton du Léman,,24.232126235961914
GDL-1798-07-18-a-i0001,203,213,Directoire,Q219817,ORG,NIL,Directoire,```json {} ```,0
GDL-1798-07-18-a-i0001,381,391,Directoire,Q219817,ORG,NIL,Directoire,No.,0
GDL-1798-07-18-a-i0001,1128,1136,Secretan,Q2612972,PER,NIL,Secretan,no,0
GDL-1798-07-18-a-i0001,1138,1148,Ca * rrard,NIL,PER,NIL,Ca * rrard,No,0
GDL-1798-07-18-a-i0001,1150,1155,Huffi,NIL,PER,NIL,Huffi,no,0
GDL-1798-07-18-a-i0001,1157,1166,Bourgeois,NIL,PER,NIL,Bourgeois,no,0
GDL-1798-07-18-a-i0001,1169,1173,Haas,NIL,PER,NIL,Haas,no,0
GDL-1818-03-13-a-i0005,0,6,Suisse,Q39,LOC,Q39,Suisse,,17.48554801940918
GDL-1818-03-13-a-i0005,23,52,S. A. le prince ds Metternich,Q45662,PER,Q45662,Klemens Wenzel von Metternich,"```json { ""wikipedia_page"": ""Klemens Wenzel von Metternich"", ""wikidata_id"": ""Q45662"" } ```",8.529834747314453
GDL-1818-03-13-a-i0005,63,69,Vienne,Q1741,LOC,Q1741,Vienne,,22.819015502929688
GDL-1818-03-13-a-i0005,107,140,S. E. M. l'avoyer de V / aueville,Q117863,PER,NIL,S. E. M. l'avoyer de V / aueville,No,0
GDL-1818-03-13-a-i0005,229,254,M. le baron V ^ n Berchem,NIL,PER,Q1267992,Georg von Berchem,"Based on the provided text and the list of candidates, the entity mentioned between the [ENT] tags is **""[ENT] M. le baron V ^ n Berchem [ENT]""**. The most appropriate Wikidata entity from the list of candidates is **""Georg von Berchem""**. Here is the JSON-formatted answer: ```json {""wikipedia_page"":""Georg von Berchem"", ""wikidata_id"":""Q1267992""} ```",10.473654747009277
GDL-1818-03-13-a-i0005,1042,1047,Berne,Q70,LOC,Q70,Berne,,30.75849723815918
GDL-1818-03-13-a-i0005,1378,1385,Trieste,Q546,LOC,Q546,Trieste,,25.647058486938477
GDL-1818-03-13-a-i0005,1387,1396,Marseille,Q23482,LOC,Q23482,Marseille,,22.276704788208008
GDL-1818-03-13-a-i0005,1400,1408,Livourne,Q6761,LOC,Q6761,Livourne,,22.808399200439453
GDL-1818-03-13-a-i0005,1619,1641,M. le conseiller Luthy,Q23061106,PER,NIL,M. le conseiller Luthy,no,0
GDL-1818-03-13-a-i0005,1645,1652,Soleure,Q68965,LOC,Q68965,Soleure,,21.3619441986084
GDL-1818-03-13-a-i0005,1676,1680,Bâle,Q78,LOC,Q78,Bâle,,28.91655158996582
GDL-1818-03-13-a-i0005,1838,1852,canton de Bâle,Q660776,LOC,Q12172,canton de Bâle-Ville,,24.27320671081543
GDL-1818-03-13-a-i0005,1903,1910,Lucerne,Q12121,LOC,Q12121,canton de Lucerne,,20.12005615234375
GDL-1818-03-13-a-i0005,1917,1922,Berne,Q11911,LOC,Q70,Berne,,18.331296920776367
GDL-1818-03-13-a-i0005,1929,1937,lWrgovic,Q11972,LOC,NIL,lWrgovic,no,0
GDL-1818-03-13-a-i0005,2169,2177,St. Gall,Q12746,LOC,Q25607,Saint-Gall,,22.936336517333984
GDL-1818-03-13-a-i0005,2647,2656,Thurgovie,Q12713,LOC,Q12713,canton de Thurgovie,,17.390583038330078
GDL-1818-03-13-a-i0005,2803,2809,Genève,Q11917,LOC,Q71,Genève,,21.238834381103516
GDL-1818-03-13-a-i0005,3070,3074,Bâ'e,Q660776,LOC,Q1034,Bienne,,17.53551483154297
GDL-1818-03-13-a-i0005,3901,3907,France,Q142,LOC,Q142,France,,22.39570426940918
GDL-1818-03-13-a-i0005,4625,4649,prince Adam Jablonowiski,NIL,PER,Q1508148,famille Jabłonowski,,16.572603225708008
GDL-1818-03-13-a-i0005,4685,4693,Varsovie,Q270,LOC,Q270,Varsovie,,26.27787208557129
GDL-1818-03-13-a-i0005,4699,4706,Soleure,Q68965,LOC,Q68965,Soleure,,18.823444366455078
GDL-1818-03-13-a-i0005,4754,4771,général Koskiusko,Q191479,PER,Q191479,Tadeusz Kościuszko,,18.732025146484375
GDL-1818-03-13-a-i0005,4787,4791,Bâle,Q78,LOC,Q78,Bâle,,23.436359405517578
GDL-1818-03-13-a-i0005,4823,4828,Suède,Q34,LOC,NIL,Suède,no,0
GDL-1818-03-13-a-i0005,5278,5287,Ge : ièva,Q71,LOC,Q71,Genève,"```json {""wikipedia_page"":""Genève"", ""wikidata_id"":""Q71""} ```",7.386205673217773
GDL-1818-03-13-a-i0005,5529,5537,Hambourg,Q1055,LOC,Q1055,Hambourg,,18.4265079498291
GDL-1818-03-13-a-i0005,5565,5571,Genève,Q71,LOC,Q71,Genève,,15.965242385864258
GDL-1818-08-04-a-i0002,0,6,France,Q142,LOC,Q142,France,,20.386178970336914
GDL-1818-08-04-a-i0002,8,13,PARIS,Q90,LOC,Q90,Paris,,16.42728614807129
GDL-1818-08-04-a-i0002,99,108,Vitrolles,Q961254,LOC,Q205709,Vitrolles,,16.78324317932129
GDL-1818-08-04-a-i0002,274,294,générai ChapecUlaine,NIL,PER,Q3164603,Jean-Charles-Alphonse Avinain,,16.07371711730957
GDL-1818-08-04-a-i0002,362,368,France,Q142,LOC,Q142,France,,23.8348445892334
GDL-1818-08-04-a-i0002,507,516,Bonaparte,Q517,PER,Q517,Napoléon Ier,,21.214111328125
GDL-1818-08-04-a-i0002,580,594,général Canuel,Q3484236,PER,Q3484236,Simon Canuel,,23.67766571044922
GDL-1818-08-04-a-i0002,732,752,MM. de Chatetubriant,Q49767,PER,Q43034057,Geoffroy Louis de Chateaubriand,,18.218666076660156
GDL-1818-08-04-a-i0002,754,764,Dubouchage,Q3288135,PER,Q3309508,Michel Dubocage,,24.88127899169922
GDL-1818-08-04-a-i0002,766,776,Fitzjaraes,Q3580080,PER,Q24503205,"Yves, Joseph, Marie Frogerays",,21.067138671875
GDL-1818-08-04-a-i0002,779,787,Polignac,Q350613,PER,Q1247737,Melchior de Polignac,,23.252197265625
GDL-1818-08-04-a-i0002,877,888,-jH. Canuel,Q3484236,PER,NIL,-jH. Canuel,no,0
GDL-1818-08-04-a-i0002,918,987,"M. de Chabrol, ancien « fcii oMiïhonévBes ^ ûeV'OBCren prévôt de Lyon",Q2966514,PER,Q3270807,Léon Chabrol,,16.682640075683594
GDL-1818-08-04-a-i0002,1255,1261,Calais,Q6454,LOC,Q6454,Calais,,19.28028678894043
GDL-1818-08-04-a-i0002,1276,1285,Cambridge,Q350,LOC,Q35794,université de Cambridge,"Based on the provided input text and the given list of candidates, the entity mentioned between the [ENT] tags is likely referring to one of the following entities: 1. ""université de Cambridge"" - Wikipedia page: ""université de Cambridge"", Wikidata ID: ""Q35794"" 2. ""Cambridge"" - Wikipedia page: ""Cambridge"", Wikidata ID: ""Q49111"" 3. ""Charles Ier"" - Wikipedia page: ""Charles Ier"", Wikidata ID: ""Q81506"" Among these, the most appropriate Wikidata entity based on the context of the text is ""université de Cambridge"" (Wikipedia page title: ""université de Cambridge"", Wikidata ID: ""Q35794""). Therefore, the JSON response is: ```json {""wikipedia_page"": ""université de Cambridge"", ""wikidata_id"": ""Q35794""} ```",7.102632522583008
GDL-1818-08-04-a-i0002,1297,1301,Kent,Q67479626,LOC,NIL,Kent,no,0
GDL-1818-08-04-a-i0002,1314,1322,Clarence,NIL,LOC,NIL,Clarence,```json {} ```,0
GDL-1818-08-04-a-i0002,1327,1342,journal de Lyon,NIL,PROD,Q3001302,Courrier de Lyon,,21.205787658691406
GDL-1818-08-04-a-i0002,1388,1397,Vcrmaison,Q1385472,LOC,Q2889396,bataille de Mormaison,"```json { ""wikipedia_page"": ""bataille de Mormaison"", ""wikidata_id"": ""Q2889396"" } ```",10.386725425720215
GDL-1818-08-04-a-i0002,2448,2468,commune- de Marsannè,Q659785,LOC,Q659785,Marsanne,,15.754278182983398
GDL-1818-08-04-a-i0002,2470,2475,Drôme,Q3364,LOC,Q3364,Drôme,,26.737579345703125
GDL-1818-08-04-a-i0002,2738,2751,fille Bau-Mfd,NIL,PER,NIL,fille Bau-Mfd,```json {} ```,0
GDL-1818-08-04-a-i0002,3286,3294,St. Malo,Q163108,LOC,Q163108,Saint-Malo,,20.181198120117188
GDL-1818-08-04-a-i0002,3336,3346,% Domingue,Q861551,LOC,NIL,% Domingue,```json {} ```,0
GDL-1818-08-04-a-i0002,3386,3392,Pétion,Q353464,PER,Q353464,Alexandre Pétion,"{ ""wikipedia_page"": ""Alexandre Pétion"", ""wikidata_id"": ""Q353464"" }",10.85460376739502
GDL-1818-08-04-a-i0002,3527,3539,Chris-'tophe,Q353458,PER,Q353458,Henri Christophe,"```json {""wikipedia_page"":""Henri Christophe"", ""wikidata_id"":""Q353458""} ```",9.95346736907959
GDL-1818-08-04-a-i0002,3727,3732,Boyer,Q449421,PER,NIL,Boyer,no,0
GDL-1818-08-04-a-i0002,3736,3781,"M ^ le cardinal duc de Bayane, pair de France",Q1080412,PER,NIL,"M ^ le cardinal duc de Bayane, pair de France","""no""",0
GDL-1818-08-04-a-i0002,3824,3829,Paris,Q90,LOC,Q90,Paris,,17.13456916809082
GDL-1818-08-04-a-i0002,3948,3955,Pie Vil,Q124754,PER,Q101437,Pie II,,19.93250846862793
GDL-1818-08-04-a-i0002,4048,4060,aie de Corse,Q22011067,LOC,NIL,aie de Corse,```json {} ```,0
GDL-1818-08-04-a-i0002,4097,4104,Aiaccio,Q40104,LOC,Q40104,Ajaccio,,20.538095474243164
GDL-1818-08-04-a-i0002,4348,4354,France,Q142,LOC,Q142,France,,19.176359176635742
GDL-1818-08-04-a-i0002,4360,4366,Italie,Q38,LOC,Q38,Italie,,19.027427673339844
GDL-1818-08-04-a-i0002,4398,4403,Corse,Q22011067,LOC,Q14112,Corse,,21.457263946533203
GDL-1828-07-04-a-i0008,0,7,ESPAGNE,Q3399982,LOC,Q29,Espagne,"```json { ""wikipedia_page"": ""Espagne"", ""wikidata_id"": ""Q29"" } ```",8.111306190490723
GDL-1828-07-04-a-i0008,9,15,MADRID,Q2807,LOC,NIL,MADRID,```json {} ```,0
GDL-1828-07-04-a-i0008,77,83,Oporto,Q36433,LOC,NIL,Oporto,no,0
GDL-1828-07-04-a-i0008,169,179,don Miguel,Q310790,PER,Q5993568,Manuel López de Zúñiga y Sarmiento de Silva,,16.127641677856445
GDL-1828-07-04-a-i0008,226,231,Beira,NIL,LOC,NIL,Beira,no,0
GDL-1828-07-04-a-i0008,392,398,Oporto,Q36433,LOC,Q36433,Porto,,17.118087768554688
GDL-1828-07-04-a-i0008,406,413,Coïmbre,Q45412,LOC,Q45412,Coimbra,,24.215421676635742
GDL-1828-07-04-a-i0008,470,485,général Cadaval,NIL,PER,Q5600806,"Nuno Caetano Álvares Pereira de Melo, 6.º Duque de Cadaval",,18.786296844482422
GDL-1828-07-04-a-i0008,556,568,général Fons,NIL,PER,Q3261071,Louis Antoine François de Paule Des Balbes de Berton de Crillon,,17.428211212158203
GDL-1828-07-04-a-i0008,607,614,Coïmbre,Q45412,LOC,Q45412,Coimbra,,26.793235778808594
GDL-1828-07-04-a-i0008,791,799,Portugal,Q45670,LOC,Q45,Portugal,,20.08997344970703
GDL-1828-07-04-a-i0008,890,901,curé Mérino,Q9029811,PER,NIL,curé Mérino,no,0
GDL-1828-07-04-a-i0008,968,978,ddn Miguel,Q310790,PER,Q310790,Michel Ier de Portugal,"```json { ""wikipedia_page"": ""Miguel Ier de Portugal"", ""wikidata_id"": ""Q310790"" } ```",14.167360305786133
GDL-1828-07-04-a-i0008,1066,1074,Portugal,Q45670,LOC,Q45,Portugal,,22.01906967163086
GDL-1828-07-04-a-i0008,1385,1393,Portugal,Q45670,LOC,Q45,Portugal,,21.803268432617188
GDL-1828-07-04-a-i0008,1400,1406,FRANCE,Q142,LOC,Q142,France,,18.525012969970703
GDL-1828-07-04-a-i0008,1567,1573,France,Q142,LOC,Q142,France,,20.5006103515625
GDL-1828-07-04-a-i0008,1682,1693,M. Salverte,Q3061110,PER,Q2058470,Armand Silvestre,,19.106027603149414
GDL-1828-07-04-a-i0008,2606,2612,Suisse,Q39,LOC,Q39,Suisse,,19.72646713256836
GDL-1828-07-04-a-i0008,2890,2896,France,Q142,LOC,Q142,France,,19.518468856811523
GDL-1828-07-04-a-i0008,2993,3004,M. de Conny,Q20926228,PER,Q20936578,Édouard de Conny,,16.364696502685547
GDL-1828-07-04-a-i0008,3098,3104,France,Q142,LOC,Q142,France,,19.733896255493164
GDL-1828-07-04-a-i0008,3587,3593,France,Q142,LOC,Q142,France,,16.701858520507812
GDL-1828-07-04-a-i0008,3602,3610,Helvétie,Q39,LOC,Q206696,République helvétique,,19.75472640991211
GDL-1828-07-04-a-i0008,4101,4110,MARSEILLE,Q23482,LOC,Q23482,Marseille,,20.377811431884766
GDL-1828-07-04-a-i0008,4137,4142,Tunis,Q3572,LOC,Q3572,Tunis,,24.98641586303711
GDL-1828-07-04-a-i0008,4235,4242,Navarin,Q238440,LOC,Q238440,bataille de Navarin,,16.19606590270996
GDL-1828-07-04-a-i0008,4454,4461,Biserte,Q189546,LOC,Q189546,Bizerte,,21.878061294555664
GDL-1828-07-04-a-i0008,4664,4680,M. Blanche .-nay,NIL,PER,Q19521264,Alain Le Breton de la Plussinais,"Based on the input text and the provided list of candidates, the most appropriate Wikidata entity for the entity marked by [ENT] M. Blanche is: ```json {""wikipedia_page"": ""Alain Le Breton de la Plussinais"", ""wikidata_id"": ""Q19521264""} ``` Explanation: In the given text, ""M. Blanche"" is a person's name, and the most appropriate match from the candidates is ""Alain Le Breton de la Plussinais,"" who was an armateur and man politique français du XVIIIe siècle.",7.4302144050598145
GDL-1838-05-15-a-i0002,0,7,AFRIQUE,Q15,LOC,Q15,Afrique,,20.673463821411133
GDL-1838-05-15-a-i0002,52,61,deBelidah,Q216990,LOC,Q216990,Blida,,16.945804595947266
GDL-1838-05-15-a-i0002,128,134,France,Q142,LOC,Q218272,Algérie française,"```json { ""wikipedia_page"": ""Algérie française"", ""wikidata_id"": ""Q218272"" } ```",10.109516143798828
GDL-1838-05-15-a-i0002,139,153,maréchal Valée,Q1743317,PER,Q1743317,Sylvain Charles Valée,,23.884458541870117
GDL-1838-05-15-a-i0002,221,228,Bélidah,Q216990,LOC,Q216990,Blida,,22.4615421295166
GDL-1838-05-15-a-i0002,562,569,Bélidah,Q216990,LOC,Q216990,Blida,,22.10979461669922
GDL-1838-05-15-a-i0002,895,901,France,Q142,LOC,Q142,France,,16.700347900390625
GDL-1838-05-15-a-i0002,969,989,plaine de la Melidja,NIL,LOC,NIL,plaine de la Melidja,```json {} ```,0
GDL-1848-07-04-a-i0001,0,20,CONFÉDÉRATION SUISSE,Q39,LOC,Q435583,Ancienne Confédération suisse,"```json {""wikipedia_page"":""Ancienne Confédération suisse"", ""wikidata_id"":""Q435583""} ```",13.146976470947266
GDL-1848-07-04-a-i0001,22,39,DIÈTE l'ÉDÉIlA LE,Q250641,ORG,NIL,DIÈTE l'ÉDÉIlA LE,no,0
GDL-1848-07-04-a-i0001,389,422,Neuchâld SI. Gonzalve-Petitpierre,Q78068340,PER,Q12738,canton de Neuchâtel,,17.175682067871094
GDL-1848-07-04-a-i0001,1649,1669,Confédération Suisse,Q39,LOC,Q39,Suisse,,31.944204330444336
GDL-1848-07-04-a-i0001,1746,1752,Tessin,Q31008,LOC,Q3592370,Étienne Tassin,,22.879043579101562
GDL-1848-07-04-a-i0001,1873,1880,Argovie,Q11972,LOC,Q11972,canton d'Argovie,,23.93759536743164
GDL-1848-07-04-a-i0001,2127,2144,conseil des Etals,Q609037,ORG,Q609037,Conseil des États,"Based on the analysis of the provided text, the entity mentioned between the [ENT] tags is related to the ""Conseil des États"" (Council of States). This is the upper house of the Swiss Federal Assembly. The JSON response for the disambiguated entity is: ```json {""wikipedia_page"": ""Conseil des États"", ""wikidata_id"": ""Q609037""} ```",14.642696380615234
GDL-1848-07-04-a-i0001,2283,2289,Zurich,Q11943,LOC,Q72,Zurich,,22.063112258911133
GDL-1848-07-04-a-i0001,2541,2547,Suisse,Q39,LOC,Q39,Suisse,,21.97650909423828
GDL-1848-07-04-a-i0001,2577,2583,Europe,Q46,LOC,Q46,Europe,,21.51877784729004
GDL-1848-07-04-a-i0001,2609,2615,Luceme,Q12121,LOC,Q13103816,Lucien Clement,,16.29458236694336
GDL-1848-07-04-a-i0001,2732,2743,fiàle-ville,Q12172,LOC,NIL,fiàle-ville,no,0
GDL-1848-07-04-a-i0001,2944,2952,Scliwylz,Q12433,LOC,Q772409,Antoine-Elisée Cherbuliez,,18.71977996826172
GDL-1848-07-04-a-i0001,3009,3015,Glatis,Q63912,LOC,Q3102777,Georges Glatz,,16.986818313598633
GDL-1848-07-04-a-i0001,3034,3040,Suisse,Q39,LOC,Q39,Suisse,,19.64630126953125
GDL-1848-07-04-a-i0001,3112,3118,Genève,Q11917,LOC,Q71,Genève,"```json {""wikipedia_page"":""Genève"", ""wikidata_id"":""Q71""} ```",14.49746322631836
GDL-1848-07-04-a-i0001,3120,3130,M. Aimeras,Q2643720,PER,Q96625102,Guillermo Almeyra Casares,,19.396738052368164
GDL-1848-07-04-a-i0001,3530,3536,Genève,Q11917,LOC,Q11917,canton de Genève,,17.605390548706055
GDL-1848-07-04-a-i0001,3668,3675,Grisons,Q11925,LOC,Q3102806,Georges Grison,,21.677837371826172
GDL-1848-07-04-a-i0001,3743,3747,fond,Q12771,LOC,NIL,fond,no,0
GDL-1848-07-04-a-i0001,3777,3791,canton de Vaud,Q12771,LOC,Q12771,canton de Vaud,,27.503795623779297
GDL-1848-07-04-a-i0001,4084,4094,Sonderbund,Q672595,ORG,Q672595,Sonderbund,,20.393321990966797
GDL-1848-07-04-a-i0001,4166,4172,Suisse,Q39,LOC,Q39,Suisse,,19.24651336669922
GDL-1848-07-04-a-i0001,4333,4342,Thurgovie,Q12713,LOC,Q12713,canton de Thurgovie,,21.12940788269043
GDL-1848-07-04-a-i0001,4392,4398,Palais,Q834,LOC,NIL,Palais,no,0
GDL-1848-07-04-a-i0001,4436,4441,Berne,Q11911,ORG,Q70,Berne,,21.942758560180664
GDL-1848-07-04-a-i0001,4724,4730,Zurich,Q11943,LOC,Q11943,canton de Zurich,,21.82878303527832
GDL-1848-07-04-a-i0001,4732,4739,Solaire,Q11929,LOC,NIL,Solaire,```json {} ```,0
GDL-1848-07-04-a-i0001,4741,4753,Schaff Iwtme,Q12697,LOC,Q12697,canton de Schaffhouse,,16.544391632080078
GDL-1848-07-04-a-i0001,4755,4762,St-Gall,Q12746,LOC,Q12746,canton de Saint-Gall,,22.66264533996582
GDL-1848-07-04-a-i0001,4764,4771,Argovie,Q11972,LOC,Q11972,canton d'Argovie,,22.982757568359375
GDL-1848-07-04-a-i0001,4773,4779,Valais,Q834,LOC,Q834,canton du Valais,,21.229883193969727
GDL-1848-07-04-a-i0001,4781,4788,Gerièue,Q11917,LOC,Q388306,district de la Gruyère,,15.724686622619629
GDL-1848-07-04-a-i0001,4790,4799,Thurgovie,Q12713,LOC,Q12713,canton de Thurgovie,,23.923629760742188
GDL-1848-07-04-a-i0001,4801,4809,Gri sons,Q11925,LOC,Q11925,canton des Grisons,,18.776296615600586
GDL-1848-07-04-a-i0001,4811,4824,Baie campagne,Q12146,LOC,Q12146,canton de Bâle-Campagne,"```json {""wikipedia_page"":""canton de Bâle-Campagne"",""wikidata_id"":""Q12146""} ```",13.569718360900879
GDL-1848-07-04-a-i0001,4826,4834,Fribourg,Q12640,LOC,Q12640,canton de Fribourg,,24.092350006103516
GDL-1848-07-04-a-i0001,4836,4842,Glaris,Q11922,LOC,Q11922,canton de Glaris,,19.85442543029785
GDL-1848-07-04-a-i0001,4844,4850,Luceme,Q12121,LOC,Q32,Luxembourg,,15.462668418884277
GDL-1848-07-04-a-i0001,4854,4857,Zug,Q11933,LOC,Q11933,canton de Zoug,,21.281137466430664
GDL-1848-07-04-a-i0001,4859,4868,Neuchâlel,Q12738,LOC,Q12738,canton de Neuchâtel,,24.095317840576172
GDL-1848-07-04-a-i0001,4870,4880,Bàle-ville,Q12172,LOC,Q78,Bâle,,20.9420223236084
GDL-1848-07-04-a-i0001,4884,4888,Vaud,Q12771,LOC,Q12771,canton de Vaud,,21.830068588256836
GDL-1848-07-04-a-i0001,4913,4920,Schwylz,Q12433,LOC,Q12433,canton de Schwytz,,19.350990295410156
GDL-1848-07-04-a-i0001,4949,4952,Uri,Q12404,LOC,Q12404,canton d'Uri,,19.84316635131836
GDL-1848-07-04-a-i0001,4954,4965,Unlerwalden,Q214069,LOC,Q12573,canton d'Obwald,,19.27997398376465
GDL-1848-07-04-a-i0001,4969,4988,Appenzell-intérieur,Q12094,LOC,Q12094,canton d'Appenzell Rhodes-Intérieures,,25.424104690551758
GDL-1848-07-04-a-i0001,5180,5185,Berne,Q11911,LOC,Q11911,canton de Berne,,24.79004669189453
GDL-1848-07-04-a-i0001,5254,5264,Bàle-ville,Q12172,LOC,Q12172,canton de Bâle-Ville,,19.871366500854492
GDL-1848-07-04-a-i0001,5266,5271,Berne,Q11911,LOC,Q11911,canton de Berne,,19.87088966369629
GDL-1848-07-04-a-i0001,5275,5281,Genève,Q11917,LOC,Q11917,canton de Genève,,17.53312873840332
GDL-1848-07-04-a-i0001,5283,5288,Berne,Q11911,LOC,Q11911,canton de Berne,,20.800209045410156
GDL-1848-07-04-a-i0001,5615,5621,Europe,Q46,LOC,Q46,Europe,,19.960838317871094
GDL-1848-07-04-a-i0001,5666,5672,Suisse,Q39,LOC,Q39,Suisse,,20.572437286376953
GDL-1848-07-04-a-i0001,5931,5938,GRISONS,Q11925,LOC,Q11925,canton des Grisons,"Based on the provided text and the list of Wikidata candidates, the most appropriate entity mentioned between the [ENT] tags is ""Grisons"". Therefore, the corresponding Wikipedia page title and Wikidata ID are as follows: ```json { ""wikipedia_page"": ""canton des Grisons"", ""wikidata_id"": ""Q11925"" } ```",15.217850685119629
GDL-1848-07-04-a-i0001,5940,5945,Cornu,Q69007,LOC,Q70479,Cornaux,,20.444705963134766
GDL-1848-07-04-a-i0001,6476,6481,Tyrol,Q16543832,LOC,Q153809,Tyrol,,16.712820053100586
GDL-1848-07-04-a-i0001,6491,6501,Luinbardie,Q1210,LOC,NIL,Luinbardie,no,0
GDL-1848-07-04-a-i0001,7166,7220,"M. Albertmi de Ponte, président du gouvernement actuel",Q42314535,PER,NIL,"M. Albertmi de Ponte, président du gouvernement actuel","```json {""wikipedia_page"":""Albertmi de Ponte"", ""wikidata_id"":""""} ```",0
GDL-1848-07-04-a-i0001,7460,7464,Rhin,Q584,LOC,Q584,Rhin,,21.99486541748047
GDL-1848-07-04-a-i0001,7701,7706,BERNE,Q11911,LOC,Q70,Berne,,24.923442840576172
GDL-1848-07-04-a-i0001,7783,7789,Vororl,Q687312,ORG,Q38981,Vorarlberg,"```json {""wikipedia_page"":""Vorarlberg"", ""wikidata_id"":""Q38981""} ```",13.660966873168945
GDL-1848-07-04-a-i0001,7872,7896,MM. 'Ochsenbeinet Tiller,NIL,PER,Q3175829,Jean du Tillet de La Bussière,"```json {""wikipedia_page"":""Jean du Tillet de La Bussière"", ""wikidata_id"":""Q3175829""} ```",13.012592315673828
GDL-1848-07-04-a-i0001,7955,7976,M. le comte lleinhart,Q15968796,PER,NIL,M. le comte lleinhart,```json {} ```,0
GDL-1848-07-04-a-i0001,8050,8056,Suisse,Q39,LOC,Q39,Suisse,,22.369667053222656
GDL-1848-07-04-a-i0001,8155,8159,Saxe,Q153015,LOC,Q1202,Saxe,,18.753211975097656
GDL-1848-07-04-a-i0001,8181,8187,Suisse,Q39,LOC,Q39,Suisse,,17.58326530456543
GDL-1848-07-04-a-i0001,8284,8294,M. Eénélon,NIL,PER,Q16664354,Michel Étiévant,"Based on the provided input text, the entity between the [ENT] tags is ""M. Éénélon"". After reviewing the list of candidates, the closest match is ""Michel Étiévant"". Therefore, the JSON response is: ```json {""wikipedia_page"":""Michel Étiévant"", ""wikidata_id"":""Q16664354""} ```",11.48083209991455
GDL-1848-07-04-a-i0001,8298,8307,M. Thiard,Q789734,PER,NIL,M. Thiard,no,0
GDL-1848-07-04-a-i0001,8359,8367,FIUBOUKG,Q12640,LOC,NIL,FIUBOUKG,```json {} ```,0
GDL-1848-07-04-a-i0001,9283,9290,JNeyruz,Q66466,LOC,NIL,JNeyruz,```json {} ```,0
GDL-1848-07-04-a-i0001,9717,9739,MM. le docleur Bussard,Q18683241,PER,NIL,MM. le docleur Bussard,```json {} ```,0
GDL-1848-07-04-a-i0001,9743,9812,"Castela, membre du conseil d'Etat et directeur de la police cantonale",Q15621773,PER,Q51023032,Didier Castella,"```json { ""wikipedia_page"": ""Didier Castella"", ""wikidata_id"": ""Q51023032"" } ```",14.150557518005371
GDL-1848-07-04-a-i0001,9838,9867,"M. Thorin, préfet de Fribourg",Q15663331,PER,NIL,"M. Thorin, préfet de Fribourg",no,0
GDL-1848-07-04-a-i0001,9898,9912,conseil d'Etat,Q2717001,ORG,NIL,conseil d'Etat,```json {} ```,0
GDL-1848-07-04-a-i0001,9932,9959,"M. Chalonay, démissionnaire",NIL,PER,Q11301678,Emile Delannoy,,17.943166732788086
GDL-1848-07-04-a-i0001,9961,9978,M. Abram Fasnacht,NIL,PER,Q108217774,Franciscus Alban,"```json { ""wikipedia_page"": ""Franciscus Alban"", ""wikidata_id"": ""Q108217774"" } ```",13.47218132019043
GDL-1848-07-04-a-i0001,10037,10046,M. Thorin,Q15663331,PER,NIL,M. Thorin,```json {} ```,0
GDL-1848-07-04-a-i0001,10223,10245,district de la St-Gine,Q645585,LOC,Q645585,district de la Singine,"Given the input text and the provided list of candidates, I have analyzed the entities marked with [ENT] tags. The entities mentioned are ""district de la St-Gine"" and ""district de la Singine."" The most appropriate Wikidata entity for ""district de la St-Gine"" is: - Wikipedia page: District de la Singine - Wikidata ID: Q645585 The most appropriate Wikidata entity for ""district de la Singine"" is: - Wikipedia page: District de la Singine - Wikidata ID: Q645585 Based on the analysis, the JSON-formatted answer is: ```json {""wikipedia_page"": ""District de la Singine"", ""wikidata_id"": ""Q645585""} ```",12.453654289245605
GDL-1848-07-04-a-i0001,10798,10812,conseil d'Elat,Q2717001,ORG,Q23782160,conseil départemental du Lot,,17.675966262817383
GDL-1848-07-04-a-i0001,11169,11175,GENÈVE,Q11917,LOC,Q71,Genève,,25.645652770996094
GDL-1848-07-04-a-i0001,11271,11312,"M. Fallot, imprimeur du Journal de Genève",NIL,PER,Q3070990,Feuille d'avis officielle de la République et canton de Genève,,16.787649154663086
GDL-1848-07-04-a-i0001,11318,11362,"M. Jaquemot, imprimeur dé la Voix Catholique",NIL,PER,Q56318259,Comité catholique de propagande française,,17.564422607421875
GDL-1848-07-04-a-i0001,11441,11447,Tessin,Q31008,LOC,Q12724,canton du Tessin,,21.819812774658203
GDL-1848-07-04-a-i0001,11546,11556,Sonderbund,Q672595,ORG,Q672595,Sonderbund,,21.17871856689453
GDL-1848-07-04-a-i0001,11617,11623,Vienne,Q1741,LOC,Q1741,Vienne,,21.320714950561523
GDL-1848-07-04-a-i0001,11697,11703,Glaris,Q11922,LOC,Q63912,Glaris,,20.98842430114746
GDL-1848-07-04-a-i0001,11850,11856,Vienne,Q1741,LOC,Q1741,Vienne,,17.26367950439453
GDL-1848-07-04-a-i0001,11862,11868,Zurich,Q11943,LOC,Q72,Zurich,,21.588768005371094
GDL-1848-07-04-a-i0001,11952,11959,Lucerne,Q12121,LOC,Q4191,Lucerne,,20.777681350708008
GDL-1848-07-04-a-i0001,12090,12097,Schwylz,Q12433,LOC,Q68155,Schwytz,,17.475038528442383
GDL-1848-07-04-a-i0001,12118,12161,redoutédesbaleliersdulae des Quatre-Cantons,Q14381,LOC,NIL,redoutédesbaleliersdulae des Quatre-Cantons,No.,0
GDL-1848-07-04-a-i0001,12208,12228,vallée de la Jluotha,Q66069,LOC,Q675178,vallée de Joux,"```json { ""wikipedia_page"": ""vallée de Joux"", ""wikidata_id"": ""Q675178"" } ```",11.790093421936035
GDL-1848-07-04-a-i0001,12343,12350,Argovie,Q11972,LOC,Q11972,canton d'Argovie,,16.45529556274414
GDL-1848-07-04-a-i0001,12430,12515,"Henri Zschokke, cet aimable et infatigable écrivain, l'ami et l'instituteur du peuple",Q66207,PER,Q66207,Johann Heinrich Daniel Zschokke,,16.0826358795166
GDL-1848-07-04-a-i0001,12541,12545,Arau,Q14274,LOC,Q14274,Aarau,,18.28723907470703
GDL-1848-07-04-a-i0001,12587,12595,LAESANMÎ,Q807,LOC,NIL,LAESANMÎ,```json {} ```,0
GDL-1848-07-04-a-i0001,12612,12626,conseil d'Etat,Q662792,ORG,Q662792,Conseil d'État du canton de Vaud,"Based on the analysis of the input text, the entity marked by [ENT] tags is ""Conseil d'État"". The most appropriate Wikidata entity from the given list of candidates is: ```json {""wikipedia_page"": ""Conseil d'État"", ""wikidata_id"": ""Q662792""} ```",9.476481437683105
GDL-1848-07-04-a-i0001,12704,12715,M. Fornerod,Q116978,PER,Q2839378,Aloÿs Fornerod,,19.32883644104004
GDL-1848-07-04-a-i0001,12719,12733,conseil d'Elat,Q662792,ORG,Q23782160,conseil départemental du Lot,,15.754874229431152
GDL-1848-07-04-a-i0001,12759,12774,M. Guex-Gaudard,NIL,PER,Q2871207,Auguste Gougeard,,20.757856369018555
GDL-1848-07-04-a-i0001,12876,12892,canton de VpûdV',Q12771,LOC,NIL,canton de VpûdV',no,0
GDL-1848-07-04-a-i0001,13169,13175,France,Q142,LOC,Q142,France,,17.210206985473633
GDL-1848-07-04-a-i0001,13885,13891,France,Q142,LOC,Q142,France,,16.552698135375977
GDL-1848-10-03-a-i0001,0,20,CONFÉDÉRATION SUISSE,Q39,LOC,Q39,Suisse,,19.770790100097656
GDL-1848-10-03-a-i0001,22,27,BERNE,Q11911,LOC,Q70,Berne,,24.014619827270508
GDL-1848-10-03-a-i0001,32,42,Directoire,Q219817,ORG,Q219817,Directoire,"Based on the provided text and the list of candidates, the entity mentioned between the [ENT] tags is likely ""Directoire"", which is a political regime in France from 1795 to 1799. Here is the JSON response: ```json { ""wikipedia_page"": ""Directoire"", ""wikidata_id"": ""Q219817"" } ```",11.694982528686523
GDL-1848-10-03-a-i0001,372,378,Zurich,Q11943,LOC,Q72,Zurich,,19.463748931884766
GDL-1848-10-03-a-i0001,380,390,Bàle-ville,Q12172,LOC,Q78,Bâle,"```json { ""wikipedia_page"": ""Bâle"", ""wikidata_id"": ""Q78"" } ```",12.499382972717285
GDL-1848-10-03-a-i0001,788,800,Trachselwald,Q661104,LOC,Q67086,Trachselwald,,17.864444732666016
GDL-1848-10-03-a-i0001,805,811,Signau,Q661807,LOC,Q67289,Signau,,17.09234619140625
GDL-1848-10-03-a-i0001,818,829,Konolfingen,Q661300,LOC,Q66211,Konolfingen,,19.176076889038086
GDL-1848-10-03-a-i0001,859,896,Emmenthal MM. l'ancien avoyer Neubaus,Q1732469,PER,NIL,Emmenthal MM. l'ancien avoyer Neubaus,no,0
GDL-1848-10-03-a-i0001,902,924,conseillers Oehsenbein,Q558011,PER,NIL,conseillers Oehsenbein,"Based on the given input text and the list of candidates, the entities mentioned between the [ENT] tags are ""Oehsenbein"" and ""Slajmpfly"". From the list of candidates, neither ""Oehsenbein"" nor ""Slajmpfly"" is found. Therefore, the most appropriate response would be an empty JSON object: ```json {} ```",0
GDL-1848-10-03-a-i0001,928,937,Slajmpfly,Q662344,PER,Q662344,Jakob Stämpfli,,17.19045066833496
GDL-1848-10-03-a-i0001,1042,1049,Aarberg,Q64113,LOC,Q64113,Aarberg,,28.74631118774414
GDL-1848-10-03-a-i0001,1105,1112,Seeland,Q691156,LOC,Q2265231,Seeland,,16.052865982055664
GDL-1848-10-03-a-i0001,1128,1133,Berne,Q70,LOC,Q70,Berne,,28.717924118041992
GDL-1848-10-03-a-i0001,1280,1297,conseil des Etats,Q609037,ORG,Q609037,Conseil des États,,19.264921188354492
GDL-1848-10-03-a-i0001,1327,1342,conseil fédéral,Q30917,ORG,Q30917,Conseil fédéral,,20.400747299194336
GDL-1848-10-03-a-i0001,1360,1379,hôtel de la Monnaie,NIL,LOC,Q1728061,,,26.46442413330078
GDL-1848-10-03-a-i0001,1386,1400,bataillon Benz,NIL,ORG,Q2891003,Bataillon de montagne du Wurtemberg,"```json { ""wikipedia_page"": ""Bataillon de montagne du Wurtemberg"", ""wikidata_id"": ""Q2891003"" } ```",12.655344009399414
GDL-1848-10-03-a-i0001,1405,1411,Zurich,Q11943,LOC,Q72,Zurich,,20.629135131835938
GDL-1848-10-03-a-i0001,1419,1433,bataillon Fiih,NIL,ORG,NIL,bataillon Fiih,"Based on the provided text and the list of candidates, the [ENT] entity mentioned in the text appears to be ""Bataillon Fiih"" or ""Bataillon Fih,"" which seems to refer to a military unit. However, none of the provided candidates directly match this exact name. Therefore, the most appropriate response would be to return an empty JSON object, indicating that none of the candidates match the entity tagged with [ENT] with high confidence. ```json {} ```",0
GDL-1848-10-03-a-i0001,1438,1445,Sl-Gall,Q12746,LOC,Q12746,canton de Saint-Gall,,17.632736206054688
GDL-1848-10-03-a-i0001,1535,1541,Tessin,Q31008,LOC,Q12724,canton du Tessin,,20.83061408996582
GDL-1848-10-03-a-i0001,1582,1592,Bellinzone,Q64044,LOC,Q64044,Bellinzone,,23.313432693481445
GDL-1848-10-03-a-i0001,1596,1630,MM. les anciens landammann Abyberg,Q1311183,PER,NIL,MM. les anciens landammann Abyberg,```json {} ```,0
GDL-1848-10-03-a-i0001,1634,1642,Holdener,Q21294690,PER,Q21294689,Fridolin Holdener,"Based on the provided text, the entity mentioned between the [ENT] tags is likely ""Fridolin Holdener"". The most appropriate Wikidata entity from the given list of candidates is: ```json { ""wikipedia_page"": ""Fridolin Holdener"", ""wikidata_id"": ""Q21294689"" } ```",12.308741569519043
GDL-1848-10-03-a-i0001,1647,1654,Schwyiz,Q12433,LOC,Q68155,Schwytz,"```json { ""wikipedia_page"": ""Schwyiz"", ""wikidata_id"": ""Q68155"" } ```",15.162534713745117
GDL-1848-10-03-a-i0001,1759,1767,Inspruck,Q1735,LOC,Q1735,Innsbruck,,20.07292938232422
GDL-1848-10-03-a-i0001,1850,1857,Messine,Q13666,LOC,Q13666,Messine,,24.82447052001953
GDL-1848-10-03-a-i0001,1859,1872,M. Gonzenbacb,NIL,PER,Q98807002,Hans Jakob Gonzenbach,,16.729265213012695
GDL-1848-10-03-a-i0001,2022,2029,Messine,Q13666,LOC,Q13666,Messine,,23.59044075012207
GDL-1848-10-03-a-i0001,2105,2112,Païenne,Q2656,LOC,Q2751,Sienne,"```json { ""wikipedia_page"": ""Sienne"", ""wikidata_id"": ""Q2751"" } ```",15.438957214355469
GDL-1848-10-03-a-i0001,3308,3319,rue Giudeca,Q21167359,LOC,Q104534047,rue Judaïque,,17.581710815429688
GDL-1848-10-03-a-i0001,3324,3338,faubourg Zaera,NIL,LOC,NIL,faubourg Zaera,no,0
GDL-1848-10-03-a-i0001,3346,3368,deux villages de Gazzi,Q2183964,LOC,NIL,deux villages de Gazzi,no,0
GDL-1848-10-03-a-i0001,3375,3383,Conlessa,Q490808,LOC,Q57096,Concise,,19.582645416259766
GDL-1848-10-03-a-i0001,3417,3424,Calania,Q1903,LOC,Q18229597,Calanca,,18.709880828857422
GDL-1848-10-03-a-i0001,3490,3506,ville de Messine,Q13666,LOC,Q13666,Messine,,18.33403778076172
GDL-1848-10-03-a-i0001,3658,3671,M. Gonzenbacb,NIL,PER,NIL,M. Gonzenbacb,no,0
GDL-1848-10-03-a-i0001,3759,3785,"M. Jacques Zwiki, brasseur",NIL,PER,NIL,"M. Jacques Zwiki, brasseur",no,0
GDL-1848-10-03-a-i0001,3918,3930,MM. Colondre,NIL,PER,NIL,MM. Colondre,no,0
GDL-1848-10-03-a-i0001,3990,4009,M. Valenlin Schaber,NIL,PER,NIL,M. Valenlin Schaber,no,0
GDL-1848-10-03-a-i0001,4125,4144,MM. A. Diernwachter,NIL,PER,NIL,MM. A. Diernwachter,no,0
GDL-1848-10-03-a-i0001,4148,4190,"Henri lirunner, possesseurs d'une fabrique",NIL,PER,NIL,"Henri lirunner, possesseurs d'une fabrique",no,0
GDL-1848-10-03-a-i0001,4253,4270,M. Jacques Signer,NIL,PER,Q78071359,Jakob Signer,,17.35331916809082
GDL-1848-10-03-a-i0001,4311,4327,M. Jacques Ruegg,NIL,PER,Q123134,Roger Schütz,,15.638253211975098
GDL-1848-10-03-a-i0001,4550,4555,Berne,Q11911,LOC,Q70,Berne,,27.896408081054688
GDL-1848-10-03-a-i0001,4638,4643,Berne,Q11911,LOC,Q11911,canton de Berne,,21.8791561126709
GDL-1848-10-03-a-i0001,4759,4765,Suisse,Q39,LOC,Q39,Suisse,,16.75357437133789
GDL-1848-10-03-a-i0001,4829,4848,grand duché de Bade,Q186320,LOC,Q186320,grand-duché de Bade,,19.105384826660156
GDL-1848-10-03-a-i0001,4925,4931,Suisse,Q39,LOC,Q39,Suisse,,19.161113739013672
GDL-1848-10-03-a-i0001,5189,5250,"organe de l'envoyé du pouvoir central germanique, M. lïaveaux",Q1448649,PER,NIL,"organe de l'envoyé du pouvoir central germanique, M. lïaveaux","```json {""wikipedia_page"":"""", ""wikidata_id"":""""} ```",0
GDL-1848-10-03-a-i0001,5517,5523,Suisse,Q39,LOC,Q39,Suisse,,17.24568748474121
GDL-1848-10-03-a-i0001,5542,5551,Francfort,Q1794,LOC,Q1794,Francfort-sur-le-Main,,26.5224609375
GDL-1848-10-03-a-i0001,5562,5569,Cologne,Q365,LOC,Q365,Cologne,,26.466739654541016
GDL-1848-10-03-a-i0001,5656,5661,Berne,Q70,LOC,Q70,Berne,,27.692712783813477
GDL-1848-10-03-a-i0001,5812,5820,Radelzki,Q153500,PER,Q153500,Joseph Radetzky,,20.9611759185791
GDL-1848-10-03-a-i0001,5973,5982,Lombardie,Q1210,LOC,Q1210,Lombardie,,18.94585609436035
GDL-1848-10-03-a-i0001,6161,6167,Tessin,Q31008,LOC,Q12724,canton du Tessin,,17.91047477722168
GDL-1848-10-03-a-i0001,6370,6376,Vienne,Q1741,LOC,Q1741,Vienne,,21.194944381713867
GDL-1848-10-03-a-i0001,6411,6421,Directoire,Q219817,ORG,NIL,Directoire,No,0
GDL-1848-10-03-a-i0001,7258,7264,Konitz,Q64058,LOC,NIL,Konitz,```json {} ```,0
GDL-1848-10-03-a-i0001,7311,7321,Ochsenbein,Q558011,PER,Q558011,Ulrich Ochsenbein,,20.113889694213867
GDL-1848-10-03-a-i0001,7323,7328,Funek,NIL,PER,Q112303183,Alois Fulneczek,,15.835565567016602
GDL-1848-10-03-a-i0001,7330,7340,Imobersteg,NIL,PER,Q18626136,Jakob Imobersteg,,17.995040893554688
GDL-1848-10-03-a-i0001,7342,7353,D Schneider,NIL,PER,NIL,D Schneider,no,0
GDL-1848-10-03-a-i0001,7355,7367,D Wyttenbach,NIL,PER,NIL,D Wyttenbach,no,0
GDL-1848-10-03-a-i0001,7574,7595,ancien avoyer Neuhaus,Q1732469,PER,Q3052526,Emmanuel-Michel-Bertrand-Gaspard Neuhaus,"Based on the provided input text, the entity mentioned between the [ENT] tags is ""ancien avoyer Neuhaus"". Among the given candidates, the most suitable Wikidata entity is: ```json {""wikipedia_page"": ""Emmanuel-Michel-Bertrand-Gaspard Neuhaus"", ""wikidata_id"": ""Q3052526""} ```",10.287511825561523
GDL-1848-10-03-a-i0001,7973,7977,Jura,Q12755,LOC,Q12755,canton du Jura,,19.333473205566406
GDL-1848-10-03-a-i0001,8217,8303,"M. Migy, juge d'appel, ancien commissaire fédéral dans le canton d'Uri et de Neuchàtel",Q2061299,PER,Q1510511,canton de Marcilly-le-Hayer,,15.674846649169922
GDL-1858-07-12-a-i0002,22,28,FRANGE,Q142,LOC,Q142,France,,16.275508880615234
GDL-1858-07-12-a-i0002,65,72,Gazette,Q3099751,PROD,Q2306879,La Gazette,,17.941640853881836
GDL-1858-07-12-a-i0002,75,80,Paris,Q90,LOC,Q90,Paris,,21.025955200195312
GDL-1858-07-12-a-i0002,230,240,Angleterre,Q21,LOC,Q21,Angleterre,,18.43091583251953
GDL-1858-07-12-a-i0002,254,264,Cher bourg,Q3667188,LOC,Q160199,Cherbourg-Octeville,,22.366878509521484
GDL-1858-07-12-a-i0002,270,278,Moniteur,Q1410997,PROD,Q590961,Le Moniteur,"```json { ""wikipedia_page"": ""Le Moniteur"", ""wikidata_id"": ""Q590961"" } ```",13.374825477600098
GDL-1858-07-12-a-i0002,356,370,reine Victoria,Q9439,PER,Q9439,Victoria,,23.695098876953125
GDL-1858-07-12-a-i0002,381,390,Cherbourg,Q3667188,LOC,Q160199,Cherbourg-Octeville,,25.20883560180664
GDL-1858-07-12-a-i0002,428,442,M. de Persigny,Q3174556,PER,Q3174556,Victor de Persigny,,18.147907257080078
GDL-1858-07-12-a-i0002,552,557,Paris,Q90,LOC,Q90,Paris,,20.198640823364258
GDL-1858-07-12-a-i0002,605,615,Angleterre,Q21,LOC,Q21,Angleterre,,16.966930389404297
GDL-1858-07-12-a-i0002,654,662,Moniteur,Q1410997,PROD,Q3224741,Le Moniteur de Seine-et-Marne,,15.587000846862793
GDL-1858-07-12-a-i0002,722,728,France,Q142,LOC,Q142,France,,20.26917266845703
GDL-1858-07-12-a-i0002,1435,1449,reine Victoria,Q9439,PER,Q9439,Victoria,,26.058849334716797
GDL-1858-07-12-a-i0002,1470,1485,Lord Malmesbury,Q321003,PER,Q333555,James Harris,,21.94879150390625
GDL-1858-07-12-a-i0002,1487,1497,lord Derby,Q237829,PER,Q332789,Edward Stanley,,16.74677848815918
GDL-1858-07-12-a-i0002,1501,1512,M. Disraeli,Q82006,PER,Q82006,Benjamin Disraeli,,19.69552993774414
GDL-1858-07-12-a-i0002,1536,1544,Malakoff,Q128764,LOC,Q253721,Malakoff,"```json {""wikipedia_page"":""Malakoff"", ""wikidata_id"":""Q253721""} ```",14.312569618225098
GDL-1858-07-12-a-i0002,1632,1654,M le comte de Walewski,Q435375,PER,Q2848798,André Walewski,"```json { ""wikipedia_page"": ""André Walewski"", ""wikidata_id"": ""Q2848798"" } ```",11.489725112915039
GDL-1858-07-12-a-i0002,1730,1748,château d'Eliolles,Q81711098,LOC,Q2968237,château d'Eyjeaux,,16.863441467285156
GDL-1858-07-12-a-i0002,2038,2042,Nord,NIL,PROD,NIL,Nord,```json {} ```,0
GDL-1858-07-12-a-i0002,2117,2135,Indépendance belge,Q25381777,PROD,Q7217745,problèmes communautaires en Belgique,,16.965240478515625
GDL-1858-07-12-a-i0002,2740,2748,Moldavie,Q18366588,LOC,Q217,Moldavie,,21.0826473236084
GDL-1858-07-12-a-i0002,2755,2763,Valachie,Q171393,LOC,Q389004,principauté de Valachie,,22.040788650512695
GDL-1858-07-12-a-i0002,3041,3056,prince Napoléon,Q7721,PER,Q7723,Napoléon II,,20.72429084777832
GDL-1858-07-12-a-i0002,3116,3123,Limoges,Q45656,LOC,Q45656,Limoges,,24.26043701171875
GDL-1858-07-12-a-i0002,3162,3170,Bordeaux,Q1479,LOC,Q1479,Bordeaux,,23.466007232666016
GDL-1858-07-12-a-i0002,3313,3335,Morning des Adoerliser,Q6912784,PROD,Q520261,Les Onze Mille Verges,,15.893239974975586
GDL-1858-07-12-a-i0002,3439,3448,Galignani,Q6219202,PER,Q104821408,Galignani's Messenger,,18.135000228881836
GDL-1858-07-12-a-i0002,3812,3843,église en ruines de Sainte-Anne,Q1551966,LOC,Q1551966,église Sainte-Anne de Jérusalem,,22.116653442382812
GDL-1858-07-12-a-i0002,3847,3856,Jérusalem,Q1218,LOC,Q1218,Jérusalem,,21.767784118652344
GDL-1858-07-12-a-i0002,3988,3993,Paris,Q90,LOC,Q90,Paris,,23.242496490478516
GDL-1858-07-12-a-i0002,4127,4169,"M. de Montigny, consul français à Shanghaï",Q2960657,PER,Q2960657,Charles de Montigny,,20.021320343017578
GDL-1858-07-12-a-i0002,4226,4232,Simoda,Q653402,LOC,Q653402,Shimoda,,18.500198364257812
GDL-1858-07-12-a-i0002,4242,4247,Japon,Q17,LOC,Q17,Japon,,18.7637939453125
GDL-1858-07-12-a-i0002,4252,4267,Théâtre-lyrique,Q2601319,ORG,Q2601319,Théâtre-Lyrique,,20.13188362121582
GDL-1858-07-12-a-i0002,4282,4299,M. Van-den-Heusel,NIL,PER,Q22248825,Maison Van Hoecke-Dessel,,16.774272918701172
GDL-1858-07-12-a-i0002,4318,4343,Duprez Mme Von-den-Heusel,Q30505075,PER,Q583649,Gilbert Duprez,,16.747955322265625
GDL-1858-07-12-a-i0002,4373,4393,Mme Miolhan-Carvalbo,Q1630239,PER,Q1630239,Caroline Miolan-Carvalho,,20.718833923339844
GDL-1858-07-12-a-i0002,4463,4471,Moniteur,Q1410997,PROD,Q590961,Le Moniteur,"{ ""wikipedia_page"": ""Le Moniteur"", ""wikidata_id"": ""Q590961"" }",13.935473442077637
GDL-1858-07-12-a-i0002,4830,4841,M. Delangle,Q329134,PER,Q329134,Claude Alphonse Delangle,,19.535226821899414
GDL-1868-10-24-a-i0010,55,62,GAZETTE,Q3099751,PROD,Q2306879,La Gazette,,15.51890754699707
GDL-1868-10-24-a-i0010,65,70,Paris,Q90,LOC,Q90,Paris,,21.598464965820312
GDL-1868-10-24-a-i0010,135,148,maréchal Niel,Q115701,PER,Q115701,Adolphe Niel,,25.19887924194336
GDL-1868-10-24-a-i0010,221,229,Biarritz,Q132790,LOC,Q132790,Biarritz,,25.27704620361328
GDL-1868-10-24-a-i0010,476,489,maréchal Niel,Q115701,PER,Q115701,Adolphe Niel,,25.15833282470703
GDL-1868-10-24-a-i0010,1236,1249,maréchal Niel,Q115701,PER,Q115701,Adolphe Niel,,17.153196334838867
GDL-1868-10-24-a-i0010,2121,2136,Constitutionnel,Q3221742,PROD,Q3221742,Le Constitutionnel,"{""wikipedia_page"":""Le Constitutionnel"", ""wikidata_id"":""Q3221742""}",12.922334671020508
GDL-1868-10-24-a-i0010,2366,2381,Conslitutionnel,Q3221742,PROD,Q3221742,Le Constitutionnel,"```json { ""wikipedia_page"": ""Le Constitutionnel"", ""wikidata_id"": ""Q3221742"" } ```",14.137287139892578
GDL-1868-10-24-a-i0010,2449,2457,Biarritz,Q132790,LOC,Q132790,Biarritz,,22.138498306274414
GDL-1868-10-24-a-i0010,2621,2626,Paris,Q90,LOC,Q90,Paris,,26.040950775146484
GDL-1868-10-24-a-i0010,2735,2740,Paris,Q90,LOC,Q90,Paris,,28.146774291992188
GDL-1868-10-24-a-i0010,2808,2828,cimetière Montmartre,Q746647,LOC,Q746647,cimetière de Montmartre,,39.49311447143555
GDL-1868-10-24-a-i0010,2854,2871,général Cavaignac,Q379702,PER,Q379702,Eugène Cavaignac,,29.70932388305664
GDL-1868-10-24-a-i0010,3183,3191,Lanterne,Q3209961,PROD,Q3209959,La Lanterne,,18.300207138061523
GDL-1868-10-24-a-i0010,3196,3214,M. Henri Rochefort,Q642060,PER,Q642060,Henri Rochefort,,25.154525756835938
GDL-1868-10-24-a-i0010,3364,3375,M. Walewski,Q435375,PER,Q2848798,André Walewski,,17.60785675048828
GDL-1868-10-24-a-i0010,3819,3828,M. Sarcey,Q1384953,PER,Q3102049,Georges-Alexandre Sarrejani,,21.123516082763672
GDL-1868-10-24-a-i0010,3919,3935,Journal de Paris,Q3186842,PROD,Q3186842,Journal de Paris,,34.631202697753906
GDL-1868-10-24-a-i0010,4055,4060,Paris,Q90,LOC,Q90,Paris,,19.109058380126953
GDL-1868-10-24-a-i0010,4572,4577,Paris,Q90,LOC,Q90,Paris,,16.756879806518555
GDL-1868-10-24-a-i0010,4590,4594,Nord,NIL,PROD,Q12661,Nord,"```json {""wikipedia_page"": ""Nord"", ""wikidata_id"": ""Q12661""} ```",10.546278953552246
GDL-1868-10-24-a-i0010,5761,5769,Moniteur,Q1410997,PROD,NIL,Moniteur,```json {} ```,0
GDL-1868-10-24-a-i0010,5825,5847,Bulletin international,NIL,PROD,Q27791873,,,22.081920623779297
GDL-1868-10-24-a-i0010,5911,5918,Bavière,Q154195,LOC,Q980,Bavière,,19.883358001708984
GDL-1868-10-24-a-i0010,5984,5990,Landau,Q7052,LOC,Q7052,Landau in der Pfalz,,19.702625274658203
GDL-1868-10-24-a-i0010,5996,6002,France,Q142,LOC,NIL,France,no,0
GDL-1868-10-24-a-i0010,6125,6131,Prusse,Q918723,LOC,Q38872,Prusse,,18.88289451599121
GDL-1868-10-24-a-i0010,6280,6287,Mayence,Q1720,LOC,Q1720,Mayence,,22.71976661682129
GDL-1868-10-24-a-i0010,6356,6372,Journal de Paris,Q3186842,PROD,Q3186842,Journal de Paris,,37.60979080200195
GDL-1868-10-24-a-i0010,6405,6420,M. Yillemessant,Q3136165,PER,Q3136165,Hippolyte de Villemessant,,27.226743698120117
GDL-1868-10-24-a-i0010,6447,6453,Figaro,Q216047,PROD,Q216047,Le Figaro,,25.60559844970703
GDL-1868-10-24-a-i0010,6507,6522,Diable à Quatre,NIL,PROD,NIL,Diable à Quatre,```json {} ```,0
GDL-1868-10-24-a-i0010,6601,6617,M. Jules Richard,Q4182026,PER,Q3106477,Gilles Richard,,26.17142677307129
GDL-1868-10-24-a-i0010,6641,6655,Sainte-Pélagie,Q1641986,LOC,Q1641986,prison Sainte-Pélagie,,24.169158935546875
GDL-1868-10-24-a-i0010,6867,6883,M. Jules Richard,Q4182026,PER,Q4182026,Thomas Jules Richard Maillot,,21.788414001464844
GDL-1868-10-24-a-i0010,6909,6925,M. Jules Richard,Q4182026,PER,Q726779,Jules Richard,,21.920034408569336
GDL-1868-10-24-a-i0010,7068,7083,Diable à Quatre,NIL,PROD,Q3222292,Le Diable à quatre,,22.771595001220703
GDL-1868-10-24-a-i0010,7085,7103,M. Edouard Lockroy,Q733836,PER,Q733836,Édouard Lockroy,,29.662450790405273
GDL-1868-10-24-a-i0010,7327,7342,Diable à Quatre,NIL,PROD,Q97279978,Carré diabolique d'ordre 4,,21.87435531616211
GDL-1868-10-24-a-i0010,7529,7545,Diable à Qua tre,NIL,PROD,Q2502648,Le Diable,,15.757043838500977
GDL-1868-10-24-a-i0010,7623,7629,France,Q142,LOC,Q142,France,,22.572872161865234
GDL-1868-10-24-a-i0010,7689,7697,Lanterne,Q3209961,PROD,Q3209959,La Lanterne,,16.690128326416016
GDL-1868-10-24-a-i0010,7701,7707,Italie,Q172579,LOC,Q38,Italie,,21.067291259765625
GDL-1868-10-24-a-i0010,7714,7739,Gazetta militare italiana,NIL,PROD,Q371338,Gazzetta Ufficiale della Repubblica Italiana,,24.95536231994629
GDL-1868-10-24-a-i0010,8248,8256,Florence,Q2044,LOC,Q2044,Florence,,22.472721099853516
GDL-1868-10-24-a-i0010,8298,8306,Cagliari,Q1897,LOC,Q1897,Cagliari,,19.704984664916992
GDL-1868-10-24-a-i0010,8308,8314,Prusse,Q918723,LOC,Q38872,Prusse,,21.193206787109375
GDL-1868-10-24-a-i0010,8330,8336,Berlin,Q64,LOC,Q64,Berlin,,19.92082977294922
GDL-1868-10-24-a-i0010,8340,8344,Nord,NIL,PROD,Q659,nord,,16.5239315032959
GDL-1868-10-24-a-i0010,8516,8522,Prusse,Q918723,LOC,Q38872,Prusse,,21.184675216674805
GDL-1868-10-24-a-i0010,8597,8618,district de Gumbinnen,Q897050,LOC,Q553008,district de Gumbinnen,"Based on the provided input text and the list of candidates, the most appropriate Wikidata entity for the entity tagged with [ENT] is: ```json {""wikipedia_page"":""district de Gumbinnen"", ""wikidata_id"":""Q553008""} ```",14.364605903625488
GDL-1868-10-24-a-i0010,8866,8872,Prusse,Q918723,LOC,Q38872,Prusse,,20.094179153442383
GDL-1868-10-24-a-i0010,8910,8921,Nouvelliste,Q3345294,PROD,NIL,Nouvelliste,No,0
GDL-1868-10-24-a-i0010,9010,9016,Berlin,Q64,LOC,Q64,Berlin,,18.731569290161133
GDL-1868-10-24-a-i0010,9040,9046,Suisse,Q39,LOC,Q39,Suisse,,16.273794174194336
GDL-1868-10-24-a-i0010,9085,9093,Autriche,Q28513,LOC,Q40,Autriche,,16.540435791015625
GDL-1868-10-24-a-i0010,9133,9139,Prague,Q1085,LOC,Q1085,Prague,,23.5421085357666
GDL-1868-10-24-a-i0010,9234,9240,Bohême,Q39193,LOC,Q39193,Bohême,,22.711973190307617
GDL-1868-10-24-a-i0010,9305,9311,Prague,Q1085,LOC,Q1085,Prague,,21.964956283569336
GDL-1868-10-24-a-i0010,9562,9570,Autriche,Q28513,LOC,Q40,Autriche,,20.380170822143555
GDL-1868-10-24-a-i0010,9611,9628,Gazette de Vienne,Q697173,PROD,Q697173,Wiener Zeitung,,22.562580108642578
GDL-1868-10-24-a-i0010,9729,9737,Gallicie,Q180086,LOC,Q180086,Galicie,,18.63067626953125
GDL-1868-10-24-a-i0010,9760,9775,comte de Taaffe,Q550748,PER,Q7026281,Nicholas Taaffe,"Based on the provided input text and list of candidates, the entity mentioned between the [ENT] tags is likely related to the ""comte de Taaffe"". Among the candidates, the most relevant and appropriate one is: - Wikipedia page: ""Nicholas Taaffe"" - Wikidata ID: ""Q7026281"" Therefore, the JSON-formatted answer is: ```json {""wikipedia_page"": ""Nicholas Taaffe"", ""wikidata_id"": ""Q7026281""} ```",13.475015640258789
GDL-1868-10-24-a-i0010,9790,9800,Reichsrath,Q697775,ORG,Q697775,Reichsrat,,22.102001190185547
GDL-1868-10-24-a-i0010,10205,10220,comte de Taaffe,Q550748,PER,Q7026281,Nicholas Taaffe,"Based on the input text, the entity mentioned between the [ENT] tags is ""le comte de Taaffe"". The most appropriate Wikidata entity from the list of candidates is ""Nicholas Taaffe"". The corresponding Wikipedia page title and Wikidata ID are: ```json {""wikipedia_page"": ""Nicholas Taaffe"", ""wikidata_id"": ""Q7026281""} ```",13.53629207611084
GDL-1868-10-24-a-i0010,10311,10317,Europe,Q46,LOC,Q46,Europe,,19.285343170166016
GDL-1868-10-24-a-i0010,10324,10352,Chambre des députés de Peslh,Q648716,ORG,Q320265,Chambre des députés,,24.802520751953125
GDL-1868-10-24-a-i0010,10462,10469,M. Deak,Q508823,PER,Q508823,Ferenc Deák,,17.58869743347168
GDL-1868-10-24-a-i0010,10504,10512,M. Tisza,Q254737,PER,Q336493,István Tisza,,18.26775360107422
GDL-1868-10-24-a-i0010,10579,10585,Presse,Q3211911,PROD,Q689934,Die Presse,,22.14986801147461
GDL-1868-10-24-a-i0010,10590,10596,Vienne,Q1741,LOC,Q1741,Vienne,,27.58653450012207
GDL-1868-10-24-a-i0010,10959,10965,Bohême,Q39193,LOC,Q39193,Bohême,,21.670167922973633
GDL-1868-10-24-a-i0010,11447,11454,Espagne,Q3399982,LOC,Q29,Espagne,,21.144092559814453
GDL-1868-10-24-a-i0010,11508,11514,Havane,Q1563,LOC,Q1563,La Havane,,26.52125358581543
GDL-1868-10-24-a-i0010,11600,11611,île de Cuba,Q241,LOC,Q241,Cuba,,18.217567443847656
GDL-1868-10-24-a-i0010,11674,11681,Espagne,Q3399982,LOC,Q29,Espagne,,22.18741798400879
GDL-1878-12-20-a-i0026,0,8,LAUSANNE,Q807,LOC,Q807,Lausanne,,25.447799682617188
GDL-1878-12-20-a-i0026,231,239,Lausanne,Q807,LOC,Q807,Lausanne,,27.632606506347656
GDL-1878-12-20-a-i0026,534,542,Lausanne,Q807,LOC,Q807,Lausanne,,23.983007431030273
GDL-1878-12-20-a-i0026,548,553,Berne,Q70,LOC,Q70,Berne,,25.342912673950195
GDL-1878-12-20-a-i0026,609,631,tunnel de la Cornallaz,NIL,LOC,Q107059388,tunnel de la Cornallaz,,27.388126373291016
GDL-1878-12-20-a-i0026,709,726,gare de Chexbi'es,NIL,LOC,Q5846029,gare de Chambésy,,24.54987144470215
GDL-1878-12-20-a-i0026,833,838,Berne,Q70,LOC,Q70,Berne,,25.487327575683594
GDL-1878-12-20-a-i0026,880,896,gare de Chexbres,NIL,LOC,Q15964085,Chexbres-Village,,27.673259735107422
GDL-1878-12-20-a-i0026,915,923,Lausanne,Q807,LOC,Q807,Lausanne,,25.750764846801758
GDL-1878-12-20-a-i0026,1004,1009,Berne,Q70,LOC,Q70,Berne,,23.747316360473633
GDL-1878-12-20-a-i0026,1076,1081,Broyé,Q2926348,LOC,Q870065,Broye,,22.14506721496582
GDL-1878-12-20-a-i0026,1103,1109,Moudon,Q70202,LOC,Q70202,Moudon,,25.429729461669922
GDL-1878-12-20-a-i0026,1142,1152,Chàtillens,Q678690,LOC,Q678690,Châtillens,,26.40298080444336
GDL-1878-12-20-a-i0026,1156,1165,Palézieux,Q689254,LOC,Q5552050,Palézieux,,28.819026947021484
GDL-1878-12-20-a-i0026,1318,1327,Palézieux,Q689254,LOC,Q5552050,Palézieux,,28.951465606689453
GDL-1878-12-20-a-i0026,1408,1413,Berne,Q70,LOC,Q70,Berne,,23.143829345703125
GDL-1878-12-20-a-i0026,1423,1431,Lausanne,Q807,LOC,Q807,Lausanne,,26.478303909301758
GDL-1878-12-20-a-i0026,1493,1508,vallée du Rhône,Q2747791,LOC,Q602,Rhône,,21.20303726196289
GDL-1878-12-20-a-i0026,2035,2046,le Bouveret,Q675700,LOC,Q675700,Bouveret,,18.11589241027832
GDL-1878-12-20-a-i0026,2050,2063,Saint-Maurice,Q69545,LOC,Q69545,Saint-Maurice,,20.684085845947266
GDL-1878-12-20-a-i0026,2145,2153,Evionnaz,Q70163,LOC,Q70163,Evionnaz,,27.798906326293945
GDL-1878-12-20-a-i0026,2185,2191,Valais,Q834,LOC,Q834,canton du Valais,"```json {""wikipedia_page"":""canton du Valais"", ""wikidata_id"":""Q834""} ```",15.372843742370605
GDL-1878-12-20-a-i0026,2230,2240,St-Triphon,Q2678646,LOC,Q2678646,Saint-Triphon,,20.67112159729004
GDL-1878-12-20-a-i0026,2309,2315,Jougne,Q923421,LOC,Q923421,Jougne,,16.469133377075195
GDL-1878-12-20-a-i0026,2401,2406,Paris,Q90,LOC,NIL,Paris,```json {} ```,0
GDL-1878-12-20-a-i0026,2617,2634,compagnie S .-O .,NIL,ORG,NIL,compagnie S .-O .,no,0
GDL-1878-12-20-a-i0026,2682,2698,gare de Lausanne,Q669678,LOC,Q669678,Lausanne,,29.64574432373047
GDL-1888-12-07-a-i0003,10,16,PAÏU 8,Q90,LOC,NIL,PAÏU 8,no,0
GDL-1888-12-07-a-i0003,55,60,Paris,Q90,LOC,Q90,Paris,,19.89336395263672
GDL-1888-12-07-a-i0003,92,102,M. Auffray,Q13080924,PER,Q3083856,François Auffray,,22.691370010375977
GDL-1888-12-07-a-i0003,160,169,M. Wilson,Q3014816,PER,NIL,M. Wilson,no,0
GDL-1888-12-07-a-i0003,176,192,boulevard Baudiu,NIL,LOC,Q105732371,boulevard Matabiau,,17.108993530273438
GDL-1888-12-07-a-i0003,214,216,S.,NIL,PER,NIL,S.,no,0
GDL-1888-12-07-a-i0003,280,288,Ardennes,Q3164,LOC,Q3164,Ardennes,,19.7186336517334
GDL-1888-12-07-a-i0003,475,492,général Boulanger,Q315747,PER,Q315747,Georges Boulanger,,29.362098693847656
GDL-1888-12-07-a-i0003,754,762,Ardennes,Q3164,LOC,Q3164,Ardennes,,25.8607177734375
GDL-1888-12-07-a-i0003,792,814,"M. Linard, républicain",NIL,PER,Q3131503,Henri Liénard,,17.382408142089844
GDL-1888-12-07-a-i0003,846,878,M. Auffray. monarchiste clérical,Q13080924,PER,Q3083856,François Auffray,,19.74411392211914
GDL-1888-12-07-a-i0003,976,987,rue de Sèze,Q3451070,LOC,Q3451070,rue de Sèze,,22.808666229248047
GDL-1888-12-07-a-i0003,1052,1062,M. Auffray,Q13080924,PER,Q3083856,François Auffray,,22.71227264404297
GDL-1888-12-07-a-i0003,1064,1075,M. Michelin,Q3131641,PER,Q3131641,Henri Michelin,,16.453044891357422
GDL-1888-12-07-a-i0003,1593,1610,général Boulanger,Q315747,PER,Q315747,Georges Boulanger,,27.23960304260254
GDL-1888-12-07-a-i0003,1951,1963,Arthur Meyer,Q2865261,PER,Q2865261,Arthur Meyer,,30.62937355041504
GDL-1888-12-07-a-i0003,2041,2053,MM. Laguerre,Q3103015,PER,Q3103015,Jean Henri Georges Laguerre,,22.838058471679688
GDL-1888-12-07-a-i0003,2055,2063,Michelin,Q3131641,PER,Q382573,André Michelin,,21.532470703125
GDL-1888-12-07-a-i0003,2065,2072,Laisant,Q25318,PER,Q25318,Charles-Ange Laisant,,27.774232864379883
GDL-1888-12-07-a-i0003,2074,2081,Vergoin,Q3301498,PER,Q3301498,Maurice Vergoin,,22.387351989746094
GDL-1888-12-07-a-i0003,2245,2262,général Boulanger,Q315747,PER,Q315747,Georges Boulanger,,30.32499122619629
GDL-1888-12-07-a-i0003,2418,2428,M. Auffray,Q13080924,PER,Q3083856,François Auffray,,26.162635803222656
GDL-1888-12-07-a-i0003,2454,2462,Ardennes,Q3164,LOC,Q3164,Ardennes,,20.52219581604004
GDL-1888-12-07-a-i0003,2495,2507,comte Dillon,Q2865079,PER,Q2417073,Theobald de Dillon,,21.893003463745117
GDL-1888-12-07-a-i0003,2516,2521,Somme,Q12770,LOC,Q12770,Somme,,20.572404861450195
GDL-1888-12-07-a-i0003,2646,2657,rue de Sèze,Q3451070,LOC,Q3451070,rue de Sèze,,23.144914627075195
GDL-1888-12-07-a-i0003,2813,2824,M. Michelin,Q3131641,PER,Q151107,Michelin,,19.30463981628418
GDL-1888-12-07-a-i0003,2897,2907,M. Auffray,Q13080924,PER,Q3083856,François Auffray,,27.664003372192383
GDL-1888-12-07-a-i0003,2979,2988,M. Wilson,Q3014816,PER,Q3014816,Daniel Wilson,,16.921131134033203
GDL-1888-12-07-a-i0003,3196,3204,M. Grévy,Q296083,PER,Q296083,Jules Grévy,,25.81700897216797
GDL-1888-12-07-a-i0003,3275,3289,M. Veil-Picard,Q3065562,PER,Q3065562,famille Veil-Picard,,25.58618927001953
GDL-1888-12-07-a-i0003,3568,3577,M. Wilson,Q3014816,PER,NIL,M. Wilson,no,0
GDL-1888-12-07-a-i0003,3755,3774,boulevard Haussmann,Q895076,LOC,Q895076,boulevard Haussmann,,25.324419021606445
GDL-1888-12-07-a-i0003,3918,3924,Baudin,NIL,PER,Q2993834,Pierre Baudin,,21.11318588256836
GDL-1888-12-07-a-i0003,3958,3963,Seine,Q1142326,LOC,Q1142326,Seine,,21.709623336791992
GDL-1888-12-07-a-i0003,3983,3993,M. Floquet,Q471311,PER,Q471311,Charles Floquet,,26.44628143310547
GDL-1888-12-07-a-i0003,4358,4373,rue Saint-Denis,Q2174628,LOC,Q2174628,rue Saint-Denis,,34.440574645996094
GDL-1898-06-27-a-i0011,22,27,BERNE,Q70,LOC,Q70,Berne,,27.152143478393555
GDL-1898-06-27-a-i0011,147,177,"M. Hirter, conseiller national",Q1641554,PER,Q1641554,Johann Daniel Hirter,,18.409610748291016
GDL-1898-06-27-a-i0011,306,351,"M. Milliet, directeur de la régie de l'alcool",NIL,PER,Q78066663,François-Louis Milliet,"Based on the provided text and the list of candidates, the entity mentioned between the [ENT] tags is ""M. Milliet"". From the list of candidates, the most appropriate Wikidata entity is: ```json {""wikipedia_page"": ""François-Louis Milliet"", ""wikidata_id"": ""Q78066663""} ```",14.947721481323242
GDL-1898-06-27-a-i0011,738,753,Suisse centrale,Q30978,LOC,Q30978,Suisse centrale,,29.494909286499023
GDL-1898-06-27-a-i0011,765,775,Interlaken,Q68103,LOC,Q68103,Interlaken,,34.440040588378906
GDL-1898-06-27-a-i0011,990,997,ARGOVIE,Q11972,LOC,Q11972,canton d'Argovie,,19.52440643310547
GDL-1898-06-27-a-i0011,1036,1067,Société des pontonniers de Bàle,NIL,ORG,Q1518624,,,21.27613067626953
GDL-1898-06-27-a-i0011,1080,1091,Rheinfelden,Q269667,LOC,Q269667,Rheinfelden,,28.77021026611328
GDL-1898-06-27-a-i0011,1184,1188,Rhin,Q21198444,LOC,Q584,Rhin,,28.81616973876953
GDL-1898-06-27-a-i0011,1359,1365,VALAIS,Q834,LOC,Q834,canton du Valais,"{ ""wikipedia_page"": ""canton du Valais"", ""wikidata_id"": ""Q834"" }",14.152616500854492
GDL-1898-06-27-a-i0011,1386,1390,Sion,Q68136,LOC,Q68136,Sion,,19.772539138793945
GDL-1898-06-27-a-i0011,1439,1450,Tourtemagne,Q70054,LOC,Q605051,Touraine,,20.863779067993164
GDL-1898-06-27-a-i0011,1766,1777,Tourtemagne,Q70054,LOC,Q15075778,Loutremange,,24.563629150390625
GDL-1898-06-27-a-i0011,2070,2076,Loèche,Q69590,LOC,Q3992,Liège,,20.471736907958984
GDL-1898-06-27-a-i0011,2326,2332,GENÈVE,Q71,LOC,Q71,Genève,,27.80327796936035
GDL-1898-06-27-a-i0011,2373,2381,Jonction,Q3209888,LOC,Q3209888,La Jonction,,25.991626739501953
GDL-1898-06-27-a-i0011,2498,2504,Barret,NIL,PER,Q1876611,Barret,,16.062257766723633
GDL-1898-06-27-a-i0011,2506,2512,Genève,Q71,LOC,Q71,Genève,,25.66461944580078
GDL-1898-06-27-a-i0011,2555,2561,Calame,NIL,PER,Q60802982,Charles Calame,,15.823383331298828
GDL-1898-06-27-a-i0011,2563,2569,Genève,Q71,LOC,Q71,Genève,,23.490245819091797
GDL-1898-06-27-a-i0011,2591,2597,Genoud,NIL,PER,Q321908,Genod,,20.37281036376953
GDL-1898-06-27-a-i0011,2599,2605,Genève,Q71,LOC,Q71,Genève,,23.39668083190918
GDL-1898-06-27-a-i0011,2627,2634,Terrier,NIL,PER,Q585496,Montanaire,,15.473247528076172
GDL-1898-06-27-a-i0011,2636,2644,Lausanne,Q807,LOC,Q807,Lausanne,,29.647836685180664
GDL-1908-06-09-a-i0014,0,20,CONFÉDÉRATION SUISSE,Q39,LOC,Q39,Suisse,,24.161863327026367
GDL-1908-06-09-a-i0014,38,51,éditeur Kreis,NIL,PER,Q2516702,Verlag Kreuz,"Based on the input text and the list of candidates, the entity mentioned between the [ENT] tags is ""Kreuz"". Here is the JSON-formatted answer: ```json { ""wikipedia_page"": ""Verlag Kreuz"", ""wikidata_id"": ""Q2516702"" } ```",15.264057159423828
GDL-1908-06-09-a-i0014,55,59,Bâle,Q78,LOC,Q78,Bâle,,34.357810974121094
GDL-1908-06-09-a-i0014,160,166,D Wolf,NIL,PER,Q2831646,Albert Wolf,,17.78336524963379
GDL-1908-06-09-a-i0014,363,369,Suisse,Q39,LOC,Q39,Suisse,,29.928312301635742
GDL-1908-06-09-a-i0014,661,668,Bernina,Q277177,LOC,Q277177,ligne de la Bernina,,19.389251708984375
GDL-1908-06-09-a-i0014,758,765,Bernina,Q23013963,LOC,Q427415,chaîne de la Bernina,,18.202579498291016
GDL-1908-06-09-a-i0014,904,910,Tirano,Q40868,LOC,Q40868,Tirano,,24.74479866027832
GDL-1908-06-09-a-i0014,914,923,Poschiavo,Q69503,LOC,Q69503,Poschiavo,,23.97319221496582
GDL-1908-06-09-a-i0014,1117,1156,Société suisse des facteurs de dépêches,NIL,ORG,Q1520570,Syndicat du personnel des transports,,20.313289642333984
GDL-1908-06-09-a-i0014,1172,1180,Lausanne,Q807,LOC,Q807,Lausanne,,31.971961975097656
GDL-1908-06-09-a-i0014,1251,1255,Bâle,Q78,LOC,Q78,Bâle,,28.29046630859375
GDL-1908-06-09-a-i0014,1313,1324,Winterthour,Q9125,LOC,Q9125,Winterthour,,29.996322631835938
GDL-1908-06-09-a-i0014,1664,1669,Righi,Q15291,LOC,Q15291,Rigi,,16.16187286376953
GDL-1908-06-09-a-i0014,1671,1677,Sœntis,Q15224,LOC,Q15224,Säntis,,16.859037399291992
GDL-1908-06-09-a-i0014,1679,1686,Gothard,Q688549,LOC,Q19284304,,,18.02903938293457
GDL-1908-06-09-a-i0014,1688,1694,Pilate,Q15265,LOC,Q2622219,Pilat,,16.322860717773438
GDL-1908-06-09-a-i0014,1709,1723,Haute-Engadine,Q1789552,LOC,Q22883,Engadine,,19.825828552246094
GDL-1908-06-09-a-i0014,1823,1832,Allemagne,Q183,LOC,Q183,Allemagne,,22.270727157592773
GDL-1908-06-09-a-i0014,1834,1839,Berne,Q70,LOC,Q70,Berne,,23.30529022216797
GDL-1908-06-09-a-i0014,1873,1882,Allemagne,Q183,LOC,Q183,Allemagne,,21.857885360717773
GDL-1908-06-09-a-i0014,2277,2283,Suisse,Q39,LOC,Q39,Suisse,,20.64540672302246
GDL-1908-06-09-a-i0014,3104,3110,Prusse,Q918723,LOC,Q38872,Prusse,,23.19322395324707
GDL-1908-06-09-a-i0014,3502,3506,Bâle,Q78,LOC,Q78,Bâle,,24.90456771850586
GDL-1908-06-09-a-i0014,3509,3517,Hambourg,Q1055,LOC,Q1055,Hambourg,,26.805465698242188
GDL-1918-05-16-a-i0086,0,6,DoiwaE,Q3588286,PER,NIL,DoiwaE,No,0
GDL-1918-05-16-a-i0086,132,140,Parisrlo,Q90,LOC,NIL,Parisrlo,no,0
GDL-1918-05-16-a-i0086,221,231,Montdidier,Q21970,LOC,Q74308,Montdidier,,18.661117553710938
GDL-1918-05-16-a-i0086,241,251,Montdidier,Q21970,LOC,Q74308,Montdidier,,17.101627349853516
GDL-1918-05-16-a-i0086,255,260,Noyon,Q49831,LOC,Q49831,Noyon,,22.309242248535156
GDL-1918-05-16-a-i0086,383,391,llaiïïea,Q584297,LOC,NIL,llaiïïea,no,0
GDL-1918-05-16-a-i0086,445,449,Avre,Q739893,LOC,Q476475,Avre,,21.36295509338379
GDL-1918-05-16-a-i0086,805,811,BofUot,Q711896,LOC,NIL,BofUot,no,0
GDL-1918-05-16-a-i0086,892,908,Ohomin-des-Damos,Q1069359,LOC,NIL,Ohomin-des-Damos,"```json {""wikipedia_page"": """", ""wikidata_id"": """"} ```",0
GDL-1918-05-16-a-i0086,994,1000,BoveHe,Q583114,LOC,NIL,BoveHe,no,0
GDL-1918-05-16-a-i0086,1025,1033,Londires,Q84,LOC,Q84,Londres,,17.24425506591797
GDL-1918-05-16-a-i0086,1077,1081,Lens,Q165271,LOC,Q165271,Lens,,25.82815933227539
GDL-1918-05-16-a-i0086,1189,1195,Bobecq,Q469871,LOC,Q685648,Mobecq,,22.470157623291016
GDL-1918-05-16-a-i0086,1265,1284,vallées de la Somme,NIL,LOC,Q37646,Somme,,16.0599308013916
GDL-1918-05-16-a-i0086,1293,1298,Ancre,Q489438,LOC,Q489438,Ancre,,18.1676025390625
GDL-1918-05-16-a-i0086,1311,1319,Bétliuno,Q207145,LOC,Q207145,Béthune,,16.502490997314453
GDL-1918-05-16-a-i0086,1330,1345,forêt de Nleppe,NIL,LOC,Q3078916,forêt de Nieppe,,16.090200424194336
GDL-1918-05-16-a-i0086,1411,1422,Morlancourt,Q639056,LOC,Q639056,Morlancourt,,28.044342041015625
GDL-1918-05-16-a-i0086,1437,1444,Kemnraï,Q1024880,LOC,Q181285,Cambrai,,15.70574951171875
GDL-1918-05-16-a-i0086,1446,1453,Londres,Q84,LOC,Q84,Londres,,19.189775466918945
GDL-1918-05-16-a-i0086,1492,1500,lieu ter,Q130879,ORG,Q633772,Luitré,"Based on the provided input text and the list of candidates, the entity mentioned between the [ENT] tags is ""Luitré"". The corresponding Wikipedia page title and Wikidata ID are as follows: ```json {""wikipedia_page"": ""Luitré"", ""wikidata_id"": ""Q633772""} ```",4.78333854675293
GDL-1918-05-16-a-i0086,1567,1575,Flandres,Q234,LOC,Q234,Flandre,,18.750076293945312
GDL-1918-05-16-a-i0086,2858,2869,Mont Kemmel,Q209541,LOC,Q209541,mont Kemmel,,20.87177276611328
GDL-1918-05-16-a-i0086,3035,3040,Somme,Q12770,LOC,Q132568,bataille de la Somme,,21.39943504333496
GDL-1918-05-16-a-i0086,3047,3053,Verdun,Q1368088,LOC,Q130847,bataille de Verdun,,18.40721893310547
GDL-1918-05-16-a-i0086,3128,3136,Flandres,Q234,LOC,Q234,Flandre,,21.337175369262695
GDL-1918-05-16-a-i0086,3777,3786,La Olytte,Q921682,LOC,NIL,La Olytte,no,0
GDL-1918-05-16-a-i0086,3788,3799,Dlckebusche,NIL,LOC,Q22069,Schneckenbusch,"```json { ""wikipedia_page"": ""Schneckenbusch"", ""wikidata_id"": ""Q22069"" } ```",10.80583381652832
GDL-1918-05-16-a-i0086,3893,3899,Berlin,Q64,LOC,Q64,Berlin,,19.537546157836914
GDL-1918-05-16-a-i0086,3940,3946,Kemmel,Q209541,LOC,Q1024880,Kemmel,"```json { ""wikipedia_page"": ""Kemmel"", ""wikidata_id"": ""Q1024880"" } ```",12.561551094055176
GDL-1918-05-16-a-i0086,4270,4276,Kemmel,Q209541,LOC,Q1024880,Kemmel,,15.599201202392578
GDL-1918-05-16-a-i0086,4395,4398,Lys,Q208493,LOC,Q667543,Lys,,16.61833953857422
GDL-1918-05-16-a-i0086,4405,4423,canal de La Bassée,Q1032668,LOC,Q2887624,Bassée,,17.81622314453125
GDL-1918-05-16-a-i0086,4432,4438,Scarpe,Q1818615,LOC,Q1818615,Scarpe,,17.502517700195312
GDL-1918-05-16-a-i0086,4450,4457,Bucquoy,Q995400,LOC,Q995400,Bucquoy,,25.358722686767578
GDL-1918-05-16-a-i0086,4540,4545,Ancre,Q489438,LOC,Q489438,Ancre,,16.250465393066406
GDL-1918-05-16-a-i0086,4552,4557,Somme,Q1736061,LOC,Q37646,Somme,,19.4404239654541
GDL-1918-05-16-a-i0086,4618,4622,Bray,Q251119,LOC,Q834110,Bray-sur-Seine,,21.55275535583496
GDL-1918-05-16-a-i0086,4625,4631,Conbie,Q71469,LOC,Q71469,Corbie,,18.068984985351562
GDL-1918-05-16-a-i0086,4835,4852,VJMers-Bretonneux,Q677163,LOC,Q677163,Villers-Bretonneux,,19.057340621948242
GDL-1918-05-16-a-i0086,4875,4879,Luoe,Q3265095,LOC,Q279370,Loue,,21.511682510375977
GDL-1918-05-16-a-i0086,4888,4892,Avre,Q739893,LOC,Q476475,Avre,,22.221572875976562
GDL-1918-05-16-a-i0086,4966,4970,Avre,Q739893,LOC,Q739893,Avre,,22.76529312133789
GDL-1918-05-16-a-i0086,5010,5016,Castel,Q2941347,LOC,Q199756,Casteil,,16.11566162109375
GDL-1918-05-16-a-i0086,5257,5263,Calais,Q6454,LOC,Q6454,Calais,,20.646480560302734
GDL-1918-05-16-a-i0086,5265,5274,Dunkerque,Q45797,LOC,Q45797,Dunkerque,,23.288461685180664
GDL-1918-05-16-a-i0086,5406,5412,Vienne,Q1741,LOC,Q1741,Vienne,,25.434284210205078
GDL-1918-05-16-a-i0086,5440,5451,Monte Corno,Q31655103,LOC,Q56295257,,,18.663434982299805
GDL-1918-05-16-a-i0086,5594,5598,Pola,Q4656,LOC,Q4656,Pula,,19.77294921875
GDL-1918-05-16-a-i0086,5666,5671,Borne,Q220,LOC,Q103576,Borno,,17.783987045288086
GDL-1918-05-16-a-i0086,5871,5877,Genova,Q71,LOC,Q1449,Gênes,,18.849403381347656
GDL-1918-05-16-a-i0086,5951,5962,Monte Corno,Q31655103,LOC,Q3861481,,,20.504901885986328
GDL-1918-05-16-a-i0086,5974,5982,Valknnsa,Q327644,LOC,NIL,Valknnsa,No.,0
GDL-1918-05-16-a-i0086,6032,6039,Pasubio,Q699575,LOC,Q699575,Pasubio,,18.506088256835938
GDL-1918-05-16-a-i0086,6077,6095,gare de Pri molano,Q3970614,LOC,Q3970614,Primolano,,16.78789710998535
GDL-1918-05-16-a-i0086,6147,6158,col Oaprile,NIL,LOC,Q3682479,col d'Olen,"Based on the provided text and the list of candidates, the entity mentioned between the [ENT] tags is ""col Oaprile"". The most appropriate Wikidata entity from the given list of candidates is: ```json {""wikipedia_page"":""col d'Olen"", ""wikidata_id"":""Q3682479""} ```",12.229686737060547
GDL-1918-05-16-a-i0086,6185,6190,Alano,Q39897,LOC,NIL,Alano,```json {} ```,0
GDL-1918-05-16-a-i0086,6206,6211,Piave,Q213462,LOC,Q213462,Piave,,24.537353515625
GDL-1918-05-16-a-i0086,6296,6315,région de Soreslano,NIL,LOC,NIL,région de Soreslano,no,0
GDL-1918-05-16-a-i0086,6500,6505,Piave,Q213462,LOC,Q213462,Piave,,21.44315528869629
GDL-1918-05-16-a-i0086,6507,6513,Berlin,Q64,LOC,Q64,Berlin,,18.684480667114258
GDL-1918-05-16-a-i0086,6609,6615,Kemmel,Q1024880,LOC,Q1024880,Kemmel,,21.150066375732422
GDL-1918-05-16-a-i0086,6757,6764,Moreuil,Q115426,LOC,Q115426,Moreuil,,20.235429763793945
GDL-1928-12-01-a-i0015,101,107,Moscou,Q649,LOC,Q649,Moscou,,28.422605514526367
GDL-1928-12-01-a-i0015,310,316,Russie,Q159,LOC,Q159,Russie,,23.01457977294922
GDL-1928-12-01-a-i0015,332,340,Le Temps,Q639137,PROD,Q673324,Le Temps,,24.838529586791992
GDL-1928-12-01-a-i0015,410,426,Union soviétique,Q15180,LOC,Q15180,Union soviétique,,24.77361488342285
GDL-1928-12-01-a-i0015,548,553,Chine,Q29520,LOC,Q148,république populaire de Chine,,18.23707389831543
GDL-1928-12-01-a-i0015,564,571,Balkans,Q23522,LOC,Q23522,Balkans,,19.193565368652344
GDL-1928-12-01-a-i0015,576,583,Afrique,Q15,LOC,NIL,Afrique,```json {} ```,0
GDL-1928-12-01-a-i0015,1059,1065,Berlin,Q64,LOC,Q64,Berlin,,21.04273796081543
GDL-1928-12-01-a-i0015,1197,1203,Moscou,Q649,LOC,Q649,Moscou,,22.350303649902344
GDL-1928-12-01-a-i0015,1534,1543,Allemagne,Q183,LOC,Q183,Allemagne,,16.32004165649414
GDL-1928-12-01-a-i0015,1704,1710,Moscou,Q649,LOC,Q649,Moscou,,21.610172271728516
GDL-1928-12-01-a-i0015,1715,1721,Berlin,Q64,LOC,Q64,Berlin,,18.223155975341797
GDL-1928-12-01-a-i0015,1891,1908,VAction française,Q496011,PROD,Q49629,Action française‎‎,,19.563745498657227
GDL-1928-12-01-a-i0015,1944,1958,M. 'Bain ville,Q966894,PER,Q966894,Jacques Bainville,,17.25246810913086
GDL-1928-12-01-a-i0015,2175,2193,président Coolidge,Q36023,PER,Q36023,Calvin Coolidge,,22.152034759521484
GDL-1928-12-01-a-i0015,2216,2229,M. Streeemann,Q103955,PER,Q103955,Gustav Stresemann,"```json {""wikipedia_page"": ""Gustav Stresemann"", ""wikidata_id"": ""Q103955""} ```",13.928208351135254
GDL-1928-12-01-a-i0015,2294,2299,Dawes,Q184565,PER,Q184565,Charles Dawes,"```json { ""wikipedia_page"": ""Charles Dawes"", ""wikidata_id"": ""Q184565"" } ```",14.589129447937012
GDL-1928-12-01-a-i0015,2346,2355,Allemagne,Q183,LOC,Q183,Allemagne,,17.87772560119629
GDL-1928-12-01-a-i0015,2410,2420,Etats-Unis,Q30,LOC,Q30,États-Unis,,20.774730682373047
GDL-1928-12-01-a-i0015,2500,2509,Allemagne,Q183,LOC,Q183,Allemagne,,18.14173126220703
GDL-1928-12-01-a-i0015,2565,2573,New-York,Q60,LOC,Q60,New York,,28.963144302368164
GDL-1928-12-01-a-i0015,2576,2582,Berlin,Q64,LOC,Q64,Berlin,,21.595256805419922
GDL-1928-12-01-a-i0015,2592,2597,Paris,Q90,LOC,Q90,Paris,,19.110593795776367
GDL-1928-12-01-a-i0015,2603,2610,Londres,Q84,LOC,Q84,Londres,,21.816946029663086
GDL-1928-12-01-a-i0015,2630,2638,New-York,Q60,LOC,Q60,New York,,25.554513931274414
GDL-1928-12-01-a-i0015,2703,2709,Harvey,Q93128,PER,Q93128,William Harvey,,18.143980026245117
GDL-1928-12-01-a-i0015,2769,2777,New-York,Q60,LOC,Q60,New York,,22.846555709838867
GDL-1938-04-22-a-i0048,133,139,Italie,Q38,LOC,Q38,Italie,,21.308414459228516
GDL-1938-04-22-a-i0048,183,198,Grande-Bretagne,Q161885,LOC,Q23666,Grande-Bretagne,,27.218595504760742
GDL-1938-04-22-a-i0048,390,396,Italie,Q38,LOC,Q38,Italie,,19.20646095275879
GDL-1938-04-22-a-i0048,608,614,France,Q142,LOC,Q142,France,,19.105783462524414
GDL-1938-04-22-a-i0048,901,907,Italie,Q38,LOC,Q38,Italie,,22.884151458740234
GDL-1938-04-22-a-i0048,1362,1368,Italie,Q38,LOC,Q38,Italie,,23.212732315063477
GDL-1938-04-22-a-i0048,1749,1755,Suisse,Q39,LOC,Q39,Suisse,,20.689064025878906
GDL-1938-04-22-a-i0048,1770,1776,Italie,Q38,LOC,Q38,Italie,,21.122432708740234
GDL-1938-04-22-a-i0048,2248,2254,Italie,Q38,LOC,Q38,Italie,,22.471357345581055
GDL-1938-04-22-a-i0048,2376,2382,Valais,Q834,LOC,Q834,canton du Valais,,16.175222396850586
GDL-1938-04-22-a-i0048,2585,2600,Italie fasciste,Q48742118,LOC,Q48742118,Italie fasciste,,21.141136169433594
GDL-1938-04-22-a-i0048,2720,2726,Italie,Q38,LOC,Q38,Italie,,21.953460693359375
GDL-1938-04-22-a-i0048,2974,2996,libéralisme économique,Q729119,PROD,Q729119,libéralisme économique,,23.46483039855957
GDL-1938-10-12-a-i0095,49,54,Paris,Q90,LOC,Q90,Paris,,16.7773380279541
GDL-1938-10-12-a-i0095,112,118,Europe,Q46,LOC,Q46,Europe,,21.10369110107422
GDL-1938-10-12-a-i0095,179,196,chancelier Hitler,Q352,PER,Q352,Adolf Hitler,,15.461980819702148
GDL-1938-10-12-a-i0095,199,209,Sarrebruck,Q1724,LOC,Q1724,Sarrebruck,,21.641429901123047
GDL-1938-10-12-a-i0095,294,303,Allemagne,Q183,LOC,Q183,Allemagne,,18.24689483642578
GDL-1938-10-12-a-i0095,498,504,Italie,Q38,LOC,Q38,Italie,,21.679765701293945
GDL-1938-10-12-a-i0095,559,565,Berlin,Q64,LOC,Q64,Berlin,,17.423580169677734
GDL-1938-10-12-a-i0095,566,570,Rome,Q220,LOC,Q220,Rome,,20.944501876831055
GDL-1938-10-12-a-i0095,608,618,MM. Hitler,Q352,PER,Q352,Adolf Hitler,,17.59484100341797
GDL-1938-10-12-a-i0095,622,631,Mussolini,Q23559,PER,Q23559,Benito Mussolini,,21.349685668945312
GDL-1938-10-12-a-i0095,845,855,Sarrebruck,Q1724,LOC,Q1724,Sarrebruck,,20.296489715576172
GDL-1938-10-12-a-i0095,912,916,Rome,Q220,LOC,Q220,Rome,,21.18890953063965
GDL-1938-10-12-a-i0095,970,976,Munich,Q1726,LOC,Q1726,Munich,,22.382774353027344
GDL-1938-10-12-a-i0095,1029,1035,Berlin,Q64,LOC,Q64,Berlin,,18.97810935974121
GDL-1938-10-12-a-i0095,1039,1043,Rome,Q220,LOC,Q220,Rome,,18.189651489257812
GDL-1938-10-12-a-i0095,1381,1389,Ethiopie,Q115,LOC,Q115,Éthiopie,,20.754179000854492
GDL-1938-10-12-a-i0095,1397,1407,Angleterre,Q21,LOC,Q21,Angleterre,,18.116214752197266
GDL-1938-10-12-a-i0095,1455,1467,Méditerranée,Q4918,LOC,Q4918,mer Méditerranée,,20.768360137939453
GDL-1948-07-15-a-i0035,53,58,AIGLE,Q43195,LOC,Q43195,Aigle,,25.627094268798828
GDL-1948-07-15-a-i0035,96,101,C. P.,NIL,PER,NIL,C. P.,```json {} ```,0
GDL-1948-07-15-a-i0035,105,110,Aigle,Q43195,LOC,Q43195,Aigle,,33.72715759277344
GDL-1948-07-15-a-i0035,266,277,rue du Midi,NIL,LOC,Q3452448,rue du Midi,,28.036951065063477
GDL-1948-07-15-a-i0035,284,304,carrefour du Tilleul,NIL,LOC,Q99632600,quai de la Bataille-de-Stalingrad,,19.075801849365234
GDL-1948-07-15-a-i0035,703,720,Temple du Cloître,NIL,LOC,Q2956650,chapelle Notre-Dame-du-Cloître,,17.75529670715332
GDL-1948-07-15-a-i0035,1162,1167,C. P.,NIL,PER,NIL,C. P., no,0
GDL-1948-07-15-a-i0035,1825,1836,R. Deladoey,NIL,PER,Q3174396,Jean Roidot-Déléage,,24.32123565673828
GDL-1948-07-15-a-i0035,1862,1875,C. Chevillard,NIL,PER,Q1029147,Camille Chevillard,,31.828567504882812
GDL-1948-07-15-a-i0035,1894,1902,H. Cross,NIL,PER,Q3132707,Henry Cros,,22.162843704223633
GDL-1948-07-15-a-i0035,1946,1956,Chr. Rouge,NIL,PER,Q107999601,Christine Roux,,17.624435424804688
GDL-1948-07-15-a-i0035,1974,1988,J. Oberhaensli,NIL,PER,Q12949133,Jeanne Rousselois,,22.393142700195312
GDL-1948-07-15-a-i0035,2006,2009,BEX,Q52261,LOC,NIL,BEX,```json {} ```,0
GDL-1948-07-15-a-i0035,2034,2039,C. P.,NIL,PER,NIL,C. P.,no,0
GDL-1948-07-15-a-i0035,2115,2125,MM. Sublel,NIL,PER,NIL,MM. Sublel,"Based on the provided list of candidates, none of them match the entities ""MM. Sublel"" or ""Bralschi"" mentioned in the input text with high confidence. Therefore, the answer is: ```json {} ```",0
GDL-1948-07-15-a-i0035,2127,2135,Bralschi,NIL,PER,Q631252,Frédéric Blanchy,,17.023406982421875
GDL-1948-07-15-a-i0035,2137,2147,Nicollerat,NIL,PER,Q3084252,François Chifflart,,18.752399444580078
GDL-1948-07-15-a-i0035,2149,2156,Soutier,NIL,PER,Q1348688,Soutiers,,17.588106155395508
GDL-1948-07-15-a-i0035,2158,2164,Favrod,NIL,PER,Q19629148,Maxime Favrod,,18.39508819580078
GDL-1948-07-15-a-i0035,2168,2178,Zumbrunnen,NIL,PER,Q3175145,Jean Zumbrunnen,,20.247129440307617
GDL-1948-07-15-a-i0035,2183,2215,"premier des candidats, M. Buitin",NIL,PER,Q3309089,Michel Boutin,"Based on the input text and the list of candidates, the entity mentioned between the [ENT] tags is ""M. Buitin"". From the provided list of candidates, the closest match is ""Michel Boutin"". Here is the JSON response: ```json {""wikipedia_page"":""Michel Boutin"", ""wikidata_id"":""Q3309089""} ```",10.918850898742676
GDL-1948-07-15-a-i0035,2228,2248,M. Maurice Fontannaz,NIL,PER,Q12353056,Nancy Fontannaz,,20.38431167602539
GDL-1948-07-15-a-i0035,2379,2387,Tavalles,NIL,LOC,Q1353747,vallée de Tavannes,,29.258893966674805
GDL-1948-07-15-a-i0035,2447,2466,Chapelle des Posses,NIL,LOC,Q2885267,barrage de Poses-Amfreville,,19.482803344726562
GDL-1948-07-15-a-i0035,2490,2500,M. Reymond,NIL,PER,Q1337203,Émile Reymond,,16.436288833618164
GDL-1948-07-15-a-i0035,2515,2531,La Tour de Peilz,Q69721,LOC,Q69721,La Tour-de-Peilz,,27.370473861694336
GDL-1948-07-15-a-i0035,2566,2589,M. le syndic Sollberger,Q2960241,PER,Q2960241,Charles Sollberger,,16.776567459106445
GDL-1948-07-15-a-i0035,2624,2631,Solalex,Q27849991,LOC,Q1649316,Solaize,,20.941547393798828
GDL-1948-07-15-a-i0035,2696,2699,Bex,Q52261,LOC,Q52261,Bex,,25.919130325317383
GDL-1948-07-15-a-i0035,2717,2757,Société des Forces motrices de l'Avançon,NIL,ORG,Q3488135,Société des forces motrices de l'Arve,,20.246675491333008
GDL-1948-07-15-a-i0035,2811,2817,RENENS,Q69745,LOC,Q69745,Renens,,25.585636138916016
GDL-1948-07-15-a-i0035,2849,2854,C. P.,NIL,PER,NIL,C. P.,```json {} ```,0
GDL-1948-07-15-a-i0035,2903,2920,"M. Ruedi, notaire",NIL,PER,Q189010,notaire,,15.86703109741211
GDL-1948-07-15-a-i0035,2925,2959,Société de développement de Renens,NIL,ORG,Q69745,Renens,,19.591886520385742
GDL-1948-07-15-a-i0035,3008,3022,MM. D Dusserre,NIL,PER,NIL,MM. D Dusserre,no,0
GDL-1948-07-15-a-i0035,3024,3033,Chavannes,Q22485060,LOC,Q52704,Chavannes-le-Chêne,,26.703554153442383
GDL-1948-07-15-a-i0035,3036,3051,Clardon Antoine,NIL,PER,Q2853687,Antoine Blatin,,25.405349731445312
GDL-1948-07-15-a-i0035,3053,3061,Ecublens,Q69716,LOC,Q69716,Ecublens,,27.559167861938477
GDL-1948-07-15-a-i0035,3064,3069,Moraz,NIL,PER,Q2959846,Charles Morazé,,15.88515853881836
GDL-1948-07-15-a-i0035,3071,3079,Crissier,Q57121,LOC,Q57121,Crissier,,19.8187313079834
GDL-1948-07-15-a-i0035,3082,3093,MM. Manriry,NIL,PER,Q19933082,Marie-Martin-Jean-Alfred de Charry,,15.698272705078125
GDL-1948-07-15-a-i0035,3095,3103,Christin,NIL,PER,NIL,Christin,no,0
GDL-1948-07-15-a-i0035,3105,3112,Clardon,NIL,PER,Q26239199,Claude Salleron,,15.909809112548828
GDL-1948-07-15-a-i0035,3124,3128,Ross,NIL,PER,NIL,Ross,no,0
GDL-1948-07-15-a-i0035,3130,3137,Coderey,NIL,PER,Q3262635,Louis Marie du Couëdic,,16.048967361450195
GDL-1948-07-15-a-i0035,3141,3156,Arthur Miéville,NIL,PER,Q78066642,Adrien Miéville,,25.027904510498047
GDL-1948-07-15-a-i0035,3174,3180,Renens,Q69745,LOC,Q647,Rennes,,29.020565032958984
GDL-1948-07-15-a-i0035,3231,3240,Chavannes,Q22485060,LOC,Q1168879,Chevannes,,26.031341552734375
GDL-1948-07-15-a-i0035,3242,3250,Ecublens,Q69716,LOC,Q69716,Ecublens,,24.673908233642578
GDL-1948-07-15-a-i0035,3252,3260,Crissier,Q57121,LOC,Q57121,Crissier,,20.829233169555664
GDL-1948-07-15-a-i0035,3264,3270,Renens,Q69745,LOC,Q647,Rennes,,27.814002990722656
GDL-1948-07-15-a-i0035,3418,3424,Renens,Q69745,LOC,Q647,Rennes,,26.30830955505371
GDL-1948-12-11-a-i0039,27,36,Châtelard,Q1809798,LOC,Q861652,Châtelard,,30.28832244873047
GDL-1948-12-11-a-i0039,63,72,Châtelard,Q1809798,LOC,Q861652,Châtelard,,29.28440284729004
GDL-1948-12-11-a-i0039,73,86,Mon- '' treux,Q69354,LOC,Q1075907,Montrol-Sénard,,18.760812759399414
GDL-1948-12-11-a-i0039,266,270,Vaud,Q12771,LOC,Q12771,canton de Vaud,,28.547801971435547
GDL-1948-12-11-a-i0039,716,725,Châtelard,Q1809798,LOC,Q861652,Châtelard,,20.992876052856445
GDL-1948-12-11-a-i0039,930,944,Conseil d'Etat,Q662792,ORG,Q769657,Conseil d'État,,17.991769790649414
GDL-1958-07-29-a-i0071,146,159,Confédération,Q39,LOC,Q39,Suisse,,19.774927139282227
GDL-1958-07-29-a-i0071,223,270,Département fédéral des finances et des douanes,Q662317,ORG,Q662317,Département fédéral des finances,,37.86305618286133
GDL-1968-05-30-a-i0128,63,70,LONDRES,Q84,LOC,Q84,Londres,,21.949777603149414
GDL-1968-05-30-a-i0128,153,156,BRI,Q309195,ORG,Q309195,Banque des règlements internationaux,,20.068815231323242
GDL-1968-05-30-a-i0128,158,194,Banque des Règlements Internationaux,Q309195,ORG,Q309195,Banque des règlements internationaux,,26.355548858642578
GDL-1968-05-30-a-i0128,345,348,BRI,Q309195,ORG,Q309195,Banque des règlements internationaux,,16.833768844604492
GDL-1968-05-30-a-i0128,368,384,Banque de France,Q806950,ORG,Q806950,Banque de France,,37.943904876708984
GDL-1968-05-30-a-i0128,567,573,Europe,Q46,LOC,Q46,Europe,,28.99089241027832
GDL-1968-05-30-a-i0128,986,989,BRI,Q309195,ORG,Q806950,Banque de France,,20.308141708374023
GDL-1968-05-30-a-i0128,1034,1058,"Aile-, magne occidentale",Q713750,LOC,Q16640771,Générale Occidentale,"```json { ""wikipedia_page"": ""Générale Occidentale"", ""wikidata_id"": ""Q16640771"" } ```",11.904157638549805
GDL-1968-05-30-a-i0128,1137,1139,Ap,Q40469,ORG,NIL,Ap,No.,0
GDL-1968-11-02-a-i0267,29,40,Paul Morand,Q272,PER,Q272,Paul Morand,,45.914268493652344
GDL-1968-11-02-a-i0267,46,64,Académie française,Q161806,ORG,Q161806,Académie française,,32.67040252685547
GDL-1968-11-02-a-i0267,105,116,Paul Morand,Q272,PER,Q272,Paul Morand,,33.23818588256836
GDL-1968-11-02-a-i0267,164,181,Jean Schlumberger,Q322520,PER,Q322520,Jean Schlumberger,,36.74277114868164
GDL-1968-11-02-a-i0267,297,309,Schlumberger,Q322520,PER,Q322520,Jean Schlumberger,,33.92173385620117
GDL-1968-11-02-a-i0267,327,351,Nouvelle Revue Française,Q616067,PROD,Q616067,La Nouvelle Revue française,,35.222782135009766
GDL-1968-11-02-a-i0267,355,361,Morand,Q272,PER,Q272,Paul Morand,,32.04509735107422
GDL-1968-11-02-a-i0267,456,462,Morand,Q272,PER,Q272,Paul Morand,,27.852033615112305
GDL-1968-11-02-a-i0267,590,601,Tour Eiffel,Q243,LOC,Q243,tour Eiffel,,33.56620788574219
GDL-1968-11-02-a-i0267,792,798,Morand,Q272,PER,Q15268944,Eugène Morand,,25.682355880737305
GDL-1968-11-02-a-i0267,1338,1344,Morand,Q272,PER,Q272,Paul Morand,,29.838306427001953
GDL-1968-11-02-a-i0267,1377,1384,Paulhan,Q470557,PER,Q470557,Jean Paulhan,,31.189067840576172
GDL-1968-11-02-a-i0267,1400,1406,Proust,Q7199,PER,Q7199,Marcel Proust,,29.081315994262695
GDL-1968-11-02-a-i0267,1799,1810,Paul Morand,Q272,PER,Q272,Paul Morand,,36.45661926269531
GDL-1968-11-02-a-i0267,1826,1837,Tour Eiffel,Q243,LOC,Q243,tour Eiffel,,31.93376922607422
GDL-1968-11-02-a-i0267,2165,2182,Jean Schlumberger,Q322520,PER,Q322520,Jean Schlumberger,,37.33860778808594
GDL-1968-11-02-a-i0267,2262,2279,Jean Schlumberger,Q322520,PER,Q322520,Jean Schlumberger,,37.6270751953125
GDL-1968-11-02-a-i0267,2373,2382,Gallimard,Q273819,ORG,Q273819,Éditions Gallimard,,30.818031311035156
GDL-1968-11-02-a-i0267,2698,2710,Schlumberger,Q322520,PER,Q704218,Gustave Schlumberger,,29.321062088012695
GDL-1968-11-02-a-i0267,2930,2942,Schlumberger,Q322520,PER,Q704218,Gustave Schlumberger,,28.657583236694336
GDL-1968-11-02-a-i0267,3252,3256,Gide,Q47484,PER,Q47484,André Gide,,30.475921630859375
GDL-1968-11-02-a-i0267,3260,3274,Martin du Gard,Q129155,PER,Q129155,Roger Martin du Gard,,30.60562515258789
GDL-1968-11-02-a-i0267,3326,3329,NRF,Q616067,ORG,Q616067,La Nouvelle Revue française,,16.018705368041992
GDL-1968-11-02-a-i0267,3359,3374,Edmond Gilliard,Q3047840,PER,Q3047840,Edmond Gilliard,,40.933387756347656
GDL-1968-11-02-a-i0267,3399,3414,Cahiers vaudois,Q15695408,PROD,Q15695408,Cahiers vaudois,,23.071489334106445
GDL-1968-11-02-a-i0267,3435,3440,Ramuz,Q123635,PER,Q123635,Charles Ferdinand Ramuz,,19.695552825927734
GDL-1968-11-02-a-i0267,3502,3526,avenida de Los Pacificos,NIL,LOC,Q2873898,avenue d'Italie,"```json {""wikipedia_page"":""avenue d'Italie"", ""wikidata_id"":""Q2873898""} ```",11.702925682067871
GDL-1968-11-02-a-i0267,3553,3577,quartier de Pucnte Vjeja,NIL,LOC,NIL,quartier de Pucnte Vjeja,no,0
GDL-1968-11-02-a-i0267,3605,3615,Villacorte,NIL,LOC,Q25100061,,,19.64145278930664
GDL-1968-11-02-a-i0267,3681,3694,Gonzalo Arias,Q3699081,PER,Q3699081,Gonzalo Arias,,31.19901466369629
GDL-1968-11-02-a-i0267,3839,3853,Euscbio Martin,NIL,PER,Q3188809,Jules Moulier,,21.236228942871094
GDL-1968-11-02-a-i0267,3879,3885,Martin,NIL,PER,NIL,Martin,no,0
GDL-1968-11-02-a-i0267,4087,4122,général Tranco sauveur de la patrie,NIL,PER,Q602420,Antonio Guzmán Blanco,"Here is the disambiguated entity: ```json { ""wikipedia_page"": ""Antonio Guzmán Blanco"", ""wikidata_id"": ""Q602420"" } ```",10.664741516113281
GDL-1968-11-02-a-i0267,4376,4382,Martin,NIL,PER,Q63766436,Sébastien Martin,"Given the input text and the list of candidates, I will disambiguate the entity mentioned between the [ENT] tags. The entity mentioned is ""Martin"". From the list of candidates, the most appropriate Wikidata entity is ""Sébastien Martin"" with Wikidata ID ""Q63766436"" and Wikipedia page ""Sébastien Martin"". Therefore, the JSON-formatted answer is: ```json {""wikipedia_page"":""Sébastien Martin"", ""wikidata_id"":""Q63766436""} ```",12.993621826171875
GDL-1968-11-02-a-i0267,4413,4419,Martin,NIL,PER,NIL,Martin,No.,0
GDL-1968-11-02-a-i0267,4500,4514,Eusebio Martin,NIL,PER,Q16031392,,,25.541975021362305
GDL-1968-11-02-a-i0267,4657,4665,Le Monde,Q12461,PROD,Q12461,Le Monde,,27.75798797607422
GDL-1968-11-02-a-i0267,4681,4688,Espagne,Q29,LOC,Q29,Espagne,,24.978992462158203
GDL-1968-11-02-a-i0267,4761,4767,Madrid,Q2807,LOC,Q2807,Madrid,,25.53717613220215
GDL-1968-11-02-a-i0267,4818,4870,"M. Gonzalo Arias, fonctionnaire de ! Unesco, à Paris",Q3699081,PER,NIL,"M. Gonzalo Arias, fonctionnaire de ! Unesco, à Paris",no,0
GDL-1968-11-02-a-i0267,4945,4964,Jean-Marie Domenach,Q3167641,PER,Q3167641,Jean-Marie Domenach,,46.43642807006836
GDL-1968-11-02-a-i0267,5600,5613,totalitarisme,Q128135,PROD,Q128135,totalitarisme,,28.630836486816406
GDL-1968-11-02-a-i0267,5798,5810,Albin-Michel,Q2190366,ORG,Q2190366,Éditions Albin Michel,,33.63158416748047
GDL-1968-11-02-a-i0267,5872,5900,Armel Guerne. son adaptateur,Q2047594,PER,Q2047594,Armel Guerne,,22.186487197875977
GDL-1968-11-02-a-i0267,6081,6089,Occident,Q160381,LOC,Q160381,civilisation occidentale,,23.252912521362305
GDL-1968-11-02-a-i0267,6190,6198,Kawabata,Q43736,PER,Q43736,Yasunari Kawabata,,21.858924865722656
GDL-1968-11-02-a-i0267,6200,6209,Guy Dunmr,Q3121746,PER,Q3121746,Guy Dumur,,31.301856994628906
GDL-1968-11-02-a-i0267,6346,6354,Sarraute,Q297758,PER,Q297758,Nathalie Sarraute,,29.01725959777832
GDL-1968-11-02-a-i0267,6361,6374,Robbe-Grillet,Q216266,PER,Q216266,Alain Robbe-Grillet,,30.783336639404297
GDL-1968-11-02-a-i0267,6517,6525,Kawabata,Q43736,PER,Q43736,Yasunari Kawabata,,25.465778350830078
GDL-1968-11-02-a-i0267,6633,6641,Kawabata,Q43736,PER,Q43736,Yasunari Kawabata,,24.782663345336914
GDL-1968-11-02-a-i0267,6766,6785,France Albin-Michel,Q2831889,PER,Q2190366,Éditions Albin Michel,,19.73354148864746
GDL-1968-11-02-a-i0267,6917,6932,Israélien Agnon,Q133042,PER,Q133042,Samuel Joseph Agnon,,15.716682434082031
GDL-1968-11-02-a-i0267,6945,6967,Guatémaltèque Asturias,Q75603,PER,Q75603,Miguel Ángel Asturias,"```json {""wikipedia_page"": ""Miguel Ángel Asturias"", ""wikidata_id"": ""Q75603""} ```",13.420660972595215
GDL-1968-11-02-a-i0267,6982,7008,Japonais Yanusari Kawabata,Q43736,PER,Q43736,Yasunari Kawabata,,18.217063903808594
GDL-1968-11-02-a-i0267,7054,7067,André Malraux,Q151164,PER,Q151164,André Malraux,,39.823936462402344
GDL-1968-11-02-a-i0267,7127,7133,Thonon,Q206165,LOC,Q206165,Thonon-les-Bains,,28.300098419189453
GDL-1968-11-02-a-i0267,7275,7297,Municipalité de Thonon,NIL,ORG,Q28942567,Thonon Agglomération,,29.600505828857422
GDL-1968-11-02-a-i0267,7461,7467,Thonon,Q206165,LOC,Q206165,Thonon-les-Bains,,27.57396125793457
GDL-1968-11-02-a-i0267,7579,7599,Municipalité de Caen,NIL,ORG,Q41185,Caen,,28.95174217224121
GDL-1968-11-02-a-i0267,7629,7639,Jo Trehard,Q3179419,PER,Q3179419,Jo Tréhard,,43.448429107666016
GDL-1968-11-02-a-i0267,7690,7714,Théâtre national de Caen,Q3527622,ORG,Q3527622,théâtre de Caen,,40.698978424072266
GDL-1968-11-02-a-i0267,7770,7775,Paris,Q90,LOC,Q90,Paris,,19.060962677001953
GDL-1968-11-02-a-i0267,7943,7950,Trehard,Q3179419,PER,Q3179419,Jo Tréhard,,31.198970794677734
GDL-1968-11-02-a-i0267,8049,8058,Normandie,Q18677875,LOC,Q15878,Normandie,,25.046863555908203
GDL-1968-11-02-a-i0267,8073,8087,Champs-Elysées,Q550,LOC,Q550,avenue des Champs-Élysées,,28.374998092651367
GDL-1968-11-02-a-i0267,8103,8118,Opéra de Vienne,Q209937,ORG,Q209937,opéra d'État de Vienne,,28.682567596435547
GDL-1968-11-02-a-i0267,8170,8175,Paris,Q90,LOC,Q90,Paris,,31.24517250061035
GDL-1968-11-02-a-i0267,8240,8254,Alwin Nikoldis,Q449880,PER,Q449880,Alwin Nikolais,,27.339733123779297
GDL-1968-11-02-a-i0267,8331,8349,Gazette littéraire,NIL,PROD,Q3099770,Gazette littéraire de l'Europe,,19.247222900390625
GDL-1968-11-02-a-i0267,8569,8581,Rauschcnberg,Q164358,PER,Q164358,Robert Rauschenberg,,26.13935089111328
GDL-1968-11-02-a-i0267,8606,8611,Paris,Q90,LOC,Q90,Paris,,21.807893753051758
GDL-1968-11-02-a-i0267,8626,8643,Galerie Sonnabend,NIL,ORG,Q531499,Ileana Sonnabend,,22.722436904907227
GDL-1968-11-02-a-i0267,8685,8714,Musée municipal d'art moderne,Q857276,ORG,Q857276,musée d'Art moderne de Paris,,37.44524002075195
GDL-1968-11-02-a-i0267,8755,8767,Rauschenberg,Q164358,PER,Q164358,Robert Rauschenberg,,26.289615631103516
GDL-1968-11-02-a-i0267,8899,8905,Calder,Q151580,PER,Q151580,Alexander Calder,,25.403911590576172
GDL-1968-11-02-a-i0267,8911,8917,Maeght,Q2742485,ORG,Q1435689,Fondation Maeght,,23.244892120361328
GDL-1968-11-02-a-i0267,8921,8927,Stahly,Q468744,PER,Q468744,François Stahly,,26.03934097290039
GDL-1968-11-02-a-i0267,8933,8948,Galerie Speyers,NIL,ORG,Q87671134,Kunstverein Speyer,,23.490217208862305
GDL-1968-11-02-a-i0267,9087,9093,Jouvet,Q60801,PER,Q60801,Louis Jouvet,,23.461429595947266
GDL-1968-11-02-a-i0267,9109,9118,Giraudoux,Q309974,PER,Q309974,Jean Giraudoux,,18.708250045776367
GDL-1968-11-02-a-i0267,9198,9202,Piaf,Q1631,PER,Q1631,Édith Piaf,,25.398942947387695
GDL-1968-11-02-a-i0267,9216,9228,Raymond Asso,Q2552540,PER,Q2552540,Raymond Asso,,28.437204360961914
GDL-1968-11-02-a-i0267,9246,9258,Raymond Asso,Q2552540,PER,Q2552540,Raymond Asso,,29.153392791748047
GDL-1968-11-02-a-i0267,9337,9344,Montand,Q106057,PER,Q106057,Yves Montand,,20.881399154663086
GDL-1968-11-02-a-i0267,9359,9366,Olympia,Q915451,ORG,Q915451,Olympia,,18.79643440246582
GDL-1968-11-02-a-i0267,9372,9377,Gréco,Q156485,PER,Q156485,Juliette Gréco,,19.822086334228516
GDL-1968-11-02-a-i0267,9391,9397,Bobino,Q888776,ORG,Q888776,Bobino,,19.70426368713379
GDL-1968-11-02-a-i0267,9438,9451,Pierre Perret,Q2093776,PER,Q2093776,Pierre Perret,,38.141265869140625
GDL-1968-11-02-a-i0267,9469,9483,Georges Chelon,Q3102470,PER,Q3102470,Georges Chelon,,31.36763572692871
GDL-1968-11-02-a-i0267,9525,9530,Seine,Q1471,LOC,Q1471,Seine,,18.477582931518555
GDL-1978-06-23-a-i0197,342,349,Londres,Q84,LOC,Q84,Londres,,27.714637756347656
GDL-1978-06-23-a-i0197,356,370,M. Cyrus Vance,Q296661,PER,Q296661,Cyrus Vance,,29.671049118041992
GDL-1978-06-23-a-i0197,414,420,Israël,Q801,LOC,Q801,Israël,,20.60063362121582
GDL-1978-06-23-a-i0197,426,432,Egypte,Q79,LOC,Q79,Égypte,,20.477436065673828
GDL-1978-06-23-a-i0197,521,534,Proche-Orient,Q7204,LOC,Q48214,Proche-Orient,,32.635345458984375
GDL-1978-06-23-a-i0197,582,591,Jérusalem,Q1218,LOC,Q1218,Jérusalem,,26.7131290435791
GDL-1978-06-23-a-i0197,595,603,Le Caire,Q85,LOC,Q85,Le Caire,,31.00568962097168
GDL-1978-06-23-a-i0197,741,749,New York,Q60,LOC,Q60,New York,,28.149538040161133
GDL-1978-06-23-a-i0197,752,767,Louis Wiznitzer,NIL,PER,Q16744989,Luis Kemnitzer,,26.821067810058594
GDL-1978-06-23-a-i0197,940,950,Etats-Unis,Q30,LOC,Q30,États-Unis,,24.662479400634766
GDL-1978-06-23-a-i0197,1046,1055,M. Sadate,Q42013,PER,Q42013,Anouar el-Sadate,,27.02715492248535
GDL-1978-06-23-a-i0197,1537,1590,"M. Holding Carter, porte-parole du Département d'Etat",Q5875974,PER,Q14213,secrétaire d'État des États-Unis,,17.269079208374023
GDL-1978-06-23-a-i0197,1716,1769,"M. Javits, sénateur de New York juif et pro-israèlien",Q1875906,PER,Q1875906,Jacob K. Javits,,19.036746978759766
GDL-1978-06-23-a-i0197,1789,1797,Capitole,Q54109,LOC,Q54109,Capitole des États-Unis,,25.048288345336914
GDL-1978-06-23-a-i0197,1930,1936,Israël,Q801,LOC,Q801,Israël,,22.30796241760254
GDL-1978-06-23-a-i0197,1969,1978,M. Carter,Q23685,PER,Q23685,Jimmy Carter,,26.839017868041992
GDL-1978-06-23-a-i0197,1993,2001,M. Begin,Q130873,PER,Q130873,Menahem Begin,,25.10895538330078
GDL-1978-06-23-a-i0197,2214,2217,USA,Q30,LOC,Q30,États-Unis,,22.526790618896484
GDL-1978-06-23-a-i0197,2250,2256,Israël,Q801,LOC,Q801,Israël,,24.219871520996094
GDL-1978-06-23-a-i0197,2331,2342,Cisjordanie,Q36678,LOC,Q36678,Cisjordanie,,25.66139030456543
GDL-1978-06-23-a-i0197,2346,2350,Gaza,Q39760,LOC,Q47492,Gaza,,26.281389236450195
GDL-1978-06-23-a-i0197,2365,2371,Israël,Q801,LOC,Q801,Israël,,20.31205940246582
GDL-1978-06-23-a-i0197,2458,2464,Egypte,Q79,LOC,Q79,Égypte,,22.9608154296875
GDL-1978-06-23-a-i0197,2600,2610,Etats-Unis,Q30,LOC,Q30,États-Unis,,23.773900985717773
GDL-1978-06-23-a-i0197,2701,2710,M. Sadate,Q42013,PER,Q42013,Anouar el-Sadate,,25.82731056213379
GDL-1978-06-23-a-i0197,2736,2747,roi Hussein,Q146906,PER,Q146906,Hussein Ier de Jordanie,,24.274028778076172
GDL-1988-07-08-a-i0186,0,26,J 3 ENÈVE Nastassia Kinski,Q76711,PER,Q76711,Nastassja Kinski,"```json { ""wikipedia_page"": ""Nastassia Kinski"", ""wikidata_id"": ""Q76711"" } ```",12.498323440551758
GDL-1988-07-08-a-i0186,55,58,ATS,Q430109,ORG,NIL,ATS,```json {} ```,0
GDL-1988-07-08-a-i0186,63,87,actrice Nastassia Kinski,Q76711,PER,Q76711,Nastassja Kinski,,22.377103805541992
GDL-1988-07-08-a-i0186,114,120,Genève,Q71,LOC,Q71,Genève,,32.116790771484375
GDL-1988-07-08-a-i0186,151,172,société Leila Film SA,NIL,ORG,Q18195767,société anonyme,,15.707884788513184
GDL-1988-07-08-a-i0186,234,275,"Henri Dunant, fondateur de la Croix-Rouge",Q12091,PER,Q12091,Henry Dunant,,27.86024284362793
GDL-1988-07-08-a-i0186,280,303,Conseil d'Etat genevois,Q2546890,ORG,Q2546890,Conseil d'État du canton de Genève,,37.552772521972656
GDL-1988-07-08-a-i0186,398,414,Nastassia Kinski,Q76711,PER,Q76711,Nastassja Kinski,,37.460357666015625
GDL-1988-07-08-a-i0186,600,616,Nastassia Kinski,Q76711,PER,Q76711,Nastassja Kinski,,37.790985107421875
GDL-1988-07-08-a-i0186,694,700,Genève,Q71,LOC,Q71,Genève,,26.472980499267578
GDL-1988-07-08-a-i0186,740,756,Nastassia Kinski,Q76711,PER,Q76711,Nastassja Kinski,,35.10519027709961
GDL-1988-07-08-a-i0186,805,843,Comité International de la Croix-Rouge,Q5987345,ORG,Q5987345,Comité international de la Croix-Rouge,,39.625057220458984
GDL-1988-07-08-a-i0186,845,849,CICR,Q5987345,ORG,Q5987345,Comité international de la Croix-Rouge,,30.020132064819336
GDL-1988-07-08-a-i0186,855,869,Conseil d'Etat,Q2546890,ORG,Q2546890,Conseil d'État du canton de Genève,,23.471294403076172
IMP-1908-10-03-a-i0027,22,28,FRANCE,Q142,LOC,Q142,France,,18.8038387298584
IMP-1908-10-03-a-i0027,114,127,rue du Temple,Q3452610,LOC,Q3452610,rue du Temple,,23.30446434020996
IMP-1908-10-03-a-i0027,137,163,rue Notre-Dame-de-Nazareth,Q3449324,LOC,Q3449324,rue Notre-Dame-de-Nazareth,,29.077550888061523
IMP-1908-10-03-a-i0027,444,463,hôpital Saint-Louis,Q1569396,ORG,Q1569396,hôpital Saint-Louis,,19.406652450561523
IMP-1908-10-03-a-i0027,535,543,Guillard,NIL,PER,NIL,Guillard,```json {} ```,0
IMP-1908-10-03-a-i0027,683,692,ALLEMAGNE,Q183,LOC,NIL,ALLEMAGNE,no,0
IMP-1908-10-03-a-i0027,718,728,Magdebourg,Q1733,LOC,Q1733,Magdebourg,,22.25739288330078
IMP-1908-10-03-a-i0027,752,827,"Paul Reindel, ancien exécuteur des hautes œuvres pour la Prusse occidentale",NIL,PER,Q2058994,Paul Brendel,,16.4858455657959
IMP-1908-10-03-a-i0027,994,1001,M. Paul,NIL,PER,Q1461675,Friedrich Reindel,"Based on the provided text and the list of candidates, the entity mentioned between the [ENT] tags, ""Paul Reindel"", is likely to be the same person as the candidate ""Friedrich Reindel"". Therefore, the Wikidata ID and Wikipedia page title for this entity are ""Q1461675"" and ""Friedrich Reindel"" respectively. Here is the JSON response: ```json {""wikipedia_page"": ""Friedrich Reindel"", ""wikidata_id"": ""Q1461675""} ```",7.046615123748779
IMP-1908-10-03-a-i0027,1094,1101,Reindel,NIL,PER,Q1461675,Friedrich Reindel,,17.681175231933594
IMP-1908-10-03-a-i0027,1314,1323,Allemagne,Q183,LOC,Q183,Allemagne,,17.128543853759766
IMP-1908-10-03-a-i0027,1332,1347,iJKeaz Schwietz,NIL,PER,NIL,iJKeaz Schwietz,No,0
IMP-1908-10-03-a-i0027,1367,1376,Br eslasi,Q1799,LOC,NIL,Br eslasi,```json {} ```,0
IMP-1908-10-03-a-i0027,1408,1415,Reindel,NIL,PER,Q1461675,Friedrich Reindel,,16.68637466430664
IMP-1908-10-03-a-i0027,1429,1444,femme _JVie & e,NIL,PER,NIL,femme _JVie & e,no,0
IMP-1908-10-03-a-i0027,1467,1476,Hambour'g,Q1055,LOC,Q1055,Hambourg,,15.822410583496094
IMP-1908-10-03-a-i0027,1585,1625,"Mailau, cet employé de la ville d'Altona",NIL,PER,NIL,"Mailau, cet employé de la ville d'Altona",no,0
IMP-1908-10-03-a-i0027,1757,1763,RUSSIE,Q159,LOC,Q159,Russie,"```json {""wikipedia_page"":""Russie"", ""wikidata_id"":""Q159""} ```",14.179431915283203
IMP-1908-10-03-a-i0027,1852,1859,Bosdani,NIL,LOC,NIL,Bosdani,no.,0
IMP-1908-10-03-a-i0027,3075,3080,Vilna,Q216,LOC,Q216,Vilnius,,23.718481063842773
IMP-1908-10-03-a-i0027,3623,3631,Soboline,NIL,LOC,Q271925,Sozopol,,17.320520401000977
IMP-1908-10-03-a-i0027,4703,4713,ANGLETERRE,Q21,LOC,Q21,Angleterre,,20.084623336791992
IMP-1908-10-03-a-i0027,4762,4776,Daily _Express,Q610190,PROD,Q610190,Daily Express,,28.703554153442383
IMP-1908-10-03-a-i0027,5028,5038,Angleterre,Q21,LOC,Q21,Angleterre,,26.15427017211914
IMP-1908-10-03-a-i0027,5568,5581,Daily Express,Q610190,PROD,Q610190,Daily Express,,24.79207992553711
IMP-1908-10-03-a-i0027,5815,5823,New-York,Q60,LOC,Q60,New York,,27.661718368530273
IMP-1908-10-03-a-i0027,5835,5891,"M !. Pierpont Morgan, le célèbre milliarc aire américain",Q54168,PER,NIL,"M !. Pierpont Morgan, le célèbre milliarc aire américain","```json {""wikipedia_page"": ""Pierpont Morgan"", ""wikidata_id"": ""Q42518""} ```",0
IMP-1908-10-03-a-i0027,5999,6024,baron James de Rothschild,Q6128825,PER,Q334120,Nathan Mayer Rothschild,,19.671884536743164
IMP-1908-10-03-a-i0027,6044,6063,Banque d'Angleterre,Q183231,ORG,Q183231,banque d'Angleterre,,35.66796112060547
IMP-1938-09-23-a-i0145,49,64,Tchécoslovaquie,Q33946,LOC,Q33946,Tchécoslovaquie,,23.412609100341797
IMP-1938-09-23-a-i0145,70,92,général tchèque Sirovy,Q974542,PER,Q974542,Jan Syrový,,19.02265167236328
IMP-1938-09-23-a-i0145,140,164,Prague La Chaux-de-Fonds,Q68124,LOC,NIL,Prague La Chaux-de-Fonds,```json {} ```,0
IMP-1938-09-23-a-i0145,203,212,Godesberg,Q153260,LOC,Q153260,Bad Godesberg,,20.8823184967041
IMP-1938-09-23-a-i0145,398,404,Berlin,Q64,LOC,Q64,Berlin,,20.45952606201172
IMP-1938-09-23-a-i0145,651,657,Prague,Q1085,LOC,Q1085,Prague,,17.92154884338379
IMP-1938-09-23-a-i0145,763,777,général Sirovy,Q974542,PER,Q974542,Jan Syrový,,19.23908805847168
IMP-1938-09-23-a-i0145,884,889,Reich,Q7318,LOC,Q960541,Reich,"Based on the provided text and the list of candidates, the entity mentioned between the [ENT] tags is likely referring to ""Reich"". The most appropriate Wikidata entity from the given list of candidates is ""Reich"". ```json {""wikipedia_page"":""Reich"", ""wikidata_id"":""Q960541""} ```",13.89773178100586
IMP-1938-09-23-a-i0145,943,949,Prague,Q1085,LOC,Q1085,Prague,,19.184432983398438
IMP-1938-09-23-a-i0145,1072,1078,Hitler,Q352,PER,Q352,Adolf Hitler,,21.988252639770508
IMP-1938-09-23-a-i0145,1249,1258,Godesberg,Q153260,LOC,Q5576335,,,21.06454086303711
IMP-1938-09-23-a-i0145,1311,1320,Godesberg,Q153260,LOC,Q5576335,,,20.18853187561035
IMP-1938-09-23-a-i0145,1439,1453,M. Chamberlain,Q10664,PER,Q10664,Neville Chamberlain,,25.729209899902344
IMP-1938-09-23-a-i0145,1472,1479,Londres,Q84,LOC,Q84,Londres,,22.36127471923828
IMP-1938-09-23-a-i0145,1518,1535,chancelier Hitler,Q352,PER,Q352,Adolf Hitler,"Based on the provided text and the list of candidates, the most appropriate Wikidata entity for the entity mentioned between the [ENT] tags, which appears to be ""Hitler"", is: ```json {""wikipedia_page"":""Adolf Hitler"", ""wikidata_id"":""Q352""} ```",15.38963508605957
IMP-1938-09-23-a-i0145,1640,1655,Tchécoslovaquie,Q33946,LOC,Q33946,Tchécoslovaquie,,26.02703857421875
IMP-1938-09-23-a-i0145,1674,1680,Oeuvre,Q1880717,PROD,NIL,Oeuvre,```json {} ```,0
IMP-1938-09-23-a-i0145,1836,1842,Hitler,Q352,PER,Q352,Adolf Hitler,,20.264606475830078
IMP-1938-09-23-a-i0145,2062,2068,Prague,Q1085,LOC,Q1085,Prague,,23.500057220458984
IMP-1938-09-23-a-i0145,2229,2237,Varsovie,Q270,LOC,Q270,Varsovie,,21.57393455505371
IMP-1938-09-23-a-i0145,2243,2251,Budapest,Q1781,LOC,Q1781,Budapest,,22.379438400268555
IMP-1938-09-23-a-i0145,2490,2497,Londres,Q84,LOC,Q84,Londres,,23.60477066040039
IMP-1938-09-23-a-i0145,2552,2558,Prague,Q1085,LOC,Q1085,Prague,,28.5759220123291
IMP-1938-09-23-a-i0145,2867,2873,Prague,Q1085,LOC,Q1085,Prague,,26.59445571899414
IMP-1938-09-23-a-i0145,3021,3027,Epoque,Q63171281,PROD,Q112206500,L'Époque,"Based on the provided list of candidates and the given input text, the most appropriate Wikidata entity for the term ""Époque"" is: ```json {""wikipedia_page"":""L'Époque"", ""wikidata_id"":""Q112206500""} ``` This entity matches the context of the input text, which discusses historical events and the period during which the event takes place.",10.278185844421387
IMP-1938-09-23-a-i0145,3151,3157,Europe,Q46,LOC,Q46,Europe,,19.355194091796875
IMP-1938-09-23-a-i0145,3319,3325,Berlin,Q64,LOC,Q64,Berlin,,17.54559898376465
IMP-1938-09-23-a-i0145,3331,3337,Vienne,Q1741,LOC,Q1741,Vienne,,21.641199111938477
IMP-1938-09-23-a-i0145,3343,3350,Breslau,Q1799,LOC,Q1799,Wrocław,,21.787933349609375
IMP-1938-09-23-a-i0145,3356,3363,Trieste,Q546,LOC,Q546,Trieste,,22.71086883544922
IMP-1938-09-23-a-i0145,3396,3401,Paris,Q90,LOC,Q90,Paris,,17.4108943939209
IMP-1938-09-23-a-i0145,3486,3492,Europe,Q46,LOC,Q46,Europe,,17.354230880737305
IMP-1938-09-23-a-i0145,3497,3506,Allemagne,Q183,LOC,Q183,Allemagne,,15.881183624267578
IMP-1938-09-23-a-i0145,3693,3700,Journal,Q3223697,PROD,Q3223697,Le Journal,"```json { ""wikipedia_page"": ""Le Journal"", ""wikidata_id"": ""Q3223697"" } ```",13.172636032104492
IMP-1938-09-23-a-i0145,3811,3815,Rome,Q220,LOC,NIL,Rome,```json {} ```,0
IMP-1938-09-23-a-i0145,3905,3910,Reich,Q7318,ORG,NIL,Reich,No,0
IMP-1938-09-23-a-i0145,3929,3944,Tchécoslovaquie,Q33946,LOC,Q33946,Tchécoslovaquie,,26.58072853088379
IMP-1938-09-23-a-i0145,4003,4011,Roumanie,Q218,LOC,Q218,Roumanie,,20.09908676147461
IMP-1938-09-23-a-i0145,4294,4297,P..,NIL,PER,NIL,P..,```json {} ```,0
IMP-1958-02-28-a-i0106,12,46,M. Paul CHAUDET Conseiller fédéral,Q118284,PER,NIL,M. Paul CHAUDET Conseiller fédéral,no,0
IMP-1958-02-28-a-i0106,175,196,"Cërcîè ~""__-. "" Sapin",NIL,ORG,NIL,"Cërcîè ~""__-. "" Sapin",no,0
IMP-1958-02-28-a-i0106,225,240,M. Paul Chaudet,Q118284,PER,Q43510162,Claude Pahud,,27.39002227783203
IMP-1958-02-28-a-i0106,459,473,Giuseppe Motta,Q559892,PER,Q559892,Giuseppe Motta,,40.24404525756836
IMP-1958-02-28-a-i0106,476,493,Rodolphe Rubattel,Q661957,PER,Q661957,Rodolphe Rubattel,,43.95488357543945
IMP-1958-02-28-a-i0106,497,514,Edmond Schulthess,Q118243,PER,Q118243,Edmund Schulthess,,34.17112731933594
IMP-1958-02-28-a-i0106,517,533,Max _Petitnierre,Q664453,PER,Q664453,Max Petitpierre,,33.03132629394531
IMP-1958-02-28-a-i0106,585,600,M. Paul Chaudet,Q118284,PER,Q118284,Paul Chaudet,,26.149860382080078
IMP-1958-02-28-a-i0106,684,713,Département militaire fédéral,NIL,ORG,Q667135,"département fédéral de la défense, de la protection de la population et des sports",,28.32516860961914
IMP-1958-02-28-a-i0106,1004,1014,M. Chaudet,Q118284,PER,Q3309719,Michel Gaudet,,22.962961196899414
IMP-1958-02-28-a-i0106,1218,1244,Conseiller fédéral Chaudet,Q118284,PER,Q1065124,Charles Juillard,,24.0967960357666
IMP-1958-02-28-a-i0106,1288,1305,La Chaux-de-Fonds,Q68124,LOC,Q68124,La Chaux-de-Fonds,,38.86677169799805
IMP-1958-02-28-a-i0106,1573,1602,Département militaire fédéral,NIL,ORG,Q667135,"département fédéral de la défense, de la protection de la population et des sports",,26.489334106445312
IMP-1958-02-28-a-i0106,1626,1676,Conseiller d'Etat et aux Etats Jean-Louis Barrelet,NIL,PER,Q3253709,liste des présidents et vice-présidents du Conseil d'État,,21.602584838867188
IMP-1958-02-28-a-i0106,1680,1720,"M. Jules Favre, vice-président de l'ANEP",NIL,PER,Q16664612,ministère de l'Enseignement supérieur,,16.074947357177734
IMP-1958-02-28-a-i0106,1808,1819,L'IMPARTIAL,Q3204036,PROD,Q3204036,L'Impartial,"```json { ""wikipedia_page"": ""L'Impartial"", ""wikidata_id"": ""Q3204036"" } ```",8.00278377532959
IMP-1988-12-30-a-i0015,0,11,Marie-Laure,NIL,PER,Q109044425,Marie-Laure,,18.339223861694336
IMP-1988-12-30-a-i0015,15,23,Virginie,NIL,PER,Q18589835,Nadia Khiari,,19.381214141845703
IMP-1988-12-30-a-i0015,75,80,Libye,Q1016,LOC,Q1016,Libye,,23.019765853881836
IMP-1988-12-30-a-i0015,122,134,Méditerranée,Q155552,LOC,Q4918,mer Méditerranée,,21.98288917541504
IMP-1988-12-30-a-i0015,145,168,mère Jacqueline Valente,NIL,PER,Q28053863,Céline Bardet,,17.97974967956543
IMP-1988-12-30-a-i0015,191,241,groupe palestinien dissident Fatah-CR d'Abou Nidal,Q1638579,ORG,Q1638579,Fatah-Conseil révolutionnaire,,21.137235641479492
IMP-1988-12-30-a-i0015,268,279,Marie-Laure,NIL,PER,Q104376660,Maria,,17.501501083374023
IMP-1988-12-30-a-i0015,283,291,Virginie,NIL,PER,Q18589835,Nadia Khiari,,23.940645217895508
IMP-1988-12-30-a-i0015,417,425,Benghazi,Q40816,LOC,Q40816,Benghazi,,37.51707077026367
IMP-1988-12-30-a-i0015,427,432,Libye,Q1016,LOC,Q1016,Libye,,26.978679656982422
IMP-1988-12-30-a-i0015,471,490,père Pascal Bétille,NIL,PER,Q2827792,Aide aux parents d'enfants victimes,,20.182987213134766
IMP-1988-12-30-a-i0015,493,500,Tripoli,Q3579,LOC,Q3579,Tripoli,,31.82394027709961
IMP-1988-12-30-a-i0015,531,564,ambassadeur français Léon Bouvier,Q3270771,PER,Q3270771,Léon Bouvier,,26.377634048461914
IMP-1988-12-30-a-i0015,614,620,France,Q142,LOC,Q142,France,,25.920188903808594
IMP-1988-12-30-a-i0015,688,694,Istres,Q203759,LOC,Q203759,Istres,,26.834611892700195
IMP-1988-12-30-a-i0015,704,734,agence de presse libyenne Jana,Q1163812,ORG,Q192283,agence de presse,,25.202043533325195
IMP-1988-12-30-a-i0015,966,976,M. Bouvier,Q3270771,PER,Q3270771,Léon Bouvier,,15.640164375305176
IMP-1988-12-30-a-i0015,980,990,M. Bétille,NIL,PER,Q4291089,Michèle Bennett,,19.059701919555664
IMP-1988-12-30-a-i0015,1002,1020,Jacqueline Valente,NIL,PER,Q22210048,Jacqueline Cadet,,31.891088485717773
IMP-1988-12-30-a-i0015,1054,1061,Tripoli,Q3579,LOC,Q3579,Tripoli,,30.910236358642578
IMP-1988-12-30-a-i0015,1205,1227,Jean-Charles Marchiani,Q3164674,PER,Q3164674,Jean-Charles Marchiani,,37.30242156982422
IMP-1988-12-30-a-i0015,1330,1335,Liban,Q822,LOC,Q822,Liban,,22.972902297973633
IMP-1988-12-30-a-i0015,1346,1353,KADHAFI,Q19878,PER,Q19878,Mouammar Kadhafi,,25.57455062866211
IMP-1988-12-30-a-i0015,1357,1374,groupe Abou Nidal,Q1638579,ORG,Q1638579,Fatah-Conseil révolutionnaire,,24.082244873046875
IMP-1988-12-30-a-i0015,1406,1414,Beyrouth,Q3820,LOC,Q3820,Beyrouth,,32.14431381225586
IMP-1988-12-30-a-i0015,1472,1505,dirigeant libyen Mouammar Kadhafi,Q19878,PER,Q19878,Mouammar Kadhafi,,23.883071899414062
IMP-1988-12-30-a-i0015,1564,1575,Marie-Laure,NIL,PER,Q111166755,Julie-Marguerite-Lia Blanchard,,15.57392692565918
IMP-1988-12-30-a-i0015,1579,1587,Virginie,NIL,PER,Q16941033,Virginie Boutaud,,20.036861419677734
IMP-1988-12-30-a-i0015,1589,1609,Mme Brigitte Valente,NIL,PER,Q3087834,Frigide Barjot,,24.96627426147461
IMP-1988-12-30-a-i0015,1626,1649,"père, M. Pascal Bétille",NIL,PER,Q61014236,Bénédicte Pételle,,20.69057273864746
IMP-1988-12-30-a-i0015,1679,1687,Beyrouth,Q3820,LOC,Q3820,Beyrouth,,30.937641143798828
IMP-1988-12-30-a-i0015,1748,1754,France,Q142,LOC,Q142,France,,24.849912643432617
IMP-1988-12-30-a-i0015,1793,1796,ats,Q430109,ORG,Q2826714,Agence tunisienne d'Internet,,21.707908630371094
IMP-1988-12-30-a-i0015,1798,1801,afp,Q40464,ORG,Q40464,Agence France-Presse,,29.410245895385742
IMP-1998-07-23-a-i0080,0,13,Proche-Orient,Q48214,LOC,Q48214,Proche-Orient,,27.636159896850586
IMP-1998-07-23-a-i0080,70,83,Proche-Orient,Q48214,LOC,Q48214,Proche-Orient,,34.10744094848633
IMP-1998-07-23-a-i0080,109,145,"président palestinien, Yasser Arafat",Q34211,PER,Q2336111,président de l'Autorité palestinienne,,24.021320343017578
IMP-1998-07-23-a-i0080,198,204,Israël,Q801,LOC,Q801,Israël,,26.173086166381836
IMP-1998-07-23-a-i0080,351,356,Golan,Q83210,LOC,Q83210,plateau du Golan,,26.807764053344727
IMP-1998-07-23-a-i0080,362,367,Syrie,Q858,LOC,Q858,Syrie,,23.828794479370117
IMP-1998-07-23-a-i0080,424,437,Yasser Arafat,Q34211,PER,Q34211,Yasser Arafat,,32.97563934326172
IMP-1998-07-23-a-i0080,457,461,Gaza,Q47492,LOC,Q47492,Gaza,,32.954471588134766
IMP-1998-07-23-a-i0080,585,591,Israël,Q801,LOC,Q801,Israël,,23.77751922607422
IMP-1998-07-23-a-i0080,684,695,Cisjordanie,Q36678,LOC,Q36678,Cisjordanie,,28.216079711914062
IMP-1998-07-23-a-i0080,871,884,Yasser Arafat,Q34211,PER,Q34211,Yasser Arafat,,41.60052490234375
IMP-1998-07-23-a-i0080,985,995,Washington,Q61,LOC,Q61,Washington,,17.967967987060547
IMP-1998-07-23-a-i0080,1037,1048,Cisjordanie,Q36678,LOC,Q36678,Cisjordanie,,24.65081787109375
IMP-1998-07-23-a-i0080,1153,1158,Syrie,Q858,LOC,Q858,Syrie,,21.847429275512695
IMP-1998-07-23-a-i0080,1162,1165,afp,Q40464,ORG,Q40464,Agence France-Presse,,26.092636108398438
IMP-1998-07-23-a-i0080,1166,1172,reuter,Q130879,ORG,Q130879,Reuters,,21.906726837158203
IMP-2008-04-28-a-i0239,0,13,Stéphane Joly,Q2360344,PER,Q2360344,Stéphane Joly,,48.80122756958008
IMP-2008-04-28-a-i0239,104,110,Suisse,Q39,LOC,Q39,Suisse,,23.55880355834961
IMP-2008-04-28-a-i0239,120,133,Stéphane Joly,Q2360344,PER,Q2360344,Stéphane Joly,,57.145347595214844
IMP-2008-04-28-a-i0239,168,176,Hambourg,Q1055,LOC,Q1055,Hambourg,,26.985544204711914
IMP-2008-04-28-a-i0239,236,241,Pékin,Q956,LOC,Q956,Pékin,,20.24973487854004
IMP-2008-04-28-a-i0239,273,285,Stade Genève,NIL,ORG,Q215295,Stade de Genève,,27.047393798828125
IMP-2008-04-28-a-i0239,386,394,Breuleux,Q68086,LOC,Q68086,Les Breuleux,,18.592182159423828
IMP-2008-04-28-a-i0239,634,648,Patrick Wieser,Q87462075,PER,Q87462075,Patrick Wieser,,49.85048294067383
IMP-2008-04-28-a-i0239,672,678,Suisse,Q39,LOC,Q39,Suisse,,20.63154411315918
IMP-2008-04-28-a-i0239,763,782,Kényan Daid Mandago,Q936612,PER,Q3307115,Madingo-Kayes,,21.645591735839844
IMP-2008-04-28-a-i0239,810,835,compatriote Wilfred Kigen,Q351451,PER,Q21467451,Wilfred Kirwa Kigen,,18.024904251098633
IMP-2008-04-28-a-i0239,864,885,Russe Irina Timofeeva,Q451089,PER,Q451089,Irina Timofeyeva,,19.43030548095703
IMP-2008-04-28-a-i0239,953,978,Kényane Pamela Chepchumba,Q274701,PER,Q274701,Pamela Chepchumba,,19.754194259643555
IMP-2008-04-28-a-i0239,1005,1022,Kényan Abel Kirui,Q1704,PER,Q1704,Abel Kirui,,21.806394577026367
IMP-2008-04-28-a-i0239,1062,1068,Vienne,Q1741,LOC,Q1741,Vienne,,24.972742080688477
IMP-2008-04-28-a-i0239,1118,1143,compatriotes Duncan Kibet,Q922817,PER,NIL,compatriotes Duncan Kibet,no,0
IMP-2008-04-28-a-i0239,1147,1158,Paul Biwott,Q945837,PER,Q945837,Paul Biwott,,33.95410919189453
IMP-2008-04-28-a-i0239,1163,1187,Roumaine Luminata Talpos,NIL,PER,Q1117558,Luminița Talpoș,,21.85161590576172
IMP-2008-04-28-a-i0239,1249,1265,si STÉPHANE JOLY,Q2360344,PER,NIL,si STÉPHANE JOLY,no,0
IMP-2008-10-17-a-i0019,60,63,BNS,Q597394,ORG,Q597394,Banque nationale suisse,,34.669212341308594
IMP-2008-10-17-a-i0019,87,90,UBS,Q193199,ORG,Q193199,UBS,,28.071863174438477
IMP-2008-10-17-a-i0019,225,248,Banque nationale suisse,Q597394,ORG,Q597394,Banque nationale suisse,,47.54824447631836
IMP-2008-10-17-a-i0019,250,253,BNS,Q597394,ORG,Q597394,Banque nationale suisse,,33.65906524658203
IMP-2008-10-17-a-i0019,258,261,UBS,Q193199,ORG,Q193199,UBS,,27.357057571411133
IMP-2008-10-17-a-i0019,336,339,UBS,Q193199,ORG,Q193199,UBS,,23.29743194580078
IMP-2008-10-17-a-i0019,441,454,Credit Suisse,Q372657,ORG,Q372657,Credit Suisse,,40.90251922607422
IMP-2008-10-17-a-i0019,456,458,CS,Q372657,ORG,Q372657,Credit Suisse,,26.613006591796875
IMP-2008-10-17-a-i0019,585,588,BNS,Q597394,ORG,Q597394,Banque nationale suisse,,31.762741088867188
IMP-2008-10-17-a-i0019,596,601,Berne,Q70,LOC,Q70,Berne,,34.37822341918945
IMP-2008-10-17-a-i0019,665,667,CS,Q372657,ORG,Q372657,Credit Suisse,,28.855817794799805
IMP-2008-10-17-a-i0019,743,762,Philippe Hildebrand,Q116927,PER,Q116927,Philipp Hildebrand,,39.74285888671875
IMP-2008-10-17-a-i0019,1139,1142,BNS,Q597394,ORG,Q597394,Banque nationale suisse,,31.036231994628906
IMP-2008-10-17-a-i0019,1186,1189,UBS,Q193199,ORG,Q193199,UBS,,21.709630966186523
IMP-2008-10-17-a-i0019,1336,1342,Suisse,Q39,LOC,Q39,Suisse,,21.51963996887207
IMP-2008-10-17-a-i0019,1383,1390,Islande,Q189,LOC,Q189,Islande,,22.80837059020996
IMP-2008-10-17-a-i0019,1392,1429,"Jean-Pierre Roth, président de la BNS",Q120468,PER,Q120468,Jean-Pierre Roth,,31.282926559448242
IMP-2008-10-17-a-i0019,1535,1541,Suisse,Q39,LOC,Q39,Suisse,,17.922496795654297
IMP-2008-10-17-a-i0019,1585,1598,Credit Suisse,Q372657,ORG,Q372657,Credit Suisse,,35.78872299194336
IMP-2008-10-17-a-i0019,1637,1640,BNS,Q597394,ORG,Q597394,Banque nationale suisse,,27.742340087890625
IMP-2008-10-17-a-i0019,1703,1719,Jean-Pierre Roth,Q120468,PER,Q120468,Jean-Pierre Roth,,34.62366485595703
IMP-2008-10-17-a-i0019,2086,2089,BNS,Q597394,ORG,Q309195,Banque des règlements internationaux,,22.173351287841797
IMP-2008-10-17-a-i0019,2322,2325,BNS,Q597394,ORG,Q66344,banque centrale,,22.834686279296875
IMP-2008-10-17-a-i0019,2444,2447,ats,Q430109,ORG,Q430109,Agence télégraphique suisse,"Based on the provided input text and the list of candidates, the entity [ENT] appears to refer to ""Agence télégraphique suisse"". Here is the JSON formatted answer: ```json { ""wikipedia_page"": ""Agence télégraphique suisse"", ""wikidata_id"": ""Q430109"" } ```",12.994951248168945
