doc_id,start_pos,end_pos,surface,gt_id,type,identifier,title,answer,score
hidden_test_fi_1,102,120,valta-kunnanduuman,Q844793,ORG,Q1649453,Venäjän keisarikunnan valtakunnanduuma,"```json { ""wikipedia_page"": ""Venäjän keisarikunnan valtakunnanduuma"", ""wikidata_id"": ""Q1649453"" } ```",8.783946990966797
hidden_test_fi_1,617,626,Roosevelt,Q33866,PER,NIL,Roosevelt,"```json { ""wikipedia_page"": ""NIL"", ""wikidata_id"": ""NIL"" } ```",0
hidden_test_fi_1,638,647,Venäjällä,Q34266,LOC,Q159,Venäjä,"```json { ""wikipedia_page"": ""Venäjä"", ""wikidata_id"": ""Q159"" } ```",20.777759552001953
hidden_test_fi_1,743,771,duu- man jäsenen Vostrotinin,NIL,PER,NIL,duu- man jäsenen Vostrotinin,"```json { ""wikipedia_page"": ""NIL"", ""wikidata_id"": ""NIL"" } ```",0
hidden_test_fi_1,781,789,Poincaré,Q191974,PER,Q191974,Raymond Poincaré,"```json { ""wikipedia_page"": ""Raymond Poincaré"", ""wikidata_id"": ""Q191974"" } ```",20.70476531982422
hidden_test_fi_1,790,801,Toulousesta,Q7880,LOC,Q7880,Toulouse,"```json { ""wikipedia_page"": ""Toulouse"", ""wikidata_id"": ""Q7880"" } ```",23.24056053161621
hidden_test_fi_1,851,859,Poincaré,Q191974,PER,Q81082,Henri Poincaré,,0
hidden_test_fi_1,1005,1012,Ranskan,Q70802,LOC,Q58326,Ranskan toinen tasavalta,"```json { ""wikipedia_page"": ""Ranskan toinen tasavalta"", ""wikidata_id"": ""Q58326"" } ```",12.041549682617188
hidden_test_fi_1,1167,1175,Rans-kan,Q70802,LOC,Q70802,Ranskan kolmas tasavalta,"```json { ""wikipedia_page"": ""Ranskan kolmas tasavalta"", ""wikidata_id"": ""Q70802"" } ```",12.352381706237793
hidden_test_fi_1,1367,1377,Pietarissa,Q656,LOC,Q8479,Pietari Suuri,"```json { ""wikipedia_page"": ""Pietari Suuri"", ""wikidata_id"": ""Q8479"" } ```",15.695160865783691
hidden_test_fi_1,1407,1462,Moskovan yliopiston yksityisdo-sentti P. M. Golovatshev,NIL,PER,Q13164,Moskovan valtionyliopisto,"```json { ""wikipedia_page"": ""Moskovan valtionyliopisto"", ""wikidata_id"": ""Q13164"" } ```",21.778453826904297
hidden_test_fi_1,1564,1575,Newyorkista,Q60,LOC,Q60,New York,,0
hidden_test_fi_1,1589,1600,Rooseveltin,Q33866,PER,Q8007,Franklin D. Roosevelt,,0
hidden_test_fi_1,1647,1658,Rooseveltia,Q33866,PER,Q8007,Franklin D. Roosevelt,,0
hidden_test_fi_1,1682,1693,Englannissa,Q21,LOC,Q145,Yhdistynyt kuningaskunta,"```json { ""wikipedia_page"": ""Yhdistynyt kuningaskunta"", ""wikidata_id"": ""Q145"" } ```",19.143817901611328
hidden_test_fi_1,1694,1702,Saksassa,Q43287,LOC,Q183,Saksa,"```json { ""wikipedia_page"": ""Saksa"", ""wikidata_id"": ""Q183"" } ```",18.448659896850586
hidden_test_fi_1,1706,1715,Venäjällä,Q34266,LOC,Q159,Venäjä,"```json { ""wikipedia_page"": ""Venäjä"", ""wikidata_id"": ""Q159"" } ```",19.52863883972168
hidden_test_fi_1,1725,1739,San Franciscon,NIL,LOC,Q62,San Francisco,"```json { ""wikipedia_page"": ""San Francisco"", ""wikidata_id"": ""Q62"" } ```",23.248706817626953
hidden_test_fi_1,1759,1768,Roosevelt,Q33866,PER,Q8007,Franklin D. Roosevelt,,0
hidden_test_fi_1,1839,1867,Yhdysvaltain „Kupari-alueen“,Q387163,LOC,Q188540,Yhdysvaltain talous,"```json { ""wikipedia_page"": ""Yhdysvaltain talous"", ""wikidata_id"": ""Q188540"" } ``` However, after re-examining the input text and the list of candidates, I found that the text actually refers to a labor dispute in the copper mining industry, which is not directly related to ""Yhdysvaltain talous"" (Economy of the United States). A more appropriate choice would be: ```json { ""wikipedia_page"": ""Copper Country strike of 1913-1914"", ""wikidata_id"": ""Q1133130"" } ``` However, this option does not exist in the list of candidates. Since none of the candidates match with high confidence the entity tagged with [ENT], the correct answer is: ```json { ""wikidata_id"": ""NIL"" } ```",13.606990814208984
hidden_test_fi_1,1887,1899,Kuparisaaren,Q5168740,LOC,Q5168740,Kuparisaari,"```json { ""wikipedia_page"": ""Kuparisaari"", ""wikidata_id"": ""Q5168740"" } ```",17.429279327392578
hidden_test_fi_1,2048,2077,We-stern Federation of Miners,Q7987830,ORG,Q861042,Western Union,"```json { ""wikipedia_page"": ""Western Union"", ""wikidata_id"": ""Q861042"" } ```",13.507803916931152
hidden_test_fi_1,2097,2111,Kuparialueella,Q387163,LOC,Q5168740,Kuparisaari,"```json { ""wikipedia_page"": ""Kuparisaari"", ""wikidata_id"": ""Q5168740"" } ```",16.00477409362793
hidden_test_fi_1,2395,2411,Calumet & Heclan,Q5024102,ORG,Q5024063,Calumet & Hecla Band,"```json { ""wikipedia_page"": ""Calumet & Hecla Band"", ""wikidata_id"": ""Q5024063"" } ```",9.144261360168457
hidden_test_fi_1,2869,2883,Saksi-Weimarin,Q315667,LOC,NIL,Saksi-Weimarin,"```json { ""wikipedia_page"": ""Saksi-Weimarin prinsessa Sofia Voitillon"", ""wikidata_id"": ""Q20285183"" } ``` However, a more accurate answer based on the context of the text would be: ```json { ""wikipedia_page"": ""Sophie von Saxe-Weimar"", ""wikidata_id"": ""Q20285183"" } ``` But none of the provided candidates match Sophie von Saxe-Weimar exactly. After reevaluating the candidates, I found that the closest match is: ```json { ""wikipedia_page"": ""Princess Sophie of Saxony"", ""wikidata_id"": ""Q20285183"" } ``` However, the actual name of the person is not provided in the candidates list. After further analysis, I found that the correct name is not in the list of candidates, so I will return ""NIL"" as value of the ""wikidata_id"" key. ```json { ""wikipedia_page"": """", ""wikidata_id"": ""NIL"" } ```",0
hidden_test_fi_1,2909,2923,Heidelbergissä,Q2966,LOC,Q2966,Heidelberg,,0
hidden_test_fi_1,2960,2989,Saksi-Weimarinprinsessa Sofia,Q7244832,PER,Q4430034,,,0
hidden_test_fi_1,3239,3287,berliniläisen Bleichröder-nimisen finanssimiehen,Q55848545,PER,NIL,berliniläisen Bleichröder-nimisen finanssimiehen,"```json { ""wikipedia_page"": ""Bleichröder"", ""wikidata_id"": ""Q1196287"" } ```",0
hidden_test_fi_1,3389,3397,Weimarin,Q3955,LOC,Q3955,Weimar,"```json { ""wikipedia_page"": ""Weimar"", ""wikidata_id"": ""Q3955"" } ```",16.31236457824707
hidden_test_fi_1,3490,3503,Bleichröderin,Q55848545,PER,NIL,Bleichröderin,"```json { ""wikipedia_page"": ""Saxe-Weimar"", ""wikidata_id"": ""Q101223"" } ``` However, after re-evaluation, I realized that the correct answer should be related to the princess mentioned in the text. But, unfortunately, none of the provided candidates directly match with the princess mentioned in the text, as the text does not provide a direct match for the name of the princess. Therefore, the best answer I can provide is based on the additional information that can be inferred from the context: ```json { ""wikidata_id"": ""NIL"" } ```",0
hidden_test_fi_1,3650,3660,Berlinistä,Q64,LOC,NIL,Berlinistä,"```json { ""wikipedia_page"": ""Saksi-Weimarin prinsessa Maria Alexandrovna"", ""wikidata_id"": ""Q185717"" } ``` However, since the correct candidate should be ""Saksi-Weimarin prinsessa Sofia von Sachsen-Weimar"", which does not exist in the provided list, I will return `NIL` as the `wikidata_id` value. ```json { ""wikipedia_page"": """", ""wikidata_id"": ""NIL"" } ```",0
hidden_test_fi_1,3676,3692,Na-tionalzeitung,NIL,PROD,Q1203739,,"```json { ""wikipedia_page"": ""Saksi-Weimarin prinsessa Sofia"", ""wikidata_id"": ""Q1203739"" } ```",18.20134925842285
hidden_test_fi_1,3707,3737,Saksi-Weimarin prinsessa Sofia,Q7244832,PER,Q241254,Sofia av Sverige,"```json { ""wikipedia_page"": ""Sofia av Sverige"", ""wikidata_id"": ""Q241254"" } ```",20.765605926513672
hidden_test_fi_1,3980,3998,Berliner Tageblatt,Q455014,PROD,Q455014,,,0
hidden_test_fi_1,4053,4067,Heidelbergissä,Q2966,LOC,Q2966,Heidelberg,,0
hidden_test_fi_1,4099,4109,Wei-mariin,Q3955,LOC,Q3955,Weimar,"```json { ""wikipedia_page"": ""Weimar"", ""wikidata_id"": ""Q3955"" } ```",21.12015724182129
hidden_test_fi_1,4380,4412,miljonääri Hans vonBleichröderin,Q55848545,PER,NIL,miljonääri Hans vonBleichröderin,"```json { ""wikipedia_page"": ""Hans von Bleichröder"", ""wikidata_id"": ""Q104195"" } ```",0
hidden_test_fi_1,4511,4524,Paul Sabatier,Q104575,PER,Q104575,Paul Sabatier,,0
hidden_test_fi_1,4531,4540,Toulousen,Q7880,LOC,Q7880,Toulouse,"```json { ""wikipedia_page"": ""Toulouse"", ""wikidata_id"": ""Q7880"" } ```",22.09169578552246
hidden_test_fi_1,4613,4697,"yliopiston professorin,Nobelin viimevuotisen kemianpalkin-non saajan Paul Sabatier’n",Q104575,PER,Q104575,Paul Sabatier,"```json { ""wikipedia_page"": ""Paul Sabatier"", ""wikidata_id"": ""Q104575"" } ```",15.037687301635742
hidden_test_fi_1,4710,4730,Presidentti Poincaré,Q191974,PER,Q191974,Raymond Poincaré,"```json { ""wikipedia_page"": ""Raymond Poincaré"", ""wikidata_id"": ""Q191974"" } ```",19.450685501098633
hidden_test_fi_1,4759,4768,Toulousea,Q7880,LOC,Q7880,Toulouse,"```json { ""wikipedia_page"": ""Toulouse"", ""wikidata_id"": ""Q7880"" } ```",22.86128807067871
hidden_test_fi_1,4877,4896,prof. Saba-tier’lle,Q104575,PER,Q104575,Paul Sabatier,"```json { ""wikipedia_page"": ""Paul Sabatier"", ""wikidata_id"": ""Q104575"" } ```",19.1950740814209
hidden_test_fi_1,4910,4918,Poincaré,Q191974,PER,Q81082,Henri Poincaré,"```json { ""wikidata_id"": ""Q81082"", ""wikipedia_page"": ""Henri Poincaré"" } ```",21.89718246459961
hidden_test_fi_2,29,45,Helsingin pörssi,Q581755,ORG,Q581755,Helsingin pörssi,,0
hidden_test_fi_2,46,62,Arvopaperipörssi,Q581755,ORG,Q11691,arvopaperipörssi,,0
hidden_test_fi_2,83,97,Pörssikomitean,NIL,ORG,Q581755,Helsingin pörssi,"```json { ""wikipedia_page"": ""Helsingin pörssi"", ""wikidata_id"": ""Q581755"" } ```",21.859878540039062
hidden_test_fi_2,132,148,arvopaperipörssi,Q581755,ORG,Q11691,arvopaperipörssi,,0
hidden_test_fi_2,183,201,arvo-paperipörssiä,NIL,ORG,Q581755,Helsingin pörssi,"```json { ""wikipedia_page"": ""Helsingin pörssi"", ""wikidata_id"": ""Q581755"" } ```",20.890108108520508
hidden_test_fi_2,267,295,MerivakuutusosakeyhtiöTriton,NIL,ORG,Q97198894,Merivakuutus Oy Triton,"```json { ""wikipedia_page"": ""Merivakuutus Oy Triton"", ""wikidata_id"": ""Q97198894"" } ```",23.950424194335938
hidden_test_fi_2,351,380,merivakuutus-osakeyhtiöTriton,NIL,ORG,Q97198894,Merivakuutus Oy Triton,"```json { ""wikipedia_page"": ""Merivakuutus Oy Triton"", ""wikidata_id"": ""Q97198894"" } ```",22.256975173950195
hidden_test_fi_2,548,554,Triton,NIL,ORG,Q97198894,Merivakuutus Oy Triton,"```json { ""wikipedia_page"": ""Merivakuutus Oy Triton"", ""wikidata_id"": ""Q97198894"" } ```",16.16847801208496
hidden_test_fi_2,645,653,Tritonin,NIL,ORG,Q97198894,Merivakuutus Oy Triton,"```json { ""wikidata_id"": ""Q97198894"", ""wikipedia_page"": ""Merivakuutus Oy Triton"" } ```",17.742534637451172
hidden_test_fi_2,1322,1328,Triton,NIL,ORG,Q97198894,Merivakuutus Oy Triton,"```json { ""wikipedia_page"": ""Merivakuutus Oy Triton"", ""wikidata_id"": ""Q97198894"" } ```",18.575769424438477
hidden_test_fi_2,1545,1551,Triton,NIL,ORG,Q97198894,Merivakuutus Oy Triton,"```json { ""wikipedia_page"": ""Merivakuutus Oy Triton"", ""wikidata_id"": ""Q97198894"" } ```",17.92281723022461
hidden_test_fi_2,1825,1853,kauppaneuvosVictor Forselius,Q17380259,PER,Q1269192,kauppaneuvos,"```json { ""wikipedia_page"": ""Kauppaneuvos"", ""wikidata_id"": ""Q1269192"" } ```",20.265050888061523
hidden_test_fi_2,1866,1889,merikapt.G. E. Mattsson,Q17382504,PER,Q17382504,Gustaf Edvard Mattson,,0
hidden_test_fi_2,1893,1920,kauppaneuvos C. F.Junnelius,NIL,PER,Q11854981,Carl Fr. Junnelius,"```json { ""wikipedia_page"": ""Carl Fr. Junnelius"", ""wikidata_id"": ""Q11854981"" } ```",23.51113510131836
hidden_test_fi_2,1922,1947,Kauppaneuvos Forseliuksen,Q17380259,PER,Q17380259,Victor Forselius,"```json { ""wikipedia_page"": ""Victor Forselius"", ""wikidata_id"": ""Q17380259"" } ```",18.821277618408203
hidden_test_fi_2,1973,1992,kapt. G. E.Mattsson,Q17382504,PER,Q17382504,Gustaf Edvard Mattson,"```json { ""wikipedia_page"": ""Gustaf Edvard Mattson"", ""wikidata_id"": ""Q17382504"" } ```",23.054542541503906
hidden_test_fi_2,2114,2136,konsuli Alfr.Jacobsson,Q5404771,PER,Q5404771,Alfred Jacobsson,"```json { ""wikipedia_page"": ""Alfréd Jacobsson"", ""wikidata_id"": ""Q5404771"" } ```",15.563507080078125
hidden_test_fi_2,2149,2168,kaupp. C. M.Sjöblom,NIL,PER,Q60482942,Karl Sjöblom,"```json { ""wikipedia_page"": ""Karl Sjöblom"", ""wikidata_id"": ""Q60482942"" } ```",13.423089027404785
hidden_test_fi_2,2172,2202,vakuutusjoht. Lennart Törn-udd,NIL,PER,Q97198894,Merivakuutus Oy Triton,"```json { ""wikipedia_page"": ""Merivakuutus Oy Triton"", ""wikidata_id"": ""Q97198894"" } ```",16.32741928100586
hidden_test_fi_2,2222,2245,merikapt. JohnTengström,NIL,PER,Q5399287,Johan Robert Tengström,"```json { ""wikipedia_page"": ""Johan Robert Tengström"", ""wikidata_id"": ""Q5399287"" } ```",15.386857032775879
hidden_test_fi_2,2247,2271,varat. Herman Henriksson,NIL,PER,NIL,varat. Herman Henriksson,"```json { ""wikipedia_page"": """", ""wikidata_id"": ""NIL"" } ```",0
hidden_test_fi_2,2274,2296,tehtailija Edv. Åström,Q6256041,PER,NIL,tehtailija Edv. Åström,"```json { ""wikidata_id"": ""NIL"", ""wikipedia_page"": """" } ``` The text does not clearly match any of the provided candidates, and the mention of ""[ENT] tehtailija Edv. Åström [ENT]"" seems to refer to Edvard Åström, but the context does not clearly indicate that Edvard Åström is the correct disambiguation. Therefore, the output is set to ""NIL"".",0
hidden_test_fi_2,2390,2406,hra Alex.Törnudd,NIL,PER,Q11893374,Sigurd Törnudd,"```json { ""wikipedia_page"": ""Sigurd Törnudd"", ""wikidata_id"": ""Q11893374"" } ```",12.750940322875977
hidden_test_fi_2,2453,2472,hra Harry Wege-lius,Q11861659,PER,Q11861659,Harry Wegelius,"```json { ""wikipedia_page"": ""Harry Wegelius"", ""wikidata_id"": ""Q11861659"" } ```",14.643710136413574
hidden_test_fi_2,2487,2512,Suomen Meijeriyhdistyksen,NIL,ORG,Q65241846,,,0
hidden_test_fi_2,2525,2541,Suurbritanniassa,Q145,LOC,Q23666,Iso-Britannia,"```json { ""wikipedia_page"": ""Iso-Britannia"", ""wikidata_id"": ""Q23666"" } ```",20.46757698059082
hidden_test_fi_2,2542,2556,Manchesterissa,Q18125,LOC,Q18125,Manchester,"```json { ""wikipedia_page"": ""Manchester"", ""wikidata_id"": ""Q18125"" } ```",23.353618621826172
hidden_test_fi_2,2982,2996,Manchesterissa,Q18125,LOC,Q18125,Manchester,,0
hidden_test_fi_2,3215,3253,Manchesterin tukkukauppiasyhdistyk-sen,NIL,ORG,Q18125,Manchester,"```json { ""wikipedia_page"": ""Manchester"", ""wikidata_id"": ""Q18125"" } ```",18.04720115661621
hidden_test_fi_2,3447,3458,Englannissa,Q21,LOC,Q23666,Iso-Britannia,"```json { ""wikipedia_page"": ""Iso-Britannia"", ""wikidata_id"": ""Q23666"" } ```",14.444559097290039
hidden_test_fi_2,3464,3472,Saksassa,Q43287,LOC,Q183,Saksa,"```json { ""wikipedia_page"": ""Saksa"", ""wikidata_id"": ""Q183"" } ```",17.41493797302246
hidden_test_fi_2,4282,4291,Tanskassa,Q35,LOC,Q35,Tanska,"```json { ""wikipedia_page"": ""Tanska"", ""wikidata_id"": ""Q35"" } ```",22.209341049194336
hidden_test_fi_2,4362,4372,Irlannissa,Q22890,LOC,Q27,Irlanti,,0
hidden_test_fi_2,4555,4570,Alex von Becker,NIL,PER,Q107018411,Alexander von Becker,,0
hidden_test_fi_2,4593,4609,Viipurinläänissä,Q1144791,ORG,Q1144791,Viipurin lääni,,0
hidden_test_fi_2,4628,4642,Viipurinläänin,Q1144791,ORG,Q1144791,Viipurin lääni,,0
hidden_test_fi_2,4821,4838,Viipurin läänissä,Q1144791,ORG,Q1144791,Viipurin lääni,,0
hidden_test_fi_2,4850,4858,Suomessa,Q62633,LOC,Q62633,Suomen suuriruhtinaskunta,"```json { ""wikipedia_page"": ""Suomen suuriruhtinaskunta"", ""wikidata_id"": ""Q62633"" } ```",16.67129898071289
hidden_test_fi_2,4933,4941,Viipurin,Q14657,LOC,Q14657,Viipuri,,0
hidden_test_fi_2,5032,5041,Venäjällä,Q34266,LOC,Q159,Venäjä,"```json { ""wikipedia_page"": ""Venäjä"", ""wikidata_id"": ""Q159"" } ``` However, since none of the provided candidates directly match the context of the text, which discusses sugar prices and locations in Finland during 1915, I would also consider the following options with lower confidence: ```json { ""wikipedia_page"": ""Suomi"", ""wikidata_id"": ""Q33"" } ``` But since the first option seems more closely related to the general term ""Venäjä"" mentioned in the text, I choose it. However, if none of the candidates match with high confidence, the correct response would be: ```json { ""wikidata_id"": ""NIL"" } ```",23.9387149810791
hidden_test_fi_2,5115,5123,Viipurin,Q14657,LOC,Q14657,Viipuri,,0
hidden_test_fi_3,835,869,senaatinkanslisti Brynolf Jalasmaa,NIL,PER,Q1881775,Suomen senaatti,"```json { ""wikipedia_page"": ""Suomen senaatti"", ""wikidata_id"": ""Q1881775"" } ```",21.093196868896484
hidden_test_fi_3,875,899,va-ratuomarit Rob. Näkki,NIL,PER,Q5480957,Näkki,"```json { ""wikipedia_page"": ""Näkki (juristi)"", ""wikidata_id"": ""Q5480957"" } ```",12.795892715454102
hidden_test_fi_3,901,917,Harry Nik-lander,NIL,PER,Q11861653,Harry Nikander,,0
hidden_test_fi_3,919,933,K. K. Järvinen,NIL,PER,Q11870502,Kauko Järvinen,,0
hidden_test_fi_3,937,950,Bror Carl-son,NIL,PER,Q15905726,,,0
hidden_test_fi_3,1360,1409,Tuomarniemenmetsänvartijakoulun johtaja ArvidBorg,Q24287904,PER,Q20250564,Tuomarniemen metsäoppilaitos,"```json { ""wikipedia_page"": ""Tuomarniemen metsäoppilaitos"", ""wikidata_id"": ""Q20250564"" } ```",19.12252426147461
hidden_test_fi_3,1462,1492,metsänarvoste-lija S. U. Linko,NIL,PER,Q65240364,metsäasiantuntija,"```json { ""wikipedia_page"": ""metsänarvioija"", ""wikidata_id"": ""Q65240364"" } ``` However, a more accurate choice following the context would be: ```json { ""wikipedia_page"": ""metsänvartija"", ""wikidata_id"": ""Q3918044"" } ``` But since ""metsänarvioija S. U. Linko"" is the exact term mentioned in the text and a more precise match is not available in the provided candidates, based on the list of candidates and following the instructions to return a JSON object when none of the candidates match with high confidence to the entity tagged with [ENT], the correct response when the text refers to ""metsänarvioija S. U. Linko"" is: ```json { ""wikidata_id"": ""NIL"" } ```",17.703189849853516
hidden_test_fi_3,1989,1995,Suomen,Q33,LOC,Q8095230,Suomen kansalaisuus,"```json { ""wikipedia_page"": ""Suomen kansalaisuus"", ""wikidata_id"": ""Q8095230"" } ``` However, upon reviewing the input text, I noticed that the context is more closely related to the citizens being granted Finnish citizenship. Thus, a more appropriate answer would be: ```json { ""wikipedia_page"": ""Suomen kansalaiset"", ""wikidata_id"": ""Q170284"" } ``` But since the most relevant entity related to the text is the act of granting citizenship, the correct answer is: ```json { ""wikipedia_page"": ""Kansalaisoikeudet"", ""wikidata_id"": ""Q15928444"" } However, none of the provided candidates match perfectly. A better choice from the candidates would be: ```json { ""wikipedia_page"": ""Suomen kansalaisuus"", ""wikidata_id"": ""Q8095230"" } ``` But given that none of the candidates match with high confidence, I should use the string ""NIL"" as the value of the ""wikidata_id"" key. However, since I have to choose from the candidates, the closest one related",16.788850784301758
hidden_test_fi_3,2031,2038,Venäjän,Q159,LOC,NIL,Venäjän,"```json { ""wikidata_id"": ""NIL"", ""wikipedia_page"": ""NIL"" } ```",0
hidden_test_fi_3,2062,2086,eversti Ivan Timirjaseff,NIL,PER,Q17384263,Ivan Timiriasev,"```json { ""wikipedia_page"": ""Ivan Timiriasev"", ""wikidata_id"": ""Q17384263"" } ```",17.537565231323242
hidden_test_fi_3,2088,2118,liikemies Alek-sander Maximoff,NIL,PER,NIL,liikemies Alek-sander Maximoff,"```json { ""wikipedia_page"": """", ""wikidata_id"": ""NIL"" } ```",0
hidden_test_fi_3,2137,2166,kahvilanomistaja Mikail Kreso,NIL,PER,NIL,kahvilanomistaja Mikail Kreso,"```json { ""wikipedia_page"": """", ""wikidata_id"": ""NIL"" } ```",0
hidden_test_fi_3,2168,2198,leskirou-va Jekaterina Vtorova,NIL,PER,NIL,leskirou-va Jekaterina Vtorova,"```json { ""wikipedia_page"": """", ""wikidata_id"": ""NIL"" } ```",0
hidden_test_fi_3,2200,2223,renki Vasili Ak-sionoff,NIL,PER,NIL,renki Vasili Ak-sionoff,"```json { ""wikipedia_page"": ""NIL"", ""wikidata_id"": ""NIL"" } ```",0
hidden_test_fi_3,2225,2260,kauppa-apulainen Vasili Veden-skoff,NIL,PER,NIL,kauppa-apulainen Vasili Veden-skoff,"To disambiguate the entities mentioned in the text, we first look for matches in the provided list of candidates. The text contains two mentions of [ENT] which correspond to the names ""Vasili Veden-skoff"" and ""Vasili Veden-skoff"" (the second one is likely a duplicate and should be considered the same person). From the list of candidates, we find a match for ""Feodor Kiseleff"" (Q56399134) which closely matches ""Vasili Veden-skoff"" due to the likely incorrect transcription. However, ""Feodor Kiseleff"" does not exactly match ""Vasili Veden-skoff"". There is no exact match in the provided list for ""Vasili Veden-skoff"". However, given the options and context, the closest match is likely to be ""Feodor Kiseleff"" (although not an exact match and the names differ), but since there is no exact match and considering the instructions, this would not be the correct choice as it is not a perfect match. Instead, we look for a correct match for each name. For ""Vasili Veden-skoff"", there is no exact match in the provided list. However,",0
hidden_test_fi_3,2280,2314,hotellihovimes-tari Konstantin Lis,NIL,PER,Q926490,Michail Nikolajewitsch de Giers,"```json { ""wikipedia_page"": ""Michail Nikolajewitsch de Giers"", ""wikidata_id"": ""Q926490"" } ```",14.492040634155273
hidden_test_fi_3,2316,2340,ulkotyöntekijä JulianLis,NIL,PER,Q1713896,Juri Lysjanskyi,"```json { ""wikipedia_page"": ""Juri Lysjanskyi"", ""wikidata_id"": ""Q1713896"" } ```",11.722952842712402
hidden_test_fi_3,2342,2370,palvelijatar Alina Jürgenson,NIL,PER,Q11862053,Helinä Svensson-Timari,"```json { ""wikipedia_page"": ""Helinä Svensson-Timari"", ""wikidata_id"": ""Q11862053"" } ```",12.552451133728027
hidden_test_fi_3,2372,2401,proku-risti Georg Heinrichsen,NIL,PER,NIL,proku-risti Georg Heinrichsen,"```json { ""wikipedia_page"": """", ""wikidata_id"": ""NIL"" } ```",0
hidden_test_fi_3,2403,2431,insinöörinleskiHilda Shapiro,NIL,PER,Q85137012,,"```json { ""wikidata_id"": ""Q85137012"", ""wikipedia_page"": ""Jüri Tilki"" } ``` However, upon reviewing the input text and the list of candidates, it seems there's a high chance that the entity [ENT] Hilda Shapiro could refer to the Russian-Jewish feminist Hilda Shapiro, known for her advocacy for women's rights, who married a Finnish engineer named Pettersson. However, none of the provided candidates seem to match Hilda Shapiro directly. Given the context and the list of candidates, I found a possible match in the list that might not directly match but could be related to the context of names and dates around 1918-10-18. The candidate **'Q85137012'** corresponds to a person named **Jüri Tilki**, but there is a higher probability that the correct match might be **'Q104825458'** which corresponds to **Hilda Shapiro**, an engineer's wife, but it is not directly mentioned among the provided candidates. Since **'Q104825458'** is not in the list, I choose **'Q85137012'** as the closest match, although it's not a perfect fit. However, upon",14.418495178222656
hidden_test_fi_3,2433,2455,räätäli Edvard Behrsin,NIL,PER,Q242468,vaatturi,"```json { ""wikipedia_page"": ""vaatturi"", ""wikidata_id"": ""Q242468"" } ```",15.616350173950195
hidden_test_fi_3,2456,2486,sekatyöntekijä Feodor Semenoff,NIL,PER,Q5494351,sekatyömies,"```json { ""wikipedia_page"": ""sekatyömies"", ""wikidata_id"": ""Q5494351"" } ```",14.047863960266113
hidden_test_fi_3,2488,2511,räätäliNikolai Knjaseff,NIL,PER,Q242468,vaatturi,"```json { ""wikipedia_page"": ""vaatturi"", ""wikidata_id"": ""Q242468"" } ```",14.609779357910156
hidden_test_fi_3,2513,2543,lakintekijä AleksanderKrjukoff,NIL,PER,Q4246547,Aleksandr Kulkov,"```json { ""wikipedia_page"": ""Aleksandr Krjukoff"", ""wikidata_id"": ""Q4246547"" } ``` However, upon re-examining the text and the list of candidates, it appears that the correct match for the first `[ENT]` is actually `Aleksandr Kulkov` rather than `Aleksandr Krjukoff` due to a mistake in my previous response. Here is the corrected answer: ```json { ""wikipedia_page"": ""Aleksandr Kulkov"", ""wikidata_id"": ""Q4246547"" } ``` But since none of the names in the list of candidates exactly match the names in the text, I should return `NIL` for the second `[ENT]`. Here is the corrected answer with both entities: ```json { ""wikipedia_page"": ""Aleksandr Kulkov"", ""wikidata_id"": ""Q4246547"" } ``` However, considering the full text and list, I should return: ```json { ""wikidata_id"": ""NIL"" } ``` For the first entity, considering a more probable match based on the provided list, and for the second entity,",12.678810119628906
hidden_test_fi_3,2545,2577,kauppa-apulainen Dimitri Sho-lin,NIL,PER,Q7501153,kauppias,"```json { ""wikipedia_page"": ""kauppias"", ""wikidata_id"": ""Q7501153"" } ``` However, after reviewing the list of candidates, none of them directly match with ""kauppa-apulainen"" (which translates to ""store assistant"" or ""shop assistant"") which is the most likely occupation for [ENT] Dimitri Sho-lin. Since none of the provided candidates match with high confidence, the Wikidata ID is set to ""NIL"". ```json { ""wikipedia_page"": ""NIL"", ""wikidata_id"": ""NIL"" } ```",14.942682266235352
hidden_test_fi_3,2579,2607,kirjansitoja Johannes Arokas,NIL,PER,NIL,kirjansitoja Johannes Arokas,"```json { ""wikipedia_page"": """", ""wikidata_id"": ""NIL"" } ```",0
hidden_test_fi_3,2609,2648,kaup-pa-apulainen August Karl Cederbaum,NIL,PER,Q6190960,Karl Stockmann,"```json { ""wikipedia_page"": ""Karl Stockmann"", ""wikidata_id"": ""Q6190960"" } ```",13.447318077087402
hidden_test_fi_3,2649,2681,vasuntekijä Dimitri Podshivaloff,NIL,PER,Q4368457,Anatoli Nikolajewitsch Podschiwalow,"```json { ""wikipedia_page"": ""Anatoli Nikolajewitsch Podschiwalow"", ""wikidata_id"": ""Q4368457"" } ``` However, upon reevaluation of the input text and the list of candidates, it appears that none of the provided names in the list match the names mentioned in the text. Therefore, the most appropriate answer would be to classify the disambiguation with a NIL value. ```json { ""wikidata_id"": ""NIL"" } ```",11.288909912109375
hidden_test_fi_3,2683,2710,kaup-pias Aleksander Osokin,NIL,PER,NIL,kaup-pias Aleksander Osokin,"```json { ""wikipedia_page"": """", ""wikidata_id"": ""NIL"" } ```",0
hidden_test_fi_3,2712,2742,maalari RichardAleksander Espo,NIL,PER,Q17100861,Osmo Lappo,"```json { ""wikipedia_page"": ""Richard Wilhelm Aleksander Espo"", ""wikidata_id"": ""Q17100861"" } ```",14.339649200439453
hidden_test_fi_3,2744,2776,kauppa-apulainenAnastasia Rudska,NIL,PER,Q7501153,kauppias,"```json { ""wikipedia_page"": ""kauppias"", ""wikidata_id"": ""Q7501153"" } ```",12.45611572265625
hidden_test_fi_3,2778,2844,"kansakoulunopettaja-tar, leskirouva Hilja Maria Maleva (Am-sinoff)",NIL,PER,Q513984,kansakoulu,"```json { ""wikipedia_page"": ""kansakoulu"", ""wikidata_id"": ""Q513984"" } ```",13.603463172912598
hidden_test_fi_3,2846,2869,filos. kand. Jüri Tilki,NIL,PER,Q5394461,Luettelo Helsingin yliopiston suomen kielen lehtoreista ja professoreista,"```json { ""wikipedia_page"": ""Luettelo suomalaisista Helsingin yliopiston filosofian professorista"", ""wikidata_id"": ""Q5394461"" } ``` However, given the context and the list of candidates, it seems more appropriate to select: ```json { ""wikipedia_page"": ""filosofian kandidaatti"", ""wikidata_id"": ""Q74573853"" } ``` Since the term ""[ENT] filosof. kand. Jüri Tilki [ENT]"" clearly refers to a person who holds the degree of filosofian kandidaatti, which is an old Finnish higher education degree. But if we look at the input text more closely, it seems that the correct disambiguation would actually be: ```json { ""wikipedia_page"": """", ""wikidata_id"": ""NIL"" } ``` Because none of the provided candidates match the reference marked by [ENT] tags with high confidence. Jüri Tilki is a historical figure, but the available data does not link him to the provided list of candidates. Therefore, the most appropriate response is to return ""NIL"".",16.332521438598633
hidden_test_fi_3,2871,2891,neiti MariaPolosuhin,NIL,PER,NIL,neiti MariaPolosuhin,"```json { ""wikipedia_page"": """", ""wikidata_id"": ""NIL"" } ```",0
hidden_test_fi_3,2893,2926,kaupanhoitaja Sergei Saha-roffsky,NIL,PER,Q7501153,kauppias,"```json { ""wikipedia_page"": ""kauppias"", ""wikidata_id"": ""Q7501153"" } ```",14.422036170959473
hidden_test_fi_3,2928,2957,keittiömestari Pavel Semenoff,NIL,PER,Q3499072,keittiömestari,"```json { ""wikipedia_page"": ""keittiömestari"", ""wikidata_id"": ""Q3499072"" } ```",15.22333812713623
hidden_test_fi_3,2958,3000,leskihovineuvoksetar Aleksandra Vasil-jeff,NIL,PER,NIL,leskihovineuvoksetar Aleksandra Vasil-jeff,"```json { ""wikipedia_page"": ""NIL"", ""wikidata_id"": ""NIL"" } ``` However, after analyzing the input text, I noticed that there are two names that could potentially match with the provided list of candidates: - Aleksandra Vasiljeff [ENT] - leskihovineuvoksetar Aleksandra Vasiljeff [ENT] By comparing these names, they seem to match with the candidate: - {'wikipedia_page': '', 'wikidata_id': 'Q183067', 'type': 'PER', 'descr': '', 'date': '1859-01-01'} Therefore, the correct JSON response is: ```json { ""wikipedia_page"": ""Aleksandra Vasilchikova"", ""wikidata_id"": ""Q183067"" } ```",0
hidden_test_fi_3,3002,3036,porsliinikaavailija Alexej Fogolki,NIL,PER,Q1495791,posliininmaalaus,"```json { ""wikipedia_page"": ""posliininmaalaus"", ""wikidata_id"": ""Q1495791"" } ```",15.777143478393555
hidden_test_fi_3,3037,3064,savenvalaja Petter Sokoloff,NIL,PER,Q65498979,,"```json { ""wikipedia_page"": ""Petter Sokoloff"", ""wikidata_id"": ""Q65498979"" } ``` However, given that Q65498979 does not seem to be a valid Wikidata entity, let me re-evaluate the list of candidates. After re-evaluation, I found that the list of candidates does not include a Wikidata entity with a high confidence match for ""Petter Sokoloff"". Thus, I will return a ""NIL"" value for the ""wikidata_id"" key. ```json { ""wikipedia_page"": ""NIL"", ""wikidata_id"": ""NIL"" } ``` However, since the task requires to return a Wikipedia page title and a Wikidata ID when possible, I'll look for another candidate with a higher confidence match. After re-examining the list of candidates, I found that there is no exact match for ""Petter Sokoloff"", but I can suggest another option: ```json { ""wikipedia_page"": """", ""wikidata_id"": ""Q65498979"" } ``` However, since Q65498979 does not seem to be a valid Wikidata entity, I will return a more appropriate response: ```json ",12.527389526367188
hidden_test_fi_3,3066,3091,pika-ajuriPetter Jegoroff,NIL,PER,Q291310,Aleksandr Jegorov,"```json { ""wikipedia_page"": ""Aleksandr Jegorov"", ""wikidata_id"": ""Q291310"" } ```",10.415833473205566
hidden_test_fi_3,3093,3124,työnjohtaja Adolf EdvardNandell,NIL,PER,NIL,työnjohtaja Adolf EdvardNandell,"```json { ""wikipedia_page"": """", ""wikidata_id"": ""NIL"" } ```",0
hidden_test_fi_3,3126,3155,kirjurinleski Maria Nesteroff,NIL,PER,NIL,kirjurinleski Maria Nesteroff,"```json { ""wikipedia_page"": ""NIL"", ""wikidata_id"": ""NIL"" } ``` However, after analyzing the text and considering the provided list of candidates, I can see that the text mentions several persons, but none of them match exactly with any of the provided Wikidata IDs or Wikipedia page titles. Upon closer examination, I found a possible match for the first [ENT] tag. The person mentioned is likely Maria Nesteroff, who is also known as Maria Nesterova or Maria Nesteroffskaja. However, none of the provided candidates match her name or any other details given in the text. After re-examining the list of candidates, I found that **none of the candidates have enough information to confirm a match**. Given this, I will return the following response: ```json { ""wikipedia_page"": ""NIL"", ""wikidata_id"": ""NIL"" } ``` However, I should note that I also examined the second [ENT] tag, which refers to Maria Nesteroff as ""[ENT] kirjurinleski Maria Nesteroff [ENT]"". After re-examining the list of candidates, I found that **none of the candidates have enough information",0
hidden_test_fi_3,3156,3183,kirkkoherra Mikael Mihailov,NIL,PER,Q2468579,Mihail Mihailov,"```json { ""wikipedia_page"": ""Mikael Mihailov"", ""wikidata_id"": ""Q2468579"" } ```",19.27785301208496
hidden_test_fi_3,3185,3214,kauppa-apulainen Olga Majkoff,NIL,PER,Q753193,Venäläis-amerikkalainen kauppakomppania,"```json { ""wikipedia_page"": ""Venäläis-amerikkalainen kauppakomppania"", ""wikidata_id"": ""Q753193"" } ```",15.3872709274292
hidden_test_fi_3,3216,3252,kauppa-apulai-nen Aleksandra Majkoff,NIL,PER,NIL,kauppa-apulai-nen Aleksandra Majkoff,"```json { ""wikipedia_page"": ""NIL"", ""wikidata_id"": ""NIL"" } ``` The text mentions the name ""Aleksandra Majkoff"" within the provided list of candidates, but none of the provided candidates match this name. Therefore, the most appropriate response is to set both the ""wikipedia_page"" and ""wikidata_id"" to ""NIL"".",0
hidden_test_fi_3,3254,3283,maanviljelijäIgnati Rytshkoff,NIL,PER,Q131512,maanviljelijä,"```json { ""wikipedia_page"": ""maanviljelijä"", ""wikidata_id"": ""Q131512"" } ```",16.43807029724121
hidden_test_fi_3,3285,3311,työmies Vasili Hohrja-koff,NIL,PER,NIL,työmies Vasili Hohrja-koff,"```json { ""wikipedia_page"": """", ""wikidata_id"": ""NIL"" } ```",0
hidden_test_fi_3,3313,3340,agronoomi Nicolai Fabricius,NIL,PER,Q1781198,maataloustieteilijä,"```json { ""wikipedia_page"": ""maataloustieteilijä"", ""wikidata_id"": ""Q1781198"" } ```",18.28823471069336
hidden_test_fi_3,3342,3381,kaup-pias Carl Aleksander August Frantz,NIL,PER,Q7501153,kauppias,"```json { ""wikipedia_page"": ""kauppias"", ""wikidata_id"": ""Q7501153"" } ```",15.925808906555176
hidden_test_fi_3,3383,3419,les-kirouva Augusta Aurora Sergejeff,NIL,PER,Q4063353,,"```json { ""wikipedia_page"": ""Augusta Aurora Sergejeff"", ""wikidata_id"": ""Q4063353"" } ```",12.525731086730957
hidden_test_fi_3,3421,3450,kone-noulojatar Vera Antonoff,NIL,PER,Q266125,Anna Vyrubova,"```json { ""wikipedia_page"": ""Anna Vyrubova"", ""wikidata_id"": ""Q266125"" } ``` However, after reviewing the input text, I noticed that the entity between the `[ENT]` tags is ""Vera Antonoff"", and none of the provided candidates match her. Therefore, I will return the NIL value as per the instructions. ```json { ""wikidata_id"": ""NIL"" } ```",11.711779594421387
hidden_test_fi_3,3452,3500,"hierojatar, les-kirouva Maria Lovisa Tsheepanoff",NIL,PER,Q283654,Maria Pariisilainen,"```json {""wikipedia_page"": ""Maria Pariisilainen"", ""wikidata_id"": ""Q283654""} ```",13.566987991333008
hidden_test_fi_3,3502,3543,työn-johtaja Juho Merivaara (Prokoffjeff),NIL,PER,Q26244668,Juho Merivaara,"```json { ""wikipedia_page"": ""Juho Merivaara"", ""wikidata_id"": ""Q26244668"" } ```",12.554762840270996
hidden_test_fi_3,3545,3576,neitiElisabet Vilhelmina Waling,NIL,PER,NIL,neitiElisabet Vilhelmina Waling,"```json { ""wikipedia_page"": ""NIL"", ""wikidata_id"": ""NIL"" } ``` However, after re-evaluating the input text and the list of candidates, I've noticed that none of the provided names directly match the names mentioned in the text. But, the name ""Elisabet Vilhelmina Waling"" could be a potential match with the name Elise Waling, however, she does not match with the provided list of candidates. After further analysis, I still can't find a direct match for most of the names in the text. For the names that are somewhat similar, they don't match the provided list of candidates either. Therefore, I'm returning the ""NIL"" value for both Wikipedia page title and Wikidata ID. If you provide me with a more accurate list of candidates, I can give you a better response.",0
hidden_test_fi_3,3578,3609,lihakaup-pias Vilhelm Bielevsky,NIL,PER,Q329737,teurastaja,"```json { ""wikipedia_page"": ""Lihakauppias"", ""wikidata_id"": ""Q329737"" } ```",16.295486450195312
hidden_test_fi_3,3611,3643,lakit. yliopp. Eu-gen Gaideborov,NIL,PER,NIL,lakit. yliopp. Eu-gen Gaideborov,"```json { ""wikipedia_page"": ""NIL"", ""wikidata_id"": ""NIL"" } ``` The input text does not contain an entity that matches any of the provided candidates from the list with high confidence. Therefore, the disambiguation result is set to ""NIL"" for both the Wikipedia page title and Wikidata ID.",0
hidden_test_fi_3,3645,3674,liikemies Constantin Va-gello,NIL,PER,Q43845,liikehenkilö,"```json { ""wikipedia_page"": ""liikehenkilö"", ""wikidata_id"": ""Q43845"" } ``` However, since ""liikehenkilö"" is a descriptor rather than a specific entity, and none of the candidates directly match the context of the text provided, a more appropriate response would be: ```json { ""wikidata_id"": ""NIL"" } ``` Reasoning: The text mentions a ""liikemies Constantin Vagello"", which suggests the entity tagged with [ENT] is likely a person involved in business. However, the provided list of candidates does not include a direct match. The closest match with a descriptor related to business is ""liikehenkilö"", but as a descriptor it does not serve as a direct selection. Therefore, to adhere to the rule of selecting a Wikidata entity from the provided list of candidates when highly confident or using the string ""NIL"" when none match, the best response is to use ""NIL"".",13.336366653442383
hidden_test_fi_3,3676,3700,maalari Emeljan Morshoff,NIL,PER,Q25454304,Janne Muusari,"```json { ""wikipedia_page"": ""suomalainen kuvataiteilija"", ""wikidata_id"": ""Q25454304"" } ```",18.442218780517578
hidden_test_fi_3,3702,3727,sorvariValentin Perkovsky,NIL,PER,NIL,sorvariValentin Perkovsky,"```json { ""wikidata_id"": ""NIL"", ""wikipedia_page"": """" } ``` The input text does not match any of the provided candidates, and therefore, the `wikidata_id` is set to ""NIL"". If there was a clear match, the corresponding `wikipedia_page` and `wikidata_id` would have been selected from the list of candidates.",0
hidden_test_fi_3,3729,3760,konttoristi MikaelGustaf Winter,NIL,PER,NIL,konttoristi MikaelGustaf Winter,"```json { ""wikipedia_page"": """", ""wikidata_id"": ""NIL"" } ```",0
hidden_test_fi_3,3762,3800,entinen midshipsmanniVladimir Koreneff,NIL,PER,NIL,entinen midshipsmanniVladimir Koreneff,"```json { ""wikipedia_page"": """", ""wikidata_id"": ""NIL"" } ``` The text provided does not match any of the candidates in the list. The referenced name ""[ENT] entinen midshipsmanni Vladimir Koreneff [ENT]"" does not match any of the provided names. Therefore, the correct response is ""NIL"".",0
hidden_test_fi_3,3802,3832,vääpelinleski MariaSpiridonoff,NIL,PER,NIL,vääpelinleski MariaSpiridonoff,"```json { ""wikipedia_page"": """", ""wikidata_id"": ""NIL"" } ``` The provided text does not match any of the given candidates and contains multiple mentions of different individuals, making it difficult to disambiguate the specific [ENT] references without more context. Therefore, the ""wikidata_id"" is set to ""NIL"".",0
hidden_test_fi_3,3834,3859,kauppias Nikolai Tusikoff,NIL,PER,Q11884488,Nikolai Kiseleff,"```json { ""wikipedia_page"": ""Nikolai Kiseleff"", ""wikidata_id"": ""Q11884488"" } ``` However, since ""Nikolai Tusikoff"" appears to be a name that doesn't match any of the provided candidates closely and the list does not include a direct match for ""Nikolai Tusikoff"", the entity should be classified with a NIL value. Therefore, the correct answer for the second instance of [ENT] would be: ```json { ""wikidata_id"": ""NIL"" } ``` And for the first instance of [ENT], given the context and the name provided, it seems more likely to belong to Nikolai Sittkoff, who is present in the list of candidates. Hence: ```json { ""wikipedia_page"": ""Nikolai Sittkoff"", ""wikidata_id"": ""Q6177279"" } ```",15.252087593078613
hidden_test_fi_3,3860,3895,entinen aliupseeri Feodor Sofronoff,NIL,PER,NIL,entinen aliupseeri Feodor Sofronoff,"```json { ""wikipedia_page"": """", ""wikidata_id"": ""NIL"" } ``` However, after reviewing the input text and the list of candidates, I noticed that the text mentions ""[ENT] entinen aliupseeri Feodor Sofronoff [ENT]"" which can be disambiguated with the Wikidata entry 'Q56399134' corresponding to Feodor Kiseleff, but more accurately with the name 'Feodor Sofronoff'. Unfortunately, 'Feodor Sofronoff' does not appear in the list of candidates. But 'Feodor Kiseleff' is very similar and corresponds to one of the candidates. However, it's important to note that Kiseleff and Sofronoff are different persons, so we should choose 'NIL' instead of a Wikidata ID from the list, since none of the candidates match with high confidence to the entity tagged with [ENT]. Here's the correct answer: ```json { ""wikipedia_page"": """", ""wikidata_id"": ""NIL"" } ```",0
hidden_test_fi_3,3897,3925,opet-taja Josef Jaakkimainen,NIL,PER,NIL,opet-taja Josef Jaakkimainen,"```json { ""wikipedia_page"": ""NIL"", ""wikidata_id"": ""NIL"" } ```",0
hidden_test_fi_3,3927,3964,ylioppilas Hlel-mi Sofia Jaakkimainen,NIL,PER,NIL,ylioppilas Hlel-mi Sofia Jaakkimainen,"```json { ""wikipedia_page"": """", ""wikidata_id"": ""NIL"" } ```",0
hidden_test_fi_3,3966,3989,viilaaja PeterDomazinko,NIL,PER,NIL,viilaaja PeterDomazinko,"```json { ""result"": { ""wikipedia_page"": ""NIL"", ""wikidata_id"": ""NIL"" } } ``` However, after re-evaluating the text and the list of candidates, I don't see any direct match for the entities mentioned between the `[ENT]` tags. There are multiple names and titles mentioned, but none of them exactly match any name in the provided list of candidates. Therefore, I am not able to disambiguate the reference with high confidence. Given the context, I will provide the disambiguation for the first two names that are partially mentioned: - `s-kirouva Maria Lovisa Tsheepanoff`, a close match could be `Q4491708` (Elia Fondaminski) is not a good match, but there is `Q26244244` which does not seem to match either. However, the closest full name in the list is not available. I will consider `Q4270669` (which does not match), but actually, none of the names in the list match the partial name provided. - `Juho Merivaara (Prokoffjeff)`, there is no direct match in the list. However, I",0
hidden_test_fi_3,3991,4016,kauppias Peter Vetushenki,NIL,PER,NIL,kauppias Peter Vetushenki,"```json { ""wikipedia_page"": """", ""wikidata_id"": ""NIL"" } ``` The text mentions various individuals and entities without a clear connection to a specific known individual or organization that matches any of the provided candidates. Therefore, the most appropriate response is to use the string ""NIL"" for the ""wikidata_id"" key, indicating that the entity tagged with [ENT] cannot be disambiguated with high confidence from the given list of candidates.",0
hidden_test_fi_3,4017,4044,maalkauppias Dimitri Suhoff,NIL,PER,Q4447116,,"```json { ""wikipedia_page"": ""Dimitri Suhoff"", ""wikidata_id"": ""Q4447116"" } ``` However, based on the provided list of candidates and the context of the text, it seems more likely that Dimitri Suhoff is not the correct match, as the Wikidata ID provided (`Q4447116`) does not match any known person with that name. A more plausible match could be the candidate with Wikidata ID `Q4521059`, which corresponds to the Finnish businessman Dimitri Sjöblom. ```json { ""wikipedia_page"": ""Dimitri Sjöblom"", ""wikidata_id"": ""Q4521059"" } ``` But since there are no exact matches in the context, and none of the provided candidates seem to perfectly match the name ""Dimitri Suhoff"" with high confidence, the most appropriate answer would be to use the string ""NIL"" as the value for the ""wikidata_id"" key. ```json { ""wikipedia_page"": """", ""wikidata_id"": ""NIL"" } ```",13.734448432922363
hidden_test_fi_3,4046,4076,tilanomis-taja Mark Gorbovitsy,NIL,PER,NIL,tilanomis-taja Mark Gorbovitsy,"```json { ""wikipedia_page"": ""NIL"", ""wikidata_id"": ""NIL"" } ``` However, after reviewing the input text and the list of candidates, I can see that the correct disambiguation is not straightforward due to the lack of context and the presence of multiple names with similar spellings. But, considering the provided text and the candidates list, none of the given names match exactly with the ones in the text. Given this situation and following the instructions to select a Wikidata entity when highly confident or use ""NIL"" otherwise, I chose ""NIL"" as the most appropriate answer. However, upon closer inspection, I notice that the name ""Mark Gorbovitsy"" mentioned in the text has a similar last name as ""Matvei Gorškov"" in the list of candidates. But, since this name does not exactly match any of the candidates and there is no exact match, I still choose ""NIL"". If more information about the context were available, a more accurate disambiguation could be possible. If we were to make an educated guess based on the name similarity, here is another attempt: ```json { ""wikipedia_page"": ""Matvei Gorškov"", ",0
hidden_test_fi_3,4097,4124,ompelijatar Maria Jakovleff,NIL,PER,Q242468,vaatturi,"```json { ""wikidata_id"": ""NIL"", ""wikipedia_page"": """" } ``` However, after reviewing the text and the list of candidates, I noticed that one of the names, ""Maria Jakovleff"", is not in the list. But based on the list, I found a possible match: ""kotiapulaiset"" or even better, ""vaatturi"" could be a possible match for ""ompelijatar"" in a broader sense, but it doesn't perfectly fit. However, the closest match without a perfect fit is ""vaatturi"", but since ""ompelijatar"" is not exactly the same as ""vaatturi"", I'll choose the next closest in a broader sense, which is not very accurate but the best choice from the list: ```json { ""wikidata_id"": ""Q242468"", ""wikipedia_page"": ""vaatturi"" } ``` However, I must point out that ""ompelijatar"" is not perfectly matched with any of the provided candidates, so the best choice I can make is to return a match with the highest confidence level, which is still not very high: ```json { ""wikidata_id"": """,17.72382354736328
hidden_test_fi_3,4126,4149,kauppiasPaavali Kosonen,NIL,PER,NIL,kauppiasPaavali Kosonen,"```json { ""wikipedia_page"": """", ""wikidata_id"": ""NIL"" } ```",0
hidden_test_fi_3,4151,4179,tarjoilija Karl JohanWessert,NIL,PER,Q157195,tarjoilija,"```json { ""wikipedia_page"": ""tarjoilija"", ""wikidata_id"": ""Q157195"" } ```",17.13819694519043
hidden_test_fi_3,4181,4217,metallityöntokijä Dimitri Po-rinskin,NIL,PER,Q196721,koneistaja,"```json { ""wikipedia_page"": ""koneistaja"", ""wikidata_id"": ""Q196721"" } ```",17.095090866088867
hidden_test_fi_3,4219,4247,palvelijatar Maria Heidemann,NIL,PER,Q54128,palvelija,"```json { ""wikipedia_page"": ""palvelija"", ""wikidata_id"": ""Q54128"" } ```",15.339132308959961
hidden_test_fi_3,4248,4283,taloudenhoitajatar Ljubov Balashoff,NIL,PER,Q18677388,taloustirehtööri,"```json { ""wikipedia_page"": ""taloustirehtööri"", ""wikidata_id"": ""Q18677388"" } ``` However, after re-evaluation, none of the provided candidates seem directly relevant to the context of ""Ljubov Balashoff"" as given in the input text. Therefore, a more accurate response would be: ```json { ""wikidata_id"": ""NIL"" } ```",15.110036849975586
hidden_test_fi_3,4284,4318,maalarintyöntekijä Vasili Maltsoff,NIL,PER,Q16674802,,"```json { ""wikipedia_page"": ""Vasili Maltsoff"", ""wikidata_id"": ""Q16674802"" } ```",16.4610595703125
hidden_test_fi_3,4320,4344,talon-mies Vasili Basoff,NIL,PER,Q4074488,,"```json { ""wikipedia_page"": ""Venäjän sisäministeriö"", ""wikidata_id"": ""Q4074488"" } ``` However, upon reevaluation, it appears that the most likely entity to be disambiguated from the given text is actually related to the list of individuals mentioned, not an organization such as the Russian Ministry of Internal Affairs. A more appropriate selection from the candidates provided in the list would be the one that best matches the context of the text. Given the text mentions multiple individuals, the correct answer should be one of them, however, none of the candidates directly match the text. Among the individuals listed, the name ""Vasili Basoff"" seems to be the closest match for the text ""[ENT] talonmies Vasili Basoff [ENT]"". However, this name does not appear in the provided list of candidates. Given the list and the task, the best course of action is to use the string ""NIL"" as the value of the ""wikidata_id"" key since none of the provided candidates match the text with high confidence. ```json { ""wikipedia_page"": """", ""wikidata_id"": ""NIL"" } ```",11.351492881774902
hidden_test_fi_3,4346,4380,koneenkäyttäjä Se-men Alexangdroff,NIL,PER,NIL,koneenkäyttäjä Se-men Alexangdroff,"```json { ""wikipedia_page"": """", ""wikidata_id"": ""NIL"" } ```",0
hidden_test_fi_3,4382,4406,etsivä Nikolai Zvetae-vi,NIL,PER,Q2493182,Nikolai Zatejev,"```json { ""wikipedia_page"": ""Nikolai Zatejev"", ""wikidata_id"": ""Q2493182"" } ```",16.054548263549805
hidden_test_fi_3,4408,4429,etsivä Georg Zvetaevi,NIL,PER,NIL,etsivä Georg Zvetaevi,"```json { ""wikipedia_page"": ""NIL"", ""wikidata_id"": ""NIL"" } ```",0
hidden_test_fi_3,4431,4466,entinen säh-köttäjä Maria Marguloff,NIL,PER,NIL,entinen säh-köttäjä Maria Marguloff,"```json { ""wikidata_id"": ""NIL"", ""wikipedia_page"": """" } ``` Since none of the candidates match with high confidence the entity tagged with [ENT], the value of the ""wikidata_id"" key is set to ""NIL"".",0
hidden_test_fi_3,4468,4502,palvelijatar Ma-ria Charlotte Berg,NIL,PER,Q4938400,Charlotta Berger,"```json { ""wikipedia_page"": ""Charlotta Berger"", ""wikidata_id"": ""Q4938400"" } ```",10.907953262329102
hidden_test_fi_3,4504,4537,kauppa-apulainenAleksei Povalihin,NIL,PER,Q113394112,Paul Jakovleff,"```json { ""wikipedia_page"": ""Dimitri Suhoff"", ""wikidata_id"": ""Q113394112"" } ``` Alternatively, if you are considering the context of the text, another possibility could be: ```json { ""wikipedia_page"": ""Paul Jakovleff"", ""wikidata_id"": ""Q113394112"" } ``` However, since ""Paul Jakovleff"" is mentioned directly after the first instance, it might be the most appropriate answer. If none of the candidates match with high confidence, the ""wikidata_id"" should be ""NIL"".",14.353139877319336
hidden_test_fi_3,4539,4576,kauppa-apulainen Eli-sabeth Povalihin,NIL,PER,Q113394112,Paul Jakovleff,"```json { ""wikipedia_page"": ""Paul Jakovleff"", ""wikidata_id"": ""Q113394112"" } ```",13.755599975585938
hidden_test_fi_3,4578,4610,lämmittää FransKrohn (Krimensky),NIL,PER,NIL,lämmittää FransKrohn (Krimensky),"```json { ""wikipedia_page"": """", ""wikidata_id"": ""NIL"" } ```",0
hidden_test_fi_3,4612,4636,kirjakauppias Jo-kiforov,NIL,PER,Q998550,kirjakauppias,"```json { ""wikipedia_page"": ""kirjakauppias"", ""wikidata_id"": ""Q998550"" } ```",15.427905082702637
hidden_test_fi_3,4638,4663,kauppias Feodor Grigorjev,NIL,PER,NIL,kauppias Feodor Grigorjev,"```json { ""wikipedia_page"": """", ""wikidata_id"": ""NIL"" } ``` However, after analyzing the text, I found that the name ""Feodor Grigorjev"" is likely a person, specifically a merchant. Based on the provided list of candidates, I found a match with the description ""kauppias"" which translates to merchant in English. Although there is no direct Wikidata ID or Wikipedia page title for this exact name, ""kauppias"" is the closest match for the type of entity. However, the correct candidate from the list that most closely matches ""Feodor Grigorjev"" in terms of occupation is actually: - **Feodor Fyodorovich Krestyaninov** (Q65128029) - However, there is no exact match for **Feodor Grigorjev** in the provided list. The closest match for **Feodor Grigorjev** in terms of occupation is: - **kauppias** (Q215536) - However, this is not a person but a type of entity. But after re-evaluating the text, I found a candidate that matches ""Feodor Grigorjev"" as a merchant: ```json { ""wikipedia",0
hidden_test_fi_3,4673,4680,Venäjän,Q159,LOC,Q159,Venäjä,"```json { ""wikipedia_page"": ""Venäjä"", ""wikidata_id"": ""Q159"" } ```",17.646610260009766
hidden_test_fi_3,4696,4709,Herman Pettay,NIL,PER,NIL,Herman Pettay,"```json { ""wikipedia_page"": ""NIL"", ""wikidata_id"": ""NIL"" } ```",0
hidden_test_fi_3,4711,4732,räätäh EvaldLukavitsh,NIL,PER,NIL,räätäh EvaldLukavitsh,"```json { ""wikipedia_page"": ""NIL"", ""wikidata_id"": ""NIL"" } ```",0
hidden_test_fi_3,4734,4762,kollegineuvos Konstantin Ni-,NIL,PER,NIL,kollegineuvos Konstantin Ni-,"```json { ""wikipedia_page"": """", ""wikidata_id"": ""NIL"" } ```",0
hidden_test_fi_3,4784,4790,Suomen,Q33,LOC,Q33,Suomi,"```json { ""wikipedia_page"": ""Suomi"", ""wikidata_id"": ""Q33"" } ```",12.17208194732666
hidden_test_fi_3,4795,4811,Simo Kondratjeff,NIL,PER,Q312799,Nikolai Kondratjeff,"```json { ""wikipedia_page"": ""Nikolai Kondratjeff"", ""wikidata_id"": ""Q312799"" } ```",20.335084915161133
hidden_test_fi_3,4862,4880,Vasili Mitrofanoff,NIL,PER,NIL,Vasili Mitrofanoff,"```json { ""wikipedia_page"": """", ""wikidata_id"": ""NIL"" } ```",0
hidden_test_fi_3,4882,4902,kauppiaanleski Hulda,NIL,PER,Q215536,kauppias,"```json { ""wikipedia_page"": ""kauppias"", ""wikidata_id"": ""Q215536"" } ```",7.334170341491699
hidden_test_fi_3,4908,4918,Lehtovaara,NIL,PER,Q11875328,Lehtovaara,"```json { ""wikipedia_page"": ""Lehtovaara"", ""wikidata_id"": ""Q11875328"" } ```",13.44416332244873
hidden_test_fi_3,4920,4953,karamellttyöläinen AndrejPosiadlo,NIL,PER,NIL,karamellttyöläinen AndrejPosiadlo,"```json { ""wikipedia_page"": """", ""wikidata_id"": ""NIL"" } ```",0
hidden_test_fi_3,4955,4980,työnjohtaja Ivan Jefimoff,NIL,PER,NIL,työnjohtaja Ivan Jefimoff,"```json { ""wikidata_id"": ""NIL"", ""wikipedia_page"": """" } ```",0
hidden_test_fi_3,5022,5041,Aleksandra Komaroff,NIL,PER,Q109490827,,,0
hidden_test_fi_3,5043,5075,taloudenhoitajatarMari Feodoroff,NIL,PER,NIL,taloudenhoitajatarMari Feodoroff,"```json { ""wikipedia_page"": """", ""wikidata_id"": ""NIL"" } ```",0
hidden_test_fi_3,5077,5102,kirjaltaja Alexei Ivanoff,NIL,PER,Q76829,Aleksandr Ivanov,"```json { ""wikipedia_page"": ""Aleksandr Ivanov"", ""wikidata_id"": ""Q76829"" } ``` However, upon closer examination of the content and the provided list of candidates, it appears that none of the individuals mentioned in the text match the provided list directly. The most likely person mentioned in the text with a Wikidata entry is related to the name ""Ivanoff"", which seems to be a common surname and not directly matched in the list. However, based on the list provided, the closest match I can suggest is ""Aleksandr Ivanov"", a Russian painter, but it's crucial to note that the text does not clearly indicate this individual is the correct disambiguation. Given the instruction to return a confidence level and considering the provided list does not contain the exact match for the names given in the text, a more accurate response should reflect this lack of confidence: ```json { ""wikidata_id"": ""NIL"" } ```",11.028943061828613
hidden_test_fi_3,5103,5127,hierojatar Eleonora Berg,NIL,PER,NIL,hierojatar Eleonora Berg,"```json { ""wikipedia_page"": """", ""wikidata_id"": ""NIL"" } ```",0
hidden_test_fi_3,5129,5159,leskirouva Je-katerina Marusin,NIL,PER,NIL,leskirouva Je-katerina Marusin,"```json { ""wikipedia_page"": """", ""wikidata_id"": ""NIL"" } ```",0
hidden_test_fi_3,5161,5184,myyjätär Tatjana Si-kov,NIL,PER,NIL,myyjätär Tatjana Si-kov,"```json { ""wikidata_id"": ""NIL"", ""wikipedia_page"": """" } ```",0
hidden_test_fi_3,5186,5203,herra Peter Sikov,NIL,PER,NIL,herra Peter Sikov,"```json { ""wikipedia_page"": """", ""wikidata_id"": ""NIL"" } ```",0
hidden_test_fi_3,5205,5223,herra NikolaiSikov,NIL,PER,NIL,herra NikolaiSikov,"```json { ""wikipedia_page"": """", ""wikidata_id"": ""NIL"" } ```",0
hidden_test_fi_3,5225,5242,herra Boris Sikov,NIL,PER,NIL,herra Boris Sikov,"```json { ""wikipedia_page"": """", ""wikidata_id"": ""NIL"" } ```",0
hidden_test_fi_3,5244,5269,rääläli AdolfRastenberger,NIL,PER,NIL,rääläli AdolfRastenberger,"```json { ""wikidata_id"": ""NIL"", ""wikipedia_page"": """" } ``` However, after analyzing the input text, I found that the names ""Rastenberger"" appear in the text. Let's check the provided list of candidates: After manual check, I found that ""Adolf Rastenberger"" refers to Adolf Rastenberger, a Finnish politician and businessman. From the list of candidates, I found: ```json [ {'wikipedia_page': '', 'wikidata_id': 'Q16720957', 'type': 'PER', 'descr': '', 'date': '1880-04-20'}, {'wikipedia_page': '', 'wikidata_id': 'Q13028309', 'type': 'PER', 'descr': '', 'date': '1886-01-01'}, {'wikipedia_page': '', 'wikidata_id': 'Q18276659', 'type': 'PER', 'descr': '', 'date': '1851-09-09'}, {'wikipedia_page': '', 'wikidata_id': 'Q2132096', 'type': 'ORG', 'descr': '', 'date': ''}, {'wikipedia_page",0
hidden_test_fi_3,5271,5307,kauppa-apulainen DimitriRastenberger,NIL,PER,NIL,kauppa-apulainen DimitriRastenberger,"```json { ""wikipedia_page"": ""NIL"", ""wikidata_id"": ""NIL"" } ``` However, after reevaluating the input text and the list of candidates, I can find a more suitable match: The string ""Rastenberger"" appears multiple times in the text. Given the list of candidates, the most likely match is: - `{'wikipedia_page': '', 'wikidata_id': 'Q4461065', 'type': '', 'descr': '', 'date': ''}` However, this is not a very good match. A better candidate is: - `{'wikipedia_page': '', 'wikidata_id': 'Q5421729', 'type': '', 'descr': '', 'date': ''}` But the best match is actually: - `{'wikipedia_page': '', 'wikidata_id': 'Q4461065', 'type': '', 'descr': '', 'date': ''}` does not seem to be a good match, however, another option is: Given that ""Rastenberger"" is a common surname in Finland and it is repeated multiple times, it seems likely that it refers to the same person. However, none of the provided options directly match ""Rastenberger",0
hidden_test_fi_3,5309,5351,"talonomistaja, leskirouvaEva Sofie Rubzoff",NIL,PER,Q11896136,Takuumiehet,"```json { ""wikipedia_page"": ""Takuumiehet"", ""wikidata_id"": ""Q11896136"" } ```",12.76889419555664
hidden_test_fi_3,5353,5384,palvelijatar Ale-xandra Rubzoff,NIL,PER,Q54128,palvelija,"```json { ""wikipedia_page"": ""palvelija"", ""wikidata_id"": ""Q54128"" } ```",11.563724517822266
hidden_test_fi_3,5386,5410,insinööri Peter Iva-noff,NIL,PER,Q19703558,Insinööri-ekonomisti,"```json { ""wikipedia_page"": ""Insinööri-ekonomisti"", ""wikidata_id"": ""Q19703558"" } ``` However, upon further review of the text and the candidates, it is clear that the most suitable match for the provided text is actually related to a person with the name Peter Ivanoff, who is likely an engineer. The closest match in the provided list that seems plausible and could be related to a person named Peter Ivanoff is actually not present in the list directly. However, the closest that could fit, considering the context and without a direct match, would be to select a candidate based on the closest possible relation to an engineer, which would be **Q1190083** for Nikolaj Ivanov or **Q11902110** for Väinö Sihvonen, but neither of these perfectly matches the name ""Peter Ivanoff"" in the text. Given the closest match based on the context of the text being related to an engineer, and considering the provided list does not include a perfect match for ""Peter Ivanoff"", the most appropriate action is to choose **Q1190083** for Nikolaj Ivanov as it is the closest match in the context of an engineer: ",18.823734283447266
hidden_test_fi_3,5412,5437,kauppias Nikolai Smirnoff,NIL,PER,Q110811848,,"```json { ""wikipedia_page"": ""Nikolai Smirnoff"", ""wikidata_id"": ""Q110811848"" } ```",15.5239839553833
hidden_test_fi_3,5439,5462,modistiMaria Finogenoff,NIL,PER,Q18199649,Modisti,"```json { ""wikipedia_page"": ""Modisti"", ""wikidata_id"": ""Q18199649"" } ```",12.094049453735352
hidden_test_fi_3,5464,5486,talonomistaja AdamMalm,NIL,PER,Q618532,vuokranantaja,"```json { ""wikipedia_page"": ""vuokranantaja"", ""wikidata_id"": ""Q618532"" } ```",12.055468559265137
hidden_test_fi_3,5488,5518,kulkukauppias Aleksej Bogdanov,NIL,PER,Q4229030,,"```json { ""wikidata_id"": ""NIL"", ""wikipedia_page"": """" } ``` However, after re-evaluating the text and candidates, I find a match between the text and one of the candidates: ```json { ""wikidata_id"": ""Q4229030"", ""wikipedia_page"": ""Aleksei_Bogdanov_(Finland)"" } ``` Aleksei Bogdanov is a plausible match for the term ""kulkukauppias Aleksej Bogdanov"" in the text.",12.236865043640137
hidden_test_fi_3,5519,5551,liikkeenjohtaja Feodor Gavriloff,NIL,PER,NIL,liikkeenjohtaja Feodor Gavriloff,"```json { ""wikipedia_page"": ""NIL"", ""wikidata_id"": ""NIL"" } ```",0
hidden_test_fi_3,5553,5588,kauppa-apulainen Dimitri Fedosejeff,NIL,PER,NIL,kauppa-apulainen Dimitri Fedosejeff,"```json { ""wikipedia_page"": """", ""wikidata_id"": ""NIL"" } ``` However, after analyzing the input text and the list of candidates, I find that there is a high chance that the entity between the `[ENT]` tags refers to **Feodor Kiseleff** or **Theodor Alexejeff**. However, neither of them matches the provided text content, which seems to refer to a person named **Dimitri Fedosejeff** or **Dimitri Fedosejev**. However, there is no exact match in the provided list of candidates. Given the list of candidates and the text content, I choose to use the value ""NIL"" as the most appropriate response, since none of the candidates match the entity tagged with `[ENT]` with high confidence. But before I give the final answer, let's try to find a better match. After re-examining the text content, I notice that **Dimitri Fedosejev** is not in the list of candidates. However, I found another candidate that might match: **Dimitri Rastenberger** is not the correct match, but **Dimitri Fedosejev** is not in the list.",0
hidden_test_fi_3,5590,5615,leskirouvaMaria Bjelusoff,NIL,PER,Q179115,leski,"```json { ""wikipedia_page"": ""Leski"", ""wikidata_id"": ""Q179115"" } ```",14.003597259521484
hidden_test_fi_3,5617,5647,kauppa-apulainen VasiliMaligin,NIL,PER,Q215536,kauppias,"```json { ""wikipedia_page"": ""kauppias"", ""wikidata_id"": ""Q215536"" } ```",14.845478057861328
hidden_test_fi_3,5649,5670,neiti Natalia Maligin,NIL,PER,Q241797,Natalja Naryškina,"```json { ""wikipedia_page"": ""Natalja Naryškina"", ""wikidata_id"": ""Q241797"" } ```",17.5705509185791
hidden_test_fi_3,5672,5701,lihakaup-pias Artemi Hodareff,NIL,PER,NIL,lihakaup-pias Artemi Hodareff,"```json { ""wikipedia_page"": """", ""wikidata_id"": ""NIL"" } ```",0
hidden_test_fi_3,5703,5731,suutari Vasili Adu-shkevitsh,NIL,PER,Q152355,suutari,"```json { ""wikipedia_page"": ""suutari"", ""wikidata_id"": ""Q152355"" } ```",18.72907066345215
hidden_test_fi_3,5733,5771,liikeapulainen Anastasia Adu-shkevitsh,NIL,PER,NIL,liikeapulainen Anastasia Adu-shkevitsh,"```json { ""wikipedia_page"": ""NIL"", ""wikidata_id"": ""NIL"" } ```",0
hidden_test_fi_3,5773,5807,hatuntekijä Antonina Adu-shkevitsh,NIL,PER,Q80151,hattu,"```json { ""wikipedia_page"": ""hattu"", ""wikidata_id"": ""Q80151"" } ```",17.357255935668945
hidden_test_fi_3,5808,5815,Venäjän,Q159,LOC,Q49542,venäläiset,"```json { ""wikipedia_page"": ""Venäläiset"", ""wikidata_id"": ""Q49542"" } ```",15.499235153198242
hidden_test_fi_3,5851,5875,liikemies Mordhai Gorell,NIL,PER,NIL,liikemies Mordhai Gorell,"```json { ""wikipedia_page"": ""NIL"", ""wikidata_id"": ""NIL"" } ```",0
hidden_test_fi_3,5877,5910,kauppa-maikustaja Mosos Rosenthal,NIL,PER,Q948928,Samuel Rosenthal,"```json { ""wikipedia_page"": ""Rosenthal"", ""wikidata_id"": ""Q948928"" } ```",9.851252555847168
hidden_test_fi_3,5912,5934,neifi Es-ter Rosenthal,NIL,PER,Q12269751,Rosenlew,"```json { ""wikipedia_page"": ""Rosenlew"", ""wikidata_id"": ""Q12269751"" } ```",11.870697975158691
hidden_test_fi_3,5936,5964,lakintekijä Isak MeijerVogel,NIL,PER,NIL,lakintekijä Isak MeijerVogel,"```json { ""wikipedia_page"": ""NIL"", ""wikidata_id"": ""NIL"" } ```",0
hidden_test_fi_3,5984,6011,kauppias Ha-jim Leib Berman,NIL,PER,Q215536,kauppias,"```json { ""wikipedia_page"": ""henkilö, joka käy kauppa muiden tuottamilla tuotteilla"", ""wikidata_id"": ""Q215536"" } ``` However, considering the context of the text and the list of candidates, I found a more precise match: ```json { ""wikipedia_page"": ""kauppias (ammatti)"", ""wikidata_id"": ""Q7501153"" } ``` But the most fitting answer is: ```json { ""wikipedia_page"": ""liikehenkilö"", ""wikidata_id"": ""Q43845"" } ``` However, the best match is still not from the list. Taking into account the context and the content of the text, none of the candidates perfectly match the context. Therefore, I choose the highest confidence option from the list which is: ```json { ""wikipedia_page"": ""henkilö, joka käy kauppa muiden tuottamilla tuotteilla"", ""wikidata_id"": ""Q215536"" } ``` But since none of the candidates match perfectly and there is no clear best choice, I decide to use the string",20.114154815673828
hidden_test_fi_3,6013,6038,liikemies BenjaminKamtsan,NIL,PER,NIL,liikemies BenjaminKamtsan,"```json { ""wikipedia_page"": """", ""wikidata_id"": ""NIL"" } ```",0
hidden_test_fi_3,6040,6071,tehtailija Haim Idsik Sverdloff,NIL,PER,Q4291587,,"```json { ""wikipedia_page"": ""Haim Idsik Sverdloff"", ""wikidata_id"": ""Q4291587"" } ```",14.440034866333008
hidden_test_fi_3,6072,6099,liikemies Salomon Rakovitsh,NIL,PER,NIL,liikemies Salomon Rakovitsh,"```json { ""wikipedia_page"": """", ""wikidata_id"": ""NIL"" } ```",0
hidden_test_fi_3,6100,6107,Ruotsin,Q34,LOC,Q34,Ruotsi,"```json { ""wikipedia_page"": ""Ruotsi"", ""wikidata_id"": ""Q34"" } ```",22.745105743408203
hidden_test_fi_3,6119,6144,työmies Karl Jo-han Jysky,NIL,PER,Q2463498,Työmies,"```json { ""wikipedia_page"": ""Työmies (1895-1918)"", ""wikidata_id"": ""Q2463498"" } ```",12.831116676330566
hidden_test_fi_3,6148,6168,kasööri Johan Röing:,NIL,PER,NIL,kasööri Johan Röing:,"```json { ""wikipedia_page"": """", ""wikidata_id"": ""NIL"" } ```",0
hidden_test_fi_3,6171,6177,Saksan,Q43287,LOC,Q43287,Saksan keisarikunta,"```json { ""wikipedia_page"": ""Saksan keisarikunta"", ""wikidata_id"": ""Q43287"" } ```",15.261149406433105
hidden_test_fi_3,6189,6209,kaivertaja KarlStein,NIL,PER,Q3933717,Arvid Karlsteen,"```json { ""wikipedia_page"": ""Arvid Karlsteen"", ""wikidata_id"": ""Q3933717"" } ```",16.044288635253906
hidden_test_fi_3,6258,6291,sahatyömies Otto VilhelmHyvärinen,NIL,PER,Q11871806,kirvesmies,"```json { ""wikipedia_page"": ""sahatyömies"", ""wikidata_id"": ""Q11871806"" } ```",17.732065200805664
hidden_test_fi_3,6334,6350,Pehjois-Suomessa,Q3745730,LOC,Q3745730,Pohjois-Suomi,"```json { ""wikipedia_page"": ""Pohjois-Suomi"", ""wikidata_id"": ""Q3745730"" } ```",21.549907684326172
hidden_test_fi_3,6362,6386,metsänhoitaja V.Roschier,NIL,PER,Q17383341,Rolf Roschier,"```json { ""wikipedia_page"": ""Rolf Roschier"", ""wikidata_id"": ""Q17383341"" } ```",13.533191680908203
hidden_test_fi_3,6406,6418,Kuolajär-ven,Q936067,LOC,Q2389263,Kuolemajärvi,"```json { ""wikipedia_page"": ""Kuolemajärvi"", ""wikidata_id"": ""Q2389263"" } ```",23.233009338378906
hidden_test_fi_3,6422,6430,Kuusamon,Q207999,LOC,Q207999,Kuusamo,,0
hidden_test_fi_3,6921,6935,E. Köhle-rille,NIL,PER,Q11858501,Ernst Köhler,"```json { ""wikipedia_page"": ""Ernst Köhler"", ""wikidata_id"": ""Q11858501"" } ```",23.73988151550293
hidden_test_fi_3,6937,6947,G. Örnille,NIL,PER,Q6257257,Robert Isidor Örn,"```json { ""wikipedia_page"": ""Robert Isidor Örn"", ""wikidata_id"": ""Q6257257"" } ```",17.184711456298828
hidden_test_fi_3,6949,6966,A. Veledejeffille,NIL,PER,NIL,A. Veledejeffille,"```json { ""wikipedia_page"": """", ""wikidata_id"": ""NIL"" } ```",0
hidden_test_fi_3,6968,6983,A.Anderssonille,NIL,PER,NIL,A.Anderssonille,"```json { ""wikipedia_page"": """", ""wikidata_id"": ""NIL"" } ```",0
hidden_test_fi_3,6987,7000,A. Palmenille,NIL,PER,Q6033626,Johan Axel Palmén,,0
hidden_test_fi_3,7020,7036,J. A. Vuoriselle,NIL,PER,NIL,J. A. Vuoriselle,"```json { ""wikidata_id"": ""NIL"", ""wikipedia_page"": """" } ```",0
hidden_test_fi_3,7040,7048,T.Mäelle,NIL,PER,Q1355353,Taisto Mäki,"```json { ""wikipedia_page"": ""Taisto Mäki"", ""wikidata_id"": ""Q1355353"" } ```",20.911102294921875
hidden_test_fi_3,7070,7084,P. Ryy-näselle,NIL,PER,NIL,P. Ryy-näselle,"```json { ""wikipedia_page"": """", ""wikidata_id"": ""NIL"" } ```",0
hidden_test_fi_3,7092,7106,J. Markkaselle,NIL,PER,Q11865968,Janne Martikainen,,0
hidden_test_fi_3,7115,7129,C. Vikman̄ille,NIL,PER,NIL,C. Vikman̄ille,"```json { ""wikipedia_page"": """", ""wikidata_id"": ""NIL"" } ```",0
hidden_test_fi_3,7141,7157,T. V.Dammertille,NIL,PER,Q6203476,Theodor Tallqvist,,0
hidden_test_fi_3,7165,7171,Muolan,Q18681709,LOC,Q18681709,Muolaa,"```json { ""wikipedia_page"": ""Muolaa"", ""wikidata_id"": ""Q18681709"" } ```",22.330791473388672
hidden_test_fi_3,7231,7261,lääket. kand. P. J. Karppinen̄,NIL,PER,Q4407665,,"```json { ""wikidata_id"": ""Q4407665"", ""wikipedia_page"": ""Lääkintöhallitus"" } ```",14.500643730163574
hidden_test_fi_3,7264,7281,Karttulan̄ kunnan,Q1734675,LOC,Q1734675,Karttula,"```json { ""wikipedia_page"": ""Karttula"", ""wikidata_id"": ""Q1734675"" } ```",21.411794662475586
hidden_test_fi_3,7306,7331,eläinlääkäri T. P. Harald,NIL,PER,Q18694393,Valvontaeläinlääkäri,"```json { ""wikipedia_page"": ""Valvontaeläinlääkäri"", ""wikidata_id"": ""Q18694393"" } ```",19.199655532836914
hidden_test_fi_3,7668,7674,Suomen,Q33,LOC,Q33,Suomi,"```json { ""wikipedia_page"": ""Suomi"", ""wikidata_id"": ""Q33"" } ```",22.537216186523438
hidden_test_fi_3,7678,7685,Venäjän,Q159,LOC,Q495735,Suomen ja Venäjän raja,"```json { ""wikipedia_page"": ""Suomen ja Venäjän raja"", ""wikidata_id"": ""Q495735"" } ```",15.688218116760254
hidden_test_fi_3,7902,7933,liikennetarkastaja J. V. Nyholm,NIL,PER,Q18677280,Liikennetarkastaja,"```json { ""wikipedia_page"": ""Liikennetarkastaja"", ""wikidata_id"": ""Q18677280"" } ```",20.481670379638672
hidden_test_fi_3,7950,7983,v.t. liikennetarkastajaF. Enkvist,NIL,PER,Q20251460,J. W. Enqvist,"```json { ""wikipedia_page"": ""J. W. Enqvist"", ""wikidata_id"": ""Q20251460"" } ```",16.15675163269043
hidden_test_fi_3,7985,8017,ensimäinen kirjuri A. E.Anttonen,NIL,PER,NIL,ensimäinen kirjuri A. E.Anttonen,"```json { ""wikipedia_page"": ""NIL"", ""wikidata_id"": ""NIL"" } ```",0
hidden_test_fi_3,8021,8044,insin̄ööri M. Fran̄zell,NIL,PER,NIL,insin̄ööri M. Fran̄zell,"```json { ""wikipediate_page"": """", ""wikidata_id"": ""NIL"" } ```",0
hidden_test_fi_3,8293,8302,Venäjälle,Q159,LOC,Q33,Suomi,"```json { ""wikipedia_page"": ""Suomi"", ""wikidata_id"": ""Q33"" } ```",14.578965187072754
hidden_test_fi_3,8410,8418,Suomesta,Q33,LOC,Q33,Suomi,"```json { ""wikipedia_page"": ""Suomi"", ""wikidata_id"": ""Q33"" } ```",21.2900447845459
hidden_test_fi_3,8427,8436,Pietariin,Q656,LOC,Q656,Pietari,"```json { ""wikipedia_page"": ""Pietari"", ""wikidata_id"": ""Q656"" } ```",22.7823486328125
hidden_test_fi_3,8601,8617,VenäjältäSuomeen,Q33,LOC,Q495735,Suomen ja Venäjän raja,"```json { ""wikipedia_page"": ""Suomen ja Venäjän raja"", ""wikidata_id"": ""Q495735"" } ``` The chosen entity from the list corresponds to the Wikipedia page ""Suomen ja Venäjän raja"", which translates to ""Finland-Russia border"", and its Wikidata ID is Q495735. This entity is a relevant candidate for the context of the input text, which mentions the relations between Finland and Russia, including trade and transportation across the border.",14.817354202270508
hidden_test_fi_3,8652,8659,Ber-nin,Q70,LOC,NIL,Ber-nin,"```json { ""wikipedia_page"": """", ""wikidata_id"": ""NIL"" } ```",0
hidden_test_fi_3,8716,8740,Helsingin luotsipiirissä,NIL,ORG,Q31088192,Luotsauslaitos,"```json { ""wikipedia_page"": ""Luotsauslaitos"", ""wikidata_id"": ""Q31088192"" } ``` However, upon closer examination, none of the provided candidates directly match ""Apulaisvirkaa Helsingin luotsipiirissä"" as the text mentions a specific position within the luotsaus context. Given the closest match in terms of context and relevance to the entity mentioned between the [ENT] tags, which is related to luotsaus, I have selected ""Luotsauslaitos"" from the provided list. However, it is essential to note that the term ""Luotsauslaitos"" itself does not directly align with ""Apulaisvirka Helsingin luotsipiirissä"" but is the closest in relevance to the luotsaus context. If none of the candidates match with high confidence, the correct response should be: ```json { ""wikidata_id"": ""NIL"" } ```",20.462459564208984
hidden_test_fi_3,8829,8850,Vaasan lääninvankilan,Q18662700,ORG,Q18662700,Vaasan vankila,,0
hidden_test_fi_3,8915,8968,Helsingin kuritushuo-neen v.t. johtaja J. K. Tuominen,NIL,PER,NIL,Helsingin kuritushuo-neen v.t. johtaja J. K. Tuominen,"```json { ""wikipedia_page"": ""NIL"", ""wikidata_id"": ""NIL"" } ```",0
hidden_test_fi_3,8970,9040,Hämeenlinnan kuritushuoneen ja työvan-kilan kirjanpitäjä E. A. Pesonen,NIL,PER,Q19818278,Hämeenlinnan vankila,"```json { ""wikipedia_page"": ""Hämeenlinnan vankila"", ""wikidata_id"": ""Q19818278"" } ```",22.06682014465332
hidden_test_fi_3,9044,9078,kruu-nunnimismies Br. Rosenbröijer,NIL,PER,Q106989471,Karl Hjalmar Rosenbröijer,"```json { ""wikipedia_page"": ""Karl Hjalmar Rosenbröijer"", ""wikidata_id"": ""Q106989471"" } ```",14.569573402404785
hidden_test_fi_3,9105,9120,Uudenmaanläänin,Q1372937,LOC,Q1372937,Uudenmaan lääni,,0
hidden_test_fi_3,9145,9214,Porvoonmakkaiskunnan kunnanlääkärin A. Guli-nin Porvoon maalaiskunnan,Q3432834,LOC,Q3432834,Porvoon maalaiskunta,"{ ""wikipedia_page"": ""Porvoon maalaiskunta"", ""wikidata_id"": ""Q3432834"" }",23.688034057617188
hidden_test_fi_3,9248,9275,Porvoon työväenyh-distyksen,NIL,ORG,NIL,Porvoon työväenyh-distyksen,"```json { ""wikidata_id"": ""NIL"", ""wikipedia_page"": """" } ```",0
hidden_test_fi_3,9530,9558,Nurmijärven kunnanvaltuuston,NIL,ORG,Q597156,Nurmijärvi,,0
hidden_test_fi_3,9589,9610,Nurmijärven kun-nassa,Q597156,LOC,Q597156,Nurmijärvi,,0
hidden_test_fi_3,9613,9665,Metsän̄omistajain KeskinäisenMetsäpaloapuyhdistyksen,NIL,ORG,Q10670412,Metsänhoitoyhdistys,"```json { ""wikipedia_page"": ""Metsänhoitoyhdistys"", ""wikidata_id"": ""Q10670412"" } ``` However, based on the text provided, a more suitable answer would be: ```json { ""wikipedia_page"": ""Metsänomistajain Keskinäinen Metsäpaloapuyhdistys"", ""wikidata_id"": ""Q11882320"" } ``` But since this entity does not exist in the list of candidates, and none of the other candidates match well, the best option given the list is: ```json { ""wikidata_id"": ""NIL"" } ```",18.957778930664062
hidden_test_fi_3,9723,9754,nuorempi maanmittariL. A. Tenho,NIL,PER,NIL,nuorempi maanmittariL. A. Tenho,"```json { ""wikipedia_page"": ""maanmittari"", ""wikidata_id"": ""Q3630946"" } ```",0
hidden_test_fi_4,57,72,J. Gripenbergin,NIL,PER,Q11866688,Johannes Gripenberg,,0
hidden_test_fi_4,99,143,maanviljelysneuvok-setar Helena Hergbomiltal,NIL,PER,Q5493275,maanviljelysneuvos,"```json { ""wikipedia_page"": ""Helena Hergel"", ""wikidata_id"": ""Q5493275"" } ``` However, after reevaluating the input text, it seems more likely that Helena Hergel was not a maanviljelysneuvos, but rather the person who donated the collection of documents to Gripenberg. Therefore, a more accurate answer would be: ```json { ""wikipedia_page"": """", ""wikidata_id"": ""NIL"" } ``` But after checking the candidates, I found that Helena Hergel does not appear in the list. However, I found a candidate with the surname Hergel, which might be related: ```json { ""wikipedia_page"": ""Katarina Peltola"", ""wikidata_id"": ""NIL"" } ``` But none of the candidates in the list directly match Helena Hergel. Given the list of candidates, the most likely answer is: ```json { ""wikipedia_page"": """", ""wikidata_id"": ""NIL"" } ``` However, since Helena Hergel was not found in the list, I will look for any other candidate with a similar name or role",16.47676658630371
hidden_test_fi_4,212,229,F. M. Franzenilta,Q333297,PER,Q333297,Frans Mikael Franzén,,0
hidden_test_fi_4,234,255,Charlotta Franzenilta,NIL,PER,Q16616025,Carolina von Platen,,0
hidden_test_fi_4,264,285,J. F. Valle-niukselta,NIL,PER,Q6230706,Johan Fredrik Wallenius,,0
hidden_test_fi_4,289,306,F. M. Franzenilta,Q333297,PER,Q333297,Frans Mikael Franzén,,0
hidden_test_fi_4,324,355,vuorineuvoksetar Emilia Julinin,NIL,PER,Q10716791,Julin,"```json { ""wikipedia_page"": ""Julin"", ""wikidata_id"": ""Q10716791"" } ```",17.3455867767334
hidden_test_fi_4,405,417,Oulun läänin,Q202112,LOC,Q202112,Oulun lääni,,0
hidden_test_fi_4,471,484,Oulun lääniin,Q202112,LOC,Q202112,Oulun lääni,,0
hidden_test_fi_4,508,525,Franzenin suvusta,NIL,PER,Q333297,Frans Mikael Franzén,"```json { ""wikipedia_page"": ""Frans Mikael Franzén"", ""wikidata_id"": ""Q333297"" } ```",21.354080200195312
hidden_test_fi_4,555,575,Frosterukaen suvusta,NIL,PER,Q16360310,,"```json { ""wikipedia_page"": ""Frosterus-suku"", ""wikidata_id"": ""Q16360310"" } ```",19.273887634277344
hidden_test_fi_4,608,613,Kemin,Q203619,LOC,Q859608,Keminmaa,"```json { ""wikipedia_page"": ""Keminmaa"", ""wikidata_id"": ""Q859608"" } ```",21.068187713623047
hidden_test_fi_4,615,625,Rovaniemen,Q103717,LOC,Q103717,Rovaniemi,,0
hidden_test_fi_4,628,648,Kemijärven pitäjissä,Q744704,LOC,Q11980488,Kemijärven maalaiskunta,,0
hidden_test_fi_4,965,980,K. H. Tuiskunen,NIL,PER,Q1953218,Huvi Tuiskunen,,0
hidden_test_fi_4,983,996,O. R. Sjöberg,NIL,PER,Q107918104,Arthur Edvin Skogberg,,0
hidden_test_fi_4,1008,1017,Tuiskusen,NIL,PER,Q1953218,Huvi Tuiskunen,"```json { ""wikipedia_page"": ""Huvi Tuiskunen"", ""wikidata_id"": ""Q1953218"" } ```",21.709505081176758
hidden_test_fi_4,1095,1129,Hollolan pi-täjän Miekkilän maalta,NIL,LOC,Q990578,Hollola,"```json { ""wikipedia_page"": ""Hollola"", ""wikidata_id"": ""Q990578"" } ```",19.142715454101562
hidden_test_fi_4,1133,1168,Asikkalan pi-täjän Yrjälän metsästä,NIL,LOC,Q730285,Asikkala,,0
hidden_test_fi_4,1172,1201,JalkarannanJaakkolan metsästä,NIL,LOC,Q18659455,Jalkaranta,"```json { ""wikidata_id"": ""Q18659455"", ""wikipedia_page"": ""Jalkaranta"" } ```",19.91008949279785
hidden_test_fi_4,1205,1231,Nakkolan Alastalonmetsästä,NIL,LOC,Q1009109,Nakkila,"```json { ""wikipedia_page"": ""Nakkila"", ""wikidata_id"": ""Q1009109"" } ```",21.755281448364258
hidden_test_fi_4,1237,1264,Nakkolan Hannulan met-sästä,NIL,LOC,Q1009109,Nakkila,"```json { ""wikipedia_page"": ""Nakkila"", ""wikidata_id"": ""Q1009109"" } ```",20.648799896240234
hidden_test_fi_4,1266,1273,Sjöberg,NIL,PER,Q23542488,Walter Sjöberg,,0
hidden_test_fi_4,1278,1331,Raippaluodolta Halm-backenilta Wallgrundin ylikylästä,NIL,LOC,Q5486217,Norra Vallgrund,"```json { ""wikipedia_page"": ""Vallgrund"", ""wikidata_id"": ""Q5486217"" } ```",17.847562789916992
hidden_test_fi_4,1773,1819,Yhdistyksen stipendiaateilta S. Paula-harjulta,Q6037597,PER,NIL,Yhdistyksen stipendiaateilta S. Paula-harjulta,"```json { ""wikipedia_page"": """", ""wikidata_id"": ""NIL"" } ```",0
hidden_test_fi_4,1823,1834,M. Tuokolta,NIL,PER,Q102436320,Matti Tuokko,,0
hidden_test_fi_4,1888,1897,Aunnuksen,Q49583,LOC,Q49583,Aunus,"```json { ""wikipedia_page"": ""Aunus"", ""wikidata_id"": ""Q49583"" } ```",12.35084342956543
hidden_test_fi_4,1921,1937,Onta-reen kylään,NIL,LOC,Q702475,,"```json { ""wikipedia_page"": ""Aunus"", ""wikidata_id"": ""Q702475"" } ``` However, considering the context of the text, a more suitable answer would be: ```json { ""wikipedia_page"": ""Valkeala"", ""wikidata_id"": ""Q11886142"" } ``` But the most accurate answer based on the list of candidates and the context of the text would be: ```json { ""wikipedia_page"": ""Ontajärvi"", ""wikidata_id"": ""Q16022254"" } ``` However, none of these match with high confidence based on the context provided, so if I have to choose one based on the list of candidates, I would go with: ```json { ""wikidata_id"": ""NIL"" } ``` But considering the context, the most appropriate Wikipedia page title for the entity mentioned in the text between the [ENT] tags would be **Valkeala** since the text mentions ""Ontajärvi"" as a candidate, but the actual location mentioned in the text is likely Valkeala, as there is also a mention of ""Valkealan kirkkoherran F. V.",14.34332275390625
hidden_test_fi_4,1958,1974,Maanse-länkylään,NIL,LOC,Q11880386,Maanselkä,"```json {""wikipedia_page"": ""Maanselkä"", ""wikidata_id"": ""Q11880386""} ```",21.500991821289062
hidden_test_fi_4,2257,2294,Jaalan kirkkoherran F. V. Holmingilta,NIL,PER,Q12364788,Jaalan kirkonkylä,"```json { ""wikipedia_page"": ""Jaalan kirkonkylä"", ""wikidata_id"": ""Q12364788"" } ```",19.442031860351562
hidden_test_fi_4,2307,2313,Jaalan,Q1011082,LOC,Q1011082,Jaala,"```json { ""wikipedia_page"": ""Jaala"", ""wikidata_id"": ""Q1011082"" } ```",21.442018508911133
hidden_test_fi_4,2494,2521,SchweizerischenLandesmuseum,Q691896,ORG,Q2256718,Sveitsin kansallismuseo,"```json { ""wikipedia_page"": ""Sveitsin kansallismuseo"", ""wikidata_id"": ""Q2256718"" } ```",22.95088005065918
hidden_test_fi_4,2821,2841,tohtori Ilmari Krohn,Q1253064,PER,Q1253064,Ilmari Krohn,"```json { ""wikipedia_page"": ""Ilmari Krohn"", ""wikidata_id"": ""Q1253064"" } ```",19.088197708129883
hidden_test_fi_4,2843,2867,maisteritArthur Leinberg,NIL,PER,NIL,maisteritArthur Leinberg,"```json { ""wikipedia_page"": ""NIL"", ""wikidata_id"": ""NIL"" } ```",0
hidden_test_fi_4,2869,2881,Yrjö Jansson,NIL,PER,Q11903003,Yrjö Jahnsson,,0
hidden_test_fi_4,2883,2896,Uno Si-relius,NIL,PER,Q6177077,Uuno Taavi Sirelius,,0
hidden_test_fi_4,2898,2914,Invald Sourander,NIL,PER,Q85979876,Ingwald Sourander,,0
hidden_test_fi_4,2918,2928,Arvid Göös,NIL,PER,Q11868577,K. G. Göös,,0
hidden_test_fi_4,2929,2954,Professori J. J. Tikkanen,Q6210955,PER,Q6210955,Johan Jakob Tikkanen,"```json { ""wikipedia_page"": ""Johan Jakob Tikkanen"", ""wikidata_id"": ""Q6210955"" } ```",22.781827926635742
hidden_test_fi_4,3661,3697,Ruotsalaisella kirjalli-suusseuralla,NIL,ORG,Q10685107,Svenska Litteratursällskapet,,0
hidden_test_fi_4,3838,3859,Prof. C. v. Bonsdorff,Q5581962,PER,NIL,Prof. C. v. Bonsdorff,"```json { ""wikipedia_page"": """", ""wikidata_id"": ""NIL"" } ```",0
hidden_test_fi_4,3884,3909,taitellija Th. Vaenerberg,NIL,PER,NIL,taitellija Th. Vaenerberg,"```json { ""wikipedia_page"": """", ""wikidata_id"": ""NIL"" } ```",0
hidden_test_fi_4,3914,3923,Ru-neberg,Q215339,PER,Q933290,Runeberg-projekti,"```json { ""wikipedia_page"": ""Runeberg-projekti"", ""wikidata_id"": ""Q933290"" } ```",8.761241912841797
hidden_test_fi_4,3938,3945,Holland,Q55,LOC,NIL,Holland,"```json { ""wikipedia_page"": """", ""wikidata_id"": ""NIL"" } ```",0
hidden_test_fi_4,3947,3956,C. Honigh,NIL,PER,NIL,C. Honigh,"```json { ""wikidata_id"": ""NIL"", ""wikipedia_page"": """" } ```",0
hidden_test_fi_4,3958,3985,valtionarkkivario R. Hausen,NIL,PER,NIL,valtionarkkivario R. Hausen,"```json { ""wikidata_id"": ""NIL"", ""wikipedia_page"": """" } ```",0
hidden_test_fi_4,4002,4016,auditör Ekmans,NIL,PER,NIL,auditör Ekmans,"```json { ""wikipedia_page"": """", ""wikidata_id"": ""NIL"" } ```",0
hidden_test_fi_4,4025,4043,rehtori M. Brenner,Q4096302,PER,Q3431614,Elias Brenner,"```json { ""wikipedia_page"": ""Elias Brenner"", ""wikidata_id"": ""Q3431614"" } ```",12.37093734741211
hidden_test_fi_4,4095,4103,Fin-land,Q62633,LOC,Q170284,suomalaiset,"```json { ""wikipedia_page"": ""suomalaiset"", ""wikidata_id"": ""Q170284"" } ``` However, after re-examining the input text and the list of candidates, it seems that none of the candidates directly match the word ""Finland"" or ""suomalaiset"" in the context provided in the input text. Given this, the most appropriate response, according to the guidelines, is to use the string ""NIL"" as the value of the ""wikidata_id"" key. ```json { ""wikipedia_page"": """", ""wikidata_id"": ""NIL"" } ```",14.94563102722168
hidden_test_fi_4,4125,4132,Finland,Q62633,LOC,Q1046083,suomalainen nimi,"```json { ""wikipedia_page"": ""suomalainen nimi"", ""wikidata_id"": ""Q1046083"" } ``` However, after reevaluating the input text and considering the list of candidates, I would like to correct my response: The entity tagged with [ENT] seems to refer to a family name or surname, and the most appropriate Wikidata entity from the list of candidates would be: ```json { ""wikipedia_page"": """", ""wikidata_id"": ""NIL"" } However, considering the context and the list of candidates, a better approach would be: ```json { ""wikipedia_page"": """", ""wikidata_id"": ""Q170284"" } Since ""suomalaiset"" is the most relevant term in the list that could be associated with the family name or surname mentioned in the text. ```",14.486678123474121
hidden_test_fi_4,4134,4160,vapahra Magnus Stackelberg,NIL,PER,Q6186403,Magnus Stackelberg,"```json { ""wikipedia_page"": ""Magnus Stackelberg"", ""wikidata_id"": ""Q6186403"" } ```",12.662848472595215
hidden_test_fi_4,4197,4211,Ra-pattilagärd,NIL,LOC,Q10649766,Rappestad,"```json { ""wikipedia_page"": ""Rappestad"", ""wikidata_id"": ""Q10649766"" } ```",12.182485580444336
hidden_test_fi_4,4214,4228,Viborgs socken,Q3433707,LOC,Q14657,Viipuri,"```json { ""wikipedia_page"": ""Viipuri"", ""wikidata_id"": ""Q14657"" } ```",20.520009994506836
hidden_test_fi_4,4237,4245,Runeberg,Q215339,PER,Q215339,Johan Ludvig Runeberg,"```json { ""wikipedia_page"": ""Johan Ludvig Runeberg"", ""wikidata_id"": ""Q215339"" } ```",20.705373764038086
hidden_test_fi_4,4260,4276,rva M.Kiseleffin,NIL,PER,Q23040578,Marga Toppelius-Kiseleff,"```json { ""wikipedia_page"": ""Marga Toppelius-Kiseleff"", ""wikidata_id"": ""Q23040578"" } ```",15.534504890441895
hidden_test_fi_4,4301,4312,Rune-bergin,Q215339,PER,Q215339,Johan Ludvig Runeberg,"```json { ""wikipedia_page"": ""Johan Ludvig Runeberg"", ""wikidata_id"": ""Q215339"" } ```",23.97885513305664
hidden_test_fi_4,4362,4387,taiteilija Th. Vaenerberg,NIL,PER,Q6228261,Thorsten Waenerberg,"To disambiguate the entity mentioned between the [ENT] tags, we can analyze the context provided by the input text. The text mentions various individuals associated with art, literature, or historical events. However, the most direct reference to an individual artist within the provided context is when it mentions: 1. ""taiteilija Th. Vaenerberg"" 2. ""C. Honigh"" Given the context, ""Th. Vaenerberg"" seems to be the most relevant candidate because it directly matches the ""[ENT] taiteilija Th. Vaenerberg [ENT]"" in the text, indicating that the focus is on this individual. ""C. Honigh"" is also relevant as it is associated with translating works about J. L. Runeberg. However, based on the context and the requirement to select one entity with high confidence, the most appropriate choice is ""Thorsten Waenerberg"" from the list of candidates, as he is the only artist that directly matches the name provided in the text (""Th. Vaenerberg"") and is listed in the candidates. ```json { ""wikipedia_page"": ""Thorsten Waenerberg"", ""wikidata_id"": ""Q6228261"" } ```",18.94156265258789
hidden_test_fi_4,4393,4433,hollantilaisessa aikakauskirjassa DeGids,Q1816042,PROD,NIL,hollantilaisessa aikakauskirjassa DeGids,"```json { ""wikipedia_page"": ""De Gids"", ""wikidata_id"": ""Q1571156"" } ```",0
hidden_test_fi_4,4476,4487,C. Honighin,NIL,PER,Q3318312,,,0
hidden_test_fi_4,4500,4519,J. L. Ru-nebergistä,Q215339,PER,Q215339,Johan Ludvig Runeberg,,0
hidden_test_fi_4,4521,4541,lehtori F. V. Inberg,NIL,PER,Q5394461,Luettelo Helsingin yliopiston suomen kielen lehtoreista ja professoreista,"```json { ""wikipedia_page"": ""Luettelo Helsingin yliopiston suomen kielen lehtoreista ja professoreista"", ""wikidata_id"": ""Q5394461"" } ```",14.491019248962402
hidden_test_fi_4,4568,4578,Runebergin,Q215339,PER,Q215339,Johan Ludvig Runeberg,,0
hidden_test_fi_4,4589,4611,Ottovon Nordenskjöldin,NIL,PER,Q440310,Otto Nordenskjöld,,0
hidden_test_fi_4,4639,4649,Runebergin,Q215339,PER,Q215339,Johan Ludvig Runeberg,"```json { ""wikipedia_page"": ""Johan Ludvig Runeberg"", ""wikidata_id"": ""Q215339"" } ```",20.76178550720215
hidden_test_fi_4,4667,4709,toh-torinna Juslin rva Fredrika Runebergin,Q465687,PER,Q215339,Johan Ludvig Runeberg,"```json { ""wikipedia_page"": ""Johan Ludvig Runeberg"", ""wikidata_id"": ""Q215339"" } ```",12.143656730651855
hidden_test_fi_4,4720,4744,Valtionarkkivario Hausen,NIL,PER,Q3431655,Reinhold Hausen,"```json { ""wikipedia_page"": ""Reinhold Hausen"", ""wikidata_id"": ""Q3431655"" } ```",17.832199096679688
hidden_test_fi_4,4753,4791,Tukholman kusinkaallisessa kirjastossa,Q953058,ORG,Q18660047,Turun yliopiston kirjasto,,0
hidden_test_fi_4,4800,4822,kapt. E. G. Henschenin,NIL,PER,NIL,kapt. E. G. Henschenin,"```json { ""wikipedia_page"": """", ""wikidata_id"": ""NIL"" } ```",0
hidden_test_fi_4,4866,4875,Fin-lande,Q33,LOC,Q62633,Suomen suuriruhtinaskunta,"```json { ""wikipedia_page"": ""Suomen suuriruhtinaskunta"", ""wikidata_id"": ""Q62633"" } ```",17.64573860168457
hidden_test_fi_4,4954,4962,Pariisin,Q90,LOC,Q142,Ranska,"```json { ""wikipedia_page"": ""Ranska"", ""wikidata_id"": ""Q142"" } ```",12.53833293914795
hidden_test_fi_4,4976,4998,professori A. Donnerin,NIL,PER,NIL,professori A. Donnerin,"```json { ""wikipedia_page"": """", ""wikidata_id"": ""NIL"" } ```",0
hidden_test_fi_4,5084,5113,Pa-riisin kansalliskirjastoon,Q193563,ORG,Q420747,Kansalliskirjasto,"```json { ""wikipedia_page"": ""Kansalliskirjasto"", ""wikidata_id"": ""Q420747"" } ```",22.945341110229492
hidden_test_fi_4,5215,5226,Helsingissä,Q1757,LOC,Q1757,Helsinki,,0
hidden_test_fi_4,5228,5235,Turussa,Q38511,LOC,Q38511,Turku,"```json { ""wikipedia_page"": ""Turku"", ""wikidata_id"": ""Q38511"" } ```",22.849788665771484
hidden_test_fi_4,5237,5248,Tampereella,Q40840,LOC,Q40840,Tampere,,0
hidden_test_fi_4,5251,5261,Viipurissa,Q14657,LOC,Q14657,Viipuri,,0
hidden_test_fi_5,188,203,Herra Kanniston,Q1101841,PER,Q1101841,Artturi Kannisto,"```json { ""wikipedia_page"": ""Artturi Kannisto"", ""wikidata_id"": ""Q1101841"" } ```",20.92179298400879
hidden_test_fi_5,437,446,Englannin,Q21,LOC,Q258,Etelä-Afrikka,"```json { ""wikipedia_page"": ""Etelä-Afrikka"", ""wikidata_id"": ""Q258"" } ```",14.291496276855469
hidden_test_fi_5,586,598,Englannis-sa,Q21,LOC,Q21,Englanti,"```json { ""wikipedia_page"": ""Englanti"", ""wikidata_id"": ""Q21"" } ```",20.93234634399414
hidden_test_fi_5,626,639,Vlakfonteinin,Q7939001,LOC,Q37701,Bloemfontein,"```json { ""wikipedia_page"": ""Bloemfontein"", ""wikidata_id"": ""Q37701"" } ```",11.902854919433594
hidden_test_fi_5,737,746,Englannin,Q21,LOC,Q179876,Englannin kuningaskunta,"```json { ""wikipedia_page"": ""Englannin kuningaskunta"", ""wikidata_id"": ""Q179876"" } ```",16.58450698852539
hidden_test_fi_5,856,861,Jobin,Q179962,PER,Q179962,Job,"```json { ""wikipedia_page"": ""Job (biblical figure)"", ""wikidata_id"": ""Q179962"" } ```",10.469483375549316
hidden_test_fi_5,908,932,Buueriken-raalien Kempin,Q3161690,PER,NIL,Buueriken-raalien Kempin,"```json { ""wikipedia_page"": """", ""wikidata_id"": ""NIL"" } ```",0
hidden_test_fi_5,936,949,Kruitzingerin,Q7192784,PER,Q57133,Kurt von Schleicher,"```json { ""wikipedia_page"": ""Kurt von Schleicher"", ""wikidata_id"": ""Q57133"" } ```",17.334278106689453
hidden_test_fi_5,975,985,Kap-maassa,Q370736,LOC,Q370736,Kapmaa,"```json { ""wikipedia_page"": ""Kapmaa"", ""wikidata_id"": ""Q370736"" } ```",20.245676040649414
hidden_test_fi_5,1042,1057,kenraali French,Q335059,PER,Q63715,Hermann von François,"```json { ""wikipedia_page"": ""Hermann von François"", ""wikidata_id"": ""Q63715"" } ```",14.493200302124023
hidden_test_fi_5,1101,1111,Kapmaas-sa,Q370736,LOC,Q370736,Kapmaa,"```json { ""wikipedia_page"": ""Kapmaa"", ""wikidata_id"": ""Q370736"" } ```",16.94459342956543
hidden_test_fi_5,1169,1183,Johannesburgin,Q34647,LOC,Q34647,Johannesburg,"```json { ""wikipedia_page"": ""Johannesburg"", ""wikidata_id"": ""Q34647"" } ```",19.48702621459961
hidden_test_fi_5,1215,1224,Englannin,Q21,LOC,Q21,Englanti,"```json { ""wikipedia_page"": ""Englanti"", ""wikidata_id"": ""Q21"" } ```",21.0914306640625
hidden_test_fi_6,149,164,kapteeni Ruthin,Q6084483,PER,Q91312978,Knut Henrik Albert Ruth,"```json { ""wikidata_id"": ""Q91312978"", ""wikipedia_page"": ""Knut Henrik Albert Ruth"" } ```",12.311220169067383
hidden_test_fi_6,374,389,kapteeni Ruthin,Q6084483,PER,NIL,kapteeni Ruthin,"```json { ""wikipedia_page"": """", ""wikidata_id"": ""NIL"" } ``` The text does not match any of the provided candidates from the list, and the context suggests that the reference to ""kapteeni Ruth"" might be referring to a historical figure who is not listed. Therefore, the `wikidata_id` value is set to ""NIL"".",0
hidden_test_fi_6,423,429,Suomen,Q62633,LOC,Q62633,Suomen suuriruhtinaskunta,"```json { ""wikipedia_page"": ""Suomen suuriruhtinaskunta"", ""wikidata_id"": ""Q62633"" } ```",13.751874923706055
hidden_test_fi_6,476,489,kapteeni Ruth,Q6084483,PER,Q91312978,Knut Henrik Albert Ruth,"```json { ""wikipedia_page"": ""Knut Henrik Albert Ruth"", ""wikidata_id"": ""Q91312978"" } ```",10.28080940246582
hidden_test_fi_6,534,546,kapteeniRuth,Q6084483,PER,Q91312978,Knut Henrik Albert Ruth,"```json { ""wikipedia_page"": ""Knut Henrik Albert Ruth"", ""wikidata_id"": ""Q91312978"" } ```",12.218887329101562
hidden_test_fi_6,726,741,kapteeni Ruthin,Q6084483,PER,Q91312978,Knut Henrik Albert Ruth,"```json { ""wikipedia_page"": ""Knut Henrik Albert Ruth"", ""wikidata_id"": ""Q91312978"" } ```",11.940317153930664
hidden_test_fi_6,850,866,Wilhelm Wendelin,NIL,PER,NIL,Wilhelm Wendelin,"```json { ""wikipedia_page"": """", ""wikidata_id"": ""NIL"" } ``` The text does not match any of the provided candidates, therefore, the `wikidata_id` is set to ""NIL"".",0
hidden_test_fi_6,867,880,Juho Lehtinen,NIL,PER,Q17382135,Jussi Lehtinen,,0
hidden_test_fi_6,881,897,Asiamies Castrén,Q5604855,PER,Q106076116,Lauri Castrén,"```json { ""wikipedia_page"": ""Lauri Castrén (1881-03-20)"", ""wikidata_id"": ""Q106076116"" } ```",11.27538013458252
hidden_test_fi_6,1175,1191,Asiamies Karsten,NIL,PER,NIL,Asiamies Karsten,"```json { ""wikipedia_page"": ""NIL"", ""wikidata_id"": ""NIL"" } ```",0
hidden_test_fi_6,1304,1326,Hufvud-stadsbladetissa,Q613979,PROD,Q613979,Hufvudstadsbladet,"```json { ""wikipedia_page"": ""Hufvudstadsbladet"", ""wikidata_id"": ""Q613979"" } ```",22.0159969329834
hidden_test_fi_6,1626,1642,kap-teeni Ruthin,Q6084483,PER,NIL,kap-teeni Ruthin,"```json { ""wikipedia_page"": """", ""wikidata_id"": ""NIL"" } ```",0
hidden_test_fi_6,1956,1968,Kapt. Ruthin,Q6084483,PER,Q91312978,Knut Henrik Albert Ruth,"```json { ""wikipedia_page"": ""Knut Henrik Albert Ruth"", ""wikidata_id"": ""Q91312978"" } ```",11.709744453430176
hidden_test_fi_6,2048,2081,Rouwa Aino Ackté=Renwal=lin Tosca,Q64005751,PER,Q259161,Aino Ackté,"```json { ""wikipedia_page"": ""Aino Ackté"", ""wikidata_id"": ""Q259161"" } ```",15.389588356018066
hidden_test_fi_6,2254,2262,Scarpian,Q64005719,PER,NIL,Scarpian,"```json { ""wikidata_id"": ""NIL"", ""wikipedia_page"": """" } ```",0
hidden_test_fi_6,2335,2345,rwa Acktén,Q259161,PER,Q259161,Aino Ackté,"```json { ""wikipedia_page"": ""Aino Ackté"", ""wikidata_id"": ""Q259161"" } ```",8.447105407714844
hidden_test_fi_6,2434,2447,Ca=waradossin,Q64005951,PER,Q52927,Kaarle XIV Juhana,"```json { ""wikipedia_page"": ""Kaarle XIV Juhana"", ""wikidata_id"": ""Q52927"" } ```",10.092061042785645
hidden_test_fi_6,2600,2614,rouwa Acktélla,Q259161,PER,Q259161,Aino Ackté,"```json { ""wikipedia_page"": ""Aino Ackté"", ""wikidata_id"": ""Q259161"" } ```",15.827691078186035
hidden_test_fi_6,2710,2722,rouwa Acktén,Q259161,PER,Q259161,Aino Ackté,"```json { ""wikipedia_page"": ""Aino Ackté"", ""wikidata_id"": ""Q259161"" } ```",15.667986869812012
hidden_test_fi_6,2742,2764,Nti Signe Liljeqwistin,Q4962176,PER,Q4962176,Signe Liljequist,"```json { ""wikipedia_page"": ""Signe Liljequist"", ""wikidata_id"": ""Q4962176"" } ```",14.268980026245117
hidden_test_fi_6,2876,2883,neitiL.,Q4962176,PER,Q4962176,Signe Liljequist,"```json { ""wikipedia_page"": ""Signe Liljequist"", ""wikidata_id"": ""Q4962176"" } ```",10.974559783935547
hidden_test_fi_6,3140,3148,Puccinin,Q7311,PER,Q7311,Giacomo Puccini,"```json { ""wikipedia_page"": ""Giacomo Puccini"", ""wikidata_id"": ""Q7311"" } ```",21.782419204711914
hidden_test_fi_6,3463,3468,O. M.,NIL,PER,Q4115482,Otto Manninen,"```json { ""wikipedia_page"": ""Otto Manninen"", ""wikidata_id"": ""Q4115482"" } ```",8.463664054870605
hidden_test_fi_6,3470,3490,Kansallisteatterissa,Q1200969,LOC,Q108560166,Suomen Kansallisteatteri,,0
hidden_test_fi_7,269,280,Kol=pinjoen,NIL,LOC,Q263745,Kolp,"```json { ""wikipedia_page"": ""Kolp"", ""wikidata_id"": ""Q263745"" } ```",20.452579498291016
hidden_test_fi_7,308,342,her=rojen Sposabin=Koltinin tehdas,NIL,ORG,Q18689031,Oravaisten tehdas,"```json { ""wikipedia_page"": ""Oravaisen tehdas"", ""wikidata_id"": ""Q18689031"" } ```",10.093441009521484
hidden_test_fi_7,565,588,Eräs talonpojista Uhlow,NIL,PER,NIL,Eräs talonpojista Uhlow,"```json { ""wikipedia_page"": """", ""wikidata_id"": ""NIL"" } ```",0
hidden_test_fi_7,777,782,Uhlow,NIL,PER,Q18682765,Uhlu,"```json { ""wikipedia_page"": ""Uhlu"", ""wikidata_id"": ""Q18682765"" } ```",11.782774925231934
hidden_test_fi_7,936,946,Sposobinta,NIL,PER,Q103350,maaorjuus,"```json { ""wikipedia_page"": ""maaorjuus"", ""wikidata_id"": ""Q103350"" } ```",5.429047584533691
hidden_test_fi_7,950,958,Koltinia,NIL,PER,Q1673765,koltat,"```json { ""wikipedia_page"": ""koltat"", ""wikidata_id"": ""Q1673765"" } ```",7.7783660888671875
hidden_test_fi_7,1025,1030,Uhlow,NIL,PER,Q18682765,Uhlu,"```json { ""wikipedia_page"": ""Uhlu"", ""wikidata_id"": ""Q18682765"" } ```",7.957452774047852
hidden_test_fi_7,1220,1225,Uhlow,NIL,PER,Q18682765,Uhlu,"```json { ""wikipedia_page"": ""Uhlu"", ""wikidata_id"": ""Q18682765"" } ```",10.885941505432129
hidden_test_fi_7,1422,1435,Tschernikowin,NIL,LOC,NIL,Tschernikowin,"```json { ""wikipedia_page"": """", ""wikidata_id"": ""NIL"" } ```",0
hidden_test_fi_7,1713,1720,Soljkow,NIL,PER,Q521431,Grigori Sokolnikov,"```json { ""wikipedia_page"": ""Grigori Sokolnikov"", ""wikidata_id"": ""Q521431"" } ```",14.105094909667969
hidden_test_fi_7,1857,1864,Ongista,NIL,LOC,Q41602,Ohotanmeri,"```json { ""wikipedia_page"": ""Ohotanmeri"", ""wikidata_id"": ""Q41602"" } ```",7.3688178062438965
hidden_test_fi_7,2012,2021,Ottawista,Q1930,LOC,Q1930,Ottawa,"```json { ""wikipedia_page"": ""Ottawa"", ""wikidata_id"": ""Q1930"" } ```",19.997591018676758
hidden_test_fi_7,2038,2055,Ka=nadan hallitus,NIL,ORG,Q2458227,Kanadan hallitus,"```json { ""wikipedia_page"": ""Kanadan hallitus"", ""wikidata_id"": ""Q2458227"" } ```",8.413396835327148
hidden_test_fi_7,2082,2092,Lontooseen,Q84,LOC,Q1490,Tokio,"```json { ""wikipedia_page"": ""Tokio"", ""wikidata_id"": ""Q1490"" } ```",14.77276611328125
hidden_test_fi_7,2251,2262,Sahalinille,Q7792,LOC,Q7792,Sahalin,"```json { ""wikipedia_page"": ""Sahalin"", ""wikidata_id"": ""Q7792"" } ```",17.28543472290039
hidden_test_fi_7,2263,2268,Witte,NIL,PER,Q155329,Sergei Witte,"```json { ""wikipedia_page"": ""Sergei Witte"", ""wikidata_id"": ""Q155329"" } ```",4.6247968673706055
hidden_test_fi_7,2278,2287,Parisista,Q90,LOC,Q90,Pariisi,,0
hidden_test_fi_7,2305,2310,Witte,NIL,PER,Q2900,Quito,"```json { ""wikipedia_page"": ""Quito"", ""wikidata_id"": ""Q2900"" } ```",7.214679718017578
hidden_test_fi_7,2324,2332,Parisiin,Q90,LOC,NIL,Parisiin,"```json { ""wikipedia_page"": ""Tokio"", ""wikidata_id"": ""Q915"" } ``` However, given the context of the text, a more fitting answer would be: ```json { ""wikipedia_page"": ""Witte"", ""wikidata_id"": ""Q1209733"" } ``` But since ""Witte"" is not among the provided candidates and is likely referring to Sergey Witte, the closest match is: ```json { ""wikidata_id"": ""Q394487"" } ``` However, the most appropriate answer based on the context would be to select ""Tokio"" from the list of candidates, but since it's not the correct person, I will return the answer with ""Witte"" as the closest match from the list of candidates. Here it is with the correct Wikipedia page title: ```json { ""wikipedia_page"": ""Sergey Witte"", ""wikidata_id"": ""Q1209733"" } ``` But since Sergey Witte is not in the list of candidates, I will return the answer with the highest confidence possible: Since none of the candidates match with high confidence, I will use the string ""NIL"" as the value",0
hidden_test_fi_7,2333,2342,Nebogatow,Q967806,PER,Q967806,Nikolai Nebogatov,"```json { ""wikipedia_page"": ""Nikolai Nebogatov"", ""wikidata_id"": ""Q967806"" } ```",22.4340877532959
hidden_test_fi_7,2356,2364,Tokiosta,Q1490,LOC,Q1490,Tokio,,0
hidden_test_fi_7,2381,2399,Amiraali Nebogatow,Q967806,PER,NIL,Amiraali Nebogatow,"```json { ""wikipedia_page"": """", ""wikidata_id"": ""NIL"" } ```",0
hidden_test_fi_7,2405,2421,kapteenitSmirnow,NIL,PER,Q2495789,Miinafregatti Ladoga,"```json { ""wikipedia_page"": ""Miinafregatti Ladoga"", ""wikidata_id"": ""Q2495789"" } ``` However, upon closer inspection, it appears that ""Miinafregatti Ladoga"" is not a person but rather a ship. After reevaluating the context and the list of candidates, I found that the most likely reference to a person is: ```json { ""wikipedia_page"": ""Stepan Makarov"", ""wikidata_id"": ""Q315847"" } ``` This is because Amiraali Roshestwenski (mentioned earlier in the text) was the Commander-in-Chief of the Russian Pacific Fleet, and Stepan Makarov was a Russian Admiral and engineer, who also served in the Russian Pacific Fleet. There is a high probability that the text is referring to Stepan Makarov, given the context of the Russian Pacific Fleet. However, none of the other candidates directly match, and none have a clear connection to the context of the text. Since none of the candidates match with high confidence, I would return the following: ```json { ""wikidata_id"": ""NIL"" } ```",12.392719268798828
hidden_test_fi_7,2423,2432,Grigoriew,NIL,PER,NIL,Grigoriew,"```json { ""wikidata_id"": ""NIL"", ""wikipedia_page"": """" } ``` However, after analyzing the input text and the list of candidates, I found a better match: The best match for the names Grigoriew and [ENT] is likely **Grigori Yevgenyevich Rasputin** or more accurately **Grigori Rasputin**. However, his full name is not directly listed in the candidates, but based on the context, it seems more likely that the correct match is the person involved in the Russian Empire, where Grigori Rasputin had significant influence. However, the most likely person from the list who could fit the context is **Aleksandr Kadyrov** or **Akhti Kadyrov** or **Anwar Kadyrov** who have similar names and could fit the context of being involved with Russia around the time period mentioned. However, a more accurate match can be found by looking at the context of the names Grigoriew and [ENT] together. Given the context, **Grigori Rasputin** does not seem like a direct match, but a closer look at the provided list does not yield an exact match for the name **Gr",0
hidden_test_fi_7,2434,2440,Lishin,NIL,PER,NIL,Lishin,"```json { ""wikipedia_page"": """", ""wikidata_id"": ""NIL"" } ```",0
hidden_test_fi_7,2506,2520,Roshestwenskin,Q453702,PER,Q453702,Zinovi Rožestvenski,"```json { ""wikipedia_page"": ""Zinovi Rožestvenski"", ""wikidata_id"": ""Q453702"" } ```",19.564586639404297
hidden_test_fi_7,2529,2537,Tokiosta,Q1490,LOC,Q1490,Tokio,"```json { ""wikipedia_page"": ""Tokio"", ""wikidata_id"": ""Q1490"" } ```",22.216228485107422
hidden_test_fi_7,2556,2578,Amiraali Roshestwenski,Q453702,PER,Q453702,Zinovi Rožestvenski,"```json { ""wikipedia_page"": ""Zinovi Rožestvenski"", ""wikidata_id"": ""Q453702"" } ```",17.885801315307617
hidden_test_fi_7,2634,2644,Fushimassa,NIL,LOC,Q161176,Fukushima,"```json { ""wikipedia_page"": ""Fushima"", ""wikidata_id"": ""Q161176"" } ```",20.87755584716797
hidden_test_fi_7,2653,2661,Tokiosta,Q1490,LOC,Q1490,Tokio,"```json { ""wikipedia_page"": ""Tokio"", ""wikidata_id"": ""Q1490"" } ```",21.181316375732422
hidden_test_fi_7,2693,2710,komentaja Boisman,NIL,PER,Q11539481,,"```json { ""wikipedia_page"": ""Pereswetin"", ""wikidata_id"": ""Q11539481"" } ```",10.498177528381348
hidden_test_fi_7,2721,2733,Matsujamassa,Q200022,LOC,NIL,Matsujamassa,"```json { ""wikipedia_page"": ""NIL"", ""wikidata_id"": ""NIL"" } ```",0
hidden_test_fi_7,2896,2902,Saksan,Q43287,LOC,Q49768,Saksan sosiaalidemokraattinen puolue,"```json { ""wikipedia_page"": ""Saksan sosiaalidemokraattinen puolue"", ""wikidata_id"": ""Q49768"" } ```",14.760085105895996
hidden_test_fi_7,2936,2942,Saksan,Q43287,LOC,Q49768,Saksan sosiaalidemokraattinen puolue,"```json { ""wikipedia_page"": ""Saksan sosiaalidemokraattinen puolue"", ""wikidata_id"": ""Q49768"" } ```",14.63757038116455
hidden_test_fi_7,2979,2986,Jenassa,Q32063050,LOC,Q3150,Jena,,0
hidden_test_fi_7,3306,3317,Ellen=bogen,NIL,PER,Q94464,Wilhelm Ellenbogen,"```json { ""wikipedia_page"": ""Wilhelm Ellenbogen"", ""wikidata_id"": ""Q94464"" } ```",14.998929023742676
hidden_test_fi_7,3319,3327,Itäwalta,Q28513,LOC,Q40,Itävalta,"```json { ""wikipedia_page"": ""Itävalta"", ""wikidata_id"": ""Q40"" } ```",15.804305076599121
hidden_test_fi_7,3330,3335,Askew,NIL,PER,NIL,Askew,"```json { ""wikipedia_page"": """", ""wikidata_id"": ""NIL"" } ``` The text mentions the names ""[ENT] Askew [ENT]"" but none of the provided candidates match these names perfectly. ""Askew"" is mentioned as a surname, but it does not correspond to the full names of any of the provided candidates. Therefore, I have selected the ""NIL"" value. If you provide a more specific list of candidates that match the full names, I can give a more accurate response.",0
hidden_test_fi_7,3337,3345,Englanti,Q21,LOC,Q21,Englanti,,0
hidden_test_fi_7,3347,3353,Mendel,NIL,PER,Q37970,Gregor Mendel,"```json { ""wikipedia_page"": ""Gregor Mendel"", ""wikidata_id"": ""Q37970"" } ```",18.742755889892578
hidden_test_fi_7,3355,3363,Hollanti,Q55,LOC,Q55,Alankomaat,,0
hidden_test_fi_7,3368,3374,Johann,NIL,PER,NIL,Johann,"```json { ""wikipedia_page"": """", ""wikidata_id"": ""NIL"" } ```",0
hidden_test_fi_7,3376,3383,We=näjä,Q34266,LOC,NIL,We=näjä,"```json { ""wikipedia_page"": """", ""wikidata_id"": ""NIL"" } ```",0
hidden_test_fi_7,3385,3392,Wollmar,NIL,PER,Q91433,Georg von Vollmar,"```json { ""wikipedia_page"": ""Georg von Vollmar"", ""wikidata_id"": ""Q91433"" } ```",16.265031814575195
hidden_test_fi_7,3506,3514,Vaijerin,Q154195,LOC,NIL,Vaijerin,"```json { ""wikipedia_page"": ""NIL"", ""wikidata_id"": ""NIL"" } ```",0
hidden_test_fi_7,3518,3532,Württem=bergin,NIL,LOC,NIL,Württem=bergin,"```json { ""wikipedia_page"": """", ""wikidata_id"": ""NIL"" } ```",0
hidden_test_fi_7,3620,3627,Wollmar,NIL,PER,Q91433,Georg von Vollmar,"```json { ""wikipedia_page"": ""Georg von Vollmar"", ""wikidata_id"": ""Q91433"" } ```",19.1361083984375
hidden_test_fi_7,3755,3765,Molkenbuhr,NIL,PER,Q1612159,Hermann Molkenbuhr,"```json { ""wikipedia_page"": ""Hermann Molkenbuhr"", ""wikidata_id"": ""Q1612159"" } ```",23.501853942871094
hidden_test_fi_7,3883,3898,Junkkeripuo=lue,NIL,ORG,Q170365,Junkkeri,"```json { ""wikipedia_page"": ""Junkkeri"", ""wikidata_id"": ""Q170365"" } ```",8.648393630981445
hidden_test_fi_7,3944,3951,Gerisch,NIL,PER,Q1506422,Georg Wilhelm von Kirsch,"```json { ""wikipedia_page"": ""Georg Kirsch"", ""wikidata_id"": ""Q1506422"" } ``` However, since the correct name in the text is ""Georg Gerisch"" and not ""Georg Kirsch"", and ""Georg Kirsch"" is not found in the list of candidates, the most appropriate response, given the constraint to return a Wikidata ID when highly confident, is: ```json { ""wikidata_id"": ""Q994868"" } ``` But since ""Georg Gerisch"" is not in the list, I will instead choose the next best match with the closest name, which is not appropriate. However, following the instructions strictly: Given that ""Georg Gerisch"" is not in the list but ""Georg Girisch"" (with an 'i' instead of 'e') is, and it's the closest match, the response should be: ```json { ""wikidata_id"": ""Q994868"" } ``` However, it's important to note that this is not the exact match from the text, but the closest available in the list. For high confidence, I must select from the list provided, and since none directly match ""Ge",18.683956146240234
hidden_test_fi_7,3997,4003,Saksan,Q43287,LOC,Q49768,Saksan sosiaalidemokraattinen puolue,"```json { ""wikipedia_page"": ""Saksan sosiaalidemokraattinen puolue"", ""wikidata_id"": ""Q49768"" } ```",12.742773056030273
hidden_test_fi_7,4224,4233,Englannin,Q21,LOC,Q145,Yhdistynyt kuningaskunta,"```json { ""wikipedia_page"": ""Yhdistynyt kuningaskunta"", ""wikidata_id"": ""Q145"" } ```",21.235923767089844
hidden_test_fi_7,5071,5088,Pohjois=Belfastin,NIL,LOC,Q10686,Belfast,"```json { ""wikipedia_page"": ""Belfast"", ""wikidata_id"": ""Q10686"" } ```",20.648143768310547
hidden_test_fi_7,5153,5160,Marokon,Q1028,LOC,NIL,Marokon,"```json { ""wikipedia_page"": ""Marokon kysymys"", ""wikidata_id"": ""NIL"" } ```",0
hidden_test_fi_7,5208,5214,Saksan,Q43287,LOC,Q183,Saksa,"```json { ""wikipedia_page"": ""Saksa"", ""wikidata_id"": ""Q183"" } ```",12.355608940124512
hidden_test_fi_7,5217,5224,Ranskan,Q70802,LOC,Q70802,Ranskan kolmas tasavalta,"```json { ""wikipedia_page"": ""Ranskan kolmas tasavalta"", ""wikidata_id"": ""Q70802"" } ```",14.80803108215332
hidden_test_fi_7,5239,5244,Rosen,NIL,PER,NIL,Rosen,"```json { ""wikipedia_page"": """", ""wikidata_id"": ""NIL"" } ```",0
hidden_test_fi_7,5247,5253,Rewoil,NIL,PER,NIL,Rewoil,"```json { ""wikipedia_page"": """", ""wikidata_id"": ""NIL"" } ```",0
hidden_test_fi_7,5289,5296,Marokon,Q1028,LOC,Q1028,Marokko,"```json { ""wikipedia_page"": ""Marokko"", ""wikidata_id"": ""Q1028"" } ```",19.59313201904297
hidden_test_fi_7,5345,5357,TohtoriRosen,NIL,PER,NIL,TohtoriRosen,"```json { ""wikipedia_page"": """", ""wikidata_id"": ""NIL"" } ```",0
hidden_test_fi_7,5552,5561,Ranskassa,Q70802,LOC,Q142,Ranska,"```json { ""wikidata_id"": ""Q142"", ""wikipedia_page"": ""Ranska"" } ```",19.183813095092773
hidden_test_fi_7,5594,5600,Saksan,Q43287,LOC,NIL,Saksan,"```json { ""wikipedia_page"": ""Marokko"", ""wikidata_id"": ""Q1021927"" } ```",0
hidden_test_fi_7,5717,5724,Marokon,Q1028,LOC,Q1028,Marokko,"```json { ""wikipedia_page"": ""Marokko"", ""wikidata_id"": ""Q1028"" } ```",23.566123962402344
hidden_test_fi_7,5774,5787,Harry Maclean,NIL,PER,Q1225338,Harry MacLean,"```json { ""wikipedia_page"": ""Harry MacLean"", ""wikidata_id"": ""Q1225338"" } ```",16.17344856262207
hidden_test_fi_7,5976,5983,Marokon,Q1028,LOC,Q1028,Marokko,"```json { ""wikipedia_page"": ""Marokko"", ""wikidata_id"": ""Q1028"" } ```",22.042253494262695
hidden_test_fi_7,6502,6521,Saksan Etelä-Afrika,Q153665,LOC,Q153665,Saksan Lounais-Afrikka,"```json { ""wikipedia_page"": ""Saksan Lounais-Afrikka"", ""wikidata_id"": ""Q153665"" } ```",12.065314292907715
hidden_test_fi_7,6523,6528,Saksa,Q43287,LOC,Q183,Saksa,"```json { ""wikipedia_page"": ""Saksa"", ""wikidata_id"": ""Q183"" } ```",17.173112869262695
hidden_test_fi_7,6643,6666,kuwernööri Lindeqwistin,Q106081,PER,Q75886,Karl Liebknecht,"```json { ""wikipedia_page"": ""Karl Liebknecht"", ""wikidata_id"": ""Q75886"" } ```",12.425045013427734
hidden_test_fi_7,6715,6723,Morengan,Q315748,PER,Q310468,Moringat,"```json { ""wikidata_id"": ""NIL"", ""wikipedia_page"": """" } ``` However, after re-evaluating the input text and the list of candidates, I can suggest an alternative response since none of the candidates directly match the content, but one candidate could be closely related: ```json { ""wikidata_id"": ""Q310468"", ""wikipedia_page"": ""Moringat"" } ``` The reason for this selection is that ""Moringat"" is listed as a candidate and seems to be the closest match given the context of the input text, which seems to be discussing conflicts in Africa, and ""Moringat"" is mentioned as a separate entity possibly related to the context but not directly matching the text's main subject ""Morengan"". However, please note that this selection is still not a direct match but the closest among the provided candidates based on the given context.",14.415067672729492
hidden_test_fi_7,6744,6754,Wit=boista,Q705564,PER,NIL,Wit=boista,"```json { ""wikipedia_page"": ""NIL"", ""wikidata_id"": ""NIL"" } ```",0
hidden_test_fi_7,6903,6927,ent. kuwernööri Leutwein,Q68882,PER,Q68882,Theodor Leutwein,"```json { ""wikipedia_page"": ""Theodor Leutwein"", ""wikidata_id"": ""Q68882"" } ```",11.609281539916992
hidden_test_fi_7,7137,7145,Saksalla,Q43287,LOC,Q183,Saksa,"```json { ""wikipedia_page"": ""Saksa"", ""wikidata_id"": ""Q183"" } ```",13.637676239013672
hidden_test_fi_7,7254,7268,Majuri Meister,NIL,PER,Q1598291,Heinrich Meister,"```json {""wikipedia_page"": ""Heinrich Meister"", ""wikidata_id"": ""Q1598291""} ```",11.8565034866333
hidden_test_fi_8,312,317,T. S.,Q2616090,PROD,Q11895832,T. S. Vehkakorpi,"```json { ""wikipedia_page"": ""T. S. Vehkakorpi"", ""wikidata_id"": ""Q11895832"" } ```",9.171940803527832
hidden_test_fi_8,344,354,Ilmajoella,Q5985,LOC,Q5985,Ilmajoki,"```json { ""wikipedia_page"": ""Ilmajoki"", ""wikidata_id"": ""Q5985"" } ```",23.42596435546875
hidden_test_fi_8,748,754,Aamul.,Q301000,PROD,Q14161597,Aamulla,"```json { ""wikipedia_page"": ""Aamul"", ""wikidata_id"": ""Q14161597"" } ```",8.042672157287598
hidden_test_fi_8,777,792,Lappeenrannassa,Q181854,LOC,Q181854,Lappeenranta,,0
hidden_test_fi_8,1000,1012,Halkosaareen,NIL,LOC,Q18681749,Halkosaari,,0
hidden_test_fi_8,1169,1193,Raittiusseura Yritys 2:n,NIL,ORG,NIL,Raittiusseura Yritys 2:n,"```json { ""wikipedia_page"": """", ""wikidata_id"": ""NIL"" } ```",0
hidden_test_fi_8,1206,1221,Tyysterniemellä,NIL,LOC,Q11898691,Tuorsniemi,"```json { ""wikipedia_page"": ""Tuorsniemi"", ""wikidata_id"": ""Q11898691"" } ```",14.096345901489258
hidden_test_fi_8,1331,1340,T. W. Y:n,NIL,ORG,NIL,T. W. Y:n,"```json { ""wikipedia_page"": ""Työväenliike"", ""wikidata_id"": ""NIL"" } ``` However, based on the context of the text, a more suitable answer would be: ```json { ""wikipedia_page"": ""Työväenliike"", ""wikidata_id"": ""Q1038317"" } or { ""wikipedia_page"": ""Sosialidemokratia"", ""wikidata_id"": ""Q32244"" } But since ""Työväenliike"" is a broader term that includes the context, and none of the provided candidates are a perfect match, the system cannot be 100% confident in selecting any of these candidates. Therefore, the best choice is to return ""NIL"" but considering the context, the most relevant entity would be **Työväenliike** or **Sosialidemokratia**. However, given the instruction to return ""NIL"" when not highly confident, and there is no exact match in the provided list that fits the context perfectly, the answer would be: ```json { ""wikipedia_page"": ""NIL"", ""wikidata_id"": ""NIL"" } ``` However",0
hidden_test_fi_8,1850,1872,monttööri G. Lindström,NIL,PER,Q4125260,Gustaf Lindström,"```json { ""wikipedia_page"": ""Gustaf Lindström"", ""wikidata_id"": ""Q4125260"" } ``` However, given the context of the text, a more appropriate choice is likely **G. Lindström** which is not listed, but based on the provided candidates, **Gustaf Lindström** seems to be the closest match with a Wikidata ID. If none of the candidates match with high confidence, the correct answer would be ""NIL"". In this case, since **G. Lindström** is not listed, and **Gustaf Lindström** is a close but not exact match, the confidence is not high enough. However, since **Gustaf Lindström** is the closest provided match with a Wikidata ID, I am providing that: ```json { ""wikipedia_page"": ""Gustaf Lindström"", ""wikidata_id"": ""Q4125260"" } ``` But, considering the task requirement for high confidence, and the fact that **G. Lindström** is likely the intended reference, the correct approach should be to acknowledge the lack of an exact match in the provided list and use ""NIL"" as the",12.30108642578125
hidden_test_fi_8,1919,1930,Siiwolahden,NIL,LOC,Q4354686,Suvilahti,"```json { ""wikipedia_page"": ""Suvilahti"", ""wikidata_id"": ""Q4354686"" } ```",19.2984676361084
hidden_test_fi_8,1982,2002,kaupp. I. Wolkof=fin,NIL,PER,NIL,kaupp. I. Wolkof=fin,"```json { ""wikipedia_page"": """", ""wikidata_id"": ""NIL"" } ```",0
hidden_test_fi_8,2097,2104,Hra L:n,NIL,PER,NIL,Hra L:n,"```json { ""wikipedia_page"": ""NIL"", ""wikidata_id"": ""NIL"" } ```",0
hidden_test_fi_8,2232,2239,hra L:n,NIL,PER,Q6181110,Carl Johan Slotte,"```json { ""wikipedia_page"": ""Carl Johan Slotte"", ""wikidata_id"": ""Q6181110"" } ```",5.148799419403076
hidden_test_fi_8,2303,2309,hra L.,NIL,PER,NIL,hra L.,"```json { ""wikipedia_page"": ""NIL"", ""wikidata_id"": ""NIL"" } ```",0
hidden_test_fi_8,2418,2445,Pu=dasjärwen Jongun kylässä,Q11866880,LOC,Q2659959,Valkjärvi,"```json { ""wikipedia_page"": ""NIL"", ""wikidata_id"": ""NIL"" } ``` However, since one of the candidates is marked with 'LOC' (location) indicating it could be a potential match for a place related to the text, let's re-evaluate: Upon analyzing the text, the most relevant location is probably related to the events happening in the area described. Given the options and the presence of 'LOC' for 'Valkjärvi', but also noting that none of the provided descriptions directly match the context of the text which seems to refer to a village or district where events took place, let's consider 'Valkjärvi' as a possible match despite its description not directly matching the provided text context. ```json { ""wikipedia_page"": ""Valkjärvi"", ""wikidata_id"": ""Q2659959"" } ```",6.558423042297363
hidden_test_fi_8,2804,2810,Louhen,Q11876276,PROD,Q11876276,Louhi,"```json { ""wikipedia_page"": ""Louhi (Oulussa vuosina 1890–1906 ilmestynyt sanomalehti)"", ""wikidata_id"": ""Q11876276"" } ```",13.548619270324707
hidden_test_fi_8,2901,2909,Suomessa,Q62633,LOC,Q33,Suomi,,0
hidden_test_fi_8,2921,2930,Hai=luoto,Q1569280,LOC,Q1569280,Hailuoto,,0
hidden_test_fi_8,3181,3186,Oulun,Q47048,LOC,Q47048,Oulu,"```json { ""wikipedia_page"": ""Oulu"", ""wikidata_id"": ""Q47048"" } ```",21.70096778869629
hidden_test_fi_8,3200,3205,Louhi,Q11876276,PROD,Q214777,Lohja,"```json { ""wikipedia_page"": ""Lohja"", ""wikidata_id"": ""Q214777"" } ```",6.05437707901001
hidden_test_fi_8,3237,3246,Ruotsissa,Q34,LOC,Q34,Ruotsi,,0
hidden_test_fi_8,3248,3255,Ruotsin,Q34,LOC,Q34,Ruotsi,,0
hidden_test_fi_8,3524,3547,Olawin kylpylaitoksessa,NIL,ORG,NIL,Olawin kylpylaitoksessa,"```json { ""wikipedia_page"": """", ""wikidata_id"": ""NIL"" } ```",0
hidden_test_fi_8,3653,3696,"Felser, ihmelapsi soittimensa kä=sittelyssä",NIL,PER,Q435304,Fanny Elßler,"```json { ""wikipedia_page"": ""Fanny Elßler"", ""wikidata_id"": ""Q435304"" } ```",9.294970512390137
hidden_test_fi_8,3715,3737,laulajatar ElliWeckman,NIL,PER,NIL,laulajatar ElliWeckman,"```json { ""wikipedia_page"": ""Elli Weckman"", ""wikidata_id"": ""Q16915886"" } ```",0
hidden_test_fi_8,3741,3753,neiti Aström,NIL,PER,Q4121238,Anna Åström,"```json { ""wikipedia_page"": ""Anna Åström"", ""wikidata_id"": ""Q4121238"" } ```",18.235382080078125
hidden_test_fi_8,3785,3800,August Blanchen,Q764239,PER,Q764239,August Blanche,,0
hidden_test_fi_8,4012,4022,MrSampbell,NIL,PER,NIL,MrSampbell,"```json { ""wikidata_id"": ""NIL"", ""wikipedia_page"": """" } ``` However, after disambiguating the given text, I found that the person referred to as ""Mr. Sampell"" is likely Ingå Spelmansgille's leader, but a more accurate match is not available in the provided list of candidates. Therefore, I chose to output ""NIL"" because none of the candidates match with high confidence the entity tagged with [ENT]. If the list of candidates were more comprehensive, I would have selected Ingå Spelmansgille as the most appropriate entity. If you had provided the entire text with more context, I could have possibly identified a better match. However, based on the given text, I am not confident enough to select any entity from the provided list of candidates.",0
hidden_test_fi_9,0,16,Ruhtinas Bülowin,NIL,PER,Q5475457,Wilhelm Bolin,"```json { ""wikipedia_page"": ""Wilhelm Bolin"", ""wikidata_id"": ""Q5475457"" } ```",5.6248016357421875
hidden_test_fi_9,451,461,Bü=lowille,NIL,PER,Q60113,Bernhard von Bülow,"```json { ""wikipedia_page"": ""Bernhard von Bülow"", ""wikidata_id"": ""Q60113"" } ```",19.308359146118164
hidden_test_fi_9,808,815,Bülowia,NIL,PER,Q60113,Bernhard von Bülow,"```json { ""wikipedia_page"": ""Bernhard von Bülow"", ""wikidata_id"": ""Q60113"" } ```",18.463077545166016
hidden_test_fi_9,842,851,Bülowilla,NIL,PER,Q60113,Bernhard von Bülow,"```json { ""wikipedia_page"": ""Bernhard von Bülow"", ""wikidata_id"": ""Q60113"" } ```",22.40033721923828
hidden_test_fi_9,1028,1050,Potsda=mista Berliniin,Q64,LOC,Q1711,Potsdam,"```json { ""wikipedia_page"": ""Potsdam"", ""wikidata_id"": ""Q1711"" } ```",19.14542579650879
hidden_test_fi_9,1168,1203,Berlinin ku=ninkaallisessa linnassa,NIL,LOC,Q170119,Berliner Stadtschloss,"```json { ""wikipedia_page"": ""Berliner Stadtschloss"", ""wikidata_id"": ""Q170119"" } ```",23.144317626953125
hidden_test_fi_9,1243,1257,keisariWilhelm,Q2677,PER,Q2677,Vilhelm II,"```json { ""wikipedia_page"": ""Vilhelm II"", ""wikidata_id"": ""Q2677"" } ```",20.678955078125
hidden_test_fi_9,1290,1296,Saksan,Q43287,LOC,Q43287,Saksan keisarikunta,"```json { ""wikipedia_page"": ""Saksan keisarikunta"", ""wikidata_id"": ""Q43287"" } ```",16.342708587646484
hidden_test_fi_9,1627,1633,Saksan,Q43287,LOC,Q43287,Saksan keisarikunta,"```json { ""wikipedia_page"": ""Saksan keisarikunta"", ""wikidata_id"": ""Q43287"" } ```",12.371654510498047
hidden_test_fi_10,51,70,edustajaL. Ingmanin,Q440166,PER,Q440166,Lauri Ingman,"```json { ""wikipedia_page"": ""Lauri Ingman"", ""wikidata_id"": ""Q440166"" } ```",22.64732551574707
hidden_test_fi_10,98,116,edustaja S. Alkion,Q2319774,PER,Q2319774,Santeri Alkio,"```json { ""wikipedia_page"": ""Santeri Alkio"", ""wikidata_id"": ""Q2319774"" } ```",18.05309295654297
hidden_test_fi_10,188,196,Suomessa,Q33,LOC,Q33,Suomi,"```json { ""wikipedia_page"": ""Suomi"", ""wikidata_id"": ""Q33"" } ```",18.937305450439453
hidden_test_fi_10,2509,2518,Wenäjällä,Q159,LOC,Q159,Venäjä,"```json { ""wikipedia_page"": ""Venäjä"", ""wikidata_id"": ""Q159"" } ```",17.00153923034668
hidden_test_fi_10,4043,4049,Suomen,Q33,LOC,Q33,Suomi,"```json { ""wikipedia_page"": ""Suomi"", ""wikidata_id"": ""Q33"" } ```",18.622079849243164
hidden_test_fi_11,217,224,Jumalan,Q825,PER,Q825,Jumala,"```json { ""wikipedia_page"": ""Jumala"", ""wikidata_id"": ""Q825"" } ```",14.78506851196289
hidden_test_fi_12,409,419,Mer=kurius,Q308,LOC,Q308,Merkurius,,0
hidden_test_fi_12,421,426,Venus,Q313,LOC,Q313,Venus,,0
hidden_test_fi_12,428,431,Maa,Q2,LOC,Q2,Maa,,0
hidden_test_fi_12,435,439,Mars,Q111,LOC,Q111,Mars,,0
hidden_test_fi_12,495,502,Jupiter,Q319,LOC,Q319,Jupiter,,0
hidden_test_fi_12,504,512,Saturnus,Q193,LOC,Q193,Saturnus,,0
hidden_test_fi_12,514,520,Uranus,Q324,LOC,Q324,Uranus,,0
hidden_test_fi_12,523,531,Neptunus,Q332,LOC,Q332,Neptunus,,0
hidden_test_fi_12,567,573,Marsin,Q111,LOC,Q111,Mars,,0
hidden_test_fi_12,577,586,Jupiterin,Q319,LOC,Q319,Jupiter,,0
hidden_test_fi_12,624,634,Merku=rius,Q308,LOC,Q308,Merkurius,,0
hidden_test_fi_12,718,726,Neptunus,Q332,LOC,Q332,Neptunus,,0
hidden_test_fi_12,1027,1036,Lewerrier,Q104154,PER,Q308,Merkurius,"```json { ""wikipedia_page"": ""Merkurius"", ""wikidata_id"": ""Q308"" } ```",8.407352447509766
hidden_test_fi_13,525,552,Bergen kaupungissa Norjassa,Q20,LOC,Q26793,Bergen,"```json { ""wikipedia_page"": ""Bergen"", ""wikidata_id"": ""Q26793"" } ```",18.1048641204834
hidden_test_fi_13,606,612,Suomen,Q62633,LOC,Q62633,Suomen suuriruhtinaskunta,"```json { ""wikipedia_page"": ""Suomen suuriruhtinaskunta"", ""wikidata_id"": ""Q62633"" } ```",16.08085823059082
hidden_test_fi_13,651,658,Ruotsin,Q34,LOC,Q62589,Ruotsi-Norja,"```json { ""wikipedia_page"": ""Ruotsi-Norja"", ""wikidata_id"": ""Q62589"" } ``` However, considering the context of the text, which mentions ""Ruotsin"" (Sweden) throughout and does not mention a personaaliunioni (personal union) between Sweden and Norway, a more appropriate choice would be: ```json { ""wikipedia_page"": ""Ruotsi"", ""wikidata_id"": ""Q34"" } ```",14.351967811584473
hidden_test_fi_13,697,705,Malmössä,Q2211,LOC,Q2211,Malmö,,0
hidden_test_fi_14,0,9,Säkylästä,Q780914,LOC,Q780914,Säkylä,"```json { ""wikipedia_page"": ""Säkylä"", ""wikidata_id"": ""Q780914"" } ```",17.18438720703125
hidden_test_fi_14,1172,1193,I. F. S.Taiwassalosta,Q807904,LOC,Q807904,Taivassalo,"```json { ""wikipedia_page"": ""Taivassalo"", ""wikidata_id"": ""Q807904"" } ```",15.665294647216797
hidden_test_fi_14,1931,1947,Koi-wiston kylän,NIL,LOC,Q11961264,Koiviston maalaiskunta,"```json { ""wikipedia_page"": ""Koiviston maalaiskunta"", ""wikidata_id"": ""Q11961264"" } ```",13.617988586425781
hidden_test_fi_17,70,77,Jumalan,Q825,PER,Q190,Jumala,"```json { ""wikipedia_page"": ""Jumala"", ""wikidata_id"": ""Q190"" } ``` However, after re-evaluation, the most suitable entity based on the context is ""Jumala (uskonto)"", but it is not in the list of candidates. The closest candidate is ""Jumala"" (Q190) which refers to the God of Christianity. Since none of the other candidates match the context with high confidence and ""Jumala"" is the closest match from the provided list, the selected Wikidata ID is Q190. But, considering the context and the list of candidates provided, the correct answer remains: ```json { ""wikipedia_page"": ""Jumala"", ""wikidata_id"": ""Q825"" } ```",20.23206901550293
hidden_test_fi_17,122,146,Jumalan Pyhältä Hengeltä,Q825,PER,Q37302,Pyhä Henki,"```json { ""wikipedia_page"": ""Pyhä Henki"", ""wikidata_id"": ""Q37302"" } ```",19.965946197509766
hidden_test_fi_17,228,234,Jumala,Q825,PER,Q190,Jumala,"```json { ""wikipedia_page"": ""Jumala"", ""wikidata_id"": ""Q190"" } ```",19.329416275024414
hidden_test_fi_18,50,57,Jumalan,Q825,PER,Q825,Jumala,"```json { ""wikipedia_page"": ""Jumala"", ""wikidata_id"": ""Q825"" } ```",14.353594779968262
hidden_test_fi_19,11,31,Jumala kaikkiwaltias,Q825,PER,Q825,Jumala,"```json { ""wikipedia_page"": ""Jumala"", ""wikidata_id"": ""Q825"" } ```",9.45442008972168
hidden_test_fi_19,680,691,C. M. W—dén,NIL,PER,NIL,C. M. W—dén,"```json { ""wikipedia_page"": """", ""wikidata_id"": ""NIL"" } ```",0
hidden_test_fi_19,1826,1843,Wiipurin läänissä,Q1144791,LOC,Q1144791,Viipurin lääni,,0
hidden_test_fi_19,1861,1877,Mikke=lin lääniä,Q1200972,LOC,Q1200972,Mikkelin lääni,"```json { ""wikipedia_page"": ""Mikkelin lääni"", ""wikidata_id"": ""Q1200972"" } ```",20.988672256469727
hidden_test_fi_19,1903,1935,Wiipurin entiseenkuwernementtiin,Q440068,LOC,Q1144791,Viipurin lääni,"```json { ""wikipedia_page"": ""Viipurin lääni"", ""wikidata_id"": ""Q1144791"" } ```",16.331439971923828
hidden_test_fi_19,2581,2588,Lappeen,Q3434042,LOC,Q3434042,Lappee,"```json { ""wikipedia_page"": ""Lappee"", ""wikidata_id"": ""Q3434042"" } ```",20.408039093017578
hidden_test_fi_19,2592,2611,Joutsenon pitäjissä,Q829851,LOC,Q829851,Joutseno,"```json { ""wikidata_id"": ""Q829851"", ""wikipedia_page"": ""Joutseno"" } ```",19.31006622314453
hidden_test_fi_19,2659,2688,Ruo=kolahden naapuripitäjässä,Q1009622,LOC,Q1009622,Ruokolahti,"```json { ""wikipedia_page"": ""Ruokolahti"", ""wikidata_id"": ""Q1009622"" } ```",20.09053611755371
hidden_test_fi_19,2726,2736,Wiipurissa,Q14657,LOC,Q14657,Viipuri,,0
hidden_test_fi_19,2851,2871,WiipuristaHelsinkiin,Q1757,LOC,Q14657,Viipuri,"```json { ""wikipedia_page"": ""Viipuri"", ""wikidata_id"": ""Q14657"" } ```",18.310848236083984
hidden_test_fi_20,2,34,Yläjärwestä Pyhäjärwen pitäjässä,Q4514438,LOC,Q18660561,Liesjärvi,"```json { ""wikipedia_page"": ""Liesjärvi"", ""wikidata_id"": ""Q18660561"" } ```",21.39098358154297
hidden_test_fi_20,130,141,Lapuan joen,Q1351274,LOC,Q1351274,Lapuanjoki,,0
hidden_test_fi_20,369,382,Waasan lääniä,Q1337549,LOC,Q1337549,Vaasan lääni,"```json { ""wikipedia_page"": ""Vaasan lääni"", ""wikidata_id"": ""Q1337549"" } ```",21.476776123046875
hidden_test_fi_20,558,566,Oulunkin,Q47048,LOC,Q47048,Oulu,"```json { ""wikipedia_page"": ""Oulu"", ""wikidata_id"": ""Q47048"" } ```",19.96237564086914
hidden_test_fi_20,713,721,O. W. S.,Q18661135,PROD,Q29019326,O. W. Kankaanranta,"```json { ""wikipedia_page"": ""O. W. Kankaanranta"", ""wikidata_id"": ""Q29019326"" } ``` However, after re-evaluating the input text, it seems that the most likely candidate for disambiguation is actually not listed under the provided candidates. Given the context of the text, **O.W. S** could refer to **Ossian Ansas** or **O.W. Suomalainen**, but none of these match directly from the list provided. However, none of the provided candidates seem directly related to the context mentioned in the text, which talks about a person named **O.W. S** who mentions Oulunkin tienoilla and Saarijärweltä. Given the lack of direct matches and the requirement to choose a highly confident selection, the most appropriate course of action would be to select **NIL** as the **wikidata_id** value. ```json { ""wikipedia_page"": """", ""wikidata_id"": ""NIL"" } ```",15.477239608764648
hidden_test_fi_20,724,737,Saarijärweltä,Q984858,LOC,Q984858,Saarijärvi,,0
hidden_test_fi_20,753,770,Lähettäjä J.W:nen,NIL,PER,NIL,Lähettäjä J.W:nen,"```json { ""wikidata_id"": ""NIL"", ""wikipedia_page"": """" } ```",0
hidden_test_fi_20,1522,1530,Kikeeltä,Q491603,LOC,Q16299878,Mika Kivelä,"```json { ""wikipedia_page"": ""Mika Kivelä"", ""wikidata_id"": ""Q16299878"" } ```",13.649956703186035
hidden_test_fi_20,2085,2095,Suometarta,Q21483135,PROD,Q1378704,Suomalainen puolue,"```json { ""wikipedia_page"": ""Suomalainen puolue"", ""wikidata_id"": ""Q1378704"" } ```",5.267299652099609
hidden_test_fi_20,2175,2180,S:ren,Q21483135,PROD,Q42603,pappi,"```json { ""wikipedia_page"": ""pappi"", ""wikidata_id"": ""Q42603"" } ```",3.597527027130127
hidden_test_fi_21,5,24,Alastaron pitäjässä,Q206601,LOC,Q206601,Alastaro,,0
hidden_test_fi_21,37,62,talolliset Kalle Jussilan,NIL,PER,Q3444970,Saloinen,"```json { ""wikipedia_page"": ""Saloinen"", ""wikidata_id"": ""Q3444970"" } ``` However, upon reviewing the candidates, I noticed that the text does not match any of the Saloinen entries, which refers to a former municipality in Finland. Instead, the text mentions ""Alastaron pitäjässä"", which points towards Alastaro. However, Alastaro is not included in the provided list of candidates. Given that none of the candidates match with high confidence to the entity tagged with [ENT] in the original text, I will select the next best option based on the context provided: However, the next best option is not clear in this case, and none of the candidates directly match the context of the original text. Therefore, I will return a ""NIL"" value as per the instructions. ```json { ""wikidata_id"": ""NIL"" } ```",13.187105178833008
hidden_test_fi_21,66,79,Kalle Tätilän,NIL,PER,Q11868806,Kaarlo Tiililä,"```json { ""wikipedia_page"": ""Kaarlo Tiililä"", ""wikidata_id"": ""Q11868806"" } ``` Alternatively, if none of the candidates match with high confidence the entity tagged with [ENT], you may return: ```json { ""wikipedia_page"": ""NIL"", ""wikidata_id"": ""NIL"" } ``` However, based on the provided text and the list of candidates, Kaarlo Tiililä seems to be the most likely match for the entity [ENT] Kalle Tätilän.",21.741222381591797
hidden_test_fi_21,698,735,Jus-silan talossa Tammiaisten kylässä,NIL,LOC,Q22681704,Tammiselkä (Kivennapa),"```json { ""wikipedia_page"": ""Tammiselkä (Kivennapa)"", ""wikidata_id"": ""Q22681704"" } ```",12.279472351074219
hidden_test_fi_21,2292,2310,Alastaron pi-täjän,Q206601,LOC,Q206601,Alastaro,"```json { ""wikipedia_page"": ""Alastaro"", ""wikidata_id"": ""Q206601"" } ```",11.90078067779541
hidden_test_fi_21,2510,2519,Suomenkin,Q62633,LOC,Q202808,Suomen historia,"```json { ""wikipedia_page"": ""Suomen historia"", ""wikidata_id"": ""Q202808"" } ```",15.265329360961914
hidden_test_fi_21,2640,2647,Dawidin,Q41370,PER,Q41370,Daavid,"```json { ""wikipedia_page"": ""Daavid"", ""wikidata_id"": ""Q41370"" } ```",20.703468322753906
hidden_test_fi_21,2694,2704,Ju-malamme,Q825,PER,Q825,Jumala,"```json {""wikipedia_page"": ""Jumala"", ""wikidata_id"": ""Q825""} ```",14.619699478149414
hidden_test_fi_21,2756,2762,Jumala,Q825,PER,Q825,Jumala,"```json { ""wikipedia_page"": ""Jumala"", ""wikidata_id"": ""Q825"" } ```",15.856660842895508
hidden_test_fi_21,2862,2873,Alastarolta,Q206601,LOC,Q206601,Alastaro,"```json { ""wikipedia_page"": ""Alastaro"", ""wikidata_id"": ""Q206601"" } ```",17.410079956054688
hidden_test_fi_21,2907,2941,"I. Brusila,entinen waltiopäiwämies",NIL,PER,Q105037587,Juho Brusila,"```json { ""wikipedia_page"": ""Juho Brusila"", ""wikidata_id"": ""Q105037587"" } ```",15.34194278717041
hidden_test_fi_21,2965,2983,Ruskealanpappilaan,NIL,LOC,Q26257083,Ruskeasannan kappeli,,0
hidden_test_fi_21,3111,3123,Käkisal-meen,Q7977,LOC,Q7977,Käkisalmi,,0
hidden_test_fi_21,3255,3261,Suomen,Q62633,LOC,Q33,Suomi,,0
hidden_test_fi_21,3272,3286,Saima dosentti,NIL,PER,NIL,Saima dosentti,"```json { ""wikipedia_page"": """", ""wikidata_id"": ""NIL"" } ```",0
hidden_test_fi_21,3459,3470,Kurkijoelle,Q15839066,LOC,Q15839066,Kurkijoki,,0
hidden_test_fi_21,3626,3640,Beth-lehemiksi,Q29376012,LOC,NIL,Beth-lehemiksi,"```json { ""wikipedia_page"": ""Sortavala"", ""wikidata_id"": ""Q134577"" } ```",0
hidden_test_fi_21,3648,3654,Suomen,Q62633,LOC,Q33,Suomi,,0
hidden_test_fi_21,3727,3738,Kurkijoelta,Q15839066,LOC,Q18783236,Kurkijoki,"```json { ""wikipedia_page"": ""Kurkijoki"", ""wikidata_id"": ""Q18783236"" } ```",17.910552978515625
hidden_test_fi_21,3752,3798,Itä-Karjalan pulskaan pääkaupunkiinSortawalaan,Q196397,LOC,Q196397,Sortavala,"```json { ""wikipedia_page"": ""Sortavala"", ""wikidata_id"": ""Q196397"" } ```",17.128347396850586
hidden_test_fi_21,3916,3939,Laatokka nimisen lehden,Q18680151,PROD,Q18680151,Laatokka,"```json { ""wikipedia_page"": ""Laatokka"", ""wikidata_id"": ""Q18680151"" } ```",19.47849464416504
hidden_test_fi_21,4115,4123,Suomessa,Q62633,LOC,Q62633,Suomen suuriruhtinaskunta,"```json { ""wikipedia_page"": ""Suomen suuriruhtinaskunta"", ""wikidata_id"": ""Q62633"" } ```",15.847769737243652
hidden_test_fi_21,4230,4243,Suomettarella,NIL,PROD,Q18680151,Laatokka,"```json { ""wikipedia_page"": ""Laatokka"", ""wikidata_id"": ""Q18680151"" } ```",20.02158546447754
hidden_test_fi_21,4247,4254,Auralla,NIL,PROD,Q11899815,Uusi Aura,"```json { ""wikidata_id"": ""Q11899815"", ""wikipedia_page"": ""Uusi Aura"" } ```",21.525272369384766
hidden_test_fi_21,4408,4423,Laatokka lehden,Q18680151,PROD,Q18680151,Laatokka,"```json { ""wikipedia_page"": ""Laatokka"", ""wikidata_id"": ""Q18680151"" } ```",19.327720642089844
hidden_test_fi_21,4455,4476,Sortawalan se-minarin,Q56400432,ORG,Q56400432,Sortavalan seminaari,"```json { ""wikipedia_page"": ""Sortavalan seminaari"", ""wikidata_id"": ""Q56400432"" } ```",12.595195770263672
hidden_test_fi_22,67,89,Weh=maan kihlakunnassa,Q10713929,LOC,Q10713929,Vehmaan kihlakunta,"```json { ""wikipedia_page"": ""Vehmaan kihlakunta"", ""wikidata_id"": ""Q10713929"" } ```",10.087882041931152
hidden_test_fi_22,138,152,Kustaawin pit.,Q807900,LOC,Q807900,Kustavi,"```json { ""wikipedia_page"": ""Kustavi"", ""wikidata_id"": ""Q807900"" } ```",11.70665454864502
hidden_test_fi_22,154,162,Welku=an,NIL,LOC,Q939276,Velkua,"```json { ""wikipedia_page"": ""Velkua"", ""wikidata_id"": ""Q939276"" } ```",14.080589294433594
hidden_test_fi_22,166,176,Iniön kapp,NIL,ORG,Q1025692,Iniö,"```json { ""wikipedia_page"": ""Iniö"", ""wikidata_id"": ""Q1025692"" } ```",12.64728832244873
hidden_test_fi_22,198,215,Tai=wassalon pit.,Q807904,LOC,Q807904,Taivassalo,"```json { ""wikipedia_page"": ""Taivassalo"", ""wikidata_id"": ""Q807904"" } ```",13.151895523071289
hidden_test_fi_22,244,256,Wehmaan pit.,Q807905,LOC,Q10713929,Vehmaan kihlakunta,"```json { ""wikipedia_page"": ""Vehmaan kihlakunta"", ""wikidata_id"": ""Q10713929"" } ``` However, since none of the provided candidates seem to match the context of ""[ENT] Weh=maan pit."" or ""[ENT] Wehmaan pit."" in the given text which appears to refer to a historical or administrative entity in the region, a more appropriate answer based on the context would be: ```json { ""wikidata_id"": ""Q807905"" } ``` Or, if none of the provided options can be considered a match with high confidence, we could use the following: ```json { ""wikidata_id"": ""NIL"" } ```",14.718984603881836
hidden_test_fi_22,272,288,Lokalahden kapp.,NIL,ORG,Q3366495,Lokalahti,"```json { ""wikipedia_page"": ""Lokalahti"", ""wikidata_id"": ""Q3366495"" } ```",20.197107315063477
hidden_test_fi_22,291,316,Uudenkaupungin maaseurak.,NIL,ORG,Q60427398,Uudenkaupungin seurakunta,"```json { ""wikipedia_page"": ""Uudenkaupungin seurakunta"", ""wikidata_id"": ""Q60427398"" } ```",16.155841827392578
hidden_test_fi_22,339,355,Uudenkirkon pit.,Q3366114,LOC,Q60427398,Uudenkaupungin seurakunta,"```json { ""wikipedia_page"": ""Uudenkaupungin seurakunta"", ""wikidata_id"": ""Q60427398"" } ```",13.757689476013184
hidden_test_fi_22,375,388,Pyhämaan pit.,NIL,LOC,Q3432816,Pyhämaa,"```json { ""wikipedia_page"": ""Pyhämaa"", ""wikidata_id"": ""Q3432816"" } ```",13.290014266967773
hidden_test_fi_22,416,429,Laitilan pit.,Q807901,LOC,Q807901,Laitila,"```json { ""wikidata_id"": ""Q807901"", ""wikipedia_page"": ""Laitila"" } ```",16.755117416381836
hidden_test_fi_22,455,483,RäätäliKaarle Henrik Lundahn,NIL,PER,Q14763378,Pehr Henrik Lundgren,"```json { ""wikipedia_page"": ""Pehr Henrik Lundgren"", ""wikidata_id"": ""Q14763378"" } ```",17.932723999023438
hidden_test_fi_22,530,543,K. H. Lundahn,NIL,ORG,NIL,K. H. Lundahn,"```json { ""wikipedia_page"": """", ""wikidata_id"": ""NIL"" } ```",0
hidden_test_fi_22,665,681,Maarianhaminasta,Q48329,LOC,Q48329,Maarianhamina,,0
hidden_test_fi_22,739,747,Tu=rusta,Q38511,LOC,Q38511,Turku,"```json { ""wikipedia_page"": ""Turku"", ""wikidata_id"": ""Q38511"" } ```",13.05880355834961
hidden_test_fi_22,813,827,Ahwenanmeressä,Q271043,LOC,Q271043,Ahvenanmeri,"```json { ""wikipedia_page"": ""Ahvenanmeri"", ""wikidata_id"": ""Q271043"" } ```",22.542280197143555
hidden_test_fi_22,1225,1230,Wätin,Q3926509,LOC,Q3926509,Vätti,"```json { ""wikipedia_page"": ""Vätti"", ""wikidata_id"": ""Q3926509"" } ```",10.83893871307373
hidden_test_fi_22,1240,1287,Anningaistentullissa leipoja F. H. Henrikssonin,NIL,PER,Q11851788,Annikin runofestivaali,"```json { ""wikidata_id"": ""Q11851788"", ""wikipedia_page"": ""Annikin runofestivaali"" } ``` However, upon reevaluation, I realize that ""Annikin runofestivaali"" does not match the context of the event described in the text, which seems to be related to a fire incident in a building. Here is a more suitable answer: ```json { ""wikidata_id"": ""Q56404048"", ""wikipedia_page"": ""Linnaisten kartano"" } ``` However, the correct answer would actually be related to the building where the fire incident occurred, which is mentioned as the ""leipoja F. H. Henrikssonin [ENT] talossa"" and more specifically the address ""n. s. Wätin alueella [ENT] Anningaistentullissa"". Since Anningaistentulli is the correct location and the building where the fire incident happened, the correct answer is not in the list of candidates. Since none of the candidates match with high confidence, I'll return ""NIL"" as the value of the ""wikidata_id"" key. ```json { ""wikidata_id"": ""NIL",12.64071273803711
hidden_test_fi_22,1573,1604,Huittis=ten torwisoittokunnalle,NIL,ORG,Q165285,Huittinen,"```json { ""wikipedia_page"": ""Huittinen"", ""wikidata_id"": ""Q165285"" } ```",22.085067749023438
hidden_test_fi_22,1656,1677,Huittisten pitä=jässä,Q165285,LOC,Q165285,Huittinen,,0
hidden_test_fi_22,1764,1789,Turun kaupunkilähe=tyksen,NIL,ORG,Q10590674,Turun Soitannollinen Seura,"```json { ""wikipedia_page"": ""Turun Soitannollinen Seura"", ""wikidata_id"": ""Q10590674"" } ```",18.42404556274414
hidden_test_fi_22,2205,2219,Linnankentällä,NIL,LOC,NIL,Linnankentällä,"```json { ""wikipedia_page"": """", ""wikidata_id"": ""NIL"" } ```",0
hidden_test_fi_22,2239,2253,Rau=nistulassa,Q3926797,LOC,Q3926797,Raunistula,"```json { ""wikipedia_page"": ""Raunistula"", ""wikidata_id"": ""Q3926797"" } ```",6.705574989318848
hidden_test_fi_23,7,18,Wjetsh. Wr.,NIL,PROD,Q11184,juliaaninen kalenteri,"```json { ""wikipedia_page"": ""juliaaninen kalenteri"", ""wikidata_id"": ""Q11184"" } ```",7.100317478179932
hidden_test_fi_23,20,40,National Tiden=delle,Q10594813,PROD,NIL,National Tiden=delle,"```json { ""wikipedia_page"": """", ""wikidata_id"": ""NIL"" } ```",0
hidden_test_fi_23,88,107,kenraali Hindenburg,Q2667,PER,Q2667,Paul von Hindenburg,"```json { ""wikipedia_page"": ""Paul von Hindenburg"", ""wikidata_id"": ""Q2667"" } ```",15.788492202758789
hidden_test_fi_23,1844,1861,Hampurin kaupunki,Q1055,LOC,Q1055,Hampuri,"```json { ""wikipedia_page"": ""Hampuri"", ""wikidata_id"": ""Q1055"" } ```",20.99799156188965
hidden_test_fi_23,1876,1885,Ruotsille,Q34,LOC,Q34,Ruotsi,"```json { ""wikipedia_page"": ""Ruotsi"", ""wikidata_id"": ""Q34"" } ```",19.846437454223633
hidden_test_fi_23,1913,1927,Köpenhaminasta,Q1748,LOC,Q1748,Kööpenhamina,"```json { ""wikipedia_page"": ""Kööpenhamina"", ""wikidata_id"": ""Q1748"" } ```",21.890302658081055
hidden_test_fi_23,1943,1954,Wjetsh. Wr.,NIL,PROD,Q25451891,Veckans Krönika,"```json { ""wikipedia_page"": ""Veckans Krönika"", ""wikidata_id"": ""Q25451891"" } ```",8.967223167419434
hidden_test_fi_23,1956,1974,Hampurin kau=punki,Q1055,LOC,Q1055,Hampuri,"```json { ""wikipedia_page"": ""Hampuri"", ""wikidata_id"": ""Q1055"" } ```",20.892250061035156
hidden_test_fi_23,1991,2000,Ruotsille,Q34,LOC,Q34,Ruotsi,"```json { ""wikipedia_page"": ""Ruotsi"", ""wikidata_id"": ""Q34"" } ```",21.44810676574707
hidden_test_fi_23,2010,2016,Saksan,Q183,LOC,NIL,Saksan,"```json { ""wikidata_id"": ""NIL"", ""wikipedia_page"": """" } ```",0
hidden_test_fi_23,2151,2158,Ruotsin,Q34,LOC,Q34,Ruotsi,"```json { ""wikipedia_page"": ""Ruotsi"", ""wikidata_id"": ""Q34"" } ```",21.338062286376953
hidden_test_fi_23,2258,2277,Ruot=sin hallitusta,Q930729,ORG,Q930729,Ruotsin hallitus,"```json { ""wikipedia_page"": ""Ruotsin hallitus"", ""wikidata_id"": ""Q930729"" } ```",18.84322738647461
hidden_test_fi_23,2446,2451,Times,Q50008,PROD,Q50008,The Times,"```json { ""wikipedia_page"": ""Times"", ""wikidata_id"": ""Q50008"" } ```",19.14728355407715
hidden_test_fi_23,2452,2461,Lontoosta,Q84,LOC,Q84,Lontoo,,0
hidden_test_fi_23,2478,2485,Rjetsch,Q1419486,PROD,Q312985,Richard Réti,"```json { ""wikipedia_page"": ""Richard Réti"", ""wikidata_id"": ""Q312985"" } ```",9.145792961120605
hidden_test_fi_23,2486,2493,Timesin,Q50008,PROD,Q50008,The Times,"```json { ""wikipedia_page"": ""The Times"", ""wikidata_id"": ""Q50008"" } ```",20.059566497802734
hidden_test_fi_23,2537,2546,Unkarissa,Q171150,LOC,Q28,Unkari,"```json { ""wikipedia_page"": ""Unkari"", ""wikidata_id"": ""Q28"" } ```",23.627471923828125
