doc_id,start_pos,end_pos,surface,gt_id,type,identifier,title,answer,score
document_000004.html,71,77,Busont,Q219551,PER,NIL,Busont,"```json {""wikipedia_page"":""NIL"", ""wikidata_id"":""NIL""} ```",0
document_000004.html,124,164,cia funebre dell’imperatore Massimiliano,NIL,MISC,Q150726,Massimiliano I d'Asburgo,"```json { ""wikipedia_page"": ""Massimiliano I d'Asburgo"", ""wikidata_id"": ""Q150726"" } ```",9.633642196655273
document_000005.html,72,92,gran maestro di Bonn,Q255,PER,Q586,Bonn,"```json {""wikipedia_page"":""Bonn"", ""wikidata_id"":""Q586""} ```",8.860270500183105
document_000006.html,208,217,Guarnieri,Q1165357,PER,Q123228,Guarneri,,0
document_000006.html,224,230,Wendel,Q1303289,PER,NIL,Wendel,"```json {""wikipedia_page"":"""", ""wikidata_id"":""NIL""} ```",0
document_000009.html,4,12,Seriabin,Q185647,PER,Q131861,Sergej Vasil'evič Rachmaninov,"```json {""wikipedia_page"":""Sergej Vasil'evič Rachmaninov"", ""wikidata_id"":""Q131861""} ```",18.48324966430664
document_000009.html,109,122,delVPAugusteo,Q3616668,LOC,Q261439,teatro Massimo Vittorio Emanuele,"```json {""wikipedia_page"":""Teatro Massimo Vittorio Emanuele"", ""wikidata_id"":""Q261439""} ```",11.030294418334961
document_000010.html,84,96,all’Augusteo,Q3616668,LOC,NIL,all’Augusteo,"```json {""wikipedia_page"":""NIL"", ""wikidata_id"":""NIL""} ```",0
document_000011.html,0,6,Coates,Q1230717,PER,Q2595770,Albert Coates,"```json {""wikipedia_page"":""Albert Coates"", ""wikidata_id"":""Q2595770""} ```",16.983577728271484
document_000011.html,358,364,Coates,Q1230717,PER,Q2595770,Albert Coates,"```json {""wikipedia_page"":""Albert Coates"",""wikidata_id"":""Q2595770""} ```",18.717124938964844
document_000012.html,222,231,Guarnieri,Q1165357,PER,Q123228,Guarneri,,0
document_000013.html,37,45,Juventus,Q109001794,MISC,Q1422,Juventus FC,"```json {""wikipedia_page"":""Juventus FC"", ""wikidata_id"":""Q1422""} ```",14.36769962310791
document_000013.html,52,60,DiSabata,Q464890,PER,NIL,DiSabata,"```json {""wikipedia_page"":""NIL"", ""wikidata_id"":""NIL""} ```",0
document_000013.html,662,674,all’Augusteo,Q3616668,LOC,Q3516747,Teatro Augusteo,"```json {""wikipedia_page"":""Teatro Augusteo"", ""wikidata_id"":""Q3516747""} ```",7.983017444610596
document_000013.html,755,763,Molinari,Q2619703,PER,Q16559067,Giampiero Molinari,,0
document_000014.html,71,77,Sorima,NIL,PER,Q982878,Sergio Sollima,,0
document_000014.html,83,92,Tarantini,NIL,PER,Q3768205,Giovanni Tarantini,,0
document_000014.html,127,131,Fano,Q3779156,PER,Q13142,Fano,,0
document_000014.html,133,146,dell’Agostini,Q3855836,PER,Q2058127,Gioacchino Albertini,,0
document_000014.html,194,203,Marinuzzi,Q3106818,PER,Q21587761,Antonio Marinuzzi,,0
document_000014.html,209,218,Guarnieri,Q1165357,PER,Q123228,Guarneri,,0
document_000015.html,129,162,Messa per coro a tre voci dispari,NIL,MISC,Q217295,messa,"```json {""wikipedia_page"": ""messa"", ""wikidata_id"": ""Q217295""} ```",18.428436279296875
document_000016.html,72,116,Le sette parole » per coro e grand’orchestra,Q1219505,MISC,NIL,Le sette parole » per coro e grand’orchestra,"```json {""wikipedia_page"":""NIL"", ""wikidata_id"":""NIL""} ```",0
document_000017.html,136,176,La Musica dell’Antichité e del Medio Evo,NIL,MISC,Q436016,musica antica,"```json {""wikipedia_page"": ""musica antica"", ""wikidata_id"": ""Q436016""} ```",13.650014877319336
document_000017.html,179,197,Tancredi Mantovani,NIL,PER,Q505683,Annunzio Paolo Mantovani,,0
document_000017.html,364,406,La Musica dal Rinascimento alepoca moderna,NIL,MISC,Q201405,musica rinascimentale,"```json {""wikipedia_page"":""musica rinascimentale"", ""wikidata_id"":""Q201405""} ```",15.197977066040039
document_000018.html,212,225,Nelia Rivalta,NIL,PER,Q3876338,Nicola Ravaglia,,0
document_000018.html,263,270,Caccini,Q215308,PER,Q232035,Francesca Caccini,,0
document_000019.html,376,384,Molinari,Q3725923,PER,NIL,Molinari,"```json { ""wikipedia_page"":""NIL"", ""wikidata_id"":""NIL"" } ```",0
document_000019.html,412,419,Consoli,Q109860310,PER,NIL,Consoli,"```json {""wikipedia_page"":""NIL"", ""wikidata_id"":""NIL""} ```",0
document_000020.html,266,272,Italia,Q38,LOC,Q172579,Regno d'Italia,"```json {""wikipedia_page"": ""Regno d'Italia"", ""wikidata_id"": ""Q172579""} ```",16.16385269165039
document_000022.html,42,50,Turandot,Q354748,MISC,Q207990,Turandot,,0
document_000024.html,217,223,Marini,Q6700083,PER,Q107226721,,,0
document_000024.html,226,235,Piccaluga,Q20006109,PER,Q3745296,Filippo Piccaluga,,0
document_000024.html,252,259,Galeffi,Q1154378,PER,Q64606974,Galeffi,,0
document_000025.html,332,342,De Hidalgo,Q465195,PER,Q189234,Rigoletto,"```json {""wikipedia_page"":""Rigoletto"", ""wikidata_id"":""Q189234""} ```",17.08221435546875
document_000025.html,355,362,Hackett,Q767676,PER,Q315811,Steve Hackett,,0
document_000025.html,378,385,Galeffi,Q1154378,PER,Q64606974,Galeffi,,0
document_000025.html,399,409,De Angelis,Q2536286,PER,Q3616952,Angelo De Angelis,,0
document_000025.html,412,420,Azzolini,Q16268143,PER,Q17279828,Pasquale Azzolina,,0
document_000026.html,35,51,Maestrit Canfori,Q465540,MISC,NIL,Maestrit Canfori,"```json {""wikipedia_page"":"""", ""wikidata_id"":""NIL""} ```",0
document_000026.html,227,233,Galefi,Q1154378,PER,Q64606974,Galeffi,,0
document_000026.html,239,249,De Angelis,Q2536286,PER,Q3616952,Angelo De Angelis,,0
document_000027.html,344,348,Rota,Q97571478,PER,NIL,Rota,"```json {""wikipedia_page"":""NIL"", ""wikidata_id"":""NIL""} ```",0
document_000027.html,350,360,Rovescalli,Q94288706,PER,Q20953836,Vincenzo Roncalli,,0
document_000027.html,362,371,Marchioro,NIL,PER,Q3767638,Giovanni Marchioro,,0
document_000028.html,85,97,Maria Avezza,NIL,PER,Q9256562,Evija Āzace,,0
document_000028.html,199,216,Mafalda de Voltri,NIL,PER,Q235832,Mafalda di Savoia,,0
document_000028.html,245,258,Anna Gramegna,Q102075886,PER,Q97187490,Anna G.,,0
document_000028.html,274,292,Auna Masetti Bassi,NIL,PER,Q1675648,Ivana Massetti,,0
document_000028.html,294,313,Margherita Sheridan,Q6759227,PER,Q535633,Margaret Sheridan,,0
document_000028.html,315,326,Giulia Tess,Q63479708,PER,Q7705553,Tess,,0
document_000028.html,328,339,Mita Vasari,NIL,PER,Q3639716,Bice Mortara Garavelli,,0
document_000028.html,358,372,Noretta Zonghi,NIL,PER,Q274547,Loretta Goggi,,0
document_000029.html,153,167,Mario Frigerio,NIL,PER,Q48814054,Maurilio Frigerio,,0
document_000032.html,120,125,Longo,Q1934977,PER,Q3105065,Giacomo Longo,,0
document_000032.html,127,134,Cantani,NIL,PER,Q1609699,Giordano Cattani,,0
document_000032.html,136,145,Viterbini,NIL,PER,Q108555,Giuseppe Tartini,,0
document_000032.html,147,157,Parmiciano,NIL,PER,Q16554311,Erminio Parmesani,,0
document_000032.html,160,167,Scarano,NIL,PER,Q3886148,Oronzo Mario Scarano,,0
document_000032.html,215,225,Olga Greco,NIL,PER,Q46992806,Olga Gori,,0
document_000032.html,228,238,Rina Rossi,NIL,PER,Q3941261,Rosa Rinaldi,,0
document_000032.html,376,393,Sonata a Kreutzer,Q1154601,MISC,NIL,Sonata a Kreutzer,"```json {""wikipedia_page"":""Sonata a Kreutzer"", ""wikidata_id"":""NIL""} ```",0
document_000032.html,546,553,Consolo,Q16189778,PER,NIL,Consolo,"```json {""wikipedia_page"":""NIL"", ""wikidata_id"":""NIL""} ```",0
document_000032.html,562,576,Tina Filipponi,NIL,PER,Q1247460,Titina De Filippo,,0
document_000033.html,191,201,1’Agozzino,NIL,PER,Q3956004,Sergio Algozzino,"```json {""wikipedia_page"": ""Sergio Algozzino"", ""wikidata_id"": ""Q3956004""} ```",17.657840728759766
document_000033.html,215,224,Minghetti,NIL,PER,Q16062954,Angelo Minghetti,,0
document_000033.html,258,270,dall’America,Q828,LOC,Q30,Stati Uniti d'America,"```json {""wikipedia_page"":""Stati Uniti d'America"", ""wikidata_id"":""Q30""} ```",10.442381858825684
document_000033.html,334,343,Polveroni,NIL,PER,Q4016124,Volfango Polverelli,,0
document_000035.html,92,99,Ranuzzi,Q1442098,PER,Q3559951,Vincenzo Ranuzzi,,0
document_000035.html,245,252,Sistina,Q1236085,ORG,Q2943,cappella Sistina,"```json {""wikipedia_page"":""cappella Sistina"", ""wikidata_id"":""Q2943""} ```",18.54104232788086
document_000035.html,259,264,Boezi,Q29646877,PER,Q64031565,Francesco Vegezzi Bossi,,0
document_000036.html,67,74,Polonia,Q36,LOC,Q207272,Seconda Repubblica di Polonia,"```json {""wikipedia_page"":""Seconda Repubblica di Polonia"", ""wikidata_id"":""Q207272""} ```",13.743247985839844
document_000038.html,96,100,Roma,NIL,LOC,Q220,Roma,,0
document_000038.html,210,218,Augusteo,Q3616668,LOC,Q2871500,Augusteum,"```json {""wikipedia_page"": ""Augusteum"", ""wikidata_id"": ""Q2871500""} ```",15.536637306213379
document_000038.html,229,237,Costanzi,Q1050350,LOC,NIL,Costanzi,"```json { ""wikipedia_page"": ""NIL"", ""wikidata_id"": ""NIL"" } ```",0
document_000039.html,159,176,Aristide Sartorio,Q1062517,PER,Q26220764,Arnoldo Sartorio,,0
document_000041.html,415,433,Teatro dei Piccoli,NIL,LOC,Q3982093,Teatro Piccolo,,0
document_000043.html,168,175,Mantica,NIL,PER,Q2835617,Alfredo Mantica,,0
document_000044.html,354,361,Mantica,NIL,PER,Q3609247,Aldo Mantia,"```json {""wikipedia_page"":""Aldo Mantia"", ""wikidata_id"":""Q3609247""} ```",16.319026947021484
document_000044.html,430,440,l’Augusteo,Q3616668,LOC,Q3516747,Teatro Augusteo,"```json {""wikipedia_page"": ""Teatro Augusteo"", ""wikidata_id"": ""Q3516747""} ```",13.213252067565918
document_000046.html,41,57,Alberto Veggetti,NIL,PER,Q16232849,Alberto Pelagotti,,0
document_000046.html,68,83,Riccardo Scozzi,NIL,PER,Q3934619,Riccardo Secchi,,0
document_000046.html,92,105,Carlo Luperti,NIL,PER,Q3680110,Claudio Luperto,,0
document_000046.html,120,139,Marsilio Ceccarelli,Q102289005,PER,Q8273134,Marcello Ceccarelli,,0
document_000046.html,149,164,Gino Barabaschi,NIL,PER,Q65036962,Yari Bernasconi,,0
document_000047.html,32,41,Ida Ricci,NIL,PER,Q50805221,Ida Brunelli Lenti,,0
document_000047.html,56,72,Giuditta Sartori,NIL,PER,Q18455944,Egida Giordani Sartori,,0
document_000048.html,44,60,Sonata in Za mix,Q3073254,MISC,Q11331284,,,0
document_000049.html,121,128,Sartori,NIL,PER,Q3751583,Franco Sartori,"```json {""wikipedia_page"": ""Franco Sartori"", ""wikidata_id"": ""Q3751583""} ```",18.07468032836914
document_000050.html,106,132,Societa Amici della Musica,NIL,ORG,Q1655249,I Musici,,0
document_000050.html,144,158,Eugenio Albini,Q124499318,PER,Q3734278,Eugenio Alberi,,0
document_000050.html,176,188,Augusta Coen,NIL,PER,Q21030405,Costanza Coen,,0
document_000050.html,227,247,Giornale della donna,Q3794191,ORG,Q61711801,Giornale delle donne,,0
document_000051.html,0,29,Nell’oratorio di San Marcello,Q1165020,LOC,Q972881,chiesa di San Marcello al Corso,"```json {""wikipedia_page"":""chiesa di San Marcello al Corso"", ""wikidata_id"":""Q972881""} ```",19.113037109375
document_000051.html,92,99,Zuccari,NIL,PER,Q434058,Taddeo Zuccari,"```json {""wikipedia_page"":""Taddeo Zuccari"", ""wikidata_id"":""Q434058""} ```",17.13735580444336
document_000051.html,121,135,Cardenio Botti,Q100077371,PER,Q5527606,Gaudenzio Botti,,0
document_000051.html,153,163,l’Alaleona,Q2262438,MISC,NIL,l’Alaleona,"```json { ""wikipedia_page"": """", ""wikidata_id"": ""NIL"" } ```",0
document_000051.html,247,265,Casa degli Artisti,Q3661195,LOC,NIL,Casa degli Artisti,"```json {""wikipedia_page"":"""", ""wikidata_id"":""NIL""} ```",0
document_000052.html,2,7,Botti,Q100077371,PER,NIL,Botti,"```json { ""wikipedia_page"": ""NIL"", ""wikidata_id"": ""NIL""} ```",0
document_000052.html,576,581,Botti,Q100077371,PER,NIL,Botti,"```json { ""wikipedia_page"": ""NIL"", ""wikidata_id"": ""NIL"" } ```",0
document_000052.html,141,155,Libuje Bohmova,NIL,PER,Q6707586,Lidia Bongiovanni,,0
document_000052.html,184,200,Amelia Catenacci,NIL,PER,Q16525848,Amelia Sarteschi Calani Carletti,,0
document_000052.html,400,411,Guido Guida,NIL,PER,Q18223603,Guido Maria Guida,,0
document_000052.html,467,484,Vergine Benedetta,Q345,PER,Q106087742,Benedetta di Assisi,,0
document_000052.html,669,675,Rosadi,Q3768056,PER,NIL,Rosadi,"```json { ""wikipedia_page"": ""NIL"", ""wikidata_id"": ""NIL"" } ```",0
document_000052.html,713,732,Circole Marchigiano,NIL,ORG,Q16541481,Circolo Giuseppe Mazzini,"```json {""wikipedia_page"": ""Circolo Giuseppe Mazzini"", ""wikidata_id"": ""Q16541481""} ```",13.215609550476074
document_000052.html,733,749,Elena D’Ambrosio,NIL,PER,Q1346083,Enzo D'Ambrosio,,0
document_000053.html,9,19,D’Ambrosio,NIL,PER,Q4172660,Alfredo D'Ambrosio,"```json {""wikipedia_page"":""Alfredo D'Ambrosio"", ""wikidata_id"":""Q4172660""} ```",16.048669815063477
document_000053.html,325,330,Bozza,Q918509,PER,Q21207360,Gino Bozza,,0
document_000053.html,237,254,Dario Vayra Gallo,NIL,PER,Q3702681,Dario Villa,,0
document_000053.html,243,248,Vayra,NIL,PER,Q4007813,Valeria Vaiano,,0
document_000053.html,404,418,Cardenio Botti,Q100077371,PER,Q5527606,Gaudenzio Botti,,0
document_000054.html,12,28,Maria Capoccetti,NIL,PER,Q109235889,Maria Coselli,,0
document_000054.html,257,274,Emanuele Riadnoff,NIL,PER,Q3932588,Renato Adinolfi,,0
document_000057.html,75,91,Marcia trionfale,NIL,MISC,Q3774332,Gran Marcia Trionfale,"```json { ""wikipedia_page"": ""Gran Marcia Trionfale"", ""wikidata_id"": ""Q3774332"" } ```",13.63277530670166
document_000057.html,94,104,Vouverture,NIL,MISC,Q202287,ouverture,"```json {""wikipedia_page"":""ouverture"", ""wikidata_id"":""Q202287""} ```",13.728644371032715
document_000057.html,111,120,Cleopatra,NIL,MISC,Q635,Cleopatra,,0
document_000057.html,122,141,I voti di S. Chiara,NIL,MISC,Q3945872,Saluto di santa Chiara e delle sue compagne a san Francesco,"```json {""wikipedia_page"":""Saluto di santa Chiara e delle sue compagne a san Francesco"", ""wikidata_id"":""Q3945872""} ```",14.459587097167969
document_000057.html,145,187,Lf Corteo imperiale nella valle di Spoleto,NIL,MISC,Q20571,Spoleto,"```json {""wikipedia_page"":""Spoleto"", ""wikidata_id"":""Q20571""} ```",12.767578125
document_000058.html,36,47,Ada La Face,NIL,PER,Q96234420,Ada Del Vecchio Guelfi,,0
document_000059.html,261,266,Peano,Q58905,LOC,NIL,Peano,"```json { ""wikipedia_page"": ""NIL"", ""wikidata_id"": ""NIL"" } ```",0
document_000060.html,59,64,Pangi,Q90,LOC,NIL,Pangi,"```json {""wikipedia_page"": ""NIL"", ""wikidata_id"": ""NIL""} ```",0
document_000060.html,70,77,Francia,Q142,LOC,Q70972,Regno di Francia,"```json {""wikipedia_page"": ""Regno di Francia"", ""wikidata_id"": ""Q70972""} ```",14.807313919067383
document_000061.html,37,44,Borroni,Q600955,PER,Q3742114,Felice Borroni,,0
document_000062.html,54,63,Laroberti,NIL,PER,Q172599,Giacomo Leopardi,,0
document_000062.html,68,78,Compagnoni,NIL,PER,Q3770345,Giuseppe Compagnoni,,0
document_000062.html,244,252,Callizoe,NIL,MISC,Q5022753,Calliroe,,0
document_000063.html,2,12,Pitagorici,NIL,MISC,Q191359,scuola pitagorica,"```json {""wikipedia_page"": ""scuola pitagorica"", ""wikidata_id"": ""Q191359""} ```",20.33421516418457
document_000063.html,32,43,Pittagorici,NIL,MISC,Q191359,scuola pitagorica,"```json {""wikipedia_page"":""scuola pitagorica"", ""wikidata_id"":""Q191359""} ```",14.738298416137695
document_000064.html,3,10,Florimo,Q252228,PER,Q3746776,Florio,,0
document_000064.html,33,61,La Scuola Musicale ai Napoli,NIL,MISC,Q55832375,La scuola di ballo,,0
document_000064.html,182,192,Pitagorici,NIL,MISC,Q191359,scuola pitagorica,"```json {""wikipedia_page"":""scuola pitagorica"", ""wikidata_id"":""Q191359""} ```",16.29485511779785
document_000066.html,94,104,Stratonica,NIL,MISC,Q85803704,Stratonice,"```json {""wikipedia_page"":""Stratonice"", ""wikidata_id"":""Q85803704""} ```",17.689422607421875
document_000066.html,174,182,Lamberti,Q22287284,PER,Q1801433,Lamberto Lambertini,,0
document_000066.html,467,476,Jannicolo,NIL,PER,Q303001,Gianicolo,"```json { ""wikipedia_page"": ""Gianicolo"", ""wikidata_id"": ""Q303001"" } ```",9.768198013305664
document_000066.html,503,509,Gianni,Q1441051,PER,NIL,Gianni,"```json {""wikipedia_page"":""NIL"", ""wikidata_id"":""NIL""} ```",0
document_000067.html,72,77,Rocca,Q3817438,PER,NIL,Rocca,"```json {""wikipedia_page"":""NIL"", ""wikidata_id"":""NIL""} ```",0
document_000067.html,252,260,Augusteo,Q3616668,LOC,Q2871500,Augusteum,"```json {""wikipedia_page"":""Augustaeum"", ""wikidata_id"":""Q2871500""} ```",15.847804069519043
document_000067.html,285,323,Mostra italiana del novecento musicale,NIL,MISC,Q3866168,Mostra Internazionale di Musica Leggera,,0
document_000068.html,176,197,R. Conserv.di Palermo,Q3687235,ORG,Q27961108,Seminario arcivescovile di Palermo,"```json {""wikipedia_page"":""Seminario arcivescovile di Palermo"", ""wikidata_id"":""Q27961108""} ```",19.240516662597656
document_000068.html,236,258,Vito Trasselli Varvaro,NIL,PER,Q4015081,Vito Ievolella,,0
document_000069.html,233,251,Teatro di Altamutr,Q46498333,LOC,Q3982061,Teatro Mercadante,"```json {""wikipedia_page"": ""Teatro Mercadante"", ""wikidata_id"": ""Q3982061""} ```",18.39076042175293
document_000070.html,70,77,Carelli,Q5372752,PER,Q164475,Arcangelo Corelli,,0
document_000070.html,206,213,Lorenza,NIL,MISC,Q3836844,Lorenza,,0
document_000070.html,217,227,Mascheroni,Q3719624,PER,Q3950709,Sassolo Mascheroni,,0
document_000071.html,46,56,Margherita,NIL,PER,Q27835155,Margherita Sestito,"```json {""wikipedia_page"": ""Margherita Sestito"", ""wikidata_id"": ""Q27835155""} ```",13.802091598510742
document_000071.html,76,85,Desdemona,NIL,PER,Q3272719,Desdemona,,0
document_000071.html,168,174,Fedora,Q1400824,MISC,Q266097,Fedora Barbieri,"```json {""wikipedia_page"":""Fedora Barbieri"", ""wikidata_id"":""Q266097""} ```",9.165672302246094
document_000072.html,4,27,Giovane Lirica Italiana,NIL,ORG,Q24932874,Nazionale juniores di ginnastica artistica femminile dell'Italia,,0
document_000072.html,106,120,Vicolo Morgana,NIL,LOC,Q29383798,Ambra Morgan,,0
document_000072.html,139,149,via Tnbuna,NIL,LOC,Q4010786,via de' Tornabuoni,,0
document_000073.html,144,155,Guglielmina,NIL,PER,Q572198,Guglielma di Milano,"```json {""wikipedia_page"":""Guglielma di Milano"", ""wikidata_id"":""Q572198""} ```",13.09601879119873
document_000073.html,162,173,Swor Teresa,NIL,MISC,Q377685,Maria Stuarda,"```json {""wikipedia_page"":""Maria Stuarda"", ""wikidata_id"":""Q377685""} ```",16.04867172241211
document_000073.html,177,199,Teatro Santa Radegonda,NIL,LOC,Q3982143,Teatro Ventaglio Smeraldo,,0
document_000073.html,216,235,Compagnia Barracani,NIL,ORG,Q22683520,Barracco,,0
document_000074.html,74,91,Ingenua di Parigi,NIL,MISC,Q117482,Ingenua,"```json {""wikipedia_page"":""Ingenua"", ""wikidata_id"":""Q117482""} ```",19.77163314819336
document_000074.html,154,160,Teresa,NIL,MISC,Q31285,Thérèse Desqueyroux,"```json {""wikipedia_page"":""Thérèse Desqueyroux"", ""wikidata_id"":""Q31285""} ```",18.44630241394043
document_000074.html,186,206,Biricchino di Parigi,NIL,MISC,Q3794244,Il giro del mondo di un birichino di Parigi,"```json {""wikipedia_page"":""Il giro del mondo di un birichino di Parigi"", ""wikidata_id"":""Q3794244""} ```",16.570598602294922
document_000075.html,29,36,Rizzoli,NIL,PER,Q524680,Anna Maria Rizzoli,,0
document_000075.html,165,172,Cazzola,Q3680481,PER,Q3893541,Paola Cazzola,,0
document_000076.html,90,97,Cazzola,Q3680481,PER,Q3893541,Paola Cazzola,,0
document_000077.html,167,174,RizZoli,NIL,PER,Q524680,Anna Maria Rizzoli,,0
document_000078.html,8,25,Angelo Bartelloni,Q102284384,PER,Q39146148,Angelo Bertini,,0
document_000080.html,93,100,La Maio,NIL,PER,Q17562201,Luigi de Maio,,0
document_000080.html,112,124,Mariano Neri,NIL,PER,Q1112761,Maino Neri,,0
document_000080.html,140,145,Proni,NIL,PER,Q64528069,Giovanni Proni,,0
document_000081.html,123,130,Bellini,NIL,PER,Q170209,Vincenzo Bellini,,0
document_000081.html,166,175,Gaggiotti,NIL,PER,Q3734358,Eugenio Gaggiotti,,0
document_000081.html,184,202,ValentiniCristiani,NIL,PER,Q96471898,Konstantin Valentini,,0
document_000081.html,221,225,Buti,Q962487,PER,Q1083111,Ludovico Buti,,0
document_000083.html,61,72,Don Bartolo,NIL,PER,Q179110,Don Carlos,"```json {""wikipedia_page"":""Don Carlos"", ""wikidata_id"":""Q179110""} ```",10.278718948364258
document_000083.html,128,140,Enrico Topai,NIL,PER,Q3725969,Enrico Papi,,0
document_000083.html,287,294,Favoria,Q467394,MISC,Q981902,Charles Simon Favart,"```json {""wikipedia_page"":""Charles Simon Favart"", ""wikidata_id"":""Q981902""} ```",13.19033432006836
document_000084.html,96,104,Pedrotti,Q766389,PER,Q13472776,Lorenzo Pedrotti,,0
document_000084.html,211,225,PozziBranzanti,Q26196588,PER,NIL,PozziBranzanti,"```json {""wikipedia_page"":""NIL"", ""wikidata_id"":""NIL""} ```",0
document_000084.html,237,244,Minetti,NIL,PER,Q153619,Mario Minniti,,0
document_000085.html,3,8,Pozzi,Q26196588,PER,Q14507260,Antonietta Pozzoni,"```json { ""wikipedia_page"": ""Antonietta Pozzoni"", ""wikidata_id"": ""Q14507260"" } ```",18.990537643432617
document_000085.html,136,141,Pozzi,Q26196588,PER,NIL,Pozzi,"```json {""wikipedia_page"":""NIL"", ""wikidata_id"":""NIL""} ```",0
document_000085.html,165,172,Minetti,NIL,PER,Q153619,Mario Minniti,,0
document_000085.html,223,230,Steller,Q102288831,PER,NIL,Steller,"```json {""wikipedia_page"":"""", ""wikidata_id"":""NIL""} ```",0
document_000085.html,232,238,Figaro,NIL,PER,Q201873,Le nozze di Figaro,"```json { ""wikipedia_page"": ""Le nozze di Figaro"", ""wikidata_id"": ""Q201873"" } ```",15.123241424560547
document_000085.html,264,271,Borella,NIL,PER,Q28374077,Paolo Borella,,0
document_000086.html,22,30,Squarcia,Q102279050,PER,NIL,Squarcia,"```json {""wikipedia_page"":""NIL"", ""wikidata_id"":""NIL""} ```",0
document_000086.html,177,185,Squarcia,Q102279050,PER,Q18923595,Ferruccio Corradino Squarcia,"```json {""wikipedia_page"":""Ferruccio Corradino Squarcia"", ""wikidata_id"":""Q18923595""} ```",14.849082946777344
document_000087.html,61,72,Don Bartolo,NIL,PER,Q179110,Don Carlos,"```json {""wikipedia_page"":""Don Carlos"", ""wikidata_id"":""Q179110""} ```",10.322004318237305
document_000087.html,128,140,Enrico Topai,NIL,PER,Q3725969,Enrico Papi,,0
document_000087.html,260,266,Fagott,NIL,PER,Q3751126,Franco Bagutti,"```json { ""wikipedia_page"": ""Franco Bagutti"", ""wikidata_id"": ""Q3751126"" } ```",19.167774200439453
document_000087.html,287,294,Favoria,Q467394,MISC,NIL,Favoria,"```json {""wikipedia_page"":""NIL"", ""wikidata_id"":""NIL""} ```",0
document_000087.html,379,387,Fioretti,Q22964559,PER,Q223744,Farinelli,"```json {""wikipedia_page"":""Farinelli"", ""wikidata_id"":""Q223744""} ```",13.897634506225586
document_000088.html,98,106,Pedrotti,Q766389,PER,Q13472776,Lorenzo Pedrotti,,0
document_000088.html,213,227,PozziBranzanti,Q26196588,PER,NIL,PozziBranzanti,"```json {""wikipedia_page"":"""", ""wikidata_id"":""NIL""} ```",0
document_000088.html,239,246,Minetti,NIL,PER,Q153619,Mario Minniti,,0
document_000089.html,114,120,Amelia,NIL,PER,Q426071,Emilia di Liverpool,"```json {""wikipedia_page"": ""Emilia di Liverpool"", ""wikidata_id"": ""Q426071""} ```",11.598389625549316
document_000089.html,166,175,Gazzaniga,Q1764831,PER,Q101130,Gazzaniga,,0
document_000090.html,0,4,Grau,Q55720644,PER,NIL,Grau,"```json {""wikipedia_page"":""NIL"", ""wikidata_id"":""NIL""} ```",0
document_000090.html,132,137,Guidi,NIL,PER,Q920500,Vittorio Gui,"```json { ""wikipedia_page"": ""Vittorio Gui"", ""wikidata_id"": ""Q920500"" } ```",6.927056312561035
document_000090.html,172,191,Diario della Marina,Q5351147,ORG,NIL,Diario della Marina,"```json { ""wikipedia_page"": ""NIL"", ""wikidata_id"": ""NIL"" } ```",0
document_000090.html,293,302,Gazzaniga,Q1764831,PER,NIL,Gazzaniga,"```json { ""wikipedia_page"": ""NIL"", ""wikidata_id"": ""NIL"" } ```",0
document_000091.html,70,86,Aristide Gandrey,Q108614921,PER,Q1393375,Alexandre Hardy,,0
document_000091.html,124,140,Figaro di Parigi,Q216047,ORG,Q2368973,Figaro,,0
document_000091.html,292,301,Zanardini,Q3617278,PER,Q1959114,Giovanni Zanardini,,0
document_000093.html,3,18,teatro Brunetti,Q3516753,LOC,NIL,teatro Brunetti,"```json { ""wikipedia_page"":""NIL"", ""wikidata_id"":""NIL"" } ```",0
document_000093.html,335,349,Stella Bonheur,Q102075957,PER,Q7607041,Stella Bonheur,,0
document_000094.html,65,80,teatro Cemunale,NIL,LOC,Q924544,Teatro Ponchielli,"```json {""wikipedia_page"":""Teatro Ponchielli"", ""wikidata_id"":""Q924544""} ```",10.156115531921387
document_000094.html,285,294,Lohengrui,Q23085,MISC,NIL,Lohengrui,"```json {""wikipedia_page"":""NIL"", ""wikidata_id"":""NIL""} ```",0
document_000096.html,360,370,Telramondo,Q55011259,PER,NIL,Telramondo,"```json {""wikipedia_page"":""NIL"", ""wikidata_id"":""NIL""} ```",0
document_000097.html,300,310,John Urich,NIL,PER,Q3193048,John Ulrich,"```json {""wikipedia_page"":""John Ulrich"", ""wikidata_id"":""Q3193048""} ```",15.468076705932617
document_000098.html,126,136,Mancinelli,Q2754918,PER,Q15223349,Agostino Mancinelli,,0
document_000098.html,400,409,MacDonald,NIL,MISC,Q4353485,Ballard MacDonald,"```json {""wikipedia_page"": ""Ballard MacDonald"", ""wikidata_id"": ""Q4353485""} ```",12.557100296020508
document_000099.html,80,98,Diario de Noticias,Q508252,ORG,Q3727782,Diario de Noticias,,0
document_000099.html,276,281,Dotti,Q101499677,PER,NIL,Dotti,"```json {""wikipedia_page"":"""",""wikidata_id"":""NIL""} ```",0
document_000100.html,10,20,Balzofiore,NIL,PER,Q3704848,Casato del Balzo,"```json { ""wikipedia_page"": ""Casato del Balzo"", ""wikidata_id"": ""Q3704848"" } ```",21.4013729095459
document_000100.html,141,151,Balzofiore,NIL,PER,Q3838016,Luca Balsofiore,,0
document_000100.html,86,111,Nuova Provincia di Molise,NIL,ORG,Q1443,Molise,,0
document_000102.html,3,17,teatro Rossini,NIL,LOC,Q3982122,Teatro Rossini,,0
document_000102.html,290,301,Catalanotti,NIL,PER,Q7406630,Salvatore Catalanotte,"```json {""wikipedia_page"":""Salvatore Catalanotte"", ""wikidata_id"":""Q7406630""} ```",19.023733139038086
document_000104.html,17,24,Guarany,Q2735143,MISC,Q123228,Guarneri,,0
document_000104.html,157,162,Ebrea,Q339043,MISC,NIL,Ebrea,"```json {""wikipedia_page"":""NIL"", ""wikidata_id"":""NIL""} ```",0
document_000105.html,61,65,casa,Q102286821,MISC,Q2940776,,"```json {""wikipedia_page"":"""", ""wikidata_id"":""Q2940776""} ```",16.108707427978516
document_000105.html,188,203,teatro Brunetti,Q3516753,LOC,Q3982244,Teatro d'Angennes,"```json {""wikipedia_page"":""Teatro d'Angennes"", ""wikidata_id"":""Q3982244""} ```",17.825061798095703
document_000105.html,364,370,Odette,NIL,MISC,Q3880852,Odette,"```json {""wikipedia_page"":""Odette"", ""wikidata_id"":""Q3880852""} ```",17.43263053894043
document_000106.html,161,167,Borghi,Q3732024,PER,Q99935,Borghi,"```json { ""wikipedia_page"": ""Borghi"", ""wikidata_id"": ""Q99935"" } ```",20.63540267944336
document_000107.html,70,86,Giovanni Sirauss,Q83309,PER,Q105489763,Gianni Siragusa,,0
document_000107.html,181,188,G funou,NIL,PER,Q1351718,Gino Funaioli,"```json {""wikipedia_page"": ""Gino Funaioli"", ""wikidata_id"": ""Q1351718""} ```",13.375885009765625
document_000107.html,210,215,Muzio,Q2061224,PER,Q271405,Claudia Muzio,"```json {""wikipedia_page"":""Claudia Muzio"", ""wikidata_id"":""Q271405""} ```",16.08761215209961
document_000108.html,66,75,Politeama,Q3907408,LOC,NIL,Politeama,"```json { ""wikipedia_page"":""NIL"", ""wikidata_id"":""NIL"" } ```",0
document_000108.html,115,124,Lablanche,NIL,PER,Q477681,Luigi Lablache,"```json {""wikipedia_page"":""Luigi Lablache"", ""wikidata_id"":""Q477681""} ```",15.754586219787598
document_000108.html,137,147,Vaniaiecni,NIL,PER,Q21849684,Augusto Vianesi,"```json {""wikipedia_page"":""Augusto Vianesi"", ""wikidata_id"":""Q21849684""} ```",14.42644214630127
document_000108.html,200,207,Fornari,NIL,PER,Q3611404,Alfredo Fornari,"```json { ""wikipedia_page"": ""Alfredo Fornari"", ""wikidata_id"": ""Q3611404"" } ```",15.647643089294434
document_000108.html,232,240,Germania,Q183,LOC,Q7318,Germania nazista,"```json {""wikipedia_page"":""Germania nazista"", ""wikidata_id"":""Q7318""} ```",15.265666007995605
document_000109.html,2,16,teatro Rossini,Q523565,LOC,Q3982122,Teatro Rossini,,0
document_000109.html,118,129,Marescalchi,Q30416690,PER,Q96937479,Enrico Marescalchi,,0
document_000109.html,177,188,Marescalchi,Q30416690,PER,Q96937479,Enrico Marescalchi,,0
document_000109.html,236,241,Gilda,NIL,PER,Q3824293,Gilda Dalla Rizza,"```json {""wikipedia_page"": ""Gilda Dalla Rizza"", ""wikidata_id"": ""Q3824293""} ```",17.90403175354004
document_000110.html,2,18,teatro Bellecour,Q4221,LOC,Q47001788,,,0
document_000110.html,70,84,Carolina Ferni,Q3534139,PER,Q106631062,Gianluca Cerrina Feroni,,0
document_000110.html,170,175,Blasi,Q112161628,PER,Q64840870,Angelo Blasi,,0
document_000110.html,181,191,San Pietro,Q18505526,LOC,Q104835776,chiesa di San Pietro Apostolo,"```json {""wikipedia_page"":""chiesa di San Pietro Apostolo"", ""wikidata_id"":""Q104835776""} ```",20.410865783691406
document_000110.html,195,202,Lavagna,Q48111,LOC,Q266794,Lavagna,,0
document_000110.html,246,262,Vittorio Salmasi,NIL,PER,Q4015523,Vittorio Salmini,,0
document_000111.html,112,119,Magotti,NIL,PER,Q3848751,Mario Magotti,,0
document_000111.html,212,228,Carolina Caselli,NIL,PER,Q2963235,Chiara Caselli,,0
document_000111.html,232,243,Emma Savini,NIL,PER,Q15452068,Emma Vely,,0
document_000111.html,259,278,Margherita Fosohini,NIL,PER,Q3836847,Lorenza Foschini,,0
document_000111.html,287,301,Luigi Ranfagni,NIL,PER,Q3839765,Luigi Lanfranconi,,0
document_000111.html,305,318,Ettore Marchi,NIL,PER,Q3733963,Ettore Marchi,,0
document_000111.html,329,343,Enrico Massini,NIL,PER,Q1034147,Erich Massini,,0
document_000111.html,352,365,Luigi Bergami,NIL,PER,Q3838035,Luca Bergamini,,0
document_000111.html,386,401,Nazzareno Marsi,NIL,PER,Q17124891,Nazzareno Marconi,,0
document_000112.html,122,135,Augusta Fiano,NIL,PER,Q726625,Alessia Fabiani,,0
document_000112.html,147,164,Enrico Battistini,NIL,PER,Q110787911,Guerriero Battistini,,0
document_000112.html,180,190,Gnaccarini,NIL,PER,Q52154685,Filippo Gnaccarini,,0
document_000113.html,19,36,Musique Populaire,NIL,ORG,Q373342,musica popolare,,0
document_000113.html,190,195,Iacob,NIL,PER,Q25929560,Iacobus,"```json {""wikipedia_page"":""Iacobus"", ""wikidata_id"":""Q25929560""} ```",15.412154197692871
document_000113.html,317,327,La Mitidja,NIL,MISC,Q2215728,Meridja,"```json {""wikipedia_page"":""Meridja"", ""wikidata_id"":""Q2215728""} ```",15.036224365234375
document_000114.html,221,236,Pietro Lombardi,NIL,PER,Q16590265,Piero Lombardi,,0
document_000115.html,131,147,Francesco Manini,NIL,PER,Q21664072,Francesco Masini,,0
document_000115.html,158,168,Via Durini,NIL,LOC,Q25841630,Palazzo Durini,,0
document_000115.html,187,224,Calendario Universale per le famiglie,NIL,MISC,Q693436,Calendario mondiale,"```json {""wikipedia_page"":""Calendario mondiale"", ""wikidata_id"":""Q693436""} ```",17.395017623901367
document_000116.html,65,76,Cappelletti,NIL,PER,Q15984015,Umberto Cappelletti,,0
document_000116.html,135,140,Lucia,Q244209,MISC,Q21569199,Luisa Villani,"```json {""wikipedia_page"":""Luisa Villani"", ""wikidata_id"":""Q21569199""} ```",10.673796653747559
document_000117.html,3,18,Musica Popolare,NIL,ORG,Q3883884,Opera popolare,,0
document_000117.html,58,66,Sonzogno,Q534354,PER,Q3964929,Sonzogno,,0
document_000117.html,140,154,Cecilia Ritter,Q104517733,PER,Q1133473,Cornelie Richter,,0
document_000118.html,63,74,Mefistofele,Q272805,PER,Q935669,Mefistofele,"```json {""wikipedia_page"":""Mefistofele"", ""wikidata_id"":""Q935669""} ```",16.630043029785156
document_000118.html,144,155,Cappelletti,NIL,PER,Q15984015,Umberto Cappelletti,,0
document_000119.html,23,34,Benfratelli,NIL,PER,Q5563773,Giovanni Benfratello,"```json {""wikipedia_page"":""Giovanni Benfratello"", ""wikidata_id"":""Q5563773""} ```",19.37209129333496
document_000119.html,233,241,Barbieri,Q3724335,PER,NIL,Barbieri,"```json { ""wikipedia_page"": ""NIL"", ""wikidata_id"": ""NIL"" } ```",0
document_000120.html,56,71,Felice Zoppegni,NIL,PER,Q17102661,Giuseppe Zecchini,,0
document_000120.html,209,217,Costanzi,Q1050350,LOC,Q40786116,Costantini,"```json {""wikipedia_page"":""Costantini"", ""wikidata_id"":""Q40786116""} ```",9.734086990356445
document_000121.html,97,104,Cuttica,NIL,PER,Q106044678,Umberto Cuttica,,0
document_000121.html,291,298,Cuttica,NIL,PER,Q106044678,Umberto Cuttica,,0
document_000121.html,112,131,Rivista Settimanale,NIL,ORG,Q18288953,Rassegna settimanale,,0
document_000122.html,187,194,Terrigi,Q102281798,PER,Q101242904,Alterige Giorgi,,0
document_000123.html,44,50,Stella,NIL,MISC,Q271241,Stella,"```json {""wikipedia_page"":""Stella"", ""wikidata_id"":""Q271241""} ```",14.66478157043457
document_000123.html,51,59,d’Auteri,Q3945947,PER,Q313395,Autari,"```json {""wikipedia_page"":""Autari"",""wikidata_id"":""Q313395""} ```",15.979068756103516
document_000123.html,81,87,Halery,Q313917,PER,Q65648,Charles Hallé,"```json {""wikipedia_page"":""Charles Hallé"", ""wikidata_id"":""Q65648""} ```",16.967185974121094
document_000123.html,190,211,Enrichetta Leawington,NIL,PER,Q12702170,Enrichetta Di Lorenzo,,0
document_000123.html,271,279,Barbieri,Q3724335,PER,Q3619216,Antonio Barbieri,,0
document_000124.html,106,110,Arpa,NIL,ORG,Q1344,opera,"```json { ""wikipedia_page"": ""opera"", ""wikidata_id"": ""Q1344"" } ```",13.919573783874512
document_000124.html,207,214,Amneris,Q50732179,PER,Q777284,Ammeris,"```json {""wikipedia_page"": ""Ammeris"", ""wikidata_id"": ""Q777284""} ```",13.923430442810059
document_000125.html,19,26,Bonheur,Q102075957,PER,NIL,Bonheur,"```json {""wikipedia_page"":"""", ""wikidata_id"":""NIL""} ```",0
document_000125.html,238,245,Bonheur,Q102075957,PER,NIL,Bonheur,"```json {""wikipedia_page"":""Rosa Bonheur"", ""wikidata_id"":""Q433675""} ```",0
document_000126.html,14,19,Gabbi,Q15057396,PER,Q11931365,Leonilde Gabbi,,0
document_000126.html,34,43,Petrovich,Q4229603,PER,Q1131756,Osip Afanas'evič Petrov,"```json { ""wikipedia_page"": ""Osip Afanas'evič Petrov"", ""wikidata_id"": ""Q1131756"" } ```",18.14041519165039
document_000126.html,46,54,Pogliani,NIL,PER,Q64432799,Luigi Pogliani,,0
document_000126.html,159,164,Ferni,Q4013970,PER,Q16034964,Jacques Ferny,,0
document_000126.html,176,181,Engel,Q7192034,PER,Q1334639,Emanuel Engel,"```json {""wikipedia_page"":""Emanuel Engel"", ""wikidata_id"":""Q1334639""} ```",18.756671905517578
document_000127.html,73,86,Elena Boronat,NIL,PER,Q7086879,Olimpia Boronat,"```json {""wikipedia_page"":""Olimpia Boronat"", ""wikidata_id"":""Q7086879""} ```",20.627214431762695
document_000127.html,131,146,Pietro Lombardi,NIL,PER,Q16590265,Piero Lombardi,,0
document_000128.html,111,116,Ebreo,Q3202810,MISC,NIL,Ebreo,"```json {""wikipedia_page"":"""", ""wikidata_id"":""NIL""} ```",0
document_000129.html,34,40,Russel,Q435415,PER,Q1382872,Russel Crouse,"```json {""wikipedia_page"":""Russel Crouse"", ""wikidata_id"":""Q1382872""} ```",17.4466495513916
document_000129.html,74,79,Lucic,Q244209,MISC,NIL,Lucic,"```json {""wikipedia_page"":"""", ""wikidata_id"":""NIL""} ```",0
document_000129.html,122,128,Amleto,Q631016,MISC,Q1113779,Amleto,"```json { ""wikipedia_page"": ""Amleto"", ""wikidata_id"": ""Q1113779"" } ```",13.867048263549805
document_000129.html,149,155,Roveri,NIL,PER,Q3731939,Ermanno Roveri,"```json {""wikipedia_page"": ""Ermanno Roveri"", ""wikidata_id"": ""Q3731939""} ```",16.035905838012695
document_000129.html,158,165,Carrion,NIL,PER,Q11905288,Ambrosi Carrion i Juan,"```json {""wikipedia_page"":""Ambrosi Carrion i Juan"", ""wikidata_id"":""Q11905288""} ```",20.140827178955078
document_000130.html,164,176,Lena Bordato,NIL,PER,Q727131,Lena Biolcati,,0
document_000130.html,200,209,Bertolasi,NIL,PER,Q3659070,Carlo Bertolazzi,,0
document_000130.html,307,323,Antonio Rossetti,NIL,PER,Q19884141,Antonio Rossetti,,0
document_000131.html,153,167,Antonino Cuzzo,NIL,PER,Q108752898,Antonio Cozzi,,0
document_000131.html,217,232,Mondo Artistico,NIL,ORG,Q4000876,Tutto Musica,"```json { ""wikipedia_page"": ""Tutto Musica"", ""wikidata_id"": ""Q4000876"" } ```",14.15176010131836
document_000132.html,68,86,Gustavo Ghivizzani,NIL,PER,Q1131281,Guido Gozzano,,0
document_000132.html,109,123,Irene Morpurgo,NIL,PER,Q3801898,Irene Ghergo,,0
document_000132.html,168,185,R. Teatro Salvini,NIL,LOC,Q3982126,Teatro Salvini,,0
document_000133.html,4,23,Gazzetta di Messina,NIL,ORG,Q3346455,Gazzetta di Modena,,0
document_000134.html,57,73,Alsazia e Lorena,Q155144,LOC,NIL,Alsazia e Lorena,"```json {""wikipedia_page"": ""NIL"", ""wikidata_id"": ""NIL""} ```",0
document_000134.html,142,157,Musica Militare,NIL,MISC,Q1078286,Corpi bandistici militari,"```json {""wikipedia_page"": ""Corpi bandistici militari"", ""wikidata_id"": ""Q1078286""} ```",15.15629768371582
document_000134.html,174,185,Gran Teatro,Q223942,LOC,NIL,Gran Teatro,"```json {""wikipedia_page"":"""", ""wikidata_id"":""NIL""} ```",0
document_000134.html,193,200,De Vere,Q19998212,PER,NIL,De Vere,"```json {""wikipedia_page"":""NIL"", ""wikidata_id"":""NIL""} ```",0
document_000134.html,206,223,Hyacinthe Bedetti,NIL,PER,Q18811793,Giambattista Bietti,,0
document_000134.html,226,235,Forestier,Q98647240,PER,NIL,Forestier,"```json {""wikipedia_page"":""NIL"", ""wikidata_id"":""NIL""} ```",0
document_000135.html,34,52,Pardon de Ploermel,Q470739,MISC,NIL,Pardon de Ploermel,"```json { ""wikipedia_page"": ""NIL"", ""wikidata_id"": ""NIL"" } ```",0
document_000135.html,66,75,Hyacinthe,NIL,PER,Q14416887,Marie Guy-Stéphan,"```json {""wikipedia_page"":""Marie Guy-Stéphan"", ""wikidata_id"":""Q14416887""} ```",10.144002914428711
document_000136.html,122,137,armomia Gallica,NIL,MISC,Q51290,armonica a bocca,"```json {""wikipedia_page"":""armonica a bocca"", ""wikidata_id"":""Q51290""} ```",11.445330619812012
document_000136.html,142,157,Musica Militare,NIL,MISC,Q6774721,musica militare,"```json {""wikipedia_page"":""musica militare"", ""wikidata_id"":""Q6774721""} ```",17.79017448425293
document_000136.html,174,185,Gran Teatro,Q223942,LOC,Q3774297,GranTeatro,"```json { ""wikipedia_page"": ""GranTeatro"", ""wikidata_id"": ""Q3774297"" } ```",15.957237243652344
document_000136.html,193,200,De Vere,Q19998212,PER,Q15432876,Élise de Vère,"```json {""wikipedia_page"":""Élise de Vère"", ""wikidata_id"":""Q15432876""} ```",14.03183364868164
document_000136.html,206,223,Hyacinthe Bedetti,NIL,PER,Q18811793,Giambattista Bietti,,0
document_000136.html,226,235,Forestier,Q98647240,PER,NIL,Forestier,"```json {""wikipedia_page"":""NIL"", ""wikidata_id"":""NIL""} ```",0
document_000137.html,70,77,De Vere,Q19998212,PER,NIL,De Vere,"```json {""wikipedia_page"":""NIL"", ""wikidata_id"":""NIL""} ```",0
document_000137.html,297,302,Seine,NIL,PER,Q19944990,La Seine Musicale,"```json { ""wikipedia_page"": ""La Seine Musicale"", ""wikidata_id"": ""Q19944990"" } ```",9.571009635925293
document_000138.html,95,102,Valenti,NIL,PER,Q27960891,Silvestro Valenti,,0
document_000138.html,144,156,Duca Alfonso,Q188346,PER,NIL,Duca Alfonso,"```json {""wikipedia_page"":""NIL"", ""wikidata_id"":""NIL""} ```",0
document_000139.html,43,57,teatro Rossini,Q3516769,LOC,Q3982122,Teatro Rossini,,0
document_000139.html,138,144,Rocchi,NIL,PER,Q67214612,Rocco Ronchi,,0
document_000140.html,233,240,Zerlina,NIL,PER,Q55759215,Zerlina,"```json {""wikipedia_page"":""Zerlina"", ""wikidata_id"":""Q55759215""} ```",10.909530639648438
document_000142.html,32,43,Ida Ricetti,NIL,PER,Q6070177,Iris DeBrito,,0
document_000143.html,20,40,Musigue des Familles,NIL,ORG,Q924478,Corpus mensurabilis musicae,,0
document_000143.html,178,184,Canier,NIL,PER,Q2600983,Josep Carner,"```json {""wikipedia_page"":""Josep Carner"", ""wikidata_id"":""Q2600983""} ```",16.926286697387695
document_000143.html,204,228,La madre di lord Parnell,Q75616553,PER,NIL,La madre di lord Parnell,"```json {""wikipedia_page"":""NIL"", ""wikidata_id"":""NIL""} ```",0
document_000144.html,44,61,il signor Lorenzo,NIL,MISC,Q90027472,Lorenzo Ferri,"```json {""wikipedia_page"": ""Lorenzo Ferri"", ""wikidata_id"": ""Q90027472""} ```",15.864617347717285
document_000144.html,223,228,Rouia,Q220,LOC,NIL,Rouia,"```json { ""wikipedia_page"": ""NIL"", ""wikidata_id"": ""NIL"" } ```",0
document_000145.html,24,30,Apollo,Q3516772,LOC,Q3981909,Teatro Apollo,"```json {""wikipedia_page"":""Teatro Apollo"", ""wikidata_id"":""Q3981909""} ```",14.57556438446045
document_000145.html,192,198,Creola,Q109242578,MISC,Q3696986,Creola,"```json { ""wikipedia_page"": ""Creola"", ""wikidata_id"": ""Q3696986"" } ```",14.60334587097168
document_000145.html,205,213,Coronaro,Q17479051,PER,NIL,Coronaro,"```json {""wikipedia_page"":""NIL"", ""wikidata_id"":""NIL""} ```",0
document_000146.html,91,99,Coronaro,Q17479051,PER,Q37438947,Gellio Benevenuto Coronaro,"```json {""wikipedia_page"":""Gellio Benevenuto Coronaro"", ""wikidata_id"":""Q37438947""} ```",15.511878967285156
document_000147.html,65,71,Creola,Q109242578,MISC,Q1214025,La Créole,"```json {""wikipedia_page"":""La Créole"", ""wikidata_id"":""Q1214025""} ```",14.797289848327637
document_000147.html,95,100,Cerne,NIL,PER,Q109627730,Argentina Cerne,"```json {""wikipedia_page"":""Argentina Cerne"", ""wikidata_id"":""Q109627730""} ```",17.710927963256836
document_000148.html,3,9,Branca,Q3778880,PER,NIL,Branca,"```json {""wikipedia_page"":""NIL"", ""wikidata_id"":""NIL""} ```",0
document_000148.html,65,82,teatro di Catania,NIL,LOC,Q1429352,Teatro Massimo Vincenzo Bellini,,0
document_000149.html,70,90,Stabilimento Ricordi,Q1046463,MISC,Q3709316,Dischi Ricordi,,0
document_000150.html,4,19,Musica Popolare,NIL,ORG,Q373342,musica popolare,"```json {""wikipedia_page"":""musica popolare"", ""wikidata_id"":""Q373342""} ```",19.97764778137207
document_000150.html,58,66,Sonzogno,Q528397,MISC,Q3964929,Sonzogno,,0
document_000151.html,77,83,Borghi,Q3732024,PER,Q664913,Giovanni Battista Borghi,"```json {""wikipedia_page"":""Giovanni Battista Borghi"", ""wikidata_id"":""Q664913""} ```",19.160480499267578
document_000152.html,10,31,Societa del Quartetto,NIL,ORG,Q3963794,Società del quartetto di Milano,,0
document_000152.html,190,201,Crescentini,Q21548176,PER,Q552124,Girolamo Crescentini,"```json { ""wikipedia_page"": ""Girolamo Crescentini"", ""wikidata_id"": ""Q552124"" } ```",17.685672760009766
document_000153.html,26,31,Laban,NIL,PER,Q3746446,Flaviano Labò,"```json {""wikipedia_page"":""Flaviano Labò"", ""wikidata_id"":""Q3746446""} ```",19.04031753540039
document_000153.html,113,120,Paolina,NIL,PER,Q47548596,Paolina Giorgi,,0
document_000153.html,125,131,Borghi,Q3732024,PER,Q99935,Borghi,,0
document_000154.html,49,56,Foscari,Q468112,MISC,Q750151,Foscari,,0
document_000154.html,60,66,Avoldo,NIL,ORG,Q56433838,Ambrogio Uboldo,"```json {""wikipedia_page"": ""Ambrogio Uboldo"", ""wikidata_id"": ""Q56433838""} ```",15.69964599609375
document_000154.html,79,89,Scaramella,NIL,PER,Q3751588,Franco Scaramelli,"```json {""wikipedia_page"":""Franco Scaramelli"", ""wikidata_id"":""Q3751588""} ```",14.522993087768555
document_000154.html,231,240,Francoxeo,Q503874,PER,Q24703198,Franco Escoffiér,"```json {""wikipedia_page"":""Franco Escoffiér"", ""wikidata_id"":""Q24703198""} ```",14.617693901062012
document_000155.html,0,8,Martucci,Q769966,PER,NIL,Martucci,"```json {""wikipedia_page"":""NIL"", ""wikidata_id"":""NIL""} ```",0
document_000155.html,50,64,Alfredo Bajesi,NIL,PER,Q28358617,Alfredo Bigeschi,,0
document_000155.html,137,146,Titaieste,NIL,PER,Q3620031,Antonio Piatesi,,0
document_000155.html,226,232,Boghen,Q55225713,PER,Q189766,Luigi Boccherini,"```json {""wikipedia_page"":""Luigi Boccherini"", ""wikidata_id"":""Q189766""} ```",14.250591278076172
document_000155.html,251,260,Ouverture,NIL,MISC,Q202287,ouverture,"```json { ""wikipedia_page"": ""ouverture"", ""wikidata_id"": ""Q202287"" } ```",20.21702766418457
document_000156.html,47,55,Peritant,Q470886,MISC,Q345579,Pertarito,"```json { ""wikipedia_page"": ""Pertarito"", ""wikidata_id"": ""Q345579"" } ```",7.263940811157227
document_000157.html,195,203,Cattaneo,Q16662306,PER,Q26834070,Arturo Cattaneo,,0
document_000157.html,218,224,Stagni,NIL,PER,Q3796312,Ilaria Stagni,,0
document_000158.html,80,98,Giovanni Minuzzi.e,NIL,PER,Q4295291,Giovanni Minuzzo,,0
document_000159.html,137,155,Tristano ed Isotta,Q1324254,MISC,Q335367,Tristano e Isotta,"```json {""wikipedia_page"":""Tristano e Isotta"", ""wikidata_id"":""Q335367""} ```",11.063987731933594
document_000160.html,23,31,Volfrano,Q18821,PER,Q19970553,Volframo,"```json {""wikipedia_page"":""Volframo"", ""wikidata_id"":""Q19970553""} ```",12.646773338317871
document_000160.html,88,104,Luigi Baldassari,NIL,PER,Q1044367,Luigi Balzarini,,0
document_000160.html,151,176,ll mattino della domenica,NIL,MISC,Q132,domenica,"```json {""wikipedia_page"":""domenica"", ""wikidata_id"":""Q132""} ```",10.436705589294434
document_000161.html,10,23,Carlo Meluzzi,NIL,PER,Q16537051,Carlo Meluccio,,0
document_000161.html,26,45,Alessandro Genesini,NIL,PER,Q3610039,Alessandro Gennari,,0
document_000161.html,37,45,Genesini,NIL,PER,Q433838,Senesino,,0
document_000161.html,206,214,Genesini,NIL,PER,Q433838,Senesino,,0
document_000162.html,63,74,Remo Ronchi,NIL,PER,Q67214612,Rocco Ronchi,,0
document_000162.html,167,175,Biancani,NIL,PER,Q38330229,Ruggero Biancani,,0
document_000163.html,163,169,Borghi,Q3732024,PER,NIL,Borghi,"```json {""wikipedia_page"":""NIL"", ""wikidata_id"":""NIL""} ```",0
document_000165.html,87,97,Pandolfini,Q11922930,PER,Q16636976,Franco Pandolfini,"```json {""wikipedia_page"":""Franco Pandolfini"", ""wikidata_id"":""Q16636976""} ```",10.223085403442383
document_000166.html,313,319,Borgia,Q191103,PER,Q685501,Lucrezia Borgia,"```json {""wikipedia_page"":""Lucrezia Borgia"", ""wikidata_id"":""Q685501""} ```",14.652352333068848
document_000168.html,291,314,marchesa di Villamarina,Q27177923,PER,Q3838461,Lucia Marliani,"```json {""wikipedia_page"":""Lucia Marliani"", ""wikidata_id"":""Q3838461""} ```",10.653647422790527
document_000169.html,3,25,Ga:- ' zetta Nazionale,Q371338,ORG,Q911585,La Nazione,"```json {""wikipedia_page"": ""La Nazione"", ""wikidata_id"": ""Q911585""} ```",10.190204620361328
document_000169.html,62,67,Carpi,NIL,PER,Q3742889,Fernando Carpi,"```json {""wikipedia_page"": ""Fernando Carpi"", ""wikidata_id"": ""Q3742889""} ```",17.396799087524414
document_000169.html,303,308,Rieva,NIL,PER,Q22296181,Lino Jeva,"```json {""wikipedia_page"":""Lino Jeva"", ""wikidata_id"":""Q22296181""} ```",16.494003295898438
document_000170.html,101,107,Nosari,NIL,PER,Q599187,Antonino Cassarà,,0
document_000170.html,124,130,Selika,NIL,PER,Q15304687,Elika,"```json {""wikipedia_page"":""Elika"", ""wikidata_id"":""Q15304687""} ```",8.463740348815918
document_000170.html,137,146,Garagnani,NIL,PER,Q304229,Gianluca Grignani,,0
document_000170.html,176,181,Durot,NIL,PER,Q3624528,Arturo Dell'Oro,"```json {""wikipedia_page"":""Arturo Dell'Oro"", ""wikidata_id"":""Q3624528""} ```",17.23822784423828
document_000171.html,313,322,Steinbach,Q61512819,PER,Q5371456,Emil Steinbach,"```json {""wikipedia_page"":""Emil Steinbach"", ""wikidata_id"":""Q5371456""} ```",17.457012176513672
document_000171.html,424,432,la Cieca,NIL,PER,Q55832190,Cecca,"```json {""wikipedia_page"":""Cecca"", ""wikidata_id"":""Q55832190""} ```",8.606449127197266
document_000172.html,10,17,Bazzani,NIL,PER,Q3839199,Lugano Bazzani,,0
document_000172.html,177,183,Sivori,Q3732334,PER,Q1029423,Camillo Sivori,,0
document_000175.html,0,17,Odoardo Sottolana,Q102279709,PER,Q3880940,Odoardo Spadaro,,0
document_000175.html,121,138,Odoardo Sottolana,Q102279709,PER,Q3719676,Edoardo Tholosano,,0
document_000175.html,215,229,G. B. De Negri,Q3766640,PER,Q16531871,Bendinelli Negrone,,0
document_000175.html,310,324,G. B. De Negri,Q3766640,PER,Q16531871,Bendinelli Negrone,,0
document_000176.html,77,82,Ebrea,Q339043,MISC,Q3817985,L'Ebrea,"```json { ""wikipedia_page"": ""L'Ebrea"", ""wikidata_id"": ""Q3817985"" } ```",11.900120735168457
document_000176.html,215,223,De Negri,Q3766640,PER,Q16550403,Domenico Negri,,0
document_000177.html,0,12,Emilia Ciuti,NIL,PER,Q16551701,Elisa Sciuto,,0
document_000177.html,15,27,P. Lazzarini,NIL,PER,Q3720970,El Pasador,,0
document_000178.html,0,18,Arturo Marescaichi,Q30416690,PER,Q3624562,Arturo Marescalchi,,0
document_000178.html,89,109,Arturo . Marescalchi,Q30416690,PER,Q3624562,Arturo Marescalchi,,0
document_000179.html,1,16,Pietro Lombardi,NIL,PER,Q16590265,Piero Lombardi,,0
document_000179.html,255,270,Pietro Lombardi,NIL,PER,Q16590265,Piero Lombardi,,0
document_000180.html,82,90,acEmpyre,Q3724821,LOC,NIL,acEmpyre,"```json {""wikipedia_page"":""NIL"", ""wikidata_id"":""NIL""} ```",0
document_000182.html,190,203,Antonio Cuzzo,NIL,PER,Q2857253,Antonio Curò,,0
document_000183.html,7,15,De Negri,Q3766640,PER,Q2397599,Adelchi Negri,,0
document_000184.html,23,32,Mendioroz,Q102286504,PER,Q3275634,Madeleine Desroseaux,"```json { ""wikipedia_page"": ""Madeleine Desroseaux"", ""wikidata_id"": ""Q3275634"" } ```",14.377134323120117
document_000184.html,241,246,Ditta,Q1046463,MISC,NIL,Ditta,"```json {""wikipedia_page"":""NIL"", ""wikidata_id"":""NIL""} ```",0
document_000185.html,96,110,Alfredo Bajesi,NIL,PER,Q28358617,Alfredo Bigeschi,,0
document_000185.html,183,192,Titaieste,NIL,PER,Q3620031,Antonio Piatesi,,0
document_000185.html,272,278,Boghen,Q55225713,PER,NIL,Boghen,"```json { ""wikipedia_page"": ""NIL"", ""wikidata_id"": ""NIL"" } ```",0
document_000186.html,0,11,Il Paganini,NIL,ORG,Q3888914,Paganino Paganini,,0
document_000186.html,108,113,Faust,NIL,MISC,Q745951,Faust,"```json {""wikipedia_page"":""Faust"", ""wikidata_id"":""Q745951""} ```",21.01073455810547
document_000187.html,29,37,Montaldo,NIL,PER,Q53028,Giuliano Montaldo,"```json {""wikipedia_page"":""Giuliano Montaldo"", ""wikidata_id"":""Q53028""} ```",14.551795959472656
document_000187.html,133,142,Cardinali,Q61483965,PER,Q18419879,persone di nome Antonio/Cardinali,"```json { ""wikipedia_page"": ""persone di nome Antonio/Cardinali"", ""wikidata_id"": ""Q18419879"" } ```",18.039283752441406
document_000187.html,226,233,Liberté,NIL,ORG,Q1129855,Libertas,"```json {""wikipedia_page"":""Libertas"",""wikidata_id"":""Q1129855""} ```",18.36186408996582
document_000187.html,355,363,Ruy Blas,Q3453685,MISC,Q3085278,Ruy Blas,,0
document_000188.html,24,37,Ciampi Cellai,NIL,PER,Q48809690,Camilla Chiavelli,,0
document_000188.html,73,82,Pie Jesus,Q11499275,MISC,Q2710688,Pie Jesu,,0
document_000188.html,86,95,Stradella,NIL,PER,Q314765,Alessandro Stradella,"```json {""wikipedia_page"":""Alessandro Stradella"", ""wikidata_id"":""Q314765""} ```",19.90323257446289
document_000188.html,136,150,Oreste Gennari,NIL,PER,Q2902470,Oreste De Fornari,,0
document_000188.html,177,200,teatro Principe Alfonso,Q15640791,LOC,NIL,teatro Principe Alfonso,"```json { ""wikipedia_page"": ""NIL"", ""wikidata_id"": ""NIL"" } ```",0
document_000189.html,47,61,teatro di Bari,NIL,LOC,Q845517,Teatro Piccinni,"```json {""wikipedia_page"":""Teatro Piccinni"", ""wikidata_id"":""Q845517""} ```",19.279937744140625
document_000189.html,85,99,Dolores Buireo,NIL,PER,Q3716136,Duilio Courir,,0
document_000189.html,179,195,Teatro Ilustrato,NIL,ORG,Q3951792,Scena illustrata,"```json { ""wikipedia_page"": ""Scena illustrata"", ""wikidata_id"": ""Q3951792"" } ```",18.350505828857422
document_000189.html,332,340,Seppilli,Q21081439,PER,Q4000350,Tullio Seppilli,,0
document_000189.html,408,421,Vittorio Pepe,Q102076094,PER,Q4013457,Vincenzo Pepe,,0
document_000190.html,108,121,Maria Cantori,NIL,PER,Q3847581,Maria Venturi,,0
document_000190.html,214,239,S. M. la Regina di Spagna,Q538125,PER,Q229861,Maria Luisa di Savoia,"```json {""wikipedia_page"": ""Maria Luisa di Savoia"", ""wikidata_id"": ""Q229861""} ```",10.66969108581543
document_000191.html,11,18,Gargano,Q57239339,PER,NIL,Gargano,"```json {""wikipedia_page"":""NIL"", ""wikidata_id"":""NIL""} ```",0
document_000191.html,19,26,Gargano,Q57239339,PER,NIL,Gargano,"```json {""wikipedia_page"":""NIL"", ""wikidata_id"":""NIL""} ```",0
document_000192.html,342,357,Francesco Pozzi,NIL,PER,Q52835988,Francesco Pozzi,,0
document_000194.html,17,31,Oreste Gennari,NIL,PER,Q2902470,Oreste De Fornari,,0
document_000194.html,58,81,teatro Principe Alfonso,Q15640791,LOC,NIL,teatro Principe Alfonso,"```json {""wikipedia_page"":"""",""wikidata_id"":""NIL""} ```",0
document_000194.html,142,156,teatro di Bari,NIL,LOC,Q845517,Teatro Piccinni,"```json {""wikipedia_page"":""Teatro Piccinni"", ""wikidata_id"":""Q845517""} ```",18.804861068725586
document_000194.html,180,194,Dolores Buireo,NIL,PER,Q124057,Dolores del Río,,0
document_000195.html,23,39,Teatro Ilustrato,NIL,ORG,Q3951792,Scena illustrata,"```json {""wikipedia_page"":""Scena illustrata"", ""wikidata_id"":""Q3951792""} ```",20.7410831451416
document_000195.html,252,265,Vittorio Pepe,Q102076094,PER,Q4013457,Vincenzo Pepe,,0
document_000197.html,16,23,Borelli,Q30077493,PER,Q470123,Lyda Borelli,"```json {""wikipedia_page"":""Lyda Borelli"", ""wikidata_id"":""Q470123""} ```",14.84663200378418
document_000197.html,79,88,Rebuffini,NIL,PER,Q99911281,Rebuffi,"```json {""wikipedia_page"": ""Rebuffi"", ""wikidata_id"": ""Q99911281""} ```",16.031301498413086
document_000198.html,48,53,Zorzi,NIL,PER,Q3993130,Tonino Zorzi,,0
document_000198.html,157,168,Elisa Bassi,NIL,PER,Q70587820,Alice Basso,,0
document_000199.html,71,79,Martucci,Q769966,PER,NIL,Martucci,"```json { ""wikipedia_page"": ""NIL"", ""wikidata_id"": ""NIL"" } ```",0
document_000199.html,189,193,Busi,Q11904863,PER,Q219551,Ferruccio Busoni,"```json {""wikipedia_page"":""Ferruccio Busoni"", ""wikidata_id"":""Q219551""} ```",16.388507843017578
document_000199.html,244,262,responso dei fiori,NIL,MISC,Q604748,responsorio,"```json {""wikipedia_page"": ""responsorio"", ""wikidata_id"": ""Q604748""} ```",7.550172805786133
document_000201.html,9,18,Schneider,Q88791594,PER,NIL,Schneider,"```json {""wikipedia_page"":"""",""wikidata_id"":""NIL""} ```",0
document_000201.html,27,37,il Lamento,Q109244005,MISC,NIL,il Lamento,"```json {""wikipedia_page"":""NIL"", ""wikidata_id"":""NIL""} ```",0
document_000212.html,113,118,Baden,Q486450,PER,NIL,Baden,"```json {""wikipedia_page"":""NIL"", ""wikidata_id"":""NIL""} ```",0
document_000212.html,209,218,Guarnieri,Q1165357,PER,Q123228,Guarneri,,0
document_000212.html,225,231,Wendel,Q1303289,PER,NIL,Wendel,"```json {""wikipedia_page"":""NIL"", ""wikidata_id"":""NIL""} ```",0
document_000213.html,37,52,Quinta sinfonia,Q188709,MISC,NIL,Quinta sinfonia,"```json { ""wikipedia_page"": ""NIL"", ""wikidata_id"": ""NIL"" } ```",0
document_000215.html,5,13,Seriabin,Q185647,PER,Q45682,Jean Sibelius,"```json {""wikipedia_page"":""Jean Sibelius"", ""wikidata_id"":""Q45682""} ```",16.603002548217773
document_000215.html,41,57,diterza Sinfonia,Q223538,MISC,Q9734,sinfonia,"```json {""wikipedia_page"":""sinfonia"", ""wikidata_id"":""Q9734""} ```",10.487529754638672
document_000216.html,84,96,all’Augusteo,Q3516747,LOC,NIL,all’Augusteo,"```json {""wikipedia_page"":""NIL"", ""wikidata_id"":""NIL""} ```",0
document_000216.html,108,127,sinfonia di sol min,Q231390,MISC,Q1831363,Sinfonia in Fa minore,"```json {""wikipedia_page"":""Sinfonia in Fa minore"", ""wikidata_id"":""Q1831363""} ```",16.09709930419922
document_000219.html,37,45,Juventus,Q109001794,MISC,Q1422,Juventus FC,"```json {""wikipedia_page"": ""Juventus FC"", ""wikidata_id"": ""Q1422""} ```",16.902996063232422
document_000219.html,52,60,DiSabata,Q464890,PER,Q3765411,Giorgio De Sabbata,,0
document_000222.html,72,78,Sorima,NIL,PER,Q982878,Sergio Sollima,,0
document_000222.html,84,93,Tarantini,NIL,PER,Q3768205,Giovanni Tarantini,,0
document_000222.html,128,132,Fano,Q3779156,PER,Q13142,Fano,,0
document_000222.html,134,147,dell’Agostini,Q3855836,PER,Q22583532,Augusto Agostini,,0
document_000222.html,195,204,Marinuzzi,Q3106818,PER,Q21587761,Antonio Marinuzzi,,0
document_000222.html,210,219,Guarnieri,Q1165357,PER,Q123228,Guarneri,,0
document_000224.html,72,87,Le sette parole,Q1219505,MISC,Q252159,Lettera VII,,0
document_000226.html,35,44,Opernhaus,NIL,LOC,Q153562,teatro d'opera,,0
document_000226.html,45,55,difBerlino,Q64,LOC,NIL,difBerlino,"```json {""wikipedia_page"":""NIL"", ""wikidata_id"":""NIL""} ```",0
document_000226.html,92,100,Turandot,Q2843864,MISC,Q207990,Turandot,,0
document_000229.html,12,23,Rivista ITT,NIL,ORG,Q3639488,Bibbia TINTI,,0
document_000230.html,187,196,do minore,Q146793,MISC,Q309994,Do minore,"```json {""wikipedia_page"":""Do minore"", ""wikidata_id"":""Q309994""} ```",20.15168571472168
document_000235.html,44,54,Ukolebavke,Q6612905,MISC,NIL,Ukolebavke,"```json {""wikipedia_page"":""NIL"", ""wikidata_id"":""NIL""} ```",0
document_000235.html,139,144,Sesta,Q246589,MISC,Q60831007,,,0
document_000236.html,35,40,Novak,Q347611,PER,NIL,Novak,"```json {""wikipedia_page"":"""", ""wikidata_id"":""NIL""} ```",0
document_000240.html,79,87,M. Costa,Q1515576,PER,Q16575440,Manlio Costa,,0
document_000241.html,90,97,in Alto,Q109002192,MISC,NIL,in Alto,"```json {""wikipedia_page"": ""NIL"", ""wikidata_id"": ""NIL""} ```",0
document_000241.html,102,115,G. Gallignani,Q1528339,PER,Q304229,Gianluca Grignani,,0
document_000242.html,37,46,M. Baroni,NIL,PER,Q3081333,Mario Bernardi,"```json {""wikipedia_page"":""Mario Bernardi"", ""wikidata_id"":""Q3081333""} ```",17.61026382446289
document_000242.html,121,128,Zappata,NIL,PER,Q325161,Filippo Zappata,"```json {""wikipedia_page"":""Filippo Zappata"", ""wikidata_id"":""Q325161""} ```",17.992023468017578
document_000242.html,133,142,Piccaluga,Q20006109,PER,Q3617158,Angelo Piccaluga,,0
document_000242.html,155,162,Dilelio,Q33119369,PER,Q20140270,Daniele Delladio,"```json {""wikipedia_page"":""Daniele Delladio"", ""wikidata_id"":""Q20140270""} ```",15.377531051635742
document_000244.html,134,152,dell’Ente Autonomo,Q5471,LOC,Q3726220,ente autonomo,"```json { ""wikipedia_page"": ""ente autonomo"", ""wikidata_id"": ""Q3726220"" } ```",4.500685691833496
document_000247.html,76,86,De Hidalgo,Q465195,PER,Q221047,La dama di picche,,0
document_000247.html,99,106,Hackett,Q767676,PER,NIL,Hackett,"```json {""wikipedia_page"":""NIL"", ""wikidata_id"":""NIL""} ```",0
document_000249.html,216,235,Margherita Sheridan,Q6759227,PER,Q535633,Margaret Sheridan,,0
document_000250.html,35,51,Maestrit Canfori,Q465540,MISC,NIL,Maestrit Canfori,"```json {""wikipedia_page"":""NIL"", ""wikidata_id"":""NIL""} ```",0
document_000250.html,227,233,Galefi,Q1154378,PER,Q64606974,Galeffi,,0
document_000250.html,239,249,De Angelis,Q2536286,PER,Q3616952,Angelo De Angelis,,0
document_000251.html,150,165,Maestri Cantort,Q465540,MISC,Q330679,cantore,"```json {""wikipedia_page"": ""cantore"", ""wikidata_id"": ""Q330679""} ```",15.546394348144531
document_000252.html,10,14,Rota,Q97571478,PER,Q15907,Rota,"```json {""wikipedia_page"":""Rota"", ""wikidata_id"":""Q15907""} ```",6.9597930908203125
document_000252.html,16,26,Rovescalli,Q94288706,PER,NIL,Rovescalli,"```json { ""wikipedia_page"": ""NIL"", ""wikidata_id"": ""NIL"" } ```",0
document_000252.html,28,37,Marchioro,NIL,PER,Q240781,Giovanni Marchiori,"```json {""wikipedia_page"":""Giovanni Marchiori"", ""wikidata_id"":""Q240781""} ```",6.914824962615967
document_000252.html,39,46,Santoni,NIL,PER,Q3609313,Aldo Santoni,"```json {""wikipedia_page"":""Aldo Santoni"", ""wikidata_id"":""Q3609313""} ```",7.503734588623047
document_000253.html,143,147,Roma,Q220,LOC,Q3405483,Premio Roma,"```json {""wikipedia_page"":""Premio Roma"", ""wikidata_id"":""Q3405483""} ```",14.486786842346191
document_000253.html,133,147,Premio di Roma,Q3405483,MISC,Q576434,Prix de Rome,,0
document_000254.html,44,59,Schola cantorum,NIL,ORG,Q626703,,,0
document_000254.html,104,112,Cappelle,Q1236085,LOC,Q108325,cappella,"```json {""wikipedia_page"":""cappella"", ""wikidata_id"":""Q108325""} ```",18.192346572875977
document_000255.html,152,167,Arrigo Provvedi,NIL,PER,Q110914766,Arrigo Protti,,0
document_000256.html,49,73,Conservatorio di Palermo,Q3687235,ORG,Q30263551,Conservatorio Giovanni Pierluigi da Palestrina,,0
document_000256.html,83,102,Marsilio Ceccarelli,Q102289005,PER,Q8273134,Marcello Ceccarelli,,0
document_000258.html,43,53,Olga Greco,NIL,PER,Q46992806,Olga Gori,,0
document_000260.html,0,15,Filippo Vinardi,Q102280116,PER,Q255311,Filippo Rinaldi,,0
document_000261.html,98,105,A DANTE,NIL,MISC,Q1067,Dante Alighieri,"```json {""wikipedia_page"": ""Dante Alighieri"", ""wikidata_id"": ""Q1067""} ```",14.777595520019531
document_000262.html,9,17,Juventus,Q109001794,MISC,Q1422,Juventus FC,"```json {""wikipedia_page"":""Juventus FC"", ""wikidata_id"":""Q1422""} ```",17.938034057617188
document_000262.html,21,33,A. De Sabata,Q464890,PER,Q2263712,Andrea Sabatini,,0
document_000264.html,107,115,Catalani,Q352722,PER,Q3663228,Catalano dei Malavolti,,0
document_000265.html,119,135,Cappella Sistina,Q1236085,ORG,Q2943,cappella Sistina,,0
document_000266.html,45,53,Cappella,Q1236085,ORG,Q290702,cappella musicale,"```json {""wikipedia_page"":""cappella musicale"", ""wikidata_id"":""Q290702""} ```",14.639381408691406
document_000267.html,9,25,Cappella Sistina,Q1236085,ORG,Q2943,cappella Sistina,,0
document_000267.html,115,120,Rella,NIL,PER,Q110817693,Salvatore Riela,,0
document_000268.html,20,30,Scuola Pia,NIL,ORG,Q15056137,Scuola Pontificia Pio IX,,0
document_000269.html,129,140,do maggiore,Q1022293,MISC,NIL,do maggiore,"```json {""wikipedia_page"":"""", ""wikidata_id"":""NIL""} ```",0
document_000272.html,159,176,Aristide Sartorio,Q1062517,PER,Q26220764,Arnoldo Sartorio,,0
document_000273.html,104,109,Verdi,Q7317,PER,NIL,Verdi,"```json {""wikipedia_page"":""NIL"", ""wikidata_id"":""NIL""} ```",0
document_000275.html,87,95,Augusteo,Q3616668,LOC,Q3516747,Teatro Augusteo,"```json {""wikipedia_page"":""Teatro Augusteo"", ""wikidata_id"":""Q3516747""} ```",12.766529083251953
document_000278.html,21,28,Mantica,NIL,PER,Q2835617,Alfredo Mantica,,0
document_000281.html,32,41,Ida Ricci,NIL,PER,Q50805221,Ida Brunelli Lenti,,0
document_000281.html,56,72,Giuditta Sartori,NIL,PER,Q18455944,Egida Giordani Sartori,,0
document_000283.html,40,68,Scuola moderna di pianoforte,NIL,ORG,Q3687222,Conservatorio Giovanni Battista Martini,,0
document_000283.html,80,91,V. Ravicini,NIL,PER,Q3768352,Giovanni Vicini,,0
document_000284.html,12,28,Maria Capoccetti,NIL,PER,Q380151,Maria Occhipinti,,0
document_000284.html,210,215,Baton,Q715900,PER,Q1270710,Désiré-Alexandre Batton,"```json {""wikipedia_page"":""Désiré-Alexandre Batton"", ""wikidata_id"":""Q1270710""} ```",15.453865051269531
document_000285.html,85,94,L. Refice,NIL,PER,Q2262579,Licinio Refice,,0
document_000286.html,6,18,Sala Smetana,Q15712623,LOC,Q6117096,,,0
document_000286.html,99,131,Sensifiva per canto ed orchestra,Q109242823,MISC,NIL,Sensifiva per canto ed orchestra,"```json {""wikipedia_page"":""NIL"", ""wikidata_id"":""NIL""} ```",0
document_000288.html,13,23,Papa Ratti,Q42323,PER,NIL,Papa Ratti,"```json {""wikipedia_page"":"""", ""wikidata_id"":""NIL""} ```",0
document_000292.html,6,11,Monti,Q723643,PER,Q342543,Vittorio Monti,"```json {""wikipedia_page"":""Vittorio Monti"", ""wikidata_id"":""Q342543""} ```",13.520340919494629
document_000292.html,99,106,Borroni,Q600955,PER,NIL,Borroni,"```json {""wikipedia_page"":"""", ""wikidata_id"":""NIL""} ```",0
document_000293.html,371,385,Gnea nel Lazio,NIL,MISC,Q386054,Enea nel Lazio,"```json {""wikipedia_page"":""Enea nel Lazio"", ""wikidata_id"":""Q386054""} ```",16.978858947753906
document_000294.html,37,44,Borroni,Q600955,PER,NIL,Borroni,"```json {""wikipedia_page"": ""NIL"", ""wikidata_id"": ""NIL""} ```",0
document_000295.html,116,122,Italia,Q38,LOC,Q172579,Regno d'Italia,"```json {""wikipedia_page"":""Regno d'Italia"", ""wikidata_id"":""Q172579""} ```",16.203428268432617
document_000296.html,314,335,La Locandiera scaltra,NIL,MISC,Q1232053,La locandiera,,0
document_000297.html,32,45,Giorgi Belloc,Q3984271,PER,Q3776491,Gregorio Bellocco,,0
document_000297.html,51,61,Parlamagni,NIL,PER,Q30881025,Gianluigi Parlato,"```json {""wikipedia_page"":""Gianluigi Parlato"", ""wikidata_id"":""Q30881025""} ```",15.087234497070312
document_000300.html,68,78,Compagnoni,Q3770345,PER,NIL,Compagnoni,"```json {""wikipedia_page"":""NIL"", ""wikidata_id"":""NIL""} ```",0
document_000300.html,84,94,Policastro,NIL,PER,Q63291536,Girolamo Polcastro,"```json {""wikipedia_page"":""Girolamo Polcastro"", ""wikidata_id"":""Q63291536""} ```",12.735429763793945
document_000301.html,81,89,Callizoe,NIL,MISC,Q5022753,Calliroe,,0
document_000302.html,92,119,Archivio del Reale Collegio,NIL,LOC,Q2860422,Archivio di Stato di Napoli,"```json { ""wikipedia_page"": ""Archivio di Stato di Napoli"", ""wikidata_id"": ""Q2860422"" } ```",19.740476608276367
document_000303.html,3,10,Florimo,Q252228,PER,Q3746776,Florio,,0
document_000303.html,33,61,La Scuola Musicale ai Napoli,NIL,MISC,Q3955042,seminario dei Nobili di Napoli,,0
document_000303.html,180,192,i Pitagorici,NIL,MISC,Q191359,scuola pitagorica,"```json { ""wikipedia_page"": ""scuola pitagorica"", ""wikidata_id"": ""Q191359"" } ```",14.010725975036621
document_000304.html,192,200,d'Italia,Q38,LOC,Q244741,viceré,"```json {""wikipedia_page"":""viceré"", ""wikidata_id"":""Q244741""} ```",16.48430633544922
document_000307.html,76,102,Mario Augusto Bruschettini,NIL,PER,Q63725147,Augusto Bruschettini,,0
document_000307.html,106,116,Alessandro,NIL,LOC,Q2832761,Alessandro Castellani,,0
document_000308.html,70,77,Carelli,Q5372752,PER,Q33189065,Cesarina Carletti,,0
document_000308.html,206,213,Lorenza,Q109002506,MISC,Q3836844,Lorenza,,0
document_000308.html,217,227,Mascheroni,Q3719624,PER,Q3950709,Sassolo Mascheroni,,0
document_000309.html,14,21,Rizzoli,NIL,PER,Q524680,Anna Maria Rizzoli,,0
document_000309.html,144,155,Guglielmina,NIL,PER,Q898577,Eduardo e Cristina,"```json {""wikipedia_page"":""Eduardo e Cristina"", ""wikidata_id"":""Q898577""} ```",13.190813064575195
document_000309.html,162,173,Swor Teresa,NIL,MISC,Q377685,Maria Stuarda,"```json {""wikipedia_page"":""Maria Stuarda"", ""wikidata_id"":""Q377685""} ```",16.04867172241211
document_000309.html,177,199,Teatro Santa Radegonda,NIL,LOC,Q3982143,Teatro Ventaglio Smeraldo,,0
document_000309.html,216,235,Compagnia Barracani,NIL,ORG,Q22683520,Barracco,,0
document_000310.html,30,37,Cazzola,Q3680481,PER,Q3893541,Paola Cazzola,,0
document_000312.html,11,18,Cazzola,Q3680481,PER,Q3893541,Paola Cazzola,,0
document_000314.html,0,10,la Sonnand,Q753123,MISC,NIL,la Sonnand,"```json {""wikipedia_page"": ""NIL"", ""wikidata_id"": ""NIL""} ```",0
document_000314.html,14,29,Teatro Pagliano,Q3982191,LOC,Q3981990,teatro Fraschini,,0
document_000314.html,62,72,Frezzolini,Q451231,PER,Q1381618,Giuseppe Frezzolini,,0
document_000314.html,87,92,Sarti,NIL,PER,Q19412230,Cesare Sarti,,0
document_000314.html,108,116,Giannoli,NIL,PER,Q3763670,Gianni Zullo,,0
document_000315.html,16,21,Patti,Q234166,PER,Q489948,Patti,"```json {""wikipedia_page"":""Patti"", ""wikidata_id"":""Q489948""} ```",8.768951416015625
document_000315.html,76,86,Frezzolini,Q451231,PER,Q1381618,Giuseppe Frezzolini,"```json {""wikipedia_page"":""Giuseppe Frezzolini"", ""wikidata_id"":""Q1381618""} ```",9.626219749450684
document_000317.html,103,110,La Maio,NIL,PER,Q17562201,Luigi de Maio,,0
document_000317.html,122,134,Mariano Neri,NIL,PER,Q1112761,Maino Neri,,0
document_000318.html,164,171,Bellini,NIL,PER,Q170209,Vincenzo Bellini,,0
document_000318.html,207,216,Gaggiotti,NIL,PER,Q6760335,Margherita Galeotti,,0
document_000318.html,262,266,Buti,NIL,PER,Q1083111,Ludovico Buti,,0
document_000319.html,10,17,Ugolini,NIL,PER,Q4002945,Ugolino Ugolini,,0
document_000319.html,45,52,Negrini,Q3659659,PER,Q15408881,Vincenzo Negrini,,0
document_000320.html,5,12,Pergola,Q1261970,LOC,Q264458,Pergola,,0
document_000320.html,50,58,Lombardi,Q468625,MISC,NIL,Lombardi,"```json {""wikipedia_page"":""NIL"", ""wikidata_id"":""NIL""} ```",0
document_000320.html,120,128,Graziani,Q291007,PER,Q4121399,Francesco Graziani,,0
document_000322.html,92,114,Francesco Maria Albini,Q98636701,PER,Q3737931,Fabrizia Magnini,,0
document_000323.html,2,17,Teatro Comunale,Q2294135,LOC,Q752696,teatro romano di Trieste,,0
document_000323.html,56,65,Pallerini,NIL,PER,Q1615033,Piero Ballerini,,0
document_000324.html,3,10,Perelli,NIL,PER,Q19998312,Edoardo Perelli,"```json { ""wikipedia_page"":""Edoardo Perelli"", ""wikidata_id"":""Q19998312"" } ```",17.543804168701172
document_000324.html,93,107,Angelica Baldi,NIL,PER,Q23818767,Albertina Baldi,,0
document_000325.html,18,25,Massera,NIL,PER,Q1429489,Florentio Maschera,"```json {""wikipedia_page"":""Florentio Maschera"", ""wikidata_id"":""Q1429489""} ```",14.40786361694336
document_000327.html,3,19,Teatro del Corso,Q21077427,LOC,Q30898725,Cinema Corso,,0
document_000327.html,34,53,Compagnia Pe.racchi,NIL,ORG,Q3903165,Piero Bernacchi,,0
document_000327.html,93,115,Un vizio di educazione,NIL,MISC,Q3795552,Il rischio educativo,,0
document_000327.html,139,149,Montignani,NIL,PER,Q29788985,Piero Montagnani,,0
document_000330.html,23,36,Nadina Dunord,NIL,PER,Q12736370,Nadine,,0
document_000331.html,23,40,Teatro di Ferrara,Q321950,LOC,Q3982078,Teatro Nuovo,,0
document_000332.html,56,71,Giornale L’ARPA,NIL,ORG,Q1051115,il Giornale,,0
document_000332.html,75,92,Piazza S. Martino,NIL,LOC,Q3671020,basilica di San Martino Maggiore,,0
document_000332.html,94,112,Palazzo Santinelli,NIL,LOC,Q3889662,Palazzo Bianchi Bandinelli,,0
document_000333.html,86,96,Mancinelli,Q2754918,PER,Q15223349,Agostino Mancinelli,,0
document_000334.html,94,104,John Urich,NIL,PER,Q3333082,John Woolrich,,0
document_000335.html,9,18,Schneider,Q214659,PER,NIL,Schneider,"```json {""wikipedia_page"":"""", ""wikidata_id"":""NIL""} ```",0
document_000336.html,109,116,Arianna,Q1880621,MISC,Q184874,Arianna,"```json {""wikipedia_page"":""Arianna"",""wikidata_id"":""Q184874""} ```",8.582563400268555
document_000337.html,0,6,Busoni,Q21955,PER,Q219551,Ferruccio Busoni,,0
document_000338.html,50,56,Busoni,Q21955,PER,Q219551,Ferruccio Busoni,,0
document_000338.html,104,110,Busoni,Q21955,PER,Q219551,Ferruccio Busoni,,0
document_000340.html,33,46,dell’Augusteo,Q3616668,LOC,NIL,dell’Augusteo,"```json {""wikipedia_page"": ""NIL"", ""wikidata_id"": ""NIL""} ```",0
document_000348.html,172,185,Giuseppe Noto,NIL,PER,Q1121480,Giuseppe Nuoto,,0
document_000349.html,12,39,Congresso Haliano di Musica,NIL,MISC,Q3744030,Festival Organistico Santa Maria Nuova,,0
document_000350.html,0,13,Olive ffilder,NIL,PER,Q461767,Ophélie Winter,,0
document_000350.html,79,98,Scuola Zaira Falchi,NIL,ORG,Q3953305,Scuola di mistica fascista Sandro Italico Mussolini,,0
document_000351.html,207,215,A. Luise,NIL,PER,Q14886658,Antonio Luisi,,0
document_000353.html,119,132,Flazto magico,Q5064,MISC,Q41491501,Il flauto magico,"```json { ""wikipedia_page"": ""Il flauto magico"", ""wikidata_id"": ""Q41491501"" } ```",14.618854522705078
document_000353.html,146,161,Arianna a Nasso,Q654633,MISC,NIL,Arianna a Nasso,"```json {""wikipedia_page"":""NIL"", ""wikidata_id"":""NIL""} ```",0
document_000354.html,26,40,Guglielmo Tell,Q729659,MISC,Q30908,Guglielmo Tell,,0
document_000354.html,48,52,Aida,Q171277,MISC,NIL,Aida,"```json {""wikipedia_page"":""Aída"", ""wikidata_id"":""NIL""} ```",0
document_000354.html,77,86,Gtoconda/,Q748840,MISC,NIL,Gtoconda/,"```json {""wikipedia_page"":""NIL"", ""wikidata_id"":""NIL""} ```",0
document_000357.html,14,32,Ratto del serragho,Q210711,MISC,Q8011703,,,0
document_000357.html,78,84,Marnuf,Q3332020,MISC,NIL,Marnuf,"```json {""wikipedia_page"":""NIL"", ""wikidata_id"":""NIL""} ```",0
document_000358.html,151,166,Maestri Cantort,Q465540,MISC,NIL,Maestri Cantort,"```json {""wikipedia_page"":""NIL"", ""wikidata_id"":""NIL""} ```",0
document_000358.html,196,208,Debora Jacle,Q5320172,MISC,NIL,Debora Jacle,"```json {""wikipedia_page"":""NIL"", ""wikidata_id"":""NIL""} ```",0
document_000360.html,18,70,Commissione Nazionale permanente per l’Arte Musicale,NIL,ORG,Q85861195,"Consiglio nazionale degli architetti, pianificatori, paesaggisti, conservatori",,0
document_000360.html,369,377,Augusteo,Q3616668,LOC,Q3516747,Teatro Augusteo,,0
document_000362.html,37,58,Florestano Rossomandi,Q20000564,PER,Q60836773,,,0
document_000362.html,73,84,De Robertis,Q3770444,PER,Q3938751,Roberto De Robertis,,0
document_000362.html,111,121,G. A. Fano,Q3779156,PER,Q21542862,Giorgio Fano,,0
document_000362.html,149,162,Franco Tufaro,NIL,PER,Q3751619,Franco Tagliafierro,,0
document_000362.html,260,268,Olivieri,Q447545,PER,Q3680161,Claudio Olivieri,,0
document_000363.html,2,21,Politeama di Napoli,NIL,LOC,Q3907408,Politeama Genovese,,0
document_000364.html,16,38,Quartetti di Beethoven,NIL,MISC,Q2368340,Quartetto Beethoven,,0
document_000364.html,115,124,Bufaletti,NIL,PER,Q3852541,Maurizio Bufalini,,0
document_000364.html,162,169,M. Vico,NIL,PER,Q16629116,Vittorio Maria Vanzo,,0
document_000364.html,202,217,Virgilio Ubrico,NIL,PER,Q27924402,Ulderico Fabbri,,0
document_000364.html,259,275,Marietta Amstadt,Q63486305,PER,Q1897406,Marie Leonhardt,,0
document_000368.html,88,103,dreve Multum ad,NIL,MISC,Q3712488,documento pontificio,"```json {""wikipedia_page"":""documento pontificio"", ""wikidata_id"":""Q3712488""} ```",6.375677585601807
document_000368.html,203,219,Cardinal De Luca,Q500774,PER,Q11694760,Domenico De Luca,,0
document_000369.html,212,222,Papa Pecci,Q43922,PER,Q3767901,Giovanni Pecci,,0
document_000370.html,209,216,Venezia,NIL,LOC,Q740783,patriarcato di Venezia,,0
document_000370.html,252,288,Lettera pastorale sulla Musica Sacra,NIL,MISC,Q5116685,,,0
document_000371.html,151,157,Pietro,Q6699740,PER,NIL,Pietro,"```json { ""wikipedia_page"": """", ""wikidata_id"": ""NIL"" } ```",0
document_000373.html,42,47,Zoppi,NIL,PER,Q3956344,Sergio Zoppi,,0
document_000373.html,55,62,Manfrin,NIL,PER,Q38148709,Gianni Manfrin,,0
document_000373.html,65,72,Zacchia,NIL,PER,Q24942555,Angelica Zacchigna,,0
document_000373.html,81,90,Sernicoli,NIL,PER,Q105027166,Silvio Bernicoli,,0
document_000373.html,124,130,Boschi,NIL,PER,Q1528416,Giuseppe Maria Boschi,,0
document_000373.html,165,170,Gorno,NIL,PER,Q62601352,Marisa Gorno,,0
document_000373.html,172,178,Burzio,NIL,PER,Q3734262,Eugenia Burzio,,0
document_000374.html,26,36,G. Zuccoli,NIL,PER,Q3840273,Luigi Zuccoli,,0
document_000375.html,170,185,Attilio Poleggi,NIL,PER,Q79384177,Alessandro Poggi,,0
document_000376.html,37,43,Italia,Q38,LOC,Q172579,Regno d'Italia,"```json {""wikipedia_page"": ""Regno d'Italia"", ""wikidata_id"": ""Q172579""} ```",12.950523376464844
document_000376.html,70,82,Bice De Vivo,NIL,PER,Q50734093,Bice Ligabue,,0
document_000376.html,108,114,Scuola,NIL,ORG,Q1021290,scuola di musica,"```json {""wikipedia_page"":""scuola di musica"", ""wikidata_id"":""Q1021290""} ```",15.257604598999023
document_000376.html,186,194,v. Piave,NIL,ORG,Q16590045,piazza Piave,"```json {""wikipedia_page"":""piazza Piave"", ""wikidata_id"":""Q16590045""} ```",17.310314178466797
document_000382.html,29,34,Geseo,NIL,MISC,Q3665355,Cesare Biseo,"```json {""wikipedia_page"":""Cesare Biseo"", ""wikidata_id"":""Q3665355""} ```",6.7254438400268555
document_000383.html,165,174,G. Pirola,NIL,PER,Q18758692,Gino Sirola,,0
document_000384.html,147,167,Giorgi Belloc Teresa,NIL,PER,Q3984271,Teresa Belloc-Giorgi,"```json {""wikipedia_page"":""Teresa Belloc-Giorgi"", ""wikidata_id"":""Q3984271""} ```",17.307214736938477
document_000384.html,178,189,dell’Attica,Q122443,LOC,Q780194,re di Atene,"```json {""wikipedia_page"": ""re di Atene"", ""wikidata_id"": ""Q780194""} ```",14.65684700012207
document_000384.html,218,225,PiRO1oc,Q502156,PER,NIL,PiRO1oc,"```json {""wikipedia_page"":""NIL"", ""wikidata_id"":""NIL""} ```",0
document_000384.html,234,246,Pacini Luigi,NIL,PER,Q20005289,Luigi Pacini,"```json { ""wikipedia_page"": ""Luigi Pacini"", ""wikidata_id"": ""Q20005289"" } ```",17.92869758605957
document_000384.html,264,279,Bianchi Gactano,NIL,PER,Q3094266,Gaetano Bianchi,,0
document_000385.html,37,44,Trezene,Q11953081,LOC,Q7844953,Trezene,"```json {""wikipedia_page"":""Trezene"", ""wikidata_id"":""Q7844953""} ```",12.902789115905762
document_000388.html,0,4,Etra,Q11921121,PER,Q131651,Elettra,"```json {""wikipedia_page"":""Elettra"", ""wikidata_id"":""Q131651""} ```",7.780387878417969
document_000388.html,110,115,Tesco,Q1320718,PER,NIL,Tesco,"```json {""wikipedia_page"":""NIL"", ""wikidata_id"":""NIL""} ```",0
document_000389.html,7,14,Pirotoo,Q502156,PER,Q3905648,Piroo,,0
document_000390.html,21,28,Dimante,NIL,PER,Q17486771,Dimante,"```json {""wikipedia_page"":""Dimante"", ""wikidata_id"":""Q17486771""} ```",18.455717086791992
document_000392.html,94,101,Pirotoo,NIL,PER,Q502156,Piritoo,"```json {""wikipedia_page"":""Piritoo"", ""wikidata_id"":""Q502156""} ```",8.106796264648438
document_000392.html,102,107,Desai,Q313196,PER,Q21502264,Desai,"```json {""wikipedia_page"":""Desai"",""wikidata_id"":""Q21502264""} ```",9.397737503051758
document_000393.html,66,73,Trezene,Q11953081,LOC,Q7844953,Trezene,"```json {""wikipedia_page"":""Trezene"", ""wikidata_id"":""Q7844953""} ```",11.987306594848633
document_000393.html,158,165,Trezene,Q11953081,LOC,Q581494,Trezene,"```json {""wikipedia_page"":""Trezene"",""wikidata_id"":""Q581494""} ```",12.792423248291016
document_000395.html,130,144,Lorenza Correa,Q1872294,PER,Q16165685,Lorena Cacciatore,,0
document_000396.html,90,104,Astrea placata,NIL,MISC,Q19623961,Astrea placata,"```json {""wikipedia_page"":""Astrea placata"", ""wikidata_id"":""Q19623961""} ```",9.869006156921387
document_000397.html,16,29,Poeta Cesareo,Q29473,PER,Q3906987,Poeta cesareo,"```json {""wikipedia_page"":""Poeta cesareo"", ""wikidata_id"":""Q3906987""} ```",16.537033081054688
document_000397.html,129,137,Fenomeni,NIL,MISC,Q180671,Arato di Soli,"```json {""wikipedia_page"":""Arato di Soli"", ""wikidata_id"":""Q180671""} ```",17.22158432006836
document_000397.html,240,257,Francesco Augusto,Q130834,PER,NIL,Francesco Augusto,"```json {""wikipedia_page"":""NIL"", ""wikidata_id"":""NIL""} ```",0
document_000398.html,113,124,Simone Mayr,Q373770,PER,Q3960345,Sigmund Mayr,,0
document_000399.html,46,62,Salvatore Vigand,Q476782,PER,Q4110529,Auguste Wiegand,,0
document_000400.html,122,147,Dalla Reffa il disinganno,Q3252788,MISC,NIL,Dalla Reffa il disinganno,"```json {""wikipedia_page"":""NIL"", ""wikidata_id"":""NIL""} ```",0
document_000403.html,94,102,Passigli,NIL,PER,Q3767899,Giovanni Passiglia,"```json { ""wikipedia_page"": ""Giovanni Passiglia"", ""wikidata_id"": ""Q3767899"" } ``` The entity mentioned in the text is ""Passigli"". The only candidate with the surname Passigli is Stefano Passigli, but his date of birth (1938) does not correspond to the historical context of the text (1943). Therefore, I have chosen Giovanni Passiglia, whose date of birth (1981) is also not matching but is closer to the context.",16.932966232299805
document_000404.html,24,34,Guido Boni,NIL,PER,Q98446077,Guido Bonino,,0
document_000404.html,70,78,Michelli,NIL,PER,Q26715237,Filippo Micheli,,0
document_000404.html,102,110,Baglioni,NIL,PER,Q3995088,Torquato Baglioni,,0
document_000405.html,10,38,Ernesto Duverger di Ganranne,NIL,PER,Q3056935,Ernest Duvergier de Hauranne,,0
document_000406.html,146,160,Cesare Rizzoli,NIL,PER,Q3665523,Cesare Rosaroll,,0
document_000406.html,241,256,Compagnia Reale,NIL,ORG,Q183202,Teatro Regio,,0
document_000406.html,292,297,Monti,NIL,PER,Q80978830,Tommaso Monti,,0
document_000407.html,11,18,Rizzoli,NIL,PER,Q524680,Anna Maria Rizzoli,,0
document_000408.html,71,85,Zeatro Brunett,Q3516753,LOC,Q3010047,Céleste Albaret,,0
document_000409.html,108,118,Frezzolini,Q451231,PER,Q1381618,Giuseppe Frezzolini,"```json {""wikipedia_page"":""Giuseppe Frezzolini"", ""wikidata_id"":""Q1381618""} ```",8.552197456359863
document_000410.html,141,149,Giannoli,NIL,PER,Q3768389,Giovanni Zanollo,,0
document_000410.html,256,261,Sarti,NIL,PER,Q455199,Giuseppe Sarti,,0
document_000410.html,313,323,Frezzolini,Q451231,PER,Q1381618,Giuseppe Frezzolini,,0
document_000411.html,91,98,Rossini,NIL,PER,Q9726,Gioachino Rossini,,0
document_000412.html,39,47,Lagrange,Q4767645,PER,Q80222,Joseph-Louis Lagrange,,0
document_000412.html,60,66,Vitali,Q104767293,PER,Q3291084,Maria Vitale,"```json {""wikipedia_page"":""Maria Vitale"", ""wikidata_id"":""Q3291084""} ```",20.058475494384766
document_000412.html,158,164,Vitali,Q104767293,PER,Q3291084,Maria Vitale,"```json {""wikipedia_page"":""Maria Vitale"", ""wikidata_id"":""Q3291084""} ```",18.520719528198242
document_000412.html,203,209,Vitali,Q104767293,PER,Q3291084,Maria Vitale,"```json {""wikipedia_page"":""Maria Vitale"", ""wikidata_id"":""Q3291084""} ```",17.861841201782227
document_000412.html,354,360,Vitali,Q104767293,PER,Q3291084,Maria Vitale,"```json {""wikipedia_page"":""Maria Vitale"", ""wikidata_id"":""Q3291084""} ```",19.874515533447266
document_000412.html,170,185,Irance Musicale,Q3209228,ORG,Q110663805,L'Italia Musicale,"```json { ""wikipedia_page"": ""L'Italia Musicale"", ""wikidata_id"": ""Q110663805"" } ```",11.472827911376953
document_000413.html,183,199,Re di Portogallo,Q156175,PER,Q154308,Manuele II del Portogallo,"```json {""wikipedia_page"":""Manuele II del Portogallo"", ""wikidata_id"":""Q154308""} ```",13.94849681854248
document_000414.html,10,14,Sira,NIL,ORG,Q2625412,Sira,"```json {""wikipedia_page"":""Sira"",""wikidata_id"":""Q2625412""} ```",13.476858139038086
document_000414.html,152,167,Teatro Pagliano,Q3982191,LOC,Q3981980,Teatro Flaiano,,0
document_000414.html,192,197,Borri,Q30077083,PER,Q633468,Giuseppe Francesco Borri,"```json {""wikipedia_page"":""Giuseppe Francesco Borri"", ""wikidata_id"":""Q633468""} ```",13.283596992492676
document_000415.html,25,31,Cresei,NIL,PER,Q3659227,Carlo Cressini,,0
document_000415.html,153,166,Gaspare Pieri,NIL,PER,Q6700037,Luigi Gaspare Peyri,,0
document_000416.html,37,45,Barbiere,Q208659,MISC,NIL,Barbiere,"```json {""wikipedia_page"":"""", ""wikidata_id"":""NIL""} ```",0
document_000416.html,49,58,Biavolini,NIL,PER,Q3766589,Giovanni Battista Bibolini,,0
document_000416.html,76,86,Pantaleoni,Q62063481,PER,NIL,Pantaleoni,"```json {""wikipedia_page"":""NIL"", ""wikidata_id"":""NIL""} ```",0
document_000416.html,126,145,Corriere di Firenze,Q3694491,ORG,Q309135,Corriere della Sera,,0
document_000417.html,58,80,Teatro Santa Radegonda,NIL,LOC,Q77806790,Centrale elettrica di Santa Radegonda,,0
document_000417.html,135,142,Biasoli,NIL,PER,Q3619236,Antonio Basoli,,0
document_000419.html,53,73,Ii Diavolo a quattro,NIL,MISC,Q3222294,Le Diable à quatre,,0
document_000420.html,105,111,Priora,NIL,PER,Q693249,Primadonna,"```json {""wikipedia_page"":""Primadonna"", ""wikidata_id"":""Q693249""} ```",10.40869426727295
document_000422.html,0,17,Giuseppina Monset,NIL,PER,Q234125,Simonetta Vespucci,,0
document_000422.html,81,98,Giuseppina Monset,NIL,PER,Q234125,Simonetta Vespucci,,0
document_000423.html,17,33,Pompeo Colombati,NIL,PER,Q3903791,Pietro Colombati,,0
document_000423.html,68,84,Pompeo CoJombati,NIL,PER,Q3903791,Pietro Colombati,,0
document_000423.html,91,95,Sira,NIL,ORG,Q13670,Siracusa,"```json {""wikipedia_page"": ""Siracusa"", ""wikidata_id"": ""Q13670""} ```",6.938728332519531
document_000426.html,103,109,Moidar,Q24639586,LOC,NIL,Moidar,"```json {""wikipedia_page"":""NIL"", ""wikidata_id"":""NIL""} ```",0
document_000426.html,244,258,padre di Flora,NIL,PER,Q7565,padre,"```json {""wikipedia_page"": ""padre"", ""wikidata_id"": ""Q7565""} ```",6.032497882843018
document_000426.html,275,281,Murray,Q348025,PER,NIL,Murray,"```json {""wikipedia_page"":""NIL"", ""wikidata_id"":""NIL""} ```",0
document_000426.html,287,299,lady Cameron,Q6171931,PER,Q179064,Clan Cameron,"```json {""wikipedia_page"":""Clan Cameron"", ""wikidata_id"":""Q179064""} ```",7.962060451507568
document_000427.html,70,87,Anneiia Caizoiari,NIL,PER,Q17580192,Isaia Cordinier,,0
document_000427.html,237,242,Byron,Q123509516,PER,Q5679,George Gordon Byron,"```json {""wikipedia_page"":""George Gordon Byron"", ""wikidata_id"":""Q5679""} ```",19.970012664794922
document_000428.html,0,15,Enrico Pogliani,NIL,PER,Q3725960,Enrico Pagani,,0
document_000428.html,7,15,Pogliani,NIL,PER,Q98529022,Giuseppe Pogliani,,0
document_000428.html,161,169,Pogliani,NIL,PER,Q98529022,Giuseppe Pogliani,,0
document_000430.html,22,27,Bahia,Q40430,LOC,Q3723203,Elisabetta Balia,"```json {""wikipedia_page"":""Elisabetta Balia"", ""wikidata_id"":""Q3723203""} ```",13.6907377243042
document_000433.html,80,94,Rio lanVesimia,Q8678,LOC,Q13360,Reggio Emilia,"```json {""wikipedia_page"":""Reggio Emilia"", ""wikidata_id"":""Q13360""} ```",9.429851531982422
document_000435.html,80,94,Olimpia Trebbi,NIL,PER,Q6049946,Olimpia Torlonia,,0
document_000436.html,3,30,teatro Nazionale di Firenze,Q3886710,LOC,Q3981873,teatri di Firenze,,0
document_000436.html,105,118,Delfina Zauli,NIL,PER,Q3713286,Domenico Zauli,,0
document_000437.html,56,76,Giacchino Zagoglioni,NIL,PER,Q3762002,Giacomo Bolognini,,0
document_000437.html,107,120,Adele Garbini,NIL,PER,Q3611736,Alida Cappellini,,0
document_000438.html,18,24,Russel,Q435415,PER,Q195808,Roussel di Bailleul,"```json {""wikipedia_page"":""Roussel di Bailleul"", ""wikidata_id"":""Q195808""} ```",15.67000961303711
document_000438.html,177,186,Cornaglia,Q1850396,PER,Q508135,Corniglia,,0
document_000440.html,137,151,Stella Bonheur,Q102075957,PER,Q7607041,Stella Bonheur,,0
document_000441.html,77,88,I. Burgmein,Q225820,PER,Q62075,Friedrich Burgmüller,,0
document_000442.html,54,70,Amelia Mellinger,NIL,PER,Q3616767,Angela Melillo,,0
document_000442.html,99,110,Sangiovanni,NIL,PER,Q21209022,Antonio Sangiovanni,,0
document_000443.html,72,89,Ernesto Cammarota,NIL,PER,Q3804384,Italo Cammarota,,0
document_000444.html,49,56,Foscari,Q468112,MISC,Q750151,Foscari,,0
document_000444.html,243,250,Foscari,Q468112,MISC,Q503874,Francesco Foscari,"```json {""wikipedia_page"": ""Francesco Foscari"", ""wikidata_id"": ""Q503874""} ```",18.99304962158203
document_000444.html,231,240,Francoxeo,Q503874,PER,Q24703198,Franco Escoffiér,"```json {""wikipedia_page"":""Franco Escoffiér"", ""wikidata_id"":""Q24703198""} ```",15.401971817016602
document_000445.html,171,175,Aida,NIL,MISC,Q171277,Aida,"```json {""wikipedia_page"":""Aida"", ""wikidata_id"":""Q171277""} ```",15.193544387817383
document_000446.html,3,18,teatro Vittorio,Q3629508,LOC,Q21901369,Teatro Amintore Galli,,0
document_000446.html,175,180,Norma,Q320353,MISC,Q3878445,Norma Rangeri,,0
document_000446.html,166,173,Ravogli,NIL,PER,Q73785460,,,0
document_000446.html,184,192,Adalgisa,NIL,PER,Q15057396,Adalgisa Gabbi,,0
document_000447.html,37,42,Linda,Q669382,MISC,Q47638314,Linda Brambilla,"```json {""wikipedia_page"":""Linda Brambilla"", ""wikidata_id"":""Q47638314""} ```",12.245121002197266
document_000447.html,266,271,Linda,Q669382,MISC,Q47638314,Linda Brambilla,"```json {""wikipedia_page"":""Linda Brambilla"", ""wikidata_id"":""Q47638314""} ```",12.72350025177002
document_000449.html,35,42,Garhint,NIL,PER,Q378614,Bernardin Gantin,"```json {""wikipedia_page"":""Bernardin Gantin"", ""wikidata_id"":""Q378614""} ```",17.540306091308594
document_000449.html,91,104,Don Sallustio,NIL,PER,Q26218315,La Salustia,"```json {""wikipedia_page"": ""La Salustia"", ""wikidata_id"": ""Q26218315""} ```",13.015262603759766
document_000449.html,257,266,G. Giusti,NIL,PER,Q105945285,Giorgio Giusti,,0
document_000450.html,81,88,Carolli,NIL,PER,Q3617683,Anna Caroli,"```json { ""wikipedia_page"": ""Anna Caroli"", ""wikidata_id"": ""Q3617683"" } ```",19.3924617767334
document_000450.html,104,110,Elvira,NIL,PER,Q518410,Elvira Donnarumma,"```json {""wikipedia_page"":""Elvira Donnarumma"", ""wikidata_id"":""Q518410""} ```",13.82792854309082
document_000450.html,211,218,Cavazza,NIL,PER,Q3723753,Elvira Casazza,,0
document_000450.html,247,256,Borucchia,NIL,PER,Q1446873,Arturo Boiocchi,,0
document_000452.html,126,138,Dio di Giuda,NIL,MISC,Q3706240,"Deus, ecce deus","```json { ""wikipedia_page"": ""Deus, ecce deus"", ""wikidata_id"": ""Q3706240"" } ```",10.321683883666992
document_000453.html,16,31,Eugenio Corsini,NIL,PER,Q59527192,Eugenio Corsini,,0
document_000453.html,66,74,Zaccaria,NIL,PER,Q2305425,Nicola Zaccaria,"```json {""wikipedia_page"":""Nicola Zaccaria"", ""wikidata_id"":""Q2305425""} ```",12.229832649230957
document_000454.html,16,31,Eugenio Corsini,NIL,PER,Q59527192,Eugenio Corsini,,0
document_000454.html,66,74,Zaccaria,NIL,PER,Q2305425,Nicola Zaccaria,"```json {""wikipedia_page"":""Nicola Zaccaria"", ""wikidata_id"":""Q2305425""} ```",17.806983947753906
document_000454.html,166,177,Noemi Venti,NIL,PER,Q35109,Noemi,,0
document_000457.html,32,43,Fra Diavolo,Q1440309,MISC,Q920642,Fra Diavolo,"```json {""wikipedia_page"":""Fra Diavolo"", ""wikidata_id"":""Q920642""} ```",12.512106895446777
document_000458.html,3,8,Adria,NIL,ORG,Q34615,Adria,,0
document_000459.html,0,12,ll Cittadino,NIL,ORG,Q2259884,Il Cittadino,"```json {""wikipedia_page"":""Il Cittadino"", ""wikidata_id"":""Q2259884""} ```",21.486907958984375
document_000459.html,14,28,Y Indipendente,NIL,ORG,Q16569703,L'Indipendente (Trieste),"```json {""wikipedia_page"":""L'Indipendente (Trieste)"", ""wikidata_id"":""Q16569703""} ```",19.388256072998047
document_000459.html,64,72,il Soldo,NIL,ORG,Q1431762,soldo,"```json {""wikipedia_page"":""soldo"", ""wikidata_id"":""Q1431762""} ```",7.165126323699951
document_000461.html,91,96,Chili,NIL,LOC,Q298,Cile,"```json {""wikipedia_page"":""Cile"", ""wikidata_id"":""Q298""} ```",11.429057121276855
document_000461.html,170,186,teatro del Corso,Q21077427,LOC,Q183202,Teatro Regio,"```json {""wikipedia_page"":""Teatro Regio"", ""wikidata_id"":""Q183202""} ```",13.527658462524414
document_000462.html,171,186,AL De Lauziéres,Q28779257,PER,Q1871619,Louis Desnoyers,,0
document_000462.html,221,246,teatro italiano di Parigi,NIL,LOC,Q1581237,Théâtre de la comédie italienne,,0
document_000462.html,248,255,Teodora,NIL,MISC,Q5511514,,,0
document_000462.html,411,422,H. Méilhade,NIL,PER,Q2659138,Philippe Hériat,,0
document_000462.html,423,432,P. Gilles,Q610921,PER,Q2292575,Petrus Gillius,,0
document_000463.html,137,146,Carnevale,Q4618,MISC,Q642130,Carnevale di Viareggio,"```json {""wikipedia_page"":""Carnevale di Viareggio"", ""wikidata_id"":""Q642130""} ```",10.840655326843262
document_000464.html,9,24,Arte di Trieste,NIL,ORG,Q546,Trieste,,0
document_000465.html,45,60,Salvatore Pinto,NIL,PER,Q52157098,Salvatore Pinto,,0
document_000465.html,126,139,Conservatorio,NIL,ORG,Q368820,Conservatorio di San Pietro a Majella,"```json {""wikipedia_page"":""Conservatorio di San Pietro a Majella"", ""wikidata_id"":""Q368820""} ```",19.34187889099121
document_000466.html,49,57,Mapleson,Q3932293,PER,NIL,Mapleson,"```json {""wikipedia_page"":"""", ""wikidata_id"":""NIL""} ```",0
document_000468.html,33,44,Parravicini,NIL,PER,Q320534,Carlo Pallavicino,,0
document_000471.html,33,51,Rossini di Livorno,NIL,LOC,Q1119268,Teatro Mascagni,"```json {""wikipedia_page"": ""Teatro Mascagni"", ""wikidata_id"": ""Q1119268""} ```",18.082393646240234
document_000471.html,184,189,Faust,Q745951,MISC,Q29478,Faust,"```json {""wikipedia_page"":""Faust"", ""wikidata_id"":""Q29478""} ```",13.150800704956055
document_000472.html,2,6,Pisa,Q745951,LOC,Q13375,Pisa,,0
document_000472.html,33,39,Auteri,Q3945947,PER,Q3679071,Clara Auteri,"```json { ""wikipedia_page"": ""Clara Auteri"", ""wikidata_id"": ""Q3679071"" } ```",17.95414161682129
document_000472.html,72,81,Paoliceli,Q3847363,PER,NIL,Paoliceli,"```json {""wikipedia_page"":"""", ""wikidata_id"":""NIL""} ```",0
document_000472.html,86,93,Montery,NIL,PER,Q31073988,Gualtiero di Monsonís,"```json { ""wikipedia_page"": ""Gualtiero di Monsonís"", ""wikidata_id"": ""Q31073988"" } ```",15.325621604919434
document_000472.html,102,110,Gautiero,NIL,PER,Q3778147,Gualtiero Tumiati,"```json {""wikipedia_page"": ""Gualtiero Tumiati"", ""wikidata_id"": ""Q3778147""} ```",18.119609832763672
document_000473.html,22,33,Ida Ricetti,NIL,PER,Q1044526,Ida Di Benedetto,,0
document_000474.html,134,142,Ugonotti,Q466848,MISC,Q101935,ugonotti,"```json {""wikipedia_page"":""Ugonotti"", ""wikidata_id"":""Q101935""} ```",11.171462059020996
document_000476.html,98,109,Fra Diavole,Q1440309,MISC,Q3749192,Fra Diavolo,"```json {""wikipedia_page"": ""Fra Diavolo"", ""wikidata_id"": ""Q3749192""} ```",17.732128143310547
document_000477.html,49,54,Lucia,Q244209,MISC,Q16572972,Lucia Danieli,"```json {""wikipedia_page"":""Lucia Danieli"", ""wikidata_id"":""Q16572972""} ```",8.255971908569336
document_000477.html,83,89,Masini,Q769771,PER,Q3757796,Galliano Masini,"```json {""wikipedia_page"": ""Galliano Masini"", ""wikidata_id"": ""Q3757796""} ```",14.168977737426758
document_000477.html,91,97,Batris,Q963005,PER,Q1647095,Batres,"```json {""wikipedia_page"":""Batres"", ""wikidata_id"":""Q1647095""} ```",9.334754943847656
document_000477.html,139,144,Faust,NIL,MISC,Q745951,Faust,"```json {""wikipedia_page"": ""Faust"", ""wikidata_id"": ""Q745951""} ```",16.01663589477539
document_000477.html,145,160,Doria di Genova,Q83471820,LOC,Q1528913,Società Ginnastica Andrea Doria,"```json {""wikipedia_page"":""Società Ginnastica Andrea Doria"", ""wikidata_id"":""Q1528913""} ```",15.42470645904541
document_000478.html,34,41,Signore,NIL,PER,Q2366336,signore,"```json {""wikipedia_page"":""signore"", ""wikidata_id"":""Q2366336""} ```",4.912506580352783
document_000478.html,74,82,Giocondu,Q748840,MISC,Q12418,La Gioconda,"```json {""wikipedia_page"":""La Gioconda"", ""wikidata_id"":""Q12418""} ```",9.485614776611328
document_000479.html,42,52,Calderazzi,Q47650427,PER,NIL,Calderazzi,"```json {""wikipedia_page"":"""", ""wikidata_id"":""NIL""} ```",0
document_000479.html,63,72,Signorini,NIL,PER,Q63679770,Agostino Signorini,,0
document_000479.html,165,170,Brogi,Q103024532,PER,Q1041919,Carlo Broggi,,0
document_000480.html,33,41,Favorite,Q467394,MISC,NIL,Favorite,"```json {""wikipedia_page"":"""", ""wikidata_id"":""NIL""} ```",0
document_000480.html,56,63,Novelli,Q5565209,PER,Q10337944,Novelli,"```json {""wikipedia_page"":""Novelli"", ""wikidata_id"":""Q10337944""} ```",11.630508422851562
document_000481.html,84,92,De \eeri,Q3766640,PER,NIL,De \eeri,"```json {""wikipedia_page"":"""",""wikidata_id"":""NIL""} ```",0
document_000481.html,106,112,Sivori,Q3732334,PER,Q1029423,Camillo Sivori,,0
document_000481.html,125,133,Bengardi,NIL,PER,Q66817408,Berardo Berardi,"```json {""wikipedia_page"":""Berardo Berardi"", ""wikidata_id"":""Q66817408""} ```",18.388843536376953
document_000483.html,91,104,Berta Pierson,NIL,PER,Q4972467,Berta Persson,"```json { ""wikipedia_page"": ""Berta Persson"", ""wikidata_id"": ""Q4972467"" } ```",17.06618881225586
document_000486.html,115,124,Toresella,Q104384426,PER,NIL,Toresella,"```json {""wikipedia_page"":""NIL"", ""wikidata_id"":""NIL""} ```",0
document_000486.html,139,147,Giordano,NIL,PER,Q294826,Umberto Giordano,"```json {""wikipedia_page"":""Uberto Giordano"", ""wikidata_id"":""Q294826""} ```",18.38998031616211
document_000486.html,150,158,Barbieri,Q3724335,PER,Q3938595,Roberto Barbieri,,0
document_000487.html,116,137,Ida Rappini Mattiuzzi,NIL,PER,Q16564608,Ida Coppini,,0
document_000487.html,174,178,Busi,Q11904863,PER,Q16062989,Luigi Busi,,0
document_000488.html,145,155,Silvestri-,NIL,PER,Q15429953,Giuseppe Silvestri,"```json {""wikipedia_page"":""Giuseppe Silvestri"",""wikidata_id"":""Q15429953""} ```",17.95536994934082
document_000488.html,211,226,Innocenzo Barbi,NIL,PER,Q13564900,Vincent Barbi,,0
document_000489.html,174,180,Tofano,Q4461492,PER,Q982381,Sergio Tofano,"```json { ""wikipedia_page"": ""Sergio Tofano"", ""wikidata_id"": ""Q982381"" } ```",12.070106506347656
document_000490.html,86,102,Lorenzo Alberani,NIL,PER,Q3836882,Lorenzo Baroni,,0
document_000490.html,104,116,Ettore Valla,NIL,PER,Q3734022,Ettore Viola,,0
document_000490.html,118,134,Antonio Campiani,NIL,PER,Q16851817,Antonio Capellani,,0
document_000490.html,136,150,Felice ~Boghen,Q55225713,PER,Q3742162,Felice Govean,,0
document_000490.html,153,168,Francesco Corsi,NIL,PER,Q109376646,Fabrizio Corsi,,0
document_000491.html,47,62,teatro Pagliano,Q3982191,LOC,Q3981980,Teatro Flaiano,,0
document_000491.html,66,72,Olello,Q172324,MISC,Q925332,Otello,,0
document_000492.html,95,100,Gabbi,Q15057396,PER,Q11931365,Leonilde Gabbi,,0
document_000494.html,0,14,Don Chisciotte,NIL,ORG,Q944201,don Chisciotte,,0
document_000495.html,20,25,Carpi,NIL,PER,Q3072743,Fiorenzo Carpi,,0
document_000495.html,89,94,Carpi,NIL,PER,Q3072743,Fiorenzo Carpi,,0
document_000495.html,32,37,Linda,Q669382,MISC,NIL,Linda,"```json {""wikipedia_page"":""NIL"", ""wikidata_id"":""NIL""} ```",0
document_000496.html,52,57,Carpi,NIL,PER,Q3725656,Enrico Campi,"```json {""wikipedia_page"":""Enrico Campi"", ""wikidata_id"":""Q3725656""} ```",17.783721923828125
document_000496.html,245,250,Rieva,NIL,PER,Q22296181,Lino Jeva,"```json { ""wikipedia_page"": ""Lino Jeva"", ""wikidata_id"": ""Q22296181"" } ```",15.729557037353516
document_000497.html,1,16,La Perseveranza,Q3821050,ORG,NIL,La Perseveranza,"```json {""wikipedia_page"":""NIL"", ""wikidata_id"":""NIL""} ```",0
document_000497.html,118,127,Il Secolo,Q126586,ORG,Q3792935,Il Secolo,"```json {""wikipedia_page"":""Il Secolo"", ""wikidata_id"":""Q3792935""} ```",20.939268112182617
document_000499.html,9,22,De Franceschi,NIL,PER,Q3796496,Ilo De Franceschi,"```json { ""wikipedia_page"": ""Ilo De Franceschi"", ""wikidata_id"": ""Q3796496"" } ```",18.29437255859375
document_000499.html,206,219,De Franceschi,NIL,PER,Q3611390,Alfredo De Franceschini,,0
document_000499.html,61,78,Patria del Friuli,NIL,ORG,Q160570,Friuli,"```json { ""wikipedia_page"": ""Friuli"", ""wikidata_id"": ""Q160570"" } ```",12.882170677185059
document_000501.html,154,167,Elena Cuceoli,NIL,PER,Q3721399,Elena Castagnoli,,0
document_000502.html,0,15,Fanny Toresella,Q104384426,PER,NIL,Fanny Toresella,"```json {""wikipedia_page"":""NIL"", ""wikidata_id"":""NIL""} ```",0
document_000503.html,41,50,Toresella,Q104384426,PER,NIL,Toresella,"```json {""wikipedia_page"":""NIL"", ""wikidata_id"":""NIL""} ```",0
document_000504.html,23,32,Toresella,Q104384426,PER,NIL,Toresella,"```json {""wikipedia_page"":""NIL"", ""wikidata_id"":""NIL""} ```",0
document_000505.html,10,19,Toresella,Q104384426,PER,NIL,Toresella,"```json {""wikipedia_page"": ""NIL"", ""wikidata_id"":""NIL""} ```",0
document_000505.html,126,134,bresella,Q104384426,PER,Q6221,Brescia,"```json {""wikipedia_page"":""Brescia"", ""wikidata_id"":""Q6221""} ```",11.395149230957031
document_000506.html,0,14,Amelia Boriani,NIL,PER,Q3050749,Eleonora Barbieri Masini,,0
document_000506.html,208,222,Amelia Boriani,NIL,PER,Q16268203,Amalia Borisi,,0
document_000506.html,36,47,teatro novo,Q3982081,LOC,Q3982084,Teatro Nuovo,,0
document_000506.html,134,138,Arte,NIL,ORG,Q735,arte,"```json {""wikipedia_page"":""arte"", ""wikidata_id"":""Q735""} ```",8.43681526184082
document_000507.html,82,91,Mirabilis,NIL,ORG,Q1108828,Mirabilia urbis Romae,"```json {""wikipedia_page"":""Mirabilia urbis Romae"", ""wikidata_id"":""Q1108828""} ```",12.932331085205078
document_000507.html,288,293,Borbe,Q3732024,PER,NIL,Borbe,"```json { ""wikipedia_page"": ""NIL"", ""wikidata_id"": ""NIL"" } ```",0
document_000507.html,350,360,seguidilla,NIL,MISC,Q1973457,seguidilla,"```json { ""wikipedia_page"": ""seguidilla"", ""wikidata_id"": ""Q1973457"" } ```",12.480905532836914
document_000507.html,361,372,dt Siviglia,NIL,MISC,Q8717,Siviglia,"```json {""wikipedia_page"":""Siviglia"", ""wikidata_id"":""Q8717""} ```",10.455585479736328
document_000509.html,106,112,Boasso,NIL,PER,Q5995733,Marcello Boasso,"```json {""wikipedia_page"":""Marcello Boasso"", ""wikidata_id"":""Q5995733""} ```",10.85917854309082
document_000510.html,64,91,Politeama Regina Margherita,Q83471820,LOC,Q1478356,teatro Politeama Garibaldi,,0
document_000511.html,3,10,Caffaro,Q17632799,ORG,NIL,Caffaro,"```json {""wikipedia_page"":"""", ""wikidata_id"":""NIL""} ```",0
document_000511.html,49,74,Giuseppina MusianiRizzoni,NIL,PER,Q3771692,Giuseppina Pizzigoni,,0
document_000512.html,3,21,Gazzetta di Genova,NIL,ORG,Q3759105,Gazzetta di Venezia,,0
document_000512.html,23,28,Epoca,NIL,ORG,Q3818003,L'Epoca,"```json {""wikipedia_page"":""L'Epoca"", ""wikidata_id"":""Q3818003""} ```",16.880563735961914
document_000513.html,18,23,Patti,Q234166,PER,NIL,Patti,"```json { ""wikipedia_page"": ""NIL"", ""wikidata_id"": ""NIL"" } ```",0
document_000513.html,25,31,Stagno,Q468958,PER,Q3968021,Stagno d'Alcontres,"```json {""wikipedia_page"":""Stagno d'Alcontres"", ""wikidata_id"":""Q3968021""} ```",14.284223556518555
document_000513.html,123,131,Pogliani,NIL,PER,Q64432799,Luigi Pogliani,,0
document_000514.html,123,130,Torrigi,NIL,PER,Q3746664,Flora Torrigiani,"```json { ""wikipedia_page"": ""Flora Torrigiani"", ""wikidata_id"": ""Q3746664"" } ```",17.348941802978516
document_000515.html,58,67,Rebuffini,NIL,PER,Q3085919,François Jean-Baptiste Topino-Lebrun,,0
document_000515.html,104,119,Flora Mirabilis,NIL,ORG,Q21998503,Flora mirabilis,,0
document_000518.html,32,44,Mariano Neri,NIL,PER,Q1112761,Maino Neri,,0
document_000518.html,109,131,Margherita Delle Sedie,NIL,PER,Q61199854,Margherita Del Sesto,,0
document_000520.html,17,31,Capitale russa,Q656,LOC,Q649,Mosca,"```json {""wikipedia_page"":""Mosca"", ""wikidata_id"":""Q649""} ```",18.955303192138672
document_000520.html,93,101,Pogliani,NIL,PER,Q64432799,Luigi Pogliani,,0
document_000521.html,16,27,Bellincioni,Q289629,PER,NIL,Bellincioni,"```json {""wikipedia_page"":""NIL"", ""wikidata_id"":""NIL""} ```",0
document_000521.html,39,45,Vigley,NIL,PER,Q22397,Vigy,"```json {""wikipedia_page"":""Vigy"", ""wikidata_id"":""Q22397""} ```",12.944658279418945
document_000521.html,132,138,Agnila,Q3476,LOC,NIL,Agnila,"```json {""wikidata_id"":""NIL"", ""wikipedia_page"":""""} ```",0
document_000522.html,76,81,Lucia,Q244209,MISC,Q1160640,Lucia,"```json {""wikipedia_page"": ""Lucia"", ""wikidata_id"": ""Q1160640""} ```",7.963398456573486
document_000522.html,181,206,Municipale di Alessandria,NIL,LOC,Q16586419,Palazzo del Municipio,"```json {""wikipedia_page"": ""Palazzo del Municipio"", ""wikidata_id"": ""Q16586419""} ```",14.883443832397461
document_000523.html,103,118,Elisa Mattiuzzi,NIL,PER,Q80112900,Vincenza Giulia Masotti,,0
document_000523.html,183,189,Hmilia,NIL,PER,Q426071,Emilia di Liverpool,"```json {""wikipedia_page"":""Emilia di Liverpool"", ""wikidata_id"":""Q426071""} ```",13.277251243591309
document_000524.html,13,19,Ravogl,Q75981316,PER,NIL,Ravogl,"```json {""wikipedia_page"":""NIL"", ""wikidata_id"":""NIL""} ```",0
document_000524.html,81,88,Carinen,Q185968,MISC,Q854843,Kamarina,"```json {""wikipedia_page"":""Kamarina"", ""wikidata_id"":""Q854843""} ```",8.283275604248047
document_000524.html,120,127,Manzoni,Q3982043,LOC,Q1064,Alessandro Manzoni,"```json { ""wikipedia_page"": ""Alessandro Manzoni"", ""wikidata_id"": ""Q1064"" } ```",15.969023704528809
document_000524.html,155,169,Regina di Saba,Q1314372,MISC,Q159888,Regina di Saba,"```json {""wikipedia_page"":""Regina di Saba"", ""wikidata_id"":""Q159888""} ```",10.83886432647705
document_000524.html,178,184,Borgia,Q685501,MISC,Q834868,I Borgia,"```json { ""wikipedia_page"": ""I Borgia"", ""wikidata_id"": ""Q834868"" } ```",12.697183609008789
document_000524.html,213,224,Bellincioni,Q289629,PER,NIL,Bellincioni,"```json {""wikipedia_page"": ""NIL"", ""wikidata_id"": ""NIL""} ```",0
document_000525.html,2,13,Pletroburgo,Q656,LOC,Q5542,Plettenberg,"```json {""wikipedia_page"":""Plettenberg"", ""wikidata_id"":""Q5542""} ```",13.007647514343262
document_000525.html,60,68,Pogliani,NIL,PER,Q98529022,Giuseppe Pogliani,,0
document_000525.html,93,103,Lina Cerne,NIL,PER,Q9022671,Lina Bruna Rasa,,0
document_000526.html,109,116,Favotti,NIL,PER,Q56308459,Fabio Favilli,"```json {""wikipedia_page"":""Fabio Favilli"", ""wikidata_id"":""Q56308459""} ```",17.638166427612305
document_000528.html,80,85,Carpi,NIL,PER,Q3072743,Fiorenzo Carpi,"```json {""wikipedia_page"":""Fiorenzo Carpi"", ""wikidata_id"":""Q3072743""} ```",20.302875518798828
document_000529.html,4,13,Argentina,Q588377,LOC,Q414,Argentina,"```json {""wikipedia_page"":""Argentina"", ""wikidata_id"":""Q414""} ```",16.066720962524414
document_000529.html,93,98,Gnone,NIL,PER,Q3992777,Tommaso Gnone,"```json {""wikipedia_page"":""Tommaso Gnone"", ""wikidata_id"":""Q3992777""} ```",9.983050346374512
document_000530.html,51,56,Gomes,Q1635210,PER,Q263855,Antônio Carlos Gomes,,0
document_000530.html,92,101,Carmosina,NIL,MISC,Q105297413,Carmosina,,0
document_000530.html,131,145,Alfredo Zonghi,NIL,PER,Q3840270,Luigi Zonghi,,0
document_000530.html,163,177,Tile barotlint,NIL,PER,Q7812280,Todd Bolender,,0
document_000532.html,52,70,Municipio di Fermo,NIL,LOC,Q13139,Fermo,,0
